HERCULES is running
Intialising 
	 Reading input file 
	 Run name: Earth_correct_params_S3.20c_L3.325_N100_Nm1000_k6_f121_p10_l1_0_1.5
	 Input file read successful
	 Initialisation by reading start file ../../Earth_correct_params_S3.20c/Earth_correct_params_S3.20c_AM3.3/Output/Earth_correct_params_S3.20c_L3.3_N100_Nm1000_k6_f121_p10_l1_0_1.5_final
	 Initialisation complete
Itterating
	 Main Itteration # 	 convergence 	 a 	 aspect 	 ellipticity 	 l 	 omega_rot 	 Mass error 	 AM error 
		 Mass/AM Itteration # 	 convergence 	 p_core 	 a 	 omega_rot 	 edge corot 	 AM error 
	 	 	1	1	2.54563e+11	9.77074e+06	0.000749583	0	0
	 	 	2	0.00779807	2.52593e+11	9.77693e+06	0.000749538	0	2.2003e-15
	 	 	3	0.00486072	2.51371e+11	9.78642e+06	0.000746772	0	-2.67179e-15
	 	 	4	0.00156098	2.51764e+11	9.78275e+06	0.000747336	0	-1.57164e-16
	 	 	5	0.000389997	2.51863e+11	9.78241e+06	0.000747426	0	6.28656e-16
	 	 	6	0.000120716	2.51893e+11	9.78243e+06	0.000747431	0	-1.57164e-16
	 	 	7	3.71562e-05	2.51902e+11	9.78244e+06	0.00074743	0	6.28656e-16
	 	 	8	9.76763e-06	2.51905e+11	9.78245e+06	0.00074743	0	3.14328e-16
	 	 	9	2.13399e-06	2.51905e+11	9.78245e+06	0.00074743	0	6.28656e-16
	 	 	10	3.90893e-07	2.51906e+11	9.78245e+06	0.00074743	0	-2.35746e-15
	 	 	11	6.06963e-08	2.51906e+11	9.78245e+06	0.00074743	0	-4.71492e-16
	 	 	12	8.04672e-09	2.51906e+11	9.78245e+06	0.00074743	0	2.67179e-15
	 1	0.000788462	9.78245e+06	0.428946	0.90333	2.10593	0.00074743	-1.79787e-16	2.67179e-15
		 Mass/AM Itteration # 	 convergence 	 p_core 	 a 	 omega_rot 	 edge corot 	 AM error 
	 	 	1	1	2.5101e+11	9.82003e+06	0.000752859	1	1.25731e-15
	 	 	2	0.00808841	2.48996e+11	9.84452e+06	0.000746456	1	6.28656e-16
	 	 	3	0.00437545	2.5009e+11	9.84897e+06	0.000743162	1	1.41448e-15
	 	 	4	0.00794436	2.52093e+11	9.83924e+06	0.000744933	0	2.04313e-15
	 	 	5	0.00213467	2.52632e+11	9.83856e+06	0.000745158	0	-1.10015e-15
	 	 	6	0.000608649	2.52786e+11	9.83868e+06	0.000745166	0	1.10015e-15
	 	 	7	0.000162805	2.52827e+11	9.83873e+06	0.000745161	0	0
	 	 	8	3.82437e-05	2.52837e+11	9.83874e+06	0.00074516	0	-1.57164e-16
	 	 	9	7.71991e-06	2.52839e+11	9.83874e+06	0.00074516	0	3.14328e-16
	 	 	10	1.33686e-06	2.52839e+11	9.83874e+06	0.00074516	0	1.41448e-15
	 	 	11	1.99137e-07	2.52839e+11	9.83874e+06	0.00074516	0	1.57164e-15
	 	 	12	2.56252e-08	2.52839e+11	9.83874e+06	0.00074516	0	1.57164e-15
	 	 	13	2.8971e-09	2.52839e+11	9.83874e+06	0.00074516	0	-6.28656e-16
	 2	0.00173064	9.83874e+06	0.425585	0.904919	2.1263	0.00074516	1.79787e-16	-6.28656e-16
		 Mass/AM Itteration # 	 convergence 	 p_core 	 a 	 omega_rot 	 edge corot 	 AM error 
	 	 	1	1	2.52557e+11	9.8583e+06	0.000751705	1	-1.88597e-15
	 	 	2	0.00950598	2.50179e+11	9.88135e+06	0.000746045	2	-2.51463e-15
	 	 	3	0.00252943	2.50813e+11	9.88594e+06	0.000743176	1	-3.14328e-16
	 	 	4	0.00632516	2.5241e+11	9.87754e+06	0.000744635	1	9.42985e-16
	 	 	5	0.00169371	2.52838e+11	9.87701e+06	0.000744826	1	-1.57164e-16
	 	 	6	0.000484827	2.52961e+11	9.87711e+06	0.00074483	1	-9.42985e-16
	 	 	7	0.000131272	2.52994e+11	9.87715e+06	0.000744827	1	-2.35746e-15
	 	 	8	3.1014e-05	2.53002e+11	9.87716e+06	0.000744826	1	2.82895e-15
	 	 	9	6.25627e-06	2.53003e+11	9.87716e+06	0.000744825	1	1.25731e-15
	 	 	10	1.07822e-06	2.53004e+11	9.87716e+06	0.000744825	1	-1.41448e-15
	 	 	11	1.59487e-07	2.53004e+11	9.87716e+06	0.000744825	1	2.2003e-15
	 	 	12	2.03577e-08	2.53004e+11	9.87716e+06	0.000744825	1	6.28656e-16
	 	 	13	2.28127e-09	2.53004e+11	9.87716e+06	0.000744825	1	-1.57164e-15
	 3	0.000591867	9.87716e+06	0.423917	0.905701	2.1365	0.000744825	0	-1.57164e-15
		 Mass/AM Itteration # 	 convergence 	 p_core 	 a 	 omega_rot 	 edge corot 	 AM error 
	 	 	1	1	2.52795e+11	9.89473e+06	0.000750807	1	-1.57164e-16
	 	 	2	0.00874859	2.50603e+11	9.91568e+06	0.000745747	2	-7.85821e-16
	 	 	3	0.00218713	2.51152e+11	9.91959e+06	0.000743151	1	-1.88597e-15
	 	 	4	0.00565033	2.52579e+11	9.91209e+06	0.00074446	1	4.71492e-16
	 	 	5	0.00150852	2.52961e+11	9.91164e+06	0.000744627	1	7.85821e-16
	 	 	6	0.000432042	2.5307e+11	9.91174e+06	0.00074463	1	-2.04313e-15
	 	 	7	0.000116954	2.531e+11	9.91178e+06	0.000744627	1	-1.88597e-15
	 	 	8	2.75705e-05	2.53107e+11	9.91179e+06	0.000744626	1	-1.41448e-15
	 	 	9	5.53611e-06	2.53108e+11	9.91179e+06	0.000744626	1	1.10015e-15
	 	 	10	9.4696e-07	2.53108e+11	9.91179e+06	0.000744626	1	1.57164e-16
	 	 	11	1.38513e-07	2.53108e+11	9.91179e+06	0.000744626	1	1.25731e-15
	 	 	12	1.74123e-08	2.53108e+11	9.91179e+06	0.000744626	1	3.14328e-16
	 	 	13	1.91853e-09	2.53108e+11	9.91179e+06	0.000744626	1	1.57164e-16
	 4	0.000480576	9.91179e+06	0.422434	0.906394	2.14565	0.000744626	0	1.57164e-16
		 Mass/AM Itteration # 	 convergence 	 p_core 	 a 	 omega_rot 	 edge corot 	 AM error 
	 	 	1	1	2.52918e+11	9.92805e+06	0.000750086	2	6.28656e-16
	 	 	2	0.00796503	2.50919e+11	9.94709e+06	0.000745433	2	1.41448e-15
	 	 	3	0.00205134	2.51435e+11	9.95055e+06	0.000743104	2	1.57164e-15
	 	 	4	0.00510735	2.52726e+11	9.94385e+06	0.000744282	2	2.04313e-15
	 	 	5	0.00136322	2.53071e+11	9.94346e+06	0.000744432	2	0
	 	 	6	0.000390835	2.5317e+11	9.94355e+06	0.000744435	2	3.14328e-16
	 	 	7	0.000105663	2.53197e+11	9.94358e+06	0.000744432	2	-2.2003e-15
	 	 	8	2.48735e-05	2.53203e+11	9.94358e+06	0.000744431	2	-2.51463e-15
	 	 	9	4.99567e-06	2.53204e+11	9.94359e+06	0.000744431	2	1.10015e-15
	 	 	10	8.57036e-07	2.53204e+11	9.94359e+06	0.000744431	2	6.28656e-16
	 	 	11	1.26193e-07	2.53204e+11	9.94359e+06	0.000744431	2	1.41448e-15
	 	 	12	1.60402e-08	2.53204e+11	9.94359e+06	0.000744431	2	9.42985e-16
	 	 	13	1.79252e-09	2.53204e+11	9.94359e+06	0.000744431	2	6.28656e-16
	 5	0.000445121	9.94359e+06	0.42107	0.907028	2.1541	0.000744431	-3.59574e-16	6.28656e-16
		 Mass/AM Itteration # 	 convergence 	 p_core 	 a 	 omega_rot 	 edge corot 	 AM error 
	 	 	1	1	2.53038e+11	9.9587e+06	0.000749594	2	-1.10015e-15
	 	 	2	0.0075077	2.51152e+11	9.97659e+06	0.000745247	3	-1.72881e-15
	 	 	3	0.00185355	2.51619e+11	9.97989e+06	0.000743096	2	1.72881e-15
	 	 	4	0.00474108	2.52817e+11	9.9735e+06	0.000744199	2	-2.51463e-15
	 	 	5	0.00126532	2.53138e+11	9.97311e+06	0.000744342	2	4.71492e-16
	 	 	6	0.000362446	2.53229e+11	9.97319e+06	0.000744345	2	-2.67179e-15
	 	 	7	9.82231e-05	2.53254e+11	9.97322e+06	0.000744342	2	2.35746e-15
	 	 	8	2.31977e-05	2.5326e+11	9.97323e+06	0.000744341	2	-1.88597e-15
	 	 	9	4.66983e-06	2.53261e+11	9.97323e+06	0.000744341	2	-9.42985e-16
	 	 	10	8.01486e-07	2.53261e+11	9.97323e+06	0.000744341	2	-1.10015e-15
	 	 	11	1.17775e-07	2.53262e+11	9.97323e+06	0.000744341	2	1.57164e-16
	 	 	12	1.48981e-08	2.53262e+11	9.97323e+06	0.000744341	2	4.71492e-16
	 	 	13	1.65415e-09	2.53262e+11	9.97323e+06	0.000744341	2	2.2003e-15
	 6	0.000366607	9.97323e+06	0.419827	0.907604	2.16185	0.000744341	3.59574e-16	2.2003e-15
		 Mass/AM Itteration # 	 convergence 	 p_core 	 a 	 omega_rot 	 edge corot 	 AM error 
	 	 	1	1	2.53089e+11	9.98748e+06	0.000748971	2	9.42985e-16
	 	 	2	0.00679102	2.51382e+11	1.00039e+07	0.000745018	3	1.25731e-15
	 	 	3	0.00175037	2.51822e+11	1.00067e+07	0.000743026	3	-1.72881e-15
	 	 	4	0.0043645	2.52926e+11	1.0001e+07	0.000744044	2	-7.85821e-16
	 	 	5	0.00116771	2.53222e+11	1.00006e+07	0.000744175	2	-6.28656e-16
	 	 	6	0.000335271	2.53307e+11	1.00007e+07	0.000744179	2	-1.41448e-15
	 	 	7	9.0556e-05	2.5333e+11	1.00007e+07	0.000744176	2	1.25731e-15
	 	 	8	2.13978e-05	2.53335e+11	1.00007e+07	0.000744176	2	0
	 	 	9	4.32668e-06	2.53336e+11	1.00007e+07	0.000744175	2	-1.57164e-15
	 	 	10	7.48113e-07	2.53336e+11	1.00007e+07	0.000744175	2	-1.10015e-15
	 	 	11	1.1105e-07	2.53336e+11	1.00007e+07	0.000744175	2	-1.88597e-15
	 	 	12	1.42404e-08	2.53336e+11	1.00007e+07	0.000744175	2	-1.57164e-15
	 	 	13	1.61146e-09	2.53336e+11	1.00007e+07	0.000744175	2	1.25731e-15
	 7	0.000374553	1.00007e+07	0.418648	0.908149	2.16924	0.000744175	-1.79787e-16	1.25731e-15
		 Mass/AM Itteration # 	 convergence 	 p_core 	 a 	 omega_rot 	 edge corot 	 AM error 
	 	 	1	1	2.53182e+11	1.00141e+07	0.000748569	3	-2.98612e-15
	 	 	2	0.00634636	2.51585e+11	1.00293e+07	0.000744857	3	1.57164e-15
	 	 	3	0.00164095	2.51998e+11	1.00318e+07	0.000743057	3	-1.57164e-15
	 	 	4	0.00399529	2.53009e+11	1.00265e+07	0.000743982	3	1.41448e-15
	 	 	5	0.00106541	2.53279e+11	1.00262e+07	0.000744099	3	1.72881e-15
	 	 	6	0.000305402	2.53356e+11	1.00263e+07	0.000744101	3	3.14328e-16
	 	 	7	8.25643e-05	2.53377e+11	1.00263e+07	0.000744099	3	-7.85821e-16
	 	 	8	1.94303e-05	2.53382e+11	1.00263e+07	0.000744098	3	1.41448e-15
	 	 	9	3.89954e-06	2.53383e+11	1.00263e+07	0.000744098	3	-1.88597e-15
	 	 	10	6.68099e-07	2.53383e+11	1.00263e+07	0.000744098	3	4.71492e-16
	 	 	11	9.81767e-08	2.53383e+11	1.00263e+07	0.000744098	3	0
	 	 	12	1.24475e-08	2.53383e+11	1.00263e+07	0.000744098	3	1.41448e-15
	 	 	13	1.38833e-09	2.53383e+11	1.00263e+07	0.000744098	3	-6.28656e-16
	 8	0.000314292	1.00263e+07	0.417575	0.908642	2.176	0.000744098	3.59574e-16	-6.28656e-16
		 Mass/AM Itteration # 	 convergence 	 p_core 	 a 	 omega_rot 	 edge corot 	 AM error 
	 	 	1	1	2.53231e+11	1.0039e+07	0.00074817	3	-6.28656e-16
	 	 	2	0.00588818	2.51749e+11	1.00532e+07	0.000744692	4	7.85821e-16
	 	 	3	0.00153053	2.52135e+11	1.00557e+07	0.00074304	3	1.57164e-16
	 	 	4	0.0037276	2.53078e+11	1.00506e+07	0.000743908	3	0
	 	 	5	0.000995745	2.53331e+11	1.00503e+07	0.000744022	3	-2.2003e-15
	 	 	6	0.000284884	2.53403e+11	1.00503e+07	0.000744024	3	-1.57164e-16
	 	 	7	7.71914e-05	2.53422e+11	1.00503e+07	0.000744022	3	-1.57164e-15
	 	 	8	1.82427e-05	2.53427e+11	1.00504e+07	0.000744021	3	-1.72881e-15
	 	 	9	3.67585e-06	2.53428e+11	1.00504e+07	0.000744021	3	-6.28656e-16
	 	 	10	6.31503e-07	2.53428e+11	1.00504e+07	0.000744021	3	-7.85821e-16
	 	 	11	9.28857e-08	2.53428e+11	1.00504e+07	0.000744021	3	-2.04313e-15
	 	 	12	1.17626e-08	2.53428e+11	1.00504e+07	0.000744021	3	-4.71492e-16
	 	 	13	1.30832e-09	2.53428e+11	1.00504e+07	0.000744021	3	-9.42985e-16
	 9	0.000290989	1.00504e+07	0.416562	0.909107	2.18241	0.000744021	1.79787e-16	-9.42985e-16
		 Mass/AM Itteration # 	 convergence 	 p_core 	 a 	 omega_rot 	 edge corot 	 AM error 
	 	 	1	1	2.53278e+11	1.00621e+07	0.0007477	3	1.57164e-16
	 	 	2	0.00535101	2.5193e+11	1.00752e+07	0.000744537	4	2.2003e-15
	 	 	3	0.00142872	2.5229e+11	1.00773e+07	0.000743012	3	1.10015e-15
	 	 	4	0.00342929	2.53158e+11	1.00727e+07	0.000743809	3	-1.57164e-16
	 	 	5	0.000913641	2.5339e+11	1.00724e+07	0.000743911	3	0
	 	 	6	0.000261412	2.53456e+11	1.00725e+07	0.000743912	3	-1.10015e-15
	 	 	7	7.07015e-05	2.53474e+11	1.00725e+07	0.00074391	3	-1.72881e-15
	 	 	8	1.66445e-05	2.53478e+11	1.00725e+07	0.00074391	3	2.2003e-15
	 	 	9	3.3348e-06	2.53479e+11	1.00725e+07	0.00074391	3	6.28656e-16
	 	 	10	5.68507e-07	2.53479e+11	1.00725e+07	0.00074391	3	1.10015e-15
	 	 	11	8.27657e-08	2.53479e+11	1.00725e+07	0.00074391	3	1.88597e-15
	 	 	12	1.03451e-08	2.53479e+11	1.00725e+07	0.00074391	3	-4.71492e-16
	 	 	13	1.13524e-09	2.53479e+11	1.00725e+07	0.00074391	3	1.57164e-16
	 10	0.000285996	1.00725e+07	0.415615	0.909541	2.18842	0.00074391	-1.79787e-16	1.57164e-16
		 Mass/AM Itteration # 	 convergence 	 p_core 	 a 	 omega_rot 	 edge corot 	 AM error 
	 	 	1	1	2.53342e+11	1.00835e+07	0.00074737	4	2.04313e-15
	 	 	2	0.00497427	2.52088e+11	1.00956e+07	0.000744418	4	1.72881e-15
	 	 	3	0.00133664	2.52425e+11	1.00975e+07	0.000743024	4	-7.85821e-16
	 	 	4	0.00313431	2.53219e+11	1.00934e+07	0.000743749	4	-1.10015e-15
	 	 	5	0.000835368	2.53431e+11	1.00931e+07	0.00074384	4	-1.41448e-15
	 	 	6	0.000239558	2.53491e+11	1.00932e+07	0.000743842	4	-1.41448e-15
	 	 	7	6.47168e-05	2.53508e+11	1.00932e+07	0.00074384	4	3.14328e-16
	 	 	8	1.52092e-05	2.53512e+11	1.00932e+07	0.00074384	4	-1.25731e-15
	 	 	9	3.04988e-06	2.53512e+11	1.00932e+07	0.00074384	4	-2.67179e-15
	 	 	10	5.23086e-07	2.53513e+11	1.00932e+07	0.00074384	4	-1.25731e-15
	 	 	11	7.7227e-08	2.53513e+11	1.00932e+07	0.00074384	4	1.10015e-15
	 	 	12	9.89792e-09	2.53513e+11	1.00932e+07	0.00074384	4	-1.88597e-15
	 11	0.000252682	1.00932e+07	0.414751	0.909935	2.19393	0.00074384	1.79787e-16	-1.88597e-15
		 Mass/AM Itteration # 	 convergence 	 p_core 	 a 	 omega_rot 	 edge corot 	 AM error 
	 	 	1	1	2.53384e+11	1.01038e+07	0.00074718	4	1.57164e-15
	 	 	2	0.00477112	2.52181e+11	1.01153e+07	0.000744367	4	-2.51463e-15
	 	 	3	0.00126183	2.525e+11	1.01171e+07	0.000743051	4	-4.71492e-16
	 	 	4	0.00297093	2.53252e+11	1.01131e+07	0.000743741	4	2.35746e-15
	 	 	5	0.000792165	2.53453e+11	1.01129e+07	0.000743828	4	9.42985e-16
	 	 	6	0.000227022	2.5351e+11	1.01129e+07	0.000743829	4	4.71492e-15
	 	 	7	6.13727e-05	2.53526e+11	1.01129e+07	0.000743828	4	7.85821e-16
	 	 	8	1.44369e-05	2.5353e+11	1.01129e+07	0.000743827	4	-4.71492e-16
	 	 	9	2.8954e-06	2.5353e+11	1.01129e+07	0.000743827	4	-4.71492e-16
	 	 	10	4.95898e-07	2.53531e+11	1.01129e+07	0.000743827	4	-1.57164e-16
	 	 	11	7.2952e-08	2.53531e+11	1.01129e+07	0.000743827	4	5.02925e-15
	 	 	12	9.29081e-09	2.53531e+11	1.01129e+07	0.000743827	4	6.28656e-16
	 12	0.000213235	1.01129e+07	0.413936	0.910306	2.19915	0.000743827	0	6.28656e-16
		 Mass/AM Itteration # 	 convergence 	 p_core 	 a 	 omega_rot 	 edge corot 	 AM error 
	 	 	1	1	2.53398e+11	1.0123e+07	0.000746875	4	4.24343e-15
	 	 	2	0.00437697	2.52294e+11	1.01337e+07	0.000744263	4	7.85821e-16
	 	 	3	0.0012035	2.52598e+11	1.01353e+07	0.000743043	4	1.88597e-15
	 	 	4	0.0027786	2.53302e+11	1.01316e+07	0.000743688	4	3.14328e-16
	 	 	5	0.000740706	2.5349e+11	1.01314e+07	0.000743769	4	-1.41448e-15
	 	 	6	0.000211936	2.53543e+11	1.01314e+07	0.000743771	4	-4.71492e-16
	 	 	7	5.72556e-05	2.53558e+11	1.01315e+07	0.000743769	4	7.85821e-16
	 	 	8	1.34628e-05	2.53561e+11	1.01315e+07	0.000743768	4	3.14328e-16
	 	 	9	2.69563e-06	2.53562e+11	1.01315e+07	0.000743768	4	1.57164e-15
	 	 	10	4.59664e-07	2.53562e+11	1.01315e+07	0.000743768	4	1.25731e-15
	 	 	11	6.70095e-08	2.53562e+11	1.01315e+07	0.000743768	4	-1.41448e-15
	 	 	12	8.39549e-09	2.53562e+11	1.01315e+07	0.000743768	4	1.72881e-15
	 13	0.000218695	1.01315e+07	0.41315	0.910663	2.2042	0.000743768	0	1.72881e-15
		 Mass/AM Itteration # 	 convergence 	 p_core 	 a 	 omega_rot 	 edge corot 	 AM error 
	 	 	1	1	2.53437e+11	1.01408e+07	0.000746547	4	1.10015e-15
	 	 	2	0.00400735	2.52425e+11	1.01507e+07	0.000744138	5	-3.14328e-16
	 	 	3	0.00110544	2.52704e+11	1.01522e+07	0.000743022	4	2.98612e-15
	 	 	4	0.00256626	2.53355e+11	1.01487e+07	0.000743619	4	2.35746e-15
	 	 	5	0.000684767	2.53528e+11	1.01485e+07	0.000743697	4	-1.41448e-15
	 	 	6	0.000195615	2.53578e+11	1.01486e+07	0.000743698	4	2.2003e-15
	 	 	7	5.29276e-05	2.53591e+11	1.01486e+07	0.000743696	4	1.72881e-15
	 	 	8	1.24832e-05	2.53594e+11	1.01486e+07	0.000743696	4	-4.71492e-16
	 	 	9	2.50681e-06	2.53595e+11	1.01486e+07	0.000743696	4	-2.35746e-15
	 	 	10	4.28307e-07	2.53595e+11	1.01486e+07	0.000743696	4	-1.57164e-16
	 	 	11	6.24688e-08	2.53595e+11	1.01486e+07	0.000743696	4	0
	 	 	12	7.81551e-09	2.53595e+11	1.01486e+07	0.000743696	4	-2.67179e-15
	 14	0.000210161	1.01486e+07	0.412425	0.910992	2.20887	0.000743696	0	-2.67179e-15
		 Mass/AM Itteration # 	 convergence 	 p_core 	 a 	 omega_rot 	 edge corot 	 AM error 
	 	 	1	1	2.5348e+11	1.01573e+07	0.000746301	4	-9.42985e-16
	 	 	2	0.003761	2.52531e+11	1.01703e+07	0.000742698	5	-1.88597e-15
	 	 	3	0.00314455	2.53327e+11	1.0165e+07	0.000743524	4	7.85821e-16
	 	 	4	0.000812327	2.53533e+11	1.01645e+07	0.000743649	4	-4.71492e-16
	 	 	5	0.000232079	2.53592e+11	1.01645e+07	0.000743656	4	6.28656e-16
	 	 	6	6.49442e-05	2.53608e+11	1.01645e+07	0.000743655	4	-9.42985e-16
	 	 	7	1.60492e-05	2.53613e+11	1.01646e+07	0.000743654	4	3.61477e-15
	 	 	8	3.37728e-06	2.53613e+11	1.01646e+07	0.000743654	4	-3.14328e-16
	 	 	9	6.02868e-07	2.53614e+11	1.01646e+07	0.000743654	4	-9.42985e-16
	 	 	10	9.15945e-08	2.53614e+11	1.01646e+07	0.000743654	4	-6.28656e-16
	 	 	11	1.18938e-08	2.53614e+11	1.01646e+07	0.000743654	4	-1.57164e-15
	 	 	12	1.33998e-09	2.53614e+11	1.01646e+07	0.000743654	4	-6.28656e-16
	 15	0.000233238	1.01646e+07	0.41176	0.911292	2.21316	0.000743654	0	-6.28656e-16
		 Mass/AM Itteration # 	 convergence 	 p_core 	 a 	 omega_rot 	 edge corot 	 AM error 
	 	 	1	1	2.53505e+11	1.01709e+07	0.000747078	5	3.45761e-15
	 	 	2	0.00498096	2.52249e+11	1.01828e+07	0.00074415	5	7.85821e-16
	 	 	3	0.00133644	2.52587e+11	1.01844e+07	0.00074287	5	-2.51463e-15
	 	 	4	0.00297844	2.53341e+11	1.01804e+07	0.000743562	5	-1.57164e-16
	 	 	5	0.000795141	2.53543e+11	1.01802e+07	0.000743648	5	3.14328e-16
	 	 	6	0.000228121	2.53601e+11	1.01803e+07	0.000743649	5	1.57164e-16
	 	 	7	6.16209e-05	2.53616e+11	1.01803e+07	0.000743648	5	-7.85821e-16
	 	 	8	1.4474e-05	2.5362e+11	1.01803e+07	0.000743647	5	1.72881e-15
	 	 	9	2.89882e-06	2.53621e+11	1.01803e+07	0.000743647	5	2.82895e-15
	 	 	10	4.95967e-07	2.53621e+11	1.01803e+07	0.000743647	5	0
	 	 	11	7.29144e-08	2.53621e+11	1.01803e+07	0.000743647	5	1.41448e-15
	 	 	12	9.28251e-09	2.53621e+11	1.01803e+07	0.000743647	5	-2.67179e-15
	 16	0.000127327	1.01803e+07	0.411129	0.911577	2.21725	0.000743647	0	-2.67179e-15
		 Mass/AM Itteration # 	 convergence 	 p_core 	 a 	 omega_rot 	 edge corot 	 AM error 
	 	 	1	1	2.53515e+11	1.01883e+07	0.000746222	5	2.35746e-15
	 	 	2	0.00365757	2.52591e+11	1.02007e+07	0.00074275	5	2.04313e-15
	 	 	3	0.00301064	2.53354e+11	1.01956e+07	0.000743541	5	-1.10015e-15
	 	 	4	0.000772737	2.5355e+11	1.01952e+07	0.000743659	5	-2.67179e-15
	 	 	5	0.000221181	2.53606e+11	1.01952e+07	0.000743665	5	9.42985e-16
	 	 	6	6.20566e-05	2.53621e+11	1.01953e+07	0.000743663	5	1.41448e-15
	 	 	7	1.52837e-05	2.53625e+11	1.01953e+07	0.000743662	5	-1.10015e-15
	 	 	8	3.19746e-06	2.53626e+11	1.01953e+07	0.000743662	5	-1.10015e-15
	 	 	9	5.67968e-07	2.53626e+11	1.01953e+07	0.000743662	5	1.57164e-16
	 	 	10	8.61743e-08	2.53626e+11	1.01953e+07	0.000743662	5	7.85821e-16
	 	 	11	1.12435e-08	2.53626e+11	1.01953e+07	0.000743662	5	-4.71492e-16
	 	 	12	1.28292e-09	2.53626e+11	1.01953e+07	0.000743662	5	-1.88597e-15
	 17	0.000184687	1.01953e+07	0.410505	0.911858	2.22131	0.000743662	5.39361e-16	-1.88597e-15
		 Mass/AM Itteration # 	 convergence 	 p_core 	 a 	 omega_rot 	 edge corot 	 AM error 
	 	 	1	1	2.53513e+11	1.02011e+07	0.000746712	5	1.57164e-15
	 	 	2	0.0044735	2.52384e+11	1.02119e+07	0.000744045	5	-1.57164e-15
	 	 	3	0.00126122	2.52703e+11	1.02133e+07	0.000742884	5	5.50074e-15
	 	 	4	0.00273981	2.53397e+11	1.02097e+07	0.00074352	5	-6.28656e-16
	 	 	5	0.000731304	2.53583e+11	1.02095e+07	0.0007436	5	6.28656e-16
	 	 	6	0.000209512	2.53636e+11	1.02095e+07	0.000743601	5	2.2003e-15
	 	 	7	5.65782e-05	2.5365e+11	1.02095e+07	0.000743599	5	-2.2003e-15
	 	 	8	1.32859e-05	2.53654e+11	1.02095e+07	0.000743599	5	-1.57164e-16
	 	 	9	2.65735e-06	2.53654e+11	1.02095e+07	0.000743599	5	-1.57164e-15
	 	 	10	4.53239e-07	2.53654e+11	1.02095e+07	0.000743599	5	0
	 	 	11	6.62665e-08	2.53655e+11	1.02095e+07	0.000743599	5	-1.10015e-15
	 	 	12	8.36759e-09	2.53655e+11	1.02095e+07	0.000743599	5	-1.10015e-15
	 18	0.000134143	1.02095e+07	0.409906	0.912128	2.22521	0.000743599	-3.59574e-16	-1.10015e-15
		 Mass/AM Itteration # 	 convergence 	 p_core 	 a 	 omega_rot 	 edge corot 	 AM error 
	 	 	1	1	2.53555e+11	1.02165e+07	0.00074576	5	-3.14328e-16
	 	 	2	0.00310123	2.52772e+11	1.02272e+07	0.000742774	5	-4.08627e-15
	 	 	3	0.00262236	2.53436e+11	1.02227e+07	0.000743461	5	-1.88597e-15
	 	 	4	0.000674257	2.53607e+11	1.02224e+07	0.000743564	5	1.41448e-15
	 	 	5	0.000192465	2.53656e+11	1.02224e+07	0.000743569	5	-1.72881e-15
	 	 	6	5.39271e-05	2.5367e+11	1.02224e+07	0.000743567	5	-2.67179e-15
	 	 	7	1.32792e-05	2.53673e+11	1.02224e+07	0.000743567	5	-1.57164e-15
	 	 	8	2.77509e-06	2.53674e+11	1.02224e+07	0.000743567	5	-1.72881e-15
	 	 	9	4.90988e-07	2.53674e+11	1.02224e+07	0.000743567	5	7.85821e-16
	 	 	10	7.38208e-08	2.53674e+11	1.02224e+07	0.000743567	5	-1.57164e-16
	 	 	11	9.46745e-09	2.53674e+11	1.02224e+07	0.000743567	5	-1.41448e-15
	 19	0.000178164	1.02224e+07	0.409361	0.912373	2.22878	0.000743567	0	-1.41448e-15
		 Mass/AM Itteration # 	 convergence 	 p_core 	 a 	 omega_rot 	 edge corot 	 AM error 
	 	 	1	1	2.53579e+11	1.02274e+07	0.000746187	5	9.42985e-16
	 	 	2	0.00386048	2.52604e+11	1.02405e+07	0.000742542	6	9.42985e-16
	 	 	3	0.00314807	2.53402e+11	1.02352e+07	0.000743385	5	-2.51463e-15
	 	 	4	0.000821153	2.5361e+11	1.02346e+07	0.000743515	5	-4.71492e-16
	 	 	5	0.000236658	2.5367e+11	1.02346e+07	0.000743525	5	-2.2003e-15
	 	 	6	6.6211e-05	2.53687e+11	1.02346e+07	0.000743523	5	3.14328e-16
	 	 	7	1.64849e-05	2.53691e+11	1.02346e+07	0.000743523	5	-3.14328e-16
	 	 	8	3.52217e-06	2.53692e+11	1.02347e+07	0.000743523	5	1.57164e-16
	 	 	9	6.42457e-07	2.53692e+11	1.02347e+07	0.000743523	5	4.71492e-16
	 	 	10	1.00372e-07	2.53692e+11	1.02347e+07	0.000743523	5	-4.71492e-16
	 	 	11	1.34982e-08	2.53692e+11	1.02347e+07	0.000743523	5	1.25731e-15
	 	 	12	1.5842e-09	2.53692e+11	1.02347e+07	0.000743523	5	0
	 20	0.000157643	1.02347e+07	0.408859	0.912598	2.23206	0.000743523	1.79787e-16	0
		 Mass/AM Itteration # 	 convergence 	 p_core 	 a 	 omega_rot 	 edge corot 	 AM error 
	 	 	1	1	2.53607e+11	1.02388e+07	0.000746306	5	2.67179e-15
	 	 	2	0.00411291	2.52568e+11	1.02526e+07	0.0007425	6	1.57164e-16
	 	 	3	0.00327046	2.53396e+11	1.02469e+07	0.000743374	5	-1.57164e-16
	 	 	4	0.000845293	2.53611e+11	1.02464e+07	0.000743507	5	-1.72881e-15
	 	 	5	0.000242577	2.53672e+11	1.02464e+07	0.000743514	5	-1.41448e-15
	 	 	6	6.81403e-05	2.5369e+11	1.02465e+07	0.000743513	5	-2.67179e-15
	 	 	7	1.68855e-05	2.53694e+11	1.02465e+07	0.000743512	5	9.42985e-16
	 	 	8	3.56063e-06	2.53695e+11	1.02465e+07	0.000743512	5	-7.85821e-16
	 	 	9	6.3667e-07	2.53695e+11	1.02465e+07	0.000743512	5	7.85821e-16
	 	 	10	9.68724e-08	2.53695e+11	1.02465e+07	0.000743512	5	1.57164e-15
	 	 	11	1.25959e-08	2.53695e+11	1.02465e+07	0.000743512	5	2.98612e-15
	 	 	12	1.42083e-09	2.53695e+11	1.02465e+07	0.000743512	5	-2.51463e-15
	 21	0.000130347	1.02465e+07	0.408388	0.912809	2.23515	0.000743512	1.79787e-16	-2.51463e-15
		 Mass/AM Itteration # 	 convergence 	 p_core 	 a 	 omega_rot 	 edge corot 	 AM error 
	 	 	1	1	2.53612e+11	1.02505e+07	0.000746394	6	6.28656e-16
	 	 	2	0.00420209	2.52551e+11	1.02644e+07	0.000742521	6	1.57164e-15
	 	 	3	0.00330639	2.53389e+11	1.02587e+07	0.000743403	6	9.42985e-16
	 	 	4	0.000847922	2.53604e+11	1.02582e+07	0.000743534	6	1.41448e-15
	 	 	5	0.00024391	2.53666e+11	1.02583e+07	0.00074354	6	-6.28656e-16
	 	 	6	6.8655e-05	2.53683e+11	1.02583e+07	0.000743538	6	-7.85821e-16
	 	 	7	1.69309e-05	2.53687e+11	1.02583e+07	0.000743538	6	-1.57164e-15
	 	 	8	3.54538e-06	2.53688e+11	1.02583e+07	0.000743537	6	-1.72881e-15
	 	 	9	6.30762e-07	2.53689e+11	1.02583e+07	0.000743537	6	1.10015e-15
	 	 	10	9.59802e-08	2.53689e+11	1.02583e+07	0.000743537	6	-9.42985e-16
	 	 	11	1.25822e-08	2.53689e+11	1.02583e+07	0.000743537	6	7.85821e-16
	 	 	12	1.44469e-09	2.53689e+11	1.02583e+07	0.000743537	6	0
	 22	0.000110634	1.02583e+07	0.40792	0.913018	2.23823	0.000743537	1.79787e-16	0
		 Mass/AM Itteration # 	 convergence 	 p_core 	 a 	 omega_rot 	 edge corot 	 AM error 
	 	 	1	1	2.53601e+11	1.02623e+07	0.000746389	6	1.41448e-15
	 	 	2	0.00416138	2.5255e+11	1.02761e+07	0.000742534	6	-2.2003e-15
	 	 	3	0.00331232	2.53389e+11	1.02704e+07	0.000743417	6	3.14328e-16
	 	 	4	0.000849543	2.53605e+11	1.02699e+07	0.000743548	6	1.72881e-15
	 	 	5	0.00024428	2.53667e+11	1.027e+07	0.000743554	6	4.71492e-16
	 	 	6	6.87559e-05	2.53684e+11	1.027e+07	0.000743552	6	6.28656e-16
	 	 	7	1.69543e-05	2.53689e+11	1.027e+07	0.000743552	6	1.25731e-15
	 	 	8	3.54841e-06	2.5369e+11	1.027e+07	0.000743552	6	-1.41448e-15
	 	 	9	6.30504e-07	2.5369e+11	1.027e+07	0.000743551	6	-1.88597e-15
	 	 	10	9.57172e-08	2.5369e+11	1.027e+07	0.000743551	6	1.25731e-15
	 	 	11	1.25008e-08	2.5369e+11	1.027e+07	0.000743551	6	-4.71492e-16
	 	 	12	1.42813e-09	2.5369e+11	1.027e+07	0.000743551	6	-4.71492e-16
	 23	0.000111082	1.027e+07	0.407445	0.91323	2.24135	0.000743551	0	-4.71492e-16
		 Mass/AM Itteration # 	 convergence 	 p_core 	 a 	 omega_rot 	 edge corot 	 AM error 
	 	 	1	1	2.536e+11	1.02738e+07	0.00074626	6	2.51463e-15
	 	 	2	0.00397586	2.52596e+11	1.02871e+07	0.000742544	6	-4.71492e-16
	 	 	3	0.00321852	2.53411e+11	1.02815e+07	0.000743402	6	1.88597e-15
	 	 	4	0.000825746	2.53621e+11	1.02811e+07	0.000743529	6	3.9291e-15
	 	 	5	0.000237304	2.53681e+11	1.02811e+07	0.000743534	6	-1.25731e-15
	 	 	6	6.67635e-05	2.53698e+11	1.02811e+07	0.000743533	6	9.42985e-16
	 	 	7	1.64553e-05	2.53702e+11	1.02811e+07	0.000743532	6	-3.45761e-15
	 	 	8	3.44097e-06	2.53703e+11	1.02811e+07	0.000743532	6	7.85821e-16
	 	 	9	6.1046e-07	2.53703e+11	1.02811e+07	0.000743532	6	-2.04313e-15
	 	 	10	9.24414e-08	2.53703e+11	1.02811e+07	0.000743532	6	-6.28656e-16
	 	 	11	1.20285e-08	2.53703e+11	1.02811e+07	0.000743532	6	-1.57164e-16
	 	 	12	1.36795e-09	2.53703e+11	1.02811e+07	0.000743532	6	-1.25731e-15
	 24	0.000117369	1.02811e+07	0.406982	0.913436	2.24441	0.000743532	1.79787e-16	-1.25731e-15
		 Mass/AM Itteration # 	 convergence 	 p_core 	 a 	 omega_rot 	 edge corot 	 AM error 
	 	 	1	1	2.53618e+11	1.02845e+07	0.000746053	6	-7.85821e-16
	 	 	2	0.00372033	2.52678e+11	1.0297e+07	0.000742564	6	9.42985e-16
	 	 	3	0.00303443	2.53447e+11	1.02918e+07	0.000743372	6	-1.25731e-15
	 	 	4	0.000778637	2.53645e+11	1.02914e+07	0.000743492	6	-2.2003e-15
	 	 	5	0.000223646	2.53702e+11	1.02914e+07	0.000743497	6	-3.14328e-16
	 	 	6	6.29145e-05	2.53717e+11	1.02914e+07	0.000743495	6	1.10015e-15
	 	 	7	1.55055e-05	2.53721e+11	1.02914e+07	0.000743495	6	9.42985e-16
	 	 	8	3.24082e-06	2.53722e+11	1.02914e+07	0.000743495	6	-1.25731e-15
	 	 	9	5.74274e-07	2.53722e+11	1.02914e+07	0.000743495	6	-9.42985e-16
	 	 	10	8.67736e-08	2.53722e+11	1.02914e+07	0.000743495	6	-1.57164e-16
	 	 	11	1.12526e-08	2.53722e+11	1.02914e+07	0.000743495	6	-1.57164e-16
	 	 	12	1.2741e-09	2.53722e+11	1.02914e+07	0.000743495	6	-2.82895e-15
	 25	0.000115427	1.02914e+07	0.406553	0.913627	2.24726	0.000743495	0	-2.82895e-15
		 Mass/AM Itteration # 	 convergence 	 p_core 	 a 	 omega_rot 	 edge corot 	 AM error 
	 	 	1	1	2.53646e+11	1.02945e+07	0.000745839	6	1.57164e-15
	 	 	2	0.00346728	2.52769e+11	1.03061e+07	0.000742595	6	1.10015e-15
	 	 	3	0.00281805	2.53484e+11	1.03012e+07	0.000743346	6	0
	 	 	4	0.000723284	2.53667e+11	1.03008e+07	0.000743458	6	7.85821e-16
	 	 	5	0.000207606	2.5372e+11	1.03009e+07	0.000743463	6	-9.42985e-16
	 	 	6	5.84129e-05	2.53735e+11	1.03009e+07	0.000743461	6	3.14328e-16
	 	 	7	1.44021e-05	2.53738e+11	1.03009e+07	0.000743461	6	7.85821e-16
	 	 	8	3.01046e-06	2.53739e+11	1.03009e+07	0.000743461	6	-2.04313e-15
	 	 	9	5.3316e-07	2.53739e+11	1.03009e+07	0.000743461	6	0
	 	 	10	8.04478e-08	2.53739e+11	1.03009e+07	0.000743461	6	1.10015e-15
	 	 	11	1.04068e-08	2.53739e+11	1.03009e+07	0.000743461	6	1.88597e-15
	 	 	12	1.17453e-09	2.53739e+11	1.03009e+07	0.000743461	6	-3.14328e-16
	 26	0.00010634	1.03009e+07	0.406163	0.913801	2.24984	0.000743461	-1.79787e-16	-3.14328e-16
		 Mass/AM Itteration # 	 convergence 	 p_core 	 a 	 omega_rot 	 edge corot 	 AM error 
	 	 	1	1	2.5367e+11	1.03038e+07	0.000745667	6	7.85821e-16
	 	 	2	0.00326349	2.52845e+11	1.03147e+07	0.00074263	6	3.14328e-16
	 	 	3	0.00262913	2.53512e+11	1.03101e+07	0.000743332	6	-1.88597e-15
	 	 	4	0.000674916	2.53683e+11	1.03097e+07	0.000743437	6	0
	 	 	5	0.000193589	2.53732e+11	1.03098e+07	0.000743441	6	-1.57164e-16
	 	 	6	5.44888e-05	2.53746e+11	1.03098e+07	0.00074344	6	7.85821e-16
	 	 	7	1.34437e-05	2.53749e+11	1.03098e+07	0.000743439	6	1.57164e-16
	 	 	8	2.81112e-06	2.5375e+11	1.03098e+07	0.000743439	6	-9.42985e-16
	 	 	9	4.97731e-07	2.5375e+11	1.03098e+07	0.000743439	6	4.71492e-16
	 	 	10	7.50223e-08	2.5375e+11	1.03098e+07	0.000743439	6	1.25731e-15
	 	 	11	9.68539e-09	2.5375e+11	1.03098e+07	0.000743439	6	-1.57164e-16
	 27	9.62665e-05	1.03098e+07	0.405804	0.91396	2.25222	0.000743439	0	-1.57164e-16
		 Mass/AM Itteration # 	 convergence 	 p_core 	 a 	 omega_rot 	 edge corot 	 AM error 
	 	 	1	1	2.53686e+11	1.03126e+07	0.000745561	6	9.42985e-16
	 	 	2	0.00313285	2.52893e+11	1.03231e+07	0.000742648	7	-2.67179e-15
	 	 	3	0.00248372	2.53523e+11	1.03189e+07	0.000743321	6	4.71492e-16
	 	 	4	0.00065079	2.53688e+11	1.03184e+07	0.000743426	6	3.14328e-16
	 	 	5	0.000188119	2.53736e+11	1.03184e+07	0.000743434	6	2.82895e-15
	 	 	6	5.2684e-05	2.53749e+11	1.03184e+07	0.000743433	6	2.2003e-15
	 	 	7	1.31704e-05	2.53753e+11	1.03184e+07	0.000743433	6	-1.88597e-15
	 	 	8	2.83267e-06	2.53753e+11	1.03184e+07	0.000743433	6	1.25731e-15
	 	 	9	5.2133e-07	2.53753e+11	1.03184e+07	0.000743433	6	-6.28656e-16
	 	 	10	8.24274e-08	2.53753e+11	1.03184e+07	0.000743433	6	-4.87209e-15
	 	 	11	1.12685e-08	2.53753e+11	1.03184e+07	0.000743433	6	3.14328e-16
	 	 	12	1.3523e-09	2.53753e+11	1.03184e+07	0.000743433	6	4.71492e-16
	 28	8.80202e-05	1.03184e+07	0.405463	0.914111	2.25449	0.000743433	0	4.71492e-16
		 Mass/AM Itteration # 	 convergence 	 p_core 	 a 	 omega_rot 	 edge corot 	 AM error 
	 	 	1	1	2.5369e+11	1.03214e+07	0.000745517	6	3.14328e-15
	 	 	2	0.00307331	2.52913e+11	1.03316e+07	0.000742679	7	-1.41448e-15
	 	 	3	0.00242481	2.53528e+11	1.03274e+07	0.000743331	6	-1.72881e-15
	 	 	4	0.000630932	2.53688e+11	1.0327e+07	0.000743432	6	6.28656e-16
	 	 	5	0.000181515	2.53734e+11	1.0327e+07	0.000743439	6	6.28656e-16
	 	 	6	5.09287e-05	2.53747e+11	1.0327e+07	0.000743438	6	-1.57164e-15
	 	 	7	1.26711e-05	2.5375e+11	1.0327e+07	0.000743437	6	3.30045e-15
	 	 	8	2.69439e-06	2.53751e+11	1.0327e+07	0.000743437	6	-2.35746e-15
	 	 	9	4.87334e-07	2.53751e+11	1.0327e+07	0.000743437	6	1.41448e-15
	 	 	10	7.5205e-08	2.53751e+11	1.0327e+07	0.000743437	6	7.85821e-16
	 	 	11	9.9439e-09	2.53751e+11	1.0327e+07	0.000743437	6	1.25731e-15
	 29	8.37271e-05	1.0327e+07	0.405128	0.91426	2.25672	0.000743437	0	1.25731e-15
		 Mass/AM Itteration # 	 convergence 	 p_core 	 a 	 omega_rot 	 edge corot 	 AM error 
	 	 	1	1	2.53687e+11	1.03301e+07	0.000745528	6	-3.14328e-16
	 	 	2	0.0030771	2.52909e+11	1.03404e+07	0.000742701	7	9.42985e-16
	 	 	3	0.00242299	2.53523e+11	1.03361e+07	0.00074335	6	1.57164e-15
	 	 	4	0.000623563	2.53681e+11	1.03357e+07	0.000743448	6	-2.35746e-15
	 	 	5	0.00017851	2.53727e+11	1.03358e+07	0.000743453	7	-1.57164e-15
	 	 	6	5.06123e-05	2.5374e+11	1.03358e+07	0.000743452	7	-3.14328e-16
	 	 	7	1.257e-05	2.53743e+11	1.03358e+07	0.000743451	7	1.25731e-15
	 	 	8	2.64446e-06	2.53743e+11	1.03358e+07	0.000743451	7	1.25731e-15
	 	 	9	4.76076e-07	2.53744e+11	1.03358e+07	0.000743451	7	6.28656e-16
	 	 	10	7.4319e-08	2.53744e+11	1.03358e+07	0.000743451	7	-1.10015e-15
	 	 	11	1.02131e-08	2.53744e+11	1.03358e+07	0.000743451	7	3.9291e-15
	 	 	12	1.26725e-09	2.53744e+11	1.03358e+07	0.000743451	7	1.88597e-15
	 30	8.18265e-05	1.03358e+07	0.404788	0.91441	2.25898	0.000743451	3.59574e-16	1.88597e-15
		 Mass/AM Itteration # 	 convergence 	 p_core 	 a 	 omega_rot 	 edge corot 	 AM error 
	 	 	1	1	2.53677e+11	1.0339e+07	0.000745597	7	-3.14328e-16
	 	 	2	0.00310663	2.52892e+11	1.03493e+07	0.000742731	7	-7.85821e-16
	 	 	3	0.00244951	2.53513e+11	1.03451e+07	0.000743385	7	1.57164e-15
	 	 	4	0.000628473	2.53672e+11	1.03447e+07	0.000743482	7	-1.41448e-15
	 	 	5	0.000180702	2.53718e+11	1.03447e+07	0.000743487	7	9.42985e-16
	 	 	6	5.08691e-05	2.53731e+11	1.03448e+07	0.000743486	7	-2.51463e-15
	 	 	7	1.25496e-05	2.53734e+11	1.03448e+07	0.000743485	7	-1.10015e-15
	 	 	8	2.6284e-06	2.53735e+11	1.03448e+07	0.000743485	7	1.72881e-15
	 	 	9	4.67456e-07	2.53735e+11	1.03448e+07	0.000743485	7	-7.85821e-16
	 	 	10	7.10409e-08	2.53735e+11	1.03448e+07	0.000743485	7	4.71492e-16
	 	 	11	9.28786e-09	2.53735e+11	1.03448e+07	0.000743485	7	4.71492e-16
	 31	7.37272e-05	1.03448e+07	0.404439	0.914565	2.26132	0.000743485	1.79787e-16	4.71492e-16
		 Mass/AM Itteration # 	 convergence 	 p_core 	 a 	 omega_rot 	 edge corot 	 AM error 
	 	 	1	1	2.53663e+11	1.0348e+07	0.000745567	7	-1.10015e-15
	 	 	2	0.00302922	2.52897e+11	1.03581e+07	0.000742739	7	-7.85821e-16
	 	 	3	0.00244256	2.53517e+11	1.03539e+07	0.000743391	7	-3.14328e-16
	 	 	4	0.000627001	2.53676e+11	1.03535e+07	0.000743487	7	9.42985e-16
	 	 	5	0.000180183	2.53721e+11	1.03535e+07	0.000743492	7	3.14328e-16
	 	 	6	5.06867e-05	2.53734e+11	1.03536e+07	0.00074349	7	-1.57164e-16
	 	 	7	1.24952e-05	2.53737e+11	1.03536e+07	0.00074349	7	-4.71492e-16
	 	 	8	2.6145e-06	2.53738e+11	1.03536e+07	0.00074349	7	1.57164e-16
	 	 	9	4.64342e-07	2.53738e+11	1.03536e+07	0.00074349	7	-3.14328e-16
	 	 	10	7.04259e-08	2.53738e+11	1.03536e+07	0.00074349	7	-1.41448e-15
	 	 	11	9.18178e-09	2.53738e+11	1.03536e+07	0.00074349	7	1.25731e-15
	 32	8.28875e-05	1.03536e+07	0.404082	0.914723	2.26371	0.00074349	0	1.25731e-15
		 Mass/AM Itteration # 	 convergence 	 p_core 	 a 	 omega_rot 	 edge corot 	 AM error 
	 	 	1	1	2.53667e+11	1.03565e+07	0.000745454	7	0
	 	 	2	0.00287417	2.5294e+11	1.03662e+07	0.00074275	7	9.42985e-16
	 	 	3	0.00235166	2.53537e+11	1.03621e+07	0.000743376	7	-1.10015e-15
	 	 	4	0.000603891	2.5369e+11	1.03618e+07	0.000743469	7	2.82895e-15
	 	 	5	0.000173488	2.53734e+11	1.03618e+07	0.000743474	7	4.71492e-16
	 	 	6	4.87847e-05	2.53746e+11	1.03618e+07	0.000743472	7	-1.57164e-15
	 	 	7	1.20208e-05	2.53749e+11	1.03618e+07	0.000743472	7	2.35746e-15
	 	 	8	2.51343e-06	2.5375e+11	1.03618e+07	0.000743472	7	-1.72881e-15
	 	 	9	4.45868e-07	2.5375e+11	1.03618e+07	0.000743472	7	2.2003e-15
	 	 	10	6.75007e-08	2.5375e+11	1.03618e+07	0.000743472	7	4.71492e-16
	 	 	11	8.77722e-09	2.5375e+11	1.03618e+07	0.000743472	7	1.57164e-16
	 33	8.61059e-05	1.03618e+07	0.403741	0.914874	2.26599	0.000743472	0	1.57164e-16
		 Mass/AM Itteration # 	 convergence 	 p_core 	 a 	 omega_rot 	 edge corot 	 AM error 
	 	 	1	1	2.53685e+11	1.03644e+07	0.000745288	7	-4.71492e-16
	 	 	2	0.00267159	2.53009e+11	1.03735e+07	0.000742766	7	6.44373e-15
	 	 	3	0.00220078	2.53567e+11	1.03696e+07	0.000743352	7	-2.67179e-15
	 	 	4	0.000565265	2.5371e+11	1.03693e+07	0.000743439	7	1.57164e-16
	 	 	5	0.000162357	2.53751e+11	1.03693e+07	0.000743443	7	-7.85821e-16
	 	 	6	4.565e-05	2.53763e+11	1.03694e+07	0.000743442	7	-1.41448e-15
	 	 	7	1.12465e-05	2.53766e+11	1.03694e+07	0.000743441	7	1.72881e-15
	 	 	8	2.35047e-06	2.53766e+11	1.03694e+07	0.000743441	7	0
	 	 	9	4.16579e-07	2.53766e+11	1.03694e+07	0.000743441	7	-4.24343e-15
	 	 	10	6.29687e-08	2.53766e+11	1.03694e+07	0.000743441	7	0
	 	 	11	8.16873e-09	2.53766e+11	1.03694e+07	0.000743441	7	-1.41448e-15
	 34	8.43583e-05	1.03694e+07	0.403429	0.915011	2.26809	0.000743441	-5.39361e-16	-1.41448e-15
		 Mass/AM Itteration # 	 convergence 	 p_core 	 a 	 omega_rot 	 edge corot 	 AM error 
	 	 	1	1	2.53708e+11	1.03717e+07	0.00074512	7	0
	 	 	2	0.00247606	2.53082e+11	1.03801e+07	0.00074279	7	3.14328e-15
	 	 	3	0.00203005	2.53596e+11	1.03765e+07	0.000743332	7	1.10015e-15
	 	 	4	0.000521371	2.53729e+11	1.03762e+07	0.000743412	7	-2.04313e-15
	 	 	5	0.000149728	2.53767e+11	1.03763e+07	0.000743416	7	-2.04313e-15
	 	 	6	4.21098e-05	2.53777e+11	1.03763e+07	0.000743414	7	1.25731e-15
	 	 	7	1.03767e-05	2.5378e+11	1.03763e+07	0.000743414	7	-2.67179e-15
	 	 	8	2.16849e-06	2.53781e+11	1.03763e+07	0.000743414	7	-1.10015e-15
	 	 	9	3.84103e-07	2.53781e+11	1.03763e+07	0.000743414	7	2.04313e-15
	 	 	10	5.79883e-08	2.53781e+11	1.03763e+07	0.000743414	7	-1.10015e-15
	 	 	11	7.50754e-09	2.53781e+11	1.03763e+07	0.000743414	7	1.88597e-15
	 35	7.70599e-05	1.03763e+07	0.403148	0.915135	2.26997	0.000743414	3.59574e-16	1.88597e-15
		 Mass/AM Itteration # 	 convergence 	 p_core 	 a 	 omega_rot 	 edge corot 	 AM error 
	 	 	1	1	2.53729e+11	1.03784e+07	0.000744987	7	1.41448e-15
	 	 	2	0.00231912	2.53142e+11	1.03862e+07	0.000742818	7	0
	 	 	3	0.00188205	2.53619e+11	1.0383e+07	0.000743321	7	1.57164e-15
	 	 	4	0.000483229	2.53742e+11	1.03827e+07	0.000743395	7	-1.57164e-15
	 	 	5	0.000138746	2.53777e+11	1.03827e+07	0.000743399	7	-6.28656e-16
	 	 	6	3.90364e-05	2.53787e+11	1.03827e+07	0.000743398	7	9.42985e-16
	 	 	7	9.6234e-06	2.53789e+11	1.03827e+07	0.000743397	7	-3.14328e-16
	 	 	8	2.01124e-06	2.5379e+11	1.03827e+07	0.000743397	7	1.88597e-15
	 	 	9	3.56111e-07	2.5379e+11	1.03827e+07	0.000743397	7	7.85821e-16
	 	 	10	5.37085e-08	2.5379e+11	1.03827e+07	0.000743397	7	-1.57164e-15
	 	 	11	6.94142e-09	2.5379e+11	1.03827e+07	0.000743397	7	1.57164e-15
	 36	6.86545e-05	1.03827e+07	0.402893	0.915247	2.27169	0.000743397	0	1.57164e-15
		 Mass/AM Itteration # 	 convergence 	 p_core 	 a 	 omega_rot 	 edge corot 	 AM error 
	 	 	1	1	2.53742e+11	1.03848e+07	0.000744896	7	-2.67179e-15
	 	 	2	0.00220676	2.53183e+11	1.03923e+07	0.000742842	7	4.71492e-16
	 	 	3	0.00177636	2.53634e+11	1.03891e+07	0.000743317	7	-1.25731e-15
	 	 	4	0.00045595	2.5375e+11	1.03889e+07	0.000743388	7	3.14328e-16
	 	 	5	0.000130871	2.53783e+11	1.03889e+07	0.000743391	7	-2.51463e-15
	 	 	6	3.68312e-05	2.53792e+11	1.03889e+07	0.00074339	7	-3.14328e-16
	 	 	7	9.08289e-06	2.53794e+11	1.03889e+07	0.000743389	7	3.14328e-16
	 	 	8	1.89838e-06	2.53795e+11	1.03889e+07	0.000743389	7	-1.72881e-15
	 	 	9	3.35991e-07	2.53795e+11	1.03889e+07	0.000743389	7	3.45761e-15
	 	 	10	5.0624e-08	2.53795e+11	1.03889e+07	0.000743389	7	7.85821e-16
	 	 	11	6.53181e-09	2.53795e+11	1.03889e+07	0.000743389	7	6.28656e-16
	 37	6.28068e-05	1.03889e+07	0.402652	0.915353	2.27331	0.000743389	-1.79787e-16	6.28656e-16
		 Mass/AM Itteration # 	 convergence 	 p_core 	 a 	 omega_rot 	 edge corot 	 AM error 
	 	 	1	1	2.53749e+11	1.0395e+07	0.000743406	7	2.04313e-15
	 	 	2	0.000111667	2.53777e+11	1.03909e+07	0.00074485	7	3.14328e-15
	 	 	3	0.00222548	2.53213e+11	1.03982e+07	0.000742854	7	-1.10015e-15
	 	 	4	0.00169531	2.53643e+11	1.03952e+07	0.000743316	7	6.28656e-16
	 	 	5	0.000434185	2.53754e+11	1.03949e+07	0.000743385	7	1.25731e-15
	 	 	6	0.000125386	2.53785e+11	1.0395e+07	0.000743388	7	-1.57164e-15
	 	 	7	3.54808e-05	2.53794e+11	1.0395e+07	0.000743387	7	2.98612e-15
	 	 	8	8.77298e-06	2.53797e+11	1.0395e+07	0.000743387	7	4.71492e-16
	 	 	9	1.83484e-06	2.53797e+11	1.0395e+07	0.000743387	7	-1.41448e-15
	 	 	10	3.24545e-07	2.53797e+11	1.0395e+07	0.000743387	7	-9.42985e-16
	 	 	11	4.88174e-08	2.53797e+11	1.0395e+07	0.000743387	7	-1.41448e-15
	 	 	12	6.28165e-09	2.53797e+11	1.0395e+07	0.000743387	7	1.10015e-15
	 38	5.90334e-05	1.0395e+07	0.402417	0.915457	2.2749	0.000743387	-5.39361e-16	1.10015e-15
		 Mass/AM Itteration # 	 convergence 	 p_core 	 a 	 omega_rot 	 edge corot 	 AM error 
	 	 	1	1	2.53751e+11	1.0401e+07	0.000743408	7	4.71492e-16
	 	 	2	0.000104435	2.53778e+11	1.04009e+07	0.000743395	7	1.88597e-15
	 	 	3	5.19939e-05	2.53791e+11	1.04009e+07	0.000743397	7	2.35746e-15
	 	 	4	1.35231e-05	2.53794e+11	1.04009e+07	0.000743398	7	-4.71492e-16
	 	 	5	2.8488e-06	2.53795e+11	1.04009e+07	0.000743398	7	-3.14328e-16
	 	 	6	5.75117e-07	2.53795e+11	1.04009e+07	0.000743398	7	-4.71492e-16
	 	 	7	1.15837e-07	2.53795e+11	1.04009e+07	0.000743398	7	3.45761e-15
	 	 	8	2.23575e-08	2.53795e+11	1.04009e+07	0.000743398	7	-1.25731e-15
	 	 	9	3.9439e-09	2.53795e+11	1.04009e+07	0.000743398	7	6.28656e-16
	 39	0.000100652	1.04009e+07	0.402185	0.915558	2.27646	0.000743398	-1.79787e-16	6.28656e-16
		 Mass/AM Itteration # 	 convergence 	 p_core 	 a 	 omega_rot 	 edge corot 	 AM error 
	 	 	1	1	2.53746e+11	1.04008e+07	0.000745643	7	2.04313e-15
	 	 	2	0.0033929	2.52888e+11	1.04121e+07	0.000742549	8	2.67179e-15
	 	 	3	0.00262649	2.53554e+11	1.04075e+07	0.000743267	7	-6.28656e-16
	 	 	4	0.000686352	2.53728e+11	1.0407e+07	0.000743378	7	-1.10015e-15
	 	 	5	0.000198795	2.53778e+11	1.0407e+07	0.000743386	7	1.88597e-15
	 	 	6	5.58294e-05	2.53792e+11	1.0407e+07	0.000743385	7	4.71492e-16
	 	 	7	1.39379e-05	2.53796e+11	1.0407e+07	0.000743384	7	-1.57164e-16
	 	 	8	2.98451e-06	2.53797e+11	1.0407e+07	0.000743384	7	4.71492e-16
	 	 	9	5.45765e-07	2.53797e+11	1.0407e+07	0.000743384	7	-2.98612e-15
	 	 	10	8.55996e-08	2.53797e+11	1.0407e+07	0.000743384	7	1.41448e-15
	 	 	11	1.15902e-08	2.53797e+11	1.0407e+07	0.000743384	7	-1.10015e-15
	 	 	12	1.37637e-09	2.53797e+11	1.0407e+07	0.000743384	7	1.41448e-15
	 40	3.91659e-05	1.0407e+07	0.401953	0.91566	2.27803	0.000743384	-3.59574e-16	1.41448e-15
		 Mass/AM Itteration # 	 convergence 	 p_core 	 a 	 omega_rot 	 edge corot 	 AM error 
	 	 	1	1	2.53752e+11	1.04083e+07	0.000745142	7	1.10015e-15
	 	 	2	0.00260559	2.53093e+11	1.0417e+07	0.000742761	8	-4.71492e-16
	 	 	3	0.00201958	2.53605e+11	1.04135e+07	0.00074331	7	9.42985e-16
	 	 	4	0.000526386	2.53738e+11	1.04131e+07	0.000743395	7	1.10015e-15
	 	 	5	0.000151962	2.53777e+11	1.04131e+07	0.0007434	7	-3.14328e-16
	 	 	6	4.26851e-05	2.53788e+11	1.04131e+07	0.000743399	7	0
	 	 	7	1.06368e-05	2.53791e+11	1.04131e+07	0.000743399	7	1.57164e-16
	 	 	8	2.26812e-06	2.53791e+11	1.04131e+07	0.000743399	7	-1.41448e-15
	 	 	9	4.12193e-07	2.53791e+11	1.04131e+07	0.000743399	7	-2.04313e-15
	 	 	10	6.41232e-08	2.53791e+11	1.04131e+07	0.000743399	7	-2.04313e-15
	 	 	11	8.5937e-09	2.53791e+11	1.04131e+07	0.000743399	7	-1.57164e-16
	 41	4.08384e-05	1.04131e+07	0.40172	0.915763	2.27961	0.000743399	-1.79787e-16	-1.57164e-16
		 Mass/AM Itteration # 	 convergence 	 p_core 	 a 	 omega_rot 	 edge corot 	 AM error 
	 	 	1	1	2.53744e+11	1.04151e+07	0.000744968	7	1.10015e-15
	 	 	2	0.00231254	2.53158e+11	1.04228e+07	0.000742845	8	1.72881e-15
	 	 	3	0.00181591	2.53619e+11	1.04196e+07	0.000743334	7	-3.14328e-16
	 	 	4	0.000469555	2.53738e+11	1.04193e+07	0.000743409	7	-2.35746e-15
	 	 	5	0.000134909	2.53772e+11	1.04193e+07	0.000743413	7	7.85821e-16
	 	 	6	3.79389e-05	2.53782e+11	1.04193e+07	0.000743412	7	-2.51463e-15
	 	 	7	9.40817e-06	2.53784e+11	1.04193e+07	0.000743412	7	9.42985e-16
	 	 	8	1.98507e-06	2.53785e+11	1.04193e+07	0.000743412	7	-2.67179e-15
	 	 	9	3.55354e-07	2.53785e+11	1.04193e+07	0.000743412	7	-6.28656e-16
	 	 	10	5.42178e-08	2.53785e+11	1.04193e+07	0.000743412	7	7.85821e-16
	 	 	11	7.09296e-09	2.53785e+11	1.04193e+07	0.000743412	7	0
	 42	5.08722e-05	1.04193e+07	0.40148	0.915868	2.28123	0.000743412	3.59574e-16	0
		 Mass/AM Itteration # 	 convergence 	 p_core 	 a 	 omega_rot 	 edge corot 	 AM error 
	 	 	1	1	2.53735e+11	1.04216e+07	0.000744947	8	-2.2003e-15
	 	 	2	0.00222441	2.53172e+11	1.0429e+07	0.000742891	8	7.85821e-16
	 	 	3	0.00175799	2.53618e+11	1.0426e+07	0.00074336	7	-6.28656e-16
	 	 	4	0.00044746	2.53731e+11	1.04257e+07	0.000743429	8	1.10015e-15
	 	 	5	0.000131935	2.53765e+11	1.04257e+07	0.000743434	8	2.98612e-15
	 	 	6	3.73896e-05	2.53774e+11	1.04257e+07	0.000743433	8	0
	 	 	7	9.20263e-06	2.53777e+11	1.04257e+07	0.000743433	8	-1.10015e-15
	 	 	8	1.96303e-06	2.53777e+11	1.04257e+07	0.000743433	8	-6.28656e-16
	 	 	9	3.65184e-07	2.53777e+11	1.04257e+07	0.000743433	8	-3.30045e-15
	 	 	10	5.98182e-08	2.53777e+11	1.04257e+07	0.000743433	8	6.28656e-16
	 	 	11	8.7243e-09	2.53777e+11	1.04257e+07	0.000743433	8	1.57164e-16
	 43	5.11952e-05	1.04257e+07	0.401233	0.915976	2.2829	0.000743433	1.79787e-16	1.57164e-16
		 Mass/AM Itteration # 	 convergence 	 p_core 	 a 	 omega_rot 	 edge corot 	 AM error 
	 	 	1	1	2.53725e+11	1.04282e+07	0.000744941	8	2.2003e-15
	 	 	2	0.00218072	2.53173e+11	1.04355e+07	0.000742911	8	1.57164e-15
	 	 	3	0.00174737	2.53616e+11	1.04324e+07	0.000743379	8	1.88597e-15
	 	 	4	0.000448431	2.5373e+11	1.04321e+07	0.000743448	8	1.88597e-15
	 	 	5	0.000128997	2.53762e+11	1.04322e+07	0.000743451	8	0
	 	 	6	3.63099e-05	2.53772e+11	1.04322e+07	0.00074345	8	1.10015e-15
	 	 	7	8.95187e-06	2.53774e+11	1.04322e+07	0.00074345	8	1.72881e-15
	 	 	8	1.87423e-06	2.53774e+11	1.04322e+07	0.00074345	8	2.35746e-15
	 	 	9	3.33642e-07	2.53774e+11	1.04322e+07	0.00074345	8	1.10015e-15
	 	 	10	5.08837e-08	2.53774e+11	1.04322e+07	0.00074345	8	-2.35746e-15
	 	 	11	6.70659e-09	2.53774e+11	1.04322e+07	0.00074345	8	2.04313e-15
	 44	5.33463e-05	1.04322e+07	0.40098	0.916087	2.28462	0.00074345	3.59574e-16	2.04313e-15
		 Mass/AM Itteration # 	 convergence 	 p_core 	 a 	 omega_rot 	 edge corot 	 AM error 
	 	 	1	1	2.5372e+11	1.04385e+07	0.000743457	8	2.67179e-15
	 	 	2	0.000140599	2.53756e+11	1.04383e+07	0.000743453	8	2.04313e-15
	 	 	3	6.23484e-05	2.53772e+11	1.04383e+07	0.000743457	8	-1.25731e-15
	 	 	4	1.62912e-05	2.53776e+11	1.04383e+07	0.000743458	8	4.71492e-16
	 	 	5	3.63323e-06	2.53777e+11	1.04383e+07	0.000743458	8	-2.35746e-15
	 	 	6	7.83164e-07	2.53777e+11	1.04383e+07	0.000743458	8	2.35746e-15
	 	 	7	1.63655e-07	2.53777e+11	1.04383e+07	0.000743458	8	-1.10015e-15
	 	 	8	3.17383e-08	2.53777e+11	1.04383e+07	0.000743458	8	3.45761e-15
	 	 	9	5.52397e-09	2.53777e+11	1.04383e+07	0.000743458	8	-2.04313e-15
	 45	0.000101766	1.04383e+07	0.400729	0.916196	2.28632	0.000743458	0	-2.04313e-15
		 Mass/AM Itteration # 	 convergence 	 p_core 	 a 	 omega_rot 	 edge corot 	 AM error 
	 	 	1	1	2.53722e+11	1.04381e+07	0.000745667	8	9.42985e-16
	 	 	2	0.00332588	2.52881e+11	1.04491e+07	0.000742605	8	-2.04313e-15
	 	 	3	0.00264071	2.53551e+11	1.04445e+07	0.000743316	8	-1.57164e-15
	 	 	4	0.000678166	2.53723e+11	1.04441e+07	0.000743421	8	1.88597e-15
	 	 	5	0.00019544	2.53772e+11	1.04441e+07	0.000743426	8	-1.10015e-15
	 	 	6	5.50823e-05	2.53786e+11	1.04441e+07	0.000743424	8	6.28656e-16
	 	 	7	1.35875e-05	2.5379e+11	1.04442e+07	0.000743424	8	-1.10015e-15
	 	 	8	2.84265e-06	2.5379e+11	1.04442e+07	0.000743424	8	-7.85821e-16
	 	 	9	5.04481e-07	2.53791e+11	1.04442e+07	0.000743424	8	1.41448e-15
	 	 	10	7.64032e-08	2.53791e+11	1.04442e+07	0.000743424	8	1.72881e-15
	 	 	11	9.93751e-09	2.53791e+11	1.04442e+07	0.000743424	8	-7.85821e-16
	 46	4.09649e-05	1.04442e+07	0.400495	0.916299	2.28792	0.000743424	3.59574e-16	-7.85821e-16
		 Mass/AM Itteration # 	 convergence 	 p_core 	 a 	 omega_rot 	 edge corot 	 AM error 
	 	 	1	1	2.53746e+11	1.0445e+07	0.000745013	8	6.28656e-16
	 	 	2	0.00235627	2.53149e+11	1.04529e+07	0.000742825	8	0
	 	 	3	0.00189089	2.53629e+11	1.04496e+07	0.000743333	8	3.14328e-16
	 	 	4	0.000485666	2.53752e+11	1.04493e+07	0.000743408	8	4.71492e-16
	 	 	5	0.000139762	2.53788e+11	1.04494e+07	0.000743411	8	-2.67179e-15
	 	 	6	3.93573e-05	2.53798e+11	1.04494e+07	0.00074341	8	2.04313e-15
	 	 	7	9.70581e-06	2.538e+11	1.04494e+07	0.00074341	8	0
	 	 	8	2.03016e-06	2.53801e+11	1.04494e+07	0.00074341	8	6.28656e-16
	 	 	9	3.60141e-07	2.53801e+11	1.04494e+07	0.00074341	8	-2.2003e-15
	 	 	10	5.44977e-08	2.53801e+11	1.04494e+07	0.00074341	8	6.28656e-16
	 	 	11	7.07827e-09	2.53801e+11	1.04494e+07	0.00074341	8	2.2003e-15
	 47	4.11599e-05	1.04494e+07	0.400284	0.916391	2.28936	0.00074341	1.79787e-16	2.2003e-15
		 Mass/AM Itteration # 	 convergence 	 p_core 	 a 	 omega_rot 	 edge corot 	 AM error 
	 	 	1	1	2.5376e+11	1.04542e+07	0.000743397	8	-2.35746e-15
	 	 	2	0.00012473	2.53792e+11	1.04541e+07	0.000743397	8	1.25731e-15
	 	 	3	5.22787e-05	2.53805e+11	1.04541e+07	0.000743401	8	3.14328e-15
	 	 	4	1.37575e-05	2.53808e+11	1.04541e+07	0.000743402	8	-9.42985e-16
	 	 	5	3.12124e-06	2.53809e+11	1.04541e+07	0.000743402	8	3.9291e-15
	 	 	6	6.78119e-07	2.53809e+11	1.04541e+07	0.000743402	8	3.14328e-16
	 	 	7	1.4084e-07	2.53809e+11	1.04541e+07	0.000743402	8	9.42985e-16
	 	 	8	2.69214e-08	2.53809e+11	1.04541e+07	0.000743402	8	-7.85821e-16
	 	 	9	4.60522e-09	2.53809e+11	1.04541e+07	0.000743402	8	-2.51463e-15
	 48	8.59038e-05	1.04541e+07	0.400092	0.916475	2.29066	0.000743402	3.59574e-16	-2.51463e-15
		 Mass/AM Itteration # 	 convergence 	 p_core 	 a 	 omega_rot 	 edge corot 	 AM error 
	 	 	1	1	2.5377e+11	1.04534e+07	0.000745299	8	1.25731e-15
	 	 	2	0.00287767	2.53042e+11	1.04629e+07	0.00074267	8	3.14328e-16
	 	 	3	0.00225928	2.53615e+11	1.04589e+07	0.00074328	8	3.14328e-16
	 	 	4	0.000580162	2.53762e+11	1.04586e+07	0.000743371	8	-4.71492e-16
	 	 	5	0.000167207	2.53804e+11	1.04586e+07	0.000743375	8	-3.14328e-16
	 	 	6	4.71595e-05	2.53816e+11	1.04586e+07	0.000743374	8	7.85821e-16
	 	 	7	1.16391e-05	2.53819e+11	1.04586e+07	0.000743373	8	-3.77194e-15
	 	 	8	2.43448e-06	2.5382e+11	1.04586e+07	0.000743373	8	-1.25731e-15
	 	 	9	4.31504e-07	2.5382e+11	1.04586e+07	0.000743373	8	-1.57164e-16
	 	 	10	6.51828e-08	2.5382e+11	1.04586e+07	0.000743373	8	1.25731e-15
	 	 	11	8.44269e-09	2.5382e+11	1.04586e+07	0.000743373	8	1.10015e-15
	 49	2.7772e-05	1.04586e+07	0.399918	0.916551	2.29185	0.000743373	-1.79787e-16	1.10015e-15
		 Mass/AM Itteration # 	 convergence 	 p_core 	 a 	 omega_rot 	 edge corot 	 AM error 
	 	 	1	1	2.53788e+11	1.04629e+07	0.000743386	8	0
	 	 	2	8.16958e-05	2.53809e+11	1.04628e+07	0.000743379	8	-1.57164e-16
	 	 	3	3.89614e-05	2.53819e+11	1.04628e+07	0.000743381	8	-1.57164e-16
	 	 	4	1.01212e-05	2.53821e+11	1.04628e+07	0.000743382	8	4.24343e-15
	 	 	5	2.1972e-06	2.53822e+11	1.04628e+07	0.000743382	8	1.88597e-15
	 	 	6	4.63411e-07	2.53822e+11	1.04628e+07	0.000743382	8	-1.25731e-15
	 	 	7	9.64677e-08	2.53822e+11	1.04628e+07	0.000743382	8	-1.57164e-16
	 	 	8	1.8883e-08	2.53822e+11	1.04628e+07	0.000743382	8	1.57164e-16
	 	 	9	3.33295e-09	2.53822e+11	1.04628e+07	0.000743382	8	-7.85821e-16
	 50	6.81602e-05	1.04628e+07	0.399756	0.916622	2.29296	0.000743382	0	-7.85821e-16
		 Mass/AM Itteration # 	 convergence 	 p_core 	 a 	 omega_rot 	 edge corot 	 AM error 
	 	 	1	1	2.53787e+11	1.04617e+07	0.000745282	8	7.85821e-16
	 	 	2	0.00288892	2.53056e+11	1.04713e+07	0.000742662	8	6.28656e-16
	 	 	3	0.0022426	2.53624e+11	1.04673e+07	0.000743269	8	-4.71492e-16
	 	 	4	0.000575655	2.53771e+11	1.04669e+07	0.000743359	8	-1.10015e-15
	 	 	5	0.000165919	2.53813e+11	1.0467e+07	0.000743363	8	-1.10015e-15
	 	 	6	4.68257e-05	2.53825e+11	1.0467e+07	0.000743362	8	-9.42985e-16
	 	 	7	1.15623e-05	2.53827e+11	1.0467e+07	0.000743361	8	-2.98612e-15
	 	 	8	2.41839e-06	2.53828e+11	1.0467e+07	0.000743361	8	4.71492e-16
	 	 	9	4.28378e-07	2.53828e+11	1.0467e+07	0.000743361	8	-7.85821e-16
	 	 	10	6.46183e-08	2.53828e+11	1.0467e+07	0.000743361	8	9.42985e-16
	 	 	11	8.35009e-09	2.53828e+11	1.0467e+07	0.000743361	8	0
	 51	1.76475e-05	1.0467e+07	0.399598	0.91669	2.29403	0.000743361	3.59574e-16	0
		 Mass/AM Itteration # 	 convergence 	 p_core 	 a 	 omega_rot 	 edge corot 	 AM error 
	 	 	1	1	2.53799e+11	1.0471e+07	0.00074338	8	1.10015e-15
	 	 	2	6.86532e-05	2.53816e+11	1.04709e+07	0.000743371	8	1.25731e-15
	 	 	3	3.45144e-05	2.53825e+11	1.04709e+07	0.000743374	8	-6.28656e-16
	 	 	4	8.91715e-06	2.53827e+11	1.04709e+07	0.000743374	8	-1.10015e-15
	 	 	5	1.9011e-06	2.53828e+11	1.04709e+07	0.000743374	8	-7.85821e-16
	 	 	6	3.95883e-07	2.53828e+11	1.04709e+07	0.000743374	8	-2.04313e-15
	 	 	7	8.24922e-08	2.53828e+11	1.04709e+07	0.000743374	8	2.67179e-15
	 	 	8	1.63105e-08	2.53828e+11	1.04709e+07	0.000743374	8	-2.35746e-15
	 	 	9	2.91524e-09	2.53828e+11	1.04709e+07	0.000743374	8	2.98612e-15
	 52	6.15255e-05	1.04709e+07	0.399446	0.916757	2.29507	0.000743374	0	2.98612e-15
		 Mass/AM Itteration # 	 convergence 	 p_core 	 a 	 omega_rot 	 edge corot 	 AM error 
	 	 	1	1	2.53794e+11	1.04698e+07	0.000745207	8	7.85821e-16
	 	 	2	0.00278905	2.53088e+11	1.0479e+07	0.000742683	8	-1.41448e-15
	 	 	3	0.00215923	2.53636e+11	1.04751e+07	0.000743268	8	0
	 	 	4	0.000554107	2.53777e+11	1.04748e+07	0.000743355	8	-1.10015e-15
	 	 	5	0.000159658	2.53817e+11	1.04749e+07	0.000743359	8	-3.14328e-16
	 	 	6	4.50669e-05	2.53829e+11	1.04749e+07	0.000743358	8	1.10015e-15
	 	 	7	1.11298e-05	2.53832e+11	1.04749e+07	0.000743357	8	2.98612e-15
	 	 	8	2.32748e-06	2.53832e+11	1.04749e+07	0.000743357	8	-1.25731e-15
	 	 	9	4.11966e-07	2.53832e+11	1.04749e+07	0.000743357	8	1.25731e-15
	 	 	10	6.20522e-08	2.53832e+11	1.04749e+07	0.000743357	8	-3.14328e-15
	 	 	11	8.00015e-09	2.53832e+11	1.04749e+07	0.000743357	8	-1.57164e-16
	 53	1.47724e-05	1.04749e+07	0.399296	0.916822	2.29609	0.000743357	-3.59574e-16	-1.57164e-16
		 Mass/AM Itteration # 	 convergence 	 p_core 	 a 	 omega_rot 	 edge corot 	 AM error 
	 	 	1	1	2.53804e+11	1.04787e+07	0.000743378	8	4.71492e-16
	 	 	2	6.26932e-05	2.5382e+11	1.04787e+07	0.000743369	8	9.42985e-16
	 	 	3	3.23631e-05	2.53828e+11	1.04787e+07	0.000743371	8	2.67179e-15
	 	 	4	8.33238e-06	2.5383e+11	1.04787e+07	0.000743372	8	3.61477e-15
	 	 	5	1.75863e-06	2.5383e+11	1.04787e+07	0.000743372	8	2.04313e-15
	 	 	6	3.63591e-07	2.53831e+11	1.04787e+07	0.000743372	8	-6.28656e-16
	 	 	7	7.58015e-08	2.53831e+11	1.04787e+07	0.000743372	8	-6.28656e-16
	 	 	8	1.507e-08	2.53831e+11	1.04787e+07	0.000743372	8	-4.24343e-15
	 	 	9	2.71129e-09	2.53831e+11	1.04787e+07	0.000743372	8	-1.25731e-15
	 54	5.81689e-05	1.04787e+07	0.39915	0.916886	2.2971	0.000743372	-1.79787e-16	-1.25731e-15
		 Mass/AM Itteration # 	 convergence 	 p_core 	 a 	 omega_rot 	 edge corot 	 AM error 
	 	 	1	1	2.53798e+11	1.04776e+07	0.000745143	8	1.10015e-15
	 	 	2	0.00269481	2.53116e+11	1.04865e+07	0.000742707	8	1.72881e-15
	 	 	3	0.00208375	2.53644e+11	1.04828e+07	0.000743272	8	0
	 	 	4	0.000534592	2.5378e+11	1.04825e+07	0.000743356	8	-6.28656e-16
	 	 	5	0.000153969	2.53819e+11	1.04825e+07	0.00074336	8	3.14328e-16
	 	 	6	4.34648e-05	2.5383e+11	1.04825e+07	0.000743358	8	9.42985e-16
	 	 	7	1.07353e-05	2.53833e+11	1.04825e+07	0.000743358	8	-1.41448e-15
	 	 	8	2.24448e-06	2.53833e+11	1.04825e+07	0.000743358	8	0
	 	 	9	3.96977e-07	2.53833e+11	1.04825e+07	0.000743358	8	-1.25731e-15
	 	 	10	5.97085e-08	2.53833e+11	1.04825e+07	0.000743358	8	3.14328e-16
	 	 	11	7.6807e-09	2.53833e+11	1.04825e+07	0.000743358	8	6.28656e-16
	 55	1.37275e-05	1.04825e+07	0.399004	0.916949	2.2981	0.000743358	3.59574e-16	6.28656e-16
		 Mass/AM Itteration # 	 convergence 	 p_core 	 a 	 omega_rot 	 edge corot 	 AM error 
	 	 	1	1	2.53805e+11	1.04863e+07	0.000743382	8	1.72881e-15
	 	 	2	5.88866e-05	2.5382e+11	1.04863e+07	0.000743372	8	1.25731e-15
	 	 	3	3.11318e-05	2.53828e+11	1.04863e+07	0.000743374	8	0
	 	 	4	7.99021e-06	2.5383e+11	1.04863e+07	0.000743374	8	4.71492e-16
	 	 	5	1.67108e-06	2.5383e+11	1.04863e+07	0.000743374	8	-1.10015e-15
	 	 	6	3.43221e-07	2.5383e+11	1.04863e+07	0.000743374	8	1.72881e-15
	 	 	7	7.15925e-08	2.5383e+11	1.04863e+07	0.000743374	8	2.67179e-15
	 	 	8	1.43058e-08	2.5383e+11	1.04863e+07	0.000743374	8	1.88597e-15
	 	 	9	2.58923e-09	2.5383e+11	1.04863e+07	0.000743374	8	1.57164e-16
	 56	5.64069e-05	1.04863e+07	0.398859	0.917012	2.29909	0.000743374	-3.59574e-16	1.57164e-16
		 Mass/AM Itteration # 	 convergence 	 p_core 	 a 	 omega_rot 	 edge corot 	 AM error 
	 	 	1	1	2.53798e+11	1.04853e+07	0.00074511	8	-7.85821e-16
	 	 	2	0.00263953	2.53129e+11	1.04941e+07	0.000742726	8	-1.57164e-15
	 	 	3	0.00203905	2.53647e+11	1.04904e+07	0.000743279	8	-1.88597e-15
	 	 	4	0.000522963	2.53779e+11	1.04901e+07	0.000743361	8	-2.35746e-15
	 	 	5	0.000150548	2.53817e+11	1.04901e+07	0.000743365	8	3.14328e-16
	 	 	6	4.25012e-05	2.53828e+11	1.04901e+07	0.000743363	8	-2.35746e-15
	 	 	7	1.04983e-05	2.53831e+11	1.04902e+07	0.000743363	8	4.08627e-15
	 	 	8	2.19442e-06	2.53832e+11	1.04902e+07	0.000743363	8	-1.88597e-15
	 	 	9	3.8783e-07	2.53832e+11	1.04902e+07	0.000743363	8	1.57164e-16
	 	 	10	5.82485e-08	2.53832e+11	1.04902e+07	0.000743363	8	2.04313e-15
	 	 	11	7.47605e-09	2.53832e+11	1.04902e+07	0.000743363	8	1.57164e-15
	 57	1.33677e-05	1.04902e+07	0.398714	0.917075	2.30008	0.000743363	0	1.57164e-15
		 Mass/AM Itteration # 	 convergence 	 p_core 	 a 	 omega_rot 	 edge corot 	 AM error 
	 	 	1	1	2.53803e+11	1.0494e+07	0.00074339	8	-7.85821e-16
	 	 	2	5.62974e-05	2.53817e+11	1.04939e+07	0.000743379	8	4.71492e-16
	 	 	3	3.05623e-05	2.53825e+11	1.04939e+07	0.000743381	8	-1.57164e-16
	 	 	4	7.81833e-06	2.53827e+11	1.04939e+07	0.000743381	8	9.42985e-16
	 	 	5	1.61911e-06	2.53827e+11	1.04939e+07	0.000743381	8	9.42985e-16
	 	 	6	3.30169e-07	2.53827e+11	1.04939e+07	0.000743381	8	2.35746e-15
	 	 	7	6.8918e-08	2.53827e+11	1.04939e+07	0.000743381	8	0
	 	 	8	1.38505e-08	2.53827e+11	1.04939e+07	0.000743381	8	4.71492e-16
	 	 	9	2.52347e-09	2.53827e+11	1.04939e+07	0.000743381	8	0
	 58	5.58771e-05	1.04939e+07	0.398569	0.917139	2.30108	0.000743381	3.59574e-16	0
		 Mass/AM Itteration # 	 convergence 	 p_core 	 a 	 omega_rot 	 edge corot 	 AM error 
	 	 	1	1	2.53794e+11	1.04931e+07	0.000745115	8	1.88597e-15
	 	 	2	0.00263475	2.53127e+11	1.05018e+07	0.000742726	9	-2.04313e-15
	 	 	3	0.00201991	2.53639e+11	1.04982e+07	0.000743281	8	3.14328e-16
	 	 	4	0.000529634	2.53773e+11	1.04978e+07	0.000743367	8	7.85821e-16
	 	 	5	0.000153644	2.53812e+11	1.04979e+07	0.000743374	8	6.28656e-16
	 	 	6	4.31539e-05	2.53823e+11	1.04979e+07	0.000743373	8	4.71492e-16
	 	 	7	1.07903e-05	2.53826e+11	1.04979e+07	0.000743373	8	9.42985e-16
	 	 	8	2.31689e-06	2.53827e+11	1.04979e+07	0.000743373	8	1.41448e-15
	 	 	9	4.25145e-07	2.53827e+11	1.04979e+07	0.000743373	8	4.71492e-16
	 	 	10	6.69429e-08	2.53827e+11	1.04979e+07	0.000743373	8	-4.71492e-16
	 	 	11	9.10315e-09	2.53827e+11	1.04979e+07	0.000743373	8	-1.41448e-15
	 59	1.3359e-05	1.04979e+07	0.398421	0.917203	2.3021	0.000743373	-3.59574e-16	-1.41448e-15
		 Mass/AM Itteration # 	 convergence 	 p_core 	 a 	 omega_rot 	 edge corot 	 AM error 
	 	 	1	1	2.53797e+11	1.05018e+07	0.000743403	8	3.30045e-15
	 	 	2	5.44916e-05	2.53811e+11	1.05018e+07	0.000743391	8	-1.57164e-16
	 	 	3	3.05637e-05	2.53818e+11	1.05018e+07	0.000743393	8	3.45761e-15
	 	 	4	7.78939e-06	2.5382e+11	1.05018e+07	0.000743394	8	0
	 	 	5	1.59431e-06	2.53821e+11	1.05018e+07	0.000743394	8	1.57164e-16
	 	 	6	3.223e-07	2.53821e+11	1.05018e+07	0.000743394	8	-3.14328e-15
	 	 	7	6.73394e-08	2.53821e+11	1.05018e+07	0.000743394	8	-3.14328e-16
	 	 	8	1.36297e-08	2.53821e+11	1.05018e+07	0.000743394	8	-1.41448e-15
	 	 	9	2.50349e-09	2.53821e+11	1.05018e+07	0.000743394	8	-6.28656e-16
	 60	5.64861e-05	1.05018e+07	0.398271	0.917268	2.30312	0.000743394	-1.79787e-16	-6.28656e-16
		 Mass/AM Itteration # 	 convergence 	 p_core 	 a 	 omega_rot 	 edge corot 	 AM error 
	 	 	1	1	2.53786e+11	1.0501e+07	0.000745163	8	-6.28656e-16
	 	 	2	0.00268809	2.53105e+11	1.05099e+07	0.000742736	9	2.2003e-15
	 	 	3	0.00206445	2.53629e+11	1.05062e+07	0.000743299	8	0
	 	 	4	0.000535447	2.53765e+11	1.05058e+07	0.000743385	8	-1.41448e-15
	 	 	5	0.00015454	2.53804e+11	1.05059e+07	0.00074339	8	-1.72881e-15
	 	 	6	4.35251e-05	2.53815e+11	1.05059e+07	0.000743389	8	-3.14328e-16
	 	 	7	1.08181e-05	2.53818e+11	1.05059e+07	0.000743388	8	3.14328e-16
	 	 	8	2.29064e-06	2.53818e+11	1.05059e+07	0.000743388	8	-3.14328e-16
	 	 	9	4.12016e-07	2.53819e+11	1.05059e+07	0.000743388	8	1.41448e-15
	 	 	10	6.32468e-08	2.53819e+11	1.05059e+07	0.000743388	8	1.41448e-15
	 	 	11	8.33755e-09	2.53819e+11	1.05059e+07	0.000743388	8	-3.14328e-16
	 61	1.35591e-05	1.05059e+07	0.398117	0.917335	2.30418	0.000743388	0	-3.14328e-16
		 Mass/AM Itteration # 	 convergence 	 p_core 	 a 	 omega_rot 	 edge corot 	 AM error 
	 	 	1	1	2.53786e+11	1.051e+07	0.000743425	8	2.04313e-15
	 	 	2	5.30265e-05	2.538e+11	1.051e+07	0.000743411	8	1.25731e-15
	 	 	3	3.10972e-05	2.53808e+11	1.051e+07	0.000743413	8	-4.71492e-16
	 	 	4	7.88652e-06	2.5381e+11	1.051e+07	0.000743413	8	-1.88597e-15
	 	 	5	1.58909e-06	2.5381e+11	1.051e+07	0.000743413	8	-2.35746e-15
	 	 	6	3.17495e-07	2.5381e+11	1.051e+07	0.000743413	8	-1.25731e-15
	 	 	7	6.64461e-08	2.5381e+11	1.051e+07	0.000743413	8	3.14328e-16
	 	 	8	1.35857e-08	2.5381e+11	1.051e+07	0.000743413	8	0
	 	 	9	2.52354e-09	2.5381e+11	1.051e+07	0.000743413	8	-2.2003e-15
	 62	5.82954e-05	1.051e+07	0.397959	0.917403	2.30527	0.000743413	-3.59574e-16	-2.2003e-15
		 Mass/AM Itteration # 	 convergence 	 p_core 	 a 	 omega_rot 	 edge corot 	 AM error 
	 	 	1	1	2.53773e+11	1.05093e+07	0.000745274	9	-1.57164e-16
	 	 	2	0.0027919	2.53066e+11	1.05185e+07	0.000742745	9	-6.28656e-16
	 	 	3	0.00215068	2.53611e+11	1.05146e+07	0.000743327	8	-4.71492e-16
	 	 	4	0.00054824	2.53751e+11	1.05143e+07	0.000743412	9	4.71492e-16
	 	 	5	0.000161015	2.53791e+11	1.05144e+07	0.000743417	9	-1.25731e-15
	 	 	6	4.56501e-05	2.53803e+11	1.05144e+07	0.000743417	9	-2.2003e-15
	 	 	7	1.12505e-05	2.53806e+11	1.05144e+07	0.000743416	9	-6.28656e-16
	 	 	8	2.38434e-06	2.53806e+11	1.05144e+07	0.000743416	9	1.88597e-15
	 	 	9	4.36915e-07	2.53807e+11	1.05144e+07	0.000743416	9	-1.25731e-15
	 	 	10	6.99149e-08	2.53807e+11	1.05144e+07	0.000743416	9	-2.98612e-15
	 	 	11	9.8855e-09	2.53807e+11	1.05144e+07	0.000743416	9	2.2003e-15
	 63	1.11234e-05	1.05144e+07	0.397794	0.917475	2.30641	0.000743416	1.79787e-16	2.2003e-15
		 Mass/AM Itteration # 	 convergence 	 p_core 	 a 	 omega_rot 	 edge corot 	 AM error 
	 	 	1	1	2.53771e+11	1.05187e+07	0.000743446	9	4.71492e-16
	 	 	2	7.40298e-05	2.5379e+11	1.05187e+07	0.000743438	9	-1.57164e-16
	 	 	3	3.74213e-05	2.53799e+11	1.05186e+07	0.000743441	9	1.10015e-15
	 	 	4	9.58099e-06	2.53802e+11	1.05186e+07	0.000743442	9	-7.85821e-16
	 	 	5	2.07745e-06	2.53802e+11	1.05186e+07	0.000743442	9	-1.57164e-15
	 	 	6	4.48802e-07	2.53803e+11	1.05186e+07	0.000743442	9	4.71492e-16
	 	 	7	9.67702e-08	2.53803e+11	1.05186e+07	0.000743442	9	2.04313e-15
	 	 	8	1.95365e-08	2.53803e+11	1.05186e+07	0.000743442	9	-2.67179e-15
	 	 	9	3.5292e-09	2.53803e+11	1.05186e+07	0.000743442	9	-1.41448e-15
	 64	5.90956e-05	1.05186e+07	0.397625	0.917548	2.30757	0.000743442	-1.79787e-16	-1.41448e-15
		 Mass/AM Itteration # 	 convergence 	 p_core 	 a 	 omega_rot 	 edge corot 	 AM error 
	 	 	1	1	2.53762e+11	1.05177e+07	0.000745295	9	-1.88597e-15
	 	 	2	0.0027941	2.53055e+11	1.0527e+07	0.000742744	9	-2.98612e-15
	 	 	3	0.00218675	2.5361e+11	1.05231e+07	0.000743336	9	2.04313e-15
	 	 	4	0.000560485	2.53752e+11	1.05228e+07	0.000743423	9	-1.25731e-15
	 	 	5	0.000161907	2.53793e+11	1.05228e+07	0.000743427	9	9.42985e-16
	 	 	6	4.56881e-05	2.53805e+11	1.05228e+07	0.000743425	9	6.28656e-16
	 	 	7	1.12672e-05	2.53808e+11	1.05228e+07	0.000743425	9	-1.57164e-16
	 	 	8	2.35663e-06	2.53808e+11	1.05228e+07	0.000743425	9	2.04313e-15
	 	 	9	4.18743e-07	2.53808e+11	1.05228e+07	0.000743425	9	-1.57164e-15
	 	 	10	6.36932e-08	2.53808e+11	1.05228e+07	0.000743425	9	-1.57164e-15
	 	 	11	8.36477e-09	2.53808e+11	1.05228e+07	0.000743425	9	-1.25731e-15
	 65	1.52218e-05	1.05228e+07	0.39746	0.91762	2.30871	0.000743425	-3.59574e-16	-1.25731e-15
		 Mass/AM Itteration # 	 convergence 	 p_core 	 a 	 omega_rot 	 edge corot 	 AM error 
	 	 	1	1	2.53775e+11	1.05267e+07	0.000743425	9	-1.88597e-15
	 	 	2	9.67247e-05	2.53799e+11	1.05266e+07	0.000743425	9	1.57164e-15
	 	 	3	4.09052e-05	2.5381e+11	1.05266e+07	0.000743429	9	-6.28656e-16
	 	 	4	1.06697e-05	2.53813e+11	1.05266e+07	0.000743429	9	7.85821e-16
	 	 	5	2.43599e-06	2.53813e+11	1.05266e+07	0.000743429	9	1.57164e-16
	 	 	6	5.39557e-07	2.53813e+11	1.05266e+07	0.000743429	9	-7.85821e-16
	 	 	7	1.14478e-07	2.53813e+11	1.05266e+07	0.000743429	9	1.72881e-15
	 	 	8	2.22584e-08	2.53813e+11	1.05266e+07	0.000743429	9	-9.42985e-16
	 	 	9	3.85579e-09	2.53813e+11	1.05266e+07	0.000743429	9	1.88597e-15
	 66	6.00656e-05	1.05266e+07	0.397306	0.917686	2.30977	0.000743429	0	1.88597e-15
		 Mass/AM Itteration # 	 convergence 	 p_core 	 a 	 omega_rot 	 edge corot 	 AM error 
	 	 	1	1	2.53779e+11	1.05254e+07	0.000745115	9	3.9291e-15
	 	 	2	0.00256209	2.5313e+11	1.05339e+07	0.000742772	9	1.57164e-15
	 	 	3	0.0020148	2.53641e+11	1.05303e+07	0.000743317	9	1.57164e-16
	 	 	4	0.000516621	2.53773e+11	1.053e+07	0.000743397	9	1.25731e-15
	 	 	5	0.000149235	2.5381e+11	1.05301e+07	0.000743401	9	-9.42985e-16
	 	 	6	4.21125e-05	2.53821e+11	1.05301e+07	0.0007434	9	2.35746e-15
	 	 	7	1.03845e-05	2.53824e+11	1.05301e+07	0.000743399	9	3.14328e-16
	 	 	8	2.17126e-06	2.53824e+11	1.05301e+07	0.000743399	9	1.57164e-15
	 	 	9	3.85514e-07	2.53824e+11	1.05301e+07	0.000743399	9	-1.57164e-16
	 	 	10	5.85617e-08	2.53824e+11	1.05301e+07	0.000743399	9	6.28656e-16
	 	 	11	7.67549e-09	2.53824e+11	1.05301e+07	0.000743399	9	-2.98612e-15
	 67	1.51117e-05	1.05301e+07	0.397168	0.917746	2.31073	0.000743399	1.79787e-16	-2.98612e-15
		 Mass/AM Itteration # 	 convergence 	 p_core 	 a 	 omega_rot 	 edge corot 	 AM error 
	 	 	1	1	2.53799e+11	1.05332e+07	0.000743397	9	-4.71492e-16
	 	 	2	7.83399e-05	2.53819e+11	1.05332e+07	0.000743396	9	-1.57164e-15
	 	 	3	3.32841e-05	2.53827e+11	1.05331e+07	0.000743399	9	-3.14328e-16
	 	 	4	8.69351e-06	2.53829e+11	1.05331e+07	0.0007434	9	-6.28656e-16
	 	 	5	1.98171e-06	2.5383e+11	1.05331e+07	0.0007434	9	1.72881e-15
	 	 	6	4.37798e-07	2.5383e+11	1.05331e+07	0.0007434	9	7.85821e-16
	 	 	7	9.26971e-08	2.5383e+11	1.05331e+07	0.0007434	9	-1.25731e-15
	 	 	8	1.80009e-08	2.5383e+11	1.05331e+07	0.0007434	9	-1.57164e-15
	 	 	9	3.11552e-09	2.5383e+11	1.05331e+07	0.0007434	9	3.61477e-15
	 68	5.09018e-05	1.05331e+07	0.397046	0.917799	2.31157	0.0007434	0	3.61477e-15
		 Mass/AM Itteration # 	 convergence 	 p_core 	 a 	 omega_rot 	 edge corot 	 AM error 
	 	 	1	1	2.53804e+11	1.0532e+07	0.000744871	9	-9.42985e-16
	 	 	2	0.00224021	2.53236e+11	1.05394e+07	0.000742834	9	6.28656e-16
	 	 	3	0.00174477	2.53679e+11	1.05363e+07	0.000743307	9	-1.10015e-15
	 	 	4	0.000447456	2.53792e+11	1.0536e+07	0.000743377	9	7.85821e-16
	 	 	5	0.000129246	2.53825e+11	1.05361e+07	0.00074338	9	-1.72881e-15
	 	 	6	3.64898e-05	2.53835e+11	1.05361e+07	0.000743379	9	-3.30045e-15
	 	 	7	9.00345e-06	2.53837e+11	1.05361e+07	0.000743379	9	-4.87209e-15
	 	 	8	1.88313e-06	2.53837e+11	1.05361e+07	0.000743379	9	1.41448e-15
	 	 	9	3.34307e-07	2.53837e+11	1.05361e+07	0.000743379	9	-3.14328e-16
	 	 	10	5.07408e-08	2.53837e+11	1.05361e+07	0.000743379	9	2.98612e-15
	 	 	11	6.6386e-09	2.53837e+11	1.05361e+07	0.000743379	9	-3.14328e-16
	 69	9.44176e-06	1.05361e+07	0.396935	0.917847	2.31233	0.000743379	-3.59574e-16	-3.14328e-16
		 Mass/AM Itteration # 	 convergence 	 p_core 	 a 	 omega_rot 	 edge corot 	 AM error 
	 	 	1	1	2.53817e+11	1.05388e+07	0.000743386	9	-1.57164e-16
	 	 	2	5.55951e-05	2.53831e+11	1.05387e+07	0.000743382	9	4.71492e-16
	 	 	3	2.58284e-05	2.53838e+11	1.05387e+07	0.000743385	9	6.28656e-16
	 	 	4	6.70021e-06	2.53839e+11	1.05387e+07	0.000743385	9	3.14328e-16
	 	 	5	1.48912e-06	2.5384e+11	1.05387e+07	0.000743385	9	7.85821e-16
	 	 	6	3.24386e-07	2.5384e+11	1.05387e+07	0.000743385	9	1.88597e-15
	 	 	7	6.90474e-08	2.5384e+11	1.05387e+07	0.000743385	9	-1.25731e-15
	 	 	8	1.3628e-08	2.5384e+11	1.05387e+07	0.000743385	9	-9.42985e-16
	 	 	9	2.40407e-09	2.5384e+11	1.05387e+07	0.000743385	9	-1.57164e-16
	 70	4.17732e-05	1.05387e+07	0.396833	0.917891	2.31304	0.000743385	0	-1.57164e-16
		 Mass/AM Itteration # 	 convergence 	 p_core 	 a 	 omega_rot 	 edge corot 	 AM error 
	 	 	1	1	2.53817e+11	1.05414e+07	0.000743375	9	9.42985e-16
	 	 	2	6.71778e-05	2.53834e+11	1.05413e+07	0.000743376	9	2.35746e-15
	 	 	3	2.83947e-05	2.53841e+11	1.05413e+07	0.000743378	9	1.41448e-15
	 	 	4	7.49979e-06	2.53843e+11	1.05413e+07	0.000743379	9	-4.71492e-16
	 	 	5	1.73397e-06	2.53844e+11	1.05413e+07	0.000743379	9	-4.71492e-16
	 	 	6	3.86452e-07	2.53844e+11	1.05413e+07	0.000743379	9	7.85821e-16
	 	 	7	8.18922e-08	2.53844e+11	1.05413e+07	0.000743379	9	-9.42985e-16
	 	 	8	1.5831e-08	2.53844e+11	1.05413e+07	0.000743379	9	-2.2003e-15
	 	 	9	2.72079e-09	2.53844e+11	1.05413e+07	0.000743379	9	-4.71492e-16
	 71	4.75866e-05	1.05413e+07	0.396735	0.917933	2.31372	0.000743379	1.79787e-16	-4.71492e-16
		 Mass/AM Itteration # 	 convergence 	 p_core 	 a 	 omega_rot 	 edge corot 	 AM error 
	 	 	1	1	2.53822e+11	1.05392e+07	0.000745015	9	1.57164e-15
	 	 	2	0.00250596	2.53188e+11	1.05475e+07	0.000742763	9	-6.28656e-16
	 	 	3	0.001917	2.53674e+11	1.0544e+07	0.000743284	9	-1.10015e-15
	 	 	4	0.000491851	2.53799e+11	1.05438e+07	0.000743361	9	-4.71492e-16
	 	 	5	0.00014209	2.53835e+11	1.05438e+07	0.000743365	9	-7.85821e-16
	 	 	6	4.01532e-05	2.53845e+11	1.05438e+07	0.000743364	9	-1.41448e-15
	 	 	7	9.91752e-06	2.53847e+11	1.05438e+07	0.000743363	9	3.77194e-15
	 	 	8	2.07579e-06	2.53848e+11	1.05438e+07	0.000743363	9	-3.14328e-16
	 	 	9	3.68594e-07	2.53848e+11	1.05438e+07	0.000743363	9	-2.82895e-15
	 	 	10	5.59242e-08	2.53848e+11	1.05438e+07	0.000743363	9	-1.57164e-16
	 	 	11	7.30917e-09	2.53848e+11	1.05438e+07	0.000743363	9	6.28656e-16
	 72	5.57442e-06	1.05438e+07	0.396643	0.917973	2.31436	0.000743363	3.59574e-16	6.28656e-16
		 Mass/AM Itteration # 	 convergence 	 p_core 	 a 	 omega_rot 	 edge corot 	 AM error 
	 	 	1	1	2.53831e+11	1.05462e+07	0.000743377	9	-1.41448e-15
	 	 	2	4.04606e-05	2.53841e+11	1.05461e+07	0.000743372	9	7.85821e-16
	 	 	3	2.04906e-05	2.53847e+11	1.05461e+07	0.000743374	9	1.57164e-16
	 	 	4	5.25756e-06	2.53848e+11	1.05461e+07	0.000743374	9	-1.72881e-15
	 	 	5	1.13455e-06	2.53848e+11	1.05461e+07	0.000743374	9	-1.41448e-15
	 	 	6	2.42889e-07	2.53848e+11	1.05461e+07	0.000743374	9	-6.28656e-16
	 	 	7	5.19588e-08	2.53848e+11	1.05461e+07	0.000743374	9	-1.25731e-15
	 	 	8	1.0437e-08	2.53848e+11	1.05461e+07	0.000743374	9	-1.57164e-15
	 	 	9	1.87878e-09	2.53848e+11	1.05461e+07	0.000743374	9	3.14328e-16
	 73	3.3396e-05	1.05461e+07	0.396553	0.918012	2.31498	0.000743374	0	3.14328e-16
		 Mass/AM Itteration # 	 convergence 	 p_core 	 a 	 omega_rot 	 edge corot 	 AM error 
	 	 	1	1	2.53828e+11	1.05485e+07	0.000743367	9	6.28656e-16
	 	 	2	5.77701e-05	2.53843e+11	1.05484e+07	0.000743367	9	1.57164e-15
	 	 	3	2.4734e-05	2.53849e+11	1.05484e+07	0.000743369	9	7.85821e-16
	 	 	4	6.52038e-06	2.53851e+11	1.05484e+07	0.00074337	9	-2.2003e-15
	 	 	5	1.49972e-06	2.53851e+11	1.05484e+07	0.00074337	9	-2.98612e-15
	 	 	6	3.33047e-07	2.53851e+11	1.05484e+07	0.00074337	9	-1.25731e-15
	 	 	7	7.0526e-08	2.53851e+11	1.05484e+07	0.00074337	9	-2.98612e-15
	 	 	8	1.3646e-08	2.53851e+11	1.05484e+07	0.00074337	9	3.45761e-15
	 	 	9	2.34799e-09	2.53851e+11	1.05484e+07	0.00074337	9	0
	 74	4.16851e-05	1.05484e+07	0.396466	0.918049	2.31558	0.00074337	-5.39361e-16	0
		 Mass/AM Itteration # 	 convergence 	 p_core 	 a 	 omega_rot 	 edge corot 	 AM error 
	 	 	1	1	2.53832e+11	1.05463e+07	0.000744944	9	-4.71492e-16
	 	 	2	0.00241408	2.5322e+11	1.05542e+07	0.000742779	9	9.42985e-16
	 	 	3	0.00184025	2.53687e+11	1.05509e+07	0.00074328	9	1.10015e-15
	 	 	4	0.00047238	2.53807e+11	1.05506e+07	0.000743354	9	1.41448e-15
	 	 	5	0.000136409	2.53842e+11	1.05507e+07	0.000743358	9	-7.85821e-16
	 	 	6	3.85528e-05	2.53851e+11	1.05507e+07	0.000743356	9	2.2003e-15
	 	 	7	9.52283e-06	2.53854e+11	1.05507e+07	0.000743356	9	6.28656e-16
	 	 	8	1.99217e-06	2.53854e+11	1.05507e+07	0.000743356	9	-2.51463e-15
	 	 	9	3.53389e-07	2.53854e+11	1.05507e+07	0.000743356	9	0
	 	 	10	5.35421e-08	2.53855e+11	1.05507e+07	0.000743356	9	1.72881e-15
	 	 	11	6.98734e-09	2.53855e+11	1.05507e+07	0.000743356	9	2.82895e-15
	 75	8.77196e-06	1.05507e+07	0.396383	0.918085	2.31616	0.000743356	0	2.82895e-15
		 Mass/AM Itteration # 	 convergence 	 p_core 	 a 	 omega_rot 	 edge corot 	 AM error 
	 	 	1	1	2.53839e+11	1.05528e+07	0.000743371	9	2.98612e-15
	 	 	2	3.42599e-05	2.53848e+11	1.05528e+07	0.000743366	9	1.88597e-15
	 	 	3	1.79981e-05	2.53853e+11	1.05528e+07	0.000743367	9	3.14328e-16
	 	 	4	4.59208e-06	2.53854e+11	1.05528e+07	0.000743368	9	1.57164e-16
	 	 	5	9.76604e-07	2.53854e+11	1.05528e+07	0.000743368	9	4.40059e-15
	 	 	6	2.0756e-07	2.53854e+11	1.05528e+07	0.000743368	9	-6.28656e-16
	 	 	7	4.46554e-08	2.53854e+11	1.05528e+07	0.000743368	9	3.14328e-16
	 	 	8	9.07803e-09	2.53854e+11	1.05528e+07	0.000743368	9	0
	 76	2.92933e-05	1.05528e+07	0.396302	0.91812	2.31672	0.000743368	-5.39361e-16	0
		 Mass/AM Itteration # 	 convergence 	 p_core 	 a 	 omega_rot 	 edge corot 	 AM error 
	 	 	1	1	2.53835e+11	1.05549e+07	0.000743362	9	2.67179e-15
	 	 	2	5.13128e-05	2.53848e+11	1.05549e+07	0.000743362	9	-3.14328e-16
	 	 	3	2.22903e-05	2.53854e+11	1.05548e+07	0.000743364	9	2.51463e-15
	 	 	4	5.86058e-06	2.53856e+11	1.05548e+07	0.000743364	9	-9.42985e-16
	 	 	5	1.34011e-06	2.53856e+11	1.05548e+07	0.000743364	9	0
	 	 	6	2.97228e-07	2.53856e+11	1.05548e+07	0.000743364	9	2.2003e-15
	 	 	7	6.32105e-08	2.53856e+11	1.05548e+07	0.000743364	9	-1.25731e-15
	 	 	8	1.23105e-08	2.53856e+11	1.05548e+07	0.000743364	9	4.24343e-15
	 	 	9	2.13034e-09	2.53856e+11	1.05548e+07	0.000743364	9	1.10015e-15
	 77	3.76916e-05	1.05548e+07	0.396222	0.918155	2.31727	0.000743364	0	1.10015e-15
		 Mass/AM Itteration # 	 convergence 	 p_core 	 a 	 omega_rot 	 edge corot 	 AM error 
	 	 	1	1	2.53838e+11	1.05529e+07	0.00074483	9	-6.28656e-16
	 	 	2	0.00224892	2.53268e+11	1.05603e+07	0.000742815	9	1.88597e-15
	 	 	3	0.00171252	2.53703e+11	1.05572e+07	0.000743281	9	0
	 	 	4	0.000439655	2.53814e+11	1.05569e+07	0.000743351	9	-1.57164e-15
	 	 	5	0.00012686	2.53847e+11	1.05569e+07	0.000743354	9	-3.14328e-16
	 	 	6	3.58346e-05	2.53856e+11	1.05569e+07	0.000743353	9	0
	 	 	7	8.84972e-06	2.53858e+11	1.05569e+07	0.000743353	9	1.25731e-15
	 	 	8	1.85006e-06	2.53858e+11	1.05569e+07	0.000743353	9	3.14328e-15
	 	 	9	3.27367e-07	2.53859e+11	1.05569e+07	0.000743353	9	-7.85821e-16
	 	 	10	4.93042e-08	2.53859e+11	1.05569e+07	0.000743353	9	-2.04313e-15
	 	 	11	6.35775e-09	2.53859e+11	1.05569e+07	0.000743353	9	7.85821e-16
	 78	8.97011e-06	1.05569e+07	0.396146	0.918187	2.3178	0.000743353	-3.59574e-16	7.85821e-16
		 Mass/AM Itteration # 	 convergence 	 p_core 	 a 	 omega_rot 	 edge corot 	 AM error 
	 	 	1	1	2.53844e+11	1.05589e+07	0.000743368	9	2.51463e-15
	 	 	2	3.06595e-05	2.53852e+11	1.05589e+07	0.000743362	9	2.51463e-15
	 	 	3	1.64118e-05	2.53856e+11	1.05589e+07	0.000743364	9	9.42985e-16
	 	 	4	4.1745e-06	2.53857e+11	1.05589e+07	0.000743364	9	-4.71492e-16
	 	 	5	8.81092e-07	2.53858e+11	1.05589e+07	0.000743364	9	7.85821e-16
	 	 	6	1.86356e-07	2.53858e+11	1.05589e+07	0.000743364	9	-1.25731e-15
	 	 	7	4.0134e-08	2.53858e+11	1.05589e+07	0.000743364	9	9.42985e-16
	 	 	8	8.19309e-09	2.53858e+11	1.05589e+07	0.000743364	9	1.57164e-15
	 79	2.68245e-05	1.05589e+07	0.396071	0.91822	2.31832	0.000743364	1.79787e-16	1.57164e-15
		 Mass/AM Itteration # 	 convergence 	 p_core 	 a 	 omega_rot 	 edge corot 	 AM error 
	 	 	1	1	2.5384e+11	1.05609e+07	0.00074336	9	-1.10015e-15
	 	 	2	4.67545e-05	2.53852e+11	1.05609e+07	0.00074336	9	-4.71492e-16
	 	 	3	2.05252e-05	2.53857e+11	1.05608e+07	0.000743362	9	1.57164e-16
	 	 	4	5.38593e-06	2.53858e+11	1.05608e+07	0.000743362	9	-1.88597e-15
	 	 	5	1.22646e-06	2.53859e+11	1.05608e+07	0.000743362	9	-2.82895e-15
	 	 	6	2.71439e-07	2.53859e+11	1.05608e+07	0.000743362	9	-1.10015e-15
	 	 	7	5.77681e-08	2.53859e+11	1.05608e+07	0.000743362	9	3.61477e-15
	 	 	8	1.12751e-08	2.53859e+11	1.05608e+07	0.000743362	9	1.10015e-15
	 	 	9	1.95573e-09	2.53859e+11	1.05608e+07	0.000743362	9	7.85821e-16
	 80	3.48607e-05	1.05608e+07	0.395996	0.918252	2.31884	0.000743362	0	7.85821e-16
		 Mass/AM Itteration # 	 convergence 	 p_core 	 a 	 omega_rot 	 edge corot 	 AM error 
	 	 	1	1	2.53842e+11	1.05628e+07	0.00074336	9	9.42985e-16
	 	 	2	4.41636e-05	2.53853e+11	1.05628e+07	0.000743359	9	2.04313e-15
	 	 	3	1.96687e-05	2.53858e+11	1.05628e+07	0.000743361	9	2.35746e-15
	 	 	4	5.1437e-06	2.53859e+11	1.05628e+07	0.000743361	9	-2.67179e-15
	 	 	5	1.16351e-06	2.5386e+11	1.05628e+07	0.000743361	9	2.98612e-15
	 	 	6	2.56566e-07	2.5386e+11	1.05628e+07	0.000743361	9	0
	 	 	7	5.4656e-08	2.5386e+11	1.05628e+07	0.000743361	9	1.72881e-15
	 	 	8	1.07064e-08	2.5386e+11	1.05628e+07	0.000743361	9	-3.45761e-15
	 	 	9	1.8653e-09	2.5386e+11	1.05628e+07	0.000743361	9	-3.14328e-16
	 81	3.36167e-05	1.05628e+07	0.395924	0.918283	2.31934	0.000743361	-1.79787e-16	-3.14328e-16
		 Mass/AM Itteration # 	 convergence 	 p_core 	 a 	 omega_rot 	 edge corot 	 AM error 
	 	 	1	1	2.53843e+11	1.05602e+07	0.000744989	9	-1.57164e-15
	 	 	2	0.00250721	2.53208e+11	1.05684e+07	0.000742754	9	-1.57164e-15
	 	 	3	0.00189585	2.53689e+11	1.0565e+07	0.000743271	9	-6.28656e-16
	 	 	4	0.000486592	2.53812e+11	1.05647e+07	0.000743348	9	6.28656e-16
	 	 	5	0.000140407	2.53848e+11	1.05647e+07	0.000743352	9	3.61477e-15
	 	 	6	3.96758e-05	2.53858e+11	1.05647e+07	0.00074335	9	-1.25731e-15
	 	 	7	9.79996e-06	2.53861e+11	1.05647e+07	0.00074335	9	4.71492e-16
	 	 	8	2.04825e-06	2.53861e+11	1.05647e+07	0.00074335	9	-3.14328e-16
	 	 	9	3.62159e-07	2.53861e+11	1.05647e+07	0.00074335	9	-1.88597e-15
	 	 	10	5.44646e-08	2.53861e+11	1.05647e+07	0.00074335	9	-2.04313e-15
	 	 	11	7.00718e-09	2.53861e+11	1.05647e+07	0.00074335	9	4.08627e-15
	 82	1.72623e-05	1.05647e+07	0.395854	0.918314	2.31983	0.00074335	1.79787e-16	4.08627e-15
		 Mass/AM Itteration # 	 convergence 	 p_core 	 a 	 omega_rot 	 edge corot 	 AM error 
	 	 	1	1	2.53848e+11	1.05666e+07	0.000743368	9	1.10015e-15
	 	 	2	2.50532e-05	2.53855e+11	1.05666e+07	0.000743363	9	0
	 	 	3	1.44442e-05	2.53858e+11	1.05666e+07	0.000743364	9	-3.14328e-16
	 	 	4	3.63477e-06	2.53859e+11	1.05666e+07	0.000743364	9	7.85821e-16
	 	 	5	7.46344e-07	2.53859e+11	1.05666e+07	0.000743364	9	-1.41448e-15
	 	 	6	1.55115e-07	2.53859e+11	1.05666e+07	0.000743364	9	1.10015e-15
	 	 	7	3.35778e-08	2.53859e+11	1.05666e+07	0.000743364	9	0
	 	 	8	6.97468e-09	2.53859e+11	1.05666e+07	0.000743364	9	-3.30045e-15
	 83	2.33928e-05	1.05666e+07	0.395782	0.918344	2.32033	0.000743364	-1.79787e-16	-3.30045e-15
		 Mass/AM Itteration # 	 convergence 	 p_core 	 a 	 omega_rot 	 edge corot 	 AM error 
	 	 	1	1	2.53843e+11	1.05685e+07	0.000743361	9	-1.57164e-15
	 	 	2	4.33698e-05	2.53854e+11	1.05684e+07	0.00074336	9	-6.28656e-16
	 	 	3	1.92204e-05	2.53859e+11	1.05684e+07	0.000743362	9	-6.28656e-16
	 	 	4	5.03487e-06	2.5386e+11	1.05684e+07	0.000743362	9	-9.42985e-16
	 	 	5	1.14227e-06	2.5386e+11	1.05684e+07	0.000743362	9	1.10015e-15
	 	 	6	2.52327e-07	2.5386e+11	1.05684e+07	0.000743362	9	3.30045e-15
	 	 	7	5.37362e-08	2.5386e+11	1.05684e+07	0.000743362	9	-1.10015e-15
	 	 	8	1.05079e-08	2.5386e+11	1.05684e+07	0.000743362	9	1.10015e-15
	 	 	9	1.82614e-09	2.5386e+11	1.05684e+07	0.000743362	9	1.41448e-15
	 84	3.27298e-05	1.05684e+07	0.395711	0.918375	2.32082	0.000743362	-1.79787e-16	1.41448e-15
		 Mass/AM Itteration # 	 convergence 	 p_core 	 a 	 omega_rot 	 edge corot 	 AM error 
	 	 	1	1	2.53844e+11	1.05703e+07	0.000743362	9	1.57164e-16
	 	 	2	4.10101e-05	2.53854e+11	1.05703e+07	0.00074336	9	-3.14328e-16
	 	 	3	1.84959e-05	2.53859e+11	1.05703e+07	0.000743362	9	1.72881e-15
	 	 	4	4.82602e-06	2.5386e+11	1.05703e+07	0.000743362	9	9.42985e-16
	 	 	5	1.08617e-06	2.5386e+11	1.05703e+07	0.000743362	9	4.71492e-15
	 	 	6	2.38869e-07	2.5386e+11	1.05703e+07	0.000743362	9	-1.57164e-16
	 	 	7	5.09293e-08	2.5386e+11	1.05703e+07	0.000743362	9	-1.57164e-15
	 	 	8	1.00028e-08	2.5386e+11	1.05703e+07	0.000743362	9	1.72881e-15
	 	 	9	1.74767e-09	2.5386e+11	1.05703e+07	0.000743362	9	2.04313e-15
	 85	3.17545e-05	1.05703e+07	0.395642	0.918405	2.3213	0.000743362	3.59574e-16	2.04313e-15
		 Mass/AM Itteration # 	 convergence 	 p_core 	 a 	 omega_rot 	 edge corot 	 AM error 
	 	 	1	1	2.53844e+11	1.05676e+07	0.000745	9	4.71492e-16
	 	 	2	0.00252544	2.53205e+11	1.05759e+07	0.000742753	9	3.14328e-16
	 	 	3	0.00190606	2.53688e+11	1.05724e+07	0.000743273	9	-1.25731e-15
	 	 	4	0.00048912	2.53812e+11	1.05721e+07	0.00074335	9	4.71492e-16
	 	 	5	0.000141094	2.53848e+11	1.05722e+07	0.000743354	9	-1.57164e-16
	 	 	6	3.98738e-05	2.53858e+11	1.05722e+07	0.000743353	9	-3.45761e-15
	 	 	7	9.84953e-06	2.53861e+11	1.05722e+07	0.000743352	9	1.72881e-15
	 	 	8	2.05809e-06	2.53861e+11	1.05722e+07	0.000743352	9	-1.41448e-15
	 	 	9	3.63628e-07	2.53861e+11	1.05722e+07	0.000743352	9	-4.71492e-16
	 	 	10	5.46089e-08	2.53861e+11	1.05722e+07	0.000743352	9	9.42985e-16
	 	 	11	7.01049e-09	2.53861e+11	1.05722e+07	0.000743352	9	-2.98612e-15
	 86	1.91688e-05	1.05722e+07	0.395574	0.918434	2.32178	0.000743352	0	-2.98612e-15
		 Mass/AM Itteration # 	 convergence 	 p_core 	 a 	 omega_rot 	 edge corot 	 AM error 
	 	 	1	1	2.53849e+11	1.0574e+07	0.000743372	9	2.98612e-15
	 	 	2	2.26838e-05	2.53854e+11	1.0574e+07	0.000743366	9	1.72881e-15
	 	 	3	1.36311e-05	2.53858e+11	1.0574e+07	0.000743367	9	3.14328e-16
	 	 	4	3.41175e-06	2.53859e+11	1.0574e+07	0.000743367	9	-2.82895e-15
	 	 	5	6.90303e-07	2.53859e+11	1.0574e+07	0.000743367	9	1.72881e-15
	 	 	6	1.42095e-07	2.53859e+11	1.0574e+07	0.000743367	9	3.30045e-15
	 	 	7	3.08544e-08	2.53859e+11	1.0574e+07	0.000743367	9	1.57164e-16
	 	 	8	6.47119e-09	2.53859e+11	1.0574e+07	0.000743367	9	-3.14328e-16
	 87	2.20991e-05	1.0574e+07	0.395504	0.918464	2.32226	0.000743367	0	-3.14328e-16
		 Mass/AM Itteration # 	 convergence 	 p_core 	 a 	 omega_rot 	 edge corot 	 AM error 
	 	 	1	1	2.53842e+11	1.05758e+07	0.000743366	9	-1.57164e-16
	 	 	2	4.12038e-05	2.53853e+11	1.05758e+07	0.000743365	9	1.88597e-15
	 	 	3	1.85298e-05	2.53857e+11	1.05758e+07	0.000743366	9	9.42985e-16
	 	 	4	4.84355e-06	2.53859e+11	1.05758e+07	0.000743367	9	-1.41448e-15
	 	 	5	1.09305e-06	2.53859e+11	1.05758e+07	0.000743367	9	-3.14328e-15
	 	 	6	2.40779e-07	2.53859e+11	1.05758e+07	0.000743367	9	1.57164e-16
	 	 	7	5.13285e-08	2.53859e+11	1.05758e+07	0.000743367	9	-7.85821e-16
	 	 	8	1.00668e-08	2.53859e+11	1.05758e+07	0.000743367	9	0
	 	 	9	1.75506e-09	2.53859e+11	1.05758e+07	0.000743367	9	2.04313e-15
	 88	3.17258e-05	1.05758e+07	0.395434	0.918494	2.32275	0.000743367	0	2.04313e-15
		 Mass/AM Itteration # 	 convergence 	 p_core 	 a 	 omega_rot 	 edge corot 	 AM error 
	 	 	1	1	2.53843e+11	1.05777e+07	0.000743367	9	6.28656e-16
	 	 	2	3.91927e-05	2.53853e+11	1.05776e+07	0.000743366	9	1.10015e-15
	 	 	3	1.79704e-05	2.53857e+11	1.05776e+07	0.000743367	9	-9.42985e-16
	 	 	4	4.67769e-06	2.53858e+11	1.05776e+07	0.000743368	9	3.14328e-16
	 	 	5	1.04648e-06	2.53859e+11	1.05776e+07	0.000743368	9	3.45761e-15
	 	 	6	2.29399e-07	2.53859e+11	1.05776e+07	0.000743368	9	2.51463e-15
	 	 	7	4.89671e-08	2.53859e+11	1.05776e+07	0.000743368	9	-1.72881e-15
	 	 	8	9.65051e-09	2.53859e+11	1.05776e+07	0.000743368	9	3.14328e-15
	 89	3.10406e-05	1.05776e+07	0.395365	0.918524	2.32323	0.000743368	3.59574e-16	3.14328e-15
		 Mass/AM Itteration # 	 convergence 	 p_core 	 a 	 omega_rot 	 edge corot 	 AM error 
	 	 	1	1	2.53842e+11	1.0575e+07	0.000744996	9	1.25731e-15
	 	 	2	0.0025116	2.53206e+11	1.05832e+07	0.000742763	9	1.88597e-15
	 	 	3	0.00189443	2.53687e+11	1.05798e+07	0.00074328	9	1.72881e-15
	 	 	4	0.000486043	2.5381e+11	1.05795e+07	0.000743357	9	4.40059e-15
	 	 	5	0.000140147	2.53846e+11	1.05795e+07	0.000743361	9	-3.14328e-16
	 	 	6	3.96086e-05	2.53856e+11	1.05795e+07	0.000743359	9	-3.14328e-15
	 	 	7	9.78517e-06	2.53858e+11	1.05795e+07	0.000743359	9	9.42985e-16
	 	 	8	2.04424e-06	2.53859e+11	1.05795e+07	0.000743359	9	-1.10015e-15
	 	 	9	3.60929e-07	2.53859e+11	1.05795e+07	0.000743359	9	1.57164e-15
	 	 	10	5.41314e-08	2.53859e+11	1.05795e+07	0.000743359	9	-4.71492e-16
	 	 	11	6.93478e-09	2.53859e+11	1.05795e+07	0.000743359	9	1.41448e-15
	 90	1.93137e-05	1.05795e+07	0.395297	0.918553	2.32371	0.000743359	5.39361e-16	1.41448e-15
		 Mass/AM Itteration # 	 convergence 	 p_core 	 a 	 omega_rot 	 edge corot 	 AM error 
	 	 	1	1	2.53846e+11	1.05814e+07	0.00074338	9	9.42985e-16
	 	 	2	2.19128e-05	2.53851e+11	1.05814e+07	0.000743373	9	-1.57164e-16
	 	 	3	1.35332e-05	2.53855e+11	1.05814e+07	0.000743374	9	1.41448e-15
	 	 	4	3.37713e-06	2.53856e+11	1.05814e+07	0.000743375	9	-9.42985e-16
	 	 	5	6.77157e-07	2.53856e+11	1.05814e+07	0.000743375	9	-1.41448e-15
	 	 	6	1.38575e-07	2.53856e+11	1.05814e+07	0.000743375	9	-1.57164e-16
	 	 	7	3.01584e-08	2.53856e+11	1.05814e+07	0.000743375	9	-6.28656e-16
	 	 	8	6.36489e-09	2.53856e+11	1.05814e+07	0.000743375	9	-3.14328e-16
	 91	2.20612e-05	1.05814e+07	0.395226	0.918584	2.3242	0.000743375	5.39361e-16	-3.14328e-16
		 Mass/AM Itteration # 	 convergence 	 p_core 	 a 	 omega_rot 	 edge corot 	 AM error 
	 	 	1	1	2.53839e+11	1.05833e+07	0.000743375	9	0
	 	 	2	4.03806e-05	2.53849e+11	1.05833e+07	0.000743373	9	-4.71492e-16
	 	 	3	1.84894e-05	2.53854e+11	1.05832e+07	0.000743375	9	-1.57164e-16
	 	 	4	4.82146e-06	2.53855e+11	1.05832e+07	0.000743375	9	-2.2003e-15
	 	 	5	1.08125e-06	2.53855e+11	1.05832e+07	0.000743375	9	1.88597e-15
	 	 	6	2.37381e-07	2.53855e+11	1.05832e+07	0.000743375	9	-1.57164e-15
	 	 	7	5.06697e-08	2.53855e+11	1.05832e+07	0.000743375	9	-2.2003e-15
	 	 	8	9.97443e-09	2.53855e+11	1.05832e+07	0.000743375	9	-2.98612e-15
	 92	3.18537e-05	1.05832e+07	0.395154	0.918615	2.3247	0.000743375	-5.39361e-16	-2.98612e-15
		 Mass/AM Itteration # 	 convergence 	 p_core 	 a 	 omega_rot 	 edge corot 	 AM error 
	 	 	1	1	2.53838e+11	1.05852e+07	0.000743378	9	7.85821e-16
	 	 	2	3.87076e-05	2.53848e+11	1.05851e+07	0.000743375	9	2.2003e-15
	 	 	3	1.80982e-05	2.53853e+11	1.05851e+07	0.000743377	9	-1.57164e-15
	 	 	4	4.69919e-06	2.53854e+11	1.05851e+07	0.000743377	9	2.2003e-15
	 	 	5	1.04419e-06	2.53854e+11	1.05851e+07	0.000743377	9	1.57164e-16
	 	 	6	2.28052e-07	2.53854e+11	1.05851e+07	0.000743377	9	3.14328e-15
	 	 	7	4.87478e-08	2.53854e+11	1.05851e+07	0.000743377	9	1.72881e-15
	 	 	8	9.64637e-09	2.53854e+11	1.05851e+07	0.000743377	9	0
	 93	3.14689e-05	1.05851e+07	0.395083	0.918645	2.32519	0.000743377	-1.79787e-16	0
		 Mass/AM Itteration # 	 convergence 	 p_core 	 a 	 omega_rot 	 edge corot 	 AM error 
	 	 	1	1	2.53837e+11	1.05825e+07	0.000745028	9	1.57164e-15
	 	 	2	0.00254574	2.53192e+11	1.05909e+07	0.000742754	10	-1.10015e-15
	 	 	3	0.00190472	2.53675e+11	1.05875e+07	0.000743281	9	1.57164e-16
	 	 	4	0.000501777	2.53803e+11	1.05871e+07	0.000743364	9	4.71492e-16
	 	 	5	0.000146049	2.5384e+11	1.05871e+07	0.000743371	9	1.41448e-15
	 	 	6	4.10246e-05	2.5385e+11	1.05871e+07	0.00074337	9	-4.71492e-16
	 	 	7	1.02829e-05	2.53853e+11	1.05871e+07	0.00074337	9	7.85821e-16
	 	 	8	2.21772e-06	2.53853e+11	1.05871e+07	0.00074337	9	1.57164e-16
	 	 	9	4.09324e-07	2.53854e+11	1.05871e+07	0.00074337	9	-1.57164e-15
	 	 	10	6.49006e-08	2.53854e+11	1.05871e+07	0.00074337	9	1.88597e-15
	 	 	11	8.89593e-09	2.53854e+11	1.05871e+07	0.00074337	9	-3.14328e-16
	 94	1.92642e-05	1.05871e+07	0.395012	0.918676	2.32569	0.00074337	1.79787e-16	-3.14328e-16
		 Mass/AM Itteration # 	 convergence 	 p_core 	 a 	 omega_rot 	 edge corot 	 AM error 
	 	 	1	1	2.5384e+11	1.05891e+07	0.000743393	9	2.35746e-15
	 	 	2	2.21137e-05	2.53845e+11	1.05891e+07	0.000743386	9	-9.42985e-16
	 	 	3	1.40147e-05	2.53849e+11	1.05891e+07	0.000743387	9	7.85821e-16
	 	 	4	3.48958e-06	2.5385e+11	1.05891e+07	0.000743387	9	7.85821e-16
	 	 	5	6.94317e-07	2.5385e+11	1.05891e+07	0.000743387	9	2.35746e-15
	 	 	6	1.41378e-07	2.5385e+11	1.05891e+07	0.000743387	9	1.88597e-15
	 	 	7	3.08377e-08	2.5385e+11	1.05891e+07	0.000743387	9	9.42985e-16
	 	 	8	6.54526e-09	2.5385e+11	1.05891e+07	0.000743387	9	1.41448e-15
	 95	2.30284e-05	1.05891e+07	0.394937	0.918708	2.32621	0.000743387	1.79787e-16	1.41448e-15
		 Mass/AM Itteration # 	 convergence 	 p_core 	 a 	 omega_rot 	 edge corot 	 AM error 
	 	 	1	1	2.53831e+11	1.05911e+07	0.000743389	9	-9.42985e-16
	 	 	2	4.08269e-05	2.53842e+11	1.05911e+07	0.000743387	9	-1.25731e-15
	 	 	3	1.91238e-05	2.53847e+11	1.05911e+07	0.000743389	9	1.72881e-15
	 	 	4	4.97344e-06	2.53848e+11	1.05911e+07	0.000743389	9	7.85821e-16
	 	 	5	1.10684e-06	2.53848e+11	1.05911e+07	0.000743389	9	-6.28656e-16
	 	 	6	2.41993e-07	2.53848e+11	1.05911e+07	0.000743389	9	-4.71492e-16
	 	 	7	5.17392e-08	2.53848e+11	1.05911e+07	0.000743389	9	-2.98612e-15
	 	 	8	1.02328e-08	2.53848e+11	1.05911e+07	0.000743389	9	2.04313e-15
	 	 	9	1.80038e-09	2.53848e+11	1.05911e+07	0.000743389	9	3.14328e-16
	 96	3.31967e-05	1.05911e+07	0.394861	0.918741	2.32675	0.000743389	-1.79787e-16	3.14328e-16
		 Mass/AM Itteration # 	 convergence 	 p_core 	 a 	 omega_rot 	 edge corot 	 AM error 
	 	 	1	1	2.5383e+11	1.05932e+07	0.000743394	9	-1.57164e-15
	 	 	2	3.94226e-05	2.5384e+11	1.05931e+07	0.000743391	9	7.85821e-16
	 	 	3	1.89035e-05	2.53845e+11	1.05931e+07	0.000743392	9	1.41448e-15
	 	 	4	4.89493e-06	2.53846e+11	1.05931e+07	0.000743393	9	-1.57164e-16
	 	 	5	1.07912e-06	2.53846e+11	1.05931e+07	0.000743393	9	-9.42985e-16
	 	 	6	2.34675e-07	2.53846e+11	1.05931e+07	0.000743393	9	-3.30045e-15
	 	 	7	5.02624e-08	2.53846e+11	1.05931e+07	0.000743393	9	1.10015e-15
	 	 	8	9.99827e-09	2.53846e+11	1.05931e+07	0.000743393	9	-3.14328e-16
	 97	3.31388e-05	1.05931e+07	0.394784	0.918774	2.32728	0.000743393	-1.79787e-16	-3.14328e-16
		 Mass/AM Itteration # 	 convergence 	 p_core 	 a 	 omega_rot 	 edge corot 	 AM error 
	 	 	1	1	2.53827e+11	1.05904e+07	0.000745123	9	-1.10015e-15
	 	 	2	0.00266864	2.53152e+11	1.05992e+07	0.000742747	10	2.51463e-15
	 	 	3	0.00200272	2.5366e+11	1.05956e+07	0.000743298	9	-1.41448e-15
	 	 	4	0.000521582	2.53792e+11	1.05953e+07	0.000743383	9	1.57164e-16
	 	 	5	0.000150989	2.5383e+11	1.05953e+07	0.000743388	9	-1.25731e-15
	 	 	6	4.25407e-05	2.53841e+11	1.05953e+07	0.000743387	9	-1.57164e-16
	 	 	7	1.05972e-05	2.53844e+11	1.05953e+07	0.000743387	9	6.28656e-16
	 	 	8	2.25278e-06	2.53844e+11	1.05953e+07	0.000743387	9	1.57164e-16
	 	 	9	4.07306e-07	2.53844e+11	1.05953e+07	0.000743387	9	-2.04313e-15
	 	 	10	6.29243e-08	2.53844e+11	1.05953e+07	0.000743387	9	1.41448e-15
	 	 	11	8.3608e-09	2.53844e+11	1.05953e+07	0.000743387	9	2.82895e-15
	 98	1.96746e-05	1.05953e+07	0.394706	0.918807	2.32783	0.000743387	3.59574e-16	2.82895e-15
		 Mass/AM Itteration # 	 convergence 	 p_core 	 a 	 omega_rot 	 edge corot 	 AM error 
	 	 	1	1	2.53829e+11	1.05974e+07	0.000743413	9	-1.57164e-16
	 	 	2	2.29755e-05	2.53834e+11	1.05974e+07	0.000743405	9	-7.85821e-16
	 	 	3	1.50912e-05	2.53838e+11	1.05974e+07	0.000743406	9	0
	 	 	4	3.7465e-06	2.53839e+11	1.05974e+07	0.000743406	9	2.51463e-15
	 	 	5	7.38385e-07	2.53839e+11	1.05974e+07	0.000743406	9	-6.28656e-16
	 	 	6	1.49591e-07	2.53839e+11	1.05974e+07	0.000743406	9	-1.57164e-16
	 	 	7	3.27914e-08	2.53839e+11	1.05974e+07	0.000743406	9	-4.71492e-16
	 	 	8	7.02479e-09	2.53839e+11	1.05974e+07	0.000743406	9	-1.57164e-16
	 99	2.50693e-05	1.05974e+07	0.394624	0.918843	2.3284	0.000743406	3.59574e-16	-1.57164e-16
		 Mass/AM Itteration # 	 convergence 	 p_core 	 a 	 omega_rot 	 edge corot 	 AM error 
	 	 	1	1	2.53819e+11	1.05997e+07	0.000743412	9	-1.57164e-16
	 	 	2	4.25322e-05	2.5383e+11	1.05997e+07	0.000743408	9	-6.28656e-16
	 	 	3	2.05498e-05	2.53835e+11	1.05997e+07	0.00074341	9	3.14328e-16
	 	 	4	5.32469e-06	2.53836e+11	1.05997e+07	0.000743411	9	2.04313e-15
	 	 	5	1.17407e-06	2.53837e+11	1.05997e+07	0.000743411	9	-2.04313e-15
	 	 	6	2.55685e-07	2.53837e+11	1.05997e+07	0.000743411	9	-4.71492e-16
	 	 	7	5.489e-08	2.53837e+11	1.05997e+07	0.000743411	9	1.10015e-15
	 	 	8	1.09437e-08	2.53837e+11	1.05997e+07	0.000743411	9	7.85821e-16
	 	 	9	1.94181e-09	2.53837e+11	1.05997e+07	0.000743411	9	-1.41448e-15
	 100	3.6031e-05	1.05997e+07	0.394538	0.91888	2.329	0.000743411	-1.79787e-16	-1.41448e-15
		 Mass/AM Itteration # 	 convergence 	 p_core 	 a 	 omega_rot 	 edge corot 	 AM error 
	 	 	1	1	2.53815e+11	1.05977e+07	0.00074498	9	9.42985e-16
	 	 	2	0.00241217	2.53205e+11	1.06056e+07	0.000742831	10	-1.88597e-15
	 	 	3	0.00182438	2.53667e+11	1.06023e+07	0.000743329	9	-2.35746e-15
	 	 	4	0.000470135	2.53787e+11	1.0602e+07	0.000743404	9	-2.04313e-15
	 	 	5	0.000135494	2.53821e+11	1.0602e+07	0.000743408	9	-2.04313e-15
	 	 	6	3.82479e-05	2.53831e+11	1.06021e+07	0.000743407	9	-4.71492e-16
	 	 	7	9.47688e-06	2.53833e+11	1.06021e+07	0.000743407	9	-7.85821e-16
	 	 	8	1.99062e-06	2.53834e+11	1.06021e+07	0.000743407	9	-3.61477e-15
	 	 	9	3.53736e-07	2.53834e+11	1.06021e+07	0.000743407	9	3.14328e-16
	 	 	10	5.34153e-08	2.53834e+11	1.06021e+07	0.000743407	9	-4.71492e-16
	 	 	11	6.89087e-09	2.53834e+11	1.06021e+07	0.000743407	9	-2.04313e-15
	 101	1.17461e-05	1.06021e+07	0.394452	0.918917	2.3296	0.000743407	-1.79787e-16	-2.04313e-15
		 Mass/AM Itteration # 	 convergence 	 p_core 	 a 	 omega_rot 	 edge corot 	 AM error 
	 	 	1	1	2.53815e+11	1.06045e+07	0.000743436	10	-1.10015e-15
	 	 	2	2.83859e-05	2.53823e+11	1.06044e+07	0.000743428	10	2.35746e-15
	 	 	3	1.75942e-05	2.53827e+11	1.06044e+07	0.000743429	10	4.71492e-16
	 	 	4	4.38213e-06	2.53828e+11	1.06044e+07	0.00074343	10	-1.10015e-15
	 	 	5	9.03192e-07	2.53828e+11	1.06044e+07	0.00074343	10	-4.71492e-16
	 	 	6	1.93075e-07	2.53828e+11	1.06044e+07	0.00074343	10	-1.41448e-15
	 	 	7	4.32325e-08	2.53828e+11	1.06044e+07	0.00074343	10	-2.67179e-15
	 	 	8	9.20056e-09	2.53828e+11	1.06044e+07	0.00074343	10	1.25731e-15
	 102	2.72961e-05	1.06044e+07	0.394361	0.918956	2.33024	0.00074343	1.79787e-16	1.25731e-15
		 Mass/AM Itteration # 	 convergence 	 p_core 	 a 	 omega_rot 	 edge corot 	 AM error 
	 	 	1	1	2.53805e+11	1.06069e+07	0.000743432	10	-7.85821e-16
	 	 	2	5.60978e-05	2.53819e+11	1.06068e+07	0.000743431	10	1.10015e-15
	 	 	3	2.48864e-05	2.53826e+11	1.06068e+07	0.000743434	10	-4.71492e-16
	 	 	4	6.48612e-06	2.53827e+11	1.06068e+07	0.000743434	10	-3.14328e-16
	 	 	5	1.49689e-06	2.53828e+11	1.06068e+07	0.000743434	10	-6.28656e-16
	 	 	6	3.40287e-07	2.53828e+11	1.06068e+07	0.000743434	10	1.41448e-15
	 	 	7	7.42981e-08	2.53828e+11	1.06068e+07	0.000743434	10	1.57164e-16
	 	 	8	1.4782e-08	2.53828e+11	1.06068e+07	0.000743434	10	3.14328e-16
	 	 	9	2.6027e-09	2.53828e+11	1.06068e+07	0.000743434	10	1.88597e-15
	 103	3.79714e-05	1.06068e+07	0.394267	0.918996	2.3309	0.000743434	0	1.88597e-15
		 Mass/AM Itteration # 	 convergence 	 p_core 	 a 	 omega_rot 	 edge corot 	 AM error 
	 	 	1	1	2.53805e+11	1.06049e+07	0.000744983	10	-1.41448e-15
	 	 	2	0.00235817	2.53208e+11	1.06126e+07	0.000742857	10	-1.25731e-15
	 	 	3	0.00180863	2.53667e+11	1.06094e+07	0.000743349	10	4.71492e-16
	 	 	4	0.000463847	2.53784e+11	1.06091e+07	0.000743421	10	-2.67179e-15
	 	 	5	0.0001342	2.53818e+11	1.06092e+07	0.000743424	10	3.14328e-16
	 	 	6	3.78937e-05	2.53828e+11	1.06092e+07	0.000743423	10	-7.85821e-16
	 	 	7	9.34631e-06	2.5383e+11	1.06092e+07	0.000743423	10	1.57164e-15
	 	 	8	1.95517e-06	2.53831e+11	1.06092e+07	0.000743423	10	-1.72881e-15
	 	 	9	3.47555e-07	2.53831e+11	1.06092e+07	0.000743423	10	-1.41448e-15
	 	 	10	5.29072e-08	2.53831e+11	1.06092e+07	0.000743423	10	1.57164e-16
	 	 	11	6.95657e-09	2.53831e+11	1.06092e+07	0.000743423	10	1.57164e-16
	 104	8.85465e-06	1.06092e+07	0.394177	0.919035	2.33153	0.000743423	1.79787e-16	1.57164e-16
		 Mass/AM Itteration # 	 convergence 	 p_core 	 a 	 omega_rot 	 edge corot 	 AM error 
	 	 	1	1	2.53813e+11	1.06113e+07	0.000743428	10	1.10015e-15
	 	 	2	5.09671e-05	2.53826e+11	1.06113e+07	0.000743427	10	3.30045e-15
	 	 	3	2.21572e-05	2.53831e+11	1.06113e+07	0.00074343	10	-1.10015e-15
	 	 	4	5.72462e-06	2.53833e+11	1.06113e+07	0.00074343	10	4.71492e-16
	 	 	5	1.30821e-06	2.53833e+11	1.06113e+07	0.00074343	10	2.98612e-15
	 	 	6	2.94688e-07	2.53833e+11	1.06113e+07	0.00074343	10	-3.61477e-15
	 	 	7	6.39802e-08	2.53833e+11	1.06113e+07	0.00074343	10	-4.71492e-16
	 	 	8	1.26991e-08	2.53833e+11	1.06113e+07	0.00074343	10	1.57164e-16
	 	 	9	2.23498e-09	2.53833e+11	1.06113e+07	0.00074343	10	1.25731e-15
	 105	2.95175e-05	1.06113e+07	0.394092	0.919071	2.33212	0.00074343	0	1.25731e-15
		 Mass/AM Itteration # 	 convergence 	 p_core 	 a 	 omega_rot 	 edge corot 	 AM error 
	 	 	1	1	2.53814e+11	1.06133e+07	0.000743412	10	-1.25731e-15
	 	 	2	6.5874e-05	2.5383e+11	1.06132e+07	0.000743417	10	-1.41448e-15
	 	 	3	2.52228e-05	2.53837e+11	1.06132e+07	0.00074342	10	-1.10015e-15
	 	 	4	6.69619e-06	2.53838e+11	1.06132e+07	0.00074342	10	7.85821e-16
	 	 	5	1.60921e-06	2.53839e+11	1.06132e+07	0.00074342	10	-6.28656e-16
	 	 	6	3.70155e-07	2.53839e+11	1.06132e+07	0.00074342	10	3.14328e-16
	 	 	7	7.91939e-08	2.53839e+11	1.06132e+07	0.00074342	10	1.72881e-15
	 	 	8	1.52113e-08	2.53839e+11	1.06132e+07	0.00074342	10	-1.25731e-15
	 	 	9	2.57807e-09	2.53839e+11	1.06132e+07	0.00074342	10	-7.85821e-16
	 106	3.67776e-05	1.06132e+07	0.394016	0.919104	2.33266	0.00074342	1.79787e-16	-7.85821e-16
		 Mass/AM Itteration # 	 convergence 	 p_core 	 a 	 omega_rot 	 edge corot 	 AM error 
	 	 	1	1	2.53822e+11	1.06149e+07	0.000743404	10	7.85821e-16
	 	 	2	5.74997e-05	2.53836e+11	1.06149e+07	0.000743408	10	-3.14328e-16
	 	 	3	2.21758e-05	2.53842e+11	1.06149e+07	0.000743411	10	-9.42985e-16
	 	 	4	5.87854e-06	2.53844e+11	1.06149e+07	0.000743411	10	2.35746e-15
	 	 	5	1.40609e-06	2.53844e+11	1.06149e+07	0.000743411	10	4.71492e-16
	 	 	6	3.22299e-07	2.53844e+11	1.06149e+07	0.000743411	10	3.14328e-16
	 	 	7	6.88901e-08	2.53844e+11	1.06149e+07	0.000743411	10	1.57164e-16
	 	 	8	1.3241e-08	2.53844e+11	1.06149e+07	0.000743411	10	-7.85821e-16
	 	 	9	2.24707e-09	2.53844e+11	1.06149e+07	0.000743411	10	-1.25731e-15
	 107	3.31767e-05	1.06149e+07	0.39395	0.919132	2.33312	0.000743411	-3.59574e-16	-1.25731e-15
		 Mass/AM Itteration # 	 convergence 	 p_core 	 a 	 omega_rot 	 edge corot 	 AM error 
	 	 	1	1	2.53829e+11	1.0612e+07	0.00074499	10	-2.67179e-15
	 	 	2	0.00243077	2.53214e+11	1.062e+07	0.000742816	10	-2.04313e-15
	 	 	3	0.00184205	2.53681e+11	1.06167e+07	0.000743319	10	1.57164e-15
	 	 	4	0.000472426	2.53801e+11	1.06164e+07	0.000743392	10	-1.10015e-15
	 	 	5	0.000136776	2.53836e+11	1.06165e+07	0.000743396	10	9.42985e-16
	 	 	6	3.86439e-05	2.53846e+11	1.06165e+07	0.000743395	10	4.71492e-16
	 	 	7	9.52961e-06	2.53848e+11	1.06165e+07	0.000743394	10	-4.71492e-16
	 	 	8	1.99149e-06	2.53849e+11	1.06165e+07	0.000743394	10	-1.25731e-15
	 	 	9	3.53426e-07	2.53849e+11	1.06165e+07	0.000743394	10	-3.77194e-15
	 	 	10	5.36835e-08	2.53849e+11	1.06165e+07	0.000743394	10	9.42985e-16
	 	 	11	7.04116e-09	2.53849e+11	1.06165e+07	0.000743394	10	0
	 108	1.92847e-05	1.06165e+07	0.393892	0.919157	2.33353	0.000743394	1.79787e-16	0
		 Mass/AM Itteration # 	 convergence 	 p_core 	 a 	 omega_rot 	 edge corot 	 AM error 
	 	 	1	1	2.53839e+11	1.06179e+07	0.000743406	10	7.85821e-16
	 	 	2	2.45597e-05	2.53845e+11	1.06179e+07	0.000743403	10	-1.57164e-16
	 	 	3	1.26164e-05	2.53848e+11	1.06179e+07	0.000743404	10	4.71492e-16
	 	 	4	3.20083e-06	2.53849e+11	1.06179e+07	0.000743404	10	1.57164e-15
	 	 	5	6.93741e-07	2.53849e+11	1.06179e+07	0.000743404	10	0
	 	 	6	1.51859e-07	2.53849e+11	1.06179e+07	0.000743404	10	-6.28656e-16
	 	 	7	3.33274e-08	2.53849e+11	1.06179e+07	0.000743404	10	-1.88597e-15
	 	 	8	6.82103e-09	2.53849e+11	1.06179e+07	0.000743404	10	-2.67179e-15
	 109	1.78676e-05	1.06179e+07	0.393836	0.919181	2.33391	0.000743404	-3.59574e-16	-2.67179e-15
		 Mass/AM Itteration # 	 convergence 	 p_core 	 a 	 omega_rot 	 edge corot 	 AM error 
	 	 	1	1	2.53837e+11	1.06193e+07	0.000743396	10	-1.57164e-16
	 	 	2	3.9043e-05	2.53847e+11	1.06193e+07	0.000743398	10	1.25731e-15
	 	 	3	1.60941e-05	2.53851e+11	1.06193e+07	0.000743399	10	-3.14328e-16
	 	 	4	4.25665e-06	2.53852e+11	1.06193e+07	0.0007434	10	-1.41448e-15
	 	 	5	1.00414e-06	2.53852e+11	1.06193e+07	0.0007434	10	-1.25731e-15
	 	 	6	2.29022e-07	2.53852e+11	1.06193e+07	0.0007434	10	2.04313e-15
	 	 	7	4.92514e-08	2.53852e+11	1.06193e+07	0.0007434	10	2.35746e-15
	 	 	8	9.5761e-09	2.53852e+11	1.06193e+07	0.0007434	10	9.42985e-16
	 110	2.55473e-05	1.06193e+07	0.393784	0.919203	2.33428	0.0007434	-1.79787e-16	9.42985e-16
		 Mass/AM Itteration # 	 convergence 	 p_core 	 a 	 omega_rot 	 edge corot 	 AM error 
	 	 	1	1	2.53841e+11	1.06206e+07	0.000743393	10	1.57164e-16
	 	 	2	3.56633e-05	2.5385e+11	1.06206e+07	0.000743394	10	2.04313e-15
	 	 	3	1.48304e-05	2.53853e+11	1.06206e+07	0.000743396	10	1.10015e-15
	 	 	4	3.90776e-06	2.53854e+11	1.06206e+07	0.000743396	10	6.28656e-16
	 	 	5	9.16851e-07	2.53855e+11	1.06206e+07	0.000743396	10	3.30045e-15
	 	 	6	2.08591e-07	2.53855e+11	1.06206e+07	0.000743396	10	4.71492e-16
	 	 	7	4.48986e-08	2.53855e+11	1.06206e+07	0.000743396	10	4.71492e-16
	 	 	8	8.75322e-09	2.53855e+11	1.06206e+07	0.000743396	10	-1.10015e-15
	 111	2.36567e-05	1.06206e+07	0.393736	0.919223	2.33462	0.000743396	5.39361e-16	-1.10015e-15
		 Mass/AM Itteration # 	 convergence 	 p_core 	 a 	 omega_rot 	 edge corot 	 AM error 
	 	 	1	1	2.53844e+11	1.06218e+07	0.000743391	10	-2.98612e-15
	 	 	2	3.25508e-05	2.53852e+11	1.06218e+07	0.000743392	10	-6.28656e-16
	 	 	3	1.3725e-05	2.53855e+11	1.06218e+07	0.000743393	10	1.41448e-15
	 	 	4	3.60867e-06	2.53856e+11	1.06218e+07	0.000743394	10	2.51463e-15
	 	 	5	8.43e-07	2.53857e+11	1.06218e+07	0.000743394	10	1.25731e-15
	 	 	6	1.91485e-07	2.53857e+11	1.06218e+07	0.000743394	10	2.67179e-15
	 	 	7	4.12828e-08	2.53857e+11	1.06218e+07	0.000743394	10	-6.28656e-16
	 	 	8	8.07347e-09	2.53857e+11	1.06218e+07	0.000743394	10	-2.98612e-15
	 112	2.20049e-05	1.06218e+07	0.393691	0.919243	2.33493	0.000743394	-1.79787e-16	-2.98612e-15
		 Mass/AM Itteration # 	 convergence 	 p_core 	 a 	 omega_rot 	 edge corot 	 AM error 
	 	 	1	1	2.53846e+11	1.06188e+07	0.000744891	10	1.41448e-15
	 	 	2	0.0023118	2.53261e+11	1.06264e+07	0.000742835	10	4.71492e-16
	 	 	3	0.0017366	2.53701e+11	1.06232e+07	0.00074331	10	-2.35746e-15
	 	 	4	0.000445305	2.53814e+11	1.0623e+07	0.00074338	10	-4.71492e-16
	 	 	5	0.000128951	2.53847e+11	1.0623e+07	0.000743383	10	-3.14328e-16
	 	 	6	3.64423e-05	2.53856e+11	1.0623e+07	0.000743382	10	-9.42985e-16
	 	 	7	8.98508e-06	2.53859e+11	1.0623e+07	0.000743382	10	1.25731e-15
	 	 	8	1.87691e-06	2.53859e+11	1.0623e+07	0.000743381	10	0
	 	 	9	3.32822e-07	2.53859e+11	1.0623e+07	0.000743381	10	-7.85821e-16
	 	 	10	5.04826e-08	2.53859e+11	1.0623e+07	0.000743381	10	2.67179e-15
	 	 	11	6.60699e-09	2.53859e+11	1.0623e+07	0.000743381	10	4.71492e-16
	 113	2.51711e-05	1.0623e+07	0.393648	0.919261	2.33523	0.000743381	-1.79787e-16	4.71492e-16
		 Mass/AM Itteration # 	 convergence 	 p_core 	 a 	 omega_rot 	 edge corot 	 AM error 
	 	 	1	1	2.53852e+11	1.06241e+07	0.000743395	10	7.85821e-16
	 	 	2	1.47964e-05	2.53856e+11	1.06241e+07	0.000743391	10	-6.28656e-16
	 	 	3	8.62071e-06	2.53858e+11	1.06241e+07	0.000743392	10	1.10015e-15
	 	 	4	2.14865e-06	2.53859e+11	1.06241e+07	0.000743392	10	1.57164e-16
	 	 	5	4.46484e-07	2.53859e+11	1.06241e+07	0.000743392	10	-1.88597e-15
	 	 	6	9.56173e-08	2.53859e+11	1.06241e+07	0.000743392	10	-1.57164e-16
	 	 	7	2.1244e-08	2.53859e+11	1.06241e+07	0.000743392	10	3.14328e-16
	 	 	8	4.47015e-09	2.53859e+11	1.06241e+07	0.000743392	10	2.98612e-15
	 114	1.17615e-05	1.06241e+07	0.393606	0.919279	2.33553	0.000743392	0	2.98612e-15
		 Mass/AM Itteration # 	 convergence 	 p_core 	 a 	 omega_rot 	 edge corot 	 AM error 
	 	 	1	1	2.53849e+11	1.06252e+07	0.000743386	10	-3.9291e-15
	 	 	2	2.99041e-05	2.53857e+11	1.06252e+07	0.000743387	10	-7.85821e-16
	 	 	3	1.23591e-05	2.5386e+11	1.06251e+07	0.000743388	10	2.82895e-15
	 	 	4	3.2659e-06	2.53861e+11	1.06251e+07	0.000743389	10	2.82895e-15
	 	 	5	7.69551e-07	2.53861e+11	1.06251e+07	0.000743389	10	-2.82895e-15
	 	 	6	1.75454e-07	2.53861e+11	1.06251e+07	0.000743389	10	2.82895e-15
	 	 	7	3.77408e-08	2.53861e+11	1.06251e+07	0.000743389	10	1.10015e-15
	 	 	8	7.34037e-09	2.53861e+11	1.06251e+07	0.000743389	10	-6.28656e-16
	 115	1.96571e-05	1.06251e+07	0.393565	0.919297	2.33582	0.000743389	-1.79787e-16	-6.28656e-16
		 Mass/AM Itteration # 	 convergence 	 p_core 	 a 	 omega_rot 	 edge corot 	 AM error 
	 	 	1	1	2.53852e+11	1.06262e+07	0.000743384	10	-7.85821e-16
	 	 	2	2.72217e-05	2.53859e+11	1.06262e+07	0.000743385	10	-9.42985e-16
	 	 	3	1.13848e-05	2.53862e+11	1.06261e+07	0.000743386	10	6.28656e-16
	 	 	4	2.99513e-06	2.53863e+11	1.06261e+07	0.000743386	10	-7.85821e-16
	 	 	5	7.00952e-07	2.53863e+11	1.06261e+07	0.000743386	10	-1.41448e-15
	 	 	6	1.59309e-07	2.53863e+11	1.06261e+07	0.000743386	10	1.57164e-16
	 	 	7	3.43101e-08	2.53863e+11	1.06261e+07	0.000743386	10	1.72881e-15
	 	 	8	6.69678e-09	2.53863e+11	1.06261e+07	0.000743386	10	1.57164e-16
	 116	1.82168e-05	1.06261e+07	0.393528	0.919313	2.33608	0.000743386	3.59574e-16	1.57164e-16
		 Mass/AM Itteration # 	 convergence 	 p_core 	 a 	 omega_rot 	 edge corot 	 AM error 
	 	 	1	1	2.53854e+11	1.06271e+07	0.000743383	10	-1.57164e-15
	 	 	2	2.48344e-05	2.5386e+11	1.06271e+07	0.000743383	10	7.85821e-16
	 	 	3	1.05648e-05	2.53863e+11	1.06271e+07	0.000743384	10	-4.71492e-16
	 	 	4	2.77319e-06	2.53864e+11	1.06271e+07	0.000743385	10	6.28656e-16
	 	 	5	6.45757e-07	2.53864e+11	1.06271e+07	0.000743385	10	1.41448e-15
	 	 	6	1.46493e-07	2.53864e+11	1.06271e+07	0.000743385	10	-1.25731e-15
	 	 	7	3.16116e-08	2.53864e+11	1.06271e+07	0.000743385	10	-1.57164e-16
	 	 	8	6.19341e-09	2.53864e+11	1.06271e+07	0.000743385	10	-2.2003e-15
	 117	1.69996e-05	1.06271e+07	0.393493	0.919328	2.33633	0.000743385	-1.79787e-16	-2.2003e-15
		 Mass/AM Itteration # 	 convergence 	 p_core 	 a 	 omega_rot 	 edge corot 	 AM error 
	 	 	1	1	2.53856e+11	1.0628e+07	0.000743382	10	-6.28656e-16
	 	 	2	2.36629e-05	2.53862e+11	1.0628e+07	0.000743382	10	4.71492e-16
	 	 	3	1.00839e-05	2.53864e+11	1.0628e+07	0.000743383	10	-1.57164e-15
	 	 	4	2.64563e-06	2.53865e+11	1.0628e+07	0.000743383	10	1.25731e-15
	 	 	5	6.15626e-07	2.53865e+11	1.0628e+07	0.000743383	10	3.61477e-15
	 	 	6	1.39633e-07	2.53865e+11	1.0628e+07	0.000743383	10	-9.42985e-16
	 	 	7	3.01411e-08	2.53865e+11	1.0628e+07	0.000743383	10	1.41448e-15
	 	 	8	5.90844e-09	2.53865e+11	1.0628e+07	0.000743383	10	-4.71492e-16
	 118	1.62029e-05	1.0628e+07	0.393459	0.919342	2.33656	0.000743383	0	-4.71492e-16
		 Mass/AM Itteration # 	 convergence 	 p_core 	 a 	 omega_rot 	 edge corot 	 AM error 
	 	 	1	1	2.53857e+11	1.06289e+07	0.00074338	10	-1.88597e-15
	 	 	2	2.27174e-05	2.53863e+11	1.06289e+07	0.000743381	10	-4.71492e-16
	 	 	3	9.67217e-06	2.53865e+11	1.06289e+07	0.000743382	10	4.71492e-16
	 	 	4	2.53704e-06	2.53866e+11	1.06289e+07	0.000743382	10	-1.41448e-15
	 	 	5	5.9034e-07	2.53866e+11	1.06289e+07	0.000743382	10	1.41448e-15
	 	 	6	1.33898e-07	2.53866e+11	1.06289e+07	0.000743382	10	4.71492e-16
	 	 	7	2.89027e-08	2.53866e+11	1.06289e+07	0.000743382	10	-3.14328e-16
	 	 	8	5.66535e-09	2.53866e+11	1.06289e+07	0.000743382	10	-2.04313e-15
	 119	1.5508e-05	1.06289e+07	0.393427	0.919356	2.33679	0.000743382	0	-2.04313e-15
		 Mass/AM Itteration # 	 convergence 	 p_core 	 a 	 omega_rot 	 edge corot 	 AM error 
	 	 	1	1	2.53859e+11	1.06256e+07	0.000744879	10	2.2003e-15
	 	 	2	0.00232009	2.53271e+11	1.06332e+07	0.000742825	10	-7.85821e-16
	 	 	3	0.0017324	2.5371e+11	1.063e+07	0.000743299	10	2.82895e-15
	 	 	4	0.000444164	2.53823e+11	1.06298e+07	0.000743369	10	-2.51463e-15
	 	 	5	0.000128631	2.53856e+11	1.06298e+07	0.000743372	10	1.41448e-15
	 	 	6	3.63625e-05	2.53865e+11	1.06298e+07	0.000743371	10	1.88597e-15
	 	 	7	8.96676e-06	2.53867e+11	1.06298e+07	0.000743371	10	-4.71492e-16
	 	 	8	1.87276e-06	2.53868e+11	1.06298e+07	0.000743371	10	-2.51463e-15
	 	 	9	3.3188e-07	2.53868e+11	1.06298e+07	0.000743371	10	-9.42985e-16
	 	 	10	5.02795e-08	2.53868e+11	1.06298e+07	0.000743371	10	7.85821e-16
	 	 	11	6.56823e-09	2.53868e+11	1.06298e+07	0.000743371	10	-4.71492e-16
	 120	3.11389e-05	1.06298e+07	0.393396	0.919369	2.33701	0.000743371	0	-4.71492e-16
		 Mass/AM Itteration # 	 convergence 	 p_core 	 a 	 omega_rot 	 edge corot 	 AM error 
	 	 	1	1	2.53864e+11	1.06306e+07	0.000743385	10	-3.14328e-16
	 	 	2	6.73507e-06	2.53866e+11	1.06306e+07	0.000743382	10	0
	 	 	3	5.22318e-06	2.53867e+11	1.06306e+07	0.000743382	10	1.57164e-16
	 	 	4	1.25379e-06	2.53867e+11	1.06306e+07	0.000743382	10	4.71492e-16
	 	 	5	2.36938e-07	2.53867e+11	1.06306e+07	0.000743382	10	2.67179e-15
	 	 	6	4.79554e-08	2.53867e+11	1.06306e+07	0.000743382	10	-7.85821e-16
	 	 	7	1.09697e-08	2.53867e+11	1.06306e+07	0.000743382	10	6.28656e-16
	 	 	8	2.46263e-09	2.53867e+11	1.06306e+07	0.000743382	10	3.14328e-15
	 121	6.26171e-06	1.06306e+07	0.393364	0.919383	2.33723	0.000743382	3.59574e-16	3.14328e-15
		 Mass/AM Itteration # 	 convergence 	 p_core 	 a 	 omega_rot 	 edge corot 	 AM error 
	 	 	1	1	2.5386e+11	1.06314e+07	0.000743377	10	2.82895e-15
	 	 	2	2.20747e-05	2.53866e+11	1.06314e+07	0.000743378	10	1.25731e-15
	 	 	3	9.10108e-06	2.53868e+11	1.06314e+07	0.000743379	10	6.28656e-16
	 	 	4	2.40716e-06	2.53869e+11	1.06314e+07	0.000743379	10	1.10015e-15
	 	 	5	5.67945e-07	2.53869e+11	1.06314e+07	0.000743379	10	9.42985e-16
	 	 	6	1.29558e-07	2.53869e+11	1.06314e+07	0.000743379	10	-1.10015e-15
	 	 	7	2.78558e-08	2.53869e+11	1.06314e+07	0.000743379	10	3.9291e-15
	 	 	8	5.4117e-09	2.53869e+11	1.06314e+07	0.000743379	10	4.71492e-16
	 122	1.44536e-05	1.06314e+07	0.393334	0.919396	2.33744	0.000743379	-1.79787e-16	4.71492e-16
		 Mass/AM Itteration # 	 convergence 	 p_core 	 a 	 omega_rot 	 edge corot 	 AM error 
	 	 	1	1	2.53862e+11	1.06321e+07	0.000743376	10	4.71492e-16
	 	 	2	1.98787e-05	2.53867e+11	1.06321e+07	0.000743377	10	-2.51463e-15
	 	 	3	8.33031e-06	2.53869e+11	1.06321e+07	0.000743378	10	1.57164e-15
	 	 	4	2.19023e-06	2.5387e+11	1.06321e+07	0.000743378	10	-1.57164e-16
	 	 	5	5.12007e-07	2.5387e+11	1.06321e+07	0.000743378	10	-2.2003e-15
	 	 	6	1.16296e-07	2.5387e+11	1.06321e+07	0.000743378	10	-1.88597e-15
	 	 	7	2.50465e-08	2.5387e+11	1.06321e+07	0.000743378	10	-1.10015e-15
	 	 	8	4.8895e-09	2.5387e+11	1.06321e+07	0.000743378	10	0
	 123	1.33508e-05	1.06321e+07	0.393307	0.919407	2.33763	0.000743378	-1.79787e-16	0
		 Mass/AM Itteration # 	 convergence 	 p_core 	 a 	 omega_rot 	 edge corot 	 AM error 
	 	 	1	1	2.53864e+11	1.06328e+07	0.000743376	10	-1.57164e-15
	 	 	2	1.79297e-05	2.53868e+11	1.06328e+07	0.000743376	10	-6.28656e-16
	 	 	3	7.69625e-06	2.5387e+11	1.06328e+07	0.000743377	10	1.57164e-16
	 	 	4	2.01738e-06	2.53871e+11	1.06328e+07	0.000743377	10	0
	 	 	5	4.68308e-07	2.53871e+11	1.06328e+07	0.000743377	10	-4.71492e-16
	 	 	6	1.06096e-07	2.53871e+11	1.06328e+07	0.000743377	10	-4.71492e-16
	 	 	7	2.29126e-08	2.53871e+11	1.06328e+07	0.000743377	10	-1.57164e-16
	 	 	8	4.49672e-09	2.53871e+11	1.06328e+07	0.000743377	10	-1.10015e-15
	 124	1.24387e-05	1.06328e+07	0.393281	0.919418	2.33782	0.000743377	1.79787e-16	-1.10015e-15
		 Mass/AM Itteration # 	 convergence 	 p_core 	 a 	 omega_rot 	 edge corot 	 AM error 
	 	 	1	1	2.53865e+11	1.06335e+07	0.000743375	10	3.14328e-16
	 	 	2	1.71863e-05	2.53869e+11	1.06335e+07	0.000743375	10	-1.41448e-15
	 	 	3	7.39339e-06	2.53871e+11	1.06335e+07	0.000743376	10	-6.28656e-16
	 	 	4	1.93683e-06	2.53871e+11	1.06335e+07	0.000743376	10	6.28656e-16
	 	 	5	4.49243e-07	2.53871e+11	1.06335e+07	0.000743376	10	1.10015e-15
	 	 	6	1.01759e-07	2.53871e+11	1.06335e+07	0.000743376	10	-1.10015e-15
	 	 	7	2.19861e-08	2.53871e+11	1.06335e+07	0.000743376	10	-1.41448e-15
	 	 	8	4.3179e-09	2.53871e+11	1.06335e+07	0.000743376	10	-1.88597e-15
	 125	1.19282e-05	1.06335e+07	0.393256	0.919429	2.33799	0.000743376	5.39361e-16	-1.88597e-15
		 Mass/AM Itteration # 	 convergence 	 p_core 	 a 	 omega_rot 	 edge corot 	 AM error 
	 	 	1	1	2.53865e+11	1.06341e+07	0.000743374	10	0
	 	 	2	1.66545e-05	2.5387e+11	1.06341e+07	0.000743374	10	-1.88597e-15
	 	 	3	7.15053e-06	2.53871e+11	1.06341e+07	0.000743375	10	1.57164e-16
	 	 	4	1.87286e-06	2.53872e+11	1.06341e+07	0.000743375	10	-3.61477e-15
	 	 	5	4.34503e-07	2.53872e+11	1.06341e+07	0.000743375	10	4.71492e-16
	 	 	6	9.84338e-08	2.53872e+11	1.06341e+07	0.000743375	10	-1.57164e-15
	 	 	7	2.12657e-08	2.53872e+11	1.06341e+07	0.000743375	10	-1.25731e-15
	 	 	8	4.1755e-09	2.53872e+11	1.06341e+07	0.000743375	10	-4.71492e-16
	 126	1.15014e-05	1.06341e+07	0.393231	0.91944	2.33816	0.000743375	-7.19148e-16	-4.71492e-16
		 Mass/AM Itteration # 	 convergence 	 p_core 	 a 	 omega_rot 	 edge corot 	 AM error 
	 	 	1	1	2.53866e+11	1.06348e+07	0.000743374	10	-1.88597e-15
	 	 	2	1.61164e-05	2.5387e+11	1.06348e+07	0.000743374	10	2.2003e-15
	 	 	3	6.9101e-06	2.53872e+11	1.06348e+07	0.000743374	10	-4.40059e-15
	 	 	4	1.80963e-06	2.53873e+11	1.06348e+07	0.000743375	10	-2.82895e-15
	 	 	5	4.19882e-07	2.53873e+11	1.06348e+07	0.000743375	10	-1.41448e-15
	 	 	6	9.5127e-08	2.53873e+11	1.06348e+07	0.000743375	10	-6.28656e-16
	 	 	7	2.05497e-08	2.53873e+11	1.06348e+07	0.000743375	10	1.72881e-15
	 	 	8	4.03426e-09	2.53873e+11	1.06348e+07	0.000743375	10	-3.45761e-15
	 127	1.10926e-05	1.06348e+07	0.393208	0.91945	2.33833	0.000743375	-1.79787e-16	-3.45761e-15
		 Mass/AM Itteration # 	 convergence 	 p_core 	 a 	 omega_rot 	 edge corot 	 AM error 
	 	 	1	1	2.53867e+11	1.06354e+07	0.000743373	10	3.14328e-16
	 	 	2	1.55602e-05	2.53871e+11	1.06354e+07	0.000743373	10	6.28656e-16
	 	 	3	6.66981e-06	2.53873e+11	1.06354e+07	0.000743374	10	-1.57164e-15
	 	 	4	1.74642e-06	2.53873e+11	1.06354e+07	0.000743374	10	-9.42985e-16
	 	 	5	4.05174e-07	2.53873e+11	1.06354e+07	0.000743374	10	1.10015e-15
	 	 	6	9.17914e-08	2.53873e+11	1.06354e+07	0.000743374	10	-2.51463e-15
	 	 	7	1.98292e-08	2.53873e+11	1.06354e+07	0.000743374	10	-3.14328e-16
	 	 	8	3.89286e-09	2.53873e+11	1.06354e+07	0.000743374	10	-3.14328e-16
	 128	1.06958e-05	1.06354e+07	0.393185	0.919459	2.33849	0.000743374	0	-3.14328e-16
		 Mass/AM Itteration # 	 convergence 	 p_core 	 a 	 omega_rot 	 edge corot 	 AM error 
	 	 	1	1	2.53868e+11	1.0636e+07	0.000743372	10	7.85821e-16
	 	 	2	1.50132e-05	2.53872e+11	1.0636e+07	0.000743373	10	-1.72881e-15
	 	 	3	6.43686e-06	2.53873e+11	1.06359e+07	0.000743373	10	-9.42985e-16
	 	 	4	1.68517e-06	2.53874e+11	1.06359e+07	0.000743373	10	-9.42985e-16
	 	 	5	3.90888e-07	2.53874e+11	1.06359e+07	0.000743373	10	0
	 	 	6	8.85476e-08	2.53874e+11	1.06359e+07	0.000743373	10	-1.57164e-16
	 	 	7	1.91292e-08	2.53874e+11	1.06359e+07	0.000743373	10	1.41448e-15
	 	 	8	3.75575e-09	2.53874e+11	1.06359e+07	0.000743373	10	3.14328e-16
	 129	1.03166e-05	1.06359e+07	0.393163	0.919469	2.33864	0.000743373	0	3.14328e-16
		 Mass/AM Itteration # 	 convergence 	 p_core 	 a 	 omega_rot 	 edge corot 	 AM error 
	 	 	1	1	2.53869e+11	1.06324e+07	0.00074487	10	-3.61477e-15
	 	 	2	0.00232569	2.5328e+11	1.064e+07	0.000742818	10	1.57164e-16
	 	 	3	0.00172806	2.53718e+11	1.06368e+07	0.000743292	10	-1.57164e-15
	 	 	4	0.00044299	2.5383e+11	1.06366e+07	0.000743361	10	1.57164e-16
	 	 	5	0.000128292	2.53863e+11	1.06366e+07	0.000743364	10	3.30045e-15
	 	 	6	3.62758e-05	2.53872e+11	1.06366e+07	0.000743363	10	2.82895e-15
	 	 	7	8.94683e-06	2.53875e+11	1.06366e+07	0.000743363	10	7.85821e-16
	 	 	8	1.8683e-06	2.53875e+11	1.06366e+07	0.000743363	10	3.14328e-16
	 	 	9	3.30886e-07	2.53875e+11	1.06366e+07	0.000743363	10	7.85821e-16
	 	 	10	5.00696e-08	2.53875e+11	1.06366e+07	0.000743363	10	-7.85821e-16
	 	 	11	6.52882e-09	2.53875e+11	1.06366e+07	0.000743363	10	9.42985e-16
	 130	3.60189e-05	1.06366e+07	0.393142	0.919478	2.33879	0.000743363	3.59574e-16	9.42985e-16
		 Mass/AM Itteration # 	 convergence 	 p_core 	 a 	 omega_rot 	 edge corot 	 AM error 
	 	 	1	1	2.53873e+11	1.06371e+07	0.000743378	10	7.85821e-16
	 	 	2	1.06229e-07	2.53873e+11	1.06371e+07	0.000743374	10	-1.57164e-16
	 	 	3	2.40245e-06	2.53874e+11	1.06371e+07	0.000743375	10	-1.41448e-15
	 	 	4	5.13091e-07	2.53874e+11	1.06371e+07	0.000743375	10	7.85821e-16
	 	 	5	6.42695e-08	2.53874e+11	1.06371e+07	0.000743375	10	1.41448e-15
	 	 	6	8.7489e-09	2.53874e+11	1.06371e+07	0.000743375	10	0
	 131	1.7001e-06	1.06371e+07	0.39312	0.919487	2.33895	0.000743375	1.79787e-16	0
		 Mass/AM Itteration # 	 convergence 	 p_core 	 a 	 omega_rot 	 edge corot 	 AM error 
	 	 	1	1	2.53869e+11	1.06377e+07	0.000743371	10	-2.98612e-15
	 	 	2	1.55303e-05	2.53873e+11	1.06377e+07	0.000743372	10	-9.42985e-16
	 	 	3	6.35727e-06	2.53875e+11	1.06377e+07	0.000743372	10	-2.35746e-15
	 	 	4	1.68572e-06	2.53875e+11	1.06377e+07	0.000743372	10	1.41448e-15
	 	 	5	3.9919e-07	2.53875e+11	1.06377e+07	0.000743372	10	0
	 	 	6	9.1194e-08	2.53875e+11	1.06377e+07	0.000743372	10	1.25731e-15
	 	 	7	1.95852e-08	2.53875e+11	1.06377e+07	0.000743372	10	1.41448e-15
	 	 	8	3.795e-09	2.53875e+11	1.06377e+07	0.000743372	10	-6.28656e-16
	 132	1.00765e-05	1.06377e+07	0.393099	0.919496	2.3391	0.000743372	5.39361e-16	-6.28656e-16
		 Mass/AM Itteration # 	 convergence 	 p_core 	 a 	 omega_rot 	 edge corot 	 AM error 
	 	 	1	1	2.53871e+11	1.06382e+07	0.00074337	10	-3.14328e-16
	 	 	2	1.36896e-05	2.53874e+11	1.06382e+07	0.00074337	10	1.57164e-16
	 	 	3	5.73422e-06	2.53875e+11	1.06382e+07	0.000743371	10	-1.25731e-15
	 	 	4	1.50774e-06	2.53876e+11	1.06382e+07	0.000743371	10	1.25731e-15
	 	 	5	3.5239e-07	2.53876e+11	1.06382e+07	0.000743371	10	-1.41448e-15
	 	 	6	8.00102e-08	2.53876e+11	1.06382e+07	0.000743371	10	1.57164e-16
	 	 	7	1.72232e-08	2.53876e+11	1.06382e+07	0.000743371	10	-1.88597e-15
	 	 	8	3.36017e-09	2.53876e+11	1.06382e+07	0.000743371	10	2.04313e-15
	 133	9.21582e-06	1.06382e+07	0.39308	0.919504	2.33923	0.000743371	0	2.04313e-15
		 Mass/AM Itteration # 	 convergence 	 p_core 	 a 	 omega_rot 	 edge corot 	 AM error 
	 	 	1	1	2.53872e+11	1.06387e+07	0.00074337	10	1.57164e-16
	 	 	2	1.20524e-05	2.53875e+11	1.06387e+07	0.00074337	10	-1.57164e-16
	 	 	3	5.23415e-06	2.53876e+11	1.06387e+07	0.000743371	10	2.04313e-15
	 	 	4	1.3701e-06	2.53876e+11	1.06387e+07	0.000743371	10	1.88597e-15
	 	 	5	3.16892e-07	2.53876e+11	1.06387e+07	0.000743371	10	-4.71492e-16
	 	 	6	7.16734e-08	2.53876e+11	1.06387e+07	0.000743371	10	2.82895e-15
	 	 	7	1.54929e-08	2.53876e+11	1.06387e+07	0.000743371	10	-1.88597e-15
	 	 	8	3.04683e-09	2.53876e+11	1.06387e+07	0.000743371	10	-1.41448e-15
	 134	8.52219e-06	1.06387e+07	0.393062	0.919512	2.33936	0.000743371	-5.39361e-16	-1.41448e-15
		 Mass/AM Itteration # 	 convergence 	 p_core 	 a 	 omega_rot 	 edge corot 	 AM error 
	 	 	1	1	2.53872e+11	1.06391e+07	0.00074337	10	-9.42985e-16
	 	 	2	1.16167e-05	2.53875e+11	1.06391e+07	0.00074337	10	1.57164e-15
	 	 	3	5.06113e-06	2.53876e+11	1.06391e+07	0.00074337	10	2.98612e-15
	 	 	4	1.3237e-06	2.53877e+11	1.06391e+07	0.00074337	10	-1.88597e-15
	 	 	5	3.05816e-07	2.53877e+11	1.06391e+07	0.00074337	10	-2.51463e-15
	 	 	6	6.91554e-08	2.53877e+11	1.06391e+07	0.00074337	10	-4.71492e-16
	 	 	7	1.49591e-08	2.53877e+11	1.06391e+07	0.00074337	10	6.28656e-16
	 	 	8	2.94494e-09	2.53877e+11	1.06391e+07	0.00074337	10	1.10015e-15
	 135	8.2195e-06	1.06391e+07	0.393045	0.919519	2.33948	0.00074337	0	1.10015e-15
		 Mass/AM Itteration # 	 convergence 	 p_core 	 a 	 omega_rot 	 edge corot 	 AM error 
	 	 	1	1	2.53873e+11	1.06396e+07	0.000743369	10	-2.67179e-15
	 	 	2	1.13885e-05	2.53875e+11	1.06396e+07	0.000743369	10	9.42985e-16
	 	 	3	4.94369e-06	2.53877e+11	1.06396e+07	0.00074337	10	2.82895e-15
	 	 	4	1.29277e-06	2.53877e+11	1.06396e+07	0.00074337	10	4.71492e-16
	 	 	5	2.98841e-07	2.53877e+11	1.06396e+07	0.00074337	10	9.42985e-16
	 	 	6	6.76e-08	2.53877e+11	1.06396e+07	0.00074337	10	-1.10015e-15
	 	 	7	1.46202e-08	2.53877e+11	1.06396e+07	0.00074337	10	2.2003e-15
	 	 	8	2.87691e-09	2.53877e+11	1.06396e+07	0.00074337	10	-7.85821e-16
	 136	7.9905e-06	1.06396e+07	0.393028	0.919527	2.3396	0.00074337	-1.79787e-16	-7.85821e-16
		 Mass/AM Itteration # 	 convergence 	 p_core 	 a 	 omega_rot 	 edge corot 	 AM error 
	 	 	1	1	2.53873e+11	1.06401e+07	0.000743369	10	-1.88597e-15
	 	 	2	1.11438e-05	2.53876e+11	1.064e+07	0.000743369	10	1.10015e-15
	 	 	3	4.82257e-06	2.53877e+11	1.064e+07	0.00074337	10	-9.42985e-16
	 	 	4	1.261e-06	2.53877e+11	1.064e+07	0.00074337	10	-2.82895e-15
	 	 	5	2.91645e-07	2.53877e+11	1.064e+07	0.00074337	10	-4.71492e-16
	 	 	6	6.5988e-08	2.53877e+11	1.064e+07	0.00074337	10	0
	 	 	7	1.42686e-08	2.53877e+11	1.064e+07	0.00074337	10	-9.42985e-16
	 	 	8	2.80649e-09	2.53877e+11	1.064e+07	0.00074337	10	4.71492e-16
	 137	7.76865e-06	1.064e+07	0.393011	0.919534	2.33972	0.00074337	0	4.71492e-16
		 Mass/AM Itteration # 	 convergence 	 p_core 	 a 	 omega_rot 	 edge corot 	 AM error 
	 	 	1	1	2.53873e+11	1.06405e+07	0.000743369	10	-3.14328e-16
	 	 	2	1.08604e-05	2.53876e+11	1.06405e+07	0.000743369	10	6.28656e-16
	 	 	3	4.69295e-06	2.53877e+11	1.06405e+07	0.000743369	10	-9.42985e-16
	 	 	4	1.22698e-06	2.53878e+11	1.06405e+07	0.000743369	10	2.2003e-15
	 	 	5	2.83831e-07	2.53878e+11	1.06405e+07	0.000743369	10	9.42985e-16
	 	 	6	6.42258e-08	2.53878e+11	1.06405e+07	0.000743369	10	4.55776e-15
	 	 	7	1.38863e-08	2.53878e+11	1.06405e+07	0.000743369	10	-3.14328e-16
	 	 	8	2.73077e-09	2.53878e+11	1.06405e+07	0.000743369	10	-9.42985e-16
	 138	7.54598e-06	1.06405e+07	0.392995	0.919541	2.33983	0.000743369	1.79787e-16	-9.42985e-16
		 Mass/AM Itteration # 	 convergence 	 p_core 	 a 	 omega_rot 	 edge corot 	 AM error 
	 	 	1	1	2.53874e+11	1.06409e+07	0.000743368	10	2.82895e-15
	 	 	2	1.05593e-05	2.53877e+11	1.06409e+07	0.000743369	10	-1.10015e-15
	 	 	3	4.5609e-06	2.53878e+11	1.06409e+07	0.000743369	10	1.25731e-15
	 	 	4	1.19233e-06	2.53878e+11	1.06409e+07	0.000743369	10	-4.71492e-16
	 	 	5	2.75809e-07	2.53878e+11	1.06409e+07	0.000743369	10	1.57164e-15
	 	 	6	6.24107e-08	2.53878e+11	1.06409e+07	0.000743369	10	-1.57164e-15
	 	 	7	1.34938e-08	2.53878e+11	1.06409e+07	0.000743369	10	-1.57164e-15
	 	 	8	2.65351e-09	2.53878e+11	1.06409e+07	0.000743369	10	1.57164e-16
	 139	7.32647e-06	1.06409e+07	0.392979	0.919547	2.33994	0.000743369	1.79787e-16	1.57164e-16
		 Mass/AM Itteration # 	 convergence 	 p_core 	 a 	 omega_rot 	 edge corot 	 AM error 
	 	 	1	1	2.53874e+11	1.06413e+07	0.000743368	10	-9.42985e-16
	 	 	2	1.026e-05	2.53877e+11	1.06413e+07	0.000743368	10	7.85821e-16
	 	 	3	4.43145e-06	2.53878e+11	1.06413e+07	0.000743369	10	0
	 	 	4	1.15837e-06	2.53878e+11	1.06413e+07	0.000743369	10	2.2003e-15
	 	 	5	2.67929e-07	2.53878e+11	1.06413e+07	0.000743369	10	9.42985e-16
	 	 	6	6.06248e-08	2.53878e+11	1.06413e+07	0.000743369	10	4.71492e-16
	 	 	7	1.31077e-08	2.53878e+11	1.06413e+07	0.000743369	10	-3.14328e-16
	 	 	8	2.57765e-09	2.53878e+11	1.06413e+07	0.000743369	10	-4.24343e-15
	 140	7.11488e-06	1.06413e+07	0.392964	0.919554	2.34005	0.000743369	0	-4.24343e-15
		 Mass/AM Itteration # 	 convergence 	 p_core 	 a 	 omega_rot 	 edge corot 	 AM error 
	 	 	1	1	2.53875e+11	1.06417e+07	0.000743368	10	9.42985e-16
	 	 	2	9.96648e-06	2.53877e+11	1.06417e+07	0.000743368	10	3.14328e-16
	 	 	3	4.3057e-06	2.53878e+11	1.06417e+07	0.000743368	10	3.14328e-15
	 	 	4	1.1254e-06	2.53879e+11	1.06417e+07	0.000743369	10	3.45761e-15
	 	 	5	2.60267e-07	2.53879e+11	1.06417e+07	0.000743369	10	1.10015e-15
	 	 	6	5.88875e-08	2.53879e+11	1.06417e+07	0.000743369	10	-3.14328e-16
	 	 	7	1.27324e-08	2.53879e+11	1.06417e+07	0.000743369	10	2.04313e-15
	 	 	8	2.50401e-09	2.53879e+11	1.06417e+07	0.000743369	10	2.2003e-15
	 141	6.91137e-06	1.06417e+07	0.392949	0.91956	2.34015	0.000743369	-1.79787e-16	2.2003e-15
		 Mass/AM Itteration # 	 convergence 	 p_core 	 a 	 omega_rot 	 edge corot 	 AM error 
	 	 	1	1	2.53875e+11	1.06421e+07	0.000743368	10	1.41448e-15
	 	 	2	9.6819e-06	2.53878e+11	1.06421e+07	0.000743368	10	7.85821e-16
	 	 	3	4.18438e-06	2.53879e+11	1.06421e+07	0.000743368	10	-2.04313e-15
	 	 	4	1.09359e-06	2.53879e+11	1.06421e+07	0.000743368	10	-3.14328e-16
	 	 	5	2.52868e-07	2.53879e+11	1.06421e+07	0.000743368	10	1.10015e-15
	 	 	6	5.72093e-08	2.53879e+11	1.06421e+07	0.000743368	10	1.10015e-15
	 	 	7	1.237e-08	2.53879e+11	1.06421e+07	0.000743368	10	-3.14328e-16
	 	 	8	2.43294e-09	2.53879e+11	1.06421e+07	0.000743368	10	2.98612e-15
	 142	6.71603e-06	1.06421e+07	0.392935	0.919566	2.34025	0.000743368	-1.79787e-16	2.98612e-15
		 Mass/AM Itteration # 	 convergence 	 p_core 	 a 	 omega_rot 	 edge corot 	 AM error 
	 	 	1	1	2.53875e+11	1.06425e+07	0.000743367	10	6.28656e-16
	 	 	2	9.40746e-06	2.53878e+11	1.06425e+07	0.000743368	10	7.85821e-16
	 	 	3	4.06771e-06	2.53879e+11	1.06425e+07	0.000743368	10	1.72881e-15
	 	 	4	1.063e-06	2.53879e+11	1.06425e+07	0.000743368	10	-3.14328e-15
	 	 	5	2.45752e-07	2.53879e+11	1.06425e+07	0.000743368	10	-1.57164e-15
	 	 	6	5.55948e-08	2.53879e+11	1.06425e+07	0.000743368	10	1.10015e-15
	 	 	7	1.20214e-08	2.53879e+11	1.06425e+07	0.000743368	10	6.28656e-16
	 	 	8	2.36461e-09	2.53879e+11	1.06425e+07	0.000743368	10	-1.88597e-15
	 143	6.52888e-06	1.06425e+07	0.392921	0.919572	2.34035	0.000743368	-1.79787e-16	-1.88597e-15
		 Mass/AM Itteration # 	 convergence 	 p_core 	 a 	 omega_rot 	 edge corot 	 AM error 
	 	 	1	1	2.53876e+11	1.06429e+07	0.000743367	10	-1.72881e-15
	 	 	2	9.14318e-06	2.53878e+11	1.06428e+07	0.000743367	10	-1.57164e-16
	 	 	3	3.95564e-06	2.53879e+11	1.06428e+07	0.000743368	10	1.25731e-15
	 	 	4	1.03362e-06	2.53879e+11	1.06428e+07	0.000743368	10	-1.57164e-15
	 	 	5	2.38912e-07	2.53879e+11	1.06428e+07	0.000743368	10	6.28656e-16
	 	 	6	5.40427e-08	2.53879e+11	1.06428e+07	0.000743368	10	4.71492e-16
	 	 	7	1.16864e-08	2.53879e+11	1.06428e+07	0.000743368	10	2.2003e-15
	 	 	8	2.29896e-09	2.53879e+11	1.06428e+07	0.000743368	10	-6.28656e-16
	 144	6.34951e-06	1.06428e+07	0.392907	0.919578	2.34045	0.000743368	1.79787e-16	-6.28656e-16
		 Mass/AM Itteration # 	 convergence 	 p_core 	 a 	 omega_rot 	 edge corot 	 AM error 
	 	 	1	1	2.53876e+11	1.06432e+07	0.000743367	10	3.14328e-16
	 	 	2	8.88991e-06	2.53878e+11	1.06432e+07	0.000743367	10	1.25731e-15
	 	 	3	3.8483e-06	2.53879e+11	1.06432e+07	0.000743368	10	-1.72881e-15
	 	 	4	1.00548e-06	2.5388e+11	1.06432e+07	0.000743368	10	1.25731e-15
	 	 	5	2.32363e-07	2.5388e+11	1.06432e+07	0.000743368	10	6.28656e-16
	 	 	6	5.25563e-08	2.5388e+11	1.06432e+07	0.000743368	10	-1.57164e-15
	 	 	7	1.13655e-08	2.5388e+11	1.06432e+07	0.000743368	10	0
	 	 	8	2.2361e-09	2.5388e+11	1.06432e+07	0.000743368	10	-6.28656e-16
	 145	6.17783e-06	1.06432e+07	0.392894	0.919584	2.34054	0.000743368	3.59574e-16	-6.28656e-16
		 Mass/AM Itteration # 	 convergence 	 p_core 	 a 	 omega_rot 	 edge corot 	 AM error 
	 	 	1	1	2.53876e+11	1.06393e+07	0.00074489	10	4.71492e-16
	 	 	2	0.00237216	2.53276e+11	1.06471e+07	0.000742803	10	-3.30045e-15
	 	 	3	0.00175542	2.53721e+11	1.06438e+07	0.000743285	10	-2.04313e-15
	 	 	4	0.000449935	2.53835e+11	1.06436e+07	0.000743356	10	-2.04313e-15
	 	 	5	0.000130295	2.53868e+11	1.06436e+07	0.000743359	10	3.14328e-15
	 	 	6	3.68504e-05	2.53878e+11	1.06436e+07	0.000743358	10	7.85821e-16
	 	 	7	9.08985e-06	2.5388e+11	1.06436e+07	0.000743358	10	-4.71492e-16
	 	 	8	1.89782e-06	2.5388e+11	1.06436e+07	0.000743357	10	1.72881e-15
	 	 	9	3.35898e-07	2.5388e+11	1.06436e+07	0.000743357	10	4.71492e-16
	 	 	10	5.07657e-08	2.53881e+11	1.06436e+07	0.000743357	10	-1.10015e-15
	 	 	11	6.60706e-09	2.53881e+11	1.06436e+07	0.000743357	10	9.42985e-16
	 146	4.07734e-05	1.06436e+07	0.392881	0.91959	2.34063	0.000743357	5.39361e-16	9.42985e-16
		 Mass/AM Itteration # 	 convergence 	 p_core 	 a 	 omega_rot 	 edge corot 	 AM error 
	 	 	1	1	2.53881e+11	1.06439e+07	0.000743374	10	-6.28656e-16
	 	 	2	5.41647e-06	2.53879e+11	1.06439e+07	0.00074337	10	4.71492e-16
	 	 	3	5.84962e-08	2.53879e+11	1.06439e+07	0.00074337	10	1.10015e-15
	 	 	4	1.02476e-07	2.53879e+11	1.06439e+07	0.00074337	10	7.85821e-16
	 	 	5	7.93751e-08	2.53879e+11	1.06439e+07	0.00074337	10	1.10015e-15
	 	 	6	2.38976e-08	2.53879e+11	1.06439e+07	0.00074337	10	-2.2003e-15
	 	 	7	4.53799e-09	2.53879e+11	1.06439e+07	0.00074337	10	4.24343e-15
	 147	2.14441e-06	1.06439e+07	0.392866	0.919596	2.34074	0.00074337	3.59574e-16	4.24343e-15
		 Mass/AM Itteration # 	 convergence 	 p_core 	 a 	 omega_rot 	 edge corot 	 AM error 
	 	 	1	1	2.53876e+11	1.06443e+07	0.000743366	10	-7.85821e-16
	 	 	2	1.0236e-05	2.53879e+11	1.06443e+07	0.000743367	10	2.2003e-15
	 	 	3	4.10749e-06	2.5388e+11	1.06443e+07	0.000743368	10	3.14328e-16
	 	 	4	1.09615e-06	2.5388e+11	1.06443e+07	0.000743368	10	1.57164e-16
	 	 	5	2.62067e-07	2.5388e+11	1.06443e+07	0.000743368	10	1.57164e-16
	 	 	6	6.00921e-08	2.5388e+11	1.06443e+07	0.000743368	10	6.28656e-16
	 	 	7	1.28695e-08	2.5388e+11	1.06443e+07	0.000743368	10	2.35746e-15
	 	 	8	2.47799e-09	2.5388e+11	1.06443e+07	0.000743368	10	-1.57164e-15
	 148	6.48043e-06	1.06443e+07	0.392852	0.919602	2.34083	0.000743368	-7.19148e-16	-1.57164e-15
		 Mass/AM Itteration # 	 convergence 	 p_core 	 a 	 omega_rot 	 edge corot 	 AM error 
	 	 	1	1	2.53877e+11	1.06446e+07	0.000743366	10	-6.28656e-16
	 	 	2	8.60667e-06	2.53879e+11	1.06446e+07	0.000743366	10	0
	 	 	3	3.57506e-06	2.5388e+11	1.06446e+07	0.000743367	10	-2.04313e-15
	 	 	4	9.41705e-07	2.53881e+11	1.06446e+07	0.000743367	10	-2.51463e-15
	 	 	5	2.20663e-07	2.53881e+11	1.06446e+07	0.000743367	10	-9.42985e-16
	 	 	6	5.01218e-08	2.53881e+11	1.06446e+07	0.000743367	10	-3.14328e-16
	 	 	7	1.07699e-08	2.53881e+11	1.06446e+07	0.000743367	10	9.42985e-16
	 	 	8	2.09504e-09	2.53881e+11	1.06446e+07	0.000743367	10	1.57164e-16
	 149	5.77063e-06	1.06446e+07	0.392841	0.919606	2.34091	0.000743367	-3.59574e-16	1.57164e-16
		 Mass/AM Itteration # 	 convergence 	 p_core 	 a 	 omega_rot 	 edge corot 	 AM error 
	 	 	1	1	2.53878e+11	1.06449e+07	0.000743366	10	9.42985e-16
	 	 	2	7.1437e-06	2.5388e+11	1.06449e+07	0.000743366	10	1.57164e-16
	 	 	3	3.15652e-06	2.53881e+11	1.06449e+07	0.000743366	10	-1.72881e-15
	 	 	4	8.25247e-07	2.53881e+11	1.06449e+07	0.000743367	10	1.57164e-15
	 	 	5	1.89973e-07	2.53881e+11	1.06449e+07	0.000743367	10	-2.35746e-15
	 	 	6	4.28665e-08	2.53881e+11	1.06449e+07	0.000743367	10	-3.14328e-16
	 	 	7	9.27597e-09	2.53881e+11	1.06449e+07	0.000743367	10	0
	 150	5.21352e-06	1.06449e+07	0.39283	0.919611	2.34099	0.000743367	1.79787e-16	0
		 Mass/AM Itteration # 	 convergence 	 p_core 	 a 	 omega_rot 	 edge corot 	 AM error 
	 	 	1	1	2.53878e+11	1.06452e+07	0.000743366	10	9.42985e-16
	 	 	2	6.91245e-06	2.5388e+11	1.06452e+07	0.000743366	10	-1.88597e-15
	 	 	3	3.07166e-06	2.53881e+11	1.06452e+07	0.000743366	10	-1.10015e-15
	 	 	4	8.01911e-07	2.53881e+11	1.06452e+07	0.000743366	10	2.04313e-15
	 	 	5	1.84248e-07	2.53881e+11	1.06452e+07	0.000743366	10	-6.28656e-16
	 	 	6	4.15632e-08	2.53881e+11	1.06452e+07	0.000743366	10	1.88597e-15
	 	 	7	9.00551e-09	2.53881e+11	1.06452e+07	0.000743366	10	-4.71492e-16
	 151	5.05146e-06	1.06452e+07	0.392819	0.919616	2.34107	0.000743366	3.59574e-16	-4.71492e-16
		 Mass/AM Itteration # 	 convergence 	 p_core 	 a 	 omega_rot 	 edge corot 	 AM error 
	 	 	1	1	2.53878e+11	1.06455e+07	0.000743366	10	9.42985e-16
	 	 	2	6.89954e-06	2.5388e+11	1.06455e+07	0.000743366	10	4.71492e-16
	 	 	3	3.04324e-06	2.53881e+11	1.06455e+07	0.000743366	10	1.25731e-15
	 	 	4	7.94366e-07	2.53881e+11	1.06455e+07	0.000743366	10	1.88597e-15
	 	 	5	1.82758e-07	2.53881e+11	1.06455e+07	0.000743366	10	-7.85821e-16
	 	 	6	4.12573e-08	2.53881e+11	1.06455e+07	0.000743366	10	-1.57164e-16
	 	 	7	8.93592e-09	2.53881e+11	1.06455e+07	0.000743366	10	1.25731e-15
	 152	4.96149e-06	1.06455e+07	0.392808	0.91962	2.34114	0.000743366	-3.59574e-16	1.25731e-15
		 Mass/AM Itteration # 	 convergence 	 p_core 	 a 	 omega_rot 	 edge corot 	 AM error 
	 	 	1	1	2.53879e+11	1.06458e+07	0.000743366	10	7.85821e-16
	 	 	2	6.86143e-06	2.5388e+11	1.06458e+07	0.000743366	10	-1.72881e-15
	 	 	3	3.00674e-06	2.53881e+11	1.06458e+07	0.000743366	10	4.71492e-16
	 	 	4	7.84852e-07	2.53881e+11	1.06458e+07	0.000743366	10	9.42985e-16
	 	 	5	1.80794e-07	2.53881e+11	1.06458e+07	0.000743366	10	1.88597e-15
	 	 	6	4.08378e-08	2.53881e+11	1.06458e+07	0.000743366	10	1.10015e-15
	 	 	7	8.84105e-09	2.53881e+11	1.06458e+07	0.000743366	10	-2.51463e-15
	 153	4.87193e-06	1.06458e+07	0.392798	0.919625	2.34122	0.000743366	-1.79787e-16	-2.51463e-15
		 Mass/AM Itteration # 	 convergence 	 p_core 	 a 	 omega_rot 	 edge corot 	 AM error 
	 	 	1	1	2.53879e+11	1.0646e+07	0.000743366	10	1.25731e-15
	 	 	2	6.76807e-06	2.5388e+11	1.0646e+07	0.000743366	10	3.14328e-16
	 	 	3	2.95558e-06	2.53881e+11	1.0646e+07	0.000743366	10	-7.85821e-16
	 	 	4	7.71463e-07	2.53881e+11	1.0646e+07	0.000743366	10	1.72881e-15
	 	 	5	1.77818e-07	2.53881e+11	1.0646e+07	0.000743366	10	-4.71492e-16
	 	 	6	4.01775e-08	2.53881e+11	1.0646e+07	0.000743366	10	-1.72881e-15
	 	 	7	8.69611e-09	2.53881e+11	1.0646e+07	0.000743366	10	-2.51463e-15
	 154	4.77271e-06	1.0646e+07	0.392788	0.919629	2.34129	0.000743366	1.79787e-16	-2.51463e-15
		 Mass/AM Itteration # 	 convergence 	 p_core 	 a 	 omega_rot 	 edge corot 	 AM error 
	 	 	1	1	2.53879e+11	1.06463e+07	0.000743366	10	6.28656e-16
	 	 	2	6.64394e-06	2.53881e+11	1.06463e+07	0.000743366	10	6.28656e-16
	 	 	3	2.89688e-06	2.53881e+11	1.06463e+07	0.000743366	10	3.14328e-16
	 	 	4	7.56083e-07	2.53881e+11	1.06463e+07	0.000743366	10	2.04313e-15
	 	 	5	1.74313e-07	2.53882e+11	1.06463e+07	0.000743366	10	1.41448e-15
	 	 	6	3.93901e-08	2.53882e+11	1.06463e+07	0.000743366	10	-2.2003e-15
	 	 	7	8.52495e-09	2.53882e+11	1.06463e+07	0.000743366	10	-6.28656e-16
	 155	4.66932e-06	1.06463e+07	0.392777	0.919634	2.34136	0.000743366	0	-6.28656e-16
		 Mass/AM Itteration # 	 convergence 	 p_core 	 a 	 omega_rot 	 edge corot 	 AM error 
	 	 	1	1	2.53879e+11	1.06466e+07	0.000743366	10	-7.85821e-16
	 	 	2	6.50928e-06	2.53881e+11	1.06466e+07	0.000743366	10	1.10015e-15
	 	 	3	2.8361e-06	2.53881e+11	1.06466e+07	0.000743366	10	1.72881e-15
	 	 	4	7.40171e-07	2.53882e+11	1.06466e+07	0.000743366	10	-1.57164e-15
	 	 	5	1.70658e-07	2.53882e+11	1.06466e+07	0.000743366	10	2.04313e-15
	 	 	6	3.85659e-08	2.53882e+11	1.06466e+07	0.000743366	10	-1.57164e-16
	 	 	7	8.34626e-09	2.53882e+11	1.06466e+07	0.000743366	10	2.67179e-15
	 156	4.56664e-06	1.06466e+07	0.392768	0.919638	2.34143	0.000743366	0	2.67179e-15
		 Mass/AM Itteration # 	 convergence 	 p_core 	 a 	 omega_rot 	 edge corot 	 AM error 
	 	 	1	1	2.53879e+11	1.06468e+07	0.000743366	10	4.71492e-16
	 	 	2	6.37154e-06	2.53881e+11	1.06468e+07	0.000743366	10	1.88597e-15
	 	 	3	2.7753e-06	2.53882e+11	1.06468e+07	0.000743366	10	-7.85821e-16
	 	 	4	7.24261e-07	2.53882e+11	1.06468e+07	0.000743366	10	6.28656e-16
	 	 	5	1.66995e-07	2.53882e+11	1.06468e+07	0.000743366	10	-1.57164e-15
	 	 	6	3.77402e-08	2.53882e+11	1.06468e+07	0.000743366	10	3.14328e-16
	 	 	7	8.16782e-09	2.53882e+11	1.06468e+07	0.000743366	10	-2.2003e-15
	 157	4.4656e-06	1.06468e+07	0.392758	0.919642	2.3415	0.000743366	-5.39361e-16	-2.2003e-15
		 Mass/AM Itteration # 	 convergence 	 p_core 	 a 	 omega_rot 	 edge corot 	 AM error 
	 	 	1	1	2.53879e+11	1.06471e+07	0.000743366	10	-3.14328e-16
	 	 	2	6.23589e-06	2.53881e+11	1.06471e+07	0.000743366	10	-2.35746e-15
	 	 	3	2.71559e-06	2.53882e+11	1.06471e+07	0.000743366	10	1.57164e-16
	 	 	4	7.08658e-07	2.53882e+11	1.06471e+07	0.000743366	10	-1.57164e-16
	 	 	5	1.63393e-07	2.53882e+11	1.06471e+07	0.000743366	10	-1.57164e-15
	 	 	6	3.69242e-08	2.53882e+11	1.06471e+07	0.000743366	10	-6.28656e-16
	 	 	7	7.99074e-09	2.53882e+11	1.06471e+07	0.000743366	10	4.71492e-16
	 158	4.36804e-06	1.06471e+07	0.392748	0.919646	2.34157	0.000743366	7.19148e-16	4.71492e-16
		 Mass/AM Itteration # 	 convergence 	 p_core 	 a 	 omega_rot 	 edge corot 	 AM error 
	 	 	1	1	2.5388e+11	1.06474e+07	0.000743365	10	1.57164e-16
	 	 	2	6.10107e-06	2.53881e+11	1.06473e+07	0.000743365	10	-4.71492e-16
	 	 	3	2.65688e-06	2.53882e+11	1.06473e+07	0.000743366	10	-1.41448e-15
	 	 	4	6.93311e-07	2.53882e+11	1.06473e+07	0.000743366	10	1.57164e-15
	 	 	5	1.59847e-07	2.53882e+11	1.06473e+07	0.000743366	10	-4.71492e-16
	 	 	6	3.6122e-08	2.53882e+11	1.06473e+07	0.000743366	10	6.28656e-16
	 	 	7	7.81711e-09	2.53882e+11	1.06473e+07	0.000743366	10	-2.35746e-15
	 159	4.27294e-06	1.06473e+07	0.392739	0.91965	2.34163	0.000743366	5.39361e-16	-2.35746e-15
		 Mass/AM Itteration # 	 convergence 	 p_core 	 a 	 omega_rot 	 edge corot 	 AM error 
	 	 	1	1	2.5388e+11	1.06476e+07	0.000743365	10	-1.72881e-15
	 	 	2	5.96791e-06	2.53881e+11	1.06476e+07	0.000743365	10	-1.88597e-15
	 	 	3	2.59935e-06	2.53882e+11	1.06476e+07	0.000743366	10	-1.72881e-15
	 	 	4	6.78268e-07	2.53882e+11	1.06476e+07	0.000743366	10	-1.72881e-15
	 	 	5	1.56366e-07	2.53882e+11	1.06476e+07	0.000743366	10	-1.88597e-15
	 	 	6	3.5334e-08	2.53882e+11	1.06476e+07	0.000743366	10	-1.25731e-15
	 	 	7	7.64666e-09	2.53882e+11	1.06476e+07	0.000743366	10	3.14328e-16
	 160	4.18064e-06	1.06476e+07	0.39273	0.919654	2.3417	0.000743366	0	3.14328e-16
		 Mass/AM Itteration # 	 convergence 	 p_core 	 a 	 omega_rot 	 edge corot 	 AM error 
	 	 	1	1	2.5388e+11	1.06478e+07	0.000743365	10	-6.28656e-16
	 	 	2	5.83253e-06	2.53881e+11	1.06478e+07	0.000743365	10	-1.72881e-15
	 	 	3	2.54213e-06	2.53882e+11	1.06478e+07	0.000743366	10	1.88597e-15
	 	 	4	6.63279e-07	2.53882e+11	1.06478e+07	0.000743366	10	-1.25731e-15
	 	 	5	1.52878e-07	2.53882e+11	1.06478e+07	0.000743366	10	-1.57164e-15
	 	 	6	3.45426e-08	2.53882e+11	1.06478e+07	0.000743366	10	6.28656e-16
	 	 	7	7.47591e-09	2.53882e+11	1.06478e+07	0.000743366	10	4.71492e-16
	 161	4.08985e-06	1.06478e+07	0.392721	0.919658	2.34176	0.000743366	-1.79787e-16	4.71492e-16
		 Mass/AM Itteration # 	 convergence 	 p_core 	 a 	 omega_rot 	 edge corot 	 AM error 
	 	 	1	1	2.5388e+11	1.06481e+07	0.000743365	10	-1.57164e-16
	 	 	2	5.6999e-06	2.53882e+11	1.06481e+07	0.000743365	10	-3.14328e-16
	 	 	3	2.48662e-06	2.53882e+11	1.06481e+07	0.000743366	10	-2.51463e-15
	 	 	4	6.48722e-07	2.53882e+11	1.06481e+07	0.000743366	10	7.85821e-16
	 	 	5	1.49482e-07	2.53882e+11	1.06481e+07	0.000743366	10	-2.51463e-15
	 	 	6	3.37714e-08	2.53882e+11	1.06481e+07	0.000743366	10	6.28656e-16
	 	 	7	7.30966e-09	2.53882e+11	1.06481e+07	0.000743366	10	2.2003e-15
	 162	4.00166e-06	1.06481e+07	0.392712	0.919661	2.34182	0.000743366	-3.59574e-16	2.2003e-15
		 Mass/AM Itteration # 	 convergence 	 p_core 	 a 	 omega_rot 	 edge corot 	 AM error 
	 	 	1	1	2.5388e+11	1.06483e+07	0.000743365	10	-3.14328e-16
	 	 	2	5.57785e-06	2.53882e+11	1.06483e+07	0.000743365	10	-1.25731e-15
	 	 	3	2.43465e-06	2.53882e+11	1.06483e+07	0.000743365	10	-2.67179e-15
	 	 	4	6.35113e-07	2.53882e+11	1.06483e+07	0.000743366	10	1.25731e-15
	 	 	5	1.4632e-07	2.53882e+11	1.06483e+07	0.000743366	10	1.10015e-15
	 	 	6	3.30546e-08	2.53882e+11	1.06483e+07	0.000743366	10	-1.57164e-15
	 	 	7	7.1549e-09	2.53882e+11	1.06483e+07	0.000743366	10	-4.71492e-16
	 163	3.91803e-06	1.06483e+07	0.392704	0.919665	2.34188	0.000743366	3.59574e-16	-4.71492e-16
		 Mass/AM Itteration # 	 convergence 	 p_core 	 a 	 omega_rot 	 edge corot 	 AM error 
	 	 	1	1	2.5388e+11	1.06485e+07	0.000743365	10	-1.41448e-15
	 	 	2	5.46403e-06	2.53882e+11	1.06485e+07	0.000743365	10	-1.41448e-15
	 	 	3	2.38546e-06	2.53882e+11	1.06485e+07	0.000743365	10	-4.71492e-16
	 	 	4	6.22255e-07	2.53883e+11	1.06485e+07	0.000743365	10	3.14328e-16
	 	 	5	1.43346e-07	2.53883e+11	1.06485e+07	0.000743365	10	-7.85821e-16
	 	 	6	3.23814e-08	2.53883e+11	1.06485e+07	0.000743365	10	9.42985e-16
	 	 	7	7.00931e-09	2.53883e+11	1.06485e+07	0.000743365	10	4.71492e-16
	 164	3.83854e-06	1.06485e+07	0.392695	0.919669	2.34194	0.000743365	3.59574e-16	4.71492e-16
		 Mass/AM Itteration # 	 convergence 	 p_core 	 a 	 omega_rot 	 edge corot 	 AM error 
	 	 	1	1	2.53881e+11	1.06487e+07	0.000743365	10	-1.57164e-16
	 	 	2	5.3539e-06	2.53882e+11	1.06487e+07	0.000743365	10	-1.25731e-15
	 	 	3	2.3378e-06	2.53882e+11	1.06487e+07	0.000743365	10	0
	 	 	4	6.098e-07	2.53883e+11	1.06487e+07	0.000743365	10	1.72881e-15
	 	 	5	1.40466e-07	2.53883e+11	1.06487e+07	0.000743365	10	2.2003e-15
	 	 	6	3.17296e-08	2.53883e+11	1.06487e+07	0.000743365	10	2.04313e-15
	 	 	7	6.86829e-09	2.53883e+11	1.06487e+07	0.000743365	10	-7.85821e-16
	 165	3.76171e-06	1.06487e+07	0.392687	0.919672	2.342	0.000743365	0	-7.85821e-16
		 Mass/AM Itteration # 	 convergence 	 p_core 	 a 	 omega_rot 	 edge corot 	 AM error 
	 	 	1	1	2.53881e+11	1.0649e+07	0.000743365	10	-2.2003e-15
	 	 	2	5.2458e-06	2.53882e+11	1.0649e+07	0.000743365	10	1.41448e-15
	 	 	3	2.29126e-06	2.53883e+11	1.0649e+07	0.000743365	10	-3.14328e-15
	 	 	4	5.97631e-07	2.53883e+11	1.0649e+07	0.000743365	10	2.98612e-15
	 	 	5	1.37648e-07	2.53883e+11	1.0649e+07	0.000743365	10	1.57164e-16
	 	 	6	3.10916e-08	2.53883e+11	1.0649e+07	0.000743365	10	0
	 	 	7	6.73035e-09	2.53883e+11	1.0649e+07	0.000743365	10	6.28656e-16
	 166	3.68697e-06	1.0649e+07	0.392679	0.919676	2.34205	0.000743365	0	6.28656e-16
		 Mass/AM Itteration # 	 convergence 	 p_core 	 a 	 omega_rot 	 edge corot 	 AM error 
	 	 	1	1	2.53881e+11	1.06492e+07	0.000743365	10	6.28656e-16
	 	 	2	5.1404e-06	2.53882e+11	1.06492e+07	0.000743365	10	-1.72881e-15
	 	 	3	2.24602e-06	2.53883e+11	1.06492e+07	0.000743365	10	-5.65791e-15
	 	 	4	5.85801e-07	2.53883e+11	1.06492e+07	0.000743365	10	1.72881e-15
	 	 	5	1.34908e-07	2.53883e+11	1.06492e+07	0.000743365	10	4.71492e-16
	 	 	6	3.04708e-08	2.53883e+11	1.06492e+07	0.000743365	10	0
	 	 	7	6.59617e-09	2.53883e+11	1.06492e+07	0.000743365	10	1.57164e-16
	 167	3.61446e-06	1.06492e+07	0.392671	0.919679	2.34211	0.000743365	3.59574e-16	1.57164e-16
		 Mass/AM Itteration # 	 convergence 	 p_core 	 a 	 omega_rot 	 edge corot 	 AM error 
	 	 	1	1	2.53881e+11	1.06494e+07	0.000743365	10	-6.28656e-16
	 	 	2	5.0383e-06	2.53882e+11	1.06494e+07	0.000743365	10	1.10015e-15
	 	 	3	2.20221e-06	2.53883e+11	1.06494e+07	0.000743365	10	-7.85821e-16
	 	 	4	5.74345e-07	2.53883e+11	1.06494e+07	0.000743365	10	1.57164e-16
	 	 	5	1.32253e-07	2.53883e+11	1.06494e+07	0.000743365	10	2.82895e-15
	 	 	6	2.98696e-08	2.53883e+11	1.06494e+07	0.000743365	10	3.61477e-15
	 	 	7	6.4662e-09	2.53883e+11	1.06494e+07	0.000743365	10	-2.98612e-15
	 168	3.54427e-06	1.06494e+07	0.392664	0.919682	2.34216	0.000743365	-5.39361e-16	-2.98612e-15
		 Mass/AM Itteration # 	 convergence 	 p_core 	 a 	 omega_rot 	 edge corot 	 AM error 
	 	 	1	1	2.53881e+11	1.06496e+07	0.000743365	10	-3.45761e-15
	 	 	2	4.93943e-06	2.53882e+11	1.06496e+07	0.000743365	10	6.28656e-16
	 	 	3	2.15981e-06	2.53883e+11	1.06496e+07	0.000743365	10	-3.14328e-16
	 	 	4	5.63257e-07	2.53883e+11	1.06496e+07	0.000743365	10	4.71492e-16
	 	 	5	1.29684e-07	2.53883e+11	1.06496e+07	0.000743365	10	9.42985e-16
	 	 	6	2.92877e-08	2.53883e+11	1.06496e+07	0.000743365	10	-1.57164e-16
	 	 	7	6.34044e-09	2.53883e+11	1.06496e+07	0.000743365	10	-6.28656e-16
	 169	3.47636e-06	1.06496e+07	0.392656	0.919685	2.34222	0.000743365	3.59574e-16	-6.28656e-16
		 Mass/AM Itteration # 	 convergence 	 p_core 	 a 	 omega_rot 	 edge corot 	 AM error 
	 	 	1	1	2.53881e+11	1.06498e+07	0.000743365	10	-3.14328e-16
	 	 	2	4.84391e-06	2.53882e+11	1.06498e+07	0.000743365	10	-1.72881e-15
	 	 	3	2.11881e-06	2.53883e+11	1.06498e+07	0.000743365	10	-3.30045e-15
	 	 	4	5.52536e-07	2.53883e+11	1.06498e+07	0.000743365	10	1.41448e-15
	 	 	5	1.272e-07	2.53883e+11	1.06498e+07	0.000743365	10	1.72881e-15
	 	 	6	2.87252e-08	2.53883e+11	1.06498e+07	0.000743365	10	-1.72881e-15
	 	 	7	6.21885e-09	2.53883e+11	1.06498e+07	0.000743365	10	-6.28656e-16
	 170	3.41067e-06	1.06498e+07	0.392648	0.919689	2.34227	0.000743365	-1.79787e-16	-6.28656e-16
		 Mass/AM Itteration # 	 convergence 	 p_core 	 a 	 omega_rot 	 edge corot 	 AM error 
	 	 	1	1	2.53881e+11	1.065e+07	0.000743365	10	3.14328e-16
	 	 	2	4.75154e-06	2.53882e+11	1.065e+07	0.000743365	10	6.28656e-16
	 	 	3	2.07914e-06	2.53883e+11	1.065e+07	0.000743365	10	1.57164e-16
	 	 	4	5.42164e-07	2.53883e+11	1.065e+07	0.000743365	10	9.42985e-16
	 	 	5	1.24798e-07	2.53883e+11	1.065e+07	0.000743365	10	2.2003e-15
	 	 	6	2.81811e-08	2.53883e+11	1.065e+07	0.000743365	10	-3.30045e-15
	 	 	7	6.10124e-09	2.53883e+11	1.065e+07	0.000743365	10	-3.14328e-15
	 171	3.34709e-06	1.065e+07	0.392641	0.919692	2.34232	0.000743365	3.59574e-16	-3.14328e-15
		 Mass/AM Itteration # 	 convergence 	 p_core 	 a 	 omega_rot 	 edge corot 	 AM error 
	 	 	1	1	2.53881e+11	1.06502e+07	0.000743365	10	-6.28656e-16
	 	 	2	4.66225e-06	2.53883e+11	1.06502e+07	0.000743365	10	1.25731e-15
	 	 	3	2.04076e-06	2.53883e+11	1.06502e+07	0.000743365	10	9.42985e-16
	 	 	4	5.32131e-07	2.53883e+11	1.06502e+07	0.000743365	10	-6.28656e-16
	 	 	5	1.22474e-07	2.53883e+11	1.06502e+07	0.000743365	10	3.14328e-16
	 	 	6	2.7655e-08	2.53883e+11	1.06502e+07	0.000743365	10	-1.57164e-15
	 	 	7	5.9875e-09	2.53883e+11	1.06502e+07	0.000743365	10	1.88597e-15
	 172	3.28556e-06	1.06502e+07	0.392634	0.919695	2.34237	0.000743365	-3.59574e-16	1.88597e-15
		 Mass/AM Itteration # 	 convergence 	 p_core 	 a 	 omega_rot 	 edge corot 	 AM error 
	 	 	1	1	2.53881e+11	1.06462e+07	0.000744864	10	2.35746e-15
	 	 	2	0.0023409	2.53288e+11	1.06538e+07	0.000742809	10	1.25731e-15
	 	 	3	0.00172768	2.53727e+11	1.06507e+07	0.000743284	10	-2.67179e-15
	 	 	4	0.000442819	2.53839e+11	1.06504e+07	0.000743354	10	-2.04313e-15
	 	 	5	0.000128205	2.53872e+11	1.06504e+07	0.000743357	10	3.45761e-15
	 	 	6	3.62644e-05	2.53881e+11	1.06504e+07	0.000743356	10	-1.25731e-15
	 	 	7	8.94688e-06	2.53883e+11	1.06504e+07	0.000743356	10	-9.42985e-16
	 	 	8	1.86781e-06	2.53884e+11	1.06504e+07	0.000743355	10	4.71492e-16
	 	 	9	3.30417e-07	2.53884e+11	1.06504e+07	0.000743355	10	3.30045e-15
	 	 	10	4.9884e-08	2.53884e+11	1.06504e+07	0.000743355	10	-3.61477e-15
	 	 	11	6.48131e-09	2.53884e+11	1.06504e+07	0.000743355	10	-4.71492e-16
	 173	4.28857e-05	1.06504e+07	0.392627	0.919698	2.34242	0.000743355	0	-4.71492e-16
		 Mass/AM Itteration # 	 convergence 	 p_core 	 a 	 omega_rot 	 edge corot 	 AM error 
	 	 	1	1	2.53885e+11	1.06506e+07	0.000743372	10	1.88597e-15
	 	 	2	8.96781e-06	2.53883e+11	1.06506e+07	0.000743368	10	1.41448e-15
	 	 	3	1.52528e-06	2.53883e+11	1.06506e+07	0.000743368	10	2.51463e-15
	 	 	4	5.14384e-07	2.53883e+11	1.06506e+07	0.000743368	10	-1.57164e-16
	 	 	5	1.73686e-07	2.53883e+11	1.06506e+07	0.000743368	10	2.98612e-15
	 	 	6	4.51469e-08	2.53883e+11	1.06506e+07	0.000743368	10	-2.51463e-15
	 	 	7	9.14432e-09	2.53883e+11	1.06506e+07	0.000743368	10	-2.04313e-15
	 174	4.678e-06	1.06506e+07	0.392618	0.919702	2.34248	0.000743368	1.79787e-16	-2.04313e-15
		 Mass/AM Itteration # 	 convergence 	 p_core 	 a 	 omega_rot 	 edge corot 	 AM error 
	 	 	1	1	2.53881e+11	1.06508e+07	0.000743365	10	6.28656e-16
	 	 	2	6.42757e-06	2.53882e+11	1.06508e+07	0.000743365	10	-2.04313e-15
	 	 	3	2.4786e-06	2.53883e+11	1.06508e+07	0.000743366	10	-3.14328e-16
	 	 	4	6.69619e-07	2.53883e+11	1.06508e+07	0.000743366	10	-1.72881e-15
	 	 	5	1.63072e-07	2.53883e+11	1.06508e+07	0.000743366	10	1.10015e-15
	 	 	6	3.76594e-08	2.53883e+11	1.06508e+07	0.000743366	10	-1.41448e-15
	 	 	7	8.02346e-09	2.53883e+11	1.06508e+07	0.000743366	10	-1.88597e-15
	 175	3.85912e-06	1.06508e+07	0.39261	0.919705	2.34254	0.000743366	3.59574e-16	-1.88597e-15
		 Mass/AM Itteration # 	 convergence 	 p_core 	 a 	 omega_rot 	 edge corot 	 AM error 
	 	 	1	1	2.53882e+11	1.0651e+07	0.000743364	10	0
	 	 	2	5.00351e-06	2.53883e+11	1.0651e+07	0.000743365	10	0
	 	 	3	2.01769e-06	2.53883e+11	1.0651e+07	0.000743365	10	4.71492e-16
	 	 	4	5.34589e-07	2.53884e+11	1.0651e+07	0.000743365	10	4.71492e-16
	 	 	5	1.26501e-07	2.53884e+11	1.0651e+07	0.000743365	10	1.41448e-15
	 	 	6	2.88143e-08	2.53884e+11	1.0651e+07	0.000743365	10	2.35746e-15
	 	 	7	6.16186e-09	2.53884e+11	1.0651e+07	0.000743365	10	-1.10015e-15
	 176	3.2606e-06	1.0651e+07	0.392604	0.919708	2.34258	0.000743365	-1.79787e-16	-1.10015e-15
		 Mass/AM Itteration # 	 convergence 	 p_core 	 a 	 omega_rot 	 edge corot 	 AM error 
	 	 	1	1	2.53882e+11	1.06511e+07	0.000743365	10	7.85821e-16
	 	 	2	3.65409e-06	2.53883e+11	1.06511e+07	0.000743365	10	1.41448e-15
	 	 	3	1.64566e-06	2.53884e+11	1.06511e+07	0.000743365	10	-1.10015e-15
	 	 	4	4.30373e-07	2.53884e+11	1.06511e+07	0.000743365	10	-6.28656e-16
	 	 	5	9.8668e-08	2.53884e+11	1.06511e+07	0.000743365	10	-6.28656e-16
	 	 	6	2.22038e-08	2.53884e+11	1.06511e+07	0.000743365	10	1.10015e-15
	 	 	7	4.80604e-09	2.53884e+11	1.06511e+07	0.000743365	10	9.42985e-16
	 177	2.78539e-06	1.06511e+07	0.392598	0.91971	2.34262	0.000743365	-1.79787e-16	9.42985e-16
		 Mass/AM Itteration # 	 convergence 	 p_core 	 a 	 omega_rot 	 edge corot 	 AM error 
	 	 	1	1	2.53882e+11	1.06513e+07	0.000743365	10	2.2003e-15
	 	 	2	3.48041e-06	2.53883e+11	1.06513e+07	0.000743365	10	7.85821e-16
	 	 	3	1.59411e-06	2.53884e+11	1.06513e+07	0.000743365	10	1.10015e-15
	 	 	4	4.15558e-07	2.53884e+11	1.06513e+07	0.000743365	10	-1.72881e-15
	 	 	5	9.47803e-08	2.53884e+11	1.06513e+07	0.000743365	10	1.57164e-16
	 	 	6	2.1304e-08	2.53884e+11	1.06513e+07	0.000743365	10	-3.45761e-15
	 	 	7	4.62532e-09	2.53884e+11	1.06513e+07	0.000743365	10	-9.42985e-16
	 178	2.68697e-06	1.06513e+07	0.392592	0.919713	2.34267	0.000743365	3.59574e-16	-9.42985e-16
		 Mass/AM Itteration # 	 convergence 	 p_core 	 a 	 omega_rot 	 edge corot 	 AM error 
	 	 	1	1	2.53882e+11	1.06514e+07	0.000743365	10	-1.57164e-15
	 	 	2	3.54335e-06	2.53883e+11	1.06514e+07	0.000743365	10	-1.57164e-16
	 	 	3	1.60445e-06	2.53884e+11	1.06514e+07	0.000743365	10	7.85821e-16
	 	 	4	4.18002e-07	2.53884e+11	1.06514e+07	0.000743365	10	7.85821e-16
	 	 	5	9.55117e-08	2.53884e+11	1.06514e+07	0.000743365	10	1.41448e-15
	 	 	6	2.14945e-08	2.53884e+11	1.06514e+07	0.000743365	10	-6.28656e-16
	 	 	7	4.66524e-09	2.53884e+11	1.06514e+07	0.000743365	10	1.57164e-16
	 179	2.66374e-06	1.06514e+07	0.392587	0.919715	2.34271	0.000743365	7.19148e-16	1.57164e-16
		 Mass/AM Itteration # 	 convergence 	 p_core 	 a 	 omega_rot 	 edge corot 	 AM error 
	 	 	1	1	2.53882e+11	1.06516e+07	0.000743365	10	-1.57164e-15
	 	 	2	3.60721e-06	2.53883e+11	1.06516e+07	0.000743365	10	0
	 	 	3	1.61322e-06	2.53884e+11	1.06516e+07	0.000743365	10	2.35746e-15
	 	 	4	4.20283e-07	2.53884e+11	1.06516e+07	0.000743365	10	-9.42985e-16
	 	 	5	9.62605e-08	2.53884e+11	1.06516e+07	0.000743365	10	-1.41448e-15
	 	 	6	2.16889e-08	2.53884e+11	1.06516e+07	0.000743365	10	1.10015e-15
	 	 	7	4.70386e-09	2.53884e+11	1.06516e+07	0.000743365	10	-9.42985e-16
	 180	2.64628e-06	1.06516e+07	0.392581	0.919718	2.34275	0.000743365	1.79787e-16	-9.42985e-16
		 Mass/AM Itteration # 	 convergence 	 p_core 	 a 	 omega_rot 	 edge corot 	 AM error 
	 	 	1	1	2.53882e+11	1.06518e+07	0.000743365	10	1.88597e-15
	 	 	2	3.62819e-06	2.53883e+11	1.06517e+07	0.000743365	10	-6.28656e-16
	 	 	3	1.60963e-06	2.53884e+11	1.06517e+07	0.000743365	10	-1.72881e-15
	 	 	4	4.19359e-07	2.53884e+11	1.06517e+07	0.000743365	10	-3.14328e-16
	 	 	5	9.61983e-08	2.53884e+11	1.06517e+07	0.000743365	10	-1.25731e-15
	 	 	6	2.16914e-08	2.53884e+11	1.06517e+07	0.000743365	10	1.57164e-15
	 	 	7	4.70192e-09	2.53884e+11	1.06517e+07	0.000743365	10	3.14328e-16
	 181	2.62077e-06	1.06517e+07	0.392575	0.91972	2.34279	0.000743365	0	3.14328e-16
		 Mass/AM Itteration # 	 convergence 	 p_core 	 a 	 omega_rot 	 edge corot 	 AM error 
	 	 	1	1	2.53882e+11	1.06519e+07	0.000743365	10	-9.42985e-16
	 	 	2	3.61505e-06	2.53883e+11	1.06519e+07	0.000743365	10	-2.98612e-15
	 	 	3	1.59662e-06	2.53884e+11	1.06519e+07	0.000743365	10	7.85821e-16
	 	 	4	4.15967e-07	2.53884e+11	1.06519e+07	0.000743365	10	-1.57164e-15
	 	 	5	9.55013e-08	2.53884e+11	1.06519e+07	0.000743365	10	3.14328e-16
	 	 	6	2.15433e-08	2.53884e+11	1.06519e+07	0.000743365	10	-1.57164e-15
	 	 	7	4.66845e-09	2.53884e+11	1.06519e+07	0.000743365	10	-7.85821e-16
	 182	2.58834e-06	1.06519e+07	0.392569	0.919722	2.34283	0.000743365	-3.59574e-16	-7.85821e-16
		 Mass/AM Itteration # 	 convergence 	 p_core 	 a 	 omega_rot 	 edge corot 	 AM error 
	 	 	1	1	2.53883e+11	1.06521e+07	0.000743365	10	-7.85821e-16
	 	 	2	3.58353e-06	2.53883e+11	1.06521e+07	0.000743365	10	4.71492e-16
	 	 	3	1.57863e-06	2.53884e+11	1.06521e+07	0.000743365	10	-2.04313e-15
	 	 	4	4.11273e-07	2.53884e+11	1.06521e+07	0.000743365	10	2.35746e-15
	 	 	5	9.44688e-08	2.53884e+11	1.06521e+07	0.000743365	10	-3.14328e-15
	 	 	6	2.13153e-08	2.53884e+11	1.06521e+07	0.000743365	10	-1.57164e-16
	 	 	7	4.61828e-09	2.53884e+11	1.06521e+07	0.000743365	10	9.42985e-16
	 183	2.55264e-06	1.06521e+07	0.392564	0.919725	2.34287	0.000743365	-1.79787e-16	9.42985e-16
		 Mass/AM Itteration # 	 convergence 	 p_core 	 a 	 omega_rot 	 edge corot 	 AM error 
	 	 	1	1	2.53883e+11	1.06522e+07	0.000743365	10	1.72881e-15
	 	 	2	3.54081e-06	2.53883e+11	1.06522e+07	0.000743365	10	-2.35746e-15
	 	 	3	1.55775e-06	2.53884e+11	1.06522e+07	0.000743365	10	1.57164e-15
	 	 	4	4.05832e-07	2.53884e+11	1.06522e+07	0.000743365	10	0
	 	 	5	9.32425e-08	2.53884e+11	1.06522e+07	0.000743365	10	3.14328e-16
	 	 	6	2.10413e-08	2.53884e+11	1.06522e+07	0.000743365	10	1.72881e-15
	 	 	7	4.55851e-09	2.53884e+11	1.06522e+07	0.000743365	10	-3.45761e-15
	 184	2.51543e-06	1.06522e+07	0.392558	0.919727	2.34291	0.000743365	-8.98935e-16	-3.45761e-15
		 Mass/AM Itteration # 	 convergence 	 p_core 	 a 	 omega_rot 	 edge corot 	 AM error 
	 	 	1	1	2.53883e+11	1.06524e+07	0.000743365	10	-1.41448e-15
	 	 	2	3.49253e-06	2.53884e+11	1.06523e+07	0.000743365	10	-7.85821e-16
	 	 	3	1.5355e-06	2.53884e+11	1.06523e+07	0.000743365	10	-1.25731e-15
	 	 	4	4.00029e-07	2.53884e+11	1.06523e+07	0.000743365	10	2.04313e-15
	 	 	5	9.19192e-08	2.53884e+11	1.06523e+07	0.000743365	10	7.85821e-16
	 	 	6	2.07438e-08	2.53884e+11	1.06523e+07	0.000743365	10	-3.14328e-15
	 	 	7	4.49388e-09	2.53884e+11	1.06523e+07	0.000743365	10	-1.57164e-16
	 185	2.4776e-06	1.06523e+07	0.392553	0.919729	2.34294	0.000743365	0	-1.57164e-16
		 Mass/AM Itteration # 	 convergence 	 p_core 	 a 	 omega_rot 	 edge corot 	 AM error 
	 	 	1	1	2.53883e+11	1.06525e+07	0.000743365	10	1.88597e-15
	 	 	2	3.44169e-06	2.53884e+11	1.06525e+07	0.000743365	10	1.57164e-16
	 	 	3	1.51274e-06	2.53884e+11	1.06525e+07	0.000743365	10	1.88597e-15
	 	 	4	3.9409e-07	2.53884e+11	1.06525e+07	0.000743365	10	-2.04313e-15
	 	 	5	9.05569e-08	2.53884e+11	1.06525e+07	0.000743365	10	-4.71492e-16
	 	 	6	2.04366e-08	2.53884e+11	1.06525e+07	0.000743365	10	-1.41448e-15
	 	 	7	4.42728e-09	2.53884e+11	1.06525e+07	0.000743365	10	1.57164e-15
	 186	2.43988e-06	1.06525e+07	0.392547	0.919732	2.34298	0.000743365	-7.19148e-16	1.57164e-15
		 Mass/AM Itteration # 	 convergence 	 p_core 	 a 	 omega_rot 	 edge corot 	 AM error 
	 	 	1	1	2.53883e+11	1.06526e+07	0.000743365	10	1.25731e-15
	 	 	2	3.39013e-06	2.53884e+11	1.06526e+07	0.000743365	10	1.88597e-15
	 	 	3	1.49001e-06	2.53884e+11	1.06526e+07	0.000743365	10	0
	 	 	4	3.88157e-07	2.53884e+11	1.06526e+07	0.000743365	10	9.42985e-16
	 	 	5	8.91936e-08	2.53884e+11	1.06526e+07	0.000743365	10	-6.28656e-16
	 	 	6	2.01294e-08	2.53884e+11	1.06526e+07	0.000743365	10	-3.14328e-15
	 	 	7	4.36082e-09	2.53884e+11	1.06526e+07	0.000743365	10	6.28656e-16
	 187	2.40252e-06	1.06526e+07	0.392542	0.919734	2.34302	0.000743365	1.79787e-16	6.28656e-16
		 Mass/AM Itteration # 	 convergence 	 p_core 	 a 	 omega_rot 	 edge corot 	 AM error 
	 	 	1	1	2.53883e+11	1.06528e+07	0.000743365	10	1.57164e-16
	 	 	2	3.33935e-06	2.53884e+11	1.06528e+07	0.000743365	10	-1.10015e-15
	 	 	3	1.46763e-06	2.53884e+11	1.06528e+07	0.000743365	10	-1.57164e-16
	 	 	4	3.82319e-07	2.53884e+11	1.06528e+07	0.000743365	10	9.42985e-16
	 	 	5	8.78494e-08	2.53884e+11	1.06528e+07	0.000743365	10	9.42985e-16
	 	 	6	1.98253e-08	2.53884e+11	1.06528e+07	0.000743365	10	-1.88597e-15
	 	 	7	4.29483e-09	2.53884e+11	1.06528e+07	0.000743365	10	-7.85821e-16
	 188	2.3662e-06	1.06528e+07	0.392537	0.919736	2.34306	0.000743365	-5.39361e-16	-7.85821e-16
		 Mass/AM Itteration # 	 convergence 	 p_core 	 a 	 omega_rot 	 edge corot 	 AM error 
	 	 	1	1	2.53883e+11	1.06529e+07	0.000743365	10	-2.51463e-15
	 	 	2	3.28872e-06	2.53884e+11	1.06529e+07	0.000743365	10	-4.71492e-16
	 	 	3	1.44551e-06	2.53884e+11	1.06529e+07	0.000743365	10	-2.67179e-15
	 	 	4	3.76548e-07	2.53884e+11	1.06529e+07	0.000743365	10	1.10015e-15
	 	 	5	8.65194e-08	2.53884e+11	1.06529e+07	0.000743365	10	-9.42985e-16
	 	 	6	1.95247e-08	2.53884e+11	1.06529e+07	0.000743365	10	0
	 	 	7	4.22973e-09	2.53884e+11	1.06529e+07	0.000743365	10	1.10015e-15
	 189	2.33044e-06	1.06529e+07	0.392532	0.919738	2.34309	0.000743365	0	1.10015e-15
		 Mass/AM Itteration # 	 convergence 	 p_core 	 a 	 omega_rot 	 edge corot 	 AM error 
	 	 	1	1	2.53883e+11	1.06531e+07	0.000743365	10	-9.42985e-16
	 	 	2	3.23934e-06	2.53884e+11	1.06531e+07	0.000743365	10	-1.10015e-15
	 	 	3	1.42392e-06	2.53884e+11	1.0653e+07	0.000743365	10	3.30045e-15
	 	 	4	3.70918e-07	2.53884e+11	1.0653e+07	0.000743365	10	1.57164e-15
	 	 	5	8.52224e-08	2.53884e+11	1.0653e+07	0.000743365	10	-2.82895e-15
	 	 	6	1.92316e-08	2.53884e+11	1.0653e+07	0.000743365	10	2.04313e-15
	 	 	7	4.16625e-09	2.53884e+11	1.0653e+07	0.000743365	10	1.41448e-15
	 190	2.29564e-06	1.0653e+07	0.392527	0.919741	2.34313	0.000743365	-1.79787e-16	1.41448e-15
		 Mass/AM Itteration # 	 convergence 	 p_core 	 a 	 omega_rot 	 edge corot 	 AM error 
	 	 	1	1	2.53883e+11	1.06532e+07	0.000743365	10	1.41448e-15
	 	 	2	3.1902e-06	2.53884e+11	1.06532e+07	0.000743365	10	9.42985e-16
	 	 	3	1.40261e-06	2.53884e+11	1.06532e+07	0.000743365	10	0
	 	 	4	3.65355e-07	2.53884e+11	1.06532e+07	0.000743365	10	1.25731e-15
	 	 	5	8.39385e-08	2.53884e+11	1.06532e+07	0.000743365	10	-2.82895e-15
	 	 	6	1.89413e-08	2.53884e+11	1.06532e+07	0.000743365	10	-2.2003e-15
	 	 	7	4.10342e-09	2.53884e+11	1.06532e+07	0.000743365	10	-1.57164e-16
	 191	2.26153e-06	1.06532e+07	0.392522	0.919743	2.34316	0.000743365	1.79787e-16	-1.57164e-16
		 Mass/AM Itteration # 	 convergence 	 p_core 	 a 	 omega_rot 	 edge corot 	 AM error 
	 	 	1	1	2.53883e+11	1.06533e+07	0.000743365	10	-9.42985e-16
	 	 	2	3.14054e-06	2.53884e+11	1.06533e+07	0.000743365	10	1.41448e-15
	 	 	3	1.38142e-06	2.53884e+11	1.06533e+07	0.000743365	10	3.14328e-16
	 	 	4	3.59813e-07	2.53884e+11	1.06533e+07	0.000743365	10	1.41448e-15
	 	 	5	8.26533e-08	2.53884e+11	1.06533e+07	0.000743365	10	-1.57164e-16
	 	 	6	1.86502e-08	2.53884e+11	1.06533e+07	0.000743365	10	7.85821e-16
	 	 	7	4.04056e-09	2.53884e+11	1.06533e+07	0.000743365	10	-1.25731e-15
	 192	2.22787e-06	1.06533e+07	0.392517	0.919745	2.3432	0.000743365	3.59574e-16	-1.25731e-15
		 Mass/AM Itteration # 	 convergence 	 p_core 	 a 	 omega_rot 	 edge corot 	 AM error 
	 	 	1	1	2.53883e+11	1.06535e+07	0.000743365	10	6.28656e-16
	 	 	2	3.09193e-06	2.53884e+11	1.06534e+07	0.000743365	10	2.67179e-15
	 	 	3	1.36079e-06	2.53884e+11	1.06534e+07	0.000743365	10	9.42985e-16
	 	 	4	3.54419e-07	2.53884e+11	1.06534e+07	0.000743365	10	-2.98612e-15
	 	 	5	8.14011e-08	2.53884e+11	1.06534e+07	0.000743365	10	2.98612e-15
	 	 	6	1.83664e-08	2.53884e+11	1.06534e+07	0.000743365	10	1.88597e-15
	 	 	7	3.97928e-09	2.53884e+11	1.06534e+07	0.000743365	10	3.30045e-15
	 193	2.1949e-06	1.06534e+07	0.392512	0.919747	2.34323	0.000743365	1.79787e-16	3.30045e-15
		 Mass/AM Itteration # 	 convergence 	 p_core 	 a 	 omega_rot 	 edge corot 	 AM error 
	 	 	1	1	2.53883e+11	1.06536e+07	0.000743365	10	-1.25731e-15
	 	 	2	3.04649e-06	2.53884e+11	1.06536e+07	0.000743365	10	1.10015e-15
	 	 	3	1.34121e-06	2.53884e+11	1.06536e+07	0.000743365	10	3.77194e-15
	 	 	4	3.49304e-07	2.53884e+11	1.06536e+07	0.000743365	10	-3.14328e-15
	 	 	5	8.02183e-08	2.53884e+11	1.06536e+07	0.000743365	10	9.42985e-16
	 	 	6	1.80987e-08	2.53884e+11	1.06536e+07	0.000743365	10	1.57164e-15
	 	 	7	3.9214e-09	2.53884e+11	1.06536e+07	0.000743365	10	-2.04313e-15
	 194	2.16338e-06	1.06536e+07	0.392507	0.919749	2.34327	0.000743365	-3.59574e-16	-2.04313e-15
		 Mass/AM Itteration # 	 convergence 	 p_core 	 a 	 omega_rot 	 edge corot 	 AM error 
	 	 	1	1	2.53883e+11	1.06537e+07	0.000743365	10	-1.88597e-15
	 	 	2	3.00289e-06	2.53884e+11	1.06537e+07	0.000743365	10	-2.35746e-15
	 	 	3	1.3223e-06	2.53884e+11	1.06537e+07	0.000743365	10	0
	 	 	4	3.44367e-07	2.53884e+11	1.06537e+07	0.000743365	10	3.45761e-15
	 	 	5	7.90783e-08	2.53884e+11	1.06537e+07	0.000743365	10	-1.72881e-15
	 	 	6	1.78409e-08	2.53884e+11	1.06537e+07	0.000743365	10	-1.41448e-15
	 	 	7	3.86562e-09	2.53884e+11	1.06537e+07	0.000743365	10	-9.42985e-16
	 195	2.13288e-06	1.06537e+07	0.392503	0.919751	2.3433	0.000743365	3.59574e-16	-9.42985e-16
		 Mass/AM Itteration # 	 convergence 	 p_core 	 a 	 omega_rot 	 edge corot 	 AM error 
	 	 	1	1	2.53883e+11	1.06538e+07	0.000743365	10	-3.14328e-16
	 	 	2	2.96021e-06	2.53884e+11	1.06538e+07	0.000743365	10	-2.51463e-15
	 	 	3	1.30382e-06	2.53884e+11	1.06538e+07	0.000743365	10	6.28656e-16
	 	 	4	3.39542e-07	2.53884e+11	1.06538e+07	0.000743365	10	-1.57164e-15
	 	 	5	7.79638e-08	2.53884e+11	1.06538e+07	0.000743365	10	9.42985e-16
	 	 	6	1.75888e-08	2.53884e+11	1.06538e+07	0.000743365	10	-1.41448e-15
	 	 	7	3.81108e-09	2.53884e+11	1.06538e+07	0.000743365	10	4.71492e-16
	 196	2.10308e-06	1.06538e+07	0.392498	0.919753	2.34333	0.000743365	-1.79787e-16	4.71492e-16
		 Mass/AM Itteration # 	 convergence 	 p_core 	 a 	 omega_rot 	 edge corot 	 AM error 
	 	 	1	1	2.53883e+11	1.0654e+07	0.000743365	10	-4.71492e-16
	 	 	2	2.91956e-06	2.53884e+11	1.06539e+07	0.000743365	10	-1.57164e-16
	 	 	3	1.28604e-06	2.53884e+11	1.06539e+07	0.000743365	10	0
	 	 	4	3.34903e-07	2.53884e+11	1.06539e+07	0.000743365	10	-9.42985e-16
	 	 	5	7.68954e-08	2.53884e+11	1.06539e+07	0.000743365	10	-9.42985e-16
	 	 	6	1.73474e-08	2.53884e+11	1.06539e+07	0.000743365	10	2.2003e-15
	 	 	7	3.75879e-09	2.53884e+11	1.06539e+07	0.000743365	10	-1.57164e-16
	 197	2.07425e-06	1.06539e+07	0.392493	0.919755	2.34336	0.000743365	1.79787e-16	-1.57164e-16
		 Mass/AM Itteration # 	 convergence 	 p_core 	 a 	 omega_rot 	 edge corot 	 AM error 
	 	 	1	1	2.53883e+11	1.06541e+07	0.000743365	10	3.14328e-16
	 	 	2	2.8805e-06	2.53884e+11	1.06541e+07	0.000743365	10	9.42985e-16
	 	 	3	1.2688e-06	2.53884e+11	1.06541e+07	0.000743365	10	6.28656e-16
	 	 	4	3.3041e-07	2.53884e+11	1.06541e+07	0.000743365	10	-1.57164e-16
	 	 	5	7.58632e-08	2.53884e+11	1.06541e+07	0.000743365	10	3.14328e-16
	 	 	6	1.71144e-08	2.53884e+11	1.06541e+07	0.000743365	10	-1.10015e-15
	 	 	7	3.70828e-09	2.53884e+11	1.06541e+07	0.000743365	10	1.72881e-15
	 198	2.04631e-06	1.06541e+07	0.392489	0.919757	2.3434	0.000743365	0	1.72881e-15
		 Mass/AM Itteration # 	 convergence 	 p_core 	 a 	 omega_rot 	 edge corot 	 AM error 
	 	 	1	1	2.53883e+11	1.06542e+07	0.000743365	10	1.57164e-16
	 	 	2	2.84124e-06	2.53884e+11	1.06542e+07	0.000743365	10	-7.85821e-16
	 	 	3	1.25165e-06	2.53884e+11	1.06542e+07	0.000743365	10	-9.42985e-16
	 	 	4	3.25938e-07	2.53884e+11	1.06542e+07	0.000743365	10	-1.57164e-15
	 	 	5	7.48331e-08	2.53884e+11	1.06542e+07	0.000743365	10	1.25731e-15
	 	 	6	1.68816e-08	2.53884e+11	1.06542e+07	0.000743365	10	-1.41448e-15
	 	 	7	3.65788e-09	2.53884e+11	1.06542e+07	0.000743365	10	-9.42985e-16
	 199	2.01874e-06	1.06542e+07	0.392484	0.919759	2.34343	0.000743365	0	-9.42985e-16
		 Mass/AM Itteration # 	 convergence 	 p_core 	 a 	 omega_rot 	 edge corot 	 AM error 
	 	 	1	1	2.53883e+11	1.06543e+07	0.000743365	10	-3.77194e-15
	 	 	2	2.80184e-06	2.53884e+11	1.06543e+07	0.000743365	10	1.10015e-15
	 	 	3	1.23464e-06	2.53884e+11	1.06543e+07	0.000743365	10	7.85821e-16
	 	 	4	3.21498e-07	2.53884e+11	1.06543e+07	0.000743365	10	2.2003e-15
	 	 	5	7.38073e-08	2.53884e+11	1.06543e+07	0.000743365	10	7.85821e-16
	 	 	6	1.66495e-08	2.53884e+11	1.06543e+07	0.000743365	10	-6.28656e-16
	 	 	7	3.60769e-09	2.53884e+11	1.06543e+07	0.000743365	10	-1.88597e-15
	 200	1.99155e-06	1.06543e+07	0.39248	0.919761	2.34346	0.000743365	1.79787e-16	-1.88597e-15
Back to main
run time (s) 88643.6
