    
   100000.000049 11.800557  0.000957 64.052028     21.06    103.33     -2.17
   100093.123047 11.802568  0.001019 61.685284      4.55    -22.62     -4.85
   100186.246045 11.803825  0.000980 66.533193     -8.17    160.99     -0.05
   100279.369042 11.805791  0.000995 65.550785    -14.49    -53.49      0.46
   100372.492040 11.806856  0.000859 61.411470    -29.57     54.64      4.17
   100465.615038 11.808699  0.000909 66.089466    -43.90    134.67     -1.68
   100558.738035 11.810584  0.000967 65.676623    -49.86    165.85      1.81
   100651.861033 11.813121  0.001054 61.427801    -65.24    170.78      1.71
   100744.984031 11.813890  0.000962 66.705016    -78.71    146.19     -3.56
   100838.107028 11.815882  0.000993 64.494876    -84.84     78.83     -1.20
   100931.230026 11.818017  0.001046 62.111727   -102.30    -13.58      1.44
   101024.353024 11.819334  0.000978 67.583922   -111.99   -138.50      2.44
   101117.476021 11.820912  0.001026 62.109330   -121.13     71.27      0.79
   101210.599019 11.822021  0.000872 64.843913   -138.81   -101.43     -0.50
   101303.722017 11.824130  0.000940 66.034773   -144.21     47.43      3.89
   101396.845014 11.825811  0.001000 61.587200   -160.65   -172.04     -1.65
   101489.968012 11.827541  0.000996 67.493301   -170.90    -63.50     -1.29
   101583.091009 11.829751  0.001019 61.773641    179.01     17.43      4.08
   101676.214007 11.830834  0.000969 66.271860    162.97     87.99      2.53
   101769.337005 11.832798  0.001001 63.451220    157.00    134.35      0.91
   101862.460002 11.834801  0.001016 64.481845    138.54    168.60     -0.56
   101955.583000 11.836063  0.000992 65.346803    133.40    177.64     -0.94
   102048.705998 11.837463  0.000986 62.782623    115.28    174.36      2.85
   102141.828995 11.839767  0.001051 66.524573    109.00    158.53     -1.93
   102234.951993 11.840369  0.000914 62.143380     92.33    130.49     -2.53
   102328.074991 11.842615  0.000997 66.734177     84.85     84.86     -1.80
   102421.197988 11.844285  0.000937 61.999696     68.84     27.19      4.60
   102514.320986 11.845794  0.000947 66.940065     61.20    -31.24     -2.65
   102607.443984 11.847667  0.001025 61.974368     44.98   -102.53     -0.27
   102700.566981 11.849550  0.001018 66.507723     37.89    176.01      0.37
   102793.689979 11.850150  0.000824 62.860755     20.70     93.64      0.85
   102886.812977 11.852406  0.000980 65.395716     14.92      2.20      0.03
   102979.935974 11.853873  0.000940 64.171352     -3.58    -83.01     -3.31
   103073.058972 11.856472  0.001021 63.871218     -8.65    177.51     -2.46
   103166.181969 11.857531  0.000979 66.029540    -26.64     80.42      2.08
   103259.304967 11.859359  0.001015 61.760433    -33.85    -17.48      2.28
   103352.427965 11.860130  0.000867 67.600500    -48.02   -110.43      2.18
   103445.550962 11.862303  0.000938 61.460938    -60.66    163.70     -3.28
   103538.673960 11.864002  0.000957 66.204305    -68.69     71.25     -0.32
   103631.796958 11.866406  0.001047 64.384550    -86.62     -8.99      0.25
   103724.919955 11.866991  0.000928 62.704101    -92.17    -91.59      2.49
   103818.042953 11.868833  0.000978 67.268142   -107.95   -155.34     -0.61
   103911.165951 11.870989  0.000992 61.699775   -120.43    148.52     -4.81
   104004.288948 11.871822  0.000869 65.490060   -127.53     88.95      0.83
   104097.411946 11.873894  0.000965 65.801162   -145.59     54.49     -1.33
   104190.534944 11.875628  0.000942 61.381612   -153.96     20.27      3.19
   104283.657941 11.877879  0.001023 66.788955   -164.15      8.26     -0.72
   104376.780939 11.878684  0.000961 64.779515    178.32     12.32     -1.99
   104469.903937 11.880413  0.000951 61.537228    171.02     21.24      2.22
   104563.026934 11.882007  0.000942 66.940605    159.94     50.16      4.76
   104656.149932 11.883731  0.000980 65.015178    142.65    105.73      2.13
   104749.272930 11.885622  0.000971 61.300928    134.57    173.52      1.83
   104842.395927 11.886312  0.000849 66.132143    124.97    -96.73      0.23
   104935.518925 11.888798  0.000992 66.395504    107.70     17.15     -0.05
   105028.641922 11.890485  0.001010 61.536885     96.67    150.66      0.00
   105121.764920 11.891778  0.000901 63.808882     89.62    -50.15     -4.56
   105214.887918 11.893136  0.000933 67.465818     74.65    130.09     -1.16
   105308.010915 11.895208  0.000988 64.158904     59.01    -20.45      0.15
   105401.133913 11.896855  0.000927 61.413558     50.94   -151.26      4.44
   105494.256911 11.897898  0.000860 64.973027     41.95    115.77     -0.46
   105587.379908 11.899932  0.000959 67.336520     26.12     51.43     -0.27
   105680.502906 11.901919  0.000963 64.220536     11.26     13.26      3.79
   105773.625904 11.903918  0.001016 61.349088      2.73     12.35     -1.47
   105866.748901 11.904866  0.000998 63.779152     -5.84     39.72     -1.59
   105959.871899 11.906148  0.000905 67.315188    -20.02    104.80     -2.08
   106052.994897 11.908645  0.001016 66.290779    -35.83   -158.05      0.65
   106146.117894 11.909468  0.000938 62.387504    -47.80    -23.72      1.13
   106239.240892 11.911766  0.001032 61.433024    -56.01    148.10     -0.38
   106332.363890 11.913577  0.001026 64.355827    -65.63     -1.17     -1.87
   106425.486887 11.914645  0.000983 67.057388    -79.39   -112.20      0.48
   106518.609885 11.916249  0.000979 66.896464    -94.90   -178.92      0.75
   106611.732882 11.918209  0.001007 64.288251   -108.33    160.20     -4.44
   106704.855880 11.919353  0.000961 61.590283   -118.49    172.35     -1.31
   106797.978878 11.920643  0.000912 61.546662   -127.37   -128.48     -1.24
   106891.101875 11.923116  0.001014 63.964536   -137.58    -22.74     -1.98
   106984.224873 11.923761  0.000906 66.368833   -150.26    130.61     -2.81
   107077.347871 11.925826  0.000976 67.364235   -164.68    -30.67      0.04
   107170.470868 11.927257  0.000906 66.840655   -179.07   -144.65      3.97
   107263.593866 11.929022  0.000950 64.850946    167.83    162.82     -4.80
   107356.716864 11.930480  0.000983 62.646646    156.20    146.32      1.11
   107449.839861 11.932660  0.000991 61.560512    145.80   -175.83      3.83
   107542.962859 11.933039  0.000847 61.433751    135.93    -79.43      0.25
   107636.085857 11.935471  0.000978 62.063256    125.53     69.49     -0.90
   107729.208854 11.936674  0.000888 63.526134    114.31    -84.89     -2.82
   107822.331852 11.939121  0.000993 65.043489    102.42    174.55     -2.41
   107915.454850 11.939886  0.000936 66.020577     89.88    130.71     -0.69
   108008.577847 11.942018  0.001017 66.877050     76.92    146.61      0.49
   108101.700845 11.943408  0.000932 67.479585     63.97   -141.55      4.69
   108194.823842 11.944989  0.000964 67.405446     51.05      1.09     -1.10
   108287.946840 11.946411  0.000947 67.341518     38.16   -163.76      2.95
   108381.069838 11.947339  0.000808 67.339485     25.56    101.77     -1.25
   108474.192835 11.949711  0.000958 66.957444     13.13     64.23      1.47
   108567.315833 11.951285  0.000990 66.726805      0.74     97.30     -0.81
   108660.438831 11.953362  0.001001 66.817526    -11.44   -168.94      1.81
   108753.561828 11.954703  0.000972 66.686615    -23.45     -1.16     -2.77
   108846.684826 11.955835  0.000943 66.616172    -35.49   -130.58     -1.23
   108939.807824 11.958277  0.001029 66.972641    -47.37    170.39     -1.07
   109032.930821 11.959620  0.001006 67.117266    -59.02   -178.69     -1.07
   109126.053819 11.960784  0.000995 67.153834    -70.64    -95.78     -0.99
   109219.176817 11.961790  0.000861 67.489696    -82.07     57.23      1.37
   109312.299814 11.963194  0.000834 67.542497    -93.23    -70.87     -2.28
   109405.422812 11.965583  0.001008 67.123491   -104.36   -129.47     -0.38
   109498.545810 11.966599  0.000873 66.676828   -115.55   -110.20     -0.38
   109591.668807 11.969152  0.001011 65.882620   -126.78    -12.92     -2.26
   109684.791805 11.969933  0.000944 64.409209   -138.47    159.19     -0.75
   109777.914802 11.971289  0.000892 63.036425   -150.93     50.41      1.41
   109871.037800 11.973774  0.000973 61.975835   -164.06     21.86      3.00
   109964.160798 11.974844  0.000958 61.216049   -177.89     76.59      2.77
   110057.283795 11.976183  0.000928 61.660497    167.94   -144.50      1.04
   110150.406793 11.977319  0.000832 63.361839    154.51     72.59      3.23
   110243.529791 11.979856  0.000983 65.298246    142.44     18.76     -0.47
   110336.652788 11.980878  0.000953 66.933726    131.78     46.19     -0.43
   110429.775786 11.983318  0.001019 67.488232    122.14    161.71     -3.19
   110522.898784 11.984591  0.000998 65.951125    112.24      1.21     -3.00
   110616.021781 11.985974  0.000999 63.231397    100.38    -73.19      0.92
   110709.144779 11.987465  0.000940 61.506411     86.12    -47.04     -5.26
   110802.267777 11.988986  0.000926 61.918957     70.98     54.07      3.93
   110895.390774 11.990610  0.000971 64.417601     57.47   -100.08     -0.75
   110988.513772 11.992312  0.000993 67.141935     47.12   -171.52      2.52
   111081.636770 11.993996  0.000968 67.066319     38.46   -149.31      4.09
   111174.759767 11.994883  0.000920 63.889799     27.87    -25.96      0.21
   111267.882765 11.996811  0.000939 61.390799     13.24   -171.45      3.10
   111361.005762 11.998214  0.000934 62.636376     -2.50    150.75     -5.27
   111454.128760 11.999757  0.000954 66.041110    -14.63   -163.24     -1.82
   111547.251758 12.001577  0.000976 67.256451    -23.05    -19.00      0.34
   111640.374755 12.002722  0.000909 64.268773    -32.81   -137.48      4.76
   111733.497753 12.004749  0.000984 61.240022    -47.88   -144.02      0.58
   111826.620751 12.006170  0.000993 63.512014    -63.80    -51.57     -0.02
   111919.743748 12.007675  0.000933 67.371040    -73.85    143.54     -4.58
   112012.866746 12.008999  0.000934 65.717663    -81.71     69.29      2.44
   112105.989744 12.010763  0.000972 61.510211    -95.39    112.71     -0.06
   112199.112741 12.011391  0.000798 63.138640   -112.19   -100.74      1.24
   112292.235739 12.013606  0.000930 67.236754   -122.48    155.10     -4.23
   112385.358737 12.015095  0.000945 65.176868   -130.20    146.55      1.45
   112478.481734 12.016000  0.000822 61.371614   -145.08   -103.00      0.31
   112571.604732 12.017664  0.000825 64.545850   -161.07    117.95     -1.75
   112664.727730 12.019880  0.000998 67.223037   -169.07     81.67      0.11
   112757.850727 12.021895  0.001017 62.868411   -179.19    160.68     -0.72
   112850.973725 12.023380  0.001001 62.384067    163.22     -3.51     -2.37
   112944.096722 12.024334  0.000944 67.111027    152.32    -62.48      0.87
   113037.219720 12.026142  0.000969 64.347096    144.69     -6.93      2.54
   113130.342718 12.028116  0.000986 61.684069    127.72    174.64     -1.95
   113223.465715 12.028854  0.000953 66.742436    115.03    102.68      1.22
   113316.588713 12.030763  0.000989 64.725769    108.10    150.24     -0.33
   113409.711711 12.032049  0.000923 61.682116     91.17    -34.84     -6.10
   113502.834708 12.033648  0.000961 66.950807     78.75   -117.36      2.34
   113595.957706 12.035254  0.000981 63.977002     71.53    -70.26     -0.75
   113689.080704 12.035836  0.000796 62.324935     53.54    101.17     -1.57
   113782.203701 12.038489  0.001000 67.421812     43.66     28.18     -0.38
   113875.326699 12.039651  0.000953 62.241023     34.16     81.44     -1.88
   113968.449697 12.040439  0.000817 64.352912     15.97   -100.20      0.18
   114061.572694 12.043246  0.000995 66.560890      9.59   -162.08      0.81
   114154.695692 12.044284  0.000965 61.166522     -5.50    -91.06     -0.11
   114247.818690 12.045225  0.000841 67.136493    -18.95    109.38     -4.45
   114340.941687 12.047034  0.000897 63.085012    -26.41     59.70      5.60
   114434.064685 12.048560  0.000938 63.964853    -45.11    159.71      1.64
   114527.187682 12.050346  0.000929 66.183512    -51.30     17.36      3.12
   114620.310680 12.052467  0.000997 61.710146    -67.76     14.12      1.34
   114713.433678 12.053092  0.000923 67.323943    -78.25    138.77      0.58
   114806.556675 12.054438  0.000895 61.434823    -89.57     34.70      2.04
   114899.679673 12.055744  0.000834 66.852594   -105.02     65.22      4.24
   114992.802671 12.058002  0.000989 62.642424   -112.23   -127.55      0.18
   115085.925668 12.059521  0.000960 65.254273   -130.67    176.25      1.72
   115179.048666 12.060175  0.000805 64.318047   -136.29   -111.22      3.47
   115272.171664 12.062085  0.000923 63.925102   -155.23    110.45      0.90
   115365.294661 12.063930  0.000960 65.132282   -160.98    104.17     -1.97
   115458.417659 12.064916  0.000854 63.343907   -179.59   -125.39      4.36
   115551.540657 12.066625  0.000892 65.726603    174.36    152.28     -3.22
   115644.663654 12.068095  0.000904 62.849465    155.98   -153.27      1.04
   115737.786652 12.069698  0.000892 65.876677    149.71     36.93      4.74
   115830.909650 12.071804  0.000980 63.128694    131.43     25.16     -0.28
   115924.032647 12.072788  0.000949 65.235143    125.38    145.89      0.17
   116017.155645 12.073825  0.000835 63.886297    106.58     54.57      4.41
   116110.278642 12.075208  0.000820 64.507054    101.09    110.58     -0.47
   116203.401640 12.077272  0.000945 64.856142     82.10    -44.28      0.18
   116296.524638 12.078977  0.000931 63.061326     76.13    -53.96     -3.66
   116389.647635 12.079662  0.000824 66.535195     58.41     81.05      2.24
   116482.770633 12.081689  0.000922 61.523195     50.19     10.24     -1.10
   116575.893631 12.082807  0.000853 67.418538     35.77     91.24     -2.12
   116669.016628 12.084620  0.000899 61.493794     22.97    -35.81     -5.19
   116762.139626 12.086060  0.000933 66.544169     13.89    -19.15     -1.39
   116855.262624 12.088057  0.000974 63.329951     -3.93    157.12      1.27
   116948.385621 12.088961  0.000872 63.908285     -9.65    129.38     -5.10
   117041.508619 12.090771  0.000946 66.423214    -27.63   -110.53      2.50
   117134.631617 12.092336  0.000961 61.239764    -36.97    169.31      2.27
   117227.754614 12.092994  0.000810 67.247752    -48.47   -115.70      4.49
   117320.877612 12.094727  0.000872 63.051175    -65.28    127.34     -0.82
   117414.000610 12.096714  0.000953 63.349883    -71.35    156.96      0.64
   117507.123607 12.098860  0.001004 67.171343    -88.47     -6.39      0.39
   117600.246605 12.099757  0.000944 61.410230   -100.18     -9.48     -2.79
   117693.369603 12.101058  0.000938 65.488471   -108.48    140.49      1.01
   117786.492600 12.102051  0.000831 65.859563   -126.86    105.96     -3.05
   117879.615598 12.104423  0.000953 61.356553   -135.53   -141.12      2.96
   117972.738595 12.105387  0.000939 66.395662   -146.18    145.01      1.55
   118065.861593 12.106407  0.000818 65.126236   -164.18   -123.05      3.30
   118158.984591 12.108136  0.000866 61.478949   -172.13    137.79     -3.89
   118252.107588 12.109884  0.000940 66.437434    176.77   -163.01     -0.40
   118345.230586 12.110869  0.000851 65.381598    158.88     70.90     -0.08
   118438.353584 12.112102  0.000801 61.374428    150.07    110.32     -2.16
   118531.476581 12.114055  0.000895 65.635294    140.41    -43.87     -0.40
   118624.599579 12.116242  0.000975 66.502620    122.63    -21.59      0.03
   118717.722577 12.117983  0.000999 61.735228    111.09    170.78     -2.38
   118810.845574 12.118623  0.000929 63.605837    103.65    170.07     -1.82
   118903.968572 12.120468  0.000963 67.361692     87.92    -14.65      0.88
   118997.091570 12.122134  0.000956 63.973689     72.24    -18.41     -4.19
   119090.214567 12.122816  0.000884 61.366892     64.32    140.24     -1.17
   119183.337565 12.124767  0.000979 65.493341     53.86    118.82     -0.39
   119276.460563 12.125295  0.000780 67.198081     36.93    -80.33     -2.23
   119369.583560 12.127530  0.000912 62.866992     23.14   -111.73      3.80
   119462.706558 12.128734  0.000916 61.504663     15.28     43.81     -1.44
   119555.829555 12.130919  0.000975 65.762113      4.28     10.60      3.00
   119648.952553 12.132148  0.000945 67.257467    -12.17    169.97     -2.54
   119742.075551 12.133348  0.000946 63.577922    -26.80    140.43      1.70
   119835.198548 12.134649  0.000884 61.317353    -35.74    -59.70     -4.90
   119928.321546 12.135615  0.000805 63.989434    -44.89    -90.29      1.37
   120021.444544 12.137830  0.000962 67.053098    -59.39     73.18      0.61
   120114.567541 12.138567  0.000828 66.312610    -75.71     59.29      2.68
   120207.690539 12.140723  0.000914 62.760901    -88.29   -131.75      4.59
   120300.813537 12.142206  0.000965 61.213758    -97.10   -130.59     -1.29
   120393.936534 12.143060  0.000845 63.828133   -107.03     49.95      1.44
   120487.059532 12.144569  0.000830 66.994269   -120.83     59.80      4.44
   120580.182530 12.146402  0.000938 66.944933   -136.67    -94.70      2.05
   120673.305527 12.148041  0.000940 64.359837   -150.96    -57.46     -2.29
   120766.428525 12.149931  0.000974 61.845881   -161.77    164.45     -2.70
   120859.551523 12.151103  0.000962 61.488694   -170.89   -145.44     -0.15
   120952.674520 12.152333  0.000951 63.697455    178.46    102.88     -1.19
   121045.797518 12.154413  0.000992 66.514682    165.20   -177.02      1.00
   121138.920515 12.154689  0.000864 67.370193    150.25    100.49      1.24
   121232.043513 12.156249  0.000910 66.240795    135.32   -144.37      0.09
   121325.166511 12.158597  0.000988 64.176298    122.06    166.39     -1.76
   121418.289508 12.158868  0.000833 62.021028    110.82    -48.78     -2.17
   121511.412506 12.160955  0.000946 61.125567    100.59    -69.14      0.15
   121604.535504 12.162020  0.000863 62.066042     90.28    115.71     -4.46
   121697.658501 12.163292  0.000834 63.765003     79.00    135.04     -4.27
   121790.781499 12.164927  0.000918 65.415613     66.26     -9.07      0.83
   121883.904497 12.166116  0.000834 66.931944     52.54     51.30      3.03
   121977.027494 12.167815  0.000867 67.476724     38.50    -36.90     -4.79
   122070.150492 12.169517  0.000966 66.979129     24.42     65.99     -0.39
   122163.273490 12.170980  0.000934 66.250579     10.70     13.19      3.30
   122256.396487 12.172889  0.000970 65.168399     -2.32    173.86     -3.12
   122349.519485 12.173500  0.000911 63.755859    -14.87    171.83     -1.66
   122442.642483 12.175199  0.000913 62.823929    -27.07     12.14      3.36
   122535.765480 12.176131  0.000830 62.181793    -38.82     61.24      5.16
   122628.888478 12.177680  0.000887 61.480240    -50.49    -34.46     -0.88
   122722.011475 12.179077  0.000863 61.264469    -62.28     72.69     -1.37
   122815.134473 12.181342  0.000937 61.363046    -74.00     21.66      4.39
   122908.257471 12.182597  0.000961 61.246566    -85.83   -168.13     -1.62
   123001.380468 12.183451  0.000882 61.286274    -97.97   -155.49      0.89
   123094.503466 12.184298  0.000772 61.604264   -110.13     67.57      3.67
   123187.626464 12.186369  0.000874 61.564519   -122.35    152.81     -4.08
   123280.749461 12.187959  0.000934 61.488146   -134.87     81.82     -2.09
   123373.872459 12.189120  0.000848 61.682779   -147.42   -141.88      5.86
   123466.995457 12.191172  0.000949 61.544519   -159.98   -139.96      2.20
   123560.118454 12.192281  0.000930 61.295687   -172.82     77.29     -0.92
   123653.241452 12.194195  0.000970 61.375332    174.23    148.84     -2.43
   123746.364450 12.194675  0.000850 61.316580    161.29     67.74      4.91
   123839.487447 12.196493  0.000928 61.144093    148.06   -140.94     -1.99
   123932.610445 12.197623  0.000866 61.497735    134.70   -144.45      4.34
   124025.733443 12.198723  0.000814 61.938880    121.49     77.71      3.33
   124118.856440 12.200480  0.000892 62.397947    108.22    162.12      0.39
   124211.979438 12.201935  0.000865 63.479284     95.14    108.44     -3.83
   124305.102435 12.202864  0.000785 64.703117     82.60    -95.30      2.43
   124398.225433 12.204865  0.000909 65.689022     70.48    -68.74      0.67
   124491.348431 12.206573  0.000943 66.771987     58.86    178.13      1.70
   124584.471428 12.207063  0.000779 67.482769     47.83    -65.79     -3.63
   124677.594426 12.209078  0.000904 67.111467     37.00    -96.24      2.13
   124770.717424 12.210678  0.000929 66.105356     25.82    108.98     -1.66
   124863.840421 12.212772  0.000991 64.644138     14.00    175.33     -0.68
   124956.963419 12.213031  0.000861 62.647945      1.05    107.73      1.68
   125050.086417 12.214840  0.000934 61.319890    -13.32    -84.92     -1.72
   125143.209414 12.216050  0.000857 61.552213    -28.20    -49.21     -5.07
   125236.332412 12.218116  0.000966 62.920994    -42.48   -153.91      0.59
   125329.455410 12.219022  0.000941 65.112535    -55.30    -24.17      1.62
   125422.578407 12.221127  0.000974 67.154493    -66.18    -19.74     -2.55
   125515.701405 12.222380  0.000964 67.220841    -75.99   -153.06      1.62
   125608.824403 12.223231  0.000940 65.200426    -86.64    -48.48      1.27
   125701.947400 12.224433  0.000855 62.703824    -99.56    -64.49     -4.24
   125795.070398 12.225892  0.000865 61.305322   -114.73    148.97     -4.55
   125888.193395 12.227522  0.000947 62.396213   -130.24   -126.01     -1.02
   125981.316393 12.228997  0.000920 65.537947   -143.19   -168.66      4.18
   126074.439391 12.230698  0.000953 67.455917   -153.05     27.53      4.53
   126167.562388 12.231534  0.000928 65.982705   -162.51    104.70      1.11
   126260.685386 12.232423  0.000830 62.827003   -174.92     58.24      0.92
   126353.808384 12.233772  0.000804 61.363312    169.27   -112.87      5.22
   126446.931381 12.235479  0.000884 63.387129    153.78    -34.79     -0.27
   126540.054379 12.236969  0.000893 66.779717    142.44    -81.82     -2.61
   126633.177377 12.237799  0.000781 66.901533    133.78    108.43     -3.36
   126726.300374 12.240011  0.000913 63.178197    122.42   -179.66     -2.84
   126819.423372 12.241628  0.000962 61.185819    106.10    135.94     -0.25
   126912.546370 12.243261  0.000954 64.260881     90.65    -19.55     -4.57
   127005.669367 12.244268  0.000931 67.245112     80.67     54.76      1.98
   127098.792365 12.245254  0.000901 65.335918     71.84     21.58      0.68
   127191.915363 12.246349  0.000813 61.680767     57.67   -129.26      4.80
   127285.038360 12.248096  0.000882 62.771360     40.67    -19.91     -3.72
   127378.161358 12.249749  0.000946 66.799325     29.18    -39.49      0.97
   127471.284355 12.251463  0.000952 66.012390     21.09   -171.71      3.94
   127564.407353 12.252013  0.000835 61.681220      7.42    -42.19     -3.98
   127657.530351 12.253701  0.000913 62.919805    -10.03    -33.97      1.37
   127750.653348 12.254782  0.000832 67.291153    -20.65   -137.58      4.42
   127843.776346 12.257197  0.000972 64.952350    -28.89     14.79      0.31
   127936.899344 12.257988  0.000935 61.106399    -44.85     60.22     -0.74
   128030.022341 12.259784  0.000949 65.044517    -60.78     -5.57      1.57
   128123.145339 12.261388  0.000971 67.150089    -68.62   -178.46     -1.22
   128216.268337 12.262148  0.000934 62.123038    -80.23   -101.22      1.76
   128309.391334 12.262914  0.000820 62.850648    -98.43   -121.12      0.34
   128402.514332 12.263966  0.000765 67.452899   -108.53    110.94     -3.30
   128495.637330 12.266394  0.000949 63.531472   -117.39   -128.49     -0.06
   128588.760327 12.267104  0.000837 61.856247   -135.51   -101.02     -1.53
   128681.883325 12.269704  0.000977 67.176333   -147.47    178.01     -1.52
   128775.006323 12.270227  0.000899 64.191726   -155.29     -5.77     -2.78
   128868.129320 12.271368  0.000863 61.626984   -173.18     72.71     -1.42
   128961.252318 12.272847  0.000861 67.172131    174.53     40.95      5.89
   129054.375316 12.273978  0.000848 63.927527    166.72    -81.94      2.01
   129147.498313 12.275529  0.000888 61.980227    148.28     62.35     -1.53
   129240.621311 12.276272  0.000755 67.445014    137.44    102.17     -3.74
   129333.744308 12.278882  0.000956 62.769512    128.28     35.61      1.65
   129426.867306 12.279751  0.000903 63.283373    109.38   -113.50     -1.16
   129519.990304 12.281913  0.000981 67.154176    101.34     -9.26      0.10
   129613.113301 12.283109  0.000954 61.431044     88.42      5.64     -2.51
   129706.236299 12.284084  0.000948 65.667352     71.67    -76.67      0.15
   129799.359297 12.284957  0.000843 65.005493     65.10    108.27     -4.13
   129892.482294 12.287390  0.000984 62.004466     47.08   -163.08      0.36
   129985.605292 12.287900  0.000908 67.219387     36.66   -164.91     -0.94
   130078.728290 12.288977  0.000839 61.741169     25.55    103.65     -4.03
   130171.851287 12.290018  0.000786 65.699711      8.14    -83.81      0.70
   130264.974285 12.291903  0.000900 64.527807      1.74     -0.22     -1.66
   130358.097283 12.293810  0.000933 62.571791    -17.14     -5.73      2.58
   130451.220280 12.294028  0.000766 67.124435    -25.46   -102.78      2.81
   130544.343278 12.296230  0.000929 61.133626    -39.84     77.31      1.25
   130637.466276 12.297856  0.000949 67.130971    -53.63    168.42      1.20
   130730.589273 12.299692  0.000967 62.154547    -62.87    172.73     -2.06
   130823.712271 12.300191  0.000916 65.688846    -80.74     88.91      1.60
   130916.835268 12.301604  0.000917 63.664319    -87.35    -78.76     -2.08
   131009.958266 12.303312  0.000926 64.202188   -106.66     25.01      4.58
   131103.081266 12.304544  0.000932 65.255785   -112.84     47.13      1.54
   131196.204270 12.305607  0.000917 62.686437   -131.74    -10.26      2.37
   131289.327275 12.307294  0.000910 66.398575   -139.01   -159.43      5.44
   131382.450279 12.308264  0.000887 62.005315   -156.44    -13.19     -3.43
   131475.573284 12.309456  0.000895 66.665264   -165.09     35.23      0.07
   131568.696288 12.311689  0.000957 61.791287    178.46      7.72      3.04
   131661.819293 12.311946  0.000838 66.995007    169.17   -101.80      3.84
   131754.942297 12.313729  0.000914 61.483731    153.14     79.67     -1.02
   131848.065301 12.315654  0.000958 67.016450    143.64    171.80      1.19
   131941.188306 12.317042  0.000967 61.788663    127.48   -166.73     -0.44
   132034.311310 12.317593  0.000906 66.561404    118.59    131.32      0.79
   132127.434315 12.319613  0.000955 62.212339    101.31     -2.70      2.56
   132220.557319 12.320372  0.000882 66.184015     93.74    151.66     -5.75
   132313.680324 12.321791  0.000930 62.903306     75.20   -134.99     -1.38
   132406.803328 12.322720  0.000838 64.962511     68.69   -142.48      2.98
   132499.926332 12.324500  0.000886 64.554304     49.43    155.17     -4.89
   132593.049337 12.325627  0.000891 63.219156     43.19      2.20     -1.93
   132686.172341 12.327481  0.000947 66.144849     24.53    146.78     -1.38
   132779.295346 12.328767  0.000909 61.835844     16.27   -152.67      5.24
   132872.418350 12.329975  0.000945 67.202742      1.09   -146.93     -0.13
   132965.541354 12.331466  0.000950 61.255905    -12.00    142.82     -0.26
   133058.664359 12.333273  0.000982 66.797918    -21.85     -0.10      0.41
   133151.787363 12.333422  0.000858 63.036200    -39.77    155.00     -1.23
   133244.910368 12.334762  0.000862 63.887198    -46.21   -126.67     -0.09
   133338.033372 12.335660  0.000767 66.297005    -64.89   -112.52      4.18
   133431.156377 12.338181  0.000948 61.375510    -73.89   -160.63     -1.52
   133524.279381 12.339021  0.000914 67.103904    -86.99     81.80     -0.90
   133617.402385 12.339499  0.000730 62.572686   -103.40   -100.78      0.81
   133710.525390 12.342210  0.000949 64.253322   -110.08     10.23     -1.59
   133803.648394 12.342885  0.000892 66.229896   -128.74     61.69     -1.09
   133896.771399 12.344061  0.000825 61.324320   -138.81     38.28      5.87
   133989.894403 12.345516  0.000857 66.717262   -149.79    -30.06     -4.80
   134083.017408 12.346779  0.000884 63.921121   -168.04   -171.68      0.42
   134176.140412 12.348976  0.000956 62.254589   -175.08    -15.79      0.39
   134269.263416 12.348968  0.000772 67.410862    169.87     80.30      3.50
   134362.386421 12.350912  0.000903 62.391023    154.10    122.35      1.62
   134455.509425 12.352013  0.000843 63.387978    147.17    103.70     -3.86
   134548.632430 12.354306  0.000957 67.300739    130.29     20.20      1.80
   134641.755434 12.355135  0.000937 61.832963    116.18   -114.66     -0.16
   134734.878439 12.355794  0.000822 63.808733    108.79     44.97      2.34
   134828.001443 12.358024  0.000916 67.266078     91.62    162.35     -4.69
   134921.124447 12.359097  0.000920 61.935878     77.62   -147.99     -1.43
   135014.247452 12.359929  0.000859 63.358105     70.20   -158.02      2.70
   135107.370456 12.361882  0.000914 67.442372     53.82    154.17     -5.54
   135200.493461 12.363166  0.000937 62.742379     38.44     38.87     -0.77
   135293.616465 12.363694  0.000842 62.211831     31.01   -129.71     -0.18
   135386.739469 12.366239  0.000962 67.226954     16.91      9.79      2.96
   135479.862474 12.366516  0.000857 64.578066     -0.46    102.99      2.01
   135572.985478 12.368340  0.000929 61.153263     -9.58    140.63      1.18
   135666.108483 12.369337  0.000859 65.523824    -19.85    133.95     -5.78
   135759.231487 12.370648  0.000886 66.843836    -37.46     65.07      3.03
   135852.354492 12.372143  0.000922 62.144084    -51.18    -43.80      1.07
   135945.477496 12.374044  0.000955 62.393174    -58.96    156.92     -3.12
   136038.600500 12.374063  0.000808 66.807734    -72.43    -52.41     -2.49
   136131.723505 12.375769  0.000886 65.750786    -90.07     52.60     -0.77
   136224.846509 12.376750  0.000794 61.695155   -101.80    113.40     -5.17
   136317.969514 12.377930  0.000777 62.889911   -109.96    117.81     -1.94
   136411.092518 12.379959  0.000928 66.781436   -124.19     81.83      0.17
   136504.215523 12.381635  0.000941 66.036997   -141.51      2.37      2.50
   136597.338527 12.382393  0.000848 61.971512   -153.68   -125.60      5.70
   136690.461531 12.383912  0.000933 61.985497   -162.09     70.08     -0.17
   136783.584536 12.384769  0.000843 66.101019   -174.78   -144.74      4.26
   136876.707540 12.386491  0.000872 67.128093    168.35    -26.33     -5.40
   136969.830545 12.387732  0.000905 63.469335    153.59     35.85     -1.13
   137062.953549 12.388413  0.000800 61.200076    143.84     56.66      0.75
   137156.076554 12.390441  0.000880 63.563792    134.28     32.87      6.13
   137249.199558 12.391411  0.000885 66.726488    120.01    -14.72     -1.62
   137342.322562 12.392420  0.000838 66.675823    103.24   -107.92     -1.09
   137435.445567 12.393511  0.000763 63.598619     89.12    123.73     -6.00
   137528.568571 12.395023  0.000838 61.159926     79.06    -56.48      0.85
   137621.691576 12.396738  0.000890 62.609252     69.34     95.91     -1.88
   137714.814580 12.398423  0.000899 66.033223     56.37   -156.65      5.14
   137807.937584 12.398921  0.000835 67.265884     40.51    -72.17      0.50
   137901.060589 12.400791  0.000922 65.537657     24.77    -27.31      0.75
   137994.183593 12.402619  0.000948 62.774850     11.98    -15.59     -2.65
   138087.306598 12.402714  0.000804 61.209312      1.93    -43.01     -2.88
   138180.429602 12.404490  0.000900 62.356074     -8.30   -104.62     -1.68
   138273.552607 12.406515  0.000952 65.274909    -20.81    162.94     -1.35
   138366.675611 12.407524  0.000940 67.123587    -35.61     35.46      2.54
   138459.798615 12.408289  0.000893 66.839115    -51.33   -114.99     -1.02
   138552.921620 12.409087  0.000784 65.141632    -65.98     54.14      4.08
   138646.044624 12.411586  0.000947 62.730298    -78.49   -160.36      0.86
   138739.167629 12.412151  0.000891 61.169666    -89.43    -48.71      1.35
   138832.290633 12.413222  0.000836 61.625468    -99.99     30.79      4.65
   138925.413638 12.413986  0.000743 63.317633   -111.32     86.67      3.00
   139018.536642 12.416025  0.000899 65.130447   -124.31    115.81      1.63
   139111.659646 12.417357  0.000876 66.811176   -138.64    122.98     -4.05
   139204.782651 12.417794  0.000742 67.409259   -153.43     92.10      1.15
   139297.905655 12.420008  0.000917 66.631836   -168.19     42.48     -0.49
   139391.028660 12.421636  0.000940 65.444316    177.62    -33.17     -1.49
   139484.151664 12.422697  0.000875 63.980136    164.48   -142.87      5.53
   139577.274669 12.423714  0.000884 62.355182    152.13     93.34      2.29
   139670.397673 12.425304  0.000922 61.485408    140.26    -52.92     -1.92
   139763.520677 12.426084  0.000814 61.333842    128.80    138.14     -7.29
   139856.643682 12.427248  0.000840 61.373402    117.24    -67.64      1.99
   139949.766686 12.428626  0.000851 62.015318    105.22     78.97     -2.05
   140042.889691 12.430712  0.000926 63.090008     92.95   -165.74      3.77
   140136.012695 12.430971  0.000810 63.884861     80.32    -61.18     -0.13
   140229.135699 12.432441  0.000861 64.678053     67.21     19.94      0.40
   140322.258704 12.433110  0.000731 65.655300     53.96     82.63     -0.22
   140415.381708 12.434691  0.000805 66.142796     40.64    127.63     -2.18
   140508.504713 12.436549  0.000908 66.447294     27.11    149.75      1.48
   140601.627717 12.438503  0.000942 66.979211     13.65    161.30     -2.12
   140694.750722 12.438953  0.000850 67.088405      0.32    153.74     -4.03
   140787.873726 12.440397  0.000911 67.043513    -13.07    123.98      0.71
   140880.996730 12.440845  0.000751 67.310275    -26.35     84.90     -1.13
   140974.119735 12.443478  0.000934 67.326811    -39.44     24.88      2.23
   141067.242739 12.444065  0.000896 67.134205    -52.56    -44.73      1.32
   141160.365744 12.444893  0.000792 67.321627    -65.59   -131.97      4.17
   141253.488748 12.446311  0.000810 67.337101    -78.41    139.17     -5.43
   141346.611753 12.447897  0.000902 67.075517    -91.24     24.47     -1.32
   141439.734757 12.448589  0.000784 67.150426   -104.01    -98.00     -1.43
   141532.857761 12.449976  0.000785 67.084063   -116.58    131.08     -5.36
   141625.980766 12.451521  0.000871 66.626882   -129.16    -19.25     -0.40
   141719.103770 12.453169  0.000902 66.352893   -141.80   -177.54      2.58
   141812.226775 12.454993  0.000940 66.000102   -154.32     15.91      3.37
   141905.349779 12.455725  0.000918 65.114924   -166.97   -154.39     -0.98
   141998.472784 12.456569  0.000856 64.339788   -179.93     19.45      2.70
   142091.595788 12.458846  0.000948 63.607350    167.00   -170.92      2.04
   142184.718792 12.459256  0.000876 62.483582    153.57     -4.55     -2.43
   142277.841797 12.460920  0.000920 61.688450    139.59    148.34      0.66
   142370.964801 12.461349  0.000779 61.397210    125.40    -55.76     -5.82
   142464.087806 12.462937  0.000861 61.215479    111.01     79.19      3.08
   142557.210810 12.464036  0.000837 61.733558     96.48   -138.41      0.21
   142650.333814 12.466478  0.000959 63.086254     82.47     -3.87     -0.04
   142743.456819 12.466350  0.000806 64.431427     69.21    127.01     -1.12
   142836.579823 12.467953  0.000877 65.871288     56.66   -105.76     -1.53
   142929.702828 12.469960  0.000925 67.160645     45.03     12.23      3.69
   143022.825832 12.470248  0.000820 67.251313     33.94    139.49     -3.02
   143115.948837 12.471933  0.000902 66.231833     22.59   -102.68     -1.07
   143209.071841 12.473447  0.000899 64.685295     10.42     10.83      4.52
   143302.194845 12.473995  0.000802 62.684494     -3.00    139.61     -5.35
   143395.317850 12.475710  0.000909 61.191889    -17.99   -104.46     -0.61
   143488.440854 12.477264  0.000904 61.575947    -33.57     12.07      4.67
   143581.563859 12.477734  0.000801 63.277094    -48.21    143.68     -4.94
   143674.686863 12.479509  0.000917 65.438373    -61.17    -97.42     -0.29
   143767.809868 12.480626  0.000857 67.193467    -72.28     22.95      4.44
   143860.932872 12.482131  0.000890 66.941864    -82.61    159.47     -4.89
   143954.055876 12.483066  0.000884 64.566976    -94.12    -74.98      1.39
   144047.178881 12.483734  0.000784 62.110138   -108.17     64.08      0.15
   144140.301885 12.486296  0.000930 61.341454   -124.08   -156.56      3.87
   144233.424890 12.486627  0.000862 62.814148   -139.69     -2.42     -1.67
   144326.547894 12.488579  0.000933 65.831997   -152.66    150.15     -0.92
   144419.670899 12.488931  0.000792 67.407036   -162.89    -46.97     -6.10
   144512.793903 12.490298  0.000847 65.681319   -173.10    111.07      0.82
   144605.916907 12.491939  0.000889 62.555384    173.69    -70.96     -2.42
   144699.039912 12.492302  0.000735 61.337873    157.43    115.39     -4.57
   144792.162916 12.493854  0.000824 63.246226    141.57    -56.88      0.41
   144885.285921 12.495846  0.000931 66.455789    129.39    143.97      0.07
   144978.408925 12.497687  0.000956 67.079052    119.95     -6.41     -1.11
   145071.531929 12.498433  0.000929 63.844362    108.71   -148.24      0.36
   145164.654934 12.499183  0.000873 61.143750     92.81     88.38     -2.20
   145257.777938 12.500983  0.000907 63.003210     76.11    -23.41     -4.71
   145350.900943 12.501991  0.000902 66.501494     63.88   -135.32      2.15
   145444.023947 12.503020  0.000905 66.609359     54.72    132.91      0.61
   145537.146952 12.503576  0.000762 63.148938     42.79     50.21      4.49
   145630.269956 12.505813  0.000902 61.301984     25.90     -3.72     -4.12
   145723.392960 12.506816  0.000918 64.399994     10.16    -56.68      0.66
   145816.515965 12.507039  0.000729 67.359214      0.20    -91.05     -1.66
   145909.638969 12.508953  0.000822 64.699771     -9.46   -119.71      5.13
   146002.761974 12.510396  0.000895 61.110420    -25.31   -114.94     -1.35
   146095.884978 12.510887  0.000750 63.675716    -42.38   -100.39     -0.28
   146189.007983 12.512031  0.000735 67.283081    -52.89    -70.50     -1.76
   146282.130987 12.513787  0.000858 64.740797    -62.10    -26.56      0.22
   146375.253991 12.514823  0.000794 61.240880    -78.07     38.18      3.69
   146468.376996 12.515990  0.000771 64.152014    -94.93    134.33     -5.57
   146561.500000 12.517870  0.000914 67.139881   -104.68   -128.00     -0.63
   146654.623005 12.519306  0.000905 63.730590   -114.76     -7.93      2.27
   146747.746009 12.520112  0.000829 61.469981   -132.22    147.55     -6.18
   146840.869014 12.521210  0.000860 65.667933   -147.10    -52.92      1.06
   146933.992018 12.522902  0.000912 66.428867   -155.30    134.43     -1.24
   147027.115022 12.524628  0.000935 61.823883   -168.75    -13.67     -3.73
   147120.238027 12.525409  0.000921 63.249179    173.07   -141.86     -0.59
   147213.361031 12.526377  0.000894 67.198456    162.97    114.01     -2.41
   147306.484036 12.527933  0.000887 63.423092    153.01     22.70      5.98
   147399.607040 12.528444  0.000826 61.810966    134.60    -23.11     -1.94
   147492.730044 12.530194  0.000910 66.814597    121.89    -55.22     -1.52
   147585.853049 12.530723  0.000773 64.654272    113.59    -60.11     -5.86
   147678.976053 12.531926  0.000795 61.347344     96.04    -42.05     -2.17
   147772.099058 12.533522  0.000873 66.349538     81.70      1.11      1.61
   147865.222062 12.534005  0.000717 65.139481     73.92     70.64      2.02
   147958.345067 12.536382  0.000894 61.292216     56.74    178.57     -3.50
   148051.468071 12.537494  0.000918 66.333714     42.11    -55.47      0.22
   148144.591075 12.537838  0.000751 64.881565     34.38    102.78     -3.89
   148237.714080 12.539017  0.000763 61.488713     16.62    -73.10      0.53
   148330.837084 12.540966  0.000897 66.755524      3.19    142.67      1.08
   148423.960089 12.542134  0.000847 63.851133     -5.19     22.13      5.22
   148517.083093 12.542731  0.000758 62.277268    -24.08    -49.12     -3.70
   148610.206098 12.544665  0.000905 67.117365    -34.87   -105.40     -0.44
   148703.329102 12.545120  0.000760 62.257682    -45.60   -130.35      3.31
   148796.452106 12.546749  0.000804 64.112761    -64.53   -117.43      5.64
   148889.575111 12.548200  0.000891 66.369236    -72.31    -70.50      1.01
   148982.698115 12.549736  0.000880 61.206930    -87.71      6.77      3.86
   149075.821120 12.550119  0.000767 66.583430   -103.08    129.03     -5.01
   149168.944124 12.551927  0.000889 63.713332   -110.82    -94.02      1.97
   149262.067129 12.552713  0.000809 62.733313   -130.34     97.31     -3.32
   149355.190133 12.553878  0.000785 67.135059   -139.28    -44.33     -6.91
   149448.313137 12.555637  0.000890 61.138398   -153.12   -155.37     -2.06
   149541.436142 12.557056  0.000914 66.373058   -169.41    137.44     -2.58
   149634.559146 12.556964  0.000701 63.673265   -177.06    100.56     -1.92
   149727.682151 12.558915  0.000849 63.278297    163.30    105.59      1.50
   149820.805155 12.560554  0.000908 66.326026    155.45    146.90      0.50
   149913.928159 12.561284  0.000800 61.446011    138.97   -135.76      6.47
   150007.051164 12.562770  0.000880 67.169441    126.32     -6.05     -2.98
   150100.174168 12.564168  0.000904 61.561856    115.26    149.34      1.33
   150193.297173 12.566031  0.000946 66.119695     97.55     -4.97     -1.12
   150286.420177 12.566594  0.000902 63.491817     90.27   -131.10      2.88
   150379.543182 12.567640  0.000893 63.873207     70.37    157.02      1.83
   150472.666186 12.568407  0.000790 65.555357     63.44    126.27     -6.45
   150565.789190 12.569349  0.000782 62.286089     44.67    130.97     -1.41
   150658.912195 12.570965  0.000867 66.568439     35.81    176.15      0.93
   150752.035199 12.571443  0.000714 61.507122     19.36    -85.01     -2.95
   150845.158204 12.573788  0.000882 67.237150      8.05     43.41      4.04
   150938.281208 12.574592  0.000861 61.043586     -5.89   -128.69     -1.88
   151031.404213 12.575122  0.000733 67.303305    -19.65     99.74     -3.70
   151124.527217 12.577790  0.000932 61.342550    -31.44      8.30     -1.93
   151217.650221 12.578261  0.000877 66.906169    -46.88    -35.74      1.07
   151310.773226 12.580110  0.000918 61.524415    -57.57    -29.89     -2.18
   151403.896230 12.581356  0.000923 66.973723    -73.73     18.80      1.23
   151497.019235 12.581840  0.000866 61.440724    -83.86    114.88      1.76
   151590.142239 12.582419  0.000758 66.910420   -100.42    -92.65     -2.25
   151683.265244 12.583267  0.000688 61.614927   -110.55     96.99      0.63
   151776.388248 12.585259  0.000859 66.872186   -126.66    -16.37     -0.65
   151869.511252 12.586247  0.000801 61.333901   -137.71    -81.15     -3.65
   151962.634257 12.587057  0.000725 67.293100   -152.63   -105.32      4.24
   152055.757261 12.588839  0.000847 61.073833   -165.04    -70.22      2.29
   152148.880266 12.590221  0.000866 67.194276   -178.31     13.79      3.30
   152242.003270 12.591851  0.000881 61.432800    167.13    159.06     -5.37
   152335.126274 12.592408  0.000852 66.773411    156.44    -17.69     -2.09
   152428.249279 12.593358  0.000797 61.982832    139.10   -138.13      1.78
   152521.372283 12.595519  0.000902 65.919022    130.97    159.72     -5.57
   152614.495288 12.595755  0.000817 63.441663    111.67    145.61     -1.00
   152707.618292 12.597264  0.000861 63.892393    104.79   -179.88      2.37
   152800.741297 12.597685  0.000711 65.650324     85.25    -74.90     -3.48
   152893.864301 12.599712  0.000860 61.988346     77.28     65.47      3.61
   152986.987305 12.600921  0.000881 66.949253     60.43    -80.84     -1.34
   153080.110310 12.603019  0.000940 61.298144     47.97    178.37      1.23
   153173.233314 12.602825  0.000803 66.822611     36.62    140.55     -3.56
   153266.356319 12.604511  0.000880 62.520748     18.70    154.16      1.73
   153359.479323 12.605298  0.000781 64.492214     11.51   -141.09      6.79
   153452.602328 12.607110  0.000894 65.643073     -7.91      2.86     -2.68
   153545.725332 12.607755  0.000837 61.458608    -16.74   -172.64      0.42
   153638.848336 12.608314  0.000720 67.316298    -31.59     77.39      0.32
   153731.971341 12.611020  0.000918 61.883867    -47.14     25.76      1.24
   153825.094345 12.611412  0.000868 64.872395    -55.26     33.57     -1.01
   153918.217350 12.612196  0.000766 65.508437    -74.84    110.48     -5.29
   154011.340354 12.613999  0.000853 61.585653    -83.54   -133.47      5.41
   154104.463359 12.615122  0.000897 67.004474    -97.73     64.67     -0.70
   154197.586363 12.616612  0.000883 62.604899   -114.70    -36.62     -3.82
   154290.709367 12.616604  0.000718 63.790453   -121.91    -90.95      2.26
   154383.832372 12.618574  0.000879 66.581791   -140.38    -68.09      1.06
   154476.955376 12.619920  0.000860 61.256052   -152.73     10.55      4.26
   154570.078381 12.621405  0.000884 65.811254   -162.41    163.80     -5.44
   154663.201385 12.621985  0.000868 65.186976    178.31     13.78     -1.67
   154756.324389 12.623152  0.000831 61.301257    168.93    -70.62     -3.94
   154849.447394 12.623498  0.000696 66.810612    156.48    -97.49      2.78
   154942.570398 12.625339  0.000837 64.093147    137.94    -45.94      0.67
   155035.693403 12.626240  0.000784 61.676666    129.70     65.92     -0.97
   155128.816407 12.627372  0.000745 67.129726    115.72   -120.96      5.77
   155221.939412 12.628731  0.000811 63.685459     97.86    134.09      0.16
   155315.062416 12.630131  0.000844 61.762805     89.76     89.19     -2.85
   155408.185420 12.630640  0.000711 67.123577     75.58    115.95     -6.16
   155501.308425 12.632914  0.000902 63.955741     57.68   -154.61     -1.38
   155594.431429 12.633759  0.000856 61.470191     49.12      0.20      2.45
   155687.554434 12.634600  0.000771 66.760868     36.07   -133.76      7.00
   155780.677438 12.636186  0.000864 64.929313     17.62    179.74     -2.89
   155873.800443 12.637150  0.000838 61.078910      7.70   -175.00      1.92
   155966.923447 12.637581  0.000700 65.670699     -3.15    -90.49     -1.15
   156060.046451 12.639616  0.000848 66.363354    -21.66     61.64      3.73
   156153.169456 12.640958  0.000897 61.432536    -34.53    -67.31     -0.54
   156246.292460 12.641471  0.000757 63.609881    -43.09   -138.10      6.66
   156339.415465 12.643098  0.000844 67.233600    -59.63   -122.12      4.41
   156432.538469 12.644283  0.000873 63.457400    -76.37    -31.20      1.63
   156525.661474 12.645546  0.000837 61.495712    -85.23    133.54     -5.86
   156618.784478 12.647172  0.000907 65.906495    -97.13      3.19     -2.34
   156711.907482 12.647786  0.000879 66.367562   -115.45    -48.02      1.19
   156805.030487 12.649624  0.000922 62.057608   -129.10    -20.56     -1.11
   156898.153491 12.649478  0.000746 62.443286   -137.49     69.42      6.21
   156991.276496 12.651370  0.000893 66.563387   -151.79   -106.32     -0.25
   157084.399500 12.653016  0.000917 65.880118   -169.86    153.19     -2.94
   157177.522504 12.652773  0.000724 61.689379    177.82    124.73     -4.20
   157270.645509 12.654463  0.000831 62.489837    168.95    167.79     -0.83
   157363.768513 12.655808  0.000840 66.713042    154.41    -60.27     -4.41
   157456.891518 12.657012  0.000821 66.161894    136.67    149.81     -6.42
   157550.014522 12.658405  0.000894 61.852548    123.53     68.29      0.30
   157643.137527 12.658715  0.000763 61.897247    114.48     72.87     -1.63
   157736.260531 12.660963  0.000883 65.999861    101.62    161.48     -5.75
   157829.383535 12.661373  0.000835 66.844330     84.15    -36.25     -0.17
   157922.506540 12.662519  0.000806 63.513830     68.69   -152.06      3.97
   158015.629544 12.664859  0.000927 61.281262     58.60    179.19     -1.26
   158108.752549 12.665362  0.000892 63.494001     48.36   -134.34      0.49
   158201.875553 12.666306  0.000869 66.804346     33.07     -1.83      2.23
   158294.998558 12.667559  0.000841 66.435895     15.83   -149.21      7.15
   158388.121562 12.668225  0.000820 62.710612      1.82    159.79     -2.61
   158481.244566 12.669727  0.000857 61.108957     -8.30    175.73      2.74
   158574.367571 12.670007  0.000701 63.736140    -19.01    -70.98     -5.08
   158667.490575 12.671460  0.000781 66.670100    -33.87    116.06      0.40
   158760.613580 12.672806  0.000824 66.643330    -50.97     35.47      0.64
   158853.736584 12.674303  0.000816 63.931975    -65.95     33.14      6.65
   158946.859589 12.674806  0.000762 61.307816    -77.14    128.97     -1.75
   159039.982593 12.676797  0.000894 61.883366    -87.31    -59.57      0.76
   159133.105597 12.678018  0.000859 65.074407    -99.96   -162.21      5.76
   159226.228602 12.679491  0.000915 67.110947   -115.63   -164.54     -0.83
   159319.351606 12.680104  0.000882 66.317354   -132.25    -83.92     -1.12
   159412.474611 12.680227  0.000689 63.877455   -146.86     82.61     -0.30
   159505.597615 12.682253  0.000821 61.502914   -158.48    -18.76     -4.83
   159598.720619 12.683436  0.000860 61.369473   -168.98    -42.13      1.84
   159691.843624 12.684373  0.000805 63.737895    179.18     27.92      5.70
   159784.966628 12.686467  0.000917 66.257940    164.98   -162.55      1.14
   159878.089633 12.686930  0.000888 67.058282    148.96     95.16      0.64
   159971.212637 12.687180  0.000716 66.262783    132.99     86.11     -1.89
   160064.335642 12.689424  0.000868 64.004671    118.73    167.69     -5.02
   160157.458646 12.690030  0.000832 61.717161    106.33    -28.58      1.25
   160250.581650 12.690749  0.000739 61.193245     95.15   -128.24      2.70
   160343.704655 12.692582  0.000824 62.250738     83.93   -137.59      6.24
   160436.827659 12.693415  0.000825 64.014033     71.25    -42.89      0.40
   160529.950664 12.695212  0.000898 66.046805     56.91    143.30     -1.71
   160623.073668 12.695571  0.000764 67.245523     41.66     52.44      7.25
   160716.196673 12.697206  0.000886 66.828766     26.10     71.92      1.11
   160809.319677 12.698536  0.000879 65.741068     10.99    178.47      3.30
   160902.442681 12.700058  0.000906 64.146511     -2.96     20.91      3.86
   160995.565686 12.700107  0.000806 62.304578    -15.87    -36.20     -0.22
   161088.688690 12.701832  0.000860 61.337019    -28.08     -4.17      3.03
   161181.811695 12.702541  0.000783 61.307356    -39.81    137.66     -7.42
   161274.934699 12.703998  0.000853 61.696533    -51.75      2.31     -3.12
   161368.057704 12.705345  0.000896 62.775963    -64.41    -34.03      1.09
   161461.180708 12.706408  0.000846 64.329852    -77.61     25.74      7.31
   161554.303712 12.707657  0.000895 65.399668    -91.41   -160.48     -1.52
   161647.426717 12.708477  0.000868 66.312957   -105.83    105.16     -1.97
   161740.549721 12.708761  0.000707 67.129134   -120.40    112.96     -5.42
   161833.672726 12.711094  0.000899 67.164062   -135.00   -148.86      0.64
   161926.795730 12.711547  0.000832 66.925051   -149.68     58.04     -0.75
   162019.918734 12.713779  0.000924 66.740700   -164.11      1.49      1.69
   162113.041739 12.714333  0.000880 66.018237   -178.25     46.62      3.37
   162206.164743 12.714889  0.000828 65.234752    167.66   -161.79      1.16
   162299.287748 12.715345  0.000677 64.795236    153.87     92.80     -2.33
   162392.410752 12.717122  0.000792 64.035851    140.34     80.11      3.65
   162485.533757 12.718340  0.000833 63.346151    126.77    179.55      1.38
   162578.656761 12.720054  0.000862 63.092161    113.36     15.94      5.35
   162671.779765 12.720513  0.000790 62.654232    100.10    -29.71     -5.12
   162764.902770 12.721706  0.000826 62.184081     86.68     14.66     -0.47
   162858.025774 12.723835  0.000921 62.176628     73.25    167.59      0.43
   162951.148779 12.723984  0.000791 62.017634     59.95     60.69      5.83
   163044.271783 12.725448  0.000877 61.722445     46.42     72.74     -1.18
   163137.394788 12.727044  0.000895 61.878604     32.83    179.38      3.40
   163230.517792 12.728040  0.000877 61.894678     19.35     35.41      4.55
   163323.640796 12.728462  0.000827 61.737397      5.67      5.71     -0.84
   163416.763801 12.729098  0.000729 61.997996     -8.11     79.36     -1.93
   163509.886805 12.730212  0.000718 62.230424    -21.77   -108.30      5.50
   163603.009810 12.731864  0.000839 62.225487    -35.58   -172.41     -1.76
   163696.132814 12.732680  0.000764 62.665647    -49.49   -140.24      3.80
   163789.255819 12.735170  0.000926 63.159624    -63.19      9.10      0.57
   163882.378823 12.735522  0.000877 63.406743    -76.96    -95.39      1.23
   163975.501827 12.736125  0.000784 64.095594    -90.71    -84.34     -3.28
   164068.624832 12.738163  0.000877 64.862790   -104.16     23.93      4.61
   164161.747836 12.738835  0.000872 65.317933   -117.50   -106.02      1.83
   164254.870841 12.739339  0.000780 66.034146   -130.74   -125.69      0.54
   164347.993845 12.741228  0.000843 66.793876   -143.61    -28.21     -7.00
   164441.116849 12.741983  0.000842 66.973062   -156.30    169.57     -2.68
   164534.239854 12.743375  0.000882 67.102827   -168.96    124.32     -2.08
   164627.362858 12.745204  0.000924 67.098680    178.57   -172.61      2.47
   164720.485863 12.745683  0.000878 66.302351    166.03     12.85     -1.92
   164813.608867 12.746731  0.000883 65.268761    153.07    -52.77     -0.48
   164906.731872 12.748463  0.000916 64.248827    139.75     -3.62      0.22
   164999.854876 12.748720  0.000826 62.811712    125.89    165.52     -4.27
   165092.977880 12.749822  0.000857 61.613491    111.18     84.26     -2.00
   165186.100885 12.750555  0.000756 61.288257     96.02    126.40     -7.62
   165279.223889 12.751595  0.000770 61.352530     80.76    -92.91      3.91
   165372.346894 12.753019  0.000829 62.251595     65.61    178.07      2.21
   165465.469898 12.754659  0.000851 64.065616     51.37   -160.56      5.97
   165558.592903 12.755516  0.000854 65.651181     38.26     -9.23     -3.95
   165651.715907 12.756412  0.000852 66.741460     25.97   -112.67     -1.23
   165744.838911 12.756701  0.000697 67.211874     14.29    -96.30     -0.74
   165837.961916 12.759204  0.000879 66.257473      2.56     33.84      3.97
   165931.084920 12.759931  0.000878 64.208377    -10.27    -68.35      1.16
   166024.207925 12.761145  0.000842 62.418582    -24.61    -46.08     -5.92
   166117.330929 12.761345  0.000728 61.258657    -40.16     78.08      5.01
   166210.453934 12.762920  0.000825 61.464545    -56.30    -21.89      1.27
   166303.576938 12.764875  0.000895 63.527915    -71.44     -6.22      1.76
   166396.699942 12.764873  0.000757 65.838881    -84.56    136.32     -5.41
   166489.822947 12.766385  0.000857 66.974702    -96.12     28.54     -1.17
   166582.945951 12.767083  0.000771 66.599116   -107.29     41.58      4.06
   166676.068956 12.769528  0.000916 64.501671   -119.54   -173.54     -0.46
   166769.191960 12.769824  0.000866 61.834788   -134.21     89.03      1.78
   166862.314964 12.770925  0.000836 61.192256   -150.81    125.30     -5.05
   166955.437969 12.771015  0.000681 62.902328   -166.79    -90.27      2.30
   167048.560973 12.772877  0.000841 65.446905    179.60   -171.82     -1.53
   167141.683978 12.773700  0.000776 67.130761    168.37   -138.14      2.69
   167234.806982 12.775843  0.000883 66.203075    157.62     21.23      5.00
   167327.929987 12.775942  0.000792 63.079635    144.58    -45.06     -0.50
   167421.052991 12.777417  0.000829 61.137198    128.26      6.90      3.82
   167514.175995 12.779487  0.000921 62.404933    111.45   -169.50      2.04
   167607.299000 12.779264  0.000805 65.286644     97.39    139.69     -0.54
   167700.422004 12.780435  0.000806 67.106268     86.45   -151.27      2.55
   167793.545009 12.781587  0.000774 65.690098     75.82     42.26      7.48
   167886.668013 12.783197  0.000877 62.209209     61.88     19.54     -1.95
   167979.791018 12.784176  0.000870 61.187539     44.50    117.77     -1.58
   168072.914022 12.785839  0.000895 64.121802     28.56    -14.52     -3.81
   168166.037026 12.785978  0.000812 66.876241     16.91    -23.52     -3.23
   168259.160031 12.787296  0.000856 66.055948      6.80     95.83     -1.93
   168352.283035 12.789281  0.000914 62.727966     -6.48    -12.29     -2.35
   168445.406040 12.789840  0.000877 61.213919    -23.85     11.79     -2.71
   168538.529044 12.790583  0.000857 64.147027    -40.04    161.07      2.04
   168631.652049 12.790638  0.000670 67.214482    -51.12     84.60     -0.09
   168724.775053 12.792271  0.000764 65.405982    -61.12    140.70     -4.50
   168817.898057 12.793897  0.000859 61.530161    -76.01    -39.01      1.92
   168911.021062 12.794106  0.000696 62.204603    -94.06    -70.50     -6.12
   169004.144066 12.796562  0.000902 66.060328   -107.80     14.25     -1.20
   169097.267071 12.796987  0.000845 66.570701   -117.37   -124.85     -1.21
   169190.390075 12.797592  0.000737 62.910057   -129.88   -136.57      5.96
   169283.513079 12.799814  0.000879 61.399104   -147.75      4.04     -2.85
   169376.636084 12.800467  0.000873 65.049687   -163.33    -93.21     -0.61
   169469.759088 12.801362  0.000809 67.069228   -173.04    -52.08     -5.82
   169562.882093 12.801682  0.000688 63.337885    175.46    115.95     -2.78
   169656.005097 12.803712  0.000868 61.155978    157.44     65.15     -1.22
   169749.128102 12.805311  0.000894 65.328868    141.69    152.41     -3.52
   169842.251106 12.806601  0.000908 66.974790    132.41      6.53     -1.09
   169935.374110 12.806588  0.000816 62.545070    120.17      1.64     -1.11
   170028.497115 12.808291  0.000860 61.748661    101.50    139.97     -3.52
   170121.620119 12.809172  0.000831 66.314153     87.46     39.70      6.26
   170214.743124 12.810129  0.000857 65.898508     78.59     89.07      1.49
   170307.866128 12.810852  0.000781 61.483597     63.78    -79.28     -3.95
   170400.989133 12.811899  0.000750 63.406796     45.38   -124.95      7.75
   170494.112137 12.813110  0.000826 67.019767     34.51    -15.57     -1.01
   170587.235141 12.813876  0.000758 63.661940     24.15   -139.42      2.65
   170680.358146 12.814943  0.000724 61.519207      5.84   -120.27      6.84
   170773.481150 12.816730  0.000876 66.002490     -8.99     48.28     -0.34
   170866.604155 12.817907  0.000870 65.695953    -17.64    -15.24      1.74
   170959.727159 12.817913  0.000687 61.334733    -33.35     63.22      5.91
   171052.850164 12.819494  0.000801 64.452812    -51.08    -67.56      1.76
   171145.973168 12.821008  0.000862 66.714190    -60.18    -61.33     -2.45
   171239.096172 12.820820  0.000641 61.945736    -73.35     78.55      3.18
   171332.219177 12.823161  0.000859 63.301921    -92.37     15.25     -2.17
   171425.342181 12.823823  0.000807 67.021228   -102.51     84.83     -2.49
   171518.465186 12.824588  0.000711 62.495581   -114.15    -58.57     -6.57
   171611.588190 12.825766  0.000770 62.794762   -133.53    -65.86      1.23
   171704.711194 12.827119  0.000819 67.036089   -144.25     76.68     -1.60
   171797.834199 12.829313  0.000910 62.628490   -155.43     -2.21      0.98
   171890.957203 12.829517  0.000833 62.840181   -174.91     67.62      4.11
   171984.080208 12.830636  0.000867 66.998796    174.60    -73.77     -1.27
   172077.203212 12.830807  0.000685 62.287825    162.89    -70.85     -5.37
   172170.326217 12.832691  0.000825 63.433560    143.46     68.93      3.69
   172263.449221 12.833607  0.000833 66.785852    134.02      0.83      1.49
   172356.572225 12.833822  0.000664 61.622181    120.61     80.12      0.30
   172449.695230 12.835320  0.000743 64.671369    102.03    -48.98     -2.92
   172542.818234 12.836945  0.000851 65.957533     93.83    -43.46      1.03
   172635.941239 12.837819  0.000773 61.214206     77.46    126.62     -7.38
   172729.064243 12.838903  0.000791 66.257978     61.47     62.90      5.19
   172822.187248 12.839961  0.000825 64.145987     53.18    160.42      1.15
   172915.310252 12.840734  0.000731 62.031383     33.78     43.68      6.54
   173008.433256 12.841681  0.000730 67.191439     22.28     78.42      4.30
   173101.556261 12.843506  0.000860 61.816503     10.74    -94.70      0.05
   173194.679265 12.843698  0.000706 64.530427     -8.67   -120.68      3.28
   173287.802270 12.846301  0.000898 65.939275    -16.49      4.18     -1.50
   173380.925274 12.846645  0.000859 61.119101    -34.01    -81.58      1.18
   173474.048279 12.848380  0.000909 67.002763    -48.03    -14.52      0.11
   173567.171283 12.849513  0.000899 62.592099    -57.90   -162.06      1.91
   173660.294287 12.849678  0.000836 63.947917    -77.82   -146.34     -1.23
   173753.417292 12.851065  0.000848 65.894056    -85.81      6.13      4.10
   173846.540296 12.851839  0.000787 61.451454   -103.47    -27.78     -6.63
   173939.663301 12.853051  0.000864 66.971413   -116.54     70.91      0.59
   174032.786305 12.854583  0.000892 61.776224   -127.89    -29.77     -0.22
   174125.909309 12.855766  0.000884 65.418583   -146.74     21.45      4.48
   174219.032314 12.856388  0.000874 64.326601   -154.33   -130.57      0.12
   174312.155318 12.856565  0.000733 62.573461   -174.39   -126.33      1.74
   174405.278323 12.858865  0.000866 66.780108    176.43     23.50      5.32
   174498.401327 12.859029  0.000794 61.054169    160.28    -16.81     -1.45
   174591.524332 12.860018  0.000783 67.011659    146.16     92.04     -2.62
   174684.647336 12.862343  0.000901 61.789068    134.98     -6.97     -2.42
   174777.770340 12.862721  0.000873 65.786866    116.62     51.28      1.11
   174870.893345 12.863388  0.000815 63.233864    108.46    -92.12     -2.52
   174964.016349 12.863544  0.000641 64.216035     88.20    -74.65     -3.48
   175057.139354 12.865465  0.000804 65.029395     80.73     85.06      3.14
   175150.262358 12.866250  0.000764 62.425351     60.88     61.06     -0.83
   175243.385363 12.868689  0.000902 66.491202     51.99   -178.11      1.36
   175336.508367 12.868306  0.000758 61.461357     34.37    107.74      2.08
   175429.631371 12.869714  0.000823 66.881035     23.03   -169.87      2.00
   175522.754376 12.869872  0.000647 61.266061      7.75     72.66      2.86
   175615.877380 12.871349  0.000743 67.104047     -5.74    117.94     -0.76
   175709.000385 12.873279  0.000868 61.042502    -19.04    -41.86      1.28
   175802.123389 12.874476  0.000843 67.133322    -34.41    -30.32     -6.93
   175895.246394 12.874480  0.000724 61.337901    -46.02    125.33     -1.11
   175988.369398 12.876183  0.000846 66.688845    -62.73     92.05     -1.58
   176081.492402 12.877208  0.000794 61.627243    -73.53   -152.74      6.96
   176174.615407 12.878006  0.000779 66.690569    -90.69    147.58     -4.42
   176267.738411 12.879165  0.000823 61.465684   -101.15   -127.10     -1.96
   176360.861416 12.880320  0.000787 66.770134   -118.60    132.13     -6.95
   176453.984420 12.882035  0.000871 61.587466   -128.99   -178.41     -4.03
   176547.107424 12.882254  0.000822 66.639492   -146.18     38.95     -1.04
   176640.230429 12.882706  0.000685 61.458407   -157.29     53.19      4.85
   176733.353433 12.884398  0.000789 67.010750   -173.47   -121.13      5.72
   176826.476438 12.885583  0.000834 61.043265    174.29   -124.37     -1.84
   176919.599442 12.886695  0.000808 67.176281    159.38     23.29      5.91
   177012.722447 12.888265  0.000862 61.193947    145.57     -6.90     -4.70
   177105.845451 12.888738  0.000848 66.882624    132.64    111.69      1.28
   177198.968455 12.889295  0.000725 61.463480    116.40     40.05      5.35
   177292.091460 12.890611  0.000768 66.593760    105.99    147.26     -7.45
   177385.214464 12.891956  0.000842 62.128619     87.45     47.75     -1.68
   177478.337469 12.892841  0.000796 65.362726     79.03    118.06     -4.81
   177571.460473 12.894610  0.000876 63.841084     58.99     -2.90     -3.29
   177664.583478 12.895108  0.000853 63.525686     51.53     36.28     -1.40
   177757.706482 12.895378  0.000720 65.562637     31.42   -108.17     -0.11
   177850.829486 12.896024  0.000635 62.036775     22.66    -93.08      2.42
   177943.952491 12.898091  0.000836 66.779124      5.29     99.43      1.62
   178037.075495 12.898885  0.000776 61.099097     -7.59    104.08     -4.61
   178130.198500 12.899183  0.000647 67.000334    -20.16    -96.13      2.45
   178223.321504 12.901532  0.000862 61.992433    -37.83   -114.23      0.41
   178316.444509 12.901996  0.000778 64.963511    -46.30     27.78      3.16
   178409.567513 12.904161  0.000884 64.790777    -66.48     -4.83     -2.79
   178502.690517 12.904013  0.000771 62.210371    -74.57    116.23      1.33
   178595.813522 12.904905  0.000760 66.821551    -92.51     60.30     -0.00
   178688.936526 12.907494  0.000899 61.265130   -105.58    173.52     -2.60
   178782.059531 12.907288  0.000804 66.391157   -117.08     89.64      2.81
   178875.182535 12.908501  0.000816 63.121516   -136.28   -172.46      3.79
   178968.305539 12.908546  0.000640 63.500224   -143.89     97.47     -2.34
   179061.428544 12.910660  0.000836 66.346614   -163.04   -178.58     -2.76
   179154.551548 12.911322  0.000784 61.025453   -174.82     74.02     -2.35
   179247.674553 12.912837  0.000803 66.754922    172.78    145.34     -7.21
   179340.797557 12.914151  0.000875 63.153052    154.00     23.26     -1.22
   179433.920562 12.914622  0.000817 62.920152    146.11     76.61     -2.24
   179527.043566 12.915566  0.000752 66.911874    127.60    -44.41     -8.36
   179620.166570 12.916917  0.000820 61.164996    114.35     -4.27     -3.99
   179713.289575 12.917553  0.000797 65.621652    103.82   -149.87      0.43
   179806.412579 12.918019  0.000665 64.884425     83.95   -114.39      4.50
   179899.535584 12.919286  0.000721 61.592049     75.03     95.86      3.06
   179992.658588 12.921064  0.000859 66.883427     59.94    127.94      0.53
   180085.781593 12.922729  0.000877 62.836965     42.24    -20.44     -3.62
   180178.904597 12.923455  0.000853 63.094462     34.34     -1.51     -4.36
   180272.027601 12.923792  0.000810 66.811665     16.14   -163.86      0.47
   180365.150606 12.925131  0.000785 61.691710      1.35   -153.10      7.65
   180458.273610 12.926435  0.000846 64.439601     -7.51     41.75      4.79
   180551.396615 12.927049  0.000832 66.233895    -26.94     65.45     -1.51
   180644.519619 12.927196  0.000662 61.270567    -39.65   -104.45      0.41
   180737.642624 12.928485  0.000696 65.251326    -49.73    -99.48      4.49
   180830.765628 12.930369  0.000858 65.770955    -69.41     99.60      0.20
   180923.888632 12.930843  0.000743 61.179926    -81.19    116.17     -6.44
   181017.011637 12.931441  0.000684 65.503907    -91.89    -56.83     -4.63
   181110.134641 12.933300  0.000841 65.704466   -111.51    -47.44      1.14
   181203.257646 12.934941  0.000871 61.179815   -123.36    148.72     -3.58
   181296.380650 12.935597  0.000824 65.254890   -133.83    162.40     -6.08
   181389.503654 12.936136  0.000809 66.059642   -153.23     -5.10     -0.13
   181482.626659 12.937723  0.000838 61.300364   -166.11      6.57      4.87
   181575.749663 12.939091  0.000866 64.478314   -175.69   -156.83      4.46
   181668.872668 12.939547  0.000858 66.640728    165.58   -127.05     -0.73
   181761.995672 12.939669  0.000690 61.909797    150.67     80.03     -2.25
   181855.118677 12.940449  0.000639 63.135658    142.02    103.82     -1.83
   181948.241681 12.942279  0.000812 66.961151    125.06    -45.79      0.98
   182041.364685 12.944035  0.000868 63.363965    107.62     -9.30      2.19
   182134.487690 12.945148  0.000852 61.677184     98.60   -155.73      4.75
   182227.610694 12.945708  0.000845 66.209027     84.99   -108.64      1.49
   182320.733699 12.946856  0.000846 65.524485     65.84    129.01     -3.74
   182413.856703 12.948672  0.000904 61.329609     53.85    179.57     -1.55
   182506.979708 12.948917  0.000863 63.884787     43.95     54.32      0.89
   182600.102712 12.949862  0.000842 67.028283     26.08    126.83     -3.13
   182693.225716 12.951562  0.000892 63.329711      9.42     14.03      2.91
   182786.348721 12.951553  0.000805 61.335226      0.03     89.54      3.04
   182879.471725 12.952785  0.000832 65.730413    -12.96     -4.71      2.63
   182972.594730 12.952647  0.000634 66.520938    -31.71     94.10     -0.92
   183065.717734 12.954990  0.000843 61.880610    -45.94     16.04     -2.49
   183158.840739 12.956088  0.000859 62.094943    -55.27    120.55     -1.23
   183251.963743 12.956261  0.000712 66.642317    -69.91     47.53      8.59
   183345.086747 12.957882  0.000835 65.763925    -88.47   -173.56     -2.79
   183438.209752 12.959143  0.000864 61.552884   -101.91    137.92     -0.08
   183531.332756 12.958841  0.000643 62.534227   -111.34    -78.58     -3.25
   183624.455761 12.960793  0.000809 66.484303   -126.16   -112.47      3.77
   183717.578765 12.961503  0.000784 65.895690   -144.71     57.90     -0.71
   183810.701769 12.962507  0.000728 62.036397   -158.53     41.87      8.24
   183903.824774 12.964196  0.000845 61.882765   -168.03   -132.65      3.31
   183996.947778 12.964746  0.000815 65.754756    178.14   -112.87     -1.56
   184090.070783 12.964800  0.000629 66.850157    159.91     96.92     -3.11
   184183.193787 12.966300  0.000730 63.036029    144.38    134.08     -2.25
   184276.316792 12.967771  0.000801 61.027794    133.93     -2.59      1.89
   184369.439796 12.968201  0.000686 64.262806    122.44     53.71      5.66
   184462.562800 12.969469  0.000743 67.053927    105.79    -40.84     -4.51
   184555.685805 12.970710  0.000804 65.191412     88.06     45.35     -1.18
   184648.808809 12.972487  0.000844 61.835858     74.86    -30.70     -5.27
   184741.931814 12.972552  0.000740 61.757186     64.91     68.76      6.10
   184835.054818 12.973711  0.000804 65.047682     51.73     22.86     -0.53
   184928.177823 12.975883  0.000892 67.174674     34.38    167.13     -0.84
   185021.300827 12.975690  0.000754 64.910496     17.44    149.23     -5.26
   185114.423831 12.976981  0.000824 61.484151      4.53    -46.75      1.60
   185207.546836 12.978539  0.000847 61.703015     -5.84    -36.80     -4.05
   185300.669840 12.979349  0.000830 64.892855    -18.60    165.88     -5.93
   185393.792845 12.979878  0.000820 66.892914    -35.38   -159.38     -1.11
   185486.915849 12.980077  0.000662 65.837125    -52.77     75.10      0.54
   185580.038854 12.981786  0.000754 62.622828    -66.93    152.71     -6.96
   185673.161858 12.983067  0.000834 60.959708    -77.99     53.15     -1.85
   185766.284862 12.984733  0.000880 63.007436    -89.43    155.58     -1.28
   185859.407867 12.984084  0.000651 66.098538   -104.01     95.62      0.44
   185952.530871 12.986149  0.000851 66.896494   -121.17   -121.84     -0.63
   186045.653876 12.986717  0.000749 65.217514   -137.85   -148.41      5.49
   186138.776880 12.988753  0.000862 62.396076   -151.50     27.44      5.14
   186231.899884 12.989228  0.000848 60.964162   -162.77     47.21     -1.46
   186325.022889 12.989370  0.000710 62.623318   -174.40    -99.24     -2.27
   186418.145893 12.990647  0.000720 65.504156    171.61    -40.64     -7.93
   186511.268898 12.992126  0.000842 66.894690    155.16   -152.63     -1.55
   186604.391902 12.993185  0.000819 66.332890    138.21    -54.64     -4.45
   186697.514907 12.993925  0.000754 64.064738    123.02   -132.99      7.58
   186790.637911 12.995035  0.000814 61.566586    110.18     10.36     -2.46
   186883.760915 12.996574  0.000862 61.124006     98.64    -20.40      2.11
   186976.883920 12.997727  0.000853 62.804669     86.70    162.76     -6.30
   187070.006924 12.997921  0.000809 64.960617     72.75    176.91     -2.69
   187163.129929 12.998713  0.000768 66.743083     56.80     32.53      3.16
   187256.252933 12.998971  0.000627 67.038133     40.28    100.68     -1.73
   187349.375938 13.001018  0.000822 65.348779     24.33      7.06     -2.38
   187442.498942 13.002161  0.000826 63.229298      9.80    116.43     -3.41
   187535.621946 13.002397  0.000681 61.690059     -2.92     55.48      7.32
   187628.744951 13.004488  0.000866 61.048524    -14.77   -144.02     -0.39
   187721.867955 13.004551  0.000752 61.998553    -27.09   -148.21      1.31
   187814.990960 13.005511  0.000706 64.053923    -40.42     45.97      8.93
   187908.113964 13.006614  0.000758 65.694567    -55.11     99.45      2.43
   188001.236969 13.008098  0.000829 66.795724    -70.95     -7.36      2.36
   188094.359973 13.007920  0.000626 67.105969    -87.01     94.33     -1.61
   188187.482977 13.010382  0.000858 66.012213   -102.72     35.11      0.46
   188280.605982 13.010855  0.000802 64.440093   -117.79   -178.00      2.51
   188373.728986 13.013011  0.000891 63.040762   -131.75    177.78      0.51
   188466.851991 13.013529  0.000869 61.620353   -144.78     19.36     -1.69
   188559.974995 13.013674  0.000781 60.986881   -157.50     66.72     -2.53
   188653.097999 13.015238  0.000799 61.437732   -170.05    -35.48     -7.38
   188746.221004 13.016133  0.000819 62.168234    177.11     53.35      3.95
   188839.344008 13.016665  0.000789 63.276233    163.48      4.88      1.38
   188932.467013 13.018761  0.000875 64.818034    149.26    164.89     -1.65
   189025.590017 13.019212  0.000826 65.880653    134.59    172.77     -4.52
   189118.713022 13.019676  0.000800 66.508565    119.36     23.17     -0.33
   189211.836026 13.019816  0.000630 67.136855    103.98     88.00     -1.86
   189304.959030 13.022398  0.000855 67.016456     88.71      1.43     -3.42
   189398.082035 13.023061  0.000850 66.475775     73.39    119.95      0.23
   189491.205039 13.022905  0.000646 66.082890     58.38     94.24     -2.57
   189584.328044 13.024250  0.000710 65.207968     43.75    -90.43      3.01
   189677.451048 13.025956  0.000837 64.206714     29.24    -56.34      0.87
   189770.574053 13.027488  0.000863 63.620774     15.02   -177.03      3.86
   189863.697057 13.026940  0.000665 62.860814      1.15    -82.65      2.06
   189956.820061 13.028728  0.000812 62.064162    -12.74   -134.06     -1.93
   190049.943066 13.030158  0.000823 61.827489    -26.52     13.65      6.41
   190143.066070 13.031583  0.000879 61.474539    -40.08     25.28      2.07
   190236.189075 13.031846  0.000832 61.071454    -53.83   -110.99     -1.39
   190329.312079 13.033254  0.000842 61.160990    -67.59    -35.76     -3.78
   190422.435084 13.033386  0.000734 61.158462    -81.23   -121.64      7.12
   190515.558088 13.034627  0.000806 60.961568    -95.09     26.33     -2.01
   190608.681092 13.035851  0.000806 61.182371   -109.07     11.38      5.50
   190701.804097 13.037039  0.000817 61.326472   -122.92   -144.06      6.51
   190794.927101 13.037700  0.000829 61.155490   -136.98    -79.21      1.95
   190888.050106 13.038751  0.000803 61.373352   -151.17   -167.77      5.48
   190981.173110 13.039676  0.000772 61.491333   -165.21    -25.97     -7.43
   191074.296114 13.040386  0.000787 61.274213   -179.43    -50.77      1.80
   191167.419119 13.042218  0.000864 61.385249    166.20    151.37     -0.25
   191260.542123 13.043290  0.000854 61.474347    151.98   -158.29      4.36
   191353.665128 13.043288  0.000783 61.183851    137.60    114.92      2.41
   191446.788132 13.043742  0.000698 61.216541    123.04   -114.12     -0.55
   191539.911137 13.045484  0.000768 61.288171    108.61   -139.59      8.63
   191633.034141 13.046667  0.000841 60.985042     94.03     69.06      0.91
   191726.157145 13.047811  0.000836 61.054465     79.27    131.42     -2.88
   191819.280150 13.048611  0.000791 61.215385     64.65     36.20      7.55
   191912.403154 13.049289  0.000789 61.079368     49.90    179.34     -2.34
   192005.526159 13.050754  0.000846 61.330966     34.99    166.05      2.78
   192098.649163 13.052302  0.000872 61.807845     20.26     14.52      3.68
   192191.772168 13.052352  0.000814 62.010048      5.51     83.82      2.53
   192284.895172 13.053264  0.000795 62.641439     -9.29      9.45      4.55
   192378.018176 13.054938  0.000844 63.514695    -23.76    165.64     -5.70
   192471.141181 13.054982  0.000779 64.070562    -38.08    167.62     -2.14
   192564.264185 13.055881  0.000758 64.949727    -52.28     28.31      2.99
   192657.387190 13.056513  0.000675 65.939984    -66.05    123.61     -7.30
   192750.510194 13.058339  0.000831 66.401450    -79.55     59.37      2.26
   192843.633199 13.058715  0.000759 66.831293    -92.96   -131.96      0.24
   192936.756203 13.059020  0.000617 67.182739   -106.09   -109.45      4.61
   193029.879207 13.060678  0.000752 66.716119   -119.17    146.16     -2.96
   193123.002212 13.061826  0.000786 65.977852   -132.54   -104.32     -1.94
   193216.125216 13.062837  0.000743 65.169451   -146.12   -142.94      8.64
   193309.248221 13.064191  0.000817 63.737086   -160.16     56.39      3.56
   193402.371225 13.065267  0.000843 62.381415   -174.99    118.28     -0.41
   193495.494229 13.065868  0.000758 61.630324    169.65     30.30      8.18
   193588.617234 13.067340  0.000834 61.056068    153.92   -174.09     -3.76
   193681.740238 13.067657  0.000779 61.251586    137.87   -172.15      2.25
   193774.863243 13.068096  0.000657 62.522621    122.30     53.49      7.48
   193867.986247 13.069556  0.000768 63.880101    107.55    159.45     -4.42
   193961.109252 13.071012  0.000842 65.393860     93.57    114.71     -1.13
   194054.232256 13.071241  0.000698 66.812960     80.58    -56.58     -7.74
   194147.355260 13.072845  0.000806 67.035369     68.18    -13.38     -4.65
   194240.478265 13.073721  0.000824 66.183415     55.57   -104.54     -1.24
   194333.601269 13.074663  0.000769 64.847619     42.28     24.61      7.43
   194426.724274 13.076216  0.000852 62.892700     27.91     32.58      3.12
   194519.847278 13.076719  0.000837 61.268129     12.04    -91.73     -1.23
   194612.970283 13.078472  0.000875 61.234408     -4.53      1.45      3.52
   194706.093287 13.078209  0.000749 62.261880    -20.66    -25.74     -5.54
   194799.216291 13.079382  0.000807 64.138140    -35.71    157.52      1.83
   194892.339296 13.080352  0.000762 66.309196    -49.03   -151.35      7.23
   194985.462300 13.081078  0.000738 67.093400    -61.09    144.84     -6.13
   195078.585305 13.082452  0.000837 66.067398    -73.22    -70.96      0.92
   195171.708309 13.083634  0.000814 64.172542    -86.59    -43.78     -6.25
   195264.831314 13.085185  0.000875 61.995604   -101.76   -161.96      0.68
   195357.954318 13.085218  0.000807 60.924162   -118.67    -44.15      2.06
   195451.077322 13.086258  0.000775 62.315618   -135.46    -47.21     -6.87
   195544.200327 13.087419  0.000809 64.745311   -150.25    166.84     -5.63
   195637.323331 13.088213  0.000834 66.551481   -162.96   -113.76     -0.84
   195730.446336 13.089327  0.000805 66.820154   -174.60   -166.43      5.27
   195823.569340 13.090899  0.000870 64.873704    172.99     18.90      3.20
   195916.692344 13.091220  0.000843 61.995182    158.00     77.08      0.65
   196009.815349 13.092536  0.000836 61.110413    140.73      0.95      4.78
   196102.938353 13.093383  0.000826 62.709325    123.92    169.54     -5.90
   196196.061358 13.093684  0.000795 65.315214    109.55   -167.10     -1.14
   196289.184362 13.094203  0.000699 67.047830     97.72     93.36     -3.28
   196382.307367 13.096213  0.000809 65.922087     86.29   -147.21      6.47
   196475.430371 13.096939  0.000830 62.728711     72.33   -136.61     -1.02
   196568.553375 13.097428  0.000747 61.068963     55.15    105.61     -5.36
   196661.676380 13.099467  0.000855 62.556155     37.85   -155.28      5.40
   196754.799384 13.099523  0.000807 65.420141     23.44   -166.71     -1.82
   196847.922389 13.100111  0.000728 67.019591     11.97     40.61      4.08
   196941.045393 13.101163  0.000707 65.281072      0.45    139.10     -8.41
   197034.168398 13.102532  0.000810 61.847567    -14.56     90.27      2.55
   197127.291402 13.103456  0.000783 61.259824    -32.62    -64.14     -4.40
   197220.414406 13.105383  0.000873 64.186140    -48.91      3.37     -0.82
   197313.537411 13.105059  0.000769 66.716468    -61.19    -54.77      0.85
   197406.660415 13.106604  0.000834 65.970518    -72.12    126.85     -2.53
   197499.783420 13.108402  0.000885 62.725322    -86.00    179.67     -0.96
   197592.906424 13.107931  0.000767 61.017684   -103.88    108.43      2.86
   197686.029429 13.109003  0.000762 63.782615   -120.95    -75.99     -4.38
   197779.152433 13.110213  0.000764 66.965962   -133.16    -31.53     -8.16
   197872.275437 13.111378  0.000838 65.733729   -143.79   -125.21      1.78
   197965.398442 13.111601  0.000743 62.062571   -158.36     30.22      2.08
   198058.521446 13.112204  0.000649 61.530944   -176.73     59.05      7.70
   198151.644451 13.113643  0.000768 64.774173    167.32    -20.43     -2.78
   198244.767455 13.115143  0.000838 66.930434    156.16    124.23     -2.17
   198337.890459 13.116240  0.000805 64.496970    144.77    152.72     -8.17
   198431.013464 13.117198  0.000842 61.081686    128.03     47.30      0.91
   198524.136468 13.117652  0.000779 62.871587    109.65   -171.57      3.50
   198617.259473 13.119143  0.000810 66.789952     96.78   -156.60      6.70
   198710.382477 13.119124  0.000721 65.730718     86.59    103.68      1.85
   198803.505482 13.120273  0.000764 61.652561     71.58   -114.43     -1.99
   198896.628486 13.120362  0.000593 62.133740     52.68    -98.84      1.87
   198989.751490 13.122347  0.000781 66.056468     38.40    163.09     -4.10
   199082.874495 13.123632  0.000838 66.162450     28.31    -65.33     -1.44
   199175.997499 13.124357  0.000748 62.238445     14.28    -41.61     -8.95
   199269.120504 13.125893  0.000851 61.751090     -4.72   -150.39     -0.52
   199362.243508 13.126343  0.000813 65.940586    -19.46    -14.36      1.86
   199455.366513 13.128127  0.000866 66.310573    -29.29      1.26      2.42
   199548.489517 13.127735  0.000722 61.867550    -43.59   -101.92      5.38
   199641.612521 13.128841  0.000767 62.072531    -62.95     50.08     -1.24
   199734.735526 13.128973  0.000615 66.658719    -76.56     67.15      4.90
   199827.858530 13.130905  0.000774 65.443187    -86.32    -19.47     -5.69
   199920.981535 13.132222  0.000839 61.110918   -102.55    124.00      0.65
   200014.104539 13.133704  0.000859 63.559602   -121.32    162.38     -3.92
   200107.227544 13.133640  0.000756 67.018353   -132.67     65.43      4.83
   200200.350548 13.134599  0.000791 63.563638   -143.78   -132.53     -1.58
   200293.473552 13.134678  0.000621 61.302664   -162.52    -86.87     -3.59
   200386.596557 13.137346  0.000861 65.574016   -178.60   -164.27     -0.96
   200479.719561 13.137357  0.000788 66.071516    171.82      0.43      0.51
   200572.842566 13.137744  0.000654 61.629844    156.93     47.68      6.71
   200665.965570 13.139860  0.000821 63.171998    137.69     -0.92     -4.36
   200759.088574 13.140257  0.000793 66.865434    126.16    175.09      0.76
   200852.211579 13.140524  0.000652 63.351388    114.90   -121.94      3.77
   200945.334583 13.143132  0.000862 61.591695     95.60   -162.05     -0.26
   201038.457588 13.143086  0.000798 66.248960     80.94     38.33     -1.37
   201131.580592 13.144139  0.000765 65.025001     71.43    126.15     -7.00
   201224.703597 13.144167  0.000642 61.120853     53.83     87.96      3.85
   201317.826601 13.146113  0.000823 65.169200     36.56    -49.92      1.39
   201410.949605 13.146353  0.000686 66.104020     27.31     47.41      5.66
   201504.072610 13.148314  0.000812 61.269678     11.61     39.08      5.83
   201597.195614 13.149029  0.000828 64.265644     -7.16    -73.92      0.62
   201690.318619 13.149252  0.000696 66.588213    -16.77     45.94      4.57
   201783.441623 13.150353  0.000709 61.565985    -31.18     56.82      7.56
   201876.564628 13.151424  0.000781 63.771406    -50.62    -31.11      1.26
   201969.687632 13.152579  0.000772 66.739378    -60.55    124.47     -5.85
   202062.810636 13.153978  0.000801 61.672670    -74.47    164.61     -7.20
   202155.933641 13.154700  0.000838 63.731942    -94.10     88.99      0.33
   202249.056645 13.154686  0.000681 66.682594   -103.91    -92.97     -2.49
   202342.179650 13.156591  0.000776 61.530471   -118.20    -21.58     -7.20
   202435.302654 13.157304  0.000811 64.159051   -137.55    -70.37      1.68
   202528.425659 13.158615  0.000830 66.338306   -146.88    138.60     -3.06
   202621.548663 13.159048  0.000738 61.268013   -162.44   -135.38      8.42
   202714.671667 13.160215  0.000827 65.000480    179.20   -135.42     -1.27
   202807.794672 13.160692  0.000738 65.569735    170.33    104.10     -5.16
   202900.917676 13.162042  0.000765 61.183319    152.74   -138.15      8.30
   202994.040681 13.163049  0.000835 66.079875    136.49   -108.24      0.55
   203087.163685 13.164321  0.000843 64.158196    127.29    160.80      1.33
   203180.286689 13.164945  0.000780 61.839006    107.57    -22.83     -7.58
   203273.409694 13.165824  0.000828 66.847655     94.67     26.77     -1.55
   203366.532698 13.167177  0.000850 62.299939     83.22    -27.96      0.78
   203459.655703 13.168567  0.000878 63.622213     62.91    179.93     -2.05
   203552.778707 13.168436  0.000804 66.371714     53.38    -93.08      2.55
   203645.901712 13.168773  0.000699 61.053156     37.48    -97.89     -3.50
   203739.024716 13.170344  0.000751 66.003299     20.00    149.78     -8.33
   203832.147720 13.171178  0.000783 64.155536     11.24    -89.61      2.55
   203925.270725 13.172472  0.000819 61.908333     -8.97    -51.31     -2.71
   204018.393729 13.173028  0.000742 67.122436    -20.77   -141.65      8.97
   204111.516734 13.174417  0.000838 61.461977    -33.74     43.91      0.08
   204204.639738 13.175221  0.000820 64.952604    -53.25    123.33     -3.20
   204297.762743 13.174703  0.000586 65.128170    -61.65     80.75      3.04
   204390.885747 13.176307  0.000732 61.514916    -81.11    -51.17      0.77
   204484.008751 13.177238  0.000727 66.929459    -93.79     68.62     -1.28
   204577.131756 13.177538  0.000597 61.680150   -106.50     76.93      3.31
   204670.254760 13.179512  0.000784 65.141634   -125.75     -3.74     -2.93
   204763.377765 13.180730  0.000822 64.405143   -134.27    155.08      1.68
   204856.500769 13.181489  0.000746 62.260613   -154.47   -145.48      8.88
   204949.623774 13.182605  0.000819 66.764736   -165.38   -175.70     -3.22
   205042.746778 13.182781  0.000722 60.991711    179.43     38.57      0.61
   205135.869782 13.184950  0.000838 66.519690    162.43    161.52     -6.37
   205228.992787 13.185043  0.000772 62.755242    152.86    168.53     -4.39
   205322.115791 13.185814  0.000756 63.871758    131.98     81.23     -2.52
   205415.238796 13.186210  0.000644 65.536601    123.54   -123.62      6.82
   205508.361800 13.187274  0.000702 61.643245    104.18    -45.61     -1.78
   205601.484804 13.188866  0.000810 66.774823     92.35    -81.37     -1.89
   205694.607809 13.190171  0.000797 61.197351     77.46    149.23     -8.03
   205787.730813 13.190359  0.000749 66.560429     60.93    -98.73      4.30
   205880.853818 13.191840  0.000828 62.021198     50.37    -71.92     -1.58
   205973.976822 13.192823  0.000783 65.180768     30.27   -155.45      7.96
   206067.099827 13.193974  0.000847 63.992955     22.02     29.86      1.10
   206160.222831 13.194583  0.000829 63.059492      1.00    119.21     -0.99
   206253.345835 13.194346  0.000630 65.810571     -7.81    103.21     -5.23
   206346.468840 13.196215  0.000773 61.735882    -27.04    -10.23     -5.25
   206439.591844 13.197269  0.000830 66.572644    -38.28    127.26      0.55
   206532.714849 13.199174  0.000877 61.209370    -54.83    174.45      0.83
   206625.837853 13.198248  0.000687 66.978859    -68.84    124.16     -1.89
   206718.960858 13.199977  0.000806 61.000684    -82.56    -30.68      2.25
   206812.083862 13.199671  0.000602 66.810980    -99.35     84.86     -0.41
   206905.206866 13.200970  0.000671 61.643434   -110.52     92.49      3.21
   206998.329871 13.202331  0.000772 65.970732   -129.41     14.18      0.77
   207091.452875 13.204150  0.000825 62.373140   -139.12   -174.06      5.08
   207184.575880 13.203725  0.000678 65.469423   -159.07    -86.97      2.88
   207277.698884 13.205479  0.000820 62.780463   -167.91   -100.79     -1.23
   207370.821889 13.207011  0.000842 64.986982    171.35    156.10     -5.39
   207463.944893 13.206402  0.000654 63.486972    163.10    -58.31     -2.70
   207557.067897 13.207848  0.000773 64.306042    142.05     -1.65      1.58
   207650.190902 13.209447  0.000809 63.853720    133.83    -37.12     -5.87
   207743.313906 13.210580  0.000842 64.237161    112.89   -171.73     -2.36
   207836.436911 13.210819  0.000799 63.776814    104.67    -49.17      1.57
   207929.559915 13.212686  0.000863 64.242719     83.55     -9.10      0.99
   208022.682919 13.211682  0.000619 63.953004     75.48    -70.91     -1.13
   208115.805924 13.213597  0.000808 64.146660     54.35    136.77      1.58
   208208.928928 13.213561  0.000632 63.705621     46.11   -116.12      2.55
   208302.051933 13.214734  0.000672 64.672661     25.24    -96.39      4.14
   208395.174937 13.216035  0.000765 63.066452     16.84   -170.85     -0.86
   208488.297942 13.217409  0.000779 65.200816     -3.93     16.58      6.48
   208581.420946 13.217253  0.000633 62.717937    -12.61    121.47     -4.96
   208674.543950 13.219065  0.000810 65.604595    -32.76    123.22      1.44
   208767.666955 13.219631  0.000724 61.998581    -42.51     26.65      7.09
   208860.789959 13.221471  0.000832 66.472398    -61.29   -149.34      4.58
   208953.912964 13.221789  0.000797 61.201214    -72.60    -61.47      2.03
   209047.035968 13.222546  0.000745 66.922259    -89.60    -56.21     -6.26
   209140.158973 13.224515  0.000860 61.119505   -103.12   -161.87      1.79
   209233.281977 13.224382  0.000789 66.787255   -117.44     13.11     -1.25
   209326.404981 13.224772  0.000682 61.317582   -134.04     99.34     -5.13
   209419.527986 13.225339  0.000618 66.448438   -145.27     75.79      5.74
   209512.650990 13.226865  0.000756 62.148273   -164.59    -16.54      0.19
   209605.773995 13.228787  0.000851 65.001231   -173.63    151.16     -2.05
   209698.896999 13.229205  0.000774 64.059843    165.57   -136.79      7.63
   209792.020004 13.229993  0.000808 63.011194    157.23   -142.86     -1.73
   209885.143008 13.230856  0.000764 65.825591    136.84    123.41     -5.43
   209978.266012 13.230655  0.000599 61.626525    126.61    -73.36     -2.59
   210071.389017 13.232559  0.000792 66.777945    109.54      7.43     -1.94
   210164.512021 13.234097  0.000826 61.077092     94.77     -7.05      3.93
   210257.635026 13.233484  0.000616 66.600891     82.60   -109.73      6.90
   210350.758030 13.235639  0.000829 62.310551     63.38     73.38      0.32
   210443.881034 13.236873  0.000844 64.370378     54.59    155.49      0.30
   210537.004039 13.237583  0.000795 65.106864     33.80    163.38     -6.85
   210630.127043 13.238297  0.000823 61.767163     24.45     62.01      0.79
   210723.250048 13.238312  0.000691 66.827955      6.51   -112.66      0.00
   210816.373052 13.240638  0.000824 61.219242     -7.89    -12.59     -5.76
   210909.496057 13.240579  0.000770 66.114007    -19.74    -10.01     -2.44
   211002.619061 13.241260  0.000715 63.110248    -39.75    -82.63     -5.14
   211095.742065 13.241431  0.000581 63.459558    -48.10    105.72     -3.40
   211188.865070 13.243635  0.000817 66.021580    -68.12   -145.12     -1.28
   211281.988074 13.243695  0.000684 61.042217    -80.10   -126.64      0.96
   211375.111079 13.246233  0.000858 66.859826    -94.06    173.01     -3.23
   211468.234083 13.246386  0.000808 62.356202   -112.75     24.82     -2.07
   211561.357088 13.247534  0.000834 63.721491   -121.54    144.54      0.12
   211654.480092 13.249087  0.000869 66.115226   -141.76   -173.46      1.37
   211747.603096 13.248405  0.000716 60.982299   -153.42    141.83     -0.66
   211840.726101 13.249788  0.000782 66.564071   -167.38      7.95      3.91
   211933.849105 13.251390  0.000828 63.018156    173.51    166.55     -6.00
   212026.972110 13.251926  0.000831 63.022861    164.94   -141.17     -0.16
   212120.095114 13.252322  0.000761 66.498915    145.44   -163.22      3.55
   212213.218119 13.252151  0.000575 61.219484    131.73     95.09     -1.01
   212306.341123 13.254150  0.000765 65.650425    120.35   -100.52      3.48
   212399.464127 13.255337  0.000803 64.425952     99.75     -8.17      3.20
   212492.587132 13.257276  0.000873 61.733598     90.18     -2.73     -0.63
   212585.710136 13.256594  0.000743 66.834043     74.15    -83.31      2.90
   212678.833141 13.258140  0.000814 62.331161     56.02    124.63     -2.53
   212771.956145 13.258198  0.000666 63.404020     47.24   -133.22      9.02
   212865.079149 13.259381  0.000750 66.573629     28.03    -88.66      2.68
   212958.202154 13.260079  0.000718 61.172559     13.33   -131.41     -0.17
   213051.325158 13.260374  0.000597 64.999670      3.01    102.72     -4.72
   213144.448163 13.262371  0.000788 65.637146    -17.33   -111.63      3.91
   213237.571167 13.263623  0.000833 60.919672    -29.39    -39.82      1.05
   213330.694172 13.263924  0.000718 66.046356    -41.81    -40.80    -10.13
   213423.817176 13.265437  0.000833 64.676012    -62.02   -139.67      0.58
   213516.940180 13.265409  0.000720 61.113559    -72.59     48.09     -0.89
   213610.063185 13.267536  0.000832 66.558331    -86.64    160.47     -5.33
   213703.186189 13.267950  0.000812 64.061926   -106.32   -170.70     -2.88
   213796.309194 13.268904  0.000822 61.315957   -116.27    131.79      0.93
   213889.432198 13.270541  0.000870 66.744703   -131.19      0.36      2.09
   213982.555203 13.270068  0.000737 63.844486   -150.55    159.93     -4.55
   214075.678207 13.270793  0.000733 61.362637   -160.43   -134.77     -0.97
   214168.801211 13.272245  0.000755 66.721831   -175.38   -151.76      9.04
   214261.924216 13.272464  0.000703 64.033315    165.20    136.71     -2.43
   214355.047220 13.274136  0.000810 61.195222    155.01    -33.99      2.02
   214448.170225 13.273711  0.000596 66.450875    140.78     86.72     -0.64
   214541.293229 13.275082  0.000686 64.654821    121.05    131.84     -2.52
   214634.416234 13.276684  0.000806 60.942818    109.98     92.38     -1.90
   214727.539238 13.278339  0.000843 65.818660     97.16    -20.58     -4.22
   214820.662242 13.278019  0.000730 65.584144     77.21    151.71     -4.95
   214913.785247 13.278974  0.000752 60.942429     64.39   -119.45     -2.53
   215006.908251 13.279115  0.000600 64.633980     53.42   -112.60      3.74
   215100.031256 13.281587  0.000834 66.559249     34.03   -165.67     -1.61
   215193.154260 13.281739  0.000763 61.636251     18.57     58.94     -2.29
   215286.277264 13.283169  0.000792 62.936397      8.94   -166.06      6.70
   215379.400269 13.282915  0.000660 66.953557     -8.38    -90.22      3.63
   215472.523273 13.284738  0.000815 63.342325    -26.76    -85.94     -1.82
   215565.646278 13.286276  0.000832 61.417504    -36.95   -174.80      5.22
   215658.769282 13.286975  0.000839 65.945441    -50.63     32.14      3.35
   215751.892287 13.287110  0.000784 65.607495    -70.49    168.42      1.95
   215845.015291 13.287694  0.000685 61.360025    -84.02   -141.57      8.20
   215938.138295 13.289704  0.000842 63.475069    -94.22   -155.84      1.91
   216031.261300 13.289991  0.000813 66.792073   -112.23    116.45      0.65
   216124.384304 13.291024  0.000777 63.604800   -130.25    -38.03     -7.76
   216217.507309 13.291232  0.000701 61.226539   -140.66     64.74      7.69
   216310.630313 13.292647  0.000816 65.215300   -153.79    118.73      1.08
   216403.753318 13.292466  0.000618 66.519693   -173.26    103.68     -5.83
   216496.876322 13.294865  0.000819 62.051178    171.42      3.79     -3.79
   216589.999326 13.294871  0.000750 61.838706    161.40   -172.94     -0.33
   216683.122331 13.296051  0.000752 66.401678    146.09    -48.32     -7.19
   216776.245335 13.297450  0.000819 65.695855    126.83     -3.70     -4.55
   216869.368340 13.297689  0.000775 61.283745    112.92    -37.60      2.17
   216962.491344 13.298132  0.000681 62.652128    102.60   -144.16      7.43
   217055.614349 13.299698  0.000763 66.690590     86.47     46.50      7.09
   217148.737353 13.300194  0.000766 65.175232     67.31    174.30      0.89
   217241.860357 13.300971  0.000688 61.416708     53.80   -145.51      7.71
   217334.983362 13.303076  0.000844 62.671775     43.47   -164.53      0.30
   217428.106366 13.303180  0.000811 66.386324     27.34    102.21      0.89
   217521.229371 13.303964  0.000744 65.692817      8.22    -51.14     -6.94
   217614.352375 13.304555  0.000703 61.697370     -5.82     59.38      7.51
   217707.475379 13.305745  0.000790 61.857528    -16.27    118.01      2.17
   217800.598384 13.306184  0.000699 66.033101    -31.26    113.64     -6.66
   217893.721388 13.308293  0.000849 66.454592    -50.17     22.94      2.89
   217986.844393 13.308433  0.000795 62.430350    -66.07   -123.78     -1.75
   218079.967397 13.309679  0.000794 61.236610    -76.95      5.47      5.37
   218173.090402 13.309333  0.000635 64.676885    -89.67     73.31      5.79
   218266.213406 13.311114  0.000812 66.781968   -107.74     82.17      0.47
   218359.336410 13.312105  0.000784 64.544110   -125.73     11.76      6.27
   218452.459415 13.312519  0.000708 61.305359   -138.50   -127.00      8.39
   218545.582419 13.313628  0.000795 62.196246   -149.46     38.39     -2.18
   218638.705424 13.314698  0.000783 66.022134   -164.78    132.62     -6.12
   218731.828428 13.315502  0.000762 66.674328    176.66    158.16     -7.68
   218824.951433 13.316337  0.000799 63.174561    160.13    105.49      1.25
   218918.074437 13.317816  0.000833 61.027966    148.20     -9.50      2.73
   219011.197441 13.318869  0.000835 63.113587    136.68    176.11     -4.03
   219104.320446 13.318772  0.000781 66.191606    120.68    -74.04      1.72
   219197.443450 13.320509  0.000847 66.457622    102.06    -20.82     -0.25
   219290.566455 13.320375  0.000707 63.361600     85.94    -29.07     -9.10
   219383.689459 13.321698  0.000815 60.875566     73.85   -121.96     -1.19
   219476.812464 13.321713  0.000674 62.648215     62.13     89.91     -3.69
   219569.935468 13.323197  0.000730 66.040223     46.87   -136.59      8.41
   219663.058472 13.323873  0.000763 66.647755     28.64    -46.39      0.81
   219756.181477 13.325608  0.000832 64.311142     11.48    -27.05     -1.14
   219849.304481 13.324611  0.000570 61.537216     -1.76    -77.51     -1.20
   219942.427486 13.326417  0.000742 61.393115    -13.12    167.26     -1.89
   220035.550490 13.328134  0.000835 64.371529    -26.77    -14.93      2.06
   220128.673494 13.327279  0.000579 66.885289    -43.67    109.73     -3.69
   220221.796499 13.329039  0.000757 66.025205    -61.73    162.67     -0.46
   220314.919503 13.330832  0.000836 63.312547    -77.71    154.70     -0.81
   220408.042508 13.330075  0.000604 61.239479    -90.26     73.64      5.61
   220501.165512 13.331624  0.000737 61.701077   -101.96    -61.05      2.22
   220594.288517 13.332710  0.000755 64.544630   -116.05    106.44     -4.23
   220687.411521 13.334619  0.000842 66.874547   -132.88   -163.23      4.66
   220780.534525 13.334755  0.000820 66.231825   -150.72   -121.28      0.29
   220873.657530 13.335038  0.000715 63.885993   -167.07   -151.84      5.76
   220966.780534 13.335489  0.000635 61.606206    179.57    132.84     -8.74
   221059.903539 13.336777  0.000726 61.091386    167.68    -27.58     -0.69
   221153.026543 13.338277  0.000795 63.164876    154.60    122.30     -3.32
   221246.149548 13.339599  0.000815 65.914974    139.18   -160.22      5.88
   221339.272552 13.340003  0.000818 66.808809    121.85   -128.31      0.71
   221432.395556 13.340505  0.000760 65.851699    104.38   -165.99      4.83
   221525.518561 13.340231  0.000566 63.617311     88.80    106.36     -3.74
   221618.641565 13.341897  0.000728 61.310307     75.41    -57.41      2.17
   221711.764570 13.342726  0.000706 61.092758     63.05     90.32     -4.02
   221804.887574 13.345015  0.000837 62.861169     50.19    171.41     -3.98
   221898.010579 13.345036  0.000790 64.977338     35.35   -167.40     -2.52
   221991.133583 13.346189  0.000827 66.627365     18.59    153.99      0.84
   222084.256587 13.346054  0.000654 66.844071      1.34     50.40      9.24
   222177.379592 13.347534  0.000784 65.067621    -15.26    -97.97      2.99
   222270.502596 13.347755  0.000684 62.953416    -30.44     49.55      1.58
   222363.625601 13.349067  0.000704 61.490337    -43.77    146.50    -10.01
   222456.748605 13.349838  0.000732 60.980730    -56.34    165.70     -2.82
   222549.871610 13.351431  0.000824 62.170967    -69.50    133.31     -1.46
   222642.994614 13.351830  0.000727 64.334094    -83.80     33.72      9.10
   222736.117618 13.352685  0.000774 65.915726    -99.55   -106.78      3.52
   222829.240623 13.353056  0.000715 66.798867   -116.41     54.02      0.27
   222922.363627 13.355100  0.000807 66.708031   -133.27    160.75     -7.16
   223015.486632 13.355463  0.000804 65.130638   -149.54   -162.20     -2.47
   223108.609636 13.356281  0.000791 63.376214   -164.88    176.13      3.96
   223201.732640 13.355820  0.000575 61.995835   -178.86    112.61     -6.21
   223294.855645 13.357487  0.000718 60.958102    167.95    -21.81     -2.57
   223387.978649 13.359141  0.000815 61.140865    154.76    147.58      1.37
   223481.101654 13.358343  0.000563 62.414173    141.28    -94.92      0.64
   223574.224658 13.360020  0.000714 63.754256    126.95    -29.16     -3.90
   223667.347663 13.361518  0.000810 65.219989    111.51    -27.85      1.64
   223760.470667 13.361007  0.000578 66.586377     95.49    -68.51     -6.67
   223853.593671 13.363169  0.000799 66.831145     79.11   -176.16     -3.30
   223946.716676 13.363608  0.000748 66.576558     62.54     18.62      3.34
   224039.839680 13.365707  0.000842 65.959240     46.45    170.91     -3.42
   224132.962685 13.365597  0.000772 64.525939     30.91   -105.27      3.24
   224226.085689 13.366632  0.000796 63.204958     15.83    -63.27     -2.41
   224319.208694 13.366046  0.000560 62.275404      1.50    -81.93     -2.81
   224412.331698 13.368687  0.000828 61.278905    -12.35   -156.50     -1.79
   224505.454702 13.368673  0.000736 60.897396    -26.18     78.16     -3.22
   224598.577707 13.368603  0.000560 61.272415    -39.84   -111.76      5.59
   224691.700711 13.371178  0.000821 61.619898    -53.65     21.32     -2.08
   224784.823716 13.371582  0.000779 62.377268    -67.99     95.31     -2.86
   224877.946720 13.371711  0.000635 63.578320    -82.57    120.82     -8.53
   224971.069725 13.373058  0.000730 64.399147    -97.46     74.65      4.60
   225064.192729 13.374003  0.000773 65.182864   -112.86     -7.78      2.46
   225157.315733 13.375042  0.000733 66.159098   -128.39   -152.05      9.37
   225250.438738 13.376437  0.000839 66.502913   -144.01     27.03      0.47
   225343.561742 13.376928  0.000818 66.702835   -159.90    145.66      1.03
   225436.684747 13.377840  0.000767 67.043643   -175.66   -155.36      8.81
   225529.807751 13.378725  0.000813 66.752480    168.67   -134.22      2.62
   225622.930755 13.379031  0.000754 66.440645    152.92   -169.29      2.10
   225716.053760 13.379144  0.000603 66.327639    137.40    111.82     -6.41
   225809.176764 13.380583  0.000719 65.735242    122.05    -28.82     -4.44
   225902.299769 13.382065  0.000818 65.184709    106.63    137.61      0.54
   225995.422773 13.381399  0.000559 64.972438     91.44   -105.39      3.79
   226088.545778 13.383061  0.000707 64.336470     76.41    -27.68     -4.30
   226181.668782 13.384382  0.000786 63.842398     61.25    -14.47      2.85
   226274.791786 13.385359  0.000749 63.703476     46.31    -32.69     -9.13
   226367.914791 13.386349  0.000792 63.192339     31.46   -125.51      3.53
   226461.037795 13.387089  0.000804 62.824299     16.45    110.85     -1.64
   226554.160800 13.386949  0.000624 62.830807      1.57    -61.08     -8.31
   226647.283804 13.388792  0.000777 62.488830    -13.24     57.86      4.72
   226740.406809 13.389596  0.000800 62.233966    -28.26    144.61      2.01
   226833.529813 13.391436  0.000854 62.381200    -43.18    179.40      2.09
   226926.652817 13.391141  0.000754 62.149077    -58.04    172.70     -5.10
   227019.775822 13.392157  0.000801 62.019308    -73.14    108.26     -1.88
   227112.898826 13.393888  0.000845 62.258076    -88.13     -4.19      0.79
   227206.021831 13.394320  0.000829 62.150400   -103.07   -160.14     -1.16
   227299.144835 13.394346  0.000757 62.098848   -118.24     -8.55      2.59
   227392.267840 13.394352  0.000594 62.453875   -133.33    108.37     -6.81
   227485.390844 13.396152  0.000742 62.465202   -148.34    167.52     -6.06
   227578.513848 13.396885  0.000759 62.523779   -163.59    172.49      2.80
   227671.636853 13.398306  0.000777 63.011434   -178.71    150.14     -8.30
   227764.759857 13.398961  0.000775 63.140824    166.26     56.82      4.57
   227857.882862 13.399818  0.000809 63.354426    151.07    -63.94     -0.62
   227951.005866 13.400168  0.000691 63.973550    136.01    131.69     -8.86
   228044.128870 13.400841  0.000692 64.271482    121.10   -101.15      4.92
   228137.251875 13.401867  0.000752 64.575733    106.08     -1.90      1.69
   228230.374879 13.402409  0.000653 65.302293     91.22     40.27      9.54
   228323.497884 13.404077  0.000785 65.645456     76.57     48.96      4.94
   228416.620888 13.404350  0.000749 65.941778     61.85     12.39      1.32
   228509.743893 13.404715  0.000627 66.573884     47.33    -63.79     -8.13
   228602.866897 13.406363  0.000749 66.747987     33.02    162.80     -5.66
   228695.989901 13.407093  0.000773 66.731399     18.63    -18.94      1.40
   228789.112906 13.407864  0.000716 66.946569      4.36    131.68     -8.51
   228882.235910 13.409435  0.000813 66.663791     -9.79   -145.67      4.74
   228975.358915 13.409860  0.000811 66.023308    -24.16    -87.37     -0.67
   229068.481919 13.409683  0.000619 65.625661    -38.64    -71.51     -7.47
   229161.604924 13.411239  0.000722 64.739637    -53.18   -120.92      6.89
   229254.727928 13.411989  0.000754 63.602903    -68.20    167.09      1.57
   229347.850932 13.412450  0.000650 62.872439    -83.53     40.50      7.75
   229440.973937 13.413740  0.000720 61.955896    -99.08   -122.80      7.32
   229534.096941 13.414526  0.000749 61.119766   -115.16     41.10     -1.97
   229627.219946 13.416473  0.000828 61.066157   -131.47    154.82     -3.56
   229720.342950 13.417102  0.000815 61.175360   -147.69   -143.63      4.07
   229813.465955 13.417285  0.000780 61.611799   -163.99   -109.35     -2.36
   229906.588959 13.417408  0.000636 62.887035   -179.86   -134.88      8.59
   229999.711963 13.419383  0.000803 64.056612    164.95   -179.19     -4.33
   230092.834968 13.419840  0.000787 65.157868    150.17     79.66     -1.46
   230185.957972 13.420326  0.000695 66.416545    136.04    -53.64     -8.35
   230279.080977 13.420563  0.000622 66.898796    122.44    118.78     -2.92
   230372.203981 13.422383  0.000799 66.559499    108.82   -105.57     -0.91
   230465.326985 13.424065  0.000843 65.984538     95.00    -10.50      1.03
   230558.449990 13.424340  0.000780 64.635424     80.79     40.05      6.50
   230651.572994 13.424838  0.000787 62.858932     65.58     65.24     -1.62
   230744.695999 13.425186  0.000678 61.757759     49.47     32.74      8.34
   230837.819003 13.426634  0.000753 61.048753     32.87    -14.67     -6.91
   230930.942008 13.427297  0.000770 61.109676     15.86   -120.96     -2.09
   231024.065012 13.427257  0.000615 62.507358     -0.66    101.69     -6.14
   231117.188016 13.428095  0.000619 64.185294    -16.05    -90.50      3.97
   231210.311021 13.429737  0.000778 65.634050    -30.49     53.95     -1.55
   231303.434025 13.431492  0.000830 66.862060    -43.99    155.56     -3.79
   231396.557030 13.432233  0.000824 66.733497    -57.01   -152.24      3.71
   231489.680034 13.432322  0.000784 65.290112    -70.60   -124.85     -1.44
   231582.803039 13.432779  0.000693 63.607374    -85.31   -149.39      7.63
   231675.926043 13.434458  0.000787 61.837607   -101.26    171.07     -6.24
   231769.049047 13.434946  0.000792 60.823413   -118.49     75.90     -0.94
   231862.172052 13.435788  0.000752 61.689526   -135.83    -44.88     -7.65
   231955.295056 13.436043  0.000678 63.503979   -151.96    148.98     -8.03
   232048.418061 13.437442  0.000801 65.370854   -166.65    -64.25      1.09
   232141.541065 13.437346  0.000628 66.863743   -179.92     47.85      6.85
   232234.664070 13.438448  0.000672 66.564439    167.39    142.34     -7.71
   232327.787074 13.439485  0.000743 64.583867    153.74    179.49     -0.48
   232420.910078 13.441121  0.000790 62.508635    138.29   -177.06      5.05
   232514.033083 13.441883  0.000769 61.127007    121.25    167.95     -6.92
   232607.156087 13.442439  0.000798 61.326196    103.49     98.16      0.83
   232700.279092 13.443932  0.000825 63.602237     86.94     -3.53      3.73
   232793.402096 13.444388  0.000790 65.924861     72.71   -143.21      6.65
   232886.525100 13.444771  0.000787 66.710285     59.92     52.41     -1.43
   232979.648105 13.445776  0.000752 65.874134     47.15   -163.99      7.13
   233072.771109 13.446162  0.000693 63.443752     32.85    -31.19     -8.49
   233165.894114 13.447244  0.000773 61.136050     15.99     47.00     -2.25
   233259.017118 13.447324  0.000635 61.329726     -2.13    101.73     -6.35
   233352.140123 13.447860  0.000592 63.496143    -18.86    112.25     -2.50
   233445.263127 13.449920  0.000805 65.819854    -33.16     88.46      0.30
   233538.386131 13.450440  0.000724 66.886860    -45.62     24.89      7.67
   233631.509136 13.450518  0.000615 65.296271    -58.28    -51.11     -7.17
   233724.632140 13.451907  0.000734 62.254302    -73.56    179.95     -0.70
   233817.755145 13.453119  0.000730 61.016370    -91.49     17.75      7.28
   233910.878149 13.454822  0.000839 62.397804   -109.30   -164.06      0.69
   234004.001154 13.454463  0.000751 65.075375   -124.63    -27.29      1.19
   234097.124158 13.454589  0.000618 66.896805   -137.23     77.04     -0.48
   234190.247162 13.456332  0.000718 65.691497   -149.43    154.65     -9.24
   234283.370167 13.456885  0.000738 62.435979   -164.36   -174.61     -1.62
   234376.493171 13.458495  0.000788 61.010696    177.54   -174.24      6.21
   234469.616176 13.459330  0.000791 62.637850    159.61    173.11     -6.06
   234562.739180 13.459771  0.000791 65.506226    144.70    107.63      1.00
   234655.862185 13.460782  0.000776 66.857503    132.59     10.96      5.76
   234748.985189 13.460603  0.000630 64.794615    120.05   -114.89      7.55
   234842.108193 13.462210  0.000783 61.478753    103.83     97.62      2.25
   234935.231198 13.462292  0.000652 61.355483     84.98    -75.66     -6.54
   235028.354202 13.463547  0.000696 64.313347     68.29     53.66      8.67
   235121.477207 13.464336  0.000753 66.589494     55.37    174.62     -0.44
   235214.600211 13.464511  0.000616 65.746937     43.51   -104.33     -0.87
   235307.723215 13.465544  0.000630 62.444351     28.65    -46.25     -7.84
   235400.846220 13.466776  0.000731 60.893630      9.97    -31.59      1.35
   235493.969224 13.468471  0.000802 63.706411     -7.73    -33.28     -3.79
   235587.092229 13.467558  0.000571 66.725140    -20.86    -76.55     -1.02
   235680.215233 13.469590  0.000789 65.694373    -32.42   -146.45     -1.79
   235773.338238 13.470347  0.000735 62.331476    -47.40    120.25     -6.45
   235866.461242 13.471909  0.000808 61.194647    -66.17     -5.82     -6.00
   235959.584246 13.471718  0.000744 63.934768    -83.61   -165.99     -1.02
   236052.707251 13.473381  0.000801 66.842428    -96.28      1.49      4.37
   236145.830255 13.473747  0.000739 65.261914   -107.89    157.06     -8.50
   236238.953260 13.474593  0.000790 61.421623   -124.01    -95.72      1.57
   236332.076264 13.475933  0.000814 61.737312   -143.42     -6.54      3.72
   236425.199269 13.475933  0.000705 65.525790   -159.08     47.33      9.58
   236518.322273 13.477022  0.000799 66.523739   -170.50     85.26      1.26
   236611.445277 13.477048  0.000649 63.397402    176.27     94.80     -5.26
   236704.568282 13.478020  0.000654 61.057073    157.90     58.57      8.81
   236797.691286 13.479157  0.000748 63.493939    139.59     19.64     -1.41
   236890.814291 13.480137  0.000735 66.807587    126.81    -55.19     -6.47
   236983.937295 13.482021  0.000836 65.019399    115.39   -170.86      0.62
   237077.060300 13.482022  0.000798 61.095221     98.55     58.67     -0.62
   237170.183304 13.481771  0.000623 62.502175     79.05    -95.13     -3.17
   237263.306308 13.482599  0.000615 66.475531     65.02     66.40      7.93
   237356.429313 13.484388  0.000796 65.550167     54.03   -139.25     -1.48
   237449.552317 13.485922  0.000834 61.655656     38.26    -19.36      0.56
   237542.675322 13.485081  0.000615 62.071167     18.65     71.59      7.31
   237635.798326 13.486456  0.000746 65.949759      3.72    147.25      0.92
   237728.921330 13.487790  0.000779 65.914655     -7.15   -175.30      4.83
   237822.044335 13.489142  0.000812 61.845925    -22.41   -158.01      5.39
   237915.167339 13.489131  0.000766 61.849097    -42.29   -154.06     -2.45
   238008.290344 13.490720  0.000825 66.236944    -57.12    169.18      2.25
   238101.413348 13.489637  0.000565 65.774920    -67.74    116.66     -5.53
   238194.536353 13.491593  0.000771 61.279846    -83.79     32.53     -2.62
   238287.659357 13.492049  0.000687 62.571830   -103.73    -66.08     -6.84
   238380.782361 13.493592  0.000767 66.724830   -117.23    162.39     -7.51
   238473.905366 13.493792  0.000741 64.669816   -128.21     -0.70     -1.85
   238567.028370 13.495329  0.000787 61.002634   -145.98    176.10      4.54
   238660.151375 13.496177  0.000784 63.871689   -164.91    -12.70     -7.25
   238753.274379 13.496334  0.000765 66.688177   -176.73    109.66      2.05
   238846.397384 13.496665  0.000668 63.237880    170.79   -144.90      5.59
   238939.520388 13.497396  0.000626 61.300307    151.24    -40.91     -8.87
   239032.643392 13.498721  0.000753 65.397815    134.62     16.73     -1.51
   239125.766397 13.499038  0.000656 66.011148    124.13     50.42      3.35
   239218.889401 13.499682  0.000609 61.568047    108.57     63.36      8.66
   239312.012406 13.501606  0.000801 62.731534     88.49     70.94      0.28
   239405.135410 13.501595  0.000671 66.820940     75.75     38.69      4.92
   239498.258415 13.503995  0.000830 63.720042     64.17     -3.44     -4.15
   239591.381419 13.503741  0.000770 61.014124     44.52    -77.74      2.60
   239684.504423 13.504870  0.000769 65.720698     27.84   -172.13      5.99
   239777.627428 13.504468  0.000597 65.790614     17.71     68.87      7.58
   239870.750432 13.505988  0.000736 60.984430      1.01    -60.20      2.34
   239963.873437 13.507649  0.000816 63.865891    -18.64    151.03     -2.11
   240056.996441 13.508045  0.000741 66.839030    -29.70    -22.91     -8.70
   240150.119445 13.508295  0.000720 62.036390    -43.27    127.30      1.58
   240243.242450 13.508817  0.000657 62.309194    -63.98    -79.74     -6.42
   240336.365454 13.510946  0.000804 66.890428    -77.12     25.66      6.83
   240429.488459 13.510758  0.000730 63.324381    -88.57    128.49      1.74
   240522.611463 13.511527  0.000689 61.406311   -108.82   -152.79      6.67
   240615.734468 13.511505  0.000566 66.412224   -124.11    -88.56      2.06
   240708.857472 13.513135  0.000725 64.386439   -134.46    -50.61      1.32
   240801.980476 13.514998  0.000822 61.019125   -153.70    -25.69      0.05
   240895.103481 13.515572  0.000778 65.859712   -170.61    -15.95     -7.77
   240988.226485 13.515487  0.000723 65.054831    179.42    -45.61      0.61
   241081.349490 13.516260  0.000685 60.950055    161.08    -73.21     -6.41
   241174.472494 13.517745  0.000751 65.445279    143.21   -142.99      8.73
   241267.595499 13.517923  0.000726 65.371095    133.32    148.06     -0.20
   241360.718503 13.518252  0.000627 60.954153    115.48     54.52      2.28
   241453.841507 13.519260  0.000636 65.323224     97.25    -44.41     -8.67
   241546.964512 13.520479  0.000739 65.403695     87.42    176.06     -2.10
   241640.087516 13.521204  0.000691 60.936314     69.49     22.63      5.91
   241733.210521 13.522572  0.000748 65.502225     51.45   -144.66      9.28
   241826.333525 13.523325  0.000795 65.126414     41.68     39.62     -1.33
   241919.456530 13.523935  0.000725 60.968376     23.08   -166.33      6.80
   242012.579534 13.525388  0.000798 65.931715      5.86     -9.96     -6.32
   242105.702538 13.525444  0.000756 64.520155     -3.99    103.25      2.42
   242198.825543 13.525877  0.000674 61.149614    -23.67   -148.20      5.57
   242291.948547 13.526590  0.000642 66.508204    -39.36    -41.82     -9.22
   242385.071552 13.528000  0.000772 63.538757    -49.81     23.54     -2.45
   242478.194556 13.527970  0.000637 61.752298    -70.65     88.34     -4.34
   242571.317560 13.528786  0.000616 66.925469    -84.11    134.60     -9.52
   242664.440565 13.529956  0.000712 62.255559    -96.21    149.71      0.01
   242757.563569 13.531881  0.000822 62.989627   -117.45    163.79      1.09
   242850.686574 13.532461  0.000779 66.738508   -128.45    164.27     -7.30
   242943.809578 13.532392  0.000712 61.120101   -143.50    135.38      1.14
   243036.932583 13.533260  0.000699 64.740036   -163.42    110.16     -5.77
   243130.055587 13.534282  0.000704 65.545490   -172.91     39.29     10.40
   243223.178591 13.534782  0.000715 60.881805    168.32    -12.11     -1.54
   243316.301596 13.535185  0.000644 66.387365    151.95    -89.07     -3.86
   243409.424600 13.537683  0.000822 63.378218    141.50    173.83     -5.16
   243502.547605 13.537808  0.000795 62.248674    120.25     63.86     -0.58
   243595.670609 13.538347  0.000743 66.710744    108.45    -56.43     -5.74
   243688.793614 13.539789  0.000778 61.375870     93.82    166.33     -6.94
   243781.916618 13.539776  0.000753 64.853382     74.07     12.99     -2.19
   243875.039622 13.540547  0.000725 64.861709     64.56   -163.19      5.51
   243968.162627 13.542513  0.000817 61.468137     44.68     21.21      5.01
   244061.285631 13.542259  0.000769 66.642064     30.46   -164.34     -2.20
   244154.408636 13.543819  0.000818 61.921788     17.91    -15.38      2.23
   244247.531640 13.543345  0.000640 64.219803     -2.91    141.03     -9.19
   244340.654645 13.544883  0.000785 65.392104    -12.47   -104.15      1.33
   244433.777649 13.545611  0.000734 61.115663    -31.67     10.39      6.01
   244526.900653 13.545443  0.000605 66.832318    -46.67    127.91     -8.23
   244620.023658 13.547236  0.000781 61.932595    -58.62   -148.62     -2.31
   244713.146662 13.547822  0.000725 64.139608    -79.80    -60.31     -6.91
   244806.269667 13.549816  0.000843 65.482787    -89.16     -1.11     -2.79
   244899.392671 13.549754  0.000796 61.131700   -108.78     55.89     -1.23
   244992.515675 13.549751  0.000671 66.815910   -122.99    104.27     -5.84
   245085.638680 13.550524  0.000638 61.635642   -136.08    138.87     -9.57
   245178.761684 13.551518  0.000725 64.907498   -156.29    154.16     -0.18
   245271.884689 13.553228  0.000805 64.251086   -165.69    159.70      1.26
   245365.007693 13.554160  0.000788 62.263168    173.30    170.30     -6.50
   245458.130698 13.553865  0.000722 66.415933    161.82    150.56     -0.49
   245551.253702 13.555506  0.000788 60.934554    145.19    134.35     -4.81
   245644.376706 13.554549  0.000545 66.540088    128.16     98.46     -0.42
   245737.499711 13.556837  0.000789 62.152760    117.06     53.74     -0.74
   245830.622715 13.557864  0.000787 64.309222     95.72      0.27      4.64
   245923.745720 13.557330  0.000597 64.917664     86.60    -53.39     -8.28
   246016.868724 13.559266  0.000787 61.787996     65.79   -128.79     -1.24
   246109.991729 13.560372  0.000814 66.538405     54.02    148.30     -1.71
   246203.114733 13.560318  0.000673 61.055702     37.34     46.04     10.20
   246296.237737 13.561072  0.000735 66.484858     20.93    -44.14      1.11
   246389.360742 13.561884  0.000694 61.695852      8.69   -160.21      6.58
   246482.483746 13.561798  0.000560 65.357650    -11.56     87.87      3.49
   246575.606751 13.563392  0.000715 63.391993    -21.00    -39.27      0.44
   246668.729755 13.564824  0.000766 63.315326    -42.80   -174.80      5.64
   246761.852760 13.565547  0.000732 65.513248    -52.25     34.66      8.78
   246854.975764 13.566362  0.000791 61.551284    -72.53   -105.61      0.91
   246948.098768 13.566381  0.000675 66.536962    -84.56     99.01     -4.81
   247041.221773 13.566363  0.000537 61.080963   -101.64    -67.70     -4.54
   247134.344777 13.568358  0.000759 66.635582   -117.01    110.95      2.08
   247227.467782 13.569152  0.000714 61.160958   -130.87    -63.50     -6.30
   247320.590786 13.568882  0.000559 66.348333   -149.28    104.03     -1.77
   247413.713790 13.570985  0.000778 61.874257   -160.34    -99.06      1.97
   247506.836795 13.570794  0.000624 65.242337    178.85     61.33      1.95
   247599.959799 13.573156  0.000790 63.273297    169.44   -157.47      6.22
   247693.082804 13.572874  0.000728 63.933239    147.74     -2.44     -1.60
   247786.205808 13.574417  0.000787 64.252933    138.54    133.75     -4.76
   247879.328813 13.573745  0.000574 63.138704    117.01   -104.05      6.98
   247972.451817 13.575561  0.000765 65.057769    107.46     25.55     -2.04
   248065.574821 13.577014  0.000801 62.233298     86.46    148.54     -2.63
   248158.697826 13.576249  0.000593 65.998978     76.09   -112.44      7.32
   248251.820830 13.577708  0.000729 61.491081     56.26      7.00     -2.15
   248344.943835 13.578430  0.000705 66.308551     44.57    110.32     -5.89
   248438.066839 13.580579  0.000829 61.392227     25.98   -161.59      4.05
   248531.189844 13.580117  0.000753 66.426439     13.27    -70.15      2.16
   248624.312848 13.581141  0.000732 61.106134     -4.55     13.13      7.22
   248717.435852 13.580578  0.000544 66.817299    -18.01    101.09     -0.77
   248810.558857 13.582355  0.000717 60.849788    -34.98    179.79     -1.28
   248903.681861 13.582565  0.000624 66.766666    -49.24   -109.39      0.17
   248996.804866 13.583944  0.000669 61.070002    -65.64    -31.06     -9.48
   249089.927870 13.585013  0.000769 66.630306    -80.16     25.06     -1.80
   249183.050875 13.584950  0.000626 60.963191    -96.61     89.36     -4.58
   249276.173879 13.586396  0.000687 66.890011   -111.02    150.79    -10.34
   249369.296883 13.587189  0.000736 60.821971   -127.54   -163.03     -2.54
   249462.419888 13.587213  0.000617 66.754925   -141.84   -118.51      2.34
   249555.542892 13.587701  0.000552 61.129432   -158.70    -65.46     -3.65
   249648.665897 13.589364  0.000729 66.502811   -172.33    -26.99      0.27
   249741.788901 13.590656  0.000745 61.176089    169.85      9.35      6.41
   249834.911905 13.591196  0.000702 66.587280    157.23     41.48      9.93
   249928.034910 13.592177  0.000781 61.272725    138.51     87.37      1.56
   250021.157914 13.592882  0.000745 66.134211    126.74    126.34     -6.52
   250114.280919 13.593749  0.000732 61.969283    107.03    161.91     -9.09
   250207.403923 13.594083  0.000735 65.434416     96.44    179.97     -1.61
   250300.526928 13.595043  0.000700 62.595105     75.45   -158.65      7.67
   250393.649932 13.595981  0.000711 64.900999     65.97   -139.19      8.92
   250486.772936 13.596939  0.000786 63.333839     44.31   -102.88      0.16
   250579.895941 13.597038  0.000671 63.754559     35.10    -79.18     -5.26
   250673.018945 13.597304  0.000581 64.698286     13.48    -52.74     -7.35
   250766.141950 13.598741  0.000719 62.459956      3.95    -45.87      1.72
   250859.264954 13.600710  0.000829 65.747797    -16.98    -20.13     -1.26
   250952.387959 13.601561  0.000816 61.665148    -27.89     -1.94     -4.74
   251045.510963 13.601176  0.000746 66.388166    -46.69     14.73     -1.60
   251138.633967 13.601935  0.000686 60.983516    -60.46     22.46      6.97
   251231.756972 13.603151  0.000734 66.883281    -76.03     37.89      8.08
   251324.879976 13.603947  0.000783 60.994610    -93.10     64.77     -0.82
   251418.002981 13.603641  0.000621 66.157581   -105.46     81.33     -2.16
   251511.125985 13.603989  0.000539 62.363582   -125.51     97.42      1.40
   251604.248990 13.605993  0.000759 64.495580   -135.29    110.47      2.28
   251697.371994 13.607270  0.000773 64.141283   -157.10    141.91     -6.58
   251790.494998 13.607742  0.000724 62.813630   -166.38    158.88     -9.15
   251883.618003 13.608071  0.000730 65.750998    172.89    173.54     -0.49
   251976.741007 13.609444  0.000749 61.221428    160.94   -174.10      5.98
   252069.864012 13.610558  0.000782 66.889239    144.00   -151.63      6.15
   252162.987016 13.610913  0.000782 60.929080    127.59   -119.77     -1.45
   252256.110020 13.610579  0.000613 66.065890    115.16    -94.97     -2.84
   252349.233025 13.611051  0.000553 62.772679     94.73    -64.99     -3.30
   252442.356029 13.612800  0.000734 63.705233     85.29    -45.28      1.82
   252535.479034 13.614673  0.000822 65.211290     63.69     -9.82      1.35
   252628.602038 13.615534  0.000819 61.658125     53.14     18.32      2.49
   252721.725043 13.615434  0.000781 66.569445     34.94     59.02     -1.00
   252814.848047 13.615416  0.000632 61.060266     19.11    103.40     -6.98
   252907.971051 13.616430  0.000655 66.107402      6.72    144.50     -9.95
   253001.094056 13.617302  0.000718 62.818909    -14.04   -177.78     -0.70
   253094.217060 13.617747  0.000632 63.333110    -23.46   -142.60      6.85
   253187.340065 13.618097  0.000569 65.889930    -44.35    -85.03      1.92
   253280.463069 13.619752  0.000722 60.902935    -56.58    -33.85      1.79
   253373.586074 13.620847  0.000727 66.751539    -72.43     17.91      7.07
   253466.709078 13.620575  0.000587 61.895653    -90.89     81.44      5.20
   253559.832082 13.621982  0.000721 64.310322   -101.04    146.61      0.63
   253652.955087 13.622646  0.000661 65.034841   -122.67   -148.54      8.06
   253746.078091 13.622592  0.000543 61.516403   -133.37    -68.92     -2.98
   253839.201096 13.624354  0.000739 66.620095   -150.71      6.88     -0.93
   253932.324100 13.624319  0.000572 61.572856   -168.32     94.07     -5.51
   254025.447105 13.626868  0.000797 64.829529   -178.79    175.78     -5.35
   254118.570109 13.627107  0.000786 64.712135    159.63    -94.64     -0.44
   254211.693113 13.628454  0.000803 61.422654    148.74     -5.99      3.45
   254304.816118 13.627299  0.000558 66.854453    131.88     97.32      1.09
   254397.939122 13.629074  0.000733 61.619881    113.70   -151.88     -1.99
   254491.062127 13.630495  0.000774 64.200434    103.51    -40.23     -5.68
   254584.185131 13.630162  0.000638 65.607622     82.35     66.00      8.03
   254677.308135 13.631242  0.000717 60.843659     70.11   -163.64     -1.67
   254770.431140 13.632917  0.000789 66.514399     55.14    -31.46     -5.41
   254863.554144 13.632050  0.000579 62.924200     35.25     97.79      2.26
   254956.677149 13.633921  0.000766 62.571189     25.61   -121.46     -1.40
   255049.800153 13.634663  0.000718 66.610333      5.81     19.77      7.63
   255142.923158 13.636330  0.000816 61.184836     -9.58   -175.90     -3.41
   255236.046162 13.635812  0.000725 64.883366    -21.14    -22.04      0.77
   255329.169166 13.637768  0.000807 65.064627    -42.58    154.53     -4.35
   255422.292171 13.637303  0.000661 61.181333    -53.93    -29.62     -8.98
   255515.415175 13.638311  0.000752 66.324859    -69.39    141.45      1.75
   255608.538180 13.640076  0.000805 63.137881    -89.44    -21.74     -2.97
   255701.661184 13.640567  0.000777 62.371401    -99.10    173.64     -6.19
   255794.784189 13.640503  0.000734 66.584483   -117.91     14.53     -0.61
   255887.907193 13.640882  0.000620 61.731265   -135.24   -140.72      8.02
   255981.030197 13.641331  0.000583 63.853179   -145.37     75.85      7.38
   256074.153202 13.643055  0.000768 66.040332   -166.06    -46.75      1.67
   256167.276206 13.644568  0.000791 61.095096    179.30   -175.29      6.21
   256260.399211 13.644055  0.000645 65.038680    167.61     65.05      7.77
   256353.522215 13.645248  0.000753 65.225954    146.36    -31.69      1.95
   256446.645220 13.645329  0.000605 60.990140    133.69   -136.35      7.13
   256539.768224 13.646503  0.000664 65.823628    120.33    148.59     -8.46
   256632.891228 13.647671  0.000767 64.473273     99.25     66.05     -1.82
   256726.014233 13.649472  0.000823 61.136886     87.70    -10.62      1.90
   256819.137237 13.648021  0.000564 66.231968     73.08    -69.07     -1.75
   256912.260242 13.649865  0.000753 63.976013     52.33   -116.40     -2.26
   257005.383246 13.651202  0.000758 61.310049     41.31   -170.62      7.26
   257098.506250 13.651808  0.000756 66.388391     26.02    170.39     -6.22
   257191.629255 13.652153  0.000754 63.782949      5.53    143.65      2.11
   257284.752259 13.653313  0.000745 61.343359     -5.38    138.67     -7.58
   257377.875264 13.652996  0.000625 66.393300    -20.77    136.59     -7.37
   257470.998268 13.654474  0.000759 63.887688    -41.27    139.83      2.01
   257564.121273 13.656384  0.000825 61.257092    -52.41    160.79     -1.96
   257657.244277 13.656904  0.000816 66.198021    -67.32   -169.50     -1.92
   257750.367281 13.656581  0.000731 64.307511    -88.04   -124.44     -1.75
   257843.490286 13.656723  0.000600 61.086533    -99.79    -68.05     -7.89
   257936.613290 13.658694  0.000759 65.766156   -113.67     -7.56     -5.91
   258029.736295 13.659019  0.000751 64.988306   -134.60     67.42     -1.75
   258122.859299 13.660739  0.000802 60.990959   -147.54    155.08     -4.02
   258215.982304 13.660279  0.000675 64.976309   -160.00   -120.86      8.14
   258309.105308 13.661050  0.000728 65.810456    179.20      0.30      1.31
   258402.228312 13.661911  0.000678 61.276932    164.36    134.67    -10.75
   258495.351317 13.662413  0.000660 63.741649    153.37   -112.46      7.78
   258588.474321 13.663346  0.000727 66.480890    133.55     46.75     -1.09
   258681.597326 13.664724  0.000732 62.183803    116.27   -161.91      8.53
   258774.720330 13.665979  0.000812 62.278006    106.01     15.79     -0.71
   258867.843335 13.665609  0.000728 66.508737     88.41   -157.84     -0.18
   258960.966339 13.666316  0.000653 63.827437     68.77     32.37     10.56
   259054.089343 13.667103  0.000679 61.109822     57.55   -117.38      8.35
   259147.212348 13.668363  0.000785 65.444199     43.19    114.85      0.33
   259240.335352 13.670086  0.000834 65.755211     22.55     -4.17      0.74
   259333.458357 13.669668  0.000715 61.119881      8.27   -119.06      6.08
   259426.581361 13.670408  0.000751 63.320925     -3.08    147.74      2.18
   259519.704365 13.670023  0.000550 66.853875    -22.23     67.74      3.91
   259612.827370 13.672576  0.000789 62.881453    -40.43      9.76     -3.42
   259705.950374 13.672905  0.000775 61.200648    -51.44    -50.86      2.02
   259799.073379 13.672242  0.000541 65.991216    -66.59    -81.46     -5.58
   259892.196383 13.674058  0.000707 65.507208    -86.96   -113.99      5.99
   259985.319388 13.674728  0.000716 61.024802   -101.48   -114.34     -2.80
   260078.442392 13.674619  0.000558 63.245790   -112.71   -120.72      6.59
   260171.565396 13.675858  0.000648 66.744486   -131.08    -96.76      4.93
   260264.688401 13.677471  0.000782 63.545565   -150.27    -53.42      0.36
   260357.811405 13.679181  0.000829 61.064509   -162.12     -5.67      1.41
   260450.934410 13.678818  0.000726 64.811876   -175.33     53.14      7.33
   260544.057414 13.679672  0.000782 66.338030    164.59    144.48      1.58
   260637.180419 13.679177  0.000553 62.465729    147.50   -123.87      8.93
   260730.303423 13.681378  0.000756 61.472235    136.61      0.96     -5.54
   260823.426427 13.681977  0.000780 65.625871    121.26    125.39      0.23
   260916.549432 13.681291  0.000535 66.040276    101.04    -80.91     -4.44
   261009.672436 13.683081  0.000698 61.626037     85.54     70.68      6.07
   261102.795441 13.683942  0.000740 61.857892     74.42   -104.58     -2.42
   261195.918445 13.683456  0.000525 66.298952     58.11     92.35     -3.22
   261289.041450 13.684761  0.000629 65.522556     38.11    -54.45     -1.67
   261382.164454 13.686223  0.000733 61.309926     22.99    169.64      3.71
   261475.287458 13.686152  0.000588 62.294947     11.82     46.20     10.47
   261568.410463 13.687259  0.000666 66.190261     -4.59    -34.56     -4.93
   261661.533467 13.688192  0.000705 65.483013    -24.69   -113.41     -1.73
   261754.656472 13.690448  0.000824 61.683800    -39.88   -179.32      2.41
   261847.779476 13.689409  0.000638 61.887706    -51.02    140.78     -4.81
   261940.902480 13.690996  0.000780 65.772890    -67.03    111.77     -0.98
   262034.025485 13.690394  0.000544 66.179675    -86.97    114.00     -8.43
   262127.148489 13.691492  0.000630 62.039265   -103.10    114.20      1.67
   262220.271494 13.693418  0.000786 61.207557   -114.65    140.52      1.52
   262313.394498 13.694845  0.000817 65.245938   -129.18   -175.44      3.70
   262406.517503 13.694391  0.000719 66.538924   -148.63   -108.88      4.79
   262499.640507 13.695419  0.000762 63.142194   -166.54    -20.63      2.81
   262592.763511 13.694615  0.000507 61.029844   -178.87     81.63      1.42
   262685.886516 13.697434  0.000799 63.597376    168.47   -156.17     -0.86
   262779.009520 13.697630  0.000763 66.542666    150.21    -16.06      2.64
   262872.132525 13.698930  0.000768 65.160720    130.92    158.52     -8.99
   262965.255529 13.698483  0.000660 61.329571    116.36    -27.69     -3.47
   263058.378534 13.699921  0.000750 61.649566    104.61    163.23      3.23
   263151.501538 13.701114  0.000763 65.582100     89.28     17.84      8.02
   263244.624542 13.700953  0.000696 66.494451     69.93    -96.40      3.90
   263337.747547 13.702129  0.000757 63.355822     52.05    165.81      3.31
   263430.870551 13.701276  0.000495 61.044632     39.19     87.41     -0.40
   263523.993556 13.704097  0.000796 62.781311     26.89     26.05     -1.32
   263617.116560 13.704425  0.000771 66.105368      9.84    -15.81      2.77
   263710.239565 13.705649  0.000766 66.252535     -9.59    -20.49     -8.87
   263803.362569 13.705273  0.000680 62.624184    -26.24    -23.36     -3.22
   263896.485573 13.706622  0.000739 60.807812    -38.81     -8.88      3.88
   263989.608578 13.707345  0.000700 63.383518    -51.69     27.37     10.00
   264082.731582 13.707418  0.000664 66.291879    -68.91    101.41      2.36
   264175.854587 13.708550  0.000718 65.946135    -88.35   -170.04      3.76
   264268.977591 13.708767  0.000604 62.918806   -104.96    -44.98    -12.24
   264362.100595 13.710387  0.000755 60.802183   -117.58     66.74      4.08
   264455.223600 13.710331  0.000661 62.771556   -130.51   -139.84      1.42
   264548.346604 13.712051  0.000725 66.181429   -147.16     26.45      9.76
   264641.469609 13.712737  0.000779 66.331158   -166.29   -127.21      1.72
   264734.592613 13.713030  0.000706 63.568355    176.10     99.15     -4.28
   264827.715618 13.714689  0.000773 61.191188    162.52    -18.19     -7.52
   264920.838622 13.715046  0.000774 61.743955    150.26   -127.11      2.45
   265013.961626 13.715726  0.000780 64.835941    134.95    159.49      2.46
   265107.084631 13.715060  0.000550 66.883254    116.54    122.93    -10.21
   265200.207635 13.716921  0.000744 65.153669     97.91     83.75      2.95
   265293.330640 13.717135  0.000658 62.150846     82.10     86.85     -4.15
   265386.453644 13.717027  0.000508 61.040196     69.48    102.06     -2.99
   265479.576649 13.718632  0.000663 62.690872     56.38    140.66     -1.32
   265572.699653 13.719539  0.000696 65.637057     39.92   -157.56      3.72
   265665.822657 13.719714  0.000571 66.829992     21.25    -52.34    -10.30
   265758.945662 13.721732  0.000787 64.660239      3.14     51.67      0.56
   265852.068666 13.722187  0.000726 61.876477    -12.21   -175.99      5.97
   265945.191671 13.724044  0.000819 61.059814    -24.90     -6.13     -4.55
   266038.314675 13.723412  0.000713 62.623731    -38.21    177.21     -3.63
   266131.437680 13.724050  0.000693 65.466707    -54.51     20.50      4.45
   266224.560684 13.723817  0.000528 66.869087    -72.87   -104.08      5.54
   266317.683688 13.725489  0.000707 65.228296    -91.15    165.39     -2.49
   266410.806693 13.726085  0.000663 62.589113   -107.28     93.37     -4.91
   266503.929697 13.727846  0.000748 61.067180   -120.64     26.83      9.56
   266597.052702 13.728064  0.000743 61.594254   -133.56     13.20     -3.78
   266690.175706 13.728811  0.000729 64.178696   -148.57      4.47      5.36
   266783.298710 13.730018  0.000745 66.502676   -165.87     27.67      8.75
   266876.421715 13.730258  0.000749 66.361160    175.63     87.55      2.10
   266969.544719 13.731551  0.000782 64.571303    157.93    166.24      2.42
   267062.667724 13.730396  0.000515 62.220339    142.70    -90.51      1.73
   267155.790728 13.732804  0.000778 60.755649    129.35     40.53     -1.70
   267248.913733 13.733159  0.000718 61.780421    115.96   -172.71      5.83
   267342.036737 13.735143  0.000820 64.290193    101.05     11.07      3.04
   267435.159741 13.734938  0.000784 66.066445     83.92   -135.87     -0.81
   267528.282746 13.734971  0.000665 66.649953     65.55    106.13     -5.71
   267621.405750 13.737243  0.000819 65.390388     47.83      4.37     -1.35
   267714.528755 13.736762  0.000728 62.828927     31.70    -70.21      2.24
   267807.651759 13.736745  0.000600 61.188893     17.40   -112.17     -0.66
   267900.774764 13.738396  0.000692 61.161685      4.21   -142.84     10.85
   267993.897768 13.739395  0.000782 62.395270     -9.76   -123.26      0.33
   268087.020772 13.739378  0.000661 64.710275    -25.55    -78.36     -6.27
   268180.143777 13.741310  0.000780 66.503191    -42.77    -11.27     -7.37
   268273.266781 13.741463  0.000777 66.476814    -60.84     75.45      0.65
   268366.389786 13.742185  0.000731 65.446984    -78.58   -167.81      6.69
   268459.512790 13.743507  0.000773 63.498600    -94.79     -6.14     -5.86
   268552.635795 13.743114  0.000692 61.436454   -109.57    165.51     -0.67
   268645.758799 13.744571  0.000745 60.877171   -123.39      3.37      6.22
   268738.881803 13.744438  0.000622 61.691120   -137.02   -129.07     11.04
   268832.004808 13.745339  0.000698 63.128925   -151.80    143.34      0.91
   268925.127812 13.745515  0.000589 65.196112   -168.07     78.91     -2.26
   269018.250817 13.747777  0.000759 66.573161    174.72     30.43      7.26
   269111.373821 13.747843  0.000743 66.489480    156.91     30.33     -1.59
   269204.496825 13.747956  0.000622 65.748192    139.33     42.45      6.58
   269297.619830 13.748213  0.000538 64.139800    122.85     95.35      1.88
   269390.742834 13.749741  0.000698 62.151818    107.40    175.29     -0.48
   269483.865839 13.750247  0.000631 61.168716     92.90    -70.67     -7.82
   269576.988843 13.751476  0.000678 61.014935     79.08     46.67     10.04
   269670.111848 13.752320  0.000750 61.537791     64.86   -134.82     -2.49
   269763.234852 13.752055  0.000582 63.184649     49.81     55.29      4.18
   269856.357856 13.752615  0.000542 64.863257     33.97    -71.10     -2.67
   269949.480861 13.754253  0.000719 65.906346     17.11   -174.60     -0.86
   270042.603865 13.754984  0.000677 66.727786     -0.31    121.72     -7.89
   270135.726870 13.755261  0.000610 66.593582    -17.66     64.46      8.38
   270228.849874 13.756813  0.000767 65.452958    -34.84     64.48     -1.25
   270321.972879 13.756284  0.000548 64.358836    -51.41     87.02     -2.86
   270415.095883 13.757457  0.000609 62.906729    -67.03    143.14     -8.36
   270508.218887 13.758737  0.000719 61.494462    -82.13   -140.99     -2.10
   270601.341892 13.760502  0.000789 61.043872    -96.70    -26.53     -3.58
   270694.464896 13.759240  0.000553 60.995681   -110.92    116.63     -3.19
   270787.587901 13.761215  0.000759 61.325338   -125.50    -72.56      2.00
   270880.710905 13.762452  0.000768 62.532957   -140.54    143.10     -5.53
   270973.833910 13.763605  0.000818 63.788829   -155.96     15.68      1.42
   271066.956914 13.763417  0.000768 64.738129   -172.13    -71.54      1.34
   271160.079918 13.763137  0.000591 65.966775    171.22   -132.96      7.93
   271253.202923 13.765527  0.000797 66.564482    154.43   -152.28      4.05
   271346.325927 13.765280  0.000732 66.550056    137.33   -136.38     -1.66
   271439.448932 13.765017  0.000543 66.585953    120.29    -93.25     -2.23
   271532.571936 13.767102  0.000729 65.966602    103.58    -13.91     -7.14
   271625.694940 13.767819  0.000771 64.936384     86.96     88.01     -1.09
   271718.817945 13.767783  0.000619 64.238190     70.74   -142.96     10.41
   271811.940949 13.769823  0.000785 63.184526     55.02     35.86      4.29
   271905.063954 13.769801  0.000738 62.125787     39.41   -110.28     -2.87
   271998.186958 13.770458  0.000675 61.686693     24.15    136.57    -10.19
   272091.309963 13.772020  0.000788 61.116749      9.23     35.23      3.48
   272184.432967 13.771848  0.000711 60.731356     -5.83    -16.86      2.37
   272277.555971 13.773524  0.000772 61.000762    -20.83    -28.48     -5.66
   272370.678976 13.773637  0.000710 61.187352    -35.74    -12.57     -7.86
   272463.801980 13.773805  0.000696 61.412304    -51.02     29.73     -1.43
   272556.924985 13.774325  0.000612 62.213490    -66.41    121.27    -10.10
   272650.047989 13.776091  0.000757 62.754099    -81.83   -137.84      5.66
   272743.170994 13.775936  0.000693 63.219805    -97.65     20.04     -0.01
   272836.293998 13.777382  0.000727 64.114762   -113.54   -162.28      8.92
   272929.417002 13.777681  0.000687 64.612900   -129.44     60.66      6.84
   273022.540007 13.778567  0.000752 64.967382   -145.65    -37.73      1.97
   273115.663011 13.778024  0.000526 65.683170   -161.87   -106.29      2.04
   273208.786016 13.780580  0.000776 65.958929   -178.03   -142.57      4.41
   273301.909020 13.780405  0.000712 66.079656    165.57   -134.66     -1.10
   273395.032025 13.780019  0.000503 66.573517    149.25    -99.82      1.48
   273488.155029 13.781982  0.000692 66.570676    133.03    -19.76     -6.11
   273581.278033 13.782808  0.000735 66.529258    116.63     85.59     -2.30
   273674.401038 13.783199  0.000632 66.831383    100.37   -142.88     10.60
   273767.524042 13.784731  0.000766 66.673511     84.22     43.58      4.14
   273860.647047 13.785007  0.000739 66.518943     67.92    -93.04     -2.19
   273953.770051 13.786830  0.000805 66.741543     51.75    162.99     -5.47
   274046.893055 13.786030  0.000665 66.501944     35.69     81.19      5.03
   274140.016060 13.786750  0.000686 66.342356     19.48     53.16     -0.72
   274233.139064 13.787286  0.000605 66.543981      3.43     42.72     11.88
   274326.262069 13.788221  0.000671 66.280103    -12.54     89.06      4.24
   274419.385073 13.789484  0.000751 66.172813    -28.65    167.01      2.82
   274512.508078 13.788938  0.000530 66.388373    -44.60    -70.51     -6.76
   274605.631082 13.790762  0.000714 66.173440    -60.48     67.77      4.81
   274698.754086 13.791329  0.000714 66.102088    -76.52    -96.11     -3.21
   274791.877091 13.791855  0.000627 66.381955    -92.39    137.70    -12.17
   274885.000095 13.793504  0.000793 66.186569   -108.20     28.36     -0.58
   274978.123100 13.794142  0.000782 66.204115   -124.17    -32.16      0.85
   275071.246104 13.794013  0.000627 66.503265   -139.94    -42.04    -11.33
   275164.369109 13.794691  0.000668 66.345161   -155.67    -34.90     -2.58
   275257.492113 13.795639  0.000706 66.391319   -171.53     13.85      3.50
   275350.615117 13.795526  0.000543 66.703953    172.79    118.73     -9.02
   275443.738122 13.797542  0.000756 66.544331    157.16   -123.05      3.39
   275536.861126 13.797454  0.000662 66.571156    141.39     50.17      0.23
   275629.984131 13.797339  0.000499 66.845359    125.81   -108.47      6.77
   275723.107135 13.799005  0.000678 66.594706    110.27    147.73     -2.74
   275816.230140 13.799655  0.000664 66.553904     94.60     73.41     -1.98
   275909.353144 13.801264  0.000724 66.679749     79.11     26.29      9.79
   276002.476148 13.802063  0.000782 66.284421     63.64     39.29      0.69
   276095.599153 13.802055  0.000698 66.038839     48.00     87.69     -3.65
   276188.722157 13.804241  0.000815 65.967720     32.49    170.87     -4.07
   276281.845162 13.803254  0.000663 65.334037     16.95    -73.57      2.73
   276374.968166 13.804287  0.000702 64.867241      1.16     96.47     -4.28
   276468.091170 13.804186  0.000548 64.550018    -14.53    -54.99    -10.74
   276561.214175 13.805826  0.000715 63.699772    -30.35   -179.65     -3.81
   276654.337179 13.806591  0.000712 63.096139    -46.48    104.59     -4.80
   276747.460184 13.806549  0.000575 62.672006    -62.59     51.99     10.60
   276840.583188 13.808316  0.000753 61.837214    -78.89     63.36      2.69
   276933.706193 13.808989  0.000739 61.360443    -95.56    115.18     -4.26
   277026.829197 13.810762  0.000809 61.195648   -112.17   -168.32      4.02
   277119.952201 13.809690  0.000662 60.743290   -128.95    -38.44      0.06
   277213.075206 13.811427  0.000767 60.871467   -145.97    133.44     -4.27
   277306.198210 13.812257  0.000742 61.305700   -162.71    -14.84     -8.33
   277399.321215 13.812702  0.000770 61.567178   -179.45   -132.67     -1.32
   277492.444219 13.813754  0.000782 62.428062    163.89    156.12      0.77
   277585.567224 13.813140  0.000595 63.471373    147.73    139.01    -10.87
   277678.690228 13.814072  0.000685 64.172438    131.79    140.56      0.61
   277771.813232 13.815308  0.000724 65.237120    116.10   -170.27      6.52
   277864.936237 13.814718  0.000521 66.150487    100.93    -60.91     -7.09
   277958.059241 13.816854  0.000769 66.377812     85.93     69.51      0.61
   278051.182246 13.816462  0.000592 66.681282     71.00   -108.72     -0.57
   278144.305250 13.816948  0.000537 66.545108     56.26    119.33     -6.73
   278237.428255 13.818806  0.000742 65.615930     41.28     19.91     -2.46
   278330.551259 13.820149  0.000783 64.729277     25.86    -32.89     -1.59
   278423.674263 13.819945  0.000639 63.686640     10.17    -32.72    -11.66
   278516.797268 13.820584  0.000689 62.221001     -6.18     -8.55     -2.15
   278609.920272 13.820571  0.000570 61.411231    -23.21     66.72      0.09
   278703.043277 13.823630  0.000815 60.997185    -40.40   -171.99     -1.33
   278796.166281 13.822714  0.000686 60.812287    -57.90     -9.04     -0.50
   278889.289285 13.824051  0.000724 61.692902    -75.28   -169.74      7.40
   278982.412290 13.823443  0.000549 62.924177    -91.94     81.87      5.19
   279075.535294 13.825028  0.000718 64.085420   -108.08     22.05     -1.81
   279168.658299 13.826709  0.000794 65.600820   -123.52     -6.45      3.27
   279261.781303 13.827786  0.000820 66.550083   -138.16     14.06      1.89
   279354.904308 13.827513  0.000773 66.491453   -152.63     79.33      0.25
   279448.027312 13.828682  0.000774 66.142022   -167.21   -177.94      5.47
   279541.150316 13.829194  0.000733 64.965788    177.92    -12.78     -8.15
   279634.273321 13.829115  0.000695 63.134985    162.10    177.18     -1.00
   279727.396325 13.829175  0.000571 61.863771    145.26     54.25      4.36
   279820.519330 13.831555  0.000758 61.030006    127.85     -7.58     -7.04
   279913.642334 13.831414  0.000712 60.835457    109.92    -44.76      2.60
   280006.765339 13.833310  0.000799 62.072252     92.31    -22.55     -2.44
   280099.888343 13.833839  0.000782 63.695097     75.80     30.88      4.78
   280193.011347 13.833697  0.000741 65.171457     60.22    139.70      1.89
   280286.134352 13.833906  0.000623 66.553898     45.63    -58.09     -9.87
   280379.257356 13.834351  0.000593 66.646463     31.64    133.53     -6.67
   280472.380361 13.835551  0.000707 65.437520     17.22      8.93     -0.77
   280565.503365 13.836381  0.000665 63.906036      1.87    -55.84     -8.48
   280658.626370 13.836218  0.000551 62.092925    -14.63    -97.47      6.50
   280751.749374 13.838179  0.000762 60.769988    -32.50    -71.50      1.48
   280844.872378 13.839892  0.000815 61.219395    -50.75     -5.58      2.74
   280937.995383 13.838326  0.000561 62.575397    -68.18    108.41      0.87
   281031.118387 13.840245  0.000753 64.413135    -84.45    -90.57     -1.76
   281124.241392 13.840127  0.000598 66.310283    -99.18    121.21    -10.03
   281217.364396 13.842226  0.000777 66.675026   -112.96      3.88     -3.75
   281310.487400 13.842367  0.000763 65.462561   -127.12    -64.25      0.99
   281403.610405 13.842069  0.000575 63.701869   -142.44    -70.74     -8.54
   281496.733409 13.842876  0.000597 61.680022   -159.32    -40.79     -7.15
   281589.856414 13.843942  0.000680 60.686399   -177.72     33.84     -1.49
   281682.979418 13.846189  0.000805 61.853175    163.98    163.80     -4.35
   281776.102423 13.845425  0.000666 63.806786    147.18    -21.31     -6.36
   281869.225427 13.846151  0.000699 65.743314    132.04   -169.31      1.64
   281962.348431 13.846020  0.000535 66.785028    118.28    104.94     -6.28
   282055.471436 13.848183  0.000738 65.666244    104.55     45.95      6.25
   282148.594440 13.848365  0.000714 63.258895     89.17     57.83     -2.45
   282241.717445 13.848387  0.000565 61.480347     71.78    118.38    -10.79
   282334.840449 13.850844  0.000800 60.907036     53.23   -151.92      0.18
   282427.963454 13.850564  0.000715 62.351757     34.97     -6.07      3.79
   282521.086458 13.852455  0.000791 65.076305     18.92   -172.02      5.44
   282614.209462 13.851902  0.000693 66.512712      4.95     70.44      5.55
   282707.332467 13.852568  0.000706 66.019062     -8.59      5.57      2.08
   282800.455471 13.854674  0.000804 64.087147    -23.27    -10.16     -1.56
   282893.578476 13.854927  0.000782 61.556286    -40.24     20.85     -1.96
   282986.701480 13.855063  0.000746 60.770538    -59.21    103.45     -2.73
   283079.824485 13.855187  0.000613 62.683675    -77.49   -142.11     12.69
   283172.947489 13.856786  0.000778 65.103802    -93.34     45.43      2.34
   283266.070493 13.856917  0.000719 66.533675   -107.16    -82.94     -3.29
   283359.193498 13.858889  0.000808 65.843655   -120.52   -175.14      3.46
   283452.316502 13.858103  0.000671 63.022253   -135.75    158.92     -5.46
   283545.439507 13.859217  0.000724 60.894845   -153.95    167.47      3.64
   283638.562511 13.859076  0.000573 61.582700   -173.01   -132.59     11.24
   283731.685515 13.860504  0.000722 63.935249    169.80     -0.70     -4.59
   283824.808520 13.861625  0.000776 66.249899    155.30    157.77      2.02
   283917.931524 13.863154  0.000804 66.399906    142.28      8.65      4.82
   284011.054529 13.862252  0.000670 63.679844    127.81    -86.01      4.34
   284104.177533 13.862635  0.000629 61.142790    110.04   -121.93     -1.45
   284197.300538 13.863126  0.000553 61.383783     90.78   -124.13     10.01
   284290.423542 13.864185  0.000656 63.748907     73.23    -56.06      0.75
   284383.546546 13.864801  0.000643 66.269037     58.77     52.43      0.46
   284476.669551 13.866782  0.000748 66.296600     45.91   -159.31      9.66
   284569.792555 13.867177  0.000762 63.301944     31.23     57.30      2.76
   284662.915560 13.868225  0.000789 60.930862     12.91    -35.69     -0.15
   284756.038564 13.866756  0.000481 61.824586     -6.40    -77.13     -3.30
   284849.161569 13.868770  0.000708 64.589262    -23.19    -77.76      2.60
   284942.284573 13.870189  0.000775 66.592263    -36.77    -21.16      1.29
   285035.407577 13.868966  0.000493 65.393287    -49.79     83.46      2.58
   285128.530582 13.871286  0.000754 61.968795    -65.92   -116.89      2.81
   285221.653586 13.871526  0.000684 60.853324    -85.45    106.77     -5.96
   285314.776591 13.873767  0.000824 63.372554   -103.89      5.91      0.25
   285407.899595 13.872722  0.000689 66.058450   -118.57    -38.62      0.08
   285501.022600 13.874479  0.000784 66.090607   -131.31    -30.61     -1.00
   285594.145604 13.875327  0.000761 63.173587   -146.07     21.26      6.92
   285687.268608 13.874774  0.000666 60.710192   -164.90    143.25      0.48
   285780.391613 13.876378  0.000757 62.495922    175.67    -42.61     -4.55
   285873.514617 13.877668  0.000790 65.939544    160.33    175.96     -4.84
   285966.637622 13.877428  0.000753 66.218562    147.77     78.71      2.26
   286059.760626 13.877224  0.000605 63.349076    133.30     41.02      4.53
   286152.883630 13.878035  0.000592 60.988926    114.69     53.79     11.50
   286246.006635 13.879059  0.000694 62.301909     95.15    137.65      1.91
   286339.129639 13.879165  0.000576 65.908312     79.67    -91.27     -4.06
   286432.252644 13.879703  0.000540 66.358506     67.35     73.12      7.43
   286525.375648 13.881197  0.000689 62.836140     52.68    -49.47      1.55
   286618.498653 13.881160  0.000565 60.841786     33.33   -121.14      2.12
   286711.621657 13.883405  0.000738 63.199157     14.30   -146.13      8.91
   286804.744661 13.883759  0.000768 66.173785     -0.19   -104.09      0.18
   286897.867666 13.885190  0.000804 65.650969    -12.65    -17.51      0.03
   286990.990670 13.884065  0.000557 62.077533    -28.52    133.47     -8.84
   287084.113675 13.885414  0.000699 60.960165    -48.64    -37.56      2.36
   287177.236679 13.886013  0.000647 64.556247    -66.48   -151.21      9.15
   287270.359684 13.887587  0.000747 66.731546    -79.28    168.96     -7.23
   287363.482688 13.887369  0.000690 63.938183    -92.53    161.28     -0.11
   287456.605692 13.887883  0.000614 60.989504   -111.00   -149.53      8.71
   287549.728697 13.889091  0.000685 62.589356   -130.78    -17.99     -9.56
   287642.851701 13.889782  0.000740 65.997442   -145.85    136.28      1.99
   287735.974706 13.891491  0.000793 65.755385   -158.03     -5.74      3.26
   287829.097710 13.890110  0.000542 61.906980   -173.97    -91.20      5.08
   287922.220715 13.891991  0.000741 61.180027    165.58   -107.93     -2.37
   288015.343719 13.891656  0.000561 65.217200    148.45    -73.68     -7.64
   288108.466723 13.894176  0.000790 66.494541    136.32      3.03     -3.50
   288201.589728 13.893912  0.000725 62.730504    121.96    135.93      2.45
   288294.712732 13.895832  0.000800 60.986974    101.99    -20.12     -2.80
   288387.835737 13.895808  0.000748 64.227780     83.57   -136.50      6.63
   288480.958741 13.895817  0.000711 66.468556     70.69    175.08      1.45
   288574.081745 13.897791  0.000792 63.727300     57.34    176.17      3.17
   288667.204750 13.897489  0.000694 60.838906     38.14   -124.92      7.01
   288760.327754 13.897814  0.000691 63.545844     18.74      0.62      1.75
   288853.450759 13.899988  0.000811 66.748346      5.57    173.78      1.10
   288946.573763 13.900067  0.000753 63.955014     -7.22     37.81      5.66
   289039.696768 13.900210  0.000726 60.669722    -26.46    -29.03      3.23
   289132.819772 13.901410  0.000733 63.768570    -45.97    -28.04    -10.05
   289225.942776 13.902157  0.000773 66.630405    -58.98      5.90     -3.95
   289319.065781 13.902513  0.000759 63.597147    -72.04    101.65     -1.47
   289412.188785 13.901537  0.000489 60.945834    -91.51   -102.30      2.12
   289505.311790 13.902843  0.000603 64.001914   -110.57    116.61     -0.24
   289598.434794 13.903984  0.000691 66.462094   -123.26     26.30      0.79
   289691.557799 13.906278  0.000813 63.244511   -136.84     -5.34      1.13
   289784.680803 13.906552  0.000793 60.917279   -156.94     26.98     -0.46
   289877.803807 13.906710  0.000763 64.730371   -175.21    117.12     -2.30
   289970.926812 13.905685  0.000490 66.452504    172.95   -109.24      5.71
   290064.049816 13.907172  0.000625 62.088250    158.06     93.71      4.41
   290157.172821 13.908374  0.000702 61.426339    136.99     -0.92      4.25
   290250.295825 13.909571  0.000718 66.045091    120.87    -27.08     -9.95
   290343.418830 13.909675  0.000688 65.347038    109.39    -15.98     -5.95
   290436.541834 13.910010  0.000657 60.992359     91.90     59.31     -2.67
   290529.664838 13.912398  0.000798 63.061471     71.31   -170.16      5.89
   290622.787843 13.912452  0.000779 66.535131     57.81     29.54     -0.73
   290715.910847 13.912726  0.000734 63.506085     45.02    -74.81     -3.86
   290809.033852 13.912639  0.000581 61.039127     24.97   -134.68     12.01
   290902.156856 13.914144  0.000736 64.860912      6.74   -111.67      3.10
   290995.279860 13.915050  0.000764 65.978010     -4.92    -38.69     -0.02
   291088.402865 13.913885  0.000476 61.695271    -20.79     95.47     -2.61
   291181.525869 13.915562  0.000658 62.264799    -41.85    -75.87      3.63
   291274.648874 13.916935  0.000740 66.458048    -56.19    174.48      4.05
   291367.771878 13.916945  0.000605 63.957460    -68.41    140.27    -13.10
   291460.894883 13.917485  0.000639 60.782023    -88.47    141.42     -0.15
   291554.017887 13.918286  0.000648 65.100181   -106.79   -150.44      5.40
   291647.140891 13.920460  0.000777 65.964541   -118.05    -10.72     -5.77
   291740.263896 13.920043  0.000698 61.090535   -134.79   -179.53     -4.22
   291833.386900 13.920135  0.000612 63.070948   -155.81     75.62     -2.47
   291926.509905 13.922490  0.000779 66.767769   -168.62     17.16      7.14
   292019.632909 13.922582  0.000768 62.525884    177.88     37.97     -1.09
   292112.755914 13.923022  0.000716 61.512510    156.47    123.23     -6.78
   292205.878918 13.922548  0.000545 66.374740    140.90   -118.88     10.93
   292299.001922 13.924353  0.000734 64.154351    129.30     83.90      2.68
   292392.124927 13.925666  0.000775 60.837588    109.34    -14.58      3.02
   292485.247931 13.925029  0.000601 65.322062     91.06    -39.36    -10.95
   292578.370936 13.925867  0.000674 65.423264     79.94    -30.93     -1.03
   292671.493940 13.926072  0.000578 60.922400     62.10     50.57      2.30
   292764.616945 13.928843  0.000804 64.136072     41.92   -163.75      4.02
   292857.739949 13.928579  0.000761 66.134441     30.24     45.44     -1.25
   292950.862953 13.929678  0.000762 61.456195     14.41    -41.51     -5.35
   293043.985958 13.928428  0.000509 63.116842     -6.76    -69.89     -3.02
   293137.108962 13.930139  0.000702 66.422440    -19.44    -43.17      1.11
   293230.231967 13.930184  0.000576 62.078683    -33.70     48.22      4.14
   293323.354971 13.932615  0.000768 62.408859    -55.20   -152.88      6.35
   293416.477975 13.932631  0.000757 66.454897    -68.88     72.08      0.17
   293509.600980 13.933931  0.000782 62.599036    -82.16     -9.85      3.49
   293602.723984 13.934318  0.000736 61.980410   -103.66     -8.94     -8.35
   293695.846989 13.934346  0.000724 66.395745   -118.11     32.31     -1.92
   293788.969993 13.935901  0.000765 62.939824   -130.82    145.82     -5.79
   293882.092998 13.935255  0.000603 61.769886   -152.26    -33.06     -8.89
   293975.216002 13.936284  0.000706 66.363114   -167.07   -163.37     -1.27
   294068.339006 13.937769  0.000741 63.018529   -179.57    140.65     -6.10
   294161.462011 13.937465  0.000622 61.770307    158.96    152.42     -9.77
   294254.585015 13.938377  0.000715 66.375782    144.22   -148.11     -1.55
   294347.708020 13.940391  0.000801 62.880020    131.57    -18.60     -1.04
   294440.831024 13.940710  0.000773 61.930058    109.97   -175.48     -4.87
   294533.954029 13.940687  0.000744 66.433282     95.73     79.97     -1.43
   294627.077033 13.940833  0.000624 62.510127     82.59     30.45     10.12
   294720.200037 13.941718  0.000653 62.333905     60.85     64.09      8.05
   294813.323042 13.942476  0.000715 66.443801     47.53    161.05      1.85
   294906.446046 13.943986  0.000741 61.946247     33.39    -34.27     -7.28
   294999.569051 13.944738  0.000774 63.025159     11.74   -172.84     -4.05
   295092.692055 13.944890  0.000761 66.252273     -0.46    106.87     -0.17
   295185.815060 13.944139  0.000513 61.365784    -16.21    104.81     -7.67
   295278.938064 13.945818  0.000667 63.986515    -37.19    162.37     -6.79
   295372.061068 13.946863  0.000744 65.701559    -48.36    -85.38     -1.54
   295465.184073 13.946248  0.000522 60.954784    -66.25    108.26     -8.42
   295558.307077 13.948364  0.000727 65.158333    -85.62     -2.07     -5.53
   295651.430082 13.948985  0.000758 64.619836    -96.40    -55.70      0.94
   295744.553086 13.950340  0.000766 61.087926   -116.65    -22.91     -7.49
   295837.676090 13.950390  0.000737 66.180704   -133.39     50.93      5.65
   295930.799095 13.950282  0.000666 63.086659   -145.12   -154.06      0.78
   296023.922099 13.950257  0.000502 62.063190   -167.00     60.24      8.86
   296117.045104 13.952311  0.000721 66.565625    179.47     -3.78     -4.90
   296210.168108 13.952956  0.000730 61.497895    165.09    -22.32      3.17
   296303.291113 13.953512  0.000666 63.838284    143.47     29.22     11.78
   296396.414117 13.954074  0.000687 65.819411    132.49    166.02     -6.13
   296489.537121 13.954918  0.000715 60.683052    114.13    -13.24      4.09
   296582.660126 13.954322  0.000513 65.808620     95.39   -123.34     11.27
   296675.783130 13.956802  0.000779 63.834582     84.59   -153.07     -0.84
   296768.906135 13.956232  0.000621 61.502204     62.84   -118.96     -1.84
   296862.029139 13.958328  0.000753 66.759186     48.72    -18.45     -8.45
   296955.152144 13.957599  0.000618 61.560770     34.75    134.92     -1.16
   297048.275148 13.958849  0.000699 63.829078     12.96      2.97      4.61
   297141.398152 13.958870  0.000574 65.685475      2.24    -47.55    -12.14
   297234.521157 13.959524  0.000615 60.751325    -16.96    -55.34      1.31
   297327.644161 13.960735  0.000692 66.127964    -34.46     13.35      5.18
   297420.767166 13.962445  0.000749 62.962964    -46.13    162.83     -8.94
   297513.890170 13.962175  0.000708 62.540719    -68.36      7.84     -3.65
   297607.013175 13.962663  0.000673 66.182836    -80.35    -79.55     -4.69
   297700.136179 13.962311  0.000497 60.976004    -97.56   -110.24      8.12
   297793.259183 13.963861  0.000668 65.540639   -116.68    -51.56      1.04
   297886.382188 13.964274  0.000620 63.445552   -127.69     65.41     -1.26
   297979.505192 13.964525  0.000519 62.285704   -149.74   -116.11      9.87
   298072.628197 13.965840  0.000667 66.295281   -162.31    146.32     -0.96
   298165.751201 13.966955  0.000690 60.876098   -178.98    115.80     -7.14
   298258.874205 13.967568  0.000659 65.665385    161.52    153.36    -11.81
   298351.997210 13.968633  0.000759 63.407841    150.73   -122.90      0.39
   298445.120214 13.968233  0.000588 62.241070    128.41     45.64      4.85
   298538.243219 13.968336  0.000497 66.462016    116.22    -70.50     -4.96
   298631.366223 13.970654  0.000751 60.682759     99.05   -127.54     -1.18
   298724.489228 13.970019  0.000568 65.907414     80.11   -111.93      0.63
   298817.612232 13.972012  0.000694 63.031989     68.92    -19.55    -11.25
   298910.735236 13.972178  0.000707 62.796416     46.47    124.72      2.46
   299003.858241 13.973900  0.000790 65.841797     35.19    -14.20      1.33
   299096.981245 13.972327  0.000495 60.959212     16.15    -79.09      0.16
   299190.104250 13.974440  0.000736 66.301937     -0.47    -77.88      1.40
   299283.227254 13.975834  0.000765 61.764655    -13.63     -9.97      3.48
   299376.350259 13.975282  0.000624 64.492373    -35.23    148.83    -10.43
   299469.473263 13.975990  0.000681 64.323023    -45.58    -13.40     -0.50
   299562.596267 13.976000  0.000542 61.785928    -67.37    -80.32     -7.78
   299655.719272 13.976716  0.000550 66.526727    -80.28   -107.01      7.92
   299748.842276 13.978251  0.000700 60.653426    -97.27    -39.09      2.79
   299841.965281 13.978086  0.000550 66.183743   -115.86    105.82     -7.83
   299935.088285 13.978683  0.000532 62.355413   -127.61    -57.73     -4.85
   300028.211290 13.980177  0.000698 63.775905   -149.92   -142.64     -1.93
   300121.334294 13.981498  0.000724 64.809234   -160.31   -171.53      7.44
   300214.457298 13.981249  0.000616 61.701431    178.29   -114.70      8.78
   300307.580303 13.982112  0.000699 66.235022    165.20     19.11     -0.88
   300400.703307 13.982868  0.000642 60.888922    147.78   -155.21     11.47
   300493.826312 13.982865  0.000580 66.352030    130.11    130.33     -5.32
   300586.949316 13.984690  0.000751 61.579430    117.29    102.57     -0.06
   300680.072320 13.986104  0.000776 64.878426     95.65    161.69     -4.46
   300773.195325 13.984809  0.000560 63.768777     85.42    -88.89      3.98
   300866.318329 13.986672  0.000754 62.536610     62.85    114.00     -0.18
   300959.441334 13.987823  0.000748 65.720750     51.74      8.51      7.57
   301052.564338 13.988238  0.000734 61.166611     31.58      2.16     -6.31
   301145.687343 13.988060  0.000687 66.393511     17.20     45.39     -0.99
   301238.810347 13.990460  0.000802 60.943901      0.71    168.23     -2.20
   301331.933351 13.990169  0.000750 66.268847    -17.39      4.87     -4.33
   301425.056356 13.990432  0.000716 61.467531    -30.32    -92.72     -2.73
   301518.179360 13.989975  0.000522 65.271350    -51.60   -123.28      9.52
   301611.302365 13.990855  0.000570 63.063683    -62.11    -67.99      0.72
   301704.425369 13.992032  0.000666 63.442591    -84.84     63.20     -2.20
   301797.548374 13.991688  0.000479 64.772677    -95.13   -113.47      6.36
   301890.671378 13.993555  0.000674 62.053312   -117.04    171.11     -5.82
   301983.794382 13.994759  0.000763 65.720875   -128.84    143.51      0.93
   302076.917387 13.996086  0.000767 61.288620   -148.81   -165.78      7.38
   302170.040391 13.995319  0.000652 66.422292   -162.80    -28.42     -3.89
   302263.163396 13.996594  0.000717 60.684600    179.73    166.13      4.00
   302356.286400 13.995587  0.000468 66.696423    163.01     82.13      2.66
   302449.409405 13.997826  0.000712 60.919072    148.37     65.94      5.45
   302542.532409 13.998898  0.000771 66.052798    129.00    137.04     -1.46
   302635.655413 13.997435  0.000444 61.735638    116.48    -93.65      1.64
   302728.778418 13.999259  0.000659 65.323134     95.45    118.58      1.52
   302821.901422 13.999706  0.000622 62.312366     84.22     37.30      2.71
   302915.024427 14.001363  0.000696 64.749467     62.11     29.87     10.79
   303008.147431 14.001317  0.000654 63.142480     51.81    103.93      3.53
   303101.270435 14.001769  0.000618 63.741090     29.03    -98.93     -3.36
   303194.393440 14.001943  0.000519 64.170553     18.92    123.93    -11.14
   303287.516444 14.004146  0.000763 62.922529     -3.64     51.32     -0.29
   303380.639449 14.003577  0.000604 64.627785    -14.18     54.86      1.25
   303473.762453 14.004965  0.000650 62.592438    -36.30    155.02    -12.03
   303566.885458 14.005378  0.000679 65.059142    -47.21    -64.82      2.07
   303660.008462 14.007005  0.000759 62.004025    -68.99    170.34      4.00
   303753.131466 14.006041  0.000540 65.704325    -80.37    129.01    -10.55
   303846.254471 14.007195  0.000656 61.539130   -101.44    143.95      0.74
   303939.377475 14.007507  0.000587 65.805030   -113.59   -120.67      1.04
   304032.500480 14.008853  0.000640 61.585272   -134.05     43.78     12.47
   304125.623484 14.009404  0.000697 65.834024   -146.59    -59.47      2.01
   304218.746489 14.009397  0.000563 61.371332   -166.89    -83.30     -6.64
   304311.869493 14.010197  0.000566 66.190834   -179.59    -42.38    -10.47
   304404.992497 14.011901  0.000742 61.120200    160.42     66.78     -1.24
   304498.115502 14.011333  0.000558 66.125254    147.39   -103.38     -1.46
   304591.238506 14.013632  0.000731 61.374178    127.58    172.32     -7.68
   304684.361511 14.013305  0.000689 65.907087    114.64    144.82      1.16
   304777.484515 14.014235  0.000663 61.401045     94.45   -161.16      9.86
   304870.607520 14.015557  0.000733 66.071254     81.91     -9.82     -8.52
   304963.730524 14.015293  0.000676 61.315326     61.43   -161.47     -1.40
   305056.853528 14.016292  0.000676 65.864822     49.11    132.40     -8.94
   305149.976533 14.016087  0.000566 61.757847     28.35    138.96     -7.48
   305243.099537 14.017427  0.000703 65.366940     16.54   -147.75     -1.54
   305336.222542 14.018945  0.000737 62.125313     -4.97      6.14      7.29
   305429.345546 14.018579  0.000630 65.216985    -16.01   -125.30     10.48
   305522.468550 14.019209  0.000674 62.341023    -38.12   -156.78     -0.89
   305615.591555 14.019483  0.000573 64.706616    -48.79   -141.97     10.52
   305708.714559 14.020870  0.000685 63.124875    -71.16    -12.47     -8.09
   305801.837564 14.021373  0.000703 63.783746    -81.52    157.81      2.36
   305894.960568 14.021047  0.000507 63.968100   -104.25     59.21      7.42
   305988.083573 14.023461  0.000743 63.189373   -114.39     36.51      4.94
   306081.206577 14.023761  0.000744 64.516733   -136.97    104.46     -1.15
   306174.329581 14.023220  0.000542 62.418538   -147.75   -135.53      9.96
   306267.452586 14.024142  0.000601 65.475481   -169.31     84.26      6.11
   306360.575590 14.025016  0.000656 61.369165    178.65     17.93      0.62
   306453.698595 14.026599  0.000705 66.308822    158.48     19.18     10.85
   306546.821599 14.025879  0.000570 60.925327    144.77    113.97      0.89
   306639.944604 14.027575  0.000734 66.408907    126.65    -75.65     -2.51
   306733.067608 14.029401  0.000786 60.909324    110.40    168.34     -2.95
   306826.190612 14.028012  0.000597 66.420731     95.12    129.12     -2.65
   306919.313617 14.029474  0.000711 61.044944     76.04    165.54      4.06
   307012.436621 14.028925  0.000510 65.923470     63.31    -63.09    -10.38
   307105.559626 14.029917  0.000600 62.086837     42.10    128.60     -0.76
   307198.682630 14.030840  0.000647 64.440442     31.14     41.11      0.66
   307291.805635 14.032199  0.000671 63.749691      8.60     29.76     12.30
   307384.928639 14.032082  0.000615 62.941821     -1.63    110.40      2.55
   307478.051643 14.033170  0.000675 65.064314    -23.98    -83.64     -4.19
   307571.174648 14.034467  0.000701 61.707653    -35.56    153.29    -10.70
   307664.297652 14.034302  0.000663 66.191392    -55.51     94.68      3.49
   307757.420657 14.035898  0.000760 60.709873    -70.35    131.70     -1.16
   307850.543661 14.035061  0.000539 66.675742    -86.67   -129.97     12.82
   307943.666665 14.036863  0.000734 61.028257   -105.25     73.22      3.37
   308036.789670 14.037763  0.000752 65.533616   -117.99    -16.27      3.00
   308129.912674 14.038819  0.000748 62.769937   -139.65    -10.55     -7.25
   308223.035679 14.038990  0.000749 63.642401   -150.06     49.43      0.73
   308316.158683 14.038952  0.000650 64.646699   -172.73   -158.68      6.05
   308409.281688 14.038594  0.000487 61.917295    176.16     66.45      9.61
   308502.404692 14.040802  0.000750 66.118223    155.90     33.46     -1.74
   308595.527696 14.040209  0.000557 60.751575    140.88     66.20     -1.42
   308688.650701 14.043233  0.000809 66.554501    125.21   -179.33     -2.59
   308781.773705 14.042417  0.000694 61.370770    105.58     18.08     -2.87
   308874.896710 14.043024  0.000666 64.857844     93.93    -64.83     -7.24
   308968.019714 14.042561  0.000499 63.825425     71.57    -67.27     -4.60
   309061.142719 14.044249  0.000684 62.305382     61.04      4.80     -3.17
   309154.265723 14.046021  0.000784 65.942097     39.62    163.38      0.78
   309247.388727 14.046300  0.000710 60.957810     25.88     32.32      9.44
   309340.511732 14.046199  0.000697 66.319473      9.30      4.89     -1.70
   309433.634736 14.046287  0.000568 61.519422    -10.10     39.65      8.57
   309526.757741 14.048597  0.000754 64.883995    -21.57    175.16     -6.68
   309619.880745 14.048095  0.000684 63.822963    -44.12     20.21     -1.54
   309713.003750 14.049246  0.000688 62.084918    -55.00    -49.72     -7.75
   309806.126754 14.049138  0.000595 66.338039    -75.39    -36.33     -9.52
   309899.249758 14.050358  0.000711 60.603333    -90.76     47.76     -2.84
   309992.372763 14.050663  0.000628 66.160064   -105.53   -152.26      9.63
   310085.495767 14.050414  0.000510 62.451011   -126.44    118.85     -3.42
   310178.618772 14.052577  0.000754 63.287740   -137.10     89.41     -0.08
   310271.741776 14.053991  0.000778 65.496630   -159.30    159.05     -5.50
   310364.864780 14.052456  0.000521 61.016400   -172.04    -65.92     -1.04
   310457.987785 14.054115  0.000705 66.341962    170.71    157.33      1.65
   310551.110789 14.054123  0.000563 61.690134    151.36    119.22    -10.37
   310644.233794 14.054918  0.000588 64.368517    140.18    143.92     -8.71
   310737.356798 14.056210  0.000719 64.587910    117.62   -104.54     -2.36
   310830.479803 14.055380  0.000469 61.373555    105.70     90.53     -4.24
   310923.602807 14.058283  0.000769 66.558250     87.55      9.83     -3.42
   311016.725811 14.057811  0.000664 61.208424     68.90      8.11      2.80
   311109.848816 14.057498  0.000490 64.661190     57.24     98.47     -5.10
   311202.971820 14.059046  0.000637 64.616017     34.90    -99.25      5.40
   311296.094825 14.060196  0.000716 61.104531     22.93    152.85      3.19
   311389.217829 14.060870  0.000674 66.679019      4.84    144.87    -11.42
   311482.340834 14.062107  0.000765 61.488236    -13.97   -162.52     -2.87
   311575.463838 14.062172  0.000733 64.001289    -25.44    -27.51      2.70
   311668.586842 14.063445  0.000732 65.278321    -47.73   -163.14      9.79
   311761.709847 14.062989  0.000638 60.889080    -60.42    161.08     -5.80
   311854.832851 14.063808  0.000690 66.273174    -77.20   -172.09      3.71
   311947.955856 14.064484  0.000631 62.388888    -97.49    -33.90    -12.19
   312041.078860 14.064937  0.000649 63.058730   -108.15    159.38     -5.73
   312134.201865 14.065670  0.000673 65.879720   -129.77     89.81     -3.63
   312227.324869 14.065003  0.000447 60.917354   -144.73    103.26     -5.32
   312320.447873 14.067647  0.000749 65.539352   -158.68   -163.30     -3.19
   312413.570878 14.067618  0.000661 63.665618    179.20     14.07      6.11
   312506.693882 14.067063  0.000461 61.790209    168.09    -70.03     -6.78
   312599.816887 14.068943  0.000688 66.429510    149.21    -86.87      3.54
   312692.939891 14.070207  0.000732 61.508835    130.40     -9.02      4.75
   312786.062895 14.071202  0.000730 63.914677    119.21    162.54     -8.73
   312879.185900 14.071440  0.000754 65.545503     97.34     44.81     -0.20
   312972.308904 14.071628  0.000664 60.705698     82.84      9.81      6.42
   313065.431909 14.071186  0.000499 65.807369     68.58     61.57     10.78
   313158.554913 14.073289  0.000746 63.715864     46.66   -138.64     -1.85
   313251.677918 14.072951  0.000595 61.380724     35.06     91.04     -5.51
   313344.800922 14.074755  0.000707 66.636926     17.08     30.78     10.18
   313437.923926 14.075210  0.000740 61.984386     -2.70     82.49      1.39
   313531.046931 14.075279  0.000646 62.811148    -13.69   -160.13      6.94
   313624.169935 14.075737  0.000595 66.431999    -34.39     50.37     11.41
   313717.292940 14.076612  0.000668 60.913809    -51.22      3.02     -2.29
   313810.415944 14.077438  0.000673 64.316369    -63.46     14.86      8.03
   313903.538949 14.077739  0.000602 65.566170    -85.38    148.95    -11.72
   313996.661953 14.078486  0.000665 60.588449    -99.61    -28.37      1.70
   314089.784957 14.078392  0.000537 65.484774   -113.87   -103.00     -0.88
   314182.907962 14.079061  0.000528 64.478038   -135.78    -95.92      5.87
   314276.030966 14.080448  0.000665 60.812897   -148.20      5.91     -1.33
   314369.153971 14.082024  0.000738 66.177675   -164.52   -177.14      6.06
   314462.276975 14.080792  0.000500 63.506127    174.30    101.47      1.20
   314555.399980 14.082940  0.000745 61.280521    162.80     96.06      1.31
   314648.522984 14.084357  0.000781 66.528043    144.84    179.10      4.73
   314741.645988 14.084704  0.000748 62.733492    124.61      3.72     -5.45
   314834.768993 14.084748  0.000731 61.784579    113.43   -103.73     -1.87
   314927.891997 14.084155  0.000519 66.634229     94.38   -123.58      7.00
   315021.015002 14.085259  0.000597 62.240002     75.00    -32.67     -7.79
   315114.138006 14.086776  0.000739 62.171878     63.84    116.42      1.74
   315207.261010 14.088162  0.000762 66.638698     44.13      4.31      6.09
   315300.384015 14.088146  0.000706 61.965582     25.32     -3.33     -7.44
   315393.507019 14.088192  0.000684 62.384645     14.05     53.99     -2.60
   315486.630024 14.089625  0.000707 66.646449     -5.91   -163.08     10.48
   315579.753028 14.089216  0.000617 61.864943    -24.53     83.76      6.38
   315672.876033 14.090078  0.000673 62.403140    -35.85     59.41     -2.75
   315765.999037 14.090382  0.000576 66.652049    -55.71    129.23    -12.10
   315859.122041 14.091307  0.000636 61.975261    -74.50   -101.73      6.62
   315952.245046 14.092651  0.000741 62.201116    -85.84    134.86      1.74
   316045.368050 14.091603  0.000479 66.680948   -105.30    111.21     -8.95
   316138.491055 14.093173  0.000637 62.263168   -124.62    161.92     -5.74
   316231.614059 14.094640  0.000746 61.843041   -136.02    -64.09     -1.86
   316324.737064 14.096154  0.000790 66.644806   -154.67    170.09     -4.69
   316417.860068 14.094830  0.000613 62.791269   -174.78    126.49      0.10
   316510.983072 14.096285  0.000704 61.360985    173.57    167.66      3.91
   316604.106077 14.096512  0.000619 66.428917    156.16    -37.73    -12.95
   316697.229081 14.097436  0.000696 63.585067    135.20   -176.80     -4.60
   316790.352086 14.098676  0.000762 60.894117    122.81    133.02     -1.01
   316883.475090 14.100207  0.000812 65.912487    107.06    177.97     -1.34
   316976.598095 14.098820  0.000643 64.563283     85.45    -45.64      0.50
   317069.721099 14.100363  0.000717 60.690420     71.64    172.57      5.43
   317162.844103 14.100224  0.000597 64.948138     57.85    142.88    -12.67
   317255.967108 14.101112  0.000689 65.589099     36.24   -179.31     -2.90
   317349.090112 14.102452  0.000741 60.976906     20.27    -44.98     -2.94
   317442.213117 14.103878  0.000794 63.580315      8.16    176.27     -3.37
   317535.336121 14.102757  0.000664 66.290161    -12.39    128.99      1.00
   317628.459125 14.104489  0.000747 62.019693    -30.99    171.36      5.25
   317721.582130 14.103747  0.000561 62.055924    -42.40    -39.14    -13.25
   317814.705134 14.104825  0.000683 66.227526    -60.63    176.06     -1.73
   317907.828139 14.106237  0.000731 63.728943    -81.49    140.06     -6.30
   318000.951143 14.107595  0.000782 60.977717    -94.00   -179.08     -3.71
   318094.074148 14.106653  0.000671 65.096651   -109.02    -47.98      1.61
   318187.197152 14.108241  0.000737 65.550721   -130.71   -179.92      5.77
   318280.320156 14.108084  0.000624 61.108627   -146.23    156.08    -12.11
   318373.443161 14.108649  0.000683 63.048046   -158.53   -166.04     -2.65
   318466.566165 14.110600  0.000781 66.566423   -178.71    -22.06     -2.35
   318559.689170 14.111210  0.000775 62.722106    162.10   -154.46      4.05
   318652.812174 14.110474  0.000660 61.085907    150.11    170.35      0.15
   318745.935179 14.110830  0.000585 65.839843    133.65   -142.36      8.51
   318839.058183 14.113132  0.000782 65.135010    112.34     15.40      0.43
   318932.181187 14.112921  0.000730 60.701718     97.34   -104.72     -1.72
   319025.304192 14.112781  0.000597 63.480414     84.64   -149.34     10.63
   319118.427196 14.112770  0.000511 66.554310     64.62    -75.20      0.46
   319211.550201 14.114788  0.000727 62.626335     45.18     84.02     -2.40
   319304.673205 14.116155  0.000748 61.184411     32.96    -27.83     -7.59
   319397.796210 14.114939  0.000552 65.466856     17.31    -53.32     -5.07
   319490.919214 14.116176  0.000669 65.439424     -4.16     14.86      0.76
   319584.042218 14.118453  0.000788 61.333421    -20.34    175.61      2.38
   319677.165223 14.117548  0.000637 62.478826    -32.30     60.50      8.72
   319770.288227 14.118246  0.000695 66.242489    -51.10     60.70     -2.05
   319863.411232 14.119600  0.000704 64.247071    -71.75    152.23    -10.74
   319956.534236 14.118811  0.000567 60.714618    -85.36    -44.27     -3.99
   320049.657240 14.119843  0.000650 63.766445    -99.00   -144.47      0.03
   320142.780245 14.121161  0.000673 66.609798   -119.37   -155.19     11.64
   320235.903249 14.120822  0.000588 62.762630   -138.40    -49.48     -1.34
   320329.026254 14.122674  0.000742 60.822697   -151.01    130.33      0.78
   320422.149258 14.122442  0.000598 65.098358   -166.14     34.30     13.29
   320515.272263 14.123761  0.000725 66.041546    172.91     56.18      4.83
   320608.395267 14.124424  0.000730 61.896297    155.04    162.54      4.05
   320701.518271 14.126309  0.000801 61.514965    142.95     -0.11      0.85
   320794.641276 14.124794  0.000621 65.458487    126.65    -71.16      2.58
   320887.764280 14.126589  0.000758 65.668317    105.39    -38.72     -1.39
   320980.887285 14.125326  0.000473 61.730643     88.62     70.26      7.98
   321074.010289 14.126802  0.000626 61.570725     76.51    -76.49      3.62
   321167.133294 14.127303  0.000620 65.686104     59.43   -126.19      0.42
   321260.256298 14.126992  0.000440 65.726267     38.43    -80.28     -2.54
   321353.379302 14.129706  0.000755 61.361512     21.89     51.70     -0.26
   321446.502307 14.129595  0.000655 61.632263      9.49    -75.78     -6.83
   321539.625311 14.129844  0.000570 65.877140     -7.36   -132.94     13.08
   321632.748316 14.130841  0.000679 65.535782    -28.36    -61.62      1.97
   321725.871320 14.131122  0.000600 61.661118    -45.34    100.06     -7.23
   321818.994325 14.133064  0.000715 61.571302    -57.57    -15.04     -9.31
   321912.117329 14.132518  0.000652 65.267368    -73.93    -44.23      0.69
   322005.240333 14.133153  0.000626 66.024417    -94.92     27.82      7.88
   322098.363338 14.135422  0.000772 62.294413   -112.55   -158.74      5.39
   322191.486342 14.134850  0.000704 60.872464   -125.19    106.00      3.49
   322284.609347 14.135263  0.000641 64.709517   -140.55    118.66     -8.94
   322377.732351 14.137108  0.000767 66.496864   -160.88   -157.46      5.07
   322470.855355 14.136747  0.000702 62.973972   -179.91     42.78     -2.19
   322563.978360 14.138278  0.000760 60.773051    166.57    -30.97     -3.97
   322657.101364 14.138782  0.000739 63.613775    152.86     -7.79     -7.78
   322750.224369 14.138749  0.000734 66.290984    133.48    102.37      1.53
   322843.347373 14.139959  0.000732 64.607096    113.18    -32.64     -7.62
   322936.470378 14.138867  0.000531 61.080275     98.12   -101.75      8.65
   323029.593382 14.140631  0.000718 61.835565     85.28    -53.70      2.66
   323122.716386 14.139975  0.000509 65.811244     67.98     95.13     -4.98
   323215.839391 14.141606  0.000648 65.973811     47.40    -22.55     -8.64
   323308.962395 14.142604  0.000726 62.179758     29.59    -58.70      1.26
   323402.085400 14.143979  0.000745 60.937432     16.51      2.37      6.47
   323495.208404 14.144331  0.000740 63.963564      2.08    178.39     -6.54
   323588.331409 14.144313  0.000720 66.321393    -17.54     77.79     -2.11
   323681.454413 14.143430  0.000455 64.676580    -37.59     70.55      5.37
   323774.577417 14.145731  0.000686 61.115477    -52.92    176.14     -7.08
   323867.700422 14.145949  0.000668 61.500065    -65.88     -4.98      2.81
   323960.823426 14.145782  0.000519 65.346486    -82.37    -64.64     -9.74
   324053.946431 14.146749  0.000594 66.316261   -102.62    -43.62     -4.06
   324147.069435 14.147901  0.000677 63.258493   -121.60     79.35     -3.33
   324240.192440 14.147723  0.000528 60.905877   -135.77    -53.85    -13.34
   324333.315444 14.149433  0.000692 62.394685   -149.05   -120.85      6.59
   324426.438448 14.150283  0.000745 65.689103   -166.82    -58.50     -1.48
   324519.561453 14.148964  0.000435 66.194411    172.78     95.30     -2.64
   324612.684457 14.150820  0.000645 62.728123    154.74    -14.65     -4.25
   324705.807462 14.152372  0.000749 60.628332    140.81    -36.43      1.16
   324798.930466 14.152228  0.000621 62.885149    127.11     32.09     13.07
   324892.053470 14.153572  0.000746 65.873001    109.23   -135.68      1.88
   324985.176475 14.154270  0.000762 65.902490     88.75    147.42      0.10
   325078.299479 14.155496  0.000772 62.986587     70.79    170.93     -6.71
   325171.422484 14.154741  0.000672 60.612339     56.87    -88.91      5.02
   325264.545488 14.156130  0.000743 62.431292     43.02    129.80     -3.20
   325357.668493 14.154894  0.000480 65.860978     25.55     67.76      9.32
   325450.791497 14.156438  0.000661 66.087170      5.36    126.24      1.60
   325543.914501 14.157027  0.000621 63.417435    -13.34    -77.10     -6.41
   325637.037506 14.158932  0.000737 60.993597    -27.88    168.16     -8.35
   325730.160510 14.158188  0.000632 61.638763    -41.26    141.06     -0.03
   325823.283515 14.158599  0.000589 64.926527    -57.87   -141.40      5.18
   325916.406519 14.160172  0.000677 66.618263    -77.51     34.33     12.03
   326009.529524 14.160210  0.000670 64.446440    -97.04    -32.89      1.11
   326102.652528 14.162201  0.000767 61.577645   -113.23    -15.19      2.09
   326195.775532 14.160386  0.000466 61.030771   -126.53    102.63     -0.97
   326288.898537 14.162138  0.000667 63.297325   -141.40    -44.81      1.96
   326382.021541 14.162304  0.000577 66.157013   -159.92    -78.18     -7.14
   326475.144546 14.163884  0.000680 66.086334   -179.84    -18.08    -10.42
   326568.267550 14.164270  0.000709 63.053819    161.94    124.68      2.56
   326661.390555 14.165336  0.000690 60.944700    147.12     10.10      9.93
   326754.513559 14.166763  0.000780 61.611504    133.67     12.28     -1.66
   326847.636563 14.166401  0.000734 64.252388    117.57    102.53      0.92
   326940.759568 14.166494  0.000621 66.508659     98.39    -51.04    -10.83
   327033.882572 14.167694  0.000694 65.565448     78.73   -135.28      7.44
   327127.005577 14.168256  0.000727 62.512328     61.18    -92.86     -1.60
   327220.128581 14.168453  0.000615 60.862070     46.70     24.71     11.71
   327313.251585 14.168340  0.000542 61.787624     33.00   -102.68      8.92
   327406.374590 14.169811  0.000702 64.387108     16.60   -118.38     -2.61
   327499.497594 14.170749  0.000675 66.548822     -2.52    -34.43    -11.91
   327592.620599 14.170352  0.000576 65.611009    -22.10    131.94     -3.58
   327685.743603 14.171329  0.000641 62.808982    -39.88     44.33     -1.10
   327778.866608 14.171524  0.000530 61.000496    -54.68     44.56     11.41
   327871.989612 14.173267  0.000695 61.339506    -68.39    175.42     -7.22
   327965.112616 14.173157  0.000651 63.720620    -84.20     22.58      0.87
   328058.235621 14.175537  0.000786 66.271338   -102.64    -13.98     -5.06
   328151.358625 14.175489  0.000761 66.134020   -122.23     37.62      2.07
   328244.481630 14.175132  0.000653 63.957779   -140.91   -164.78      4.52
   328337.604634 14.174549  0.000439 61.684053   -156.82    104.44     -6.24
   328430.727639 14.176275  0.000627 60.689955   -170.81     91.27      5.07
   328523.850643 14.176963  0.000643 62.254785    174.48   -166.47      3.43
   328616.973647 14.178060  0.000653 65.100271    157.60     27.27     12.64
   328710.096652 14.178469  0.000681 66.360187    138.61     -9.46     -4.93
   328803.219656 14.178672  0.000623 65.666910    119.05     29.71      4.29
   328896.342661 14.181340  0.000804 63.558380    101.24   -177.59     -0.41
   328989.465665 14.180800  0.000733 61.093257     85.75     68.11      2.16
   329082.588670 14.180138  0.000565 60.789535     71.47     60.33     -0.40
   329175.711674 14.182298  0.000701 62.653535     56.70    161.32    -10.17
   329268.834678 14.182001  0.000664 64.827289     39.72    -10.32     -3.57
   329361.957683 14.182752  0.000660 66.368200     20.71    -69.05     -5.82
   329455.080687 14.183754  0.000662 66.079855      1.47    -22.39    -12.06
   329548.203692 14.184077  0.000696 63.738502    -16.68    105.04      2.86
   329641.326696 14.185653  0.000763 61.657947    -32.89    -12.11      3.75
   329734.449700 14.185927  0.000701 60.827439    -47.26    -13.74    -10.65
   329827.572705 14.186281  0.000736 61.525235    -61.83     63.14     -0.46
   329920.695709 14.185619  0.000541 63.877282    -78.05   -104.75     -1.32
   330013.818714 14.188501  0.000786 65.966455    -95.97   -171.71     -0.05
   330106.941718 14.187961  0.000726 66.291722   -115.15   -131.55     -1.74
   330200.064723 14.189151  0.000739 65.423481   -134.16      1.80      6.37
   330293.187727 14.188534  0.000582 63.329276   -151.56   -120.07     10.76
   330386.310731 14.189821  0.000714 61.160966   -167.36   -121.30     -2.85
   330479.433736 14.191253  0.000746 60.795965    177.98    -30.75     -5.99
   330572.556740 14.191040  0.000662 61.812275    163.32    163.57    -10.35
   330665.679745 14.191819  0.000732 63.596758    147.07     88.61     -0.25
   330758.802749 14.192329  0.000669 65.744920    129.19    137.44     -9.36
   330851.925754 14.191761  0.000534 66.522241    110.40    -93.80      4.92
   330945.048758 14.193281  0.000698 65.663079     91.38    156.43      2.33
   331038.171762 14.194980  0.000753 64.200123     73.36    156.69     -7.50
   331131.294767 14.194866  0.000690 62.098353     56.98   -126.50      8.18
   331224.417771 14.195237  0.000697 60.697493     41.67     81.58     -3.52
   331317.540776 14.196762  0.000738 61.045797     26.95      9.29      8.23
   331410.663780 14.196638  0.000687 62.240917     11.76     53.56      7.42
   331503.786785 14.196655  0.000649 64.003314     -4.95   -149.65      0.13
   331596.909789 14.196607  0.000507 65.916318    -22.88    115.16    -10.50
   331690.032793 14.197479  0.000574 66.444485    -41.53    100.54      2.59
   331783.155798 14.198491  0.000647 65.832808    -60.43   -154.88      1.96
   331876.278802 14.198890  0.000560 64.652141    -78.48     39.29     15.01
   331969.401807 14.200416  0.000715 62.595964    -95.32      9.87     -4.72
   332062.524811 14.200133  0.000599 61.135585   -111.21     63.29     -2.64
   332155.647815 14.201605  0.000659 60.848871   -126.17   -152.79     12.30
   332248.770820 14.201312  0.000590 61.207889   -141.16    122.57      0.64
   332341.893824 14.203162  0.000742 62.594663   -157.11    133.64     -0.43
   332435.016829 14.202037  0.000485 64.563090   -173.95   -122.77     11.01
   332528.139833 14.203291  0.000623 65.714362    168.20    105.90      3.09
   332621.262838 14.203806  0.000607 66.384314    149.54     79.96     -3.73
   332714.385842 14.205515  0.000690 66.319609    131.00    159.86    -12.11
   332807.508846 14.205229  0.000647 64.934439    112.83    -35.45      0.13
   332900.631851 14.205387  0.000549 63.521736     95.34   -112.10     -0.79
   332993.754855 14.205446  0.000451 62.148301     79.03    -88.03      1.45
   333086.877860 14.207910  0.000735 60.841457     63.40     46.85     -1.66
   333180.000864 14.207899  0.000639 60.692626     48.03    -69.91     -7.24
   333273.123869 14.207218  0.000442 61.398272     32.79   -102.07      7.53
   333366.246873 14.209031  0.000656 62.285749     16.87     -2.18     -3.00
   333459.369877 14.210289  0.000698 63.893729      0.05   -176.29      7.52
   333552.492882 14.210011  0.000572 65.354402    -17.31    145.64    -12.41
   333645.615886 14.210928  0.000675 65.995694    -35.41   -176.42     -1.17
   333738.738891 14.212802  0.000765 66.508546    -53.86    -20.44     -1.29
   333831.861895 14.212214  0.000627 66.199314    -72.07   -131.67     11.11
   333924.984900 14.213216  0.000731 65.033451    -90.12   -111.10     -1.25
   334018.107904 14.214641  0.000764 64.039476   -107.64     -2.89      4.91
   334111.230908 14.215046  0.000735 62.710344   -124.32   -145.09      6.74
   334204.353913 14.214467  0.000650 61.380863   -140.62   -172.01      0.46
   334297.476917 14.213996  0.000458 60.962539   -156.43    -96.90     -1.64
   334390.599922 14.215390  0.000571 60.749313   -171.85     71.77      8.66
   334483.722926 14.216317  0.000646 60.935174    172.41      6.73      0.58
   334576.845930 14.216814  0.000590 62.013144    156.40     29.72     11.52
   334669.968935 14.218803  0.000749 63.052382    140.09   -173.46     -4.61
   334763.091939 14.218600  0.000716 63.999979    123.04     73.50     -2.39
   334856.214944 14.217785  0.000468 65.330474    105.57     60.05      7.58
   334949.337948 14.220151  0.000719 65.983476     87.89    177.55     -6.48
   335042.460953 14.219974  0.000659 66.256262     69.76     21.46      1.72
   335135.583957 14.222233  0.000776 66.566861     51.70    -12.78     -4.97
   335228.706961 14.222041  0.000734 66.022706     33.81     44.84      3.66
   335321.829966 14.221670  0.000633 65.290670     15.92   -137.23      0.56
   335414.952970 14.223369  0.000703 64.693469     -1.53    155.82    -10.78
   335508.075975 14.223460  0.000691 63.508402    -18.59    179.76     -5.57
   335601.198979 14.224524  0.000748 62.531239    -35.53    -46.69     -1.30
   335694.321984 14.225974  0.000770 61.955050    -51.95   -169.45      6.22
   335787.444988 14.225467  0.000703 61.073306    -68.11   -165.96     -4.51
   335880.567992 14.226021  0.000697 60.726373    -84.32    -64.11     -4.73
   335973.690997 14.226589  0.000649 60.838200   -100.23    152.72    -12.52
   336066.814001 14.226739  0.000644 60.752751   -116.21     93.08      4.64
   336159.937006 14.228157  0.000725 61.156662   -132.50    160.93      3.68
   336253.060010 14.229391  0.000754 61.944793   -148.75    -12.61     -8.05
   336346.183015 14.228955  0.000699 62.357218   -165.25   -101.25      4.22
   336439.306019 14.229783  0.000706 63.159494    177.84    -58.11     -5.56
   336532.429023 14.228772  0.000468 64.090077    160.96     67.83      9.80
   336625.552028 14.230237  0.000642 64.493808    143.80    -31.36     -0.29
   336718.675032 14.232054  0.000756 65.221674    126.36    -29.58     -1.66
   336811.798037 14.230740  0.000493 65.866199    109.02     67.45      9.85
   336904.921041 14.232304  0.000677 65.948995     91.48    -66.67      2.25
   336998.044045 14.232184  0.000551 66.346828     73.80    -92.21     -4.15
   337091.167050 14.234460  0.000719 66.563071     56.30    -10.58     -9.43
   337184.290054 14.234000  0.000672 66.257690     38.67    166.53     -0.06
   337277.413059 14.234157  0.000560 66.370581     21.04    111.74     -9.09
   337370.536063 14.235460  0.000636 66.172361      3.65    157.71    -10.28
   337463.659068 14.236240  0.000713 65.641496    -13.85    -58.87      1.58
   337556.782072 14.236883  0.000666 65.555048    -31.26   -162.37     10.04
   337649.905076 14.238000  0.000725 65.153964    -48.42   -145.61      7.22
   337743.028081 14.237677  0.000673 64.533861    -65.71    -15.59      1.96
   337836.151085 14.238208  0.000594 64.410786    -82.90   -151.97     12.88
   337929.274090 14.240197  0.000769 63.923480    -99.85   -156.07      0.86
   338022.397094 14.240101  0.000735 63.369311   -116.99    -60.42      0.27
   338115.520099 14.241087  0.000717 63.296139   -133.96    154.24     -9.55
   338208.643103 14.240167  0.000562 62.824714   -150.77     95.26      4.07
   338301.766107 14.241522  0.000681 62.391585   -167.78    162.12      3.26
   338394.889112 14.243445  0.000772 62.397449    175.36    -14.43     -4.14
   338488.012116 14.242267  0.000602 62.005348    158.62    -99.00      6.62
   338581.135121 14.243810  0.000738 61.690061    141.63    -54.44     -0.02
   338674.258125 14.242347  0.000418 61.798570    124.81     99.28     -5.73
   338767.381130 14.244636  0.000670 61.434483    108.06     -1.66     -6.15
   338860.504134 14.245184  0.000675 61.272403     91.05     -2.42      5.14
   338953.627138 14.245169  0.000553 61.421463     74.24    136.98    -13.47
   339046.750143 14.246466  0.000678 61.114284     57.44      0.78     -5.44
   339139.873147 14.247440  0.000720 61.033218     40.40    -24.15      3.39
   339232.996152 14.246220  0.000451 61.230889     23.55     64.06      9.58
   339326.119156 14.247846  0.000637 60.944053      6.67    -85.97      5.40
   339419.242160 14.247986  0.000562 60.957135    -10.46   -121.52     -0.94
   339512.365165 14.248648  0.000540 61.154415    -27.35    -38.95    -14.81
   339605.488169 14.249500  0.000623 60.876579    -44.33    124.09      2.75
   339698.611174 14.249747  0.000548 60.980302    -61.50     60.03     -0.22
   339791.734178 14.249733  0.000444 61.166667    -78.44    109.14     -5.50
   339884.857183 14.252079  0.000716 60.924395    -95.50   -102.98      2.71
   339977.980187 14.253222  0.000742 61.084705   -112.73    164.47      3.89
   340071.103191 14.254595  0.000790 61.288547   -129.73   -171.91     -0.03
   340164.226196 14.253198  0.000642 61.075860   -146.89    -41.71      2.15
   340257.349200 14.254218  0.000646 61.354549   -164.17   -164.27      9.71
   340350.472205 14.256143  0.000777 61.535130    178.81   -161.46      3.21
   340443.595209 14.255266  0.000676 61.412143    161.58    -51.89      3.07
   340536.718214 14.257052  0.000751 61.784669    144.31    169.88      3.35
   340629.841218 14.256510  0.000620 62.016636    127.27    158.25    -11.31
   340722.964222 14.257423  0.000711 61.979950    110.03   -123.50     -2.45
   340816.087227 14.256515  0.000468 62.479449     92.78     73.81      0.13
   340909.210231 14.259638  0.000771 62.743300     75.77     23.30      2.42
   341002.333236 14.259346  0.000730 62.834714     58.55     92.49     -1.16
   341095.456240 14.258306  0.000463 63.457564     41.43    -84.43     -5.92
   341188.579245 14.261227  0.000758 63.737575     24.52   -159.61     -0.11
   341281.702249 14.260821  0.000688 63.943810      7.44   -112.64     -2.40
   341374.825253 14.261109  0.000592 64.617468     -9.50     30.22     12.25
   341467.948258 14.261277  0.000559 64.911706    -26.24    -40.49     -6.88
   341561.071262 14.262684  0.000707 65.124965    -43.13    -25.65      2.78
   341654.194267 14.262453  0.000536 65.777649    -59.85    128.12    -13.56
   341747.317271 14.264460  0.000742 65.919365    -76.39      9.15     -4.17
   341840.440275 14.264219  0.000666 66.061418    -93.07      7.00      3.03
   341933.563280 14.264838  0.000609 66.508261   -109.55    141.60    -13.51
   342026.686284 14.266058  0.000714 66.392895   -125.93      4.17     -4.59
   342119.809289 14.266366  0.000710 66.260034   -142.47    -17.20      3.10
   342212.932293 14.265251  0.000427 66.374372   -158.89     84.51      1.01
   342306.055298 14.266614  0.000576 65.875279   -175.27    -60.72     -0.38
   342399.178302 14.267900  0.000673 65.389854    168.07    -88.48     -4.05
   342492.301306 14.270111  0.000782 65.122221    151.47     -6.91     -3.62
   342585.424311 14.269449  0.000709 64.235849    134.77   -169.85     -4.38
   342678.547315 14.270436  0.000740 63.527925    117.69    138.19     -0.76
   342771.670320 14.271421  0.000732 63.029232    100.63   -164.83      7.64
   342864.793324 14.271425  0.000726 62.068715     83.34     25.82     -2.87
   342957.916329 14.272366  0.000746 61.465781     65.63    -40.51     -0.81
   343051.039333 14.273805  0.000787 61.190492     47.95      6.60      1.71
   343144.162337 14.272556  0.000649 60.608271     30.06    177.03     -3.92
   343237.285342 14.272796  0.000586 60.669890     11.91    101.22     -7.72
   343330.408346 14.273140  0.000523 61.003093     -5.97    140.32    -12.53
   343423.531351 14.274741  0.000703 61.184279    -23.91    -84.74      2.33
   343516.654355 14.275889  0.000727 62.055496    -41.73    176.83      5.87
   343609.777360 14.277029  0.000768 63.000716    -59.05   -162.14      3.99
   343702.900364 14.276000  0.000651 63.682790    -76.21    -24.17      0.89
   343796.023368 14.276232  0.000552 64.832661    -93.09   -142.26      9.20
   343889.146373 14.277811  0.000666 65.679176   -109.43   -139.22     10.61
   343982.269377 14.277879  0.000669 65.989514   -125.70     -8.33      0.39
   344075.392382 14.278067  0.000562 66.497751   -141.78   -142.35     10.58
   344168.515386 14.280098  0.000728 66.369167   -157.64   -147.82      7.00
   344261.638390 14.279826  0.000685 65.631644   -173.78    -35.37      2.19
   344354.761395 14.281316  0.000722 65.046315    169.84   -176.42      6.86
   344447.884399 14.281895  0.000720 63.977097    153.28    176.87     -7.47
   344541.007404 14.282052  0.000728 62.595582    136.03    -93.57     -0.84
   344634.130408 14.282080  0.000601 61.830950    118.31    131.43    -13.30
   344727.253413 14.282175  0.000560 60.995095    100.33     78.11      8.28
   344820.376417 14.283424  0.000663 60.520753     81.82    168.53      3.65
   344913.499421 14.285295  0.000751 61.020428     63.39      6.93      6.91
   345006.622426 14.284305  0.000611 61.589372     45.29    -21.73     -6.97
   345099.745430 14.284888  0.000627 62.601314     27.40     47.21     -1.35
   345192.868435 14.285139  0.000534 64.168043     10.26   -138.14     14.06
   345285.991439 14.286926  0.000721 65.175944     -6.20   -173.32     -4.77
   345379.114444 14.286638  0.000633 65.973309    -22.36   -111.98     -2.71
   345472.237448 14.286552  0.000491 66.580459    -38.05     50.60     13.90
   345565.360452 14.288543  0.000709 66.037979    -53.67      5.10     -4.64
   345658.483457 14.288313  0.000610 65.109150    -69.78     55.23     -0.75
   345751.606461 14.289364  0.000616 64.045759    -86.27   -148.48     13.59
   345844.729466 14.289677  0.000622 62.386337   -103.49    158.30     -4.93
   345937.852470 14.290291  0.000622 61.204742   -121.69   -164.51      4.79
   346030.975475 14.292909  0.000795 60.845303   -140.21      3.09      0.95
   346124.098479 14.291555  0.000649 60.751838   -158.93    -78.92      4.37
   346217.221483 14.293294  0.000752 61.790743   -177.52    -33.70     -1.48
   346310.344488 14.291923  0.000495 63.387265    164.89    132.42    -12.32
   346403.467492 14.293772  0.000707 64.632661    148.07     35.04     -2.17
   346496.590497 14.293274  0.000542 65.964386    131.98     61.06      2.17
   346589.713501 14.295750  0.000730 66.547160    116.58   -157.46      7.53
   346682.836505 14.295199  0.000672 65.829503    101.10    112.56      2.72
   346775.959510 14.296756  0.000746 64.755058     85.03    143.53     -4.28
   346869.082514 14.295049  0.000426 63.243376     68.30    -78.05     -1.14
   346962.205519 14.296839  0.000648 61.424803     50.36   -175.90     -2.21
   347055.328523 14.297985  0.000655 60.783473     31.50   -168.06     10.16
   347148.451528 14.298746  0.000680 60.957150     12.62    -10.58     -9.58
   347241.574532 14.299052  0.000694 61.862112     -6.03   -121.06     -2.53
   347334.697536 14.298311  0.000480 63.834100    -23.65   -113.15      3.73
   347427.820541 14.301240  0.000762 65.450667    -39.92     20.09      1.52
   347520.943545 14.300958  0.000731 66.156852    -55.50    -87.97     -0.48
   347614.066550 14.300228  0.000505 66.278193    -70.78    -69.58    -10.55
   347707.189554 14.302505  0.000716 65.004354    -86.33     38.40      7.98
   347800.312559 14.302868  0.000731 62.963341   -103.18    -67.16      0.63
   347893.435563 14.302807  0.000591 61.561523   -121.28    -47.53    -12.35
   347986.558567 14.303738  0.000655 60.665707   -140.21     58.38      7.50
   348079.681572 14.304600  0.000723 61.045440   -159.52    -49.60      1.42
   348172.804576 14.305108  0.000658 62.933945   -177.85    -31.87    -12.41
   348265.927581 14.305276  0.000642 64.711909    165.31     69.95      7.40
   348359.050585 14.306471  0.000738 66.009269    149.53    -42.34      0.79
   348452.173590 14.306926  0.000657 66.459684    134.51    -29.19    -12.96
   348545.296594 14.307155  0.000660 65.066622    119.18     70.66      5.96
   348638.419598 14.308355  0.000740 63.014510    102.40    -43.38      0.16
   348731.542603 14.308604  0.000643 61.464951     84.22    -30.09    -12.97
   348824.665607 14.309049  0.000677 60.578511     64.96     72.13      5.40
   348917.788612 14.310183  0.000734 61.482209     45.56    -40.86     -0.41
   349010.911616 14.310148  0.000619 63.698597     27.66    -27.97    -14.14
   349104.034620 14.310954  0.000710 65.397090     11.41     72.59      3.30
   349197.157625 14.311946  0.000741 66.351378     -3.79    -42.42     -3.67
   349290.280629 14.311464  0.000575 65.826118    -18.71    -34.04    -15.01
   349383.403634 14.312851  0.000724 63.568683    -34.80     66.82      2.37
   349476.526638 14.313746  0.000722 61.562019    -52.88    -46.38     -3.98
   349569.649643 14.313096  0.000548 60.786407    -72.16    -36.37    -13.05
   349662.772647 14.314661  0.000724 61.359764    -91.64     71.69      0.73
   349755.895651 14.315501  0.000724 63.662734   -109.80    -39.60     -6.28
   349849.018656 14.314922  0.000573 65.827231   -125.76    -32.48    -13.57
   349942.141660 14.316310  0.000734 66.213201   -140.64     73.96      0.31
   350035.264665 14.317280  0.000719 65.253693   -155.77    -37.83     -6.42
   350128.387669 14.316827  0.000579 63.020740   -172.27    -29.74    -12.15
   350221.510674 14.318080  0.000716 60.840574    168.97     83.52      0.12
   350314.633678 14.319467  0.000753 60.912613    149.07    -25.08     -3.81
   350407.756682 14.319201  0.000668 62.661882    130.22    -12.37     -9.53
   350500.879687 14.319841  0.000730 64.842153    113.26    104.92      0.59
   350594.002691 14.321516  0.000778 66.466031     98.19     -8.79      1.53
   350687.125696 14.321740  0.000751 65.725427     83.62      5.09     -4.87
   350780.248700 14.321545  0.000714 63.213863     67.39    128.81      2.18
   350873.371705 14.322382  0.000682 61.288955     48.87     14.02     10.60
   350966.494709 14.323345  0.000742 60.782625     29.06     36.67      3.58
   351059.617713 14.322880  0.000660 62.427174      9.76    174.27      3.60
   351152.740718 14.322236  0.000443 65.249569     -7.05     69.46      5.41
   351245.863722 14.323515  0.000572 66.378440    -21.78     86.36      5.42
   351338.986727 14.324483  0.000649 65.228865    -36.55   -126.50     -2.08
   351432.109731 14.325655  0.000644 62.975490    -53.09    146.99    -13.32
   351525.232736 14.325779  0.000624 60.786737    -72.07    166.27     -6.91
   351618.355740 14.327121  0.000728 61.063066    -92.34    -49.85     -1.22
   351711.478744 14.327530  0.000662 63.697731   -110.78   -153.96     12.48
   351804.601749 14.327963  0.000701 65.816724   -126.54   -115.83      4.20
   351897.724753 14.327825  0.000616 66.089994   -141.01     38.14      2.23
   351990.847758 14.328952  0.000626 64.260742   -156.29    -31.21    -14.23
   352083.970762 14.329460  0.000662 61.372591   -174.27     -1.16     -5.78
   352177.093766 14.330924  0.000751 60.677304    165.42    154.51      2.09
   352270.216771 14.329284  0.000443 62.789367    146.10     72.18      8.94
   352363.339775 14.330944  0.000649 65.243535    129.52    124.90      1.71
   352456.462780 14.331894  0.000667 66.333163    115.00    -59.14     -6.94
   352549.585784 14.332714  0.000652 64.755991    100.26   -148.52     11.87
   352642.708789 14.333014  0.000675 61.639231     82.70    -85.74      3.73
   352735.831793 14.333104  0.000593 60.673285     62.42    107.10     -8.94
   352828.954797 14.334952  0.000706 62.605560     42.87     30.35      9.61
   352922.077802 14.334933  0.000715 65.186354     26.14    101.42      1.93
   353015.200806 14.334905  0.000594 66.384070     11.75    -60.95    -10.46
   353108.323811 14.335872  0.000621 64.516405     -2.99   -135.33     11.81
   353201.446815 14.336477  0.000674 61.350973    -20.95    -52.17      2.84
   353294.569820 14.338172  0.000751 60.841115    -41.44    154.36     -4.01
   353387.692824 14.336450  0.000486 63.120050    -60.65    115.03     -3.21
   353480.815828 14.337956  0.000661 65.665960    -76.70   -163.73     -0.98
   353573.938833 14.338428  0.000590 66.162741    -90.80     28.91     12.16
   353667.061837 14.340629  0.000772 63.526880   -106.21     12.41     -1.65
   353760.184842 14.340379  0.000728 60.727605   -125.37    107.58      0.23
   353853.307846 14.341599  0.000728 61.497988   -145.99    -22.85     -7.48
   353946.430851 14.340416  0.000560 64.361083   -163.97    -41.96     -5.07
   354039.553855 14.341527  0.000661 66.211773   -178.76     60.86     -1.95
   354132.676859 14.341447  0.000520 65.143155    167.00    -59.57    -12.20
   354225.799864 14.341937  0.000526 61.865164    149.81    -80.23      3.57
   354318.922868 14.342990  0.000612 60.578586    129.18     48.39     -2.19
   354412.045873 14.342936  0.000479 63.215165    109.60    -53.83    -14.09
   354505.168877 14.343931  0.000580 65.892381     93.88    -61.48      0.81
   354598.291881 14.344848  0.000633 65.717634     79.92     73.62     -2.87
   354691.414886 14.346577  0.000702 62.934723     63.90    -21.80    -10.73
   354784.537890 14.346385  0.000656 60.573255     44.04     -2.58     -5.83
   354877.660895 14.347592  0.000737 62.204199     23.53    142.00     -0.30
   354970.783899 14.347157  0.000572 65.679512      6.97     38.43     14.48
   355063.906904 14.348024  0.000665 66.027198     -6.80     82.78      4.41
   355157.029908 14.347993  0.000577 63.211154    -22.36   -108.39     -3.24
   355250.152912 14.350919  0.000779 60.867184    -41.87    179.77     -3.13
   355343.275917 14.350330  0.000726 61.865159    -62.53   -127.61     -1.18
   355436.398921 14.349690  0.000555 65.375428    -79.57     43.09      5.61
   355529.521926 14.352224  0.000747 66.306041    -93.24     -5.72     -5.95
   355622.644930 14.352005  0.000721 63.132020   -108.56     54.76      0.02
   355715.767935 14.351114  0.000513 60.694356   -128.42   -106.88     -2.68
   355808.890939 14.353912  0.000741 62.311843   -148.95   -155.65      6.90
   355902.013943 14.353406  0.000701 65.429559   -165.59    -66.99      2.30
   355995.136948 14.354808  0.000742 66.021163   -179.30    149.04     -5.80
   356088.259952 14.353329  0.000479 62.854798    164.99    125.81     -8.43
   356181.382957 14.355047  0.000675 60.470727    144.60   -135.09     -3.41
   356274.505961 14.354531  0.000486 62.970260    124.29     98.03     -6.58
   356367.628966 14.355335  0.000526 66.134143    108.79     74.49      8.62
   356460.751970 14.356583  0.000664 65.216762     95.15   -158.33     -1.38
   356553.874974 14.356067  0.000462 61.906333     78.01     91.92     -5.96
   356646.997979 14.356782  0.000496 60.915589     57.07     95.42      4.57
   356740.120983 14.358373  0.000663 63.953589     37.92   -117.22     -3.03
   356833.243988 14.359820  0.000697 66.508663     23.63    151.98     -9.97
   356926.366992 14.360131  0.000689 64.129105      9.48    177.15     -7.07
   357019.489996 14.360531  0.000695 60.714500     -9.71    -34.05      3.13
   357112.613001 14.359424  0.000433 62.089809    -30.82   -110.36      6.09
   357205.736005 14.360637  0.000555 65.567088    -47.49    -52.21     -2.48
   357298.859010 14.362399  0.000728 65.672087    -60.99    120.90     -0.66
   357391.982014 14.361335  0.000467 62.365196    -77.31     49.46     13.88
   357485.105019 14.362382  0.000561 60.708896    -98.28    138.66     -2.10
   357578.228023 14.364331  0.000730 63.934984   -117.77    -25.86      2.23
   357671.351027 14.363438  0.000511 66.530680   -131.88    -47.87    -13.56
   357764.474032 14.365477  0.000726 63.766611   -146.13     29.32     -1.37
   357857.597036 14.364838  0.000585 60.634887   -165.88   -106.61     -4.21
   357950.720041 14.365534  0.000549 62.671300    173.24   -136.51     14.27
   358043.843045 14.366468  0.000663 65.940661    157.51     -6.03     -4.01
   358136.966050 14.366461  0.000576 65.039916    144.01   -134.35      3.00
   358230.089054 14.367291  0.000563 61.432966    126.22   -138.84     15.78
   358323.212058 14.368349  0.000671 61.357496    104.69     19.45     -3.47
   358416.335063 14.368434  0.000585 65.400267     87.21    -71.64     -8.42
   358509.458067 14.368809  0.000541 65.961118     74.11    -39.00    -13.27
   358602.581072 14.370079  0.000675 61.853492     57.67    102.21      3.76
   358695.704076 14.370201  0.000574 61.003912     36.08     27.26      9.04
   358788.827081 14.369868  0.000455 64.843396     17.63     86.34      4.94
   358881.950085 14.372040  0.000723 65.988018      4.18    -90.10      1.42
   358975.073089 14.371720  0.000554 62.614195    -11.45   -149.61     10.68
   359068.196094 14.371768  0.000486 60.834417    -32.50    -50.01     -7.79
   359161.319098 14.373438  0.000679 64.138531    -51.92    148.30      2.69
   359254.442103 14.374118  0.000634 66.361949    -65.57    134.90    -11.05
   359347.565107 14.375235  0.000695 62.922978    -80.50   -143.36      8.60
   359440.688111 14.375568  0.000714 60.539248   -101.64    100.41      0.01
   359533.811116 14.374751  0.000488 64.291487   -121.28    113.89    -11.10
   359626.934120 14.376946  0.000704 66.317792   -134.81   -138.47      7.18
   359720.057125 14.377368  0.000727 62.666424   -149.92    123.83      1.41
   359813.180129 14.378810  0.000749 60.864115   -171.11    161.76     -7.14
   359906.303134 14.377362  0.000561 64.307916    169.55    -45.93     -3.12
   359999.426138 14.378351  0.000641 66.078550    156.01   -125.38     -1.81
   360092.549142 14.378162  0.000479 62.635798    140.64    -64.18    -11.43
   360185.672147 14.378989  0.000547 60.825386    119.24    105.21      3.93
   360278.795151 14.379929  0.000614 64.695908    100.30     64.48     -2.54
   360371.918156 14.381341  0.000660 66.140923     87.25    152.80    -13.73
   360465.041160 14.381497  0.000645 61.833595     71.06     -5.80     -6.76
   360558.164165 14.382868  0.000741 61.190055     49.00    -30.84      1.19
   360651.287169 14.381310  0.000442 65.628016     31.50     68.74      9.63
   360744.410173 14.382718  0.000603 65.314895     18.69    -46.33     -0.97
   360837.533178 14.384625  0.000734 61.116793      0.80    -38.88     -0.37
   360930.656182 14.382855  0.000418 62.219437    -21.01    105.59     -4.98
   361023.779187 14.385026  0.000683 65.984938    -36.86      9.47     -3.57
   361116.902191 14.384906  0.000581 64.324724    -50.18     33.98      5.77
   361210.025196 14.387403  0.000743 60.803007    -69.81   -160.11      7.18
   361303.148200 14.386334  0.000641 63.234488    -90.82    144.01      1.79
   361396.271204 14.387145  0.000630 66.368134   -104.89   -159.21      8.95
   361489.394209 14.388304  0.000666 62.959978   -119.41     32.55     10.64
   361582.517213 14.388248  0.000646 60.682702   -141.01     15.03     -2.47
   361675.640218 14.388661  0.000593 65.067005   -159.84    120.05     -9.83
   361768.763222 14.389947  0.000671 65.774297   -172.49    -15.84    -11.24
   361861.886226 14.389886  0.000645 61.100574    170.09    -32.31      2.27
   361955.009231 14.389700  0.000501 62.234439    147.91    113.36    -12.25
   362048.132235 14.392224  0.000736 66.274281    132.49      2.49     -5.57
   362141.255240 14.391522  0.000646 63.688755    119.03     23.94     -1.23
   362234.378244 14.393666  0.000743 60.732128     98.30    178.89      5.37
   362327.501249 14.391980  0.000513 64.353787     78.38    116.77     -1.48
   362420.624253 14.393350  0.000664 65.838188     65.33    170.83      2.12
   362513.747257 14.395437  0.000752 61.711248     48.80     -1.42      5.04
   362606.870262 14.394218  0.000584 61.840610     26.66    -22.61     -8.49
   362699.993266 14.394946  0.000647 66.009731     10.59     63.86     -2.36
   362793.116271 14.394562  0.000454 64.050915     -2.62    -65.47    -11.89
   362886.239275 14.395746  0.000573 60.587944    -23.29    -85.37      5.38
   362979.362280 14.396427  0.000600 64.441144    -43.30     49.13     -0.20
   363072.485284 14.397066  0.000557 65.959116    -55.99    -42.83    -13.93
   363165.608288 14.397737  0.000596 61.191422    -73.11    -22.08     -6.10
   363258.731293 14.399299  0.000730 62.331096    -95.48    137.14     -0.53
   363351.854297 14.398072  0.000472 66.500957   -110.24     51.67     14.81
   363444.977302 14.399163  0.000578 62.896582   -124.19    126.91      0.48
   363538.100306 14.401255  0.000742 60.902003   -146.25    -33.49      0.14
   363631.223311 14.399727  0.000460 65.678482   -164.22    -55.47    -10.88
   363724.346315 14.401899  0.000712 64.688903   -176.71     30.83     -2.03
   363817.469319 14.401376  0.000561 60.617781    163.53    -92.28     -6.14
   363910.592324 14.401268  0.000439 64.138760    142.74    -99.73      5.95
   364003.715328 14.403596  0.000724 65.854802    129.85     39.00     -1.51
   364096.838333 14.404359  0.000701 61.340953    112.95    -49.52     -6.34
   364189.961337 14.405317  0.000718 62.556138     90.70     -5.20     -8.75
   364283.084341 14.404643  0.000655 66.176928     76.06    154.54      0.56
   364376.207346 14.404802  0.000549 62.606253     61.59    104.89     -8.35
   364469.330350 14.407097  0.000727 61.378693     39.37   -178.72     -6.01
   364562.453355 14.406455  0.000667 65.835692     22.49     25.09     -2.02
   364655.576359 14.408125  0.000729 63.895857      9.51     -4.42      5.09
   364748.699364 14.406455  0.000466 60.790122    -11.65    121.45     -5.38
   364841.822368 14.408006  0.000650 65.094407    -30.70      2.41      0.87
   364934.945372 14.409588  0.000704 64.986012    -43.10      8.63      9.68
   365028.068377 14.410084  0.000691 60.652527    -62.73    178.97     -8.27
   365121.191381 14.410324  0.000712 64.250967    -83.49     99.98     -2.32
   365214.314386 14.411661  0.000735 65.730111    -95.95    158.39     -7.22
   365307.437390 14.411300  0.000640 60.848794   -114.04    -10.27     -8.50
   365400.560395 14.412146  0.000724 63.466650   -135.90    -52.21      0.26
   365493.683399 14.412183  0.000605 66.172972   -148.84     26.87     14.17
   365586.806403 14.412258  0.000573 61.178552   -165.63    -97.96      7.55
   365679.929408 14.413547  0.000680 62.855491    171.85    -78.69     -4.66
   365773.052412 14.413610  0.000563 66.400970    158.33     34.16     15.58
   365866.175417 14.413917  0.000567 61.486503    142.49    -39.48     -2.73
   365959.298421 14.415226  0.000667 62.444164    119.68     -0.59      5.94
   366052.421426 14.417261  0.000772 66.475554    105.66    179.55     -0.34
   366145.544430 14.415617  0.000571 61.740698     90.45    127.07      0.51
   366238.667434 14.416271  0.000583 62.195793     67.52   -149.08      5.23
   366331.790439 14.416117  0.000456 66.498063     53.15     58.52     12.80
   366424.913443 14.418436  0.000723 61.844160     38.24     59.12      1.80
   366518.036448 14.418868  0.000673 62.146222     15.25   -177.23      8.30
   366611.159452 14.417584  0.000428 66.477362      0.79     82.02      5.97
   366704.282456 14.419452  0.000644 61.814691    -14.10    116.15      3.55
   366797.405461 14.420104  0.000620 62.231725    -37.08    -59.08     -8.94
   366890.528465 14.420840  0.000626 66.455769    -51.37   -141.71     12.86
   366983.651470 14.421153  0.000647 61.649310    -66.52    -57.64      3.36
   367076.774474 14.423140  0.000759 62.483348    -89.50    160.86     -0.06
   367169.897479 14.422301  0.000599 66.395240   -103.38    155.81    -13.12
   367263.020483 14.423383  0.000718 61.353417   -119.14    -98.67     -0.24
   367356.143487 14.424910  0.000762 62.926153   -141.96    162.49     -3.10
   367449.266492 14.425297  0.000756 66.232120   -155.23   -172.47     -2.99
   367542.389496 14.424477  0.000638 60.999338   -171.93    -14.46      2.05
   367635.512501 14.424563  0.000532 63.526804    165.64    -57.57    -12.81
   367728.635505 14.426823  0.000741 65.932157    153.04      3.46     -4.84
   367821.758510 14.426012  0.000624 60.651886    135.03   -151.27     -1.49
   367914.881514 14.428231  0.000750 64.315228    113.40   -174.24      7.51
   368008.004518 14.426633  0.000528 65.349665    101.33    -48.04     -5.07
   368101.127523 14.427662  0.000605 60.475146     81.67   -159.77      1.77
   368194.250527 14.428117  0.000543 65.179434     61.44   -142.41     14.59
   368287.373532 14.430046  0.000741 64.471183     49.51     30.21      1.15
   368380.496536 14.430206  0.000702 60.612130     28.14    -29.73      3.29
   368473.619541 14.430044  0.000573 65.976792      9.90     33.40     14.80
   368566.742545 14.430965  0.000657 63.294654     -2.65   -113.15      7.20
   368659.865549 14.430786  0.000567 61.257737    -25.44   -112.84     -3.33
   368752.988554 14.433753  0.000792 66.459036    -41.24      2.53      0.65
   368846.111558 14.432800  0.000683 61.956844    -55.46   -107.30      4.47
   368939.234563 14.433361  0.000666 62.467025    -78.69    -59.16     -6.53
   369032.357567 14.432196  0.000419 66.315548    -92.12    103.83     -4.68
   369125.480571 14.434780  0.000714 60.860102   -109.02     43.92     -1.29
   369218.603576 14.435347  0.000697 64.044439   -131.19    132.45     -5.86
   369311.726580 14.436393  0.000721 65.373087   -143.14    -11.99     -9.77
   369404.849585 14.435505  0.000612 60.454578   -163.27    -28.07      0.38
   369497.972589 14.435960  0.000566 65.588021    177.29    112.68    -10.22
   369591.095594 14.438535  0.000764 63.671674    165.09      5.22     -2.51
   369684.218598 14.437819  0.000685 61.173810    142.40     50.43     -2.82
   369777.341602 14.437655  0.000561 66.372720    126.68   -145.83      9.65
   369870.464607 14.439946  0.000735 61.792736    112.03   -179.18     -5.85
   369963.587611 14.439689  0.000715 62.955022     88.97    -90.20     -0.25
   370056.710616 14.440428  0.000690 65.829040     76.31    142.56     -9.47
   370149.833620 14.439760  0.000541 60.689170     57.59    148.37    -11.43
   370242.956625 14.441350  0.000722 65.035078     37.11    -79.25     -1.09
   370336.079629 14.442542  0.000718 63.972451     25.05   -175.40      8.20
   370429.202633 14.442133  0.000632 61.231718      2.70   -118.38      8.19
   370522.325638 14.442738  0.000688 66.156835    -13.22     82.50     -2.69
   370615.448642 14.442700  0.000545 61.702586    -28.11     32.36     13.34
   370708.571647 14.443532  0.000616 63.397854    -50.91    161.92     -7.81
   370801.694651 14.443969  0.000632 65.311745    -63.25     32.54      0.23
   370894.817656 14.444149  0.000516 60.754078    -83.15     37.52     16.16
   370987.940660 14.446220  0.000739 65.661563   -102.20   -148.64     -0.40
   371081.063664 14.446643  0.000731 62.833107   -114.94    140.82      0.98
   371174.186669 14.447142  0.000664 62.195801   -138.12   -155.54     12.63
   371267.309673 14.447501  0.000696 66.079317   -151.88     59.15      3.70
   371360.432678 14.446992  0.000565 60.704295   -169.37     49.45      0.15
   371453.555682 14.449843  0.000768 65.032107    169.42    178.52     -2.51
   371546.678686 14.449086  0.000690 63.900842    157.64     68.38      4.90
   371639.801691 14.449722  0.000683 61.260533    134.91    124.17     -7.10
   371732.924695 14.448572  0.000437 66.472732    119.65    -56.32    -11.45
   371826.047700 14.450934  0.000718 61.023181    103.92   -115.21      1.19
   371919.170704 14.452103  0.000750 64.274936     81.46    -17.71      0.88
   372012.293709 14.452647  0.000717 64.685586     69.84   -158.33      7.91
   372105.416713 14.452468  0.000693 60.850134     47.87   -135.07     -2.75
   372198.539717 14.453350  0.000699 66.329618     31.57      2.26      6.76
   372291.662722 14.451910  0.000430 61.470582     16.59    -59.97     -7.70
   372384.785726 14.453491  0.000639 63.891419     -6.10      0.65     -0.36
   372477.908731 14.454838  0.000671 64.699350    -17.92   -171.20      9.95
   372571.031735 14.456132  0.000739 61.061961    -39.70   -172.83     -4.98
   372664.154740 14.455738  0.000705 66.136323    -55.92    -60.55      1.33
   372757.277744 14.456723  0.000688 61.314229    -71.33   -171.92      9.16
   372850.400748 14.456941  0.000665 64.359485    -93.59   -131.89      8.71
   372943.523753 14.457115  0.000667 64.119968   -105.34     50.48     -2.30
   373036.646757 14.459144  0.000757 61.405184   -127.88      0.30      5.76
   373129.769762 14.457330  0.000518 66.302832   -142.89     91.17      5.45
   373222.892766 14.459186  0.000698 60.718577   -159.58    -35.38      3.61
   373316.015771 14.460861  0.000756 65.166408    178.99    -12.54     -5.56
   373409.138775 14.459167  0.000542 63.425881    167.20    130.72     -3.51
   373502.261779 14.460077  0.000598 61.899126    143.76     63.62     -2.53
   373595.384784 14.460770  0.000570 66.134554    130.37    140.31    -14.20
   373688.507788 14.461271  0.000598 60.530528    111.66    -19.61     -6.29
   373781.630793 14.462820  0.000730 65.764114     92.18    -37.41      0.20
   373874.753797 14.461015  0.000380 62.330853     79.10     83.13      2.35
   373967.876801 14.463162  0.000646 63.239275     55.77     -0.11     -4.64
   374060.999806 14.463301  0.000590 64.904039     43.75     32.05      4.81
   374154.122810 14.464795  0.000639 61.111319     22.16   -148.50     12.80
   374247.245815 14.465035  0.000675 66.176566      6.24   -169.43     -3.10
   374340.368819 14.465713  0.000657 60.865986    -10.07    -62.30     -6.52
   374433.491824 14.467538  0.000767 65.266795    -31.39   -179.28     -3.14
   374526.614828 14.466751  0.000684 62.931051    -43.41   -158.80     -3.83
   374619.737832 14.467895  0.000709 62.584021    -67.09     -1.17      7.38
   374712.860837 14.466830  0.000507 65.624593    -79.46    -39.95    -14.26
   374805.983841 14.468301  0.000666 60.568725   -100.19     35.81     -3.61
   374899.106846 14.467603  0.000473 66.349033   -117.20   -103.94      0.07
   374992.229850 14.468492  0.000507 61.134206   -132.56   -113.34     11.60
   375085.352855 14.469941  0.000672 64.828961   -154.45     48.35     -2.09
   375178.475859 14.471597  0.000740 63.150253   -166.45    -27.72     -5.00
   375271.598863 14.472113  0.000736 62.706770    170.10     30.68      5.78
   375364.721868 14.471714  0.000692 65.140974    157.73   -118.99     -2.30
   375457.844872 14.471517  0.000531 61.003524    136.41   -146.79     14.74
   375550.967877 14.473370  0.000704 66.316412    120.50     -0.12     -6.68
   375644.090881 14.473362  0.000677 60.605447    103.73    -95.69     -3.70
   375737.213886 14.473915  0.000618 65.721812     83.07    -34.99    -13.75
   375830.336890 14.473732  0.000545 62.222128     70.45    142.90     -6.50
   375923.459894 14.475330  0.000711 63.553117     46.88    113.86     -2.47
   376016.582899 14.475559  0.000618 64.459828     35.31   -156.52     14.42
   376109.705903 14.475224  0.000553 61.636837     12.45    110.76      2.74
   376202.828908 14.477148  0.000728 65.772181     -1.23    143.15      1.05
   376295.951912 14.477412  0.000631 60.796399    -20.96    -25.50    -14.67
   376389.074916 14.477492  0.000638 66.167313    -38.31    -89.19      4.05
   376482.197921 14.478218  0.000633 60.842323    -54.12      4.64      6.12
   376575.320925 14.477676  0.000468 65.569170    -75.27   -121.69     12.90
   376668.443930 14.479377  0.000658 62.171513    -87.77    -98.51      5.35
   376761.566934 14.479089  0.000540 63.758946   -111.38     75.55     -2.73
   376854.689939 14.482103  0.000779 64.199245   -122.82      7.48      3.01
   376947.812943 14.481158  0.000688 61.918127   -146.13     95.48      3.40
   377040.935947 14.482434  0.000732 65.514562   -159.02    -34.66     -3.68
   377134.058952 14.482382  0.000633 61.010275    179.99    -16.51    -12.17
   377227.181956 14.482623  0.000670 66.084794    164.35    117.22      2.15
   377320.304961 14.482271  0.000509 60.627883    146.39     43.85      7.39
   377413.427965 14.482864  0.000502 66.214317    127.56    135.76    -10.83
   377506.550970 14.484002  0.000625 60.974825    112.87    -22.80      1.00
   377599.673974 14.486223  0.000759 65.338455     90.96    -18.55     -2.42
   377692.796978 14.484110  0.000452 62.364823     78.68    119.70     -5.60
   377785.919983 14.485714  0.000643 63.806510     55.13     42.47     -1.91
   377879.042987 14.485505  0.000488 63.746644     43.57    110.45    -10.24
   377972.165992 14.486185  0.000527 62.638359     20.07    -43.41     -6.15
   378065.288996 14.487963  0.000708 64.722484      7.97    -65.02      0.47
   378158.412001 14.486792  0.000427 61.649305    -14.59     63.25      7.15
   378251.535005 14.488904  0.000651 65.795683    -28.05    -10.68     -8.65
   378344.658009 14.488788  0.000600 60.672571    -48.76     40.81     -1.04
   378437.781014 14.488893  0.000492 66.395683    -64.51   -138.11     15.47
   378530.904018 14.491258  0.000735 60.516784    -82.65   -141.46      0.65
   378624.027023 14.491336  0.000706 66.144725   -100.92    -18.50      3.25
   378717.150027 14.490101  0.000436 60.917330   -116.84   -121.39     12.11
   378810.273031 14.491455  0.000589 65.805608   -137.04    -58.23      1.01
   378903.396036 14.493283  0.000722 61.175391   -151.20    134.55     -0.46
   378996.519040 14.491922  0.000452 65.459274   -173.09    126.73    -13.25
   379089.642045 14.494279  0.000723 61.868026    174.32   -131.77      0.94
   379182.765049 14.495007  0.000731 64.536184    151.07    140.91     -4.20
   379275.888054 14.496428  0.000778 62.896834    139.34   -179.33     -2.63
   379369.011058 14.495201  0.000656 63.638997    115.68     14.83     -2.89
   379462.134062 14.496801  0.000740 63.482894    104.06    -20.56      1.24
   379555.257067 14.494978  0.000425 63.189356     80.44    101.39     -0.41
   379648.380071 14.496700  0.000640 64.025406     68.81     -0.65     -2.96
   379741.503076 14.496825  0.000533 62.483182     45.21     35.19      9.44
   379834.626080 14.498442  0.000654 64.867568     33.32   -145.88     12.87
   379927.749085 14.498380  0.000642 61.745036     10.28   -155.55     -2.44
   380020.872089 14.499736  0.000687 65.262942     -2.40    -37.01     -9.80
   380113.995093 14.500830  0.000735 61.560063    -24.60   -149.86      4.37
   380207.118098 14.500465  0.000698 65.361979    -37.96   -104.46     -1.57
   380300.241102 14.499354  0.000425 61.325298    -59.67     86.97     -3.45
   380393.364107 14.501785  0.000672 65.823959    -73.48     42.33      8.29
   380486.487111 14.501735  0.000641 60.847201    -94.61    164.70      3.41
   380579.610116 14.501143  0.000452 66.071071   -109.17     53.82     10.79
   380672.733120 14.501892  0.000499 60.853071   -129.52    105.62      3.51
   380765.856124 14.503919  0.000717 65.899215   -144.70    -63.79     -1.19
   380858.979129 14.502351  0.000383 60.931767   -164.73    -90.67     -0.99
   380952.102133 14.505394  0.000728 66.062490    179.94     23.62     -1.25
   381045.225138 14.505422  0.000684 60.623378    160.08    -70.61     -4.30
   381138.348142 14.506554  0.000697 66.300763    144.46    -20.79    -10.60
   381231.471146 14.505943  0.000599 60.629391    124.99    165.34     -5.85
   381324.594151 14.507396  0.000729 66.052350    109.08    134.87     -1.68
   381417.717155 14.505914  0.000423 60.871766     89.59   -120.35     13.89
   381510.840160 14.507529  0.000625 66.014134     73.91    159.46     -3.44
   381603.963164 14.508139  0.000587 60.711462     54.07   -161.04      8.18
   381697.086169 14.509576  0.000671 66.242479     38.68     27.12     11.93
   381790.209173 14.509680  0.000671 60.653476     18.72     23.75     -4.00
   381883.332177 14.510876  0.000730 65.998690      3.46    145.53     -3.05
   381976.455182 14.510672  0.000604 61.024362    -16.82     39.99     13.25
   382069.578186 14.511178  0.000676 65.731693    -31.52    102.73      2.80
   382162.701191 14.512229  0.000679 61.100233    -52.58    -42.32     -9.46
   382255.824195 14.510829  0.000436 65.817320    -66.55    -63.20     -6.70
   382348.947200 14.513056  0.000695 61.118420    -88.18     66.61     -2.81
   382442.070204 14.514562  0.000746 65.504101   -101.68    -20.64     -2.42
   382535.193208 14.514796  0.000708 61.666653   -123.77     35.03      6.25
   382628.316213 14.514642  0.000700 64.891853   -136.62   -113.02     -1.91
   382721.439217 14.513803  0.000455 62.163339   -159.56   -127.06      9.07
   382814.562222 14.516803  0.000760 64.635001   -171.60     15.84      0.06
   382907.685226 14.516480  0.000715 62.447996    164.85    -56.00      1.04
   383000.808231 14.517859  0.000734 64.109089    153.12      3.36      7.50
   383093.931235 14.517853  0.000716 63.224033    129.48   -133.81      4.82
   383187.054239 14.517296  0.000616 63.133351    117.82   -128.72     -2.21
   383280.177244 14.519301  0.000715 64.152507     94.09     12.57      9.12
   383373.300248 14.518041  0.000541 62.483562     82.44    -44.51     -4.30
   383466.423253 14.518819  0.000594 64.651871     58.99     34.62      1.86
   383559.546257 14.518196  0.000386 61.910581     46.56   -107.73      6.88
   383652.669261 14.520159  0.000626 65.362691     24.29    -89.93      5.27
   383745.792266 14.520329  0.000575 61.014177     10.40     77.06     -4.61
   383838.915270 14.522908  0.000752 66.162485    -10.31     13.53      6.76
   383932.038275 14.521716  0.000614 60.544410    -25.83    106.21      4.75
   384025.161279 14.523291  0.000715 66.229469    -44.74    -12.25      3.57
   384118.284284 14.524667  0.000750 60.715592    -62.41     12.56      3.97
   384211.407288 14.523732  0.000675 66.006565    -78.86   -168.63     -3.54
   384304.530292 14.525294  0.000739 60.924777    -99.11    150.32     -1.07
   384397.653297 14.523703  0.000476 65.726419   -113.19   -121.70     13.69
   384490.776301 14.524948  0.000627 61.561584   -135.41    145.74      2.51
   384583.899306 14.526673  0.000718 64.635634   -147.92    178.13      6.28
   384677.022310 14.527734  0.000751 62.981780   -171.30     15.01     -0.14
   384770.145315 14.526609  0.000628 63.148367    177.05    -16.49      0.82
   384863.268319 14.526944  0.000547 64.337469    153.27    121.68    -11.60
   384956.391323 14.529384  0.000758 62.066442    141.30     13.67     -0.19
   385049.514328 14.528738  0.000698 65.277342    118.70     75.06     -2.20
   385142.637332 14.527749  0.000442 61.051493    104.63    -77.88     -9.06
   385235.760337 14.528924  0.000546 66.194371     84.71   -104.59      8.96
   385328.883341 14.529768  0.000609 60.404920     67.60     44.24     -2.25
   385422.006346 14.531632  0.000704 66.289708     50.81    -23.45    -10.07
   385515.129350 14.532171  0.000730 60.998705     30.62     38.16      2.50
   385608.252354 14.531817  0.000663 65.123831     16.82    -98.50     -2.98
   385701.375359 14.530728  0.000390 62.473772     -6.05    -87.15     -2.49
   385794.498363 14.533238  0.000675 63.689040    -17.77     54.85      6.52
   385887.621368 14.533320  0.000645 63.944834    -41.68      4.53      5.67
   385980.744372 14.532289  0.000381 62.155816    -53.68    104.09     -6.77
   386073.867376 14.534205  0.000627 65.461018    -76.01    -15.65     -4.27
   386166.990381 14.535207  0.000648 60.704589    -90.70     -0.75      6.62
   386260.113385 14.537214  0.000772 66.419317   -109.68   -177.51     -0.28
   386353.236390 14.535591  0.000585 60.549788   -128.10    147.48     -0.99
   386446.359394 14.536013  0.000565 65.668009   -143.26    -98.67     -4.24
   386539.482399 14.538192  0.000699 62.006266   -165.28    170.29    -10.04
   386632.605403 14.537998  0.000693 63.916408   -177.43   -152.01     -3.31
   386725.728407 14.537492  0.000520 63.891620    158.69     37.45      9.34
   386818.851412 14.540083  0.000732 62.135528    146.80     20.96      6.55
   386911.974416 14.539081  0.000640 65.485725    124.45    164.93      0.25
   387005.097421 14.538786  0.000480 60.718117    109.39     92.44     -6.27
   387098.220425 14.540961  0.000664 66.341584     91.23    167.46    -10.08
   387191.343430 14.540757  0.000630 60.747902     71.59     21.47     -2.36
   387284.466434 14.541756  0.000638 65.248938     57.69     14.40     10.92
   387377.589438 14.543236  0.000747 62.773657     34.71   -169.94     -3.66
   387470.712443 14.542866  0.000696 62.782655     22.89    126.25      2.59
   387563.835447 14.542551  0.000529 65.157199     -0.44   -146.71     15.39
   387656.958452 14.542583  0.000485 60.991516    -13.92    107.33      2.33
   387750.081456 14.544511  0.000704 66.092961    -33.76    143.28      2.08
   387843.204461 14.545773  0.000700 60.842927    -52.18    -22.52     -8.77
   387936.327465 14.544354  0.000515 65.444368    -66.69    -60.55     -1.49
   388029.450469 14.545473  0.000609 62.361169    -89.61     66.96     -3.31
   388122.573474 14.547490  0.000718 63.238564   -101.37    -20.05    -10.22
   388215.696478 14.547622  0.000734 64.922894   -124.61     33.85     -0.29
   388308.819483 14.546724  0.000563 60.821732   -138.47   -116.60     -2.70
   388401.942487 14.547175  0.000507 66.420647   -157.76   -135.15     15.87
   388495.065491 14.549088  0.000703 60.732840   -176.77     32.98     -2.75
   388588.188496 14.549758  0.000727 65.008915    169.20    -33.65     -0.11
   388681.311500 14.549176  0.000547 63.232094    146.01     42.37     15.62
   388774.434505 14.549802  0.000611 62.243723    134.21    -72.63      3.87
   388867.557509 14.551596  0.000732 65.627280    111.54    -33.86     -3.03
   388960.680514 14.550985  0.000573 60.721817     96.28    154.21    -15.79
   389053.803518 14.551795  0.000679 65.907729     79.05    103.02      2.61
   389146.926522 14.551541  0.000516 61.677480     57.67   -143.59      9.90
   389240.049527 14.552105  0.000514 63.951827     45.49    142.25    -12.90
   389333.172531 14.553087  0.000636 64.365864     21.85   -167.20     -1.08
   389426.295536 14.553423  0.000555 61.141694      8.62     25.86     10.74
   389519.418540 14.555389  0.000714 66.332598    -11.04     28.80      7.09
   389612.541545 14.554608  0.000615 60.718766    -30.17   -174.13      0.02
   389705.664549 14.555496  0.000608 64.912835    -43.88    134.75    -12.63
   389798.787553 14.557080  0.000734 63.614572    -67.23   -148.11      3.37
   389891.910558 14.556913  0.000702 61.549739    -79.56     93.41     -1.85
   389985.033562 14.556923  0.000582 66.225526   -100.87    139.38    -14.46
   390078.156567 14.556658  0.000501 60.623592   -118.28    -51.69     -2.77
   390171.279571 14.558454  0.000700 65.153426   -133.15    -82.04     -2.21
   390264.402576 14.558670  0.000592 63.233453   -156.24     26.80     15.61
   390357.525580 14.558414  0.000528 62.057269   -168.13    -44.08     -4.74
   390450.648584 14.559503  0.000623 65.841843    169.84     14.85      4.51
   390543.771589 14.559756  0.000530 60.738155    152.96   -143.18     17.10
   390636.894593 14.561349  0.000708 65.342047    137.86   -125.57      3.69
   390730.017598 14.560789  0.000564 62.942196    114.75     35.30      4.84
   390823.140602 14.563329  0.000741 62.228898    102.82     -9.31     -6.61
   390916.263606 14.562511  0.000667 65.866571     81.07     82.63      4.09
   391009.386611 14.563903  0.000724 60.567192     63.72    -24.61      2.64
   391102.509615 14.565063  0.000753 65.389763     49.04     12.14      5.67
   391195.632620 14.564350  0.000698 63.193446     25.85   -141.60     -2.77
   391288.755624 14.564709  0.000632 61.690446     13.47   -172.21      9.39
   391381.878629 14.565750  0.000675 66.284794     -7.41    -12.95    -11.20
   391475.001633 14.566032  0.000698 60.651540    -25.86    -95.68      0.54
   391568.124637 14.567315  0.000737 64.665056    -39.67    -18.34      0.51
   391661.247642 14.567654  0.000709 64.225703    -63.03   -150.44      7.90
   391754.370646 14.567505  0.000692 60.898799    -76.13   -120.03     -2.45
   391847.493651 14.566822  0.000498 66.316015    -95.53     43.36     10.93
   391940.616655 14.569722  0.000760 61.489011   -115.76     21.47      1.27
   392033.739660 14.569007  0.000683 63.353190   -128.35    135.28      2.83
   392126.862664 14.568588  0.000500 65.360800   -151.59     38.70     14.61
   392219.985668 14.568820  0.000483 60.579790   -166.48    113.91     -0.09
   392313.108673 14.570636  0.000688 65.608155    176.81    -33.98      2.59
   392406.231677 14.572362  0.000742 62.907533    154.31    -14.79     -5.71
   392499.354682 14.570780  0.000523 61.993025    142.31    141.00     -6.68
   392592.477686 14.572109  0.000670 65.988047    120.79     93.51     -4.01
   392685.600691 14.574189  0.000755 61.012950    102.44   -172.86      6.94
   392778.723695 14.572875  0.000611 64.275030     89.00     80.77      6.38
   392871.846699 14.574405  0.000724 64.574320     65.41    142.00     -0.83
   392964.969704 14.575510  0.000728 60.856230     51.45    -11.94     -8.33
   393058.092708 14.574373  0.000612 65.863056     33.93    -22.24     -4.12
   393151.215713 14.575781  0.000695 62.453826     11.74    129.53     -5.12
   393244.338717 14.575042  0.000505 62.269085     -0.31     43.47     15.93
   393337.461721 14.575947  0.000621 65.984498    -21.73    156.63     -2.15
   393430.584726 14.576144  0.000536 60.920189    -40.41     32.91      8.06
   393523.707730 14.576158  0.000448 64.205271    -53.59     61.04     14.24
   393616.830735 14.578241  0.000702 64.840607    -76.92    -90.63      1.30
   393709.953739 14.577213  0.000465 60.596900    -91.91   -105.36     -1.53
   393803.076744 14.580134  0.000722 65.699993   -108.12     22.39      6.41
   393896.199748 14.579347  0.000647 63.160182   -131.00    -39.57      2.79
   393989.322752 14.579297  0.000527 61.367098   -143.73     32.42     10.85
   394082.445757 14.579169  0.000439 66.306117   -163.25    -79.57      0.60
   394175.568761 14.581258  0.000682 61.616075    175.95    -49.22      3.10
   394268.691766 14.582272  0.000671 62.764931    163.59    145.14    -11.62
   394361.814770 14.581101  0.000495 65.996275    141.64    114.87     -1.67
   394454.937775 14.582581  0.000639 60.669900    123.58   -111.29     -4.26
   394548.060779 14.584701  0.000749 64.200672    110.05    167.44     -2.04
   394641.183783 14.583889  0.000643 65.120404     86.97   -120.52      7.17
   394734.306788 14.584786  0.000710 60.389099     71.44    117.38     -0.50
   394827.429792 14.585455  0.000669 65.345092     55.90    153.14    -12.75
   394920.552797 14.584719  0.000564 63.992755     32.83    -32.31     -4.75
   395013.675801 14.586394  0.000703 60.676711     19.08    -63.10     -3.66
   395106.798806 14.585560  0.000497 66.058978      1.44     43.25     16.52
   395199.921810 14.586602  0.000612 62.893590    -20.84    -11.88     -4.39
   395293.044814 14.586687  0.000543 61.289235    -33.60     56.19     -1.04
   395386.167819 14.586538  0.000410 66.354969    -53.07    -65.88     -8.99
   395479.290823 14.587995  0.000589 62.008905    -74.15    -51.47      2.09
   395572.413828 14.589732  0.000702 62.000416    -86.65    128.91     -4.57
   395665.536832 14.587878  0.000378 66.362787   -107.49     99.23     -1.35
   395758.659836 14.590508  0.000698 61.346394   -127.35   -131.74     -2.76
   395851.782841 14.591686  0.000732 62.713016   -140.01    146.70     -4.38
   395944.905845 14.591943  0.000691 66.173954   -161.74   -150.00      9.63
   396038.028850 14.592062  0.000695 60.934978    179.49     89.32      0.64
   396131.151854 14.592071  0.000591 63.278914    166.47    120.45     -9.89
   396224.274859 14.591486  0.000453 65.950182    144.19    -62.52     -5.47
   396317.397863 14.593675  0.000703 60.690600    126.27    -93.41     -0.87
   396410.520867 14.593811  0.000603 63.714154    112.83     17.75     12.93
   396503.643872 14.593695  0.000538 65.717221     90.26    -33.62     -9.77
   396596.766876 14.594498  0.000605 60.582111     72.87     36.06     -1.54
   396689.889881 14.593911  0.000405 63.980852     59.17    -93.24     -2.58
   396783.012885 14.595037  0.000520 65.558852     36.46    -64.14     -0.77
   396876.135890 14.596921  0.000705 60.552178     19.35    118.28     -0.47
   396969.258894 14.595520  0.000410 64.071370      5.53     99.93     -7.25
   397062.381898 14.598171  0.000712 65.505197    -17.20   -135.49      4.48
   397155.504903 14.598540  0.000695 60.585374    -34.35    153.08      4.26
   397248.627907 14.597680  0.000484 64.020931    -48.11   -139.28     16.99
   397341.750912 14.598555  0.000586 65.530566    -70.79    117.96      2.06
   397434.873916 14.600445  0.000722 60.703708    -88.23    152.55      2.11
   397527.996921 14.601430  0.000720 63.782486   -101.73    -11.31     -7.73
   397621.119925 14.600281  0.000606 65.669233   -124.22    -28.63     -1.70
   397714.242929 14.601379  0.000646 60.886767   -142.23    118.39     -7.08
   397807.365934 14.601979  0.000622 63.396422   -155.37     28.84     15.18
   397900.488938 14.601894  0.000622 65.837558   -177.51    138.49      1.05
   397993.611943 14.602616  0.000585 61.233317    163.63     17.69     11.22
   398086.734947 14.602513  0.000501 62.832197    150.87     53.81     14.72
   398179.857951 14.604122  0.000704 65.991812    129.34    -89.82      1.10
   398272.980956 14.603244  0.000467 61.749622    109.47    -82.88     -8.17
   398366.103960 14.604896  0.000603 62.151346     96.92     43.17     13.04
   398459.226965 14.605177  0.000640 66.042170     76.41      7.45     -1.14
   398552.349969 14.605463  0.000549 62.483958     55.37    127.22    -14.24
   398645.472974 14.607867  0.000747 61.428368     42.68     11.98     -3.29
   398738.595978 14.607071  0.000679 65.848763     23.58     68.95     -2.52
   398831.718982 14.606227  0.000434 63.458775      1.47    -64.12    -13.47
   398924.841987 14.606981  0.000487 60.789118    -11.95    -75.07      2.73
   399017.964991 14.608814  0.000690 65.319981    -29.24     95.70     -2.53
   399111.087996 14.608191  0.000480 64.545401    -52.03     44.52     14.22
   399204.211000 14.610052  0.000668 60.488370    -66.91   -178.09     -7.25
   399297.334005 14.610286  0.000670 64.363849    -82.24     91.78     -3.50
   399390.457009 14.612249  0.000749 65.595369   -105.02    169.93     -6.40
   399483.580013 14.612024  0.000727 60.696849   -122.09     33.03     -1.88
   399576.703018 14.610999  0.000554 63.087833   -135.78     54.31     -0.67
   399669.826022 14.611640  0.000526 66.272724   -157.50   -138.05     16.32
   399762.949027 14.613332  0.000708 61.595152   -177.09   -139.57     -2.00
   399856.072031 14.613893  0.000696 61.702025    169.93    -13.77      4.71
   399949.195036 14.612303  0.000406 66.267861    150.37    -66.58     -8.63
   400042.318040 14.614423  0.000666 63.084755    128.59     21.24     -3.62
   400135.441044 14.613939  0.000512 60.714335    114.75    -91.48     -6.55
   400228.564049 14.614443  0.000479 65.346923     98.10    -39.85    -15.27
   400321.687053 14.615672  0.000638 64.737739     75.26    148.49      1.65
   400414.810058 14.617645  0.000727 60.670569     58.98    152.10     -4.10
   400507.933062 14.615892  0.000468 63.606792     45.05    -48.93    -10.44
   400601.056066 14.617765  0.000694 65.885871     23.03   -101.70     -0.85
   400694.179071 14.619040  0.000701 61.823524      3.47      1.97      7.97
   400787.302075 14.617249  0.000440 61.685947     -9.36    -93.19      7.26
   400880.425080 14.618922  0.000655 65.819942    -28.67    -20.82      2.40
   400973.548084 14.620127  0.000647 63.892054    -50.84   -164.91     13.51
   401066.671089 14.620948  0.000704 60.542946    -65.20   -138.54      5.44
   401159.794093 14.620283  0.000618 64.326330    -80.89     46.73     -1.88
   401252.917097 14.622023  0.000681 65.803210   -103.43     14.42     10.82
   401346.040102 14.621492  0.000605 61.115159   -121.43    167.41     -7.51
   401439.163106 14.622375  0.000665 62.034049   -134.74     93.12     -3.57
   401532.286111 14.624456  0.000765 66.313655   -154.84    179.99      1.94
   401625.409115 14.623550  0.000674 63.240837   -176.39     67.55      5.64
   401718.532120 14.624349  0.000701 60.506265    169.32    122.07     -4.23
   401811.655124 14.624640  0.000624 64.809346    153.41    -23.95    -14.84
   401904.778128 14.624387  0.000604 65.476728    130.92    -31.19     -1.07
   401997.901133 14.626007  0.000693 61.166340    112.68    134.69     -4.60
   402091.024137 14.624296  0.000392 62.165114     99.56     79.18      6.77
   402184.147142 14.626685  0.000688 65.934056     79.82   -151.90     -2.50
   402277.270146 14.627399  0.000676 63.749074     57.80    133.97     -8.07
   402370.393151 14.629100  0.000762 60.643743     43.17   -165.67      3.89
   402463.516155 14.628389  0.000711 63.874130     27.97     69.67      0.38
   402556.639159 14.627860  0.000540 66.049013      5.77    117.32    -11.22
   402649.762164 14.627697  0.000448 61.935234    -13.52    -55.26     -6.94
   402742.885168 14.629855  0.000689 61.058330    -26.87    -77.45      1.80
   402836.008173 14.628754  0.000443 65.625569    -45.02     72.20      1.28
   402929.131177 14.631744  0.000735 64.925832    -67.36     22.11      1.65
   403022.254181 14.631320  0.000680 60.591252    -84.12    126.82      2.86
   403115.377186 14.631640  0.000607 62.696648    -97.91     18.06     13.95
   403208.500190 14.631092  0.000496 66.181815   -118.25     92.22      5.55
   403301.623195 14.633076  0.000702 63.348738   -139.88    -37.78      2.31
   403394.746199 14.634838  0.000751 60.662036   -154.53    -11.56     -3.86
   403487.869204 14.633755  0.000637 63.893312   -169.66    171.85     -7.95
   403580.992208 14.634703  0.000703 65.965497    168.38    147.02      1.46
   403674.115212 14.633478  0.000440 62.455654    148.46    -55.37    -14.40
   403767.238217 14.636009  0.000711 60.772554    134.88   -135.67      1.98
   403860.361221 14.636410  0.000717 64.801268    117.84    -35.69      1.03
   403953.484226 14.636315  0.000598 65.800571     95.57   -149.72     16.63
   404046.607230 14.636616  0.000629 61.353585     77.09    -79.46      4.91
   404139.730235 14.638296  0.000724 61.321171     63.51    141.88     -1.61
   404232.853239 14.638806  0.000690 65.663384     45.40    167.61    -10.07
   404325.976243 14.638007  0.000616 64.963757     23.06    -20.96     -1.12
   404419.099248 14.639670  0.000696 61.035924      5.55    -39.87     -5.20
   404512.222252 14.637844  0.000396 61.988209     -7.90     81.03      6.73
   404605.345257 14.640007  0.000673 65.654602    -27.03     28.19     -2.84
   404698.468261 14.640750  0.000640 64.788524    -49.30    136.44    -10.94
   404791.591266 14.642501  0.000759 60.888934    -65.90     18.81      1.72
   404884.714270 14.641809  0.000697 61.980258    -79.78     75.59     -1.42
   404977.837274 14.641490  0.000543 66.037903    -99.38    -55.31    -12.28
   405070.960279 14.641730  0.000515 64.565816   -121.26    -40.13     -8.19
   405164.083283 14.643324  0.000681 60.586535   -137.85    125.67      2.41
   405257.206288 14.642582  0.000475 62.331737   -151.80    114.48    -12.04
   405350.329292 14.644251  0.000638 65.966995   -171.26   -128.31      9.11
   405443.452296 14.644424  0.000640 64.437414    166.63    178.41      4.02
   405536.575301 14.643484  0.000387 60.956162    150.00    -69.05    -11.06
   405629.698305 14.645999  0.000667 62.014777    136.22   -177.46     -7.24
   405722.821310 14.645672  0.000593 65.716379    116.80   -121.79     -1.72
   405815.944314 14.645128  0.000392 65.020122     94.80    106.35     -6.88
   405909.067319 14.646465  0.000549 60.909118     77.70    116.54      2.94
   406002.190323 14.648296  0.000698 61.562861     63.77    -58.67     -2.98
   406095.313327 14.646557  0.000376 65.711375     45.27    -70.55     -8.51
   406188.436332 14.649178  0.000705 65.177058     23.18     64.89      2.14
   406281.559336 14.649564  0.000653 61.411613      4.92      3.15      8.71
   406374.682341 14.648384  0.000412 61.283937     -8.74    124.67    -11.50
   406467.805345 14.650386  0.000670 64.820082    -26.22     22.25     -3.38
   406560.928350 14.649950  0.000512 65.852790    -48.31     96.68     -7.18
   406654.051354 14.650895  0.000542 62.306192    -67.54    -27.75    -13.98
   406747.174358 14.651479  0.000599 60.492480    -81.76    -14.88     -0.25
   406840.297363 14.653465  0.000726 64.056159    -97.95    170.22      4.32
   406933.420367 14.653888  0.000707 66.260176   -119.17    176.95     -8.55
   407026.543372 14.653418  0.000664 63.172240   -139.98    -38.98      3.13
   407119.666376 14.652624  0.000441 60.621362   -155.34    -72.03    -10.98
   407212.789381 14.655551  0.000723 62.764386   -169.90     26.66      3.36
   407305.912385 14.655212  0.000696 65.840438    170.04    -52.00      1.64
   407399.035389 14.655814  0.000634 64.863419    148.28     18.52     13.22
   407492.158394 14.655239  0.000531 61.063197    131.16    -95.89      7.47
   407585.281398 14.657005  0.000702 61.185825    117.06    -50.53      2.00
   407678.404403 14.658412  0.000739 65.191335     99.26    163.60     -7.94
   407771.527407 14.657492  0.000638 65.818749     77.52    170.92     -6.81
   407864.650411 14.658702  0.000713 62.422305     57.76    -28.35      2.29
   407957.773416 14.657743  0.000490 60.679260     43.15    -42.29    -16.81
   408050.896420 14.659356  0.000670 63.172836     27.81     65.02      5.36
   408144.019425 14.659744  0.000653 66.042323      7.24      1.31      5.35
   408237.142429 14.658565  0.000397 64.659325    -14.15    114.09     -9.35
   408330.265434 14.660577  0.000631 60.874743    -31.15      6.90     -4.97
   408423.388438 14.660085  0.000502 61.269648    -45.42     59.39      0.24
   408516.511442 14.659955  0.000376 65.028420    -62.96    -73.14     -5.51
   408609.634447 14.662004  0.000644 65.846405    -84.61    -53.39      2.21
   408702.757451 14.663497  0.000697 63.037374   -104.78    145.44     -7.52
   408795.880456 14.662135  0.000468 60.608288   -119.92    136.77    -12.03
   408889.003460 14.664029  0.000691 62.313868   -134.81    -87.89      2.24
   408982.126465 14.663395  0.000506 65.826832   -154.31   -139.01      9.33
   409075.249469 14.665652  0.000707 65.448765   -175.92     -2.62     -7.88
   409168.372473 14.665656  0.000701 61.737602    165.38    -88.60     -1.37
   409261.495478 14.667476  0.000760 60.714128    150.80    -11.26      1.08
   409354.618482 14.666772  0.000667 63.477883    135.06   -136.77      9.44
   409447.741487 14.667116  0.000699 65.941580    114.54    -75.61     -1.52
   409540.864491 14.667679  0.000626 64.883883     93.13    149.26    -13.15
   409633.987496 14.667338  0.000558 61.301103     75.64    156.59     -7.60
   409727.110500 14.668802  0.000689 60.717187     61.16    -39.70      2.88
   409820.233504 14.668417  0.000534 64.149118     44.55    -41.99    -16.31
   409913.356509 14.669065  0.000604 66.108866     23.81     79.70      6.30
   410006.479513 14.669311  0.000574 64.291121      2.56     30.00      4.76
   410099.602518 14.670714  0.000615 61.271906    -14.53    157.58    -14.82
   410192.725522 14.671518  0.000708 60.881335    -28.88     50.69      1.19
   410285.848526 14.672042  0.000701 64.078368    -45.92    130.96     -3.83
   410378.971531 14.673593  0.000754 66.332771    -66.69      6.12      1.56
   410472.094535 14.672932  0.000703 64.228476    -87.69     52.52     -0.44
   410565.217540 14.671980  0.000495 61.161917   -105.07    -96.26     -6.00
   410658.340544 14.671875  0.000392 61.035992   -119.43   -106.80     10.44
   410751.463549 14.674414  0.000707 63.740264   -136.14     74.05      1.38
   410844.586553 14.673510  0.000486 66.192073   -156.85     45.60      8.65
   410937.709557 14.676393  0.000750 64.826267   -177.90   -164.66      0.71
   411030.832562 14.675467  0.000644 61.349965    164.20    136.87      3.16
   411123.955566 14.674692  0.000430 60.720542    149.45   -119.20      4.42
   411217.078571 14.676844  0.000625 63.330986    133.54    166.36    -11.80
   411310.201575 14.677067  0.000664 65.758971    113.53   -125.99     -2.35
   411403.324580 14.676868  0.000512 65.515956     92.09    129.72    -16.13
   411496.447584 14.677931  0.000604 62.290135     73.36    166.76     -9.80
   411589.570588 14.678383  0.000615 60.338172     57.95     -1.46      4.10
   411682.693593 14.680456  0.000730 62.356070     42.72      4.85      7.00
   411775.816597 14.680345  0.000700 65.258384     24.12   -168.38     -4.11
   411868.939602 14.680352  0.000675 65.894119      2.70    166.37      3.96
   411962.062606 14.680757  0.000593 63.740944    -17.38    -28.97    -15.22
   412055.185611 14.681143  0.000629 60.758242    -33.86   -104.20      6.98
   412148.308615 14.681431  0.000607 60.963354    -48.76      7.39      6.18
   412241.431619 14.680761  0.000412 64.108344    -65.67    -54.91    -15.34
   412334.554624 14.682938  0.000683 65.967086    -86.02     16.81     -3.76
   412427.677628 14.682381  0.000523 65.117332   -107.29    -92.79     -4.97
   412520.800633 14.683147  0.000521 62.276870   -125.72    -31.85    -15.09
   412613.923637 14.683872  0.000596 60.335817   -141.09    168.99     -2.47
   412707.046641 14.685218  0.000664 62.023081   -156.53    177.96      7.16
   412800.169646 14.686908  0.000764 65.139455   -174.80      8.60      1.35
   412893.292650 14.685512  0.000637 65.964588    164.17      3.95     -1.84
   412986.415655 14.687695  0.000754 64.360528    143.54    161.65     -2.52
   413079.538659 14.685412  0.000437 61.466621    126.16    124.38     -6.58
   413172.661664 14.687388  0.000664 60.408334    111.03   -116.06     -3.53
   413265.784668 14.689240  0.000741 62.774859     95.04    167.74      0.94
   413358.907672 14.687472  0.000505 65.488955     76.10   -104.99      8.65
   413452.030677 14.688734  0.000652 65.857679     54.92    163.43      2.85
   413545.153681 14.688515  0.000495 64.032462     34.75   -142.95     16.00
   413638.276686 14.688833  0.000500 61.167266     17.70     96.99      5.27
   413731.399690 14.690924  0.000704 60.495064      2.49    133.79      2.32
   413824.522695 14.692276  0.000732 62.950157    -13.64    -15.93     -8.45
   413917.645699 14.691297  0.000627 65.392792    -32.67    -10.43     -7.10
   414010.768703 14.692447  0.000707 65.947317    -53.80    154.93      2.27
   414103.891708 14.692380  0.000587 64.222343    -73.93    151.50    -15.53
   414197.014712 14.692639  0.000606 61.265773    -91.29    -87.41      5.70
   414290.137717 14.692593  0.000527 60.466133   -106.69   -136.26      1.57
   414383.260721 14.695183  0.000716 62.509134   -122.49    -12.18    -10.21
   414476.383726 14.694719  0.000684 64.902350   -141.06   -105.52      3.47
   414569.506730 14.695984  0.000730 66.152799   -161.93    -16.21      2.65
   414662.629734 14.695178  0.000565 64.872351    177.62   -135.52     14.98
   414755.752739 14.695959  0.000656 61.903433    159.32    -65.94      3.38
   414848.875743 14.697733  0.000729 60.532478    143.44    159.11      0.52
   414941.998748 14.698528  0.000744 61.560956    128.16   -171.62     -1.79
   415035.121752 14.697368  0.000648 63.850107    110.61     25.15     -3.18
   415128.244756 14.698249  0.000628 66.046805     90.51     13.91     11.72
   415221.367761 14.699863  0.000755 65.754647     69.77   -164.75     -0.24
   415314.490765 14.698788  0.000631 63.287150     50.12    167.58      3.20
   415407.613770 14.699702  0.000611 61.220808     33.08    -34.91    -14.57
   415500.736774 14.699734  0.000576 60.594606     17.83   -115.15      9.76
   415593.859779 14.700171  0.000605 62.173439      1.60      5.03      1.67
   415686.982783 14.699989  0.000461 64.989138    -16.88    -60.10    -13.20
   415780.105787 14.702465  0.000721 66.124630    -37.21     16.79     -2.77
   415873.228792 14.702041  0.000648 65.128397    -57.97    -85.96     -4.87
   415966.351796 14.703434  0.000679 63.038441    -76.89    -18.18    -12.95
   416059.474801 14.703569  0.000680 60.729488    -93.44   -161.51     -5.17
   416152.597805 14.702761  0.000534 60.623169   -109.05   -137.69      2.08
   416245.720810 14.703147  0.000471 62.726576   -125.38     45.94     16.17
   416338.843814 14.704951  0.000679 64.850830   -143.97     65.13      3.36
   416431.966818 14.704267  0.000529 66.103915   -164.49   -115.40     -0.76
   416525.089823 14.705914  0.000620 65.461189    175.07   -148.75     13.86
   416618.212827 14.706037  0.000645 62.904788    156.01     16.50     -3.69
   416711.335832 14.707779  0.000728 61.011827    138.98    -30.67     -3.00
   416804.458836 14.705651  0.000411 60.682758    123.51     73.89     10.89
   416897.581841 14.707365  0.000620 61.895360    107.28     14.47     -2.89
   416990.704845 14.707694  0.000552 64.452693     89.07    118.18    -10.81
   417083.827849 14.710025  0.000747 66.077313     69.23     11.35     -0.61
   417176.950854 14.709426  0.000696 65.645055     48.58     83.83     -1.08
   417270.073858 14.710517  0.000682 64.142781     28.83    -29.09     -9.50
   417363.196863 14.711283  0.000719 61.803964     11.15     10.40     -5.18
   417456.319867 14.710261  0.000596 60.348742     -5.10   -141.36     -2.49
   417549.442871 14.710131  0.000461 61.186371    -20.90   -142.27     16.17
   417642.565876 14.712031  0.000658 63.002014    -37.78     51.23      8.40
   417735.688880 14.711821  0.000608 64.987291    -56.80     57.98     -2.46
   417828.811885 14.712839  0.000605 66.299674    -77.02   -155.40     14.76
   417921.934889 14.713749  0.000697 65.414576    -97.31   -165.39     -3.87
   418015.057894 14.714325  0.000710 63.464256   -116.72    -31.58      1.67
   418108.180898 14.712360  0.000350 61.653147   -134.16    -80.04     -4.96
   418201.303902 14.715374  0.000705 60.370124   -150.20     30.04     -3.34
   418294.426907 14.715992  0.000705 61.046410   -166.32    -49.31     -3.65
   418387.549911 14.716483  0.000661 63.137824    176.67     22.81     12.47
   418480.672916 14.715986  0.000623 64.866009    157.90    -70.37      3.55
   418573.795920 14.717421  0.000697 66.094558    137.72     -4.76      5.51
   418666.918925 14.717079  0.000572 65.847049    117.50   -138.54     14.06
   418760.041929 14.717984  0.000680 63.909204     97.96    -83.63      2.22
   418853.164933 14.718773  0.000664 62.091177     79.84    139.11    -10.03
   418946.287938 14.718562  0.000574 60.754655     63.42    160.18    -14.51
   419039.410942 14.719055  0.000623 60.473491     47.35    -32.35      3.33
   419132.533947 14.720942  0.000718 62.067683     30.70    -27.41     -7.38
   419225.656951 14.719339  0.000486 64.022156     12.88    137.67     -9.56
   419318.779956 14.721091  0.000698 65.422189     -6.57    101.82     -0.26
   419411.902960 14.720006  0.000440 66.265429    -26.78   -127.21     11.10
   419505.025964 14.722802  0.000729 65.373942    -46.74   -163.99     -1.96
   419598.148969 14.722741  0.000704 63.517204    -66.02    -47.68      1.00
   419691.271973 14.721699  0.000447 61.949708    -83.79   -137.32     16.94
   419784.394978 14.722811  0.000568 60.553050   -100.27    -19.11     -7.50
   419877.517982 14.723098  0.000556 60.535530   -116.57   -120.73     -2.66
   419970.640986 14.724032  0.000545 62.016621   -133.17    -35.50    -16.17
   420063.763991 14.725215  0.000682 63.598360   -150.93   -165.59     -4.63
   420156.886995 14.724668  0.000561 65.231054   -170.16   -115.89     -2.00
   420250.010000 14.724179  0.000380 66.282336    169.98    112.12     -9.00
   420343.133004 14.725806  0.000591 65.649575    149.93    132.76      0.72
   420436.256009 14.727886  0.000732 64.464137    130.28    -26.30     -0.35
   420529.379013 14.728218  0.000679 62.839349    111.96     -8.38    -11.16
   420622.502017 14.727357  0.000594 61.008551     94.66    155.60      0.94
   420715.625022 14.729356  0.000707 60.506969     78.08    146.49     -4.93
   420808.748026 14.727463  0.000422 60.966680     61.87    -56.35     -8.82
   420901.871031 14.729698  0.000688 61.983764     44.84   -101.69      0.42
   420994.994035 14.729546  0.000569 63.900403     26.70     21.57     11.60
   421088.117040 14.730781  0.000643 65.416081      7.74    -11.28    -11.83
   421181.240044 14.731143  0.000700 65.909360    -12.13     92.23     -0.61
   421274.363048 14.732448  0.000712 66.041942    -32.14      6.53      9.36
   421367.486053 14.730785  0.000489 64.860169    -51.59    106.57      2.21
   421460.609057 14.732003  0.000604 63.167644    -70.47      8.65      3.26
   421553.732062 14.731165  0.000368 61.904096    -88.21     82.65      0.74
   421646.855066 14.732666  0.000531 60.670678   -105.01    -29.92     -6.46
   421739.978071 14.733477  0.000591 60.359456   -121.66     10.45      3.90
   421833.101075 14.733461  0.000479 61.313853   -138.31   -142.87     17.32
   421926.224079 14.734633  0.000603 62.404396   -155.54   -102.63      7.41
   422019.347084 14.735635  0.000670 63.905849   -173.92    112.43     -5.54
   422112.470088 14.734779  0.000460 65.488042    167.09    136.41    -17.69
   422205.593093 14.735898  0.000597 65.923072    147.49    -61.26      2.46
   422298.716097 14.736998  0.000641 65.993636    127.56    -57.63     -7.60
   422391.839101 14.735735  0.000381 65.405489    108.09     97.70     -0.42
   422484.962106 14.738285  0.000700 63.826868     89.08     69.32      0.87
   422578.085110 14.737979  0.000565 62.562746     70.71   -157.79     11.11
   422671.208115 14.739867  0.000697 61.405378     53.38    175.00     -9.84
   422764.331119 14.739568  0.000678 60.389868     36.40    -75.30      3.01
   422857.454124 14.739221  0.000515 60.597416     19.59   -152.64     13.36
   422950.577128 14.740061  0.000559 61.250184      2.84    -23.09    -13.40
   423043.700132 14.740944  0.000659 62.141083    -14.66   -119.17     -2.67
   423136.823137 14.742357  0.000696 63.752429    -32.83    -28.58     -7.44
   423229.946141 14.742725  0.000698 64.964037    -51.47   -147.27      7.38
   423323.069146 14.742701  0.000702 65.617082    -70.88    -71.44     -0.16
   423416.192150 14.744578  0.000759 66.275817    -90.49    169.61     -2.28
   423509.315155 14.744263  0.000722 65.846228   -109.98   -145.75      2.22
   423602.438159 14.743573  0.000611 64.987059   -129.47     82.17     -4.68
   423695.561163 14.742960  0.000412 64.148579   -148.30    122.90    -14.64
   423788.684168 14.744105  0.000544 62.642489   -166.54    -50.72      0.21
   423881.807172 14.746054  0.000708 61.513256    175.59    -37.96      0.18
   423974.930177 14.746353  0.000627 60.948160    158.41    158.61    -13.86
   424068.053181 14.745632  0.000541 60.349136    141.48    138.73     -0.47
   424161.176186 14.747536  0.000693 60.582586    124.35    -51.68     -4.52
   424254.299190 14.745508  0.000345 61.449165    107.26    -75.98     -4.29
   424347.422194 14.748304  0.000696 62.125704     89.67     66.26      1.40
   424440.545199 14.748057  0.000585 63.404764     71.45     18.29      9.65
   424533.668203 14.749666  0.000670 64.632319     53.00    169.51    -10.58
   424626.791208 14.749479  0.000673 65.224796     34.00     99.62      2.65
   424719.914212 14.749434  0.000562 66.002255     14.63   -153.51     11.20
   424813.037216 14.750185  0.000583 66.223500     -4.64    157.35    -13.64
   424906.160221 14.750976  0.000681 65.709349    -24.09   -115.44     -2.34
   424999.283225 14.752684  0.000728 65.424023    -43.36    158.73     -6.52
   425092.406230 14.752383  0.000668 64.469550    -62.15   -135.14      7.97
   425185.529234 14.752766  0.000700 63.309781    -80.83    125.52      0.57
   425278.652239 14.754250  0.000730 62.601505    -99.00   -176.22      6.51
   425371.775243 14.753615  0.000641 61.539906   -116.68     58.37      7.24
   425464.898247 14.754274  0.000686 60.762681   -134.32    115.23     -1.61
   425558.021252 14.755595  0.000711 60.671763   -151.60    -17.87     -9.36
   425651.144256 14.755364  0.000677 60.407822   -168.74     10.06     -6.52
   425744.267261 14.754715  0.000562 60.623328    173.78   -156.77      4.23
   425837.390265 14.755924  0.000595 61.427014    156.38   -153.89     16.64
   425930.513270 14.756922  0.000699 61.890616    138.72     49.34      1.08
   426023.636274 14.755961  0.000526 62.782224    120.57     49.50      1.90
   426116.759278 14.757525  0.000602 63.874719    102.36   -150.66     14.54
   426209.882283 14.758196  0.000684 64.401579     83.82   -148.41     -2.45
   426303.005287 14.758690  0.000659 65.201289     64.87      0.45      7.20
   426396.128292 14.759713  0.000678 65.880221     46.00    -10.64    -11.75
   426489.251296 14.759211  0.000652 65.861866     26.88    117.96      2.74
   426582.374301 14.758398  0.000435 66.180112      7.65     77.37     -0.66
   426675.497305 14.761603  0.000732 66.064243    -11.34   -159.25      3.43
   426768.620309 14.760768  0.000657 65.481112    -30.45    142.45      2.75
   426861.743314 14.759810  0.000408 65.274548    -49.40   -102.29      0.96
   426954.866318 14.762819  0.000719 64.597170    -68.02   -171.82     -4.24
   427047.989323 14.762670  0.000698 63.717535    -86.70    -75.97     -1.14
   427141.112327 14.764065  0.000712 63.323016   -105.10   -174.86      8.96
   427234.235331 14.762441  0.000520 62.470412   -123.19    -88.97      6.45
   427327.358336 14.763793  0.000643 61.742042   -141.38    169.37      5.38
   427420.481340 14.763065  0.000437 61.495013   -159.23   -132.21     16.31
   427513.604345 14.763886  0.000522 60.842065   -176.91    126.15      0.05
   427606.727349 14.765329  0.000625 60.527432    165.24    176.21      6.01
   427699.850354 14.765391  0.000538 60.627514    147.65     33.34     17.14
   427792.973358 14.766032  0.000606 60.352548    130.07     85.03      6.87
   427886.096362 14.767505  0.000702 60.484401    112.22    -49.36     -3.18
   427979.219367 14.768320  0.000682 60.928330     94.58    -12.56    -12.12
   428072.342371 14.767500  0.000611 60.937263     76.79   -178.45     -4.69
   428165.465376 14.768482  0.000631 61.453140     58.73   -176.62      9.11
   428258.588380 14.770174  0.000735 62.028750     40.86     15.73      4.84
   428351.711385 14.769195  0.000646 62.205400     22.74     26.65     -3.88
   428444.834389 14.769871  0.000627 62.870108      4.42   -170.93      9.90
   428537.957393 14.771769  0.000751 63.437790    -13.74   -171.31     -0.89
   428631.080398 14.770297  0.000609 63.606581    -32.18     -8.92     -0.01
   428724.203402 14.772436  0.000728 64.298643    -50.73    -25.13     -6.62
   428817.326407 14.770424  0.000442 64.669338    -69.12    124.33     -6.15
   428910.449411 14.772418  0.000683 64.789978    -87.79     85.34     -2.34
   429003.572416 14.772433  0.000563 65.398621   -106.43   -153.74     15.07
   429096.695420 14.773726  0.000676 65.526607   -124.95    179.97     -7.06
   429189.818424 14.774060  0.000699 65.573595   -143.73    -60.17     -0.36
   429282.941429 14.773070  0.000452 66.041433   -162.39   -135.92     15.37
   429376.064433 14.774977  0.000665 65.952726    179.02     -0.26     -6.71
   429469.187438 14.775280  0.000659 65.956106    160.21    -73.59     -4.63
   429562.310442 14.776941  0.000709 66.278384    141.59     13.67     10.04
   429655.433446 14.775599  0.000581 65.989384    122.98    -62.54      2.39
   429748.556451 14.776230  0.000581 66.032438    104.22     23.99      7.05
   429841.679455 14.775878  0.000435 66.183711     85.69    -50.35    -14.20
   429934.802460 14.777727  0.000663 65.814172     67.11     18.10     -3.60
   430027.925464 14.777340  0.000524 65.866001     48.42    -84.88     -6.56
   430121.048469 14.779374  0.000663 65.917002     29.97    -11.71    -12.39
   430214.171473 14.779219  0.000676 65.497897     11.40   -138.98     -2.65
   430307.294477 14.778518  0.000470 65.635119     -7.22    -73.28    -11.06
   430400.417482 14.779949  0.000578 65.542911    -25.60    159.31    -12.87
   430493.540486 14.780236  0.000616 65.181515    -44.16   -167.17     -0.05
   430586.663491 14.780127  0.000475 65.362127    -62.67     41.02     12.62
   430679.786495 14.780622  0.000492 65.197520    -81.00     80.73      7.69
   430772.909500 14.782417  0.000697 64.903598    -99.53    -61.73      0.71
   430866.032504 14.783477  0.000686 65.135011   -117.98    -24.60    -11.42
   430959.155508 14.783143  0.000626 64.906996   -136.28    172.31     -9.11
   431052.278513 14.783496  0.000645 64.734168   -154.83    173.79      4.68
   431145.401517 14.785722  0.000747 64.986888   -173.19      3.52      4.39
   431238.524522 14.784999  0.000681 64.703970    168.50     16.15     -3.98
   431331.647526 14.784895  0.000616 64.675770    149.98   -173.20      5.65
   431424.770531 14.787177  0.000745 64.918507    131.69   -175.53      2.43
   431517.893535 14.785964  0.000638 64.645868    113.38      1.75     -5.16
   431611.016539 14.787293  0.000709 64.724882     94.87    -20.58      2.90
   431704.139544 14.787109  0.000601 64.962814     76.62    158.70    -16.46
   431797.262548 14.787275  0.000631 64.683948     58.27    114.77      3.11
   431890.385553 14.787014  0.000491 64.918869     39.82    -82.07     -8.49
   431983.508557 14.788436  0.000583 65.075401     21.62   -138.51     13.76
   432076.631561 14.788755  0.000634 64.862555      3.27     20.02     -2.72
   432169.754566 14.790653  0.000723 65.177301    -15.11    -22.24     -2.72
   432262.877570 14.788479  0.000418 65.300375    -33.27    110.74     -3.42
   432356.000575 14.790509  0.000668 65.126054    -51.62     58.56     -2.45
   432449.123579 14.792396  0.000739 65.522645    -69.94    175.76      4.72
   432542.246584 14.790217  0.000460 65.548365    -88.06    124.61     -4.93
   432635.369588 14.791629  0.000624 65.459720   -106.40   -121.76     -2.52
   432728.492592 14.794018  0.000752 65.873720   -124.61    170.15     -3.09
   432821.615597 14.792155  0.000534 65.802021   -142.69    -92.87      6.54
   432914.738601 14.793031  0.000606 65.775516   -160.97   -165.26      2.51
   433007.861606 14.792952  0.000480 66.149512   -179.09    -46.92    -16.99
   433100.984610 14.795186  0.000717 65.986258    162.88   -149.32     -0.12
   433194.107615 14.795340  0.000696 65.977768    144.63    -54.96     -2.89
   433287.230619 14.796383  0.000693 66.270143    126.59   -163.26     12.11
   433380.353623 14.795365  0.000593 65.955743    108.56    -71.87      3.64
   433473.476628 14.796479  0.000639 65.977002     90.36   -175.44      7.14
   433566.599632 14.795139  0.000374 66.083350     72.40    -98.63      5.42
   433659.722637 14.796899  0.000601 65.650019     54.36    160.50     -1.97
   433752.845641 14.796974  0.000523 65.594827     36.18   -139.27      6.53
   433845.968646 14.796727  0.000399 65.521054     18.20    122.91    -11.62
   433939.091650 14.798383  0.000615 64.927491      0.07    174.24     -1.89
   434032.214654 14.798254  0.000489 64.821003    -18.18     39.69     10.63
   434125.337659 14.798209  0.000399 64.492955    -36.24    103.90     -0.12
   434218.460663 14.800002  0.000625 63.808218    -54.56    -27.41      2.16
   434311.583668 14.801144  0.000633 63.632413    -72.93     10.92     11.45
   434404.706672 14.801004  0.000577 63.126873    -91.18   -126.41     12.26
   434497.829676 14.802113  0.000695 62.422252   -109.75    -73.40      0.52
   434590.952681 14.803294  0.000692 62.243617   -128.37    154.52     -9.53
   434684.075685 14.803437  0.000683 61.670262   -146.91   -173.31     -7.66
   434777.198690 14.802513  0.000562 61.118030   -165.84     30.62      0.53
   434870.321694 14.802491  0.000439 61.070938    175.32     41.81     17.76
   434963.444699 14.803974  0.000607 60.570073    156.47   -102.83      7.59
   435056.567703 14.804914  0.000658 60.382757    137.30    -66.58     -5.41
   435149.690707 14.804565  0.000508 60.579262    118.32    144.27    -16.82
   435242.813712 14.804925  0.000544 60.385225     99.31    145.45     -1.39
   435335.936716 14.807017  0.000708 60.659709     80.09    -24.40      3.04
   435429.059721 14.808115  0.000727 61.193443     61.21     -3.26     -7.42
   435522.182725 14.806702  0.000602 61.344625     42.28   -179.30     -3.05
   435615.305730 14.808460  0.000690 62.109975     23.36    175.81      7.84
   435708.428734 14.809521  0.000742 62.817780      4.87      8.32     -2.52
   435801.551738 14.808164  0.000607 63.231521    -13.66      7.42     -1.38
   435894.674743 14.810101  0.000711 64.173617    -32.02    177.49      6.16
   435987.797747 14.810634  0.000717 64.820082    -49.98   -176.75     -5.54
   436080.920752 14.809693  0.000624 65.133514    -68.00    -11.73      1.86
   436174.043756 14.812037  0.000751 65.865245    -85.84    -15.94     -4.15
   436267.166761 14.810615  0.000564 66.037331   -103.41    157.56    -11.15
   436360.289765 14.811827  0.000698 65.919535   -121.15    130.58      1.10
   436453.412769 14.811037  0.000478 66.087879   -138.77    -49.97    -15.86
   436546.535774 14.811711  0.000533 65.556690   -156.34    -92.66      6.61
   436639.658778 14.812730  0.000619 64.886052   -174.26     76.14     -3.41
   436732.781783 14.812904  0.000526 64.465795    167.78     31.50     17.33
   436825.904787 14.814707  0.000707 63.425070    149.66   -155.03     -2.25
   436919.027791 14.814541  0.000653 62.512612    131.00    170.18      5.67
   437012.150796 14.815580  0.000643 61.965420    112.29    -19.07    -14.62
   437105.273800 14.814898  0.000579 60.984943     93.27    -69.73      4.87
   437198.396805 14.815007  0.000517 60.599066     73.82     90.05     -6.95
   437291.519809 14.816531  0.000602 60.557685     54.52     33.58     14.65
   437384.642814 14.816728  0.000619 60.368242     35.04   -163.97     -3.88
   437477.765818 14.818493  0.000727 60.964459     15.53    155.55     -0.87
   437570.888822 14.816243  0.000393 61.744111     -3.50    -56.81     -8.88
   437664.011827 14.818664  0.000694 62.347946    -22.45   -105.71     -1.44
   437757.134831 14.818880  0.000607 63.617046    -41.06     15.60     13.97
   437850.257836 14.819694  0.000655 64.538475    -59.08     -6.24    -10.22
   437943.380840 14.820083  0.000695 65.137509    -76.99    116.23      0.57
   438036.503845 14.818764  0.000405 65.996224    -94.54     58.74      9.32
   438129.626849 14.821791  0.000726 66.093526   -111.80   -162.07     -0.80
   438222.749853 14.821370  0.000669 65.738528   -129.26    143.56      2.33
   438315.872858 14.820029  0.000380 65.487221   -146.75    -78.46     -8.58
   438408.995862 14.823090  0.000713 64.448759   -164.40   -144.73      3.12
   438502.118867 14.822867  0.000664 63.260007    177.29    -20.43      4.48
   438595.241871 14.821687  0.000399 62.446145    158.70    -56.59    -15.30
   438688.364876 14.824251  0.000694 61.213720    139.68     49.33      1.93
   438781.487880 14.824540  0.000664 60.565122    120.02    -11.32      5.94
   438874.610884 14.823307  0.000421 60.566113    100.40    131.08    -14.90
   438967.733889 14.825649  0.000697 60.549809     80.71     56.47      0.50
   439060.856893 14.826282  0.000688 61.407839     61.06    170.87      6.47
   439153.979898 14.824512  0.000402 62.637441     42.12    128.83    -13.46
   439247.102902 14.826849  0.000689 63.546823     23.57   -125.15     -2.07
   439340.225906 14.828371  0.000736 64.926902      5.50    167.04      2.22
   439433.348911 14.825994  0.000409 65.793645    -11.86    -75.35     -1.05
   439526.471915 14.827877  0.000642 65.888993    -29.13   -139.88     -2.16
   439619.594920 14.829638  0.000713 65.952400    -46.34    -23.43     -4.94
   439712.717924 14.827891  0.000468 65.203404    -63.57   -106.68     10.60
   439805.840929 14.829028  0.000607 63.809988    -81.45     17.80     -0.83
   439898.963933 14.830280  0.000625 62.776298    -99.92    -36.08    -14.08
   439992.086937 14.830594  0.000628 61.460605   -118.88     51.21     10.74
   440085.209942 14.830776  0.000617 60.484146   -138.70     -9.73      5.02
   440178.332946 14.829938  0.000407 60.577654   -158.64    124.44    -16.57
   440271.455951 14.832712  0.000704 60.815476   -178.45     39.43      0.35
   440364.578955 14.832938  0.000687 61.846420    161.91    149.64      2.40
   440457.701960 14.831114  0.000361 63.478089    143.18     74.77      7.83
   440550.824964 14.833598  0.000667 64.564981    125.18   -163.17     -4.36
   440643.947968 14.834264  0.000681 65.627657    107.63    128.46     -5.86
   440737.070973 14.834081  0.000563 66.234512     90.69   -146.84     18.10
   440830.193977 14.834324  0.000603 65.567812     73.70    162.78     -2.50
   440923.316982 14.834468  0.000519 64.690706     56.21    -81.35     -8.46
   441016.439986 14.837181  0.000726 63.397418     38.28   -164.93      4.47
   441109.562991 14.835991  0.000611 61.640175     19.37    -52.71      3.00
   441202.685995 14.835347  0.000438 60.780717     -0.43   -122.06      4.27
   441295.808999 14.838392  0.000702 60.501667    -20.42      1.47     -7.78
   441388.932004 14.837971  0.000685 60.761567    -40.61    -75.23      1.48
   441482.055008 14.837882  0.000557 62.294385    -60.22     22.30     16.25
   441575.178013 14.838244  0.000570 63.762318    -78.74    -19.17    -11.16
   441668.301017 14.839142  0.000655 65.003701    -96.60     85.19     -3.63
   441761.424021 14.840920  0.000714 66.125981   -113.64      5.23      7.59
   441854.547026 14.839104  0.000502 65.905153   -130.35    127.93     -4.02
   441947.670030 14.840184  0.000601 64.843217   -147.56     59.05     -2.27
   442040.793035 14.842741  0.000746 63.615437   -165.40    172.25     -2.10
   442133.916039 14.840698  0.000518 61.783543    175.83     98.45      6.08
   442227.039044 14.841136  0.000529 60.586588    155.82   -140.29      1.78
   442320.162048 14.843773  0.000706 60.601783    135.56    169.19    -10.57
   442413.285052 14.842925  0.000636 61.081712    115.41    -88.49      5.00
   442506.408057 14.842890  0.000538 62.734229     95.91   -153.62      8.88
   442599.531061 14.844479  0.000645 64.596391     77.79    -14.46    -12.66
   442692.654066 14.844555  0.000664 65.552459     60.54    -91.44      2.59
   442785.777070 14.844606  0.000575 66.052481     43.73     20.68      9.81
   442878.900075 14.845723  0.000618 65.431341     27.01    -15.64    -14.52
   442972.023079 14.846174  0.000688 63.559196      9.37     89.59      1.87
   443065.146083 14.845870  0.000548 62.021871     -9.52     21.49     13.87
   443158.269088 14.847243  0.000628 60.744049    -29.29    172.05    -11.73
   443251.392092 14.847647  0.000685 60.298303    -49.92    107.49      0.46
   443344.515097 14.846708  0.000454 61.562769    -70.18   -138.19     14.45
   443437.638101 14.849078  0.000697 63.183462    -89.24   -170.63     -5.03
   443530.761106 14.849104  0.000692 64.794476   -107.25    -47.58      1.33
   443623.884110 14.847351  0.000348 66.129914   -124.12    -97.50      0.71
   443717.007114 14.850645  0.000724 65.769443   -140.58     31.28      2.10
   443810.130119 14.850375  0.000663 64.354447   -157.81    -18.00      4.49
   443903.253123 14.849887  0.000487 62.744231   -176.04    140.18    -18.98
   443996.376128 14.851231  0.000635 60.863170    164.37     72.57      5.84
   444089.499132 14.850855  0.000520 60.340305    143.62   -145.05      4.00
   444182.622136 14.853820  0.000740 61.378385    123.24   -178.21     -1.78
   444275.745141 14.851965  0.000572 62.888872    103.86    -37.93      0.08
   444368.868145 14.852810  0.000584 64.921322     85.81    -65.26     -9.23
   444461.991150 14.852497  0.000464 66.139430     69.16     52.10     16.55
   444555.114154 14.854156  0.000671 65.521562     52.69     36.88     -2.83
   444648.237159 14.855409  0.000694 64.180993     35.41    175.28      6.93
   444741.360163 14.855242  0.000606 62.206388     16.94    165.51    -13.19
   444834.483167 14.855529  0.000644 60.463023     -3.23    -57.02      3.46
   444927.606172 14.854952  0.000472 60.650203    -24.12    -63.77    -13.01
   445020.729176 14.855678  0.000511 61.981526    -44.21     69.99     10.67
   445113.852181 14.856774  0.000635 63.859398    -63.06     63.24     -3.21
   445206.975185 14.857196  0.000560 65.820378    -80.24   -156.97     16.90
   445300.098190 14.858929  0.000725 65.965853    -96.48   -158.23     -0.94
   445393.221194 14.858048  0.000613 64.597186   -113.33      1.46      3.87
   445486.344198 14.860540  0.000744 62.788588   -131.44     -6.25     -1.24
   445579.467203 14.859127  0.000594 60.786633   -151.20    171.00     -7.93
   445672.590207 14.860329  0.000676 60.366242   -172.27    153.96      3.94
   445765.713212 14.861224  0.000679 61.913687    167.33    -14.73    -11.37
   445858.836216 14.860123  0.000572 63.807781    148.50    -25.74     -3.16
   445951.959221 14.862138  0.000725 65.636360    131.22    151.04     -0.74
   446045.082225 14.862318  0.000651 66.102037    115.07    164.64    -14.31
   446138.205229 14.861648  0.000587 64.380503     98.35    -25.30     -0.98
   446231.328234 14.863767  0.000723 62.289622     79.85    -19.74      1.31
   446324.451238 14.864447  0.000706 60.737402     59.76    179.58     -7.02
   446417.574243 14.863264  0.000594 60.481627     38.65   -170.30     -2.00
   446510.697247 14.864274  0.000605 62.461772     18.37     12.77     12.29
   446603.820251 14.865334  0.000675 64.742607      0.26     33.84      8.88
   446696.943256 14.865084  0.000668 65.811285    -16.40   -114.38     -2.64
   446790.066260 14.863820  0.000376 65.593790    -32.64    -88.69     -5.58
   446883.189265 14.864681  0.000438 63.462079    -49.88    111.70     -0.23
   446976.312269 14.866785  0.000673 61.056187    -69.44    139.64      3.31
   447069.435274 14.868672  0.000739 60.543242    -90.45     -3.66      1.95
   447162.558278 14.868347  0.000705 61.559131   -111.15     35.35      0.77
   447255.681282 14.867581  0.000599 63.856869   -130.28    -98.37     -5.00
   447348.804287 14.867362  0.000466 65.963756   -147.14    -43.45    -18.63
   447441.927291 14.868613  0.000602 65.684746   -163.12    168.49     -6.83
   447535.050296 14.868694  0.000562 63.798777    179.78   -155.16      5.51
   447628.173300 14.867937  0.000342 61.652995    160.76     73.88      9.13
   447721.296305 14.869665  0.000559 60.249003    139.80    139.96      0.92
   447814.419309 14.870672  0.000592 61.473578    118.64     12.64     10.20
   447907.542313 14.869741  0.000397 64.036779     99.66     75.80      9.80
   448000.665318 14.871302  0.000604 65.637493     82.77    -29.44      0.20
   448093.788322 14.871581  0.000532 65.731133     66.71     28.71     10.49
   448186.911327 14.871041  0.000377 63.779018     49.80    -60.66     -8.38
   448280.034331 14.872700  0.000593 61.057438     30.35     11.10     -2.08
   448373.157336 14.872081  0.000399 60.518628      9.02    -75.79    -11.80
   448466.280340 14.874900  0.000688 61.941765    -11.69      5.25     -6.97
   448559.403344 14.874748  0.000662 64.328055    -30.38    -90.19     -2.67
   448652.526349 14.876616  0.000737 66.141722    -46.78     -4.42      2.14
   448745.649353 14.874586  0.000495 65.226197    -62.66    -96.69      7.98
   448838.772358 14.875515  0.000590 62.578114    -80.51      8.52      2.62
   448931.895362 14.875554  0.000472 60.798735   -100.83    -44.33    -19.19
   449025.018366 14.877808  0.000712 60.720011   -122.21     44.32      2.08
   449118.141371 14.878082  0.000694 63.014586   -142.42    -23.36      3.59
   449211.264375 14.876033  0.000342 65.649518   -159.70     98.23     -3.22
   449304.387380 14.878874  0.000689 65.763992   -175.49     34.31     -1.34
   449397.510384 14.879591  0.000696 63.852657    167.70    154.59      1.92
   449490.633389 14.877631  0.000361 61.450850    148.52    114.63     -9.33
   449583.756393 14.880308  0.000690 60.278944    127.11   -119.31     -0.19
   449676.879397 14.880414  0.000617 62.197863    106.08   -171.11     11.27
   449770.002402 14.881536  0.000665 64.995542     88.01     -7.48    -11.64
   449863.125406 14.881181  0.000655 65.848924     71.95    -57.68      2.83
   449956.248411 14.880574  0.000462 64.615594     55.71    103.68     -9.52
   450049.371415 14.881661  0.000534 61.859190     37.21     54.44     14.10
   450142.494420 14.882535  0.000623 60.211109     15.88   -125.66     -3.73
   450235.617424 14.882996  0.000566 61.899474     -5.43   -158.39     15.46
   450328.740428 14.884729  0.000722 64.596193    -23.91     24.47      0.79
   450421.863433 14.883648  0.000606 65.871578    -40.11     15.59      1.70
   450514.986437 14.885917  0.000714 64.856113    -56.12   -175.31      8.77
   450608.109442 14.885894  0.000702 61.827946    -74.50   -160.23     -3.99
   450701.232446 14.884904  0.000548 60.269930    -95.96     22.37      3.96
   450794.355451 14.886277  0.000598 62.001724   -117.21     25.54     15.33
   450887.478455 14.886921  0.000688 64.607822   -135.65   -124.73      2.74
   450980.601459 14.886322  0.000562 65.951518   -151.69    -95.93     -5.08
   451073.724464 14.885677  0.000360 64.586545   -167.70    115.44    -11.31
   451166.847468 14.887198  0.000548 61.386831    173.44    135.95      0.66
   451259.970473 14.889189  0.000685 60.410596    151.66    -10.03      7.26
   451353.093477 14.889632  0.000661 62.492225    130.78     29.60     11.67
   451446.216481 14.889575  0.000688 65.046973    112.90    -92.37      1.05
   451539.339486 14.890580  0.000688 65.936928     97.21    -32.73     -7.43
   451632.462490 14.891671  0.000727 63.734449     80.75   -165.58      1.55
   451725.585495 14.891026  0.000675 60.703284     60.81    -98.72     -0.45
   451818.708499 14.892546  0.000725 60.855528     38.81    157.96     -5.14
   451911.831504 14.892385  0.000678 63.468522     18.83   -141.08      8.83
   452004.954508 14.892464  0.000692 65.671798      2.01    125.33      1.22
   452098.077512 14.893061  0.000625 65.402545    -13.53   -165.13     14.62
   452191.200517 14.891957  0.000467 62.299293    -31.23    119.98     -0.88
   452284.323521 14.892869  0.000548 60.260382    -52.62   -141.99      0.16
   452377.446526 14.894471  0.000625 61.982773    -74.18    156.73    -14.31
   452470.569530 14.894709  0.000652 64.809157    -92.50   -116.27      5.75
   452563.692535 14.895049  0.000642 65.859136   -108.23    175.92      5.17
   452656.815539 14.894348  0.000452 63.925931   -124.51    -42.52    -19.36
   452749.938543 14.896399  0.000686 60.742484   -144.35   -119.07      2.79
   452843.061548 14.896388  0.000597 60.833023   -166.60      7.42     10.47
   452936.184552 14.897443  0.000639 63.897125    173.62    -12.17    -12.88
   453029.307557 14.897199  0.000634 65.805171    157.31    112.99      2.69
   453122.430561 14.896748  0.000479 64.785676    141.63     87.34     -5.06
   453215.553566 14.898074  0.000558 61.722270    123.12   -138.79     14.95
   453308.676570 14.898774  0.000639 60.278821    101.17   -136.46     -3.97
   453401.799574 14.899342  0.000595 62.950062     80.13     14.31     14.09
   453494.922579 14.901057  0.000736 65.748856     63.20     18.60      0.71
   453588.045583 14.899725  0.000606 65.163142     47.80   -163.62     -0.24
   453681.168588 14.901354  0.000651 62.344416     29.98   -171.35     12.11
   453774.291592 14.902169  0.000714 60.364018      8.55     32.00      2.06
   453867.414596 14.901101  0.000576 62.172993    -13.10     57.95     -3.21
   453960.537601 14.900294  0.000361 65.584197    -30.70   -109.95      7.90
   454053.660605 14.901569  0.000504 65.549515    -45.84    -78.59      4.01
   454146.783610 14.903579  0.000694 62.427737    -63.29    140.11      1.85
   454239.906614 14.905377  0.000752 60.546578    -84.61   -176.03      3.46
   454333.029619 14.904529  0.000699 61.975940   -106.31     57.92      1.84
   454426.152623 14.904605  0.000639 65.298354   -124.29    124.50     -8.17
   454519.275627 14.906516  0.000737 65.783934   -139.37     -0.25     -3.32
   454612.398632 14.905745  0.000677 62.422475   -156.60     63.55      1.57
   454705.521636 14.906865  0.000711 60.371154   -178.18    -32.78     -2.67
   454798.644641 14.906587  0.000611 62.346890    160.22     35.38     14.49
   454891.767645 14.906478  0.000624 65.277760    142.55    -42.92      2.30
   454984.890650 14.906056  0.000455 65.534215    127.34     43.95     10.16
   455078.013654 14.908076  0.000620 62.323600    109.88    -10.13    -13.32
   455171.136658 14.908478  0.000677 60.203892     87.97     91.69     -1.37
   455264.259663 14.908947  0.000614 62.820278     66.51     16.28     14.25
   455357.382667 14.908972  0.000587 65.751410     49.63    163.39     -9.88
   455450.505672 14.909885  0.000686 64.893820     34.40    104.17     -1.01
   455543.628676 14.908582  0.000407 61.755890     15.97   -132.69     14.67
   455636.751681 14.911599  0.000721 60.501374     -6.19   -149.57      0.17
   455729.874685 14.910825  0.000619 63.398286    -27.00      0.08      6.09
   455822.997689 14.913105  0.000743 66.166412    -43.05     -8.49     -7.01
   455916.120694 14.911330  0.000557 64.162187    -58.48    154.55     -4.98
   456009.243698 14.913270  0.000708 60.805134    -78.37    145.71      0.51
   456102.366703 14.913480  0.000632 61.264863   -100.79    -15.40    -13.05
   456195.489707 14.912867  0.000588 64.461674   -120.00    -15.89     -2.28
   456288.612711 14.914447  0.000681 65.866829   -135.35    171.79      5.36
   456381.735716 14.915811  0.000727 63.124631   -151.80   -165.97      5.85
   456474.858720 14.915104  0.000682 60.215845   -173.17     56.82     -2.26
   456567.981725 14.914107  0.000460 62.392894    164.74    111.41    -13.65
   456661.104729 14.915353  0.000552 65.732000    147.59    -22.52    -13.79
   456754.227734 14.915785  0.000610 64.871786    132.54     17.76     -1.26
   456847.350738 14.915020  0.000388 61.539474    113.91    -97.23     -3.06
   456940.473742 14.916893  0.000574 60.733333     91.50    -15.25    -11.62
   457033.596747 14.917272  0.000611 63.913609     71.25   -123.91     -2.73
   457126.719751 14.918555  0.000634 66.126869     55.79    -29.18    -13.44
   457219.842756 14.919166  0.000680 63.301890     39.81   -138.48      7.59
   457312.965760 14.919386  0.000675 60.281079     18.51    -30.23      4.22
   457406.088765 14.917460  0.000322 62.406931     -3.62    -95.17      2.06
   457499.211769 14.920436  0.000695 65.566693    -20.85     26.17     -2.45
   457592.334773 14.920975  0.000692 64.827394    -35.90    -33.24      0.98
   457685.457778 14.919091  0.000358 61.391850    -54.70    112.40    -10.42
   457778.580782 14.921768  0.000678 60.788551    -77.41     65.31      2.39
   457871.703787 14.921012  0.000521 64.539077    -97.08   -148.31      8.01
   457964.826791 14.923959  0.000745 65.980298   -112.00   -168.83      4.19
   458057.949796 14.922360  0.000605 62.367416   -128.85      5.18     -4.02
   458151.072800 14.924270  0.000696 60.424613   -151.06     -7.18      7.20
   458244.195804 14.924986  0.000729 63.325908   -172.26   -171.20     -3.27
   458337.318809 14.923791  0.000618 65.816238    171.67   -162.05     -1.90
   458430.441813 14.924231  0.000557 63.857893    156.10     21.45     13.21
   458523.564818 14.924776  0.000561 60.555155    135.51     51.14     13.85
   458616.687822 14.925879  0.000684 61.937154    112.91    -73.26     -0.37
   458709.810826 14.927285  0.000709 65.822565     95.57    -19.65     -8.57
   458802.933831 14.927582  0.000729 64.748459     80.85   -157.25      0.49
   458896.056835 14.926971  0.000643 60.814832     61.35    -87.14     -4.85
   458989.179840 14.928928  0.000720 61.466896     38.48    169.82     -6.09
   459082.302844 14.928158  0.000657 65.066865     19.95   -120.37      4.77
   459175.425849 14.928796  0.000690 65.244591      5.14    149.72      2.09
   459268.548853 14.927209  0.000388 61.685751    -12.98   -126.36     16.24
   459361.671857 14.929198  0.000620 60.706994    -35.82   -173.33     -5.95
   459454.794862 14.930021  0.000650 64.592477    -55.61    -53.10     -8.25
   459547.917866 14.929416  0.000490 65.851220    -70.31   -137.97     18.59
   459641.040871 14.930534  0.000629 61.851411    -87.65     18.73     -4.68
   459734.163875 14.932409  0.000719 60.616821   -110.52    -19.82      1.27
   459827.286880 14.930856  0.000507 64.320369   -130.71    149.45    -14.63
   459920.409884 14.932066  0.000651 65.666798   -145.72    111.60      2.30
   460013.532888 14.931854  0.000517 62.379857   -162.65    -63.52    -12.70
   460106.655893 14.931319  0.000391 60.550486    174.94    -73.50      0.00
   460199.778897 14.933769  0.000688 63.821205    154.10    116.98      1.02
   460292.901902 14.934310  0.000629 66.027269    138.99    148.75    -14.68
   460386.024906 14.934431  0.000600 62.461563    122.49     -8.98    -11.09
   460479.147911 14.934297  0.000563 60.320606     99.81     18.24      2.86
   460572.270915 14.933797  0.000388 64.141190     79.04   -124.00     13.58
   460665.393919 14.934833  0.000510 65.836728     64.10    -55.45     -1.86
   460758.516924 14.935916  0.000597 62.232613     47.27   -177.62      5.19
   460851.639928 14.934666  0.000317 60.668554     24.67    -98.55      4.59
   460944.762933 14.936918  0.000613 64.045045      4.13    177.83     -5.47
   461037.885937 14.936938  0.000543 65.743677    -10.87    -88.37     -6.93
   461131.008941 14.939915  0.000747 62.226009    -27.85   -173.84      1.16
   461224.131946 14.938175  0.000593 60.483469    -50.76    -59.11      3.96
   461317.254950 14.937736  0.000444 64.571200    -70.92   -110.46      0.76
   461410.377955 14.940925  0.000721 65.726424    -85.40     15.61      4.63
   461503.500959 14.939472  0.000578 61.436551   -103.19    -16.64     -0.21
   461596.623964 14.941381  0.000684 61.018193   -126.50    148.23     -7.50
   461689.746968 14.939620  0.000437 65.124754   -145.48    134.65    -10.85
   461782.869972 14.941589  0.000682 64.991294   -160.00    -67.42      1.64
   461875.992977 14.941412  0.000532 61.159809   -178.95    -46.02    -16.01
   461969.115981 14.941235  0.000486 61.516809    157.94    142.19     -7.60
   462062.238986 14.942891  0.000656 65.438683    139.95    154.92      3.09
   462155.361990 14.944606  0.000721 64.600531    125.40      2.32      6.14
   462248.484995 14.944265  0.000672 60.511031    105.20     47.16      6.01
   462341.607999 14.944485  0.000666 62.323746     82.20    -64.58     -4.08
   462434.731003 14.946470  0.000753 66.128810     65.89     -3.72     -2.63
   462527.854008 14.945441  0.000669 63.296688     50.70   -120.22      5.57
   462620.977012 14.946501  0.000712 60.295539     28.58    -27.99      1.74
   462714.100017 14.944799  0.000432 63.796361      7.08   -125.13     16.27
   462807.223021 14.946169  0.000614 65.736708     -7.91     -2.14     -3.70
   462900.346026 14.946926  0.000601 62.062333    -24.84    -61.76     -8.62
   462993.469030 14.947033  0.000534 60.872074    -47.88     44.19     15.51
   463086.592034 14.947613  0.000624 64.762332    -67.47     20.83     -2.77
   463179.715039 14.949612  0.000728 65.174976    -81.88    162.60      0.63
   463272.838043 14.948307  0.000522 60.967942   -100.90    157.77    -16.00
   463365.961048 14.949341  0.000657 61.744924   -124.32    -47.88      3.34
   463459.084052 14.950111  0.000623 65.981953   -141.34    -32.39    -13.12
   463552.207056 14.949568  0.000531 63.667435   -156.12    153.69    -11.71
   463645.330061 14.950514  0.000611 60.189416   -178.04    162.52      4.31
   463738.453065 14.952058  0.000676 63.842652    160.23     10.58     11.40
   463831.576070 14.951743  0.000635 65.797137    145.51     53.56      8.53
   463924.699074 14.952558  0.000690 61.630709    128.20    -62.45     -1.52
   464017.822079 14.954417  0.000752 61.204347    104.79      2.60      2.71
   464110.945083 14.952976  0.000643 65.262584     86.18   -103.92      5.48
   464204.068087 14.953964  0.000687 64.424327     71.73    -17.47      3.90
   464297.191092 14.951974  0.000338 60.616167     51.25   -100.51      6.82
   464390.314096 14.954366  0.000643 62.801260     28.57     23.53     -4.06
   464483.437101 14.955548  0.000688 65.949789     13.01    -37.21     -4.23
   464576.560105 14.953419  0.000349 62.421056     -3.16     81.69      6.82
   464669.683110 14.956073  0.000677 60.587962    -26.49     58.63     -2.58
   464762.806114 14.955976  0.000566 65.209041    -45.95   -162.18     14.16
   464855.929118 14.958173  0.000737 64.825333    -60.00   -166.13      0.34
   464949.052123 14.956610  0.000578 60.339062    -80.34     14.95     -1.39
   465042.175127 14.958037  0.000621 62.993984   -103.27     12.98     13.42
   465135.298132 14.958712  0.000676 65.992873   -118.59   -143.43      7.41
   465228.421136 14.958556  0.000653 62.003754   -135.02   -101.92     -3.29
   465321.544141 14.958458  0.000518 61.016835   -158.49    140.17    -17.57
   465414.667145 14.959862  0.000662 65.294182   -177.33   -175.19     -7.11
   465507.790149 14.959370  0.000583 64.251891    168.32     65.60     -3.71
   465600.913154 14.960875  0.000625 60.551400    147.37    158.33    -15.99
   465694.036158 14.961364  0.000688 63.319271    125.05     53.82      1.76
   465787.159163 14.961946  0.000695 65.731375    110.13    153.78      1.65
   465880.282167 14.959820  0.000336 61.661509     92.81     83.20      4.93
   465973.405171 14.962625  0.000673 61.322806     69.12   -139.22     -2.62
   466066.528176 14.963389  0.000695 65.784945     51.53    170.51      5.10
   466159.651180 14.963104  0.000569 63.551005     36.87    -20.66    -17.45
   466252.774185 14.963278  0.000609 60.236217     14.33    -57.70      4.62
   466345.897189 14.964093  0.000598 64.660928     -6.53    135.70    -12.80
   466439.020194 14.963266  0.000441 65.180981    -20.46    137.23    -12.61
   466532.143198 14.964836  0.000619 60.428118    -40.26    -39.96      3.76
   466625.266202 14.966862  0.000721 62.969349    -63.46     -5.58      3.49
   466718.389207 14.966776  0.000695 65.965036    -78.57   -149.28      6.29
   466811.512211 14.966624  0.000677 61.595237    -95.45    -87.74     -1.69
   466904.635216 14.968425  0.000730 61.468021   -119.28    166.72     -4.93
   466997.758220 14.967563  0.000652 65.738465   -136.81   -127.45      7.11
   467090.881225 14.968126  0.000684 63.174291   -151.68    146.02      2.74
   467184.004229 14.966315  0.000348 60.627253   -174.40   -117.60     13.50
   467277.127233 14.968900  0.000666 64.759684    165.34   -162.26     -4.35
   467370.250238 14.969726  0.000697 64.618146    151.24    -39.83     -0.95
   467463.373242 14.967675  0.000344 60.561257    130.64    -68.62     -9.45
   467556.496247 14.970282  0.000668 63.443804    108.17     75.52      3.40
   467649.619251 14.969357  0.000482 65.592209     93.62     62.69      0.10
   467742.742256 14.970181  0.000496 61.136135     75.38   -138.52     19.77
   467835.865260 14.971776  0.000689 62.132677     51.63   -102.28     -0.21
   467928.988264 14.970865  0.000484 66.026804     35.78    111.72    -11.41
   468022.111269 14.971581  0.000492 62.042787     19.60    149.97    -14.68
   468115.234273 14.972292  0.000580 61.118987     -4.37     10.74     -0.54
   468208.357278 14.971610  0.000387 65.927257    -21.96     68.57      4.07
   468301.480282 14.973295  0.000540 63.060068    -36.70    -21.30    -13.60
   468394.603286 14.973893  0.000608 60.478207    -60.09     62.76     -4.44
   468487.726291 14.976224  0.000741 65.490665    -79.47    -12.90     -6.25
   468580.849295 14.974215  0.000510 63.942215    -93.45     82.68      9.01
   468673.972300 14.974708  0.000525 60.240020   -115.79     43.72     -0.51
   468767.095304 14.977701  0.000746 64.839335   -136.69   -176.63      2.57
   468860.218309 14.975998  0.000576 64.647442   -150.47    162.79     -6.68
   468953.341313 14.977671  0.000698 60.280550   -171.51    -35.27      1.24
   469046.464317 14.977925  0.000637 64.133479    166.37    -16.66    -14.18
   469139.587322 14.977320  0.000580 65.144848    152.38    163.48     -4.22
   469232.710326 14.978563  0.000636 60.530897    132.57    178.81      9.08
   469325.833331 14.978874  0.000591 63.451057    109.62     36.15     15.38
   469418.956335 14.979255  0.000659 65.444838     95.16     99.72      2.58
   469512.079340 14.980933  0.000720 60.881584     76.48    -13.01      3.05
   469605.202344 14.979374  0.000504 62.857813     53.01     60.81     13.55
   469698.325348 14.980179  0.000607 65.640397     38.01    -14.73      0.80
   469791.448353 14.979661  0.000424 61.218607     20.24    105.29    -11.78
   469884.571357 14.982525  0.000700 62.396386     -3.54     33.51      5.21
   469977.694362 14.981674  0.000623 65.742431    -19.07    168.68      3.07
   470070.817366 14.983141  0.000645 61.528460    -36.17    152.76    -13.40
   470163.940371 14.981735  0.000487 62.031618    -60.13    -52.59     -1.58
   470257.063375 14.983696  0.000678 65.825531    -76.05    -57.37     -2.23
   470350.186379 14.983491  0.000539 61.726414    -92.67    146.56    -17.88
   470443.309384 14.983631  0.000558 61.816372   -116.73    162.23     -5.49
   470536.432388 14.984533  0.000615 65.878828   -132.88      6.41      6.58
   470629.555393 14.983925  0.000437 61.825581   -149.26     42.14     20.41
   470722.678397 14.984901  0.000562 61.706185   -173.41    -49.80      2.40
   470815.801401 14.985620  0.000558 65.955636    170.38     20.29     10.46
   470908.924406 14.985227  0.000418 61.787425    154.05    -41.39    -16.51
   471002.047410 14.987192  0.000660 61.722305    129.82     57.26     -2.70
   471095.170415 14.988580  0.000717 66.011261    113.77     -8.83      3.48
   471188.293419 14.986854  0.000452 61.638816     97.30    142.36    -13.92
   471281.416424 14.988618  0.000677 61.875325     73.02    102.69      0.84
   471374.539428 14.987130  0.000385 66.035198     57.29    -89.07     -5.07
   471467.662432 14.988203  0.000471 61.388576     40.44   -111.14     13.76
   471560.785437 14.990017  0.000675 62.164379     16.15    103.47     -2.72
   471653.908441 14.989789  0.000536 66.023097      0.91    143.01    -17.57
   471747.031446 14.990638  0.000607 61.041352    -16.57     -4.70     -9.41
   471840.154450 14.990331  0.000535 62.607403    -40.70     47.37     -0.23
   471933.277455 14.990338  0.000434 65.888056    -55.36    -48.35    -17.12
   472026.400459 14.992624  0.000677 60.695584    -73.72     23.50     -4.27
   472119.523463 14.992948  0.000676 63.168576    -97.47    -50.98     -5.27
   472212.646468 14.992305  0.000512 65.623823   -111.57     33.83     20.38
   472305.769472 14.993195  0.000611 60.359599   -131.09      9.59     -5.73
   472398.892477 14.994936  0.000720 63.879908   -154.14    154.25     -2.59
   472492.015481 14.993186  0.000457 65.140735   -167.78    142.90    -17.20
   472585.138486 14.994575  0.000622 60.167275    171.35    -63.66      4.46
   472678.261490 14.995657  0.000644 64.620614    149.43    -37.71    -10.47
   472771.384494 14.995752  0.000590 64.449882    135.95    164.34    -14.22
   472864.507499 14.995604  0.000577 60.196669    113.65   -167.68     -1.25
   472957.630503 14.994908  0.000382 65.346898     93.25     54.19     11.15
   473050.753508 14.995823  0.000460 63.516595     79.46    139.37    -10.74
   473143.876512 14.996823  0.000558 60.564766     55.83     36.70     -0.92
   473236.999516 14.997978  0.000580 65.905584     37.36    149.37    -16.10
   473330.122521 14.998586  0.000635 62.423370     22.61     54.29      8.22
   473423.245525 14.998414  0.000575 61.318331     -1.83   -170.19      5.85
   473516.368530 15.000539  0.000703 66.125103    -18.28    166.13     -9.37
   473609.491534 14.998804  0.000500 61.344168    -34.71    -45.24     -1.85
   473702.614539 15.000876  0.000693 62.438704    -59.18    -44.11     -4.17
   473795.737543 15.000450  0.000551 65.870744    -73.83    155.70    -18.74
   473888.860547 15.000513  0.000558 60.470651    -92.61    163.73     -2.69
   473981.983552 15.001444  0.000581 63.808637   -115.99     13.14     11.67
   474075.106556 15.000708  0.000423 65.021870   -129.53     60.79     14.37
   474168.229561 15.001988  0.000578 60.149380   -150.92    -35.18      2.98
   474261.352565 15.001680  0.000449 65.086331   -172.09     45.48     10.47
   474354.475570 15.003617  0.000612 63.677997    174.30    -13.33    -13.90
   474447.598574 15.004143  0.000680 60.574877    150.66     94.58     -0.60
   474540.721578 15.003512  0.000493 65.955303    132.43     28.59     17.67
   474633.844583 15.005893  0.000718 62.058351    117.28   -165.47     -3.45
   474726.967587 15.004898  0.000597 61.814531     92.64    175.32      4.92
   474820.090592 15.007323  0.000745 65.995862     77.30     -3.67      0.72
   474913.213596 15.006838  0.000684 60.717267     59.28     16.34     -4.93
   475006.336601 15.005787  0.000539 63.537641     35.58   -133.60      0.70
   475099.459605 15.004985  0.000319 65.048203     21.99    -88.53     -1.66
   475192.582609 15.006782  0.000543 60.223139      0.52    160.22     -5.60
   475285.705614 15.006817  0.000487 65.170828    -20.36   -126.42      2.06
   475378.828618 15.008779  0.000610 63.304978    -34.20    162.18    -16.07
   475471.951623 15.009130  0.000669 60.946946    -58.28   -100.76      1.95
   475565.074627 15.009067  0.000585 65.959671    -75.37   -163.50     10.53
   475658.197631 15.010913  0.000686 61.426123    -91.75     -3.67     -8.80
   475751.320636 15.009702  0.000593 62.743534   -116.07    -31.33      2.53
   475844.443640 15.011569  0.000690 65.366335   -130.23    149.32     -6.33
   475937.566645 15.011274  0.000594 60.409298   -150.60    169.41    -14.29
   476030.689649 15.011030  0.000596 64.734918   -172.31      4.06      1.33
   476123.812654 15.011179  0.000487 63.572634    173.98     27.88     17.46
   476216.935658 15.011124  0.000448 60.953581    150.21    -74.86      4.00
   476310.058662 15.012580  0.000610 65.785588    132.81      1.17      3.82
   476403.181667 15.011597  0.000360 61.447175    116.42    -73.07    -11.00
   476496.304671 15.014590  0.000701 62.945158     92.24     30.06     -0.69
   476589.427676 15.014611  0.000674 65.055991     78.18    -30.70      2.59
   476682.550680 15.013321  0.000416 60.478158     57.21    136.22    -20.40
   476775.673685 15.014880  0.000609 65.075600     36.28     91.22      4.99
   476868.796689 15.015035  0.000551 62.883401     22.19    -83.27     -8.28
   476961.919693 15.014114  0.000338 61.545002     -2.09    -67.64     -7.68
   477055.042698 15.016047  0.000596 65.746099    -18.19    128.88      2.40
   477148.165702 15.017791  0.000683 60.763412    -36.12    170.41      6.06
   477241.288707 15.016983  0.000531 64.022776    -59.49     47.04     14.97
   477334.411711 15.017482  0.000603 64.199732    -72.93    134.59      2.31
   477427.534716 15.016876  0.000415 60.614593    -95.92     45.05     11.47
   477520.657720 15.019550  0.000671 65.872149   -114.46    178.23     -9.70
   477613.780724 15.019554  0.000679 61.504022   -130.02    113.98      1.89
   477706.903729 15.017743  0.000337 62.848835   -154.64    -89.05     -3.61
   477800.026733 15.020024  0.000597 65.277754   -168.59   -123.61     10.19
   477893.149738 15.020226  0.000590 60.164110    170.33     74.27     -4.80
   477986.272742 15.019084  0.000332 65.486258    149.54     89.96     -1.31
   478079.395747 15.020361  0.000477 62.547555    135.49    -60.34     -0.43
   478172.518751 15.022066  0.000633 61.748697    110.66    -10.21      6.82
   478265.641755 15.021121  0.000434 65.887366     95.62   -138.59     20.98
   478358.764760 15.022069  0.000531 60.282067     76.31    -28.77     -2.34
   478451.887764 15.022118  0.000468 64.801406     53.96    -99.65     -4.52
   478545.010769 15.025356  0.000737 63.382354     40.48      9.16      2.84
   478638.133773 15.023562  0.000565 61.185844     16.11    -25.65      0.43
   478731.256777 15.025046  0.000651 65.883730      0.03    137.09     -8.57
   478824.379782 15.023626  0.000407 60.681166    -18.22    134.88    -14.34
   478917.502786 15.025377  0.000636 64.303011    -41.18    -48.64      3.17
   479010.625791 15.027426  0.000737 63.628670    -54.68    -19.01     -2.53
   479103.748795 15.027772  0.000722 61.181134    -78.68   -154.31      1.94
   479196.871800 15.027020  0.000666 65.726959    -95.18    -88.68     -2.17
   479289.994804 15.029044  0.000740 60.750963   -113.26    170.31     -1.10
   479383.117808 15.027079  0.000530 64.389162   -136.20    -97.59      8.01
   479476.240813 15.027618  0.000569 63.413255   -149.70   -158.54      1.08
   479569.363817 15.030159  0.000717 61.346412   -173.86    -12.12     -7.33
   479662.486822 15.028164  0.000515 65.814205    169.99    -47.59     -2.94
   479755.609826 15.030136  0.000680 60.442140    151.48    123.19     -4.20
   479848.732831 15.029258  0.000492 64.798594    128.80    149.53    -20.60
   479941.855835 15.029800  0.000551 63.131479    115.35    -28.14     -2.41
   480034.978839 15.030969  0.000603 61.468598     90.71      7.23     10.38
   480128.101844 15.029963  0.000408 65.911488     75.30   -119.02     14.30
   480221.224848 15.031248  0.000560 60.219171     55.99    -25.48      0.03
   480314.347853 15.030816  0.000420 65.110606     33.98   -105.04     -0.53
   480407.470857 15.034335  0.000732 62.755318     20.23      7.72     -2.91
   480500.593862 15.032963  0.000625 61.891759     -4.67    -40.83      3.94
   480593.716866 15.032819  0.000496 65.523667    -19.23    126.67    -15.55
   480686.839870 15.032608  0.000420 60.332035    -39.99     94.78      6.79
   480779.962875 15.034817  0.000674 65.425844    -60.39    -67.99     -1.10
   480873.085879 15.035326  0.000603 61.880048    -75.36    -32.36    -13.93
   480966.208884 15.035869  0.000661 63.011212    -99.92   -171.59     -6.20
   481059.331888 15.035414  0.000590 64.520108   -113.56   -115.34     -3.62
   481152.454892 15.037008  0.000633 60.756951   -136.42    159.67    -14.51
   481245.577897 15.037078  0.000665 65.824357   -154.25   -121.34      4.71
   481338.700901 15.037383  0.000634 60.732113   -171.46    173.07      7.33
   481431.823906 15.037530  0.000556 64.487669    165.15    -22.25    -17.64
   481524.946910 15.037742  0.000592 63.241193    151.84    -74.27      4.70
   481618.069915 15.038292  0.000567 61.548812    127.15    119.76    -10.60
   481711.192919 15.037585  0.000406 65.785289    112.06    132.27    -14.53
   481804.315923 15.038896  0.000566 60.132546     91.87    -32.08      1.70
   481897.438928 15.040179  0.000618 65.576614     71.01      9.22     11.79
   481990.561932 15.038790  0.000394 61.840459     56.31   -108.79     14.08
   482083.684937 15.040292  0.000591 63.030591     31.50     -5.01      2.41
   482176.807941 15.039828  0.000411 64.507074     18.09    -66.66    -14.45
   482269.930946 15.042514  0.000682 60.829428     -5.27     40.42      6.22
   482363.053950 15.041738  0.000597 65.739526    -22.24      6.68      2.27
   482456.176954 15.044327  0.000739 60.595973    -40.68    171.88     -0.93
   482549.299959 15.043261  0.000643 65.020041    -62.77   -178.41     -7.07
   482642.422963 15.042979  0.000578 62.181059    -76.91      6.75      4.74
   482735.545968 15.043152  0.000484 62.839919   -101.79     34.37     21.24
   482828.668972 15.043657  0.000548 64.675032   -115.40    -74.44      4.01
   482921.791977 15.044904  0.000604 60.591676   -138.49      1.46      9.64
   483014.914981 15.043443  0.000351 66.078912   -155.85    -64.02     -9.78
   483108.037985 15.046046  0.000660 60.375462   -173.79     44.07     -2.77
   483201.160990 15.046960  0.000686 65.012822    163.60     -6.15      6.05
   483294.283994 15.046961  0.000601 62.465493    149.79    164.86    -15.09
   483387.406999 15.046597  0.000594 62.559020    124.79    145.72      2.90
   483480.530003 15.048860  0.000725 64.700771    111.13    -20.48     -1.76
   483573.653007 15.049423  0.000726 60.814629     88.04     15.58     -2.47
   483666.776012 15.048301  0.000643 65.703041     71.02   -113.13     -3.11
   483759.899016 15.049344  0.000623 60.507100     52.21    -30.76    -14.15
   483853.022021 15.049892  0.000667 65.320955     30.69   -138.24      5.81
   483946.145025 15.049818  0.000634 61.611475     15.99    -28.92      3.84
   484039.268030 15.048759  0.000400 63.587186     -8.71    -53.26    -17.17
   484132.391034 15.050482  0.000594 63.902836    -21.83     65.35      8.68
   484225.514038 15.050279  0.000528 61.249940    -46.30     73.26     -4.93
   484318.637043 15.049698  0.000350 65.758915    -61.51   -122.10     16.02
   484411.760047 15.051585  0.000586 60.178972    -82.31    -81.99      5.86
   484504.883052 15.053357  0.000710 65.799141   -101.93    154.00     -0.72
   484598.006056 15.053456  0.000633 60.994769   -118.31   -154.57     13.50
   484691.129061 15.052933  0.000598 64.465038   -141.72    128.24      2.39
   484784.252065 15.052493  0.000449 62.574329   -155.43   -130.32      4.97
   484877.375069 15.055737  0.000727 62.785791    179.69   -170.48     -2.68
   484970.498074 15.054198  0.000599 64.326631    166.12    -31.52      1.91
   485063.621078 15.056086  0.000676 61.073042    142.37    -28.03     -9.61
   485156.744083 15.055171  0.000559 65.792787    126.44    160.39    -13.23
   485249.867087 15.055608  0.000581 60.122072    106.17    172.71      3.72
   485342.990092 15.055908  0.000522 65.918540     86.19     27.76     17.49
   485436.113096 15.055608  0.000444 60.880466     70.05    107.44      3.17
   485529.236100 15.056747  0.000568 64.537376     46.46     20.15      3.00
   485622.359105 15.057486  0.000541 62.568005     32.81    145.96    -18.74
   485715.482109 15.058209  0.000623 62.853675      7.87     74.16      6.34
   485808.605114 15.057731  0.000517 64.069263     -5.59   -136.23      1.80
   485901.728118 15.059772  0.000629 61.482776    -29.72   -156.00     14.81
   485994.851122 15.059958  0.000687 65.330137    -44.84     45.87     -0.57
   486087.974127 15.058771  0.000454 60.383255    -66.50     85.14     -7.05
   486181.097131 15.059472  0.000464 66.051763    -84.72    -35.64    -16.74
   486274.220136 15.060717  0.000607 60.268442   -102.76     22.47     -4.52
   486367.343140 15.060912  0.000550 65.462522   -124.64    -54.24    -13.47
   486460.466145 15.062580  0.000663 61.468190   -139.52     28.83     11.73
   486553.589149 15.061699  0.000592 64.014314   -163.86     -3.73      1.69
   486646.712153 15.063863  0.000701 62.903197   -177.27    155.73     -8.77
   486739.835158 15.062370  0.000522 62.688793    157.80    156.17    -10.79
   486832.958162 15.063489  0.000637 64.109689    144.28    -27.61      3.65
   486926.081167 15.065276  0.000696 61.480013    120.09      6.59      9.17
   487019.204171 15.064377  0.000600 65.360693    105.19   -120.24      8.53
   487112.327176 15.065372  0.000671 60.355129     83.09    -34.98      3.39
   487205.450180 15.063819  0.000400 66.065405     65.51   -135.19     20.20
   487298.573184 15.065881  0.000623 60.198483     46.51     10.87     -7.27
   487391.696189 15.067065  0.000707 65.676982     25.79    -32.71     -2.01
   487484.819193 15.065508  0.000432 60.942876      9.58    141.94    -18.59
   487577.942198 15.066683  0.000598 64.834865    -13.47    125.37      2.99
   487671.065202 15.068585  0.000699 61.737315    -27.85    -30.65     -1.59
   487764.188207 15.069499  0.000723 64.023558    -52.34     13.83      1.84
   487857.311211 15.068747  0.000678 62.766435    -65.61   -104.90      0.97
   487950.434215 15.070364  0.000735 62.787908    -90.84    -13.25      0.92
   488043.557220 15.067757  0.000400 64.195481   -104.04    -99.84      9.60
   488136.680224 15.069327  0.000585 61.432432   -128.64     46.73     -3.45
   488229.803229 15.071487  0.000700 65.190275   -143.09      1.43      8.04
   488322.926233 15.071328  0.000670 60.771767   -165.94   -170.07     -6.62
   488416.049237 15.070630  0.000588 65.520156    177.73   -168.32      2.32
   488509.172242 15.070837  0.000491 60.504708    156.75     30.30     19.08
   488602.295246 15.071046  0.000509 65.843198    138.53     98.63      5.00
   488695.418251 15.072371  0.000606 60.197882    119.56     -6.31      7.15
   488788.541255 15.070758  0.000314 65.945170     99.17    110.49    -10.56
   488881.664260 15.073845  0.000681 60.482880     82.43     40.16     -2.51
   488974.787264 15.074312  0.000662 65.323327     59.92    175.15      7.18
   489067.910268 15.075295  0.000671 61.319611     44.92    172.18    -10.63
   489161.033273 15.074120  0.000586 64.524830     21.10     -8.17     -1.76
   489254.156277 15.075317  0.000616 61.912016      7.05      2.93      9.67
   489347.279282 15.074997  0.000523 64.035159    -17.53   -131.79     16.41
   489440.402286 15.075786  0.000622 62.508261    -30.88    -53.94      3.82
   489533.525291 15.075510  0.000471 63.265944    -56.10   -151.05     17.78
   489626.648295 15.076831  0.000592 63.520483    -69.12    -12.03    -13.30
   489719.771299 15.077654  0.000675 62.245998    -94.30    -64.00     -0.67
   489812.894304 15.075870  0.000342 64.301147   -107.75     93.41     -5.56
   489906.017308 15.077509  0.000530 61.705431   -132.19     83.14      7.76
   489999.140313 15.078896  0.000671 64.600410   -146.39    -69.14     -2.48
   490092.263317 15.080259  0.000689 61.375740   -170.17    -14.40    -10.43
   490185.386322 15.080238  0.000699 65.129408    174.98   -144.06      0.53
   490278.509326 15.080579  0.000680 60.736707    151.92    -48.60     -3.94
   490371.632330 15.079847  0.000518 65.709345    136.11   -146.59     20.33
   490464.755335 15.080599  0.000598 60.368978    114.27     12.27     -4.86
   490557.878339 15.082259  0.000710 65.745089     97.19    -20.65      0.51
   490651.001344 15.082279  0.000622 60.477788     76.50    169.56    -12.93
   490744.124348 15.081696  0.000596 65.689453     58.50    175.19     -1.23
   490837.247352 15.081991  0.000510 60.333641     38.54     21.83     13.65
   490930.370357 15.081269  0.000377 65.987603     19.78     94.17      3.35
   491023.493361 15.082894  0.000567 60.096989      0.74      2.31      0.67
   491116.616366 15.082859  0.000461 66.001458    -19.07    128.66    -17.29
   491209.739370 15.084593  0.000624 60.332257    -37.11     49.85     10.22
   491302.862375 15.084176  0.000571 65.656173    -57.74   -146.47      0.82
   491395.985379 15.085816  0.000628 60.552160    -75.23   -165.83     13.87
   491489.108383 15.086258  0.000676 65.663872    -96.23     43.20      3.69
   491582.231388 15.085885  0.000598 60.374936   -113.31     91.89     -5.90
   491675.354392 15.087471  0.000666 65.808633   -134.87    -15.76    -13.54
   491768.477397 15.087588  0.000687 60.476617   -151.31     51.64      2.21
   491861.600401 15.088313  0.000700 65.514313   -173.48    -18.20      3.39
   491954.723406 15.086139  0.000363 60.819607    170.46    129.17    -15.85
   492047.846410 15.088452  0.000657 65.304043    148.15     87.60      2.18
   492140.969414 15.087523  0.000450 60.743634    132.09    -86.95     -8.75
   492234.092419 15.087466  0.000373 65.537302    109.76    -69.45     -4.59
   492327.215423 15.089214  0.000583 60.589429     93.92    142.47      3.38
   492420.338428 15.089802  0.000560 65.499140     71.25   -161.07     15.47
   492513.461432 15.088915  0.000394 60.841453     55.63    127.78     -8.44
   492606.584437 15.090568  0.000605 65.232201     32.92   -122.82     -3.19
   492699.707441 15.092952  0.000714 60.892941     17.09    179.13      6.53
   492792.830445 15.091825  0.000614 65.402740     -5.29     -6.03     -8.62
   492885.953450 15.092361  0.000626 60.571740    -21.35    -21.07      4.89
   492979.076454 15.094288  0.000727 65.658088    -43.65   -175.55      5.56
   493072.199459 15.093715  0.000672 60.575999    -59.68   -130.60      4.65
   493165.322463 15.094115  0.000678 65.477383    -81.94    130.72     -3.44
   493258.445467 15.094505  0.000610 60.727269    -98.31   -158.19     16.25
   493351.568472 15.093876  0.000574 65.498358   -120.02    158.97     -2.22
   493444.691476 15.095065  0.000613 60.452429   -137.03    -55.20     -9.33
   493537.814481 15.093471  0.000347 65.869864   -158.17    -79.37     -0.60
   493630.937485 15.095806  0.000632 60.207040   -175.58    101.80      3.71
   493724.060490 15.096925  0.000659 65.871991    163.64    145.70     -8.23
   493817.183494 15.098229  0.000729 60.394142    145.75     11.32     -1.66
   493910.306498 15.097309  0.000678 65.682551    125.67     88.46     -0.57
   494003.429503 15.098830  0.000693 60.376263    106.79     -0.57      9.21
   494096.552507 15.096906  0.000482 65.903233     87.75    142.73    -10.30
   494189.675512 15.098693  0.000661 60.129512     67.94    104.25     -2.81
   494282.798516 15.096881  0.000327 65.990271     49.70    -80.21     -7.47
   494375.921521 15.098257  0.000488 60.321215     29.18    -76.43      4.89
   494469.044525 15.100157  0.000682 65.570016     11.77    144.95      1.64
   494562.167529 15.100983  0.000644 60.733406     -9.83   -162.89     14.14
   494655.290534 15.099770  0.000533 65.352268    -26.01    112.69      2.53
   494748.413538 15.099894  0.000462 60.835925    -48.86   -134.37      3.69
   494841.536543 15.103337  0.000744 65.259349    -63.99   -177.78     -2.19
   494934.659547 15.101255  0.000559 61.144401    -87.63    -17.42     -0.54
   495027.782552 15.103468  0.000707 64.617783   -102.09    -20.11      0.92
   495120.905556 15.104290  0.000726 61.970706   -126.39   -168.29     -0.91
   495214.028560 15.103403  0.000664 63.816154   -140.08   -121.30     -2.00
   495307.151565 15.104296  0.000640 62.643127   -165.17    147.08    -10.85
   495400.274569 15.104523  0.000625 63.358814   -178.29   -142.76     11.92
   495493.397574 15.104087  0.000593 63.132062    156.40    173.72      3.44
   495586.520578 15.105760  0.000646 62.629299    143.09    -27.87    -12.98
   495679.643582 15.104383  0.000487 64.046555    118.26    -40.23     -5.49
   495772.766587 15.106273  0.000665 61.574887    104.35    142.46      3.11
   495865.889591 15.107924  0.000721 64.987025     80.19   -175.67      4.66
   495959.012596 15.106887  0.000630 60.954176     65.48     61.63      7.17
   496052.135600 15.107723  0.000684 65.335675     42.39    157.59      3.09
   496145.258605 15.105400  0.000294 60.672990     26.13     90.13      0.37
   496238.381609 15.108481  0.000689 65.647418      4.97   -131.31      0.21
   496331.504613 15.107845  0.000516 60.252115    -13.48   -161.32     11.48
   496424.627618 15.109856  0.000673 66.000283    -32.47     23.69     11.75
   496517.750622 15.109657  0.000668 60.203280    -52.93     68.76     -1.70
   496610.873627 15.109752  0.000584 65.613810    -70.00    -47.71    -11.64
   496703.996631 15.111653  0.000712 60.954493    -92.35     20.28      2.04
   496797.119636 15.110658  0.000648 64.708138   -107.48    -59.48      2.89
   496890.242640 15.109198  0.000339 61.864902   -131.71     73.96      2.71
   496983.365644 15.112264  0.000668 63.947341   -145.29     35.62      9.52
   497076.488649 15.111347  0.000562 62.707300   -170.52   -128.71     -2.37
   497169.611653 15.110629  0.000362 62.884419    176.24   -129.24     16.30
   497262.734658 15.111871  0.000504 63.973918    151.32    118.37      0.98
   497355.857662 15.112932  0.000576 61.448090    137.30   -177.36      5.67
   497448.980667 15.112097  0.000372 65.258836    113.51    125.08    -15.50
   497542.103671 15.114761  0.000676 60.564113     97.99   -132.23      1.17
   497635.226675 15.114355  0.000593 65.693039     76.13   -169.26      8.48
   497728.349680 15.116953  0.000741 60.415236     58.08      8.31      2.15
   497821.472684 15.115558  0.000655 65.661755     39.14     31.19     -3.38
   497914.595689 15.114262  0.000385 60.548264     17.97   -104.66     -2.82
   498007.718693 15.115706  0.000512 65.378843      1.99    -25.82    -17.01
   498100.841697 15.116790  0.000630 61.232870    -21.62   -122.61     -3.47
   498193.964702 15.118528  0.000711 64.187818    -35.72    -13.33      1.33
   498287.087706 15.116629  0.000468 62.825111    -60.57    -32.49    -12.09
   498380.210711 15.118331  0.000663 62.461263    -73.95    117.19      2.23
   498473.333715 15.119026  0.000620 64.414962    -98.91    153.08    -14.98
   498566.456720 15.119372  0.000642 61.237493   -113.03      2.13     -9.56
   498659.579724 15.118676  0.000551 65.293964   -136.36     63.99     -3.02
   498752.702728 15.120758  0.000648 60.533746   -153.09    -18.49    -12.90
   498845.825733 15.120025  0.000596 65.773100   -173.15     78.46      5.85
   498938.948737 15.119696  0.000490 60.301327    166.55     44.06      2.41
   499032.071742 15.122022  0.000653 65.566508    149.93   -162.20     12.49
   499125.194746 15.122084  0.000678 61.177105    126.68   -132.84     -1.86
   499218.317751 15.120931  0.000483 64.056375    112.44     85.67     -6.70
   499311.440755 15.122308  0.000567 63.063554     87.53    163.41    -17.28
   499404.563759 15.123040  0.000659 62.181761     74.14     52.66     -2.71
   499497.686764 15.124735  0.000721 64.708409     49.38    167.67      1.45
   499590.809768 15.122410  0.000415 60.938312     34.62    136.39    -11.49
   499683.932773 15.124353  0.000661 65.531564     12.41    -67.62      0.99
   499777.055777 15.124518  0.000558 60.358063     -5.93    -40.56    -15.14
   499870.178782 15.125203  0.000617 65.741813    -24.10    171.10    -10.86
   499963.301786 15.124840  0.000553 60.726169    -46.39   -130.38     -3.23
   500056.424790 15.125928  0.000569 64.697788    -61.21    149.64    -17.90
   500149.547795 15.126577  0.000638 62.446540    -85.87   -115.45      6.23
   500242.670799 15.126022  0.000541 62.534406    -99.36   -157.26      4.65
   500335.793804 15.128671  0.000705 64.626762   -124.11     11.22      7.34
   500428.916808 15.128104  0.000661 60.794797   -138.79     31.01     -3.45
   500522.039812 15.126990  0.000485 65.677445   -161.11   -107.59     -2.80
   500615.162817 15.127877  0.000500 60.400360   -179.47    -26.89    -19.50
   500708.285821 15.129240  0.000675 65.456365    162.58   -134.45     -1.82
   500801.408826 15.130765  0.000719 61.159060    139.77    -17.65      2.15
   500894.531830 15.128420  0.000409 64.253493    125.57    -40.97    -15.61
   500987.654835 15.130419  0.000658 62.904729    100.45    116.34      2.00
   501080.777839 15.131086  0.000613 62.085907     86.91    142.01    -12.10
   501173.900843 15.131837  0.000671 65.091823     62.90      2.96     -7.24
   501267.023848 15.131340  0.000612 60.278865     46.72     66.93     -4.62
   501360.146852 15.133466  0.000713 66.004727     26.35    -15.28     -6.24
   501453.269857 15.131258  0.000473 60.479379      5.83     93.28      7.38
   501546.392861 15.132327  0.000580 64.781776    -10.11     70.23     -3.83
   501639.515866 15.131880  0.000398 62.406642    -34.46   -135.75     20.62
   501732.638870 15.133646  0.000609 62.660214    -47.81   -105.95      6.67
   501825.761874 15.134791  0.000679 64.474379    -72.79    138.05     -4.51
   501918.884879 15.135870  0.000692 60.895683    -87.72   -165.29      9.02
   502012.007883 15.134457  0.000574 65.670843   -109.20    124.33      1.94
   502105.130888 15.134073  0.000432 60.349526   -128.99    -99.33     -6.05
   502198.253892 15.136171  0.000600 65.320270   -145.38   -149.55     15.48
   502291.376897 15.136414  0.000649 61.779388   -169.45     54.49     -3.57
   502384.499901 15.135000  0.000369 63.017403    176.94     75.04     -0.92
   502477.622905 15.136090  0.000462 64.466073    152.18    -35.90    -11.56
   502570.745910 15.137053  0.000568 60.583089    137.14     33.17     -2.54
   502663.868914 15.138705  0.000643 65.959302    115.62    -26.71    -12.51
   502756.991919 15.137315  0.000460 60.384073     95.91     86.51      9.23
   502850.114923 15.138768  0.000628 64.867123     79.56     79.76     -4.02
   502943.237927 15.137154  0.000292 62.412236     55.27    -89.78     -1.47
   503036.360932 15.138621  0.000468 62.515960     41.91    -61.76      1.20
   503129.483936 15.140194  0.000615 64.720951     17.13    179.75      7.80
   503222.606941 15.138428  0.000291 60.650438      1.47    -82.73     -2.94
   503315.729945 15.141378  0.000665 65.704860    -18.82   -145.61     -2.14
   503408.852950 15.142139  0.000652 60.683601    -40.17     -8.56      7.36
   503501.975954 15.143221  0.000691 64.554608    -55.08     -5.09     -8.59
   503595.098958 15.141966  0.000595 62.927623    -80.02   -166.85     -3.37
   503688.221963 15.141412  0.000427 61.700069    -93.82   -137.30      8.87
   503781.344967 15.141976  0.000434 65.557480   -117.13    142.68    -15.00
   503874.467972 15.143430  0.000609 60.055423   -134.98   -127.96     -4.60
   503967.590976 15.145674  0.000735 65.625383   -152.99    172.76      1.82
   504060.713981 15.144033  0.000537 61.624179   -176.19    -16.28    -11.00
   504153.836985 15.144950  0.000636 62.929180    169.97    -32.48      3.81
   504246.959989 15.146958  0.000716 64.632855    145.09   -178.63      4.84
   504340.082994 15.146136  0.000633 60.561783    129.93   -127.40      7.56
   504433.205998 15.146704  0.000686 65.721300    109.07    145.62      1.68
   504526.329003 15.144488  0.000297 60.884733     87.99   -110.59     12.02
   504619.452007 15.147710  0.000693 64.134811     73.11   -141.72     -0.28
   504712.575012 15.146919  0.000535 63.392537     47.95     21.16     10.32
   504805.698016 15.148298  0.000604 61.442047     34.07     26.64     15.68
   504898.821020 15.148496  0.000648 65.536865     11.44    -93.89      2.46
   504991.944025 15.150039  0.000700 60.339503     -7.83    -21.15      1.34
   505085.067029 15.147857  0.000410 65.105846    -24.12   -120.33     16.57
   505178.190034 15.149345  0.000599 62.389381    -48.63     30.75     -3.19
   505271.313038 15.151464  0.000716 62.037865    -62.31     -7.64      5.38
   505364.436042 15.151631  0.000699 65.430851    -85.90   -171.14     -5.57
   505457.559047 15.150327  0.000553 60.065932   -103.78   -145.14     -1.89
   505550.682051 15.149483  0.000333 65.507320   -121.43     97.48     -7.40
   505643.805056 15.152179  0.000641 61.999830   -145.13   -173.11     -7.22
   505736.928060 15.152648  0.000662 62.280163   -158.85    111.82     -2.02
   505830.051065 15.150766  0.000332 65.303990    176.93   -115.66     11.83
   505923.174069 15.153509  0.000651 60.168680    160.04   -120.91      5.34
   506016.297073 15.152907  0.000549 65.434793    141.52     89.79     -6.81
   506109.420078 15.153240  0.000491 61.967515    118.18    153.98    -21.22
   506202.543082 15.154536  0.000642 62.476048    104.52     27.39     -4.46
   506295.666087 15.155381  0.000647 65.057034     79.98    139.26     -8.31
   506388.789091 15.153736  0.000393 60.387363     63.32     64.06     15.70
   506481.912096 15.155906  0.000660 65.352632     44.82   -119.89     -1.13
   506575.035100 15.154455  0.000374 61.914842     21.28   -112.01      2.92
   506668.158104 15.154733  0.000355 62.623333      7.76    101.25      0.77
   506761.281109 15.156577  0.000600 64.954890    -16.63    168.63      2.75
   506854.404113 15.155274  0.000309 60.370663    -33.82     85.56     -2.55
   506947.527118 15.158934  0.000706 65.396232    -51.69   -156.85     -0.05
   507040.650122 15.158111  0.000606 62.009140    -75.66    171.69      6.01
   507133.773127 15.160442  0.000725 62.307089    -89.27     -6.85     -1.57
   507226.896131 15.159741  0.000677 65.319754   -112.98     24.58     -2.38
   507320.019135 15.158933  0.000545 60.144464   -131.20    -94.95     -7.29
   507413.142140 15.161409  0.000706 65.226822   -148.12    -10.38     -9.49
   507506.265144 15.160280  0.000616 62.593653   -172.49    -87.60      4.97
   507599.388149 15.159494  0.000440 61.507131    173.53     53.01      2.29
   507692.511153 15.161441  0.000585 65.844385    150.83     32.44     15.89
   507785.634157 15.162029  0.000667 60.256616    131.19   -110.40     -1.37
   507878.757162 15.161882  0.000560 64.418274    115.48    -53.46    -12.70
   507971.880166 15.163940  0.000711 63.715471     90.73   -164.86     -0.24
   508065.003171 15.163112  0.000640 60.640539     76.07    -66.12      3.32
   508158.126175 15.161570  0.000355 65.944480     54.92   -111.14      5.03
   508251.249180 15.164186  0.000622 61.035122     33.42     48.86     10.19
   508344.372184 15.164085  0.000619 63.131095     19.00     72.18     -4.03
   508437.495188 15.163408  0.000420 64.882946     -5.73    -44.20    -21.38
   508530.618193 15.165519  0.000641 60.229054    -21.98      9.94     -7.54
   508623.741197 15.165602  0.000627 65.353210    -40.69    -72.80     -4.84
   508716.864202 15.165345  0.000485 62.347787    -64.33     35.67     19.06
   508809.987206 15.166987  0.000670 61.806845    -78.01     30.77     -2.79
   508903.110211 15.165994  0.000511 65.564565   -101.47   -147.51      6.86
   508996.233215 15.165576  0.000367 60.540998   -120.61   -122.78     18.20
   509089.356219 15.167072  0.000565 64.181678   -136.35    136.59      1.68
   509182.479224 15.166669  0.000415 63.874498   -161.37   -130.97      9.51
   509275.602228 15.169984  0.000711 60.728239   -176.18   -175.16     -6.11
   509368.725233 15.168620  0.000606 65.579076    163.46    -28.93      2.57
   509461.848237 15.170852  0.000716 61.620874    140.80    -17.07     -3.08
   509554.971242 15.171120  0.000702 62.579037    127.05   -168.85     -3.86
   509648.094246 15.170191  0.000633 65.173468    102.93   -103.08     -3.21
   509741.217250 15.172532  0.000740 60.411401     84.63    168.16     -3.69
   509834.340255 15.169912  0.000458 64.629589     68.33    -83.40      5.99
   509927.463259 15.171011  0.000558 63.442772     43.40    -95.23     -6.37
   510020.586264 15.170008  0.000332 60.887694     28.73     58.95     15.54
   510113.709268 15.171772  0.000555 65.672604      8.24    100.16      4.91
   510206.832272 15.173455  0.000661 61.469827    -14.42    -17.24      5.11
   510299.955277 15.171605  0.000369 62.581355    -28.23     54.94     17.15
   510393.078281 15.173624  0.000630 65.288845    -52.04     18.72     -4.09
   510486.201286 15.175344  0.000706 60.337987    -70.94    160.18      3.23
   510579.324290 15.175335  0.000646 64.467828    -86.72    172.02    -13.54
   510672.447295 15.174425  0.000584 63.810764   -111.63     13.02     -1.47
   510765.570299 15.173589  0.000355 60.528779   -127.13     60.96      5.76
   510858.693303 15.175848  0.000583 65.643659   -146.36    -13.31    -12.45
   510951.816308 15.176495  0.000654 62.024540   -169.96     98.05     -1.92
   511044.939312 15.175106  0.000391 61.755721    176.10     44.47     15.11
   511138.062317 15.177264  0.000618 65.761581    153.61   -129.34      9.00
   511231.185321 15.177487  0.000621 60.648028    132.81    -85.02     -5.59
   511324.308326 15.178683  0.000639 63.440302    118.24    158.97    -15.66
   511417.431330 15.178870  0.000680 64.886219     93.82   -127.94      3.21
   511510.554334 15.179271  0.000644 60.150164     76.16    165.69      6.95
   511603.677339 15.179166  0.000561 64.901234     59.39    -23.13    -18.22
   511696.800343 15.178965  0.000553 63.499179     34.74    -38.86      0.38
   511789.923348 15.180971  0.000685 60.519012     19.52    162.64      4.68
   511883.046352 15.180719  0.000593 65.766448     -0.08   -150.51     16.74
   511976.169357 15.180475  0.000590 62.025517    -23.53    135.61      3.57
   512069.292361 15.179590  0.000368 61.562277    -37.64   -102.04     -3.16
   512162.415365 15.182334  0.000639 65.878289    -59.77   -144.19     10.89
   512255.538370 15.181863  0.000589 60.872752    -81.14     53.67     -4.38
   512348.661374 15.180756  0.000338 62.866246    -95.46     73.65      2.43
   512441.784379 15.182278  0.000506 65.390417   -119.31    -29.90     -9.38
   512534.907383 15.182892  0.000552 60.225745   -138.31     56.52     -3.71
   512628.030387 15.185683  0.000740 64.101799   -153.90     -7.07     -0.88
   512721.153392 15.183598  0.000529 64.501883   -178.50    155.93     -6.95
   512814.276396 15.185496  0.000687 60.120998    164.59    148.11      2.93
   512907.399401 15.187107  0.000742 65.071894    147.22      2.28      1.10
   513000.522405 15.185950  0.000664 63.436821    122.69     70.20      2.21
   513093.645410 15.186974  0.000688 60.465932    107.36    -18.86      3.90
   513186.768414 15.184715  0.000358 65.653726     88.09    123.26    -12.33
   513279.891418 15.187095  0.000659 62.441426     64.31     89.59      2.18
   513373.014423 15.186345  0.000476 61.073256     49.88    -72.47    -11.70
   513466.137427 15.186913  0.000482 65.890905     28.89    -27.16    -17.40
   513559.260432 15.187654  0.000576 61.595607      6.20   -149.28     -2.59
   513652.383436 15.188583  0.000570 61.836667     -7.92    -38.80    -16.86
   513745.506441 15.188353  0.000523 65.802633    -30.29   -112.95     10.71
   513838.629445 15.188962  0.000569 60.989593    -51.73     67.47     -5.08
   513931.752449 15.187995  0.000338 62.573360    -65.98     60.53     10.88
   514024.875454 15.189199  0.000483 65.564536    -89.34    -61.57      0.32
   514117.998458 15.190229  0.000557 60.583327   -109.54      8.75      6.74
   514211.121463 15.189930  0.000431 63.231749   -124.24    -40.04    -22.01
   514304.244467 15.191636  0.000642 65.204072   -148.28     74.18      5.10
   514397.367472 15.190608  0.000431 60.393321   -167.40     72.85     -4.34
   514490.490476 15.190440  0.000329 63.745583    177.35   -107.45     12.19
   514583.613480 15.192359  0.000590 64.851508    152.90    -42.26      2.56
   514676.736485 15.192299  0.000464 60.314762    134.73   -149.73     11.99
   514769.859489 15.193982  0.000606 64.121533    118.88    -12.91    -14.34
   514862.982494 15.194117  0.000643 64.543925     94.22    -60.08      2.61
   514956.105498 15.194132  0.000534 60.315599     76.76    135.04    -17.27
   515049.228502 15.194289  0.000518 64.357148     60.36    157.57    -14.81
   515142.351507 15.194686  0.000562 64.325921     35.60     25.84      1.23
   515235.474511 15.194698  0.000441 60.359386     18.67    135.82    -19.95
   515328.597516 15.196622  0.000650 64.463658      1.83     48.63      7.09
   515421.720520 15.195877  0.000534 64.211306    -22.93   -149.38      4.00
   515514.843525 15.197339  0.000588 60.373858    -39.51   -159.35     16.88
   515607.966529 15.197566  0.000624 64.510900    -56.64     66.30      6.16
   515701.089533 15.198769  0.000694 64.186477    -81.39    147.05     -0.90
   515794.212538 15.197182  0.000439 60.374454    -97.82     41.15     22.50
   515887.335542 15.198623  0.000622 64.461722   -115.12   -161.59     -4.47
   515980.458547 15.200131  0.000686 64.289971   -139.82    175.54      7.03
   516073.581551 15.201216  0.000717 60.313646   -156.27     14.53      0.65
   516166.704556 15.200166  0.000651 64.376853   -173.53     62.63     -1.71
   516259.827560 15.201409  0.000675 64.438384    161.83    -26.26     -9.01
   516352.950564 15.200144  0.000500 60.259414    145.17     57.53     15.45
   516446.073569 15.200802  0.000590 64.224031    128.11     36.93     -2.63
   516539.196573 15.201941  0.000595 64.677748    103.52   -164.07     17.59
   516632.319578 15.202634  0.000651 60.174247     86.45   -129.83      7.84
   516725.442582 15.202947  0.000668 64.017301     69.74    117.46     -2.41
   516818.565587 15.203829  0.000642 64.942638     45.30   -163.66     13.52
   516911.688591 15.202617  0.000514 60.155502     27.60    155.38     -4.23
   517004.811595 15.204320  0.000661 63.711875     11.42    -52.35     -3.75
   517097.934600 15.203800  0.000512 65.235099    -12.83    -25.74    -19.58
   517191.057604 15.204155  0.000563 60.227716    -31.35    177.80     -4.60
   517284.180609 15.203660  0.000427 63.319915    -46.95   -119.39      1.28
   517377.303613 15.206681  0.000685 65.498644    -70.84    178.37     -9.57
   517470.426617 15.205854  0.000624 60.442593    -90.43    -58.92      4.06
   517563.549622 15.205724  0.000506 62.817400   -105.42    -55.83    -14.28
   517656.672626 15.205784  0.000476 65.697479   -128.73    145.67    -12.51
   517749.795631 15.206627  0.000557 60.863756   -149.49   -173.94      1.54
   517842.918635 15.205774  0.000345 62.197074   -164.02     96.71     -7.87
   517936.041640 15.209079  0.000703 65.784824    173.52   -152.74      1.35
   518029.164644 15.208187  0.000593 61.504345    151.49    175.09      6.42
   518122.287648 15.210850  0.000740 61.543520    137.12     -1.83      1.54
   518215.410653 15.209935  0.000685 65.647514    115.84     36.37     -0.21
   518308.533657 15.209669  0.000599 62.382591     92.65    -63.39     -9.04
   518401.656662 15.211447  0.000687 60.901124     77.98     14.14      9.34
   518494.779666 15.209965  0.000563 65.280771     58.22    -19.92     -3.47
   518587.902671 15.211971  0.000697 63.389902     34.12    149.87     -3.33
   518681.025675 15.212437  0.000664 60.441182     18.55    173.30    -12.21
   518774.148679 15.211759  0.000635 64.580524      0.48     34.58     -3.58
   518867.271684 15.211947  0.000544 64.467299    -24.03    135.05    -15.77
   518960.394688 15.213068  0.000620 60.271992    -41.15     41.03     12.29
   519053.517693 15.212507  0.000573 63.596338    -57.55   -158.75     -0.87
   519146.640697 15.214035  0.000624 65.373810    -81.74   -167.34     13.91
   519239.763702 15.214221  0.000616 60.587439   -100.90     52.37      8.61
   519332.886706 15.214761  0.000666 62.403021   -116.01    124.59      1.04
   519426.009710 15.214059  0.000492 65.913107   -139.07     28.18     21.29
   519519.132715 15.215420  0.000629 61.410668   -160.44   -168.09     -7.25
   519612.255719 15.216014  0.000654 61.249334   -175.15    162.19      5.75
   519705.378724 15.217893  0.000735 65.865622    163.80      5.88      3.05
   519798.501728 15.216870  0.000667 62.655749    140.50     64.33      0.69
   519891.624732 15.217951  0.000698 60.429335    125.10    -30.59     -1.34
   519984.747737 15.215436  0.000341 65.107419    106.56     75.61     10.52
   520077.870741 15.217953  0.000665 64.073072     82.25     64.04     -1.41
   520170.993746 15.216377  0.000370 60.270868     64.91   -116.67      3.43
   520264.116750 15.216637  0.000334 63.719985     48.81    -78.84      1.10
   520357.239755 15.218478  0.000589 65.212817     24.75    176.39      2.08
   520450.362759 15.217813  0.000385 61.002673      4.74    -55.85    -19.70
   520543.485763 15.220038  0.000610 61.997243     -9.88   -131.34      9.91
   520636.608768 15.219646  0.000568 65.639546    -32.17     56.11     -2.60
   520729.731772 15.218616  0.000308 62.477593    -54.76     76.12      5.36
   520822.854777 15.220030  0.000469 60.582808    -69.63    -39.15     -4.70
   520915.977781 15.220625  0.000526 65.034633    -89.07     48.53      0.50
   521009.100786 15.223832  0.000748 64.272516   -113.15      0.43     -2.04
   521102.223790 15.221549  0.000524 60.065360   -130.22    158.57     -2.93
   521195.346794 15.223623  0.000692 63.533715   -146.70    162.88      3.63
   521288.469799 15.224055  0.000653 65.606116   -170.39     24.69     11.37
   521381.592803 15.223461  0.000614 60.874951    169.23    113.38      3.77
   521474.715808 15.222806  0.000449 61.671286    154.40     35.75     11.52
   521567.838812 15.225908  0.000717 65.812705    133.07   -165.35      1.19
   521660.961817 15.224283  0.000571 62.730329    109.77   -158.25     -1.20
   521754.084821 15.223862  0.000404 60.438556     94.08     34.60     17.82
   521847.207825 15.224182  0.000417 64.559854     76.23    125.36     -6.04
   521940.330830 15.225366  0.000550 64.732242     51.87     47.32     -0.92
   522033.453834 15.228402  0.000728 60.665025     33.14    179.32      2.75
   522126.576839 15.226857  0.000586 62.353561     18.03    176.88     -8.60
   522219.699843 15.227007  0.000578 65.687158     -4.69      9.96      5.74
   522312.822847 15.225965  0.000342 62.413519    -26.96     60.97     14.92
   522405.945852 15.227679  0.000545 60.449998    -42.04     -9.49     -6.45
   522499.068856 15.228607  0.000606 64.881526    -61.14    118.80     -8.40
   522592.191861 15.226932  0.000308 64.675420    -85.19     88.11      5.73
   522685.314865 15.229459  0.000632 60.177615   -103.33    -76.88      3.96
   522778.437870 15.231135  0.000703 62.724636   -118.99    -24.94     -2.58
   522871.560874 15.230188  0.000571 65.856159   -141.68   -137.19     14.27
   522964.683878 15.230149  0.000568 61.943038   -163.87     -6.19      2.50
   523057.806883 15.232212  0.000676 60.688207   -179.05    -27.22     -9.16
   523150.929887 15.231114  0.000534 64.954304    162.12    161.55    -13.90
   523244.052892 15.231405  0.000576 64.456308    137.86   -172.23      3.60
   523337.175896 15.230041  0.000270 60.585959    119.50     82.92      1.08
   523430.298901 15.233365  0.000666 62.378121    104.20   -165.92     -6.09
   523523.421905 15.233784  0.000677 65.684367     81.58    151.34      2.13
   523616.544909 15.234373  0.000637 62.684806     59.10    -13.68    -13.95
   523709.667914 15.233905  0.000593 60.252896     43.63      6.68     -6.80
   523802.790918 15.233371  0.000479 64.408269     25.35   -113.77     -1.28
   523895.913923 15.236284  0.000696 65.238737      1.42     -3.06     -8.70
   523989.036927 15.234905  0.000588 60.621637    -18.10    -62.04      4.98
   524082.159932 15.235312  0.000539 61.703474    -33.25    121.97    -13.25
   524175.282936 15.235145  0.000462 65.736910    -54.40    150.02    -16.70
   524268.405940 15.235949  0.000568 63.285225    -77.95     15.64     -0.31
   524361.528945 15.235743  0.000430 60.294578    -94.64    123.96    -17.91
   524454.651949 15.237815  0.000624 63.474395   -111.11     40.88      9.79
   524547.774954 15.237203  0.000570 65.491358   -134.63   -141.96     -1.25
   524640.897958 15.237071  0.000426 61.939936   -156.04   -144.77     20.26
   524734.020962 15.237461  0.000458 60.637291   -171.07     95.09      8.06
   524827.143967 15.238685  0.000590 64.755660    169.64   -175.87      6.06
   524920.266971 15.239153  0.000533 64.971074    145.69    156.11    -20.98
   525013.389976 15.239330  0.000561 60.487098    126.78    -75.08      5.99
   525106.512980 15.240702  0.000639 61.772405    111.41    -53.50     -7.41
   525199.635985 15.242025  0.000687 65.801550     90.11    175.02     -8.56
   525292.758989 15.241459  0.000662 63.361674     66.70   -109.27      0.19
   525385.881993 15.242308  0.000655 60.217383     49.69    176.01      9.33
   525479.004998 15.242320  0.000597 63.238325     33.46    -10.82    -15.88
   525572.128002 15.241942  0.000599 65.557049     10.37    -19.45      2.23
   525665.251007 15.243254  0.000604 62.434507    -11.76   -169.41     15.94
   525758.374011 15.241751  0.000413 60.378780    -27.24    -88.56      7.64
   525851.497016 15.242987  0.000561 64.055049    -45.36   -149.93     -0.10
   525944.620020 15.245764  0.000722 65.540238    -69.12     -1.90      2.19
   526037.743024 15.244827  0.000630 61.277755    -89.52      9.91     -7.14
   526130.866029 15.243955  0.000510 60.757044   -104.83   -143.59      0.45
   526223.989033 15.243530  0.000360 65.177930   -124.33    -50.20    -20.50
   526317.112038 15.246209  0.000680 64.641069   -148.19   -138.23     -1.24
   526410.235042 15.246572  0.000630 60.681523   -167.46     -5.63      9.69
   526503.358047 15.248314  0.000722 61.689297    177.42      2.34     -3.86
   526596.481051 15.247014  0.000646 65.290418    156.59   -143.23     -3.14
   526689.604055 15.246678  0.000505 64.195792    132.82    -58.97    -14.03
   526782.727060 15.249115  0.000689 60.455195    114.98   -156.12      6.14
   526875.850064 15.247610  0.000563 61.968045     99.27    -12.91      0.24
   526968.973069 15.250211  0.000725 65.785793     77.45    -13.69     -0.79
   527062.096073 15.250266  0.000716 63.601911     54.34   -159.87     -0.64
   527155.219077 15.249465  0.000628 60.054819     36.97    -89.66     -5.12
   527248.342082 15.251527  0.000714 62.789123     20.85    179.45      5.56
   527341.465086 15.249544  0.000527 65.704679     -1.34    -27.14     -7.61
   527434.588091 15.251285  0.000670 63.087435    -24.36    -37.64      0.44
   527527.711095 15.252889  0.000724 60.338443    -41.04    174.55     -4.62
   527620.834100 15.252065  0.000672 62.857862    -57.47   -130.54      3.13
   527713.957104 15.252789  0.000692 65.719526    -80.24    155.49      1.73
   527807.080108 15.250560  0.000359 63.099445   -102.72    -45.06    -18.53
   527900.203113 15.252678  0.000619 60.002678   -119.28    -77.92      4.84
   527993.326117 15.253943  0.000661 63.130084   -136.14    142.96     -9.03
   528086.449122 15.255010  0.000717 65.863219   -158.71   -162.55      3.28
   528179.572126 15.254082  0.000636 62.706568    178.72    121.80      2.51
   528272.695131 15.252504  0.000336 60.272759    162.13    -98.30     -3.03
   528365.818135 15.254342  0.000524 63.131958    145.54   -125.66     14.05
   528458.941139 15.255465  0.000666 65.591434    122.76    102.21     -1.95
   528552.064144 15.257523  0.000739 63.166280    100.19    171.68     -4.07
   528645.187148 15.255573  0.000546 60.115272     83.60     75.92      9.71
   528738.310153 15.255560  0.000510 62.754126     66.85   -140.38      1.15
   528831.433157 15.257423  0.000607 65.934835     44.51   -159.76     15.85
   528924.556162 15.257687  0.000661 63.148394     21.76     65.03      2.97
   529017.679166 15.258472  0.000671 60.151168      4.53    136.34     -4.22
   529110.802170 15.257833  0.000524 62.663429    -11.61     31.57     19.12
   529203.925175 15.258368  0.000618 65.531605    -33.55   -165.11     -4.06
   529297.048179 15.259764  0.000655 63.789512    -56.82    178.65     10.19
   529390.171184 15.260550  0.000682 60.403037    -74.40     27.91      9.58
   529483.294188 15.260094  0.000663 61.783612    -90.36    100.16      1.66
   529576.417192 15.260488  0.000592 65.624527   -111.65     12.52     14.63
   529669.540197 15.261005  0.000631 64.328192   -134.97    179.06     -9.23
   529762.663201 15.260844  0.000591 60.446825   -153.76    161.22      4.92
   529855.786206 15.262589  0.000673 61.474431   -169.34      4.93     10.79
   529948.909210 15.261167  0.000520 65.074658    170.60     75.14     10.16
   530042.032215 15.261864  0.000571 64.846358    146.82      8.68      6.82
   530135.155219 15.263984  0.000682 61.340438    127.01    170.17    -11.97
   530228.278223 15.262371  0.000525 60.576167    111.50    158.35     -4.50
   530321.401228 15.263576  0.000611 64.352183     92.47      1.55      8.37
   530414.524232 15.262067  0.000340 65.651658     69.16     73.97     11.33
   530507.647237 15.264087  0.000596 61.887488     47.90     20.50     -4.25
   530600.770241 15.266077  0.000709 60.267487     31.68    158.84      1.03
   530693.893246 15.265971  0.000648 63.483939     14.41    173.15    -12.74
   530787.016250 15.265162  0.000598 65.568035     -8.33     25.29     -2.24
   530880.139254 15.264455  0.000388 63.370555    -30.96    119.80    -17.36
   530973.262259 15.267636  0.000703 60.235593    -48.12     30.26      3.14
   531066.385263 15.266322  0.000569 61.924362    -64.44    177.68      3.69
   531159.508268 15.268721  0.000707 65.641938    -85.67   -176.80      6.94
   531252.631272 15.268078  0.000646 64.445485   -108.96     51.73      5.39
   531345.754277 15.268670  0.000669 60.745474   -128.29    137.91      0.84
   531438.877281 15.266438  0.000317 61.049100   -143.89     55.08     18.32
   531532.000285 15.269486  0.000681 64.408868   -163.03   -133.16      1.36
   531625.123290 15.267962  0.000448 65.469667    173.44   -116.04      0.57
   531718.246294 15.267867  0.000348 62.318699    152.26    130.96    -15.91
   531811.369299 15.269904  0.000594 60.020122    135.88   -155.80     -5.09
   531904.492303 15.271509  0.000674 62.973289    118.65    147.00     -5.59
   531997.615307 15.269619  0.000422 65.820138     96.65    -41.15    -14.74
   532090.738312 15.271109  0.000606 63.722060     73.61    -37.55      3.20
   532183.861316 15.272426  0.000628 60.624413     55.20   -173.33     13.86
   532276.984321 15.270467  0.000365 61.275657     39.52    -71.22      0.87
   532370.107325 15.272237  0.000596 64.651122     19.55   -115.28     -3.96
   532463.230330 15.272140  0.000472 65.529042     -3.85     29.81     21.74
   532556.353334 15.273419  0.000606 61.908013    -24.72     69.79      7.65
   532649.476338 15.274524  0.000670 60.097243    -41.20    -42.91      0.64
   532742.599343 15.273302  0.000451 63.118200    -58.36     34.92     20.51
   532835.722347 15.274924  0.000646 65.576868    -80.35     18.94     -4.24
   532928.845352 15.275108  0.000597 64.054183   -103.50   -176.57      9.77
   533021.968356 15.275956  0.000600 60.811123   -122.07   -151.66     16.12
   533115.091361 15.275726  0.000607 60.771496   -137.95    106.05      5.34
   533208.214365 15.275489  0.000498 64.483717   -157.34   -154.56     13.98
   533301.337369 15.278117  0.000717 65.679981    179.64   -170.10     -2.77
   533394.460374 15.276529  0.000560 62.465813    157.86     11.76      0.62
   533487.583378 15.276324  0.000427 60.282159    140.80     34.08     17.03
   533580.706383 15.276624  0.000423 62.135416    124.42    -43.25    -10.35
   533673.829387 15.278094  0.000609 65.169710    103.29     68.30     -3.90
   533766.952392 15.278567  0.000535 65.112775     79.99     21.33     20.18
   533860.075396 15.279901  0.000678 61.427689     59.90   -130.79      4.33
   533953.198400 15.279615  0.000611 60.191147     43.54    -71.51     -7.50
   534046.321405 15.281824  0.000723 63.343890     25.96   -176.34      3.01
   534139.444409 15.279660  0.000539 65.573183      3.87    -45.55     -0.28
   534232.567414 15.281080  0.000615 64.126426    -19.17    -50.45     -8.47
   534325.690418 15.280933  0.000532 60.939003    -37.97    159.89    -18.37
   534418.813422 15.281476  0.000604 60.531334    -53.96   -156.74     -5.35
   534511.936427 15.281928  0.000568 64.001338    -72.82    127.90    -12.60
   534605.059431 15.281438  0.000462 65.824945    -95.43   -123.25     16.13
   534698.182436 15.282873  0.000632 63.274083   -117.88   -107.05     -3.57
   534791.305440 15.281590  0.000366 60.563449   -136.01    117.90    -17.78
   534884.428445 15.284002  0.000611 61.133140   -151.97    177.59    -11.05
   534977.551449 15.284280  0.000643 64.299886   -171.58     97.77     -2.55
   535070.674453 15.282901  0.000372 65.804541    165.43   -133.26     17.72
   535163.797458 15.285079  0.000619 62.927902    143.64   -116.30      6.97
   535256.920462 15.285682  0.000646 60.182298    125.84    118.47     -5.81
   535350.043467 15.287641  0.000735 61.563822    109.61   -174.37      5.14
   535443.166471 15.285350  0.000535 64.567264     89.76    129.59      0.90
   535536.289476 15.286378  0.000573 65.556717     66.55    -56.69    -11.24
   535629.412480 15.285857  0.000444 62.944527     45.04    -31.88    -18.45
   535722.535484 15.286887  0.000557 60.071097     27.51   -174.49     -2.62
   535815.658489 15.286688  0.000451 61.491352     11.00    -74.69    -11.42
   535908.781493 15.288714  0.000622 64.826997     -8.83   -148.39     13.84
   536001.904498 15.288241  0.000602 65.380628    -31.94     41.79     -2.75
   536095.027502 15.287030  0.000324 63.037344    -53.67     56.88     13.05
   536188.150507 15.288172  0.000444 60.273093    -71.18    -35.54     -9.22
   536281.273511 15.289237  0.000555 61.147725    -87.71     63.99     -4.86
   536374.396515 15.291169  0.000644 64.695044   -107.40     11.03     12.94
   536467.519520 15.291325  0.000682 65.575035   -130.19   -149.50     -0.75
   536560.642524 15.290274  0.000516 63.154389   -152.30    -99.31     -6.10
   536653.765529 15.292465  0.000642 60.592667   -170.28    167.53    -13.67
   536746.888533 15.291742  0.000601 60.828051    173.47    -96.05      6.49
   536840.011537 15.290963  0.000446 64.064732    154.17   -108.49     -2.27
   536933.134542 15.290699  0.000325 65.874902    131.70     78.94      9.54
   537026.257546 15.292671  0.000586 63.643485    109.26    144.54      2.69
   537119.380551 15.291885  0.000375 60.865058     90.34     52.47      9.55
   537212.503555 15.295407  0.000702 60.597000     74.19   -165.79     -1.67
   537305.626560 15.293735  0.000565 63.175957     55.82   -175.43      0.15
   537398.749564 15.294355  0.000521 65.786422     33.78     21.31     17.59
   537491.872568 15.293732  0.000431 64.587775     11.10    111.42      0.51
   537584.995573 15.294727  0.000521 61.345990     -8.98     43.69     -0.82
   537678.118577 15.297835  0.000720 60.351751    -25.61   -177.03      6.23
   537771.241582 15.296906  0.000655 62.254003    -42.84   -159.90     -5.09
   537864.364586 15.295841  0.000502 65.123027    -63.93     66.86     -2.73
   537957.487591 15.297984  0.000639 65.515962    -86.80    166.73    -13.75
   538050.610595 15.297453  0.000603 62.451905   -107.98     95.40      4.51
   538143.733599 15.296813  0.000451 60.247641   -125.74    -86.16    -10.19
   538236.856604 15.296275  0.000300 61.314250   -142.18    -67.04     -8.38
   538329.979608 15.298197  0.000566 64.014670   -161.64    169.02     -1.04
   538423.102613 15.297641  0.000392 65.819218    175.76    -74.70    -11.71
   538516.225617 15.299827  0.000602 64.066834    153.52   -135.01     12.32
   538609.348622 15.299774  0.000586 60.878250    134.17     63.35     -4.38
   538702.471626 15.298709  0.000354 60.414657    117.57    110.94    -13.70
   538795.594630 15.301458  0.000647 62.641791     99.99      3.88     -8.53
   538888.717635 15.301609  0.000670 65.154205     78.69    118.25     -1.24
   538981.840639 15.299531  0.000301 65.484688     55.84    113.09    -14.26
   539074.963644 15.301120  0.000502 62.533316     34.75    -65.32      3.90
   539168.086648 15.302948  0.000641 60.238746     16.78    -11.67      7.65
   539261.209652 15.300641  0.000276 61.127112      0.28    -92.62      3.45
   539354.332657 15.303687  0.000668 63.689054    -18.77     48.64     -0.85
   539447.455661 15.302649  0.000464 65.710185    -41.05     38.98      8.69
   539540.578666 15.302414  0.000361 64.679225    -63.51   -105.86     12.23
   539633.701670 15.303893  0.000556 61.467597    -83.57    -18.31      1.82
   539726.824675 15.303571  0.000417 60.218638   -100.73    -65.54    -16.55
   539819.947679 15.304562  0.000488 61.775830   -117.68     53.30     17.79
   539913.070683 15.305946  0.000658 64.395136   -137.86     90.08     -2.30
   540006.193688 15.307109  0.000651 65.860268   -160.44    -21.54    -12.49
   540099.316692 15.306835  0.000623 63.875943    177.53     55.87      7.18
   540192.439697 15.306395  0.000541 60.984163    158.11     12.88      5.89
   540285.562701 15.309049  0.000701 60.372952    141.36   -175.09      6.46
   540378.685706 15.308473  0.000672 62.118606    123.89   -137.38      1.82
   540471.808710 15.308620  0.000659 64.844227    103.13    126.53     -5.36
   540564.931714 15.307770  0.000475 65.789106     80.58   -144.29     22.69
   540658.054719 15.309111  0.000644 63.424319     58.73   -140.92     -3.54
   540751.177723 15.308084  0.000422 60.939767     39.64     39.22     11.55
   540844.300728 15.307817  0.000320 60.377951     23.00    102.51      0.55
   540937.423732 15.309760  0.000578 62.166870      5.18     20.84     -3.67
   541030.546737 15.311910  0.000702 65.071768    -15.61    158.72     -4.59
   541123.669741 15.310878  0.000567 65.662420    -38.08    165.13    -13.36
   541216.792745 15.310832  0.000564 63.462596    -60.01      7.48      2.71
   541309.915750 15.309534  0.000272 61.123886    -79.07     88.35     -2.36
   541403.038754 15.313255  0.000691 60.180479    -95.85     23.16     -3.54
   541496.161759 15.312574  0.000606 61.998127   -113.68    169.28      6.09
   541589.284763 15.314705  0.000715 64.962098   -134.06   -173.50      6.53
   541682.407767 15.313604  0.000629 65.564903   -156.47     68.16      4.46
   541775.530772 15.314472  0.000652 63.982123   -178.65    167.62      5.56
   541868.653776 15.313352  0.000452 61.482481    161.96    151.93    -20.98
   541961.776781 15.314078  0.000551 59.977399    144.79    -57.03      4.54
   542054.899785 15.316363  0.000701 61.585428    127.31    -18.08      3.38
   542148.022790 15.314778  0.000491 64.364918    107.66   -135.00     19.57
   542241.145794 15.315369  0.000580 65.520553     85.45      7.43     -0.15
   542334.268798 15.317961  0.000725 64.813362     63.03     -9.25     -0.12
   542427.391803 15.317770  0.000680 62.099500     42.82   -164.11     -3.78
   542520.514807 15.316951  0.000596 60.078841     24.92   -102.06     -4.88
   542613.637812 15.319368  0.000730 60.955061      7.92    172.84      0.62
   542706.760816 15.316845  0.000461 63.238166    -10.76    -36.14     -8.23
   542799.883821 15.318876  0.000682 65.272771    -32.31    -38.79      0.68
   542893.006825 15.320689  0.000734 65.590162    -54.77   -174.95      3.76
   542986.129829 15.319024  0.000607 63.155532    -76.13    -89.14      4.89
   543079.252834 15.318516  0.000465 60.853730    -95.18   -147.26      9.40
   543172.375838 15.321316  0.000677 60.342674   -112.13     18.17      8.43
   543265.498843 15.320661  0.000650 61.711780   -129.83     54.37     -1.35
   543358.621847 15.321001  0.000611 64.436956   -150.03    -46.04    -11.02
   543451.744852 15.321144  0.000568 65.815950   -172.00     37.65     16.60
   543544.867856 15.321061  0.000582 64.547114    165.66     29.89     -2.22
   543637.990860 15.321536  0.000515 62.424575    145.13   -159.59     20.00
   543731.113865 15.321265  0.000460 60.348747    127.19   -100.44     11.76
   543824.236869 15.322312  0.000555 60.372373    109.96    178.96      4.50
   543917.359874 15.323582  0.000594 62.803088     91.58    -26.19    -16.51
   544010.482878 15.322578  0.000485 64.917557     70.92    -40.65     -5.55
   544103.605882 15.324171  0.000637 65.574506     48.48    168.26      5.57
   544196.728887 15.322554  0.000339 64.432206     26.61   -126.46     20.14
   544289.851891 15.324804  0.000618 61.650893      6.69   -161.18     -5.51
   544382.974896 15.326162  0.000678 60.196888    -11.28    -13.49      6.48
   544476.097900 15.327467  0.000732 60.876642    -28.35     10.63      1.58
   544569.220905 15.326322  0.000657 62.763807    -47.10   -105.82      0.52
   544662.343909 15.327477  0.000676 65.167560    -68.18     -5.65      6.45
   544755.466913 15.326624  0.000546 65.729089    -90.31    -17.23    -14.59
   544848.589918 15.326919  0.000596 64.007939   -112.23    154.35      3.24
   544941.712922 15.328127  0.000599 61.930407   -132.20   -169.20     15.76
   545034.835927 15.326403  0.000387 60.224417   -149.94    113.00      1.43
   545127.958931 15.327884  0.000561 60.494746   -167.38   -110.19     -5.47
   545221.081936 15.327590  0.000424 62.894097    174.03   -146.66     22.89
   545314.204940 15.328739  0.000549 64.836545    153.38     84.31      6.86
   545407.327944 15.330108  0.000650 65.623334    131.09    165.15      4.71
   545500.450949 15.328198  0.000332 64.718609    109.22    123.52    -14.66
   545593.573953 15.330554  0.000627 62.118205     88.90    -95.57      4.03
   545686.696958 15.330603  0.000555 60.430911     70.45    -59.70    -11.73
   545779.819962 15.332698  0.000693 60.467503     53.28    178.14     -9.87
   545872.942967 15.331939  0.000658 61.831364     35.09    -91.32      2.43
   545966.065971 15.330520  0.000386 64.372672     14.88   -134.75     12.43
   546059.188975 15.332042  0.000534 65.699636     -6.75     51.73     14.53
   546152.311980 15.333142  0.000663 65.027692    -29.02    117.57      0.52
   546245.434984 15.333649  0.000587 63.422607    -50.13     14.60     15.78
   546338.557989 15.333474  0.000566 61.081644    -69.18    172.94    -10.60
   546431.680993 15.334342  0.000632 59.981539    -86.99    150.57      5.27
   546524.803997 15.336269  0.000720 61.138259   -104.54      3.34      7.11
   546617.927002 15.334519  0.000565 62.970930   -123.48     79.27      8.73
   546711.050006 15.334589  0.000523 64.970610   -144.56     22.13      8.08
   546804.173011 15.337447  0.000727 65.856028   -166.50   -170.16      4.28
   546897.296015 15.336255  0.000649 64.476792    171.63   -136.82     -2.81
   546990.419020 15.335988  0.000518 62.575475    151.02    120.92    -12.89
   547083.542024 15.338054  0.000664 60.769213    132.50   -154.23      9.27
   547176.665028 15.336729  0.000549 59.980423    114.89   -173.89     -2.17
   547269.788033 15.338318  0.000623 61.424312     96.89      2.70     12.72
   547362.911037 15.337516  0.000510 63.517297     77.62     53.98     15.41
   547456.034042 15.338212  0.000604 65.050708     56.37    -15.68      3.82
   547549.157046 15.338693  0.000533 65.819416     34.33    148.15    -18.81
   547642.280051 15.338262  0.000479 64.463086     12.70    135.40     -3.41
   547735.403055 15.339717  0.000602 62.361693     -7.84     -9.43      6.37
   547828.526059 15.337951  0.000287 60.832735    -26.46     72.93      8.83
   547921.649064 15.341169  0.000663 60.039039    -44.03     31.85     -3.89
   548014.772068 15.340478  0.000543 61.135249    -62.12   -171.90      9.55
   548107.895073 15.341117  0.000532 63.368810    -81.29   -150.56     20.41
   548201.018077 15.341258  0.000581 64.848899   -102.19    122.78      3.51
   548294.141082 15.340496  0.000390 65.750777   -124.20   -118.50      5.00
   548387.264086 15.342963  0.000617 64.982771   -145.90   -144.65     12.58
   548480.387090 15.343060  0.000634 62.865433   -166.75     74.67     -2.65
   548573.510095 15.343954  0.000617 61.234646    174.00    149.75    -12.62
   548666.633099 15.343735  0.000574 60.169110    156.20     49.31     13.50
   548759.756104 15.343373  0.000536 60.453335    138.31   -146.11     -1.89
   548852.879108 15.343909  0.000496 62.450871    119.61   -157.82     22.00
   548946.002112 15.343974  0.000491 64.202200     99.53     93.13      6.65
   549039.125117 15.344853  0.000556 65.430366     77.91   -166.30      6.58
   549132.248121 15.347152  0.000685 65.687325     56.06    171.97     -9.18
   549225.371126 15.345618  0.000564 64.086563     34.67     -7.50     -4.70
   549318.494130 15.345766  0.000491 62.285775     14.34     25.14     10.15
   549411.617135 15.345432  0.000381 60.807326     -4.27    -36.62    -20.20
   549504.740139 15.347708  0.000660 59.946973    -22.16     73.27      0.39
   549597.863143 15.345886  0.000358 60.977504    -40.28     64.84      2.66
   549690.986148 15.346207  0.000332 62.762559    -59.16    -75.37     -0.59
   549784.109152 15.347952  0.000568 64.312547    -79.68      5.38      0.30
   549877.232157 15.349072  0.000572 65.719809   -101.23    -33.45    -15.59
   549970.355161 15.348023  0.000436 65.467070   -122.95    121.99     -3.36
   550063.478166 15.349993  0.000642 64.067845   -144.42    147.06      3.03
   550156.601170 15.349973  0.000534 62.542373   -164.59     22.23     20.62
   550249.724174 15.349857  0.000516 60.682700    176.62    165.64     -8.35
   550342.847179 15.351787  0.000684 60.024899    158.41    136.67     -1.65
   550435.970183 15.352462  0.000648 60.861255    140.52    -11.21    -14.02
   550529.093188 15.352122  0.000654 62.081997    121.72     41.19     -2.56
   550622.216192 15.353148  0.000689 64.017435    101.49    -29.82     -2.68
   550715.339197 15.351019  0.000381 65.488319     80.43    135.41    -16.12
   550808.462201 15.352599  0.000598 65.478959     58.66    132.34      3.11
   550901.585205 15.354050  0.000635 64.943942     37.01      3.67     11.27
   550994.708210 15.352023  0.000375 63.325750     16.42    122.67     -6.69
   551087.831214 15.354252  0.000635 61.355285     -3.28     84.57     -4.10
   551180.954219 15.352240  0.000270 60.495925    -21.80    -86.39     -6.75
   551274.077223 15.353760  0.000447 60.156486    -39.67    -36.91     -7.52
   551367.200227 15.354466  0.000514 60.962011    -58.12   -128.78     -2.18
   551460.323232 15.357468  0.000708 62.869099    -77.30      1.69      4.30
   551553.446236 15.356464  0.000633 64.283813    -97.57     12.83     -5.69
   551646.569241 15.355510  0.000488 65.391366   -118.99   -127.04      0.59
   551739.692245 15.357061  0.000572 65.799680   -140.57    -18.32    -19.01
   551832.815250 15.357385  0.000636 64.623157   -162.02    -88.06      3.58
   551925.938254 15.356384  0.000415 63.335921    177.16    105.21    -13.32
   552019.061258 15.356795  0.000417 61.733863    157.67    146.85    -17.10
   552112.184263 15.358164  0.000570 60.259188    138.92     34.93     -3.62
   552205.307267 15.360450  0.000696 60.217268    120.70    159.70     -3.75
   552298.430272 15.358705  0.000487 60.842563    102.59    158.34    -14.84
   552391.553276 15.359196  0.000560 61.999577     83.48     -5.98      2.41
   552484.676281 15.358040  0.000301 63.944815     63.45     64.54      9.11
   552577.799285 15.361453  0.000686 65.067071     42.66     18.60     -3.89
   552670.922289 15.360890  0.000609 65.561322     21.01    174.74      6.51
   552764.045294 15.362296  0.000642 65.536671     -0.46   -163.62     14.21
   552857.168298 15.361387  0.000583 64.117643    -21.54     98.34      5.26
   552950.291303 15.361197  0.000479 62.712187    -41.99   -148.97      9.55
   553043.414307 15.364188  0.000710 61.394106    -61.23   -166.22      5.70
   553136.537312 15.363187  0.000637 60.126466    -79.84     46.06     -3.87
   553229.660316 15.362880  0.000524 60.189579    -98.22    123.08    -14.12
   553322.783320 15.364719  0.000659 60.967412   -116.51     27.02     11.72
   553415.906325 15.363486  0.000558 61.986895   -135.70   -163.93     -1.98
   553509.029329 15.364320  0.000546 63.807374   -155.74   -163.37     17.54
   553602.152334 15.363567  0.000424 64.972687   -176.38     92.05      6.05
   553695.275338 15.364684  0.000554 65.470041    162.17   -152.98      0.73
   553788.398342 15.367520  0.000719 65.698508    140.71    178.73      2.23
   553881.521347 15.366745  0.000670 64.630983    119.60     21.17     -3.41
   553974.644351 15.365803  0.000523 63.302245     98.82     86.75     -7.38
   554067.767356 15.368965  0.000735 62.110231     79.09      3.44     -0.05
   554160.890360 15.366437  0.000518 60.596771     60.06    152.20     -0.94
   554254.013365 15.368928  0.000690 60.140321     41.38    159.83      3.74
   554347.136369 15.368934  0.000637 60.402696     23.14     26.02     12.86
   554440.259373 15.368051  0.000564 60.917885      4.43    135.62      3.87
   554533.382378 15.368201  0.000494 62.415544    -14.98    119.84    -14.52
   554626.505382 15.367581  0.000354 63.854365    -34.89    -55.35     -9.57
   554719.628387 15.369180  0.000579 64.734099    -55.71    -11.37      2.18
   554812.751391 15.368017  0.000311 65.727199    -76.97    -77.11    -11.70
   554905.874396 15.370910  0.000640 65.580563    -98.22     46.60      8.72
   554998.997400 15.370162  0.000534 64.861721   -119.58     69.25     -4.15
   555092.120404 15.369959  0.000402 64.067155   -140.30    -40.40    -21.51
   555185.243409 15.372288  0.000662 62.449824   -160.37     36.72     -1.67
   555278.366413 15.372449  0.000630 61.258292   -179.99    -10.65      7.54
   555371.489418 15.374423  0.000721 60.587073    161.23   -176.72     -1.55
   555464.612422 15.373382  0.000662 59.944306    142.69   -127.16     -1.59
   555557.735427 15.374545  0.000702 60.391797    123.95    149.25     -3.17
   555650.858431 15.371523  0.000290 61.352709    105.21    -71.54     -3.77
   555743.981435 15.374228  0.000643 62.215191     85.73    -73.89      3.20
   555837.104440 15.375955  0.000704 63.758195     65.59    161.83     -2.47
   555930.227444 15.374127  0.000489 64.814840     45.12   -119.90     13.52
   556023.350449 15.374718  0.000567 65.296751     23.98   -144.86     -1.00
   556116.473453 15.375443  0.000531 65.824730      2.73     20.64     18.56
   556209.596457 15.375288  0.000513 65.289564    -18.35     79.82      8.66
   556302.719462 15.376293  0.000601 64.421062    -39.44     -3.14      6.79
   556395.842466 15.377087  0.000572 63.610656    -59.86    161.54    -19.20
   556488.965471 15.376340  0.000513 62.089657    -79.77    146.30     -0.67
   556582.088475 15.377697  0.000578 61.135938    -99.35      3.04     11.14
   556675.211480 15.375945  0.000305 60.540724   -118.19    115.82     -9.63
   556768.334484 15.378793  0.000648 59.930169   -136.92     64.36     -0.81
   556861.457488 15.377136  0.000373 60.323646   -155.77   -113.80      0.16
   556954.580493 15.377317  0.000333 61.054586   -174.54    -55.41    -11.23
   557047.703497 15.379147  0.000576 61.722773    166.06   -149.42     -3.92
   557140.826502 15.381767  0.000722 63.142959    146.16    -13.71     -0.71
   557233.949506 15.380876  0.000622 64.138800    126.02     -0.32    -10.59
   557327.072511 15.380124  0.000548 64.830933    105.19   -139.62     -1.05
   557420.195515 15.381250  0.000560 65.696234     84.23    -27.13    -18.49
   557513.318519 15.380898  0.000522 65.591984     63.22    -92.21      6.54
   557606.441524 15.381886  0.000600 65.283817     42.01    107.59     -6.92
   557699.564528 15.383214  0.000636 64.912173     21.22    166.26    -15.19
   557792.687533 15.383210  0.000665 63.668061      0.68     64.87      1.89
   557885.810537 15.382750  0.000526 62.797130    -19.64   -165.73     13.96
   557978.933542 15.384857  0.000673 61.882429    -39.24   -156.23      9.70
   558072.056546 15.384287  0.000657 60.720969    -58.67     84.81     -0.19
   558165.179550 15.385670  0.000686 60.403046    -77.83    174.18      6.84
   558258.302555 15.384024  0.000483 60.159745    -96.56    157.54    -15.76
   558351.425559 15.384980  0.000594 60.055909   -115.56    -35.96      4.93
   558444.548564 15.386202  0.000620 60.847892   -134.65      7.11     14.51
   558537.671568 15.384415  0.000399 61.483651   -153.81    -57.32     -3.39
   558630.794572 15.386239  0.000606 62.244385   -173.61     89.76     -5.74
   558723.917577 15.384466  0.000269 63.537937    166.41    103.63     -9.73
   558817.040581 15.386377  0.000517 64.163371    146.15    -25.07     -5.46
   558910.163586 15.386565  0.000490 64.912967    125.38     75.85     -3.90
   559003.286590 15.388412  0.000603 65.634320    104.64     22.96     16.18
   559096.409595 15.388670  0.000658 65.502322     83.72   -127.26     -0.25
   559189.532599 15.388444  0.000551 65.573712     62.65    -55.79    -11.96
   559282.655603 15.390142  0.000666 65.290428     41.93   -155.27     11.71
   559375.778608 15.388903  0.000568 64.366724     21.17      7.78     -0.52
   559468.901612 15.390470  0.000619 63.904317      0.65      8.87     14.76
   559562.024617 15.389403  0.000476 62.925186    -19.38   -106.56     11.30
   559655.147621 15.390096  0.000543 61.900362    -39.39      9.37      3.26
   559748.270626 15.392795  0.000703 61.436709    -58.98    -10.14     -4.30
   559841.393630 15.391970  0.000636 60.609891    -78.23   -168.94     -7.27
   559934.516634 15.391128  0.000520 60.139776    -97.61   -104.30     -6.80
   560027.639639 15.394409  0.000734 60.261550   -116.66    179.66     -0.67
   560120.762643 15.391864  0.000512 60.047517   -135.71    -20.07     -4.83
   560213.885648 15.393652  0.000636 60.450043   -155.10    -10.42      8.64
   560307.008652 15.392269  0.000428 61.146810   -174.30   -135.56     21.93
   560400.131657 15.393342  0.000556 61.485583    166.15      4.89     -3.53
   560493.254661 15.395514  0.000698 62.429872    146.26    -18.04      1.14
   560586.377665 15.396221  0.000706 63.274737    126.42   -168.77     -1.15
   560679.500670 15.395303  0.000655 63.711459    106.14    -95.27     -0.41
   560772.623674 15.395813  0.000606 64.669994     85.66   -170.55     15.48
   560865.746679 15.397002  0.000696 65.092083     65.23     14.88     -3.93
   560958.869683 15.395487  0.000546 65.284311     44.41     45.60     -1.03
   561051.992687 15.395793  0.000468 65.805987     23.69    -33.44    -22.77
   561145.115692 15.397127  0.000624 65.549520      3.02     62.77      6.25
   561238.238696 15.396375  0.000487 65.399673    -17.85     63.48     -1.84
   561331.361701 15.395634  0.000286 65.330960    -38.42    -73.11     -7.41
   561424.484705 15.397929  0.000592 64.555576    -58.95      8.84     -4.91
   561517.607710 15.399383  0.000666 64.168538    -79.53    -36.80     -7.78
   561610.730714 15.397849  0.000433 63.665461    -99.66    152.31    -20.33
   561703.853718 15.398707  0.000555 62.706424   -119.86    174.99      0.79
   561796.976723 15.397827  0.000323 62.365536   -139.90     95.02     -9.05
   561890.099727 15.401125  0.000668 61.687717   -159.56   -145.62      7.24
   561983.222732 15.400030  0.000554 60.960168   -179.36   -131.25     -3.94
   562076.345736 15.398906  0.000308 60.837184    161.07    106.01    -11.98
   562169.468741 15.402199  0.000660 60.334896    141.73   -164.30     -6.50
   562262.591745 15.402166  0.000652 60.028030    122.13    147.56      4.55
   562355.714749 15.403817  0.000696 60.254264    102.79     -9.67     -9.52
   562448.837754 15.403193  0.000668 60.007348     83.45     38.75     -2.64
   562541.960758 15.403886  0.000683 60.230944     63.82    -38.18     -2.70
   562635.083763 15.401265  0.000304 60.696641     44.45    119.96    -12.17
   562728.206767 15.403213  0.000558 60.729084     24.88    118.76      4.99
   562821.329772 15.404581  0.000618 61.314726      5.06     -2.48      9.63
   562914.452776 15.402706  0.000349 61.886427    -14.55    131.06    -14.70
   563007.575780 15.405171  0.000656 62.064136    -34.49     91.92      1.39
   563100.698785 15.404842  0.000517 62.855294    -54.56    -43.76    -18.86
   563193.821789 15.406846  0.000696 63.283021    -74.49     12.14     -4.73
   563286.944794 15.406435  0.000660 63.549981    -94.79    -55.36      1.01
   563380.067798 15.405003  0.000390 64.316317   -115.03    131.52    -21.17
   563473.190802 15.405943  0.000496 64.495117   -135.23    149.28     -7.66
   563566.313807 15.406362  0.000514 64.770284   -155.74     38.67      2.41
   563659.436811 15.409335  0.000706 65.341230   -176.09    173.69     -6.99
   563752.559816 15.407400  0.000548 65.247256    163.52    164.53     -5.11
   563845.682820 15.408240  0.000569 65.510775    142.90      8.94     11.25
   563938.805825 15.406667  0.000305 65.765091    122.54    117.76    -10.93
   564031.928829 15.409344  0.000649 65.459154    102.03     63.07     -1.69
   564125.051833 15.407922  0.000369 65.704351     81.47   -126.18      9.50
   564218.174838 15.408296  0.000374 65.607628     61.16    -63.71     -4.89
   564311.297842 15.409818  0.000568 65.232604     40.65   -151.33     -0.90
   564404.420847 15.412528  0.000718 65.388920     20.22     -8.57     -0.35
   564497.543851 15.411822  0.000654 65.025267     -0.02      8.41     -7.49
   564590.666856 15.410759  0.000529 64.674890    -20.51   -117.23     -3.47
   564683.789860 15.413656  0.000715 64.739868    -40.76     -7.48     -8.44
   564776.912864 15.411405  0.000511 64.164876    -60.96    -42.70     -1.15
   564870.035869 15.413597  0.000683 63.962905    -81.33    155.25      1.27
   564963.158873 15.413482  0.000591 63.869498   -101.39   -153.45     16.54
   565056.281878 15.412784  0.000542 63.262304   -121.54    158.83     -1.21
   565149.404882 15.414805  0.000670 63.172601   -141.78    -32.93     -6.96
   565242.527887 15.415367  0.000670 62.971248   -161.72     -0.93    -10.16
   565335.650891 15.414824  0.000642 62.399836    178.14   -110.60     -3.24
   565428.773895 15.416353  0.000674 62.458725    158.03      0.21     10.66
   565521.896900 15.416298  0.000656 62.096188    138.17      9.60     -7.30
   565615.019904 15.415129  0.000528 61.706857    118.03   -135.34     -2.17
   565708.142909 15.415920  0.000521 61.808195     98.08    -30.22    -20.14
   565801.265913 15.416252  0.000548 61.385687     78.23   -104.55      8.61
   565894.388917 15.416652  0.000563 61.165750     58.11     95.30     -8.03
   565987.511922 15.417243  0.000536 61.282463     38.25    158.34    -21.13
   566080.634926 15.418434  0.000672 60.818534     18.35     54.74      0.27
   566173.757931 15.417954  0.000543 60.821565     -1.77   -171.81     13.21
   566266.880935 15.419792  0.000660 60.844545    -21.56   -156.63     11.00
   566360.003940 15.419169  0.000643 60.432589    -41.54     93.62      2.31
   566453.126944 15.419395  0.000563 60.593950    -61.59   -169.21     14.75
   566546.249948 15.421081  0.000688 60.519860    -81.37   -172.20     -5.75
   566639.372953 15.419601  0.000549 60.201512   -101.43     30.18     -2.74
   566732.495957 15.418788  0.000355 60.459047   -121.44    119.14    -18.55
   566825.618962 15.422031  0.000686 60.269011   -141.26     35.87      5.04
   566918.741966 15.420438  0.000506 60.102634   -161.42   -151.63      2.08
   567011.864971 15.419891  0.000344 60.382045    178.63   -135.30     22.47
   567104.987975 15.421239  0.000499 60.082231    158.72    157.54     -5.72
   567198.110979 15.422432  0.000587 60.096042    138.54    -65.55     -8.96
   567291.233984 15.420765  0.000301 60.306421    118.64    -59.30    -14.50
   567384.356988 15.422470  0.000512 59.981696     98.64    156.81     -1.45
   567477.479993 15.422046  0.000389 60.131375     78.44   -101.69     -4.96
   567570.602997 15.425112  0.000656 60.234077     58.54   -154.28     12.61
   567663.726002 15.424443  0.000619 59.921700     38.39     57.07     -4.67
   567756.849006 15.424124  0.000483 60.212288     18.22    133.30    -18.55
   567849.972010 15.426118  0.000659 60.132347     -1.70     36.58      7.83
   567943.095015 15.424898  0.000525 59.941602    -21.94   -157.08      0.58
   568036.218019 15.425000  0.000441 60.256143    -42.05   -150.82     21.20
   568129.341024 15.424991  0.000425 60.071996    -62.03    127.31     -2.20
   568222.464028 15.426034  0.000521 59.996490    -82.34   -103.60     -7.05
   568315.587032 15.425784  0.000393 60.300333   -102.42   -143.47     24.51
   568408.710037 15.427107  0.000560 60.003492   -122.52     93.64      7.58
   568501.833041 15.428130  0.000596 60.128667   -142.88    179.82     10.88
   568594.956046 15.428397  0.000557 60.305933   -162.90    165.60    -18.11
   568688.079050 15.428052  0.000535 60.016769    176.88    -29.06      2.46
   568781.202055 15.428877  0.000536 60.273155    156.56     13.25     14.92
   568874.325059 15.428162  0.000413 60.340717    136.53    -33.00    -16.55
   568967.448063 15.430178  0.000653 60.110333    116.20    101.50      0.76
   569060.571068 15.429893  0.000517 60.476689     95.92    143.17    -20.61
   569153.694072 15.431738  0.000676 60.391769     75.83     16.64     -5.99
   569246.817077 15.431602  0.000663 60.335396     55.41    128.27      0.36
   569339.940081 15.429884  0.000373 60.725647     35.21    136.64    -22.18
   569433.063086 15.430915  0.000493 60.551394     15.05    -25.78     -5.36
   569526.186090 15.431085  0.000453 60.686517     -5.37     53.10     -0.15
   569619.309094 15.434564  0.000718 61.038421    -25.51      4.56      0.17
   569712.432099 15.432710  0.000578 60.856561    -45.74   -168.74     -5.62
   569805.555103 15.431853  0.000385 61.186075    -66.15   -130.90      6.91
   569898.678108 15.434001  0.000574 61.448564    -86.24    170.87    -16.85
   569991.801112 15.434196  0.000627 61.332580   -106.57    -61.76      3.55
   570084.924117 15.435268  0.000623 61.836034   -126.87    -29.17    -12.42
   570178.047121 15.436217  0.000697 61.963799   -146.92   -157.43      0.46
   570271.170125 15.435518  0.000640 62.011869   -167.25    -45.35      3.08
   570364.293130 15.434930  0.000471 62.581906    172.58    -37.58    -21.58
   570457.416134 15.435396  0.000508 62.637241    152.55    162.55    -10.13
   570550.539139 15.435518  0.000495 62.847504    132.25   -124.39     -1.43
   570643.662143 15.438960  0.000742 63.418490    112.23   -177.27      1.21
   570736.785147 15.437022  0.000586 63.379727     92.20      8.54     -5.63
   570829.908152 15.436384  0.000437 63.801480     72.01     44.47      7.27
   570923.031156 15.438195  0.000572 64.235625     52.15    -14.54    -16.99
   571016.154161 15.438285  0.000611 64.191240     32.16    111.22      3.78
   571109.277165 15.439313  0.000622 64.690926     12.14    142.49    -11.46
   571202.400170 15.440784  0.000710 64.967222     -7.60     14.91      0.19
   571295.523174 15.439656  0.000638 64.905582    -27.55    126.52      2.90
   571388.646178 15.438862  0.000434 65.428769    -47.42    133.61    -20.81
   571481.769183 15.439602  0.000506 65.430708    -67.09    -23.79    -11.60
   571574.892187 15.439987  0.000531 65.405271    -86.99     48.11     -1.16
   571668.015192 15.443043  0.000720 65.785688   -106.70     -2.39      0.19
   571761.138196 15.441642  0.000615 65.538025   -126.34   -175.31     -6.92
   571854.261201 15.440951  0.000494 65.480799   -146.21   -133.26      1.44
   571947.384205 15.442876  0.000599 65.641208   -165.85    164.23    -17.25
   572040.507209 15.442102  0.000557 65.140437    174.44    -68.54      3.94
   572133.630214 15.443854  0.000659 65.054419    154.53    -38.86     -6.99
   572226.753218 15.445124  0.000716 64.896793    134.86   -164.46      5.59
   572319.876223 15.443525  0.000592 64.223876    114.96    -45.00      3.51
   572412.999227 15.444372  0.000575 64.093447     94.97    -39.42    -14.92
   572506.122232 15.444996  0.000595 63.632388     75.15    173.90    -12.50
   572599.245236 15.444963  0.000612 62.911876     55.00   -108.73     -3.41
   572692.368240 15.446034  0.000617 62.741117     34.82   -171.43     15.17
   572785.491245 15.446903  0.000689 62.085200     14.72     28.58      0.07
   572878.614249 15.445918  0.000582 61.489828     -5.80     91.03     -6.47
   572971.737254 15.448530  0.000727 61.350577    -26.19      4.47      4.88
   573064.860258 15.446380  0.000528 60.657153    -46.66    170.11     -6.18
   573157.983262 15.447424  0.000588 60.412567    -67.46    179.42      9.82
   573251.106267 15.445721  0.000311 60.361644    -88.02     69.33     13.93
   573344.229271 15.448098  0.000607 59.908776   -108.77   -147.01     -5.30
   573437.352276 15.448498  0.000553 60.100099   -129.69   -171.87     14.29
   573530.475280 15.448326  0.000498 60.243557   -150.31     46.79     19.09
   573623.598285 15.448856  0.000569 60.191753   -171.18    155.44      4.81
   573716.721289 15.449273  0.000513 60.858075    168.07    145.59    -21.36
   573809.844293 15.448829  0.000440 61.138910    147.60    -34.46     -8.22
   573902.967298 15.449756  0.000526 61.562786    126.94     16.54      4.92
   573996.090302 15.450690  0.000537 62.462739    106.64    -25.49    -19.87
   574089.213307 15.450211  0.000486 62.829182     86.50    113.93      3.60
   574182.336311 15.452364  0.000678 63.489232     66.28    150.09      1.28
   574275.459316 15.451444  0.000490 64.336259     46.48     31.99     22.00
   574368.582320 15.452059  0.000594 64.533840     26.72   -168.38     -4.60
   574461.705324 15.453341  0.000630 65.171591      6.95    179.82     10.85
   574554.828329 15.452521  0.000498 65.558012    -12.46     44.53     18.62
   574647.951333 15.453009  0.000573 65.411189    -31.99    165.01      1.69
   574741.074338 15.454727  0.000645 65.677731    -51.51    151.31    -10.85
   574834.197342 15.454758  0.000610 65.450600    -70.83     -4.85    -11.67
   574927.320347 15.454425  0.000597 64.847690    -90.46     61.21     -3.32
   575020.443351 15.456852  0.000723 64.667709   -110.13     -2.67      4.99
   575113.566355 15.455876  0.000627 63.847521   -129.79   -174.29     -9.21
   575206.689360 15.454842  0.000501 63.029225   -149.94   -138.62      1.01
   575299.812364 15.456302  0.000553 62.571736   -170.07    158.47    -20.58
   575392.935369 15.456101  0.000546 61.539924    169.59    -82.98      6.91
   575486.058373 15.457500  0.000633 60.958062    148.80    -51.17     -7.33
   575579.181377 15.459259  0.000711 60.634313    128.10   -172.10      0.64
   575672.304382 15.457292  0.000557 59.983054    107.12    -58.14      4.84
   575765.427386 15.457971  0.000543 60.094462     85.92    -49.27    -14.82
   575858.550391 15.458563  0.000562 60.254166     65.03    170.78    -16.32
   575951.673395 15.458817  0.000604 60.360315     43.90   -110.20     -5.24
   576044.796400 15.460079  0.000613 61.266344     23.03   -170.93     15.66
   576137.919404 15.460727  0.000685 61.825150      2.54     32.97      1.69
   576231.042408 15.460105  0.000612 62.563406    -17.98    101.89     -5.77
   576324.165413 15.461419  0.000632 63.721592    -38.01     13.34     13.77
   576417.288417 15.461114  0.000633 64.240101    -57.74   -165.90     -5.69
   576510.411422 15.460224  0.000481 64.920391    -77.47   -144.50      5.71
   576603.534426 15.460278  0.000400 65.602403    -96.77    147.47    -24.02
   576696.657431 15.462242  0.000652 65.432143   -116.05   -105.45      2.18
   576789.780435 15.460858  0.000402 65.521099   -135.44    -92.60     -5.99
   576882.903439 15.461974  0.000475 65.221630   -154.64    154.78    -19.07
   576976.026444 15.463285  0.000642 64.268617   -174.20   -115.94     -2.25
   577069.149448 15.462842  0.000482 63.705967    165.96   -157.39     16.48
   577162.272453 15.463468  0.000517 62.744687    146.04     50.06     16.45
   577255.395457 15.464332  0.000619 61.569156    125.50    141.73      4.52
   577348.518462 15.462559  0.000296 61.090985    104.72    114.91    -18.09
   577441.641466 15.464085  0.000475 60.288752     83.80    -92.32     10.32
   577534.764470 15.466206  0.000667 59.954312     62.37    -31.67      3.21
   577627.887475 15.463886  0.000313 60.292209     41.18   -123.65     18.71
   577721.010479 15.466790  0.000661 60.404110     20.03     50.67     -0.93
   577814.133484 15.465293  0.000422 61.263396     -1.09     83.13     -7.14
   577907.256488 15.467328  0.000577 62.352680    -21.58    -11.31    -16.86
   578000.379492 15.467553  0.000641 63.053900    -41.86     96.53      2.59
   578093.502497 15.466307  0.000398 64.301657    -61.80    112.72    -15.23
   578186.625501 15.467631  0.000519 65.066474    -81.15    -18.13    -16.27
   578279.748506 15.468340  0.000609 65.301154   -100.50     69.65     -3.81
   578372.871510 15.468823  0.000537 65.738796   -119.64     17.98     18.80
   578465.994515 15.469551  0.000611 65.278659   -138.66   -131.09      9.39
   578559.117519 15.470078  0.000660 64.469814   -158.12    -48.48      0.88
   578652.240523 15.467890  0.000282 63.843531   -177.74   -113.60     10.91
   578745.363528 15.470492  0.000599 62.496472    162.28     64.93      8.66
   578838.486532 15.471498  0.000659 61.427234    141.55    128.22     -5.48
   578931.609537 15.471580  0.000576 60.807714    120.66     24.01     18.46
   579024.732541 15.471353  0.000579 59.960406     99.34   -159.86     -5.77
   579117.855546 15.471120  0.000457 60.110389     77.73   -156.74     15.05
   579210.978550 15.470444  0.000325 60.576320     56.51    118.86     -6.38
   579304.101554 15.472772  0.000610 61.124125     35.31   -117.38     -3.83
   579397.224559 15.471679  0.000387 62.523322     14.60   -142.20     18.25
   579490.347563 15.471958  0.000396 63.590620     -5.39     99.04      4.47
   579583.470568 15.473179  0.000539 64.454120    -25.17   -158.93      2.23
   579676.593572 15.476351  0.000732 65.513309    -44.40    175.07     -1.46
   579769.716577 15.475257  0.000665 65.516756    -63.32     19.21     -4.23
   579862.839581 15.474579  0.000551 65.247165    -82.47     96.48     -7.43
   579955.962585 15.476139  0.000609 64.786963   -101.61     18.42     15.46
   580049.085590 15.476214  0.000652 63.396208   -121.18   -146.26     -2.87
   580142.208594 15.475109  0.000461 62.252756   -141.51    -90.62     -8.51
   580235.331599 15.478501  0.000717 61.288449   -162.15   -174.70     -3.37
   580328.454603 15.476300  0.000536 60.144901    176.54    -26.04      1.88
   580421.577607 15.478772  0.000682 60.115678    154.82     -6.41      8.53
   580514.700612 15.476786  0.000464 60.368888    133.39   -116.94     16.06
   580607.823616 15.477411  0.000527 60.995107    111.95     28.99     -0.16
   580700.946621 15.479052  0.000601 62.514362     91.18     13.13     16.21
   580794.069625 15.478488  0.000541 63.609438     71.17   -108.55      9.20
   580887.192630 15.479003  0.000578 64.648443     51.51     -1.40      5.86
   580980.315634 15.481160  0.000682 65.641331     32.50    -10.46    -10.61
   581073.438638 15.480159  0.000627 65.439912     13.69   -168.99     -5.93
   581166.561643 15.479466  0.000486 64.973846     -5.44    -86.89     -8.80
   581259.684647 15.481740  0.000634 64.148575    -24.68   -159.58     14.19
   581352.807652 15.481280  0.000632 62.484121    -44.65     41.64     -3.66
   581445.930656 15.480414  0.000437 61.381269    -65.46    108.14    -13.61
   581539.053661 15.483473  0.000690 60.483343    -86.61     19.19      3.39
   581632.176665 15.481686  0.000534 59.844224   -108.41   -175.49     -0.47
   581725.299669 15.482315  0.000499 60.501755   -130.21   -162.15     19.69
   581818.422674 15.481457  0.000383 61.350628   -151.40    125.84     -3.84
   581911.545678 15.483151  0.000576 62.566121   -172.25    -94.62     -6.13
   582004.668683 15.481452  0.000252 64.272399    167.88    -96.44      3.58
   582097.791687 15.483415  0.000515 65.040082    148.71    151.75     -5.20
   582190.914692 15.483746  0.000501 65.508826    129.73    -94.76     -6.36
   582284.037696 15.483800  0.000414 65.465257    111.03   -139.29     21.61
   582377.160700 15.485100  0.000583 64.185639     91.95     92.93      5.68
   582470.283705 15.486005  0.000610 62.922076     72.02    178.46     10.08
   582563.406709 15.486458  0.000581 61.635372     51.57    168.31    -17.97
   582656.529714 15.485861  0.000536 60.227673     30.15    -15.32      1.30
   582749.652718 15.485296  0.000375 60.131231      8.20     36.52     18.09
   582842.775722 15.487960  0.000634 60.476513    -13.47      4.58     -9.88
   582935.898727 15.487438  0.000586 61.431804    -34.96    162.18      5.73
   583029.021731 15.488461  0.000587 63.249779    -55.48   -164.99     17.22
   583122.144736 15.487251  0.000459 64.446352    -75.03    131.36     -3.47
   583215.267740 15.488686  0.000599 65.289343    -94.15    -76.84     -6.54
   583308.390745 15.487628  0.000381 65.715568   -112.77    -38.11    -25.20
   583401.513749 15.489669  0.000620 64.688056   -131.55   -164.59     -5.94
   583494.636753 15.490840  0.000671 63.432480   -151.15    -39.39     -4.31
   583587.759758 15.489682  0.000470 62.046237   -171.36    -23.73    -20.99
   583680.882762 15.490230  0.000555 60.429559    167.36   -167.11     -4.50
   583774.005767 15.490783  0.000528 60.089272    145.35    -49.23    -15.65
   583867.128771 15.489718  0.000357 60.456277    123.54    -96.33      9.86
   583960.251776 15.492029  0.000639 61.377208    101.95    122.43      2.82
   584053.374780 15.492721  0.000599 63.307228     81.37   -168.95     17.50
   584146.497784 15.492493  0.000579 64.602250     61.93    173.92    -10.83
   584239.620789 15.493071  0.000624 65.355387     42.94    -14.29      5.32
   584332.743793 15.492695  0.000480 65.608873     24.41     27.92     22.75
   584425.866798 15.493314  0.000554 64.360051      5.60     -9.09     -7.60
   584518.989802 15.494915  0.000672 62.813274    -14.25    149.08      1.40
   584612.112807 15.496389  0.000716 61.444457    -34.90   -173.13      3.53
   584705.235811 15.494662  0.000581 60.053826    -56.57     98.57      5.87
   584798.358815 15.493464  0.000350 60.138237    -78.86   -102.95     -4.53
   584891.481820 15.493719  0.000330 61.111641   -100.54    -99.51     11.55
   584984.604824 15.495534  0.000568 62.416700   -121.61    160.89      3.90
   585077.727829 15.495137  0.000409 64.401005   -141.49    -50.87    -19.78
   585170.850833 15.495361  0.000411 65.375702   -160.28    -78.65      4.02
   585263.973837 15.497213  0.000618 65.337586   -178.90    151.89      3.40
   585357.096842 15.495401  0.000285 64.755111    162.37   -109.50      7.40
   585450.219846 15.498492  0.000641 62.928831    142.89   -132.41      6.27
   585543.342851 15.497896  0.000555 61.160896    121.96     93.35     -8.16
   585636.465855 15.500677  0.000721 60.347673    100.24    176.58     -6.97
   585729.588860 15.498321  0.000525 60.000056     78.02    123.24      4.62
   585822.711864 15.500433  0.000665 61.264983     56.03    -33.26     -7.08
   585915.834868 15.501379  0.000701 63.084557     35.40     17.81      4.68
   586008.957873 15.499922  0.000588 64.446447     15.78    -44.51      2.92
   586102.080877 15.500740  0.000579 65.611976     -2.96    141.56    -14.60
   586195.203882 15.501762  0.000645 65.347736    -21.25    178.18    -10.54
   586288.326886 15.501540  0.000643 63.779966    -40.32     85.57     -2.39
   586381.449891 15.500366  0.000396 62.294285    -60.46   -150.65     23.38
   586474.572895 15.501840  0.000553 60.550108    -81.70   -114.87     11.03
   586567.695899 15.503097  0.000653 59.904527   -104.12    150.66      4.38
   586660.818904 15.500764  0.000294 60.878985   -126.22    -57.01    -16.66
   586753.941908 15.502695  0.000546 62.217436   -147.45    -75.33      5.65
   586847.064913 15.504480  0.000662 64.173530   -167.52    163.28      4.13
   586940.187917 15.501752  0.000278 65.558529    173.81    -83.71     -0.40
   587033.310922 15.504642  0.000652 65.235028    155.46   -103.51      1.65
   587126.433926 15.504497  0.000541 64.265502    136.56    130.55    -15.75
   587219.556930 15.506682  0.000706 62.437473    116.80   -160.01      4.80
   587312.679935 15.504996  0.000547 60.480063     95.36    167.53      3.20
   587405.802939 15.507316  0.000676 60.146613     73.02      1.59      9.40
   587498.925944 15.505607  0.000503 60.711185     50.89     72.46     11.72
   587592.048948 15.505866  0.000510 62.341955     29.47     29.31      1.97
   587685.171952 15.507839  0.000624 64.547443      9.72   -166.29     16.22
   587778.294957 15.507223  0.000583 65.382749     -8.84   -106.67      7.87
   587871.417961 15.507822  0.000597 65.193954    -27.29    178.42      8.58
   587964.540966 15.509811  0.000700 63.985880    -46.11     -4.40     -9.63
   588057.663970 15.508464  0.000604 61.659087    -66.38     25.69     -5.40
   588150.786975 15.508603  0.000527 60.341287    -88.28    -56.24    -13.35
   588243.909979 15.508186  0.000426 60.212043   -110.62     56.39     17.53
   588337.032983 15.509981  0.000641 61.154308   -132.77     92.20     -0.36
   588430.155988 15.511723  0.000712 63.456794   -153.51    -14.69     -2.98
   588523.278992 15.508813  0.000378 65.062081   -172.54    100.35      4.18
   588616.401997 15.511044  0.000649 65.374510    169.05    104.07     -2.89
   588709.525001 15.512511  0.000665 64.754261    150.60    -16.56    -12.11
   588802.648006 15.511459  0.000574 62.573610    131.09     67.03      8.97
   588895.771010 15.510813  0.000465 60.660654    109.66     59.69     -2.35
   588988.894014 15.509987  0.000256 60.174666     87.31    -86.33     -0.87
   589082.017019 15.512399  0.000566 60.697707     64.93      8.50     -5.93
   589175.140023 15.514155  0.000674 62.798204     43.62    -30.74     -3.28
   589268.263028 15.514392  0.000645 64.866809     24.28    174.00    -13.18
   589361.386032 15.513896  0.000637 65.369568      5.90   -127.49     -2.86
   589454.509037 15.515807  0.000706 64.902372    -12.48    169.26      3.58
   589547.632041 15.515393  0.000643 62.950754    -31.72      0.96    -10.87
   589640.755045 15.514371  0.000545 60.707618    -52.97     48.62     -4.38
   589733.878050 15.516801  0.000668 60.151978    -75.46    -17.56     -8.95
   589827.001054 15.514516  0.000445 60.774711    -97.84    142.99     -6.52
   589920.124059 15.516161  0.000601 62.717491   -119.21    167.16      6.53
   590013.247063 15.514135  0.000257 64.990628   -138.54     69.89     12.79
   590106.370067 15.517441  0.000670 65.430286   -156.71   -135.12      0.21
   590199.493072 15.515879  0.000435 64.588030   -175.16   -117.24      0.11
   590292.616076 15.516978  0.000479 62.710394    165.35    157.49    -22.55
   590385.739081 15.518275  0.000643 60.428820    143.88    -98.36      2.01
   590478.862085 15.516748  0.000371 60.100893    121.08    -78.70    -12.90
   590571.985090 15.518206  0.000493 61.318477     98.88    162.71    -16.49
   590665.108094 15.519265  0.000629 63.259559     78.03    -99.03     -2.90
   590758.231098 15.517703  0.000347 65.354970     59.07   -136.58     19.17
   590851.354103 15.518435  0.000417 65.421002     41.16     93.93      6.23
   590944.477107 15.519616  0.000541 63.774032     22.41   -170.55      4.56
   591037.600112 15.522456  0.000700 61.839322      2.12    170.56     -7.40
   591130.723116 15.521235  0.000611 60.031644    -19.96     15.76     -7.36
   591223.846121 15.520664  0.000502 60.351006    -42.97    100.69    -10.76
   591316.969125 15.522141  0.000573 62.447313    -64.58     27.12     16.81
   591410.092129 15.522463  0.000653 64.338991    -84.32   -127.30     -1.36
   591503.215134 15.522208  0.000544 65.578463   -102.67    -53.36    -13.91
   591596.338138 15.523269  0.000588 64.840984   -120.67   -148.51     16.06
   591689.461143 15.522987  0.000592 62.346562   -140.26     43.61     -4.34
   591782.584147 15.521549  0.000298 60.626703   -161.95     99.63    -11.97
   591875.707152 15.525163  0.000668 60.095963    175.34     16.34     -5.20
   591968.830156 15.524256  0.000582 61.466736    152.88    164.36      5.75
   592061.953160 15.525972  0.000650 64.133307    132.58   -170.58     11.98
   592155.076165 15.524147  0.000479 65.390931    114.21    100.17      5.52
   592248.199169 15.524647  0.000506 64.940261     96.11   -110.98     -3.45
   592341.322174 15.523576  0.000263 63.177242     77.06   -117.34     17.67
   592434.445178 15.525444  0.000506 60.615044     55.83    154.41     -2.29
   592527.568182 15.525875  0.000483 60.040021     32.80    -63.31    -15.49
   592620.691187 15.524949  0.000302 61.480415     10.43    -74.58     -1.72
   592713.814191 15.526877  0.000563 63.586724    -10.21    157.43      2.90
   592806.937196 15.526057  0.000354 65.517789    -28.80    -79.84     -9.87
   592900.060200 15.527258  0.000463 65.157057    -46.55   -122.62     16.44
   592993.183205 15.528876  0.000650 62.819743    -65.71    113.15      1.39
   593086.306209 15.529081  0.000555 60.877575    -87.07   -167.37     19.42
   593179.429213 15.529887  0.000631 59.985323   -109.87   -165.97     -8.41
   593272.552218 15.528718  0.000475 61.432689   -132.58     29.50      5.65
   593365.675222 15.528419  0.000364 64.165226   -152.86    140.26    -23.41
   593458.798227 15.530626  0.000628 65.354157   -171.16     68.59      3.61
   593551.921231 15.529807  0.000475 64.829296    170.82    -88.74     -8.01
   593645.044236 15.531662  0.000593 62.734769    151.57    -13.28    -17.05
   593738.167240 15.531694  0.000625 60.248770    129.81    -89.83      3.88
   593831.290244 15.530408  0.000389 60.267624    106.56    113.34    -17.81
   593924.413249 15.531874  0.000524 62.160658     84.57    166.83    -16.55
   594017.536253 15.532681  0.000621 64.373141     64.66     83.08     -3.67
   594110.659258 15.531355  0.000351 65.696876     46.68   -137.77     19.71
   594203.782262 15.532182  0.000433 64.250503     28.69    -87.07      6.47
   594296.905267 15.533107  0.000527 61.583207      8.42   -169.37      4.54
   594390.028271 15.536103  0.000705 60.229372    -14.03     -7.09     -5.07
   594483.151275 15.534969  0.000629 60.613970    -37.03     22.58     -6.21
   594576.274280 15.534470  0.000535 63.114118    -58.52    -68.47    -11.75
   594669.397284 15.534801  0.000501 65.405444    -77.21     32.50     22.76
   594762.520289 15.535989  0.000659 65.044894    -94.94     65.66      0.35
   594855.643293 15.536821  0.000638 63.128477   -113.92    -37.25     -8.98
   594948.766297 15.535057  0.000398 60.762213   -135.15     60.94     17.25
   595041.889302 15.537008  0.000627 59.915737   -158.42     83.24     -2.29
   595135.012306 15.537829  0.000615 62.064349    179.11    -27.18    -14.32
   595228.135311 15.537323  0.000551 64.509202    159.38     55.51     13.04
   595321.258315 15.537275  0.000549 65.372487    141.36     57.17     -3.29
   595414.381320 15.535935  0.000257 64.279600    123.28    -74.02    -11.58
   595507.504324 15.539165  0.000635 61.372788    103.01     18.93     -6.65
   595600.627328 15.539666  0.000641 59.927699     79.99    -17.26      6.59
   595693.750333 15.541075  0.000685 61.277544     57.08   -166.28      7.50
   595786.873337 15.539590  0.000587 63.607600     36.33    -76.85      4.12
   595879.996342 15.538628  0.000395 65.503543     17.95   -114.12      1.70
   595973.119346 15.538673  0.000334 64.834894      0.34     66.26     15.89
   596066.242351 15.540310  0.000548 61.910937    -19.36    152.85      2.21
   596159.365355 15.540098  0.000422 60.220781    -41.87    126.57    -19.99
   596252.488359 15.539906  0.000367 60.699807    -65.01    -65.89     -0.25
   596345.611364 15.541739  0.000574 63.112399    -86.52     -9.04      5.58
   596438.734368 15.540919  0.000377 65.524652   -105.07    -46.61    -21.34
   596531.857373 15.541747  0.000468 64.921296   -122.57     96.93      5.47
   596624.980377 15.543674  0.000644 62.340013   -141.98    148.09      3.20
   596718.103382 15.541252  0.000272 60.403521   -164.06     58.91     19.01
   596811.226386 15.544481  0.000659 60.369940    172.57   -119.15      1.09
   596904.349390 15.543513  0.000489 63.069478    150.80    -65.12    -13.69
   596997.472395 15.546483  0.000726 65.423673    132.24   -168.63      1.35
   597090.595399 15.544438  0.000559 64.842956    114.63    -21.09      1.39
   597183.718404 15.546435  0.000659 62.581967     95.36     -2.94      8.56
   597276.841408 15.544255  0.000384 60.285029     73.36   -103.99     12.79
   597369.964412 15.545711  0.000557 60.382446     49.77     55.64     -5.07
   597463.087417 15.544620  0.000319 63.328087     28.22     47.89     18.44
   597556.210421 15.545761  0.000453 65.316922      9.77    -36.97     -7.86
   597649.333426 15.546840  0.000565 64.761082     -7.92     86.51     -5.84
   597742.456430 15.545203  0.000246 62.415308    -27.28     71.33     11.79
   597835.579435 15.547079  0.000486 59.978033    -49.68    -33.58     -1.71
   597928.702439 15.547198  0.000436 60.795544    -73.30     95.42    -10.92
   598021.825443 15.547170  0.000363 63.727394    -94.29     59.82     17.48
   598114.948448 15.548780  0.000585 65.305533   -112.50    -59.05      3.69
   598208.071452 15.548246  0.000428 64.555768   -130.24     34.66     13.66
   598301.194457 15.551316  0.000689 61.761495   -150.08     21.79      7.57
   598394.317461 15.550281  0.000617 59.801965   -173.19   -104.73     -4.56
   598487.440466 15.552616  0.000718 61.521335    163.56     -9.68     -1.82
   598580.563470 15.549956  0.000465 64.228761    143.35    -32.61     -7.88
   598673.686474 15.551499  0.000618 65.385467    125.50    161.39      4.59
   598766.809479 15.549902  0.000326 63.942855    107.54   -131.06     19.53
   598859.932483 15.552830  0.000653 60.798097     86.65   -147.46     -2.56
   598953.055488 15.551186  0.000425 60.040274     62.94     50.43      1.12
   599046.178492 15.551610  0.000417 62.490196     40.55    152.01    -24.35
   599139.301497 15.553519  0.000654 64.847428     21.32     76.54      1.44
   599232.424501 15.551958  0.000373 65.231542      3.82    -86.69     -9.34
   599325.547505 15.553753  0.000529 62.715952    -14.96    -14.77    -18.44
   599418.670510 15.554632  0.000636 59.995919    -37.34    -88.91     -0.72
   599511.793514 15.552719  0.000309 60.876812    -61.03    105.69    -13.80
   599604.916519 15.554372  0.000499 63.651269    -82.07    159.41    -12.30
   599698.039523 15.555237  0.000590 65.351327   -100.21     81.80     -4.26
   599791.162527 15.554017  0.000335 64.375522   -117.84   -138.60     22.45
   599884.285532 15.555095  0.000461 61.121009   -138.24    -77.25      6.38
   599977.408536 15.555537  0.000463 59.958832   -161.93   -152.56      7.80
   600070.531541 15.558823  0.000706 62.290607    175.40     11.23      5.18
   600163.654545 15.557614  0.000642 64.798629    156.05     53.11     -1.24
   600256.777550 15.558655  0.000669 65.195948    138.62    -31.59     -5.30
   600349.900554 15.556144  0.000310 62.641758    119.83    123.69    -12.12
   600443.023558 15.558054  0.000562 59.925139     97.28    136.07      4.98
   600536.146563 15.557598  0.000405 61.072585     73.52     28.40     20.40
   600629.269567 15.560391  0.000692 64.023068     52.85   -165.92     -4.08
   600722.392572 15.558843  0.000539 65.354248     35.03   -154.40      1.17
   600815.515576 15.557888  0.000303 63.840397     17.14    117.47    -17.27
   600908.638581 15.560917  0.000639 60.612470     -4.01   -131.48      4.75
   601001.761585 15.559646  0.000467 60.189811    -28.00   -107.77     -5.19
   601094.884589 15.560613  0.000501 63.173681    -49.96    156.88    -21.61
   601188.007594 15.561557  0.000628 65.255798    -68.33   -106.74      4.38
   601281.130598 15.560489  0.000432 64.480002    -85.83    -95.83     -6.98
   601374.253603 15.561399  0.000455 61.540032   -105.86    158.52    -23.34
   601467.376607 15.562846  0.000645 59.816321   -129.45   -103.90     -1.80
   601560.499612 15.560863  0.000307 62.288805   -152.48   -118.67      8.97
   601653.622616 15.561721  0.000389 65.108906   -171.52    126.45     -7.21
   601746.745620 15.563152  0.000566 64.829604    171.18   -131.85     -3.19
   601839.868625 15.564283  0.000564 62.183586    151.83   -167.58     17.01
   601932.991629 15.564178  0.000553 59.947720    128.89     62.31     11.79
   602026.114634 15.564742  0.000594 61.482445    105.25    169.94      7.82
   602119.237638 15.566324  0.000658 64.905540     85.48    169.11    -14.58
   602212.360642 15.565491  0.000606 65.131133     68.31     12.56     -5.96
   602305.483647 15.565335  0.000520 62.476594     49.37    109.21    -10.86
   602398.606651 15.564932  0.000405 60.193734     26.80     47.72     22.19
   602491.729656 15.566774  0.000623 61.064146      3.02    -81.74      2.47
   602584.852660 15.568049  0.000654 64.543204    -17.36     -2.40      8.52
   602677.975665 15.566979  0.000512 65.463747    -34.48    -17.26    -17.29
   602771.098669 15.567207  0.000558 62.575884    -53.05    161.46      2.96
   602864.221673 15.566001  0.000298 60.258528    -75.61   -134.53     18.96
   602957.344678 15.569544  0.000678 61.056635    -99.33   -154.20     -3.17
   603050.467682 15.567917  0.000494 64.247423   -119.99     32.82      3.77
   603143.590687 15.567117  0.000297 65.579547   -137.19    123.72    -19.22
   603236.713691 15.570141  0.000646 62.698007   -155.52     48.81      2.23
   603329.836696 15.568580  0.000420 60.059028   -178.20   -117.66     -2.36
   603422.959700 15.568997  0.000406 61.297762    158.05    -30.29    -22.89
   603516.082704 15.571023  0.000653 64.249775    137.63   -111.22     -0.01
   603609.205709 15.569270  0.000352 65.402377    120.31     61.83      4.38
   603702.328713 15.569703  0.000355 62.722275    101.90    138.19    -16.73
   603795.451718 15.571615  0.000590 59.862333     79.04     64.49     -5.09
   603888.574722 15.570778  0.000378 61.521617     55.19   -145.76     21.70
   603981.697727 15.571240  0.000428 64.647586     35.29    -77.51      3.74
   604074.820731 15.572173  0.000529 65.058285     18.09   -148.38      1.41
   604167.943735 15.574565  0.000654 62.384660     -0.84      7.08     11.57
   604261.066740 15.574038  0.000626 59.882467    -23.92     59.82      5.99
   604354.189744 15.574654  0.000647 61.769643    -47.66    -14.58      7.00
   604447.312749 15.575062  0.000604 65.181008    -66.94    169.21    -17.18
   604540.435753 15.574437  0.000581 64.724844    -83.95   -167.46     -4.41
   604633.558758 15.574520  0.000495 61.646386   -103.73    120.26    -15.13
   604726.681762 15.573942  0.000376 60.098155   -127.30   -114.55     17.30
   604819.804766 15.576007  0.000633 62.327879   -150.36    -63.79      2.57
   604912.927771 15.576427  0.000564 65.476537   -168.97   -167.58     16.38
   605006.050775 15.577480  0.000654 64.354330    174.03      3.75     -8.81
   605099.173780 15.576106  0.000508 60.742018    153.19     22.89      0.64
   605192.296784 15.575618  0.000350 60.465469    129.04    -41.19    -25.88
   605285.419788 15.577782  0.000602 63.320037    107.14     71.67      6.51
   605378.542793 15.577733  0.000554 65.437757     89.32    107.15     -8.24
   605471.665797 15.580342  0.000715 63.566121     71.73      0.04     -3.21
   605564.788802 15.578014  0.000502 60.110588     49.72    134.45      2.74
   605657.911806 15.580475  0.000689 61.010874     25.38    157.87      0.75
   605751.034811 15.579538  0.000546 64.565283      5.01     36.37     17.37
   605844.157815 15.579351  0.000564 65.063019    -12.07   -173.20     -1.71
   605937.280819 15.581027  0.000617 62.267210    -31.03   -177.58     14.07
   606030.403824 15.579350  0.000419 59.983777    -54.30     74.92     14.53
   606123.526828 15.580239  0.000510 62.028939    -77.90   -136.94     -0.94
   606216.649833 15.580720  0.000474 65.443564    -96.69   -154.00     22.30
   606309.772837 15.580581  0.000445 64.331094   -113.59    108.35      2.73
   606402.895842 15.581098  0.000478 60.766521   -134.43   -119.30     -4.04
   606496.018846 15.581143  0.000386 60.536916   -158.65   -141.36     24.51
   606589.141850 15.582158  0.000531 63.534634    179.63    122.23      3.77
   606682.264855 15.581658  0.000397 65.478741    162.12   -118.32      2.61
   606775.387859 15.582949  0.000481 63.014105    144.22   -141.72     22.23
   606868.510864 15.583959  0.000601 59.847291    121.35    115.87      4.60
   606961.633868 15.582679  0.000345 61.756375     97.31   -134.39     14.65
   607054.756873 15.585027  0.000591 65.080473     78.03   -137.78     11.38
   607147.879877 15.585366  0.000651 64.493744     61.07    104.90     -0.39
   607241.002881 15.585209  0.000520 61.274705     40.83   -164.32     20.97
   607334.125886 15.586957  0.000686 60.188696     16.67   -148.74     -0.56
   607427.248890 15.585546  0.000525 63.440294     -5.56     90.22     -7.61
   607520.371895 15.588627  0.000722 65.671291    -22.88   -175.50      3.60
   607613.494899 15.586517  0.000551 62.745332    -40.79    179.41     -6.40
   607706.617903 15.586102  0.000425 59.999080    -63.85     32.64      9.41
   607799.740908 15.587749  0.000556 61.915978    -87.64    167.13    -17.42
   607892.863912 15.587669  0.000578 64.971707   -106.87    129.57      3.02
   607985.986917 15.589764  0.000696 64.504362   -123.82    -11.44      4.10
   608079.109921 15.586833  0.000322 60.907697   -144.35     80.77     13.10
   608172.232926 15.589183  0.000613 60.307002   -168.97     83.88     -5.15
   608265.355930 15.588498  0.000435 64.203779    169.62    -37.10    -23.72
   608358.478934 15.590801  0.000670 65.303002    152.73     32.38      1.81
   608451.601939 15.589701  0.000540 62.045618    133.94      4.48      6.28
   608544.724943 15.590039  0.000469 60.133993    110.30   -152.03     22.13
   608637.847948 15.590061  0.000500 62.492285     87.09    -28.88     -3.03
   608730.970952 15.591689  0.000616 65.417379     68.82    -50.86     -7.76
   608824.093957 15.592431  0.000613 63.725238     51.66    168.99    -17.11
   608917.216961 15.592461  0.000650 60.011296     29.48   -112.87     -0.74
   609010.339965 15.591504  0.000438 61.440267      4.99   -157.12     19.68
   609103.462970 15.592030  0.000480 65.020569    -14.58     56.11     16.35
   609196.585974 15.592818  0.000580 64.442298    -31.39    156.32      3.74
   609289.708979 15.593762  0.000561 61.048293    -51.87    147.27    -17.42
   609382.831983 15.593694  0.000536 60.446395    -76.28     -6.06    -11.99
   609475.954988 15.593713  0.000540 63.975560    -97.83     76.65     -5.10
   609569.077992 15.595061  0.000584 65.450394   -114.66     15.72     19.87
   609662.200996 15.595522  0.000644 61.765542   -133.51   -124.10      4.67
   609755.324001 15.596546  0.000680 59.989900   -157.80    -30.50      1.18
   609848.447005 15.593922  0.000332 63.305438    179.56    -43.45    -18.92
   609941.570010 15.595565  0.000555 65.313962    162.04    138.09      1.75
   610034.693014 15.595409  0.000440 62.834040    144.10   -151.28     13.41
   610127.816018 15.598532  0.000692 60.056903    121.03   -168.80     -3.58
   610220.939023 15.596723  0.000555 62.095048     97.14     37.58     -3.52
   610314.062027 15.596617  0.000449 65.555325     78.73    137.28    -22.43
   610407.185032 15.597442  0.000515 63.606587     61.76     59.36     13.83
   610500.308036 15.598477  0.000616 59.999665     39.32    -77.34     -5.72
   610593.431041 15.600777  0.000726 61.748615     14.98      0.70      0.64
   610686.554045 15.598159  0.000501 65.054096     -4.22    -36.29     -3.22
   610779.677049 15.600099  0.000660 64.116518    -21.10    155.00      2.96
   610872.800054 15.598863  0.000444 60.615221    -42.36   -145.96     23.97
   610965.923058 15.600080  0.000594 60.880723    -67.02   -153.44     -5.35
   611059.046063 15.599581  0.000468 64.896068    -87.25     24.59     15.76
   611152.169067 15.598901  0.000312 64.735099   -103.70    129.65    -14.70
   611245.292072 15.601444  0.000634 60.582066   -124.39     76.50     -2.80
   611338.415076 15.599576  0.000307 60.841351   -149.22    -67.46    -16.59
   611431.538080 15.602380  0.000609 64.542145   -169.83      2.39     -9.04
   611524.661085 15.602701  0.000651 64.716723    173.47    -52.72      0.74
   611617.784089 15.603655  0.000616 61.206924    153.42    159.51    -14.65
   611710.907094 15.603948  0.000664 60.399589    128.79   -135.72      1.20
   611804.030098 15.603571  0.000606 64.253842    107.40    175.32      8.42
   611897.153103 15.605711  0.000707 65.211899     90.88      9.41      7.26
   611990.276107 15.604220  0.000609 61.070301     71.19     87.14      5.35
   612083.399111 15.602984  0.000378 60.425313     46.31     41.87     11.66
   612176.522116 15.604033  0.000453 64.289261     25.00   -127.35     17.55
   612269.645120 15.604937  0.000579 64.901955      8.30    -39.24      2.73
   612362.768125 15.604242  0.000388 61.395427    -11.33    -64.39    -16.30
   612455.891129 15.604238  0.000360 60.377444    -35.88    123.78     -4.88
   612549.014133 15.605683  0.000534 64.018489    -57.58   -166.53      3.28
   612642.137138 15.607983  0.000652 65.256247    -74.18    163.16    -13.52
   612735.260142 15.606777  0.000546 61.188573    -93.67     -4.76    -10.51
   612828.383147 15.606223  0.000433 60.330972   -118.65     71.42     -5.53
   612921.506151 15.609371  0.000676 64.445358   -139.92     13.67      9.10
   613014.629156 15.608520  0.000645 64.846187   -156.44   -141.57     -2.54
   613107.752160 15.608600  0.000571 61.084302   -176.45    -55.78    -11.51
   613200.875164 15.607643  0.000401 60.648714    158.85   -126.78     19.90
   613293.998169 15.609569  0.000651 64.285892    137.73     90.56      0.45
   613387.121173 15.611397  0.000719 64.916347    121.17    166.04     -0.85
   613480.244178 15.608308  0.000358 60.885757    101.01    131.29     -9.35
   613573.367182 15.610701  0.000635 60.614194     75.90    -39.48      3.97
   613666.490187 15.610529  0.000520 64.939513     55.47     21.14     21.30
   613759.613191 15.611359  0.000610 64.463079     39.13      5.05     -8.21
   613852.736195 15.610862  0.000518 60.413963     17.95   -170.77      7.42
   613945.859200 15.609456  0.000243 61.329597     -6.86    -70.66     -9.87
   614038.982204 15.612654  0.000657 64.924266    -26.52   -123.48      1.47
   614132.105209 15.611145  0.000414 64.033735    -43.22     80.11     -5.15
   614225.228213 15.613586  0.000592 60.339532    -65.00    172.88    -17.04
   614318.351218 15.613349  0.000620 61.528791    -89.75    116.92      3.69
   614411.474222 15.614531  0.000629 65.460749   -108.57    -27.92    -11.64
   614504.597226 15.615021  0.000646 63.461874   -125.33     30.22      7.95
   614597.720231 15.613806  0.000528 59.808566   -148.41     -0.73      3.70
   614690.843235 15.615412  0.000592 62.633058   -172.50   -167.97     16.84
   614783.966240 15.613830  0.000440 65.434724    169.85    -74.34      3.38
   614877.089244 15.614779  0.000523 62.441924    152.06   -103.20     -5.95
   614970.212248 15.613278  0.000224 60.145089    128.11    109.43    -11.39
   615063.335253 15.615894  0.000575 63.208418    105.08   -169.36     -5.51
   615156.458257 15.617638  0.000673 65.331964     88.06    150.48     -2.46
   615249.581262 15.618507  0.000684 61.762290     69.37      0.20     -8.11
   615342.704266 15.617629  0.000640 60.111972     44.50     82.77      0.31
   615435.827271 15.616319  0.000395 64.401432     22.85     35.44     16.49
   615528.950275 15.616903  0.000429 64.900606      6.62   -122.63     18.51
   615622.073279 15.617996  0.000559 60.519922    -13.97    -19.47      4.77
   615715.196284 15.619308  0.000591 61.219494    -39.08    -21.70    -18.91
   615808.319288 15.619063  0.000575 65.033242    -58.72    177.83     -9.10
   615901.442293 15.618946  0.000536 63.742150    -75.38    -96.98     -5.82
   615994.565297 15.619255  0.000474 60.236883    -97.72   -152.24     23.03
   616087.688302 15.620258  0.000597 62.081257   -122.13     82.12      5.15
   616180.811306 15.621155  0.000630 65.442059   -140.19    172.29      7.19
   616273.934310 15.621572  0.000589 62.714657   -157.60    169.14    -18.03
   616367.057315 15.620806  0.000544 59.802315    178.19     14.71     -4.41
   616460.180319 15.620700  0.000446 63.720348    155.23    130.54    -21.01
   616553.303324 15.620673  0.000403 65.256367    138.78     68.53     14.48
   616646.426328 15.622761  0.000641 60.972435    119.18    -61.18      2.33
   616739.549333 15.622168  0.000472 60.832165     94.01     23.10     22.04
   616832.672337 15.624061  0.000674 64.822346     73.69     25.93     -0.72
   616925.795341 15.622866  0.000532 63.990638     57.22   -112.16     -4.00
   617018.918346 15.625910  0.000707 60.311663     35.22     -6.18     -6.03
   617112.041350 15.623331  0.000498 61.964054     10.61    -20.47     -4.30
   617205.164355 15.624466  0.000561 65.441874     -7.54   -173.18     11.80
   617298.287359 15.623366  0.000364 62.642227    -24.94    -34.63    -23.84
   617391.410363 15.625274  0.000598 59.838829    -49.33    -72.04      4.51
   617484.533368 15.627214  0.000698 63.937645    -72.01    164.41     -1.17
   617577.656372 15.624373  0.000359 65.101921    -88.26   -104.03     12.66
   617670.779377 15.626603  0.000632 60.620822   -108.44    -97.93     -2.53
   617763.902381 15.627233  0.000579 61.226090   -133.73    153.57    -17.29
   617857.025386 15.627059  0.000572 65.162287   -153.15   -122.27     10.49
   617950.148390 15.626718  0.000522 63.331749   -169.89   -115.75     -4.12
   618043.271394 15.626350  0.000373 60.118655    166.94    145.63    -27.20
   618136.394399 15.628750  0.000656 62.855835    143.13   -122.88      1.53
   618229.517403 15.627333  0.000435 65.318031    126.06   -128.38      3.20
   618322.640408 15.627061  0.000311 61.593862    107.32    131.30    -18.35
   618415.763412 15.629691  0.000636 60.378080     82.11   -118.95     -2.18
   618508.886417 15.627919  0.000357 64.911385     61.36   -127.44      9.83
   618602.009421 15.628338  0.000362 64.123524     45.24    140.09    -17.71
   618695.132425 15.630422  0.000612 59.851708     22.71   -104.90     -4.70
   618788.255430 15.628371  0.000240 62.686472     -1.78   -100.54      2.09
   618881.378434 15.630398  0.000494 65.418985    -19.00    157.69    -10.64
   618974.501439 15.631613  0.000606 61.614004    -37.45    -79.12     -4.79
   619067.624443 15.630064  0.000332 60.551525    -62.49    -45.02    -22.85
   619160.747448 15.632287  0.000608 64.570759    -83.50   -167.99     -6.14
   619253.870452 15.633378  0.000671 64.090588    -99.84    -39.79     -2.35
   619346.993456 15.633968  0.000631 60.236048   -121.93     -8.49    -15.80
   619440.116461 15.633636  0.000645 62.276499   -146.55   -119.54     -2.49
   619533.239465 15.634249  0.000611 65.504250   -164.01      2.72     12.99
   619626.362470 15.635196  0.000654 61.793232    177.81     26.16      8.71
   619719.485474 15.634593  0.000629 60.265882    152.51    -59.72      2.87
   619812.608478 15.632625  0.000287 64.948914    131.65     95.93     -7.12
   619905.731483 15.633513  0.000374 63.975331    115.58    110.89      0.49
   619998.854487 15.634625  0.000495 59.841194     92.78     20.29      2.43
   620091.977492 15.637998  0.000733 63.002726     68.54    177.94     -1.35
   620185.100496 15.636814  0.000665 65.241543     51.67   -151.91     -2.63
   620278.223501 15.637082  0.000628 61.206103     32.52    125.95     -6.95
   620371.346505 15.634549  0.000252 60.945397      7.24    -78.39     -2.48
   620464.469509 15.636767  0.000556 64.953433    -12.70    -45.67      2.31
   620557.592514 15.636187  0.000399 63.382153    -29.28   -136.84     10.27
   620650.715518 15.639136  0.000643 60.019218    -52.79     27.88      9.65
   620743.838523 15.638606  0.000637 63.377096    -76.25     86.30     -1.99
   620836.961527 15.640250  0.000693 65.132997    -92.63     -1.81      8.37
   620930.084532 15.639691  0.000613 60.597857   -112.85   -174.73    -11.72
   621023.207536 15.638480  0.000484 61.454322   -138.39   -130.05     -1.44
   621116.330540 15.641315  0.000678 65.620317   -156.72    169.58    -11.41
   621209.453545 15.639329  0.000485 62.206118   -174.03    -25.10     -6.01
   621302.576549 15.639749  0.000482 60.142336    160.87     19.63     10.00
   621395.699554 15.641272  0.000579 64.734364    139.44    -14.06    -17.79
   621488.822558 15.640461  0.000518 63.961458    123.38    144.12      0.22
   621581.945563 15.641073  0.000500 60.028599    100.71   -167.06     16.16
   621675.068567 15.642170  0.000576 62.996116     76.54    172.74    -16.24
   621768.191571 15.641904  0.000576 65.074379     59.70    -22.99      3.21
   621861.314576 15.641465  0.000416 61.080132     40.18     26.60     21.79
   621954.437580 15.643763  0.000637 61.185378     14.80     11.30     -7.66
   622047.560585 15.642838  0.000543 65.222135     -4.29   -168.42      4.64
   622140.683589 15.641453  0.000251 62.714595    -21.31    -87.74     -3.55
   622233.806593 15.644940  0.000660 60.026607    -45.98   -132.51      2.75
   622326.929598 15.643324  0.000453 64.441702    -67.96     77.35     -4.91
   622420.052602 15.645638  0.000605 64.300402    -83.88    168.53    -17.87
   622513.175607 15.644828  0.000559 59.806243   -106.49    111.19      6.37
   622606.298611 15.646882  0.000674 63.133351   -130.87    -25.59     -5.43
   622699.421616 15.645922  0.000541 65.271485   -147.25     38.16     16.42
   622792.544620 15.645778  0.000543 60.518440   -167.26     30.33     -3.69
   622885.667624 15.644735  0.000308 61.704152    167.17   -127.21     13.47
   622978.790629 15.647123  0.000580 65.466103    149.07     -6.92    -12.28
   623071.913633 15.647751  0.000638 61.796049    131.28    -44.99      3.47
   623165.036638 15.649949  0.000729 60.624692    105.96   -179.05      4.12
   623258.159642 15.647259  0.000504 64.879140     85.44    -76.17      5.69
   623351.282647 15.648041  0.000537 63.273135     69.01    -76.68     -9.58
   623444.405651 15.649060  0.000547 60.095745     45.16    165.18    -18.83
   623537.528655 15.649447  0.000630 63.834483     22.24   -100.99      2.03
   623630.651660 15.647997  0.000386 64.523260      6.15   -105.39     -1.96
   623723.774664 15.648671  0.000408 60.197264    -15.61    152.20    -21.12
   623816.897669 15.650492  0.000636 62.599000    -40.40   -101.47     -2.81
   623910.020673 15.648385  0.000274 65.356404    -57.12   -108.21      3.88
   624003.143678 15.649919  0.000431 60.759037    -76.73    154.73    -14.55
   624096.266682 15.651363  0.000596 61.479353   -102.50    -79.76     -6.09
   624189.389686 15.649623  0.000294 65.629445   -120.52    -58.82    -18.08
   624282.512691 15.652051  0.000577 61.633505   -138.33   -176.30     -9.23
   624375.635695 15.653229  0.000660 60.620238   -164.09    -41.09     -2.13
   624468.758700 15.653835  0.000639 65.393782    176.18    -10.12    -14.42
   624561.881704 15.653639  0.000653 62.609203    159.56   -125.66      0.11
   624655.004708 15.653314  0.000524 60.148972    134.58      8.07     16.43
   624748.127713 15.654030  0.000564 64.744986    113.07     36.94     16.26
   624841.250717 15.653976  0.000589 63.539088     96.99    -43.26      4.01
   624934.373722 15.653955  0.000471 60.033717     73.38    137.90    -19.92
   625027.496726 15.654655  0.000532 63.879520     50.23    169.16    -12.11
   625120.619731 15.655100  0.000591 64.342011     34.18     78.26     -4.67
   625213.742735 15.654104  0.000368 60.200401     12.12   -147.44     25.46
   625306.865739 15.655081  0.000483 62.950060    -12.32    -79.38      6.80
   625399.988744 15.655480  0.000489 64.961207    -28.83   -153.41      6.93
   625493.111748 15.658296  0.000676 60.567308    -49.31     13.74     11.57
   625586.234753 15.657398  0.000640 62.069193    -74.67     82.59      2.49
   625679.357757 15.657540  0.000565 65.381932    -91.88      7.74     13.13
   625772.480762 15.659459  0.000694 61.018671   -110.97   -163.44      4.01
   625865.603766 15.658477  0.000641 61.363874   -136.79    -88.85     -0.77
   625958.726770 15.658176  0.000506 65.561284   -154.86   -162.41     18.59
   626051.849775 15.659766  0.000642 61.513988   -172.85     34.14     10.22
   626144.972779 15.659767  0.000654 60.834754    161.20    124.37     -0.27
   626238.095784 15.657131  0.000234 65.568491    142.21     68.01     12.01
   626331.218788 15.659214  0.000499 61.960897    125.02    -92.05      9.41
   626424.341793 15.660405  0.000578 60.508926     99.27     -3.32     10.04
   626517.464797 15.661479  0.000615 65.386254     79.40    -11.41    -15.57
   626610.587801 15.660685  0.000554 62.414173     62.75   -174.27     -5.72
   626703.710806 15.660468  0.000456 60.297903     37.40    -66.51    -14.62
   626796.833810 15.660305  0.000385 65.108015     16.68   -125.42     21.18
   626889.956815 15.662241  0.000626 62.815324      0.35    109.31      3.55
   626983.079819 15.661775  0.000456 60.216765    -24.51   -161.74     22.88
   627076.202823 15.664002  0.000678 64.743260    -45.99   -152.68      1.66
   627169.325828 15.663005  0.000586 63.215739    -62.14     81.58     -5.15
   627262.448832 15.665230  0.000682 60.147826    -86.43   -174.86      9.05
   627355.571837 15.664351  0.000636 64.424683   -108.58   -161.69     -5.10
   627448.694841 15.663429  0.000496 63.563441   -124.60     76.19     -5.14
   627541.817846 15.666526  0.000693 60.099528   -148.42   -169.20      7.86
   627634.940850 15.665085  0.000621 64.145842   -171.14   -146.61     -4.35
   627728.063854 15.664385  0.000458 63.887521    172.91    112.20    -14.78
   627821.186859 15.665772  0.000550 60.011431    149.47   -142.82     17.98
   627914.309863 15.666211  0.000632 63.981341    126.32   -100.25     -2.68
   628007.432868 15.667925  0.000681 64.117552    110.49    160.92     -5.01
   628100.555872 15.665161  0.000371 59.925833     87.27    -47.55     -8.05
   628193.678877 15.667184  0.000607 63.925440     63.86    -26.76      4.43
   628286.801881 15.665449  0.000305 64.251673     48.11   -135.14     22.36
   628379.924885 15.668757  0.000665 59.819517     24.95     44.88      2.01
   628473.047890 15.667555  0.000513 63.991318      1.42    101.16     -9.61
   628566.170894 15.670568  0.000720 64.264601    -14.24      7.37      4.54
   628659.293899 15.668494  0.000539 59.737465    -37.52   -171.43     -5.28
   628752.416903 15.667712  0.000377 64.133972    -60.95   -130.01      9.08
   628845.539908 15.670982  0.000670 64.155680    -76.55    179.75     -9.05
   628938.662912 15.669323  0.000519 59.715402   -100.04     -6.99      0.98
   629031.785916 15.668544  0.000340 64.315482   -123.25     42.22     18.70
   629124.908921 15.671974  0.000683 63.943618   -138.85      9.96     -5.84
   629218.031925 15.670248  0.000501 59.754686   -162.71   -163.48      3.16
   629311.154930 15.669035  0.000249 64.527903    174.49    -68.58    -13.79
   629404.277934 15.672376  0.000648 63.625661    158.81   -131.88      4.75
   629497.400938 15.671243  0.000476 59.873149    134.58     89.45     -8.73
   629590.523943 15.674174  0.000683 64.713912    112.30    177.47     -7.60
   629683.646947 15.672015  0.000503 63.283733     96.48    136.47      0.98
   629776.769952 15.674252  0.000647 60.036501     71.82    -10.87      8.56
   629869.892956 15.671370  0.000287 64.891909     50.17     94.87      3.33
   629963.015961 15.674235  0.000647 62.877783     34.07     79.48     -0.95
   630056.138965 15.674566  0.000566 60.288047      9.01    -30.18    -18.66
   630149.261969 15.674666  0.000575 65.014396    -11.92     51.53     11.77
   630242.384974 15.674426  0.000543 62.472955    -28.38     61.23     -4.68
   630335.507978 15.674349  0.000423 60.560594    -53.81    -34.52    -23.82
   630428.630983 15.675927  0.000608 65.147526    -73.90     59.09      6.61
   630521.753987 15.675200  0.000493 62.022786    -90.90     78.28     -6.23
   630614.876992 15.677016  0.000592 60.912273   -116.64    -11.49    -18.69
   630707.999996 15.676534  0.000589 65.211605   -135.85    101.09      4.92
   630801.123000 15.677714  0.000613 61.580797   -153.58    137.38    -11.69
   630894.246005 15.678752  0.000654 61.314188   -179.47     27.17      9.03
   630987.369009 15.677270  0.000553 65.235473    162.30   -174.58     -0.70
   631080.492014 15.677542  0.000467 61.097493    143.63   -161.14     19.05
   631173.615018 15.677508  0.000440 61.859934    117.79    154.87    -13.44
   631266.738023 15.679272  0.000646 65.129267    100.52    -58.01      0.34
   631359.861027 15.681469  0.000719 60.638199     80.65     -7.58     -2.93
   631452.984031 15.678789  0.000497 62.489338     55.17    -81.50      7.49
   631546.107036 15.679716  0.000560 64.888263     38.72    108.04     -8.52
   631639.230040 15.681735  0.000648 60.238104     17.45    173.37    -12.42
   631732.353045 15.680505  0.000589 63.241439     -7.25    105.72      4.68
   631825.476049 15.681059  0.000559 64.410015    -23.11    -51.59    -11.67
   631918.599053 15.683277  0.000698 60.007163    -45.92     13.21     -0.24
   632011.722058 15.681310  0.000568 64.033253    -69.36    -28.43      3.48
   632104.845062 15.683852  0.000700 63.706047    -85.12    170.73      3.99
   632197.968067 15.681383  0.000443 60.027966   -109.44   -108.32     14.35
   632291.091071 15.682125  0.000529 64.763785   -131.22   -115.63     -3.75
   632384.214076 15.680853  0.000248 62.790157   -147.41    107.35    -13.22
   632477.337080 15.684128  0.000637 60.404849   -172.95   -154.09     -5.20
   632570.460084 15.683913  0.000580 65.272791    167.24    179.52      7.90
   632663.583089 15.683375  0.000445 61.742535    149.91     30.72     25.02
   632756.706093 15.684033  0.000531 61.189064    123.77   -178.16     -4.63
   632849.829098 15.686082  0.000676 65.409176    105.87    170.09      6.17
   632942.952102 15.684856  0.000493 60.748439     86.73     39.41     20.81
   633036.075107 15.684982  0.000530 62.290278     60.82   -163.28     -0.67
   633129.198111 15.686343  0.000566 65.078857     44.49   -169.72     17.46
   633222.321115 15.684733  0.000364 60.025155     23.07    102.74      5.48
   633315.444120 15.686425  0.000558 63.552448     -1.52    -97.28     -5.29
   633408.567124 15.685151  0.000306 64.202228    -17.10    -57.69    -19.58
   633501.690129 15.688234  0.000650 59.842247    -40.86   -154.98     -4.93
   633594.813133 15.688044  0.000612 64.685236    -63.29     -6.26      8.23
   633687.936138 15.688467  0.000567 62.936795    -79.21     20.75     21.22
   633781.059142 15.687680  0.000506 60.311311   -104.84    -24.32      0.50
   633874.182146 15.690177  0.000683 65.406730   -124.57    155.54     -5.24
   633967.305151 15.690719  0.000681 61.493996   -142.04   -159.94      6.35
   634060.428155 15.689161  0.000554 61.454938   -168.35    152.47      4.03
   634153.551160 15.691631  0.000704 65.399268    174.39    -14.22     -2.62
   634246.674164 15.690626  0.000588 60.321587    154.36     43.56     13.11
   634339.797168 15.689885  0.000512 62.979979    128.89     17.25      4.06
   634432.920173 15.690814  0.000521 64.621771    113.17   -162.09     23.58
   634526.043177 15.690137  0.000438 59.784773     90.13    -46.90      0.15
   634619.166182 15.691709  0.000575 64.479798     67.01    -58.49    -10.44
   634712.289186 15.692460  0.000562 63.156029     51.31    164.87    -18.52
   634805.412191 15.692799  0.000629 60.225963     25.83   -105.22      1.35
   634898.535195 15.691112  0.000366 65.379695      5.91   -117.83      4.17
   634991.658199 15.691302  0.000329 61.474369    -11.53    136.65    -18.01
   635084.781204 15.693566  0.000614 61.559585    -37.89   -110.49     -4.33
   635177.904208 15.691707  0.000287 65.338312    -54.91   -125.68     13.92
   635271.027213 15.693016  0.000416 60.152800    -75.47    152.25    -13.13
   635364.150217 15.694667  0.000605 63.369831   -100.56    -73.85     -5.63
   635457.273222 15.693676  0.000398 64.221747   -116.09    -38.34    -23.85
   635550.396226 15.695980  0.000648 59.851473   -140.04   -148.26     -3.75
   635643.519230 15.695858  0.000608 64.888198   -162.02     -5.67      8.15
   635736.642235 15.696654  0.000599 62.413207   -178.26     18.34     17.92
   635829.765239 15.695489  0.000512 60.803620    155.60    -37.63      2.53
   635922.888244 15.697349  0.000628 65.440030    137.25    143.97    -11.78
   636016.011248 15.698807  0.000704 60.656255    118.18   -170.62     -4.78
   636109.134253 15.697553  0.000623 62.652445     92.32    126.66      2.96
   636202.257257 15.697940  0.000560 64.661354     76.46    -31.27    -17.97
   636295.380261 15.699359  0.000677 59.874527     53.54     24.56     -1.34
   636388.503266 15.698566  0.000607 64.501532     30.57    -22.34      4.52
   636481.626270 15.700852  0.000718 62.826315     14.67    177.44      2.23
   636574.749275 15.698777  0.000543 60.595783    -11.16    -97.52      9.17
   636667.872279 15.698188  0.000429 65.350692    -30.11   -114.49     -1.83
   636760.995283 15.697344  0.000223 60.876226    -48.76    106.65     -6.55
   636854.118288 15.700069  0.000586 62.487553    -74.72   -146.27     -4.35
   636947.241292 15.700994  0.000601 64.645681    -90.72   -176.60     12.04
   637040.364297 15.699940  0.000434 59.965936   -113.54     54.20     18.32
   637133.487301 15.700657  0.000544 64.476625   -136.46   -162.76     -1.03
   637226.610306 15.702338  0.000602 62.673532   -152.49   -175.19     14.32
   637319.733310 15.700663  0.000413 60.808664   -178.38     84.29     11.96
   637412.856314 15.701528  0.000520 65.249454    163.03   -124.30     -2.36
   637505.979319 15.700233  0.000246 60.688699    143.82   -124.89     20.95
   637599.102323 15.702531  0.000542 62.892631    118.21    177.28     -6.80
   637692.225328 15.704283  0.000666 64.221428    102.41    -35.38     -2.21
   637785.348332 15.705769  0.000710 60.076567     78.74      6.87     -0.40
   637878.471337 15.703866  0.000580 64.812025     56.87    -68.60      3.72
   637971.594341 15.703870  0.000494 61.972812     40.23    120.61    -15.36
   638064.717345 15.705754  0.000637 61.464955     14.03   -179.15    -11.65
   638157.840350 15.705401  0.000644 65.044031     -3.37    110.20      1.51
   638250.963354 15.705164  0.000498 60.227755    -24.17    -33.93    -22.97
   638344.086359 15.706876  0.000676 63.805481    -48.70     25.11     -1.79
   638437.209363 15.706358  0.000606 63.306997    -64.33    -22.82      5.12
   638530.332368 15.708373  0.000688 60.464660    -89.54   -172.85      8.26
   638623.455372 15.706153  0.000509 65.247381   -109.30    -75.83      5.24
   638716.578376 15.706634  0.000507 60.868012   -127.53    -80.78    -10.41
   638809.701381 15.707267  0.000493 62.685658   -153.57    163.56    -22.96
   638902.824385 15.708356  0.000650 64.391039   -169.48   -111.22      0.75
   638995.947390 15.706203  0.000298 59.954308    167.12   -108.67      0.47
   639089.070394 15.707731  0.000453 64.955295    144.96    155.69    -17.57
   639182.193398 15.709304  0.000633 61.830797    128.50    -91.69     -2.10
   639275.316403 15.707894  0.000372 61.557819    102.05    -46.78    -23.73
   639368.439407 15.710704  0.000655 65.180288     85.02   -165.63     -4.71
   639461.562412 15.710313  0.000598 59.860580     63.75    -25.34      6.16
   639554.685416 15.712069  0.000672 64.328147     39.55      9.17     11.12
   639647.808421 15.709781  0.000467 62.906892     24.06    -66.40      4.34
   639740.931425 15.711159  0.000565 60.609299     -1.99    124.31    -11.92
   639834.054429 15.712885  0.000659 65.550642    -20.55    176.58    -11.44
   639927.177434 15.711911  0.000605 60.223520    -39.92    100.62      4.84
   640020.300438 15.711867  0.000505 63.465188    -65.51    -44.77    -17.05
   640113.423443 15.714118  0.000683 63.871621    -80.80     10.29     -3.40
   640206.546447 15.712711  0.000575 60.000889   -105.86    -33.94      5.71
   640299.669452 15.715248  0.000710 65.499988   -126.00    175.15      3.10
   640392.792456 15.712602  0.000455 60.857838   -143.93   -104.51     13.04
   640485.915460 15.713190  0.000502 62.633755   -170.26    -99.07     -6.86
   640579.038465 15.712662  0.000352 64.480141    174.14    142.81    -27.47
   640672.161469 15.715318  0.000651 59.832349    150.15   -128.63     -0.54
   640765.284474 15.713756  0.000420 65.179309    128.78   -135.90      6.94
   640858.407478 15.713434  0.000298 61.425703    111.65    131.06    -18.09
   640951.530483 15.716102  0.000637 62.110454     85.20   -108.35     -1.09
   641044.653487 15.714352  0.000352 64.654798     69.14    -85.30     -9.32
   641137.776491 15.717499  0.000644 59.960147     45.91   -176.33    -11.23
   641230.899496 15.716874  0.000623 64.871642     23.85    -37.73      3.64
   641324.022500 15.719124  0.000712 61.676984      6.99     -3.34      4.21
   641417.145505 15.716308  0.000442 61.988872    -19.39    -73.98      4.83
   641510.268509 15.717845  0.000595 64.604083    -35.71    105.29     -6.20
   641603.391513 15.719709  0.000663 60.046337    -58.70    170.60    -11.23
   641696.514518 15.718030  0.000541 64.852518    -80.85    100.39      5.19
   641789.637522 15.719195  0.000599 61.554283    -97.70    -55.80     -9.85
   641882.760527 15.721232  0.000716 62.147380   -124.10     13.44      4.29
   641975.883531 15.718939  0.000544 64.539312   -140.34    -21.74      0.79
   642069.006536 15.720933  0.000630 59.972765   -163.57   -179.26     12.99
   642162.129540 15.718591  0.000356 65.067457    174.49    -64.28     -2.52
   642255.252544 15.720975  0.000634 61.313702    157.57    -82.37     -1.87
   642348.375549 15.722386  0.000650 62.327110    131.04    164.51    -10.79
   642441.498553 15.720499  0.000475 64.567427    115.15   -101.88     10.10
   642534.621558 15.721700  0.000581 59.793877     91.46    -74.77     -7.51
   642627.744562 15.724154  0.000722 65.339374     69.95    177.07     -5.78
   642720.867567 15.721490  0.000481 61.075033     52.77    -55.81      3.68
   642813.990571 15.724145  0.000690 62.536282     26.17    -19.95      0.77
   642907.113575 15.721865  0.000398 64.445100     10.61   -132.37     21.87
   643000.236580 15.723539  0.000605 59.833245    -13.69     58.57     -4.68
   643093.359584 15.722452  0.000396 65.402042    -34.45    119.98    -17.92
   643186.482589 15.725437  0.000659 60.857038    -52.30     27.55      6.22
   643279.605593 15.723826  0.000524 62.892608    -78.51   -136.09     -2.70
   643372.728598 15.723061  0.000336 63.961689    -93.94    -49.62    -25.03
   643465.851602 15.725682  0.000618 60.219385   -119.01   -122.20      7.21
   643558.974606 15.724971  0.000523 65.292775   -138.57     96.16     -8.53
   643652.097611 15.728041  0.000715 60.495146   -157.77   -179.97     -3.91
   643745.220615 15.725518  0.000519 63.614881    177.00    159.87     -2.27
   643838.343620 15.726473  0.000551 63.032314    161.45      5.88     11.93
   643931.466624 15.725870  0.000413 60.968592    135.49    155.87    -21.92
   644024.589628 15.727038  0.000586 65.067028    117.59    126.57      3.80
   644117.712633 15.728418  0.000600 60.046167     96.41      1.99     15.18
   644210.835637 15.727650  0.000528 64.573144     72.78    167.64    -14.95
   644303.958642 15.728050  0.000562 61.886644     56.63    163.98      5.54
   644397.081646 15.726279  0.000233 61.919484     30.01     73.95      8.88
   644490.204651 15.729630  0.000629 64.689592     13.77   -131.64      5.18
   644583.327655 15.729269  0.000554 59.803542     -9.65    -72.30     -8.65
   644676.450659 15.730946  0.000642 65.358930    -31.15   -164.91     14.15
   644769.573664 15.730377  0.000611 60.836064    -48.61     29.07     -5.78
   644862.696668 15.729217  0.000417 62.983741    -75.04    107.82    -14.16
   644955.819673 15.731713  0.000625 63.905658    -90.31     24.60     15.46
   645048.942677 15.731261  0.000608 60.193468   -115.76   -111.34     -4.58
   645142.065682 15.732875  0.000662 65.496230   -134.77    -21.25     -9.28
   645235.188686 15.730243  0.000357 60.128834   -154.63    -52.12     -5.47
   645328.311690 15.732123  0.000583 64.105266   -179.34    163.34      4.93
   645421.434695 15.730306  0.000260 62.507457    164.97    -74.31    -12.89
   645514.557699 15.732320  0.000515 61.463554    138.46    -93.98      8.53
   645607.680704 15.733978  0.000662 64.720469    121.79    152.77      2.84
   645700.803708 15.731251  0.000251 60.058349     98.71    -48.83    -21.93
   645793.926713 15.733421  0.000552 65.031517     77.16    -54.33      3.68
   645887.049717 15.733489  0.000455 60.857633     59.29   -162.11     16.19
   645980.172721 15.736288  0.000696 63.310957     33.38     13.84     -0.81
   646073.295726 15.734940  0.000602 63.227937     17.97     54.53     -3.92
   646166.418730 15.737215  0.000693 60.817050     -8.01    -13.03     -1.38
   646259.541735 15.735820  0.000573 65.283179    -25.87    173.05    -13.04
   646352.664739 15.735195  0.000494 59.743926    -47.30   -129.23     -4.40
   646445.787743 15.738664  0.000724 64.978895    -70.61    179.67      1.94
   646538.910748 15.737371  0.000642 61.428212    -87.01     23.47     -5.44
   646632.033752 15.737181  0.000574 62.433949   -113.83    123.97    -11.23
   646725.156757 15.735252  0.000265 64.223212   -129.28     69.48     14.23
   646818.279761 15.737195  0.000528 60.108724   -154.34    -53.46      5.23
   646911.402766 15.736523  0.000368 65.404864   -173.61     55.84      6.82
   647004.525770 15.738058  0.000492 60.162048    166.42     40.01     21.10
   647097.648774 15.738894  0.000616 64.265958    142.04    -51.19      3.50
   647190.771779 15.736873  0.000254 62.050522    125.99     91.55     -7.99
   647283.894783 15.738042  0.000397 62.068032     99.40    108.47      3.37
   647377.017788 15.739206  0.000524 64.162582     83.43     14.57      4.58
   647470.140792 15.742406  0.000706 60.320667     58.85   -179.59      1.28
   647563.263797 15.741185  0.000643 65.262190     39.30   -134.23      1.66
   647656.386801 15.741797  0.000648 60.047361     19.36    157.06      5.20
   647749.509805 15.742917  0.000674 64.549560     -5.00     -1.89     -9.79
   647842.632810 15.742079  0.000644 61.790473    -20.92     56.20     -1.26
   647935.755814 15.742402  0.000586 62.189367    -47.82      4.56     15.67
   648028.878819 15.743237  0.000626 64.347989    -63.44   -150.17     12.32
   648122.001823 15.742756  0.000599 60.024518    -88.37    -43.46      5.10
   648215.124828 15.742567  0.000484 65.515895   -107.71    -35.31    -20.92
   648308.247832 15.743809  0.000595 60.002538   -127.76   -175.17    -10.70
   648401.370836 15.744151  0.000639 64.463982   -151.99    -59.14     -3.42
   648494.493841 15.743047  0.000420 61.806592   -168.18    -33.20    -26.01
   648587.616845 15.744844  0.000627 62.370896    165.20   -152.73     -5.34
   648680.739850 15.745731  0.000664 63.813297    149.54    -22.26      4.09
   648773.862854 15.747180  0.000706 60.635343    124.17     13.79      4.21
   648866.985858 15.745336  0.000599 65.073742    105.81    -67.58      4.00
   648960.108863 15.744868  0.000437 59.943424     84.26    124.27    -18.00
   649053.231867 15.746726  0.000597 65.057439     61.57    176.79    -12.19
   649146.354872 15.746893  0.000638 60.800921     44.31    105.81      1.23
   649239.477876 15.746496  0.000489 63.438665     18.04    -31.78    -22.23
   649332.600881 15.748447  0.000677 63.065896      2.87     23.96     -1.59
   649425.723885 15.747554  0.000580 61.060837    -23.75     -9.81      8.54
   649518.846889 15.748723  0.000599 65.047973    -40.50   -164.93     18.40
   649611.969894 15.747271  0.000474 59.779643    -63.85    -37.36      0.20
   649705.092898 15.749517  0.000649 65.328779    -84.75    -35.54     -5.49
   649798.215903 15.750713  0.000688 60.374925   -103.69   -165.22      5.97
   649891.338907 15.748706  0.000543 64.123510   -128.56    -25.08      2.17
   649984.461912 15.751088  0.000681 61.925764   -144.57    -11.37      5.23
   650077.584916 15.748543  0.000388 62.421783   -171.19   -105.79     13.93
   650170.707920 15.750137  0.000588 63.674557    173.18     66.23     -4.59
   650263.830925 15.749072  0.000359 60.744915    147.52    141.46    -28.84
   650356.953929 15.751846  0.000652 65.121229    129.65     40.72      3.74
   650450.076934 15.750189  0.000433 59.745737    107.37   -129.00     -1.11
   650543.199938 15.750484  0.000399 65.379853     85.48    -32.14    -25.12
   650636.322943 15.752208  0.000593 60.387575     67.44   -105.09      5.83
   650729.445947 15.752414  0.000561 63.968511     41.76    127.99    -12.84
   650822.568951 15.754304  0.000672 62.354225     26.30   -163.22     10.94
   650915.691956 15.752590  0.000545 61.903079     -0.59   -156.34     -3.40
   651008.814960 15.751342  0.000295 64.139714    -16.35     64.44      6.75
   651101.937965 15.755282  0.000680 60.494851    -41.60   -158.83     -2.31
   651195.060969 15.753459  0.000526 65.032004    -59.91   -150.94      0.68
   651288.183973 15.753006  0.000366 60.003269    -81.96    137.69    -25.34
   651381.306978 15.754455  0.000536 65.148003   -103.77   -106.10      9.28
   651474.429982 15.755861  0.000644 60.312664   -122.23    -55.80     -3.62
   651567.552987 15.755069  0.000477 64.324567   -147.42   -151.92     24.12
   651660.675991 15.756454  0.000651 61.771699   -163.17     45.48     -1.38
   651753.798996 15.756092  0.000535 62.489318    169.83    132.63    -16.71
   651846.922000 15.755773  0.000447 63.789524    154.55     42.92     21.73
   651940.045004 15.757277  0.000636 60.642514    128.46    -86.11     -0.76
   652033.168009 15.758798  0.000682 65.069529    111.14     -4.08      6.33
   652126.291013 15.757871  0.000569 59.938066     88.03     -1.97    -13.04
   652219.414018 15.757267  0.000525 65.186943     67.35   -144.69     -0.01
   652312.537022 15.759943  0.000661 60.200484     47.60    -15.04    -11.72
   652405.660027 15.758246  0.000536 64.661202     23.74     -7.29     -9.04
   652498.783031 15.757672  0.000421 60.994931      6.78   -119.75     -2.67
   652591.906035 15.760863  0.000669 63.580994    -19.41     16.59     11.60
   652685.029040 15.760140  0.000643 62.469756    -34.74     58.19     -0.08
   652778.152044 15.761487  0.000672 61.871264    -61.70    -14.96      3.32
   652871.275049 15.760932  0.000589 64.262216    -77.36    171.87    -15.61
   652964.398053 15.760500  0.000566 60.306198   -102.83   -131.63     -5.28
   653057.521058 15.762968  0.000704 65.250699   -120.88    170.36      1.71
   653150.644062 15.762821  0.000681 59.862051   -143.33     18.12     -4.54
   653243.767066 15.762016  0.000625 65.175378   -164.58    108.85     -4.74
   653336.890071 15.759553  0.000210 60.259408    176.02     69.79     11.64
   653430.013075 15.761532  0.000485 64.607667    151.97    -48.37      0.57
   653523.136080 15.761561  0.000428 60.972625    135.03     70.48     -4.17
   653616.259084 15.761357  0.000322 63.695383    108.91     55.82     21.50
   653709.382088 15.762742  0.000504 62.251251     93.52    -31.51     -0.50
   653802.505093 15.763798  0.000542 62.171131     66.49    136.01    -16.78
   653895.628097 15.764094  0.000532 63.917538     51.08    167.54    -19.58
   653988.751102 15.764699  0.000614 60.642678     25.00     81.30     -4.53
   654081.874106 15.762845  0.000289 65.003888      7.83   -132.62     19.00
   654174.997111 15.763803  0.000396 59.986858    -15.83    -43.14     -6.02
   654268.120115 15.765228  0.000551 65.198259    -35.65    -92.42     -5.56
   654361.243119 15.763723  0.000269 60.028204    -56.63    123.69    -20.71
   654454.366124 15.766609  0.000625 65.051502    -79.04   -160.33     -5.06
   654547.489128 15.767269  0.000618 60.274902    -97.55    164.78      8.01
   654640.612133 15.767375  0.000573 64.596961   -122.36     25.42     19.94
   654733.735137 15.766565  0.000508 61.124590   -138.69    160.40     -0.38
   654826.858142 15.769390  0.000701 63.431255   -165.32    170.59      3.46
   654919.981146 15.767496  0.000484 62.602470    179.49     48.13     17.90
   655013.104150 15.767731  0.000523 61.921275    152.47   -137.32     -3.19
   655106.227155 15.766597  0.000279 63.864726    136.92   -120.23     11.68
   655199.350159 15.769602  0.000607 60.931502    110.94   -169.01     -8.77
   655292.473164 15.769296  0.000581 64.534353     93.98    -11.01      6.04
   655385.596168 15.768138  0.000349 60.365730     69.60     35.38     28.28
   655478.719173 15.770337  0.000621 65.092760     50.85     22.07     -5.36
   655571.842177 15.769102  0.000394 59.833939     28.48   -148.46     11.91
   655664.965181 15.770135  0.000472 65.470879      7.47    -20.24    -22.14
   655758.088186 15.771011  0.000575 59.788654    -12.37    -64.05      5.03
   655851.211190 15.772992  0.000685 65.085946    -35.93    172.75      4.93
   655944.334195 15.769971  0.000315 60.593064    -53.46    -53.37     -8.97
   656037.457199 15.772403  0.000633 64.113832    -78.94    -47.07      2.75
   656130.580203 15.772501  0.000524 61.526296    -95.13   -167.36     21.77
   656223.703208 15.773468  0.000642 63.287803   -121.54     17.96     -5.89
   656316.826212 15.772025  0.000450 62.251193   -137.09     51.09     -0.82
   656409.949217 15.775261  0.000675 62.531962   -163.93     -3.16     -8.82
   656503.072221 15.773270  0.000524 63.213309   -179.28    170.81     -5.76
   656596.195226 15.772606  0.000355 61.426226    154.00   -118.78      1.94
   656689.318230 15.776314  0.000685 64.364068    138.06   -165.57      5.70
   656782.441234 15.775081  0.000612 60.432305    112.48     60.92     -4.30
   656875.564239 15.776927  0.000700 64.964217     95.00    160.92     -5.37
   656968.687243 15.774917  0.000478 60.112780     71.17    166.13    -16.59
   657061.810248 15.775191  0.000523 65.075730     51.94     29.26      0.86
   657154.933252 15.778251  0.000687 60.012294     29.74    170.04     -7.10
   657248.056257 15.776939  0.000606 65.255938      8.94   -169.42     -6.40
   657341.179261 15.776737  0.000547 59.793998    -11.60    105.65     -9.63
   657434.302265 15.775173  0.000277 65.352677    -34.19   -121.46     20.43
   657527.425270 15.776860  0.000491 60.022663    -52.82    -56.34      4.86
   657620.548274 15.776220  0.000342 64.821405    -77.28   -102.18     -3.68
   657713.671279 15.776459  0.000322 60.789568    -94.37     58.80     23.15
   657806.794283 15.778172  0.000553 64.040214   -120.04    165.37      3.31
   657899.917288 15.779870  0.000607 61.410674   -136.29    152.13    -15.52
   657993.040292 15.780150  0.000629 63.559261   -162.56     10.54     -7.14
   658086.163296 15.780203  0.000631 61.826791   -178.23    112.72     -1.37
   658179.286301 15.778833  0.000389 63.050349    154.91    145.31    -25.88
   658272.409305 15.780881  0.000621 62.624382    139.73     13.83     -7.27
   658365.532310 15.781780  0.000670 62.122281    112.59    153.65      2.32
   658458.655314 15.783364  0.000729 63.546388     97.28   -176.17     -0.23
   658551.778318 15.781349  0.000589 61.345968     70.63    107.68      4.82
   658644.901323 15.780841  0.000443 64.003910     54.63    -60.96    -16.97
   658738.024327 15.783020  0.000623 61.044649     28.76      1.76    -11.52
   658831.147332 15.782615  0.000612 64.262977     12.06    -61.52      2.46
   658924.270336 15.784224  0.000657 60.659368    -13.21    160.24    -10.35
   659017.393341 15.783291  0.000570 64.844848    -30.56   -131.83     12.95
   659110.516345 15.782553  0.000470 60.045964    -54.98   -125.74     -3.89
   659203.639349 15.781538  0.000257 65.300409    -73.44    126.86    -23.15
   659296.762354 15.784967  0.000653 59.826602    -96.58   -128.42      0.20
   659389.885358 15.783127  0.000410 65.238117   -116.31   -110.63     -1.54
   659483.008363 15.785617  0.000592 59.986036   -138.32    172.16    -16.64
   659576.131367 15.784799  0.000561 65.150551   -158.98    -50.78      3.66
   659669.254372 15.786812  0.000653 59.880232    179.78     -7.29      8.85
   659762.377376 15.784181  0.000351 65.397807    158.32    -45.94    -13.95
   659855.500380 15.786499  0.000618 59.690478    138.06    124.52      4.38
   659948.623385 15.787124  0.000585 65.393244    115.47   -169.20     19.35
   660041.746389 15.787417  0.000604 59.958503     96.33   -171.40    -10.35
   660134.869394 15.786287  0.000476 64.978285     72.75     38.41      3.62
   660227.992398 15.788675  0.000606 60.339239     54.33    166.55    -15.78
   660321.115403 15.787265  0.000514 64.762219     30.25    158.48     -2.97
   660414.238407 15.786957  0.000401 60.330704     12.28     39.17      6.65
   660507.361411 15.790627  0.000711 64.847827    -12.32   -170.12      2.19
   660600.484416 15.789096  0.000607 60.390356    -29.62   -132.53     -4.75
   660693.607420 15.790943  0.000681 64.600291    -55.00    159.00     -7.13
   660786.730425 15.788866  0.000454 60.852655    -71.65    -18.63    -18.69
   660879.853429 15.789251  0.000511 64.112584    -97.49     33.88     -0.08
   660972.976433 15.792407  0.000696 61.167636   -113.92    -10.00     -3.64
   661066.099438 15.791396  0.000645 63.991551   -139.81   -157.63     -4.14
   661159.222442 15.791539  0.000627 61.094818   -156.11    -62.41     -4.83
   661252.345447 15.789172  0.000270 64.060061    177.71    -52.59    -20.82
   661345.468451 15.791036  0.000499 61.260218    161.83    167.90     -6.16
   661438.591456 15.792155  0.000559 63.732530    135.18    -47.66    -13.86
   661531.714460 15.791496  0.000423 61.697515    119.57    -21.14    -24.14
   661624.837464 15.792639  0.000590 63.360363     92.87   -122.69     -4.34
   661717.960469 15.792901  0.000516 61.807361     77.15     12.97     18.79
   661811.083473 15.792303  0.000426 63.434161     50.60     79.10     11.86
   661904.206478 15.793001  0.000506 61.642855     34.92     33.85     -2.02
   661997.329482 15.793083  0.000416 63.511454      8.15   -153.22     26.79
   662090.452487 15.793272  0.000420 61.834984     -7.25    -38.66     -5.99
   662183.575491 15.795307  0.000620 63.199662    -34.28    -51.62     -8.43
   662276.698495 15.796900  0.000671 62.129845    -49.65    175.22    -11.53
   662369.821500 15.795428  0.000590 63.038489    -76.51    -74.72      4.29
   662462.944504 15.795885  0.000545 62.000327    -92.10    -50.27    -13.38
   662556.067509 15.797765  0.000685 63.294740   -118.80   -160.32      4.02
   662649.190513 15.795888  0.000523 61.782974   -134.33     -8.93      1.36
   662742.313518 15.796199  0.000462 63.369105   -161.26     19.93     23.00
   662835.436522 15.796889  0.000515 61.964233   -176.59    -11.15    -15.84
   662928.559526 15.797695  0.000607 63.136938    156.39    160.09      6.09
   663021.682531 15.796339  0.000366 62.058753    140.92   -150.37     29.36
   663114.805535 15.798817  0.000648 63.215458    114.19   -143.74     -2.77
   663207.928540 15.797306  0.000424 61.724768     98.47     74.50     -4.92
   663301.051544 15.800863  0.000695 63.604403     71.86   -172.84     -0.95
   663394.174548 15.798836  0.000538 61.494996     56.22   -170.78     -4.99
   663487.297553 15.797824  0.000334 63.656327     29.44     94.95    -10.58
   663580.420557 15.800713  0.000608 61.620451     13.84   -150.83     15.16
   663673.543562 15.800534  0.000629 63.551363    -12.81    -89.87     -3.28
   663766.666566 15.802250  0.000666 61.491485    -28.76    179.50     10.86
   663859.789571 15.801799  0.000654 63.861242    -54.96     19.22     -4.90
   663952.912575 15.800930  0.000540 61.023901    -71.24     88.99     -7.74
   664046.035579 15.801394  0.000491 64.293098    -97.28     25.32     22.65
   664139.158584 15.802141  0.000593 60.832598   -113.59   -110.12      7.15
   664232.281588 15.802720  0.000602 64.302796   -139.57     -2.88     10.16
   664325.404593 15.804809  0.000713 60.888240   -156.18      3.34     -4.14
   664418.527597 15.803352  0.000642 64.333485    178.36   -107.45     -1.14
   664511.650602 15.803237  0.000515 60.593266    161.05      8.36     19.26
   664604.773606 15.803711  0.000547 64.776517    136.29     47.37     14.12
   664697.896610 15.803878  0.000565 60.124117    118.44    -24.55      5.87
   664791.019615 15.806051  0.000671 65.107723     94.10    167.17     -8.78
   664884.142619 15.805726  0.000647 60.062805     75.86   -141.58      2.43
   664977.265624 15.805073  0.000587 64.999536     52.03    173.59      7.46
   665070.388628 15.806734  0.000632 60.130593     32.99     12.96     14.55
   665163.511633 15.804967  0.000516 65.077533     10.16    126.96      2.30
   665256.634637 15.806517  0.000588 59.848203     -9.98    132.47    -11.73
   665349.757641 15.808311  0.000709 65.432839    -31.78      7.73     -3.30
   665442.880646 15.806531  0.000563 59.613650    -52.77    134.04      5.70
   665536.003650 15.808886  0.000699 65.422623    -73.82    167.80     -1.00
   665629.126655 15.806290  0.000416 59.869221    -95.60     71.00     14.47
   665722.249659 15.807657  0.000590 65.048189   -115.67   -100.14     -4.66
   665815.372663 15.808650  0.000572 60.151644   -138.66    -21.23    -19.84
   665908.495668 15.807825  0.000509 64.962436   -157.45    -99.00      9.09
   666001.618672 15.809357  0.000619 60.158760    178.31    127.35     -8.22
   666094.741677 15.810265  0.000631 64.925348    160.57   -162.99     15.87
   666187.864681 15.809468  0.000582 60.409183    135.54   -148.54     -5.79
   666280.987686 15.808347  0.000380 64.363890    118.50     91.28     -8.11
   666374.110690 15.811297  0.000628 61.146874     92.77   -150.86     10.60
   666467.233694 15.810634  0.000610 63.631591     76.54   -117.16     -2.84
   666560.356699 15.812788  0.000704 61.767222     49.91    166.02     -4.13
   666653.479703 15.810402  0.000457 63.242107     34.45    -18.80    -16.72
   666746.602708 15.810631  0.000484 62.146047      7.32     27.16      3.82
   666839.725712 15.813601  0.000678 62.723629     -8.01    -10.61    -11.78
   666932.848717 15.812202  0.000577 62.841312    -34.95   -166.62     -6.35
   667025.971721 15.812277  0.000530 61.772678    -50.60    -71.70     -9.78
   667119.094725 15.810662  0.000255 63.821479    -77.17    -97.79      9.19
   667212.217730 15.812499  0.000500 60.983690    -93.19    145.99      0.80
   667305.340734 15.812554  0.000435 64.375858   -119.31    -57.19    -18.68
   667398.463739 15.812156  0.000335 60.644485   -136.10    -37.39    -18.83
   667491.586743 15.813740  0.000552 64.642325   -161.10   -132.62     -3.29
   667584.709748 15.814984  0.000551 60.236020   -179.42      9.63     20.25
   667677.832752 15.814078  0.000472 65.135509    157.31     82.92      9.05
   667770.955756 15.814204  0.000451 59.710391    137.26     44.12     -0.02
   667864.078761 15.813774  0.000315 65.494334    115.66   -134.42     23.52
   667957.201765 15.815381  0.000507 59.703753     94.04     -6.31     -7.38
   668050.324770 15.817389  0.000667 65.135935     74.02    -25.98      0.85
   668143.447774 15.817815  0.000631 60.255936     50.66   -157.51     15.29
   668236.570778 15.816318  0.000535 64.567072     32.49    -10.67     -0.72
   668329.693783 15.818161  0.000609 60.787155      7.25      3.31     15.20
   668422.816787 15.815818  0.000328 64.147337     -9.24    -63.79     -4.59
   668515.939792 15.818384  0.000631 61.313569    -35.72    109.76     -2.41
   668609.062796 15.820246  0.000698 63.365946    -51.41    169.15     -4.41
   668702.185801 15.817373  0.000424 62.361455    -78.26    125.33     -0.78
   668795.308805 15.819699  0.000650 62.095543    -93.82    -35.90      2.85
   668888.431809 15.817438  0.000312 63.607695   -120.63     43.00     28.50
   668981.554814 15.820284  0.000647 61.097262   -136.48     56.75      1.52
   669074.677818 15.820560  0.000599 64.357990   -162.69    -40.32    -11.87
   669167.800823 15.818637  0.000334 60.550727   -179.67     59.05     20.97
   669260.923827 15.820898  0.000618 64.791764    155.78    110.64      1.90
   669354.046832 15.820831  0.000506 60.017047    136.68     12.97     19.34
   669447.169836 15.822721  0.000672 65.321315    114.49   -155.62      2.40
   669540.292840 15.821967  0.000609 59.645111     93.03    -81.70     -4.34
   669633.415845 15.821023  0.000423 65.351198     73.04   -156.06     27.80
   669726.538849 15.822235  0.000556 60.071767     49.50     76.04      9.07
   669819.661854 15.822803  0.000576 64.518112     31.52    177.02      9.60
   669912.784858 15.825233  0.000704 61.129492      6.04   -172.96     -0.24
   670005.907863 15.823802  0.000636 63.470488    -10.12     69.22      1.90
   670099.030867 15.822974  0.000454 62.143001    -37.06   -158.93     17.57
   670192.153871 15.823203  0.000438 62.569113    -52.33   -135.51     22.36
   670285.276876 15.823795  0.000529 63.114863    -79.39    177.82      1.75
   670378.399880 15.826786  0.000710 61.373381    -95.31     -8.93      3.21
   670471.522885 15.825004  0.000551 64.367428   -121.15     57.52     12.83
   670564.645889 15.824426  0.000461 60.150938   -138.72     30.54      1.77
   670657.768893 15.823708  0.000292 65.304123   -162.65   -132.61     24.89
   670750.891898 15.826043  0.000550 59.693012    177.61      9.01     -8.01
   670844.014902 15.826817  0.000602 65.243941    156.11     -4.05      8.86
   670937.137907 15.824736  0.000285 60.111713    133.65   -118.01     19.35
   671030.260911 15.827439  0.000633 64.645567    115.03     49.79     -2.32
   671123.383916 15.825762  0.000343 60.820227     89.79    112.11    -19.13
   671216.506920 15.829573  0.000695 63.898181     73.50     19.08      2.84
   671309.629924 15.827417  0.000505 61.808498     46.65   -143.61     -1.80
   671402.752929 15.827011  0.000361 62.602754     31.17    -45.11    -25.92
   671495.875933 15.828385  0.000514 63.322987      4.35   -102.82      9.27
   671588.998938 15.829902  0.000647 60.952556    -11.80    128.72     -1.05
   671682.121942 15.827681  0.000319 64.776292    -37.41   -135.82     25.78
   671775.244947 15.830058  0.000599 59.958984    -55.32   -108.76      6.79
   671868.367951 15.831400  0.000671 65.234927    -78.67    161.40      3.43
   671961.490955 15.830009  0.000475 59.929536    -99.45    -15.03    -23.81
   672054.613960 15.830329  0.000551 64.932406   -119.58     12.89     -2.43
   672147.736964 15.831982  0.000596 60.444332   -143.69    -28.81    -14.57
   672240.859969 15.831091  0.000500 64.284855   -160.76    164.71    -16.35
   672333.982973 15.831420  0.000533 61.405401    172.81   -111.05     -6.03
   672427.105978 15.831930  0.000490 62.960938    157.20   -162.34     22.11
   672520.228982 15.831725  0.000478 63.042868    130.30     91.36      8.67
   672613.351986 15.831674  0.000442 61.136490    114.30   -137.83      1.78
   672706.474991 15.831499  0.000341 64.696555     88.52   -139.61     28.98
   672799.597995 15.832776  0.000492 59.934948     70.65    163.56     -2.81
   672892.721000 15.835301  0.000680 65.293787     47.34    -24.22     -4.88
   672985.844004 15.835788  0.000669 59.900331     26.36     23.48      7.52
   673078.967008 15.834083  0.000547 64.852880      6.57    -17.79      1.71
   673172.090013 15.836153  0.000637 60.644491    -17.97   -178.30     12.75
   673265.213017 15.833505  0.000336 63.954552    -34.59    -70.38      0.41
   673358.336022 15.836022  0.000631 61.856736    -61.41    -66.35     -4.21
   673451.459026 15.838227  0.000715 62.435568    -76.88    174.08     -3.34
   673544.582031 15.835240  0.000475 63.583334   -103.61    -43.45     -0.78
   673637.705035 15.837540  0.000641 60.606160   -120.28    -20.86      6.22
   673730.828039 15.834619  0.000247 65.127336   -144.94    -89.41      4.31
   673823.951044 15.837470  0.000600 59.643187   -164.39     89.52      3.80
   673917.074048 15.839088  0.000676 65.307513    174.19    165.30      1.97
   674010.197053 15.836717  0.000391 60.203948    151.17    155.40    -20.23
   674103.320057 15.837714  0.000542 64.202978    133.33     -9.85      2.16
   674196.443062 15.837042  0.000359 61.654537    107.15    139.42    -28.84
   674289.566066 15.837426  0.000381 62.698328     91.62    108.82      2.77
   674382.689070 15.838774  0.000521 63.236113     64.45      9.32      8.71
   674475.812075 15.841620  0.000683 61.098353     48.40    173.97     -7.37
   674568.935079 15.840441  0.000630 64.687190     23.19   -140.76     -1.88
   674662.058084 15.841540  0.000666 59.825679      4.03    154.13      2.41
   674755.181088 15.842345  0.000674 65.425218    -17.48     -0.28     -9.15
   674848.304093 15.841417  0.000635 59.896795    -40.52     80.23     -0.15
   674941.427097 15.839520  0.000339 64.483978    -58.43     42.22     16.26
   675034.550101 15.839775  0.000332 61.576771    -84.44    -57.84     -4.96
   675127.673106 15.841627  0.000556 62.404293   -100.21     66.03     -5.28
   675220.796110 15.839881  0.000218 63.699916   -127.14     91.15     -3.16
   675313.919115 15.842986  0.000579 60.655723   -143.39      7.94     -9.50
   675407.042119 15.843388  0.000608 64.902287   -168.37    165.75      5.91
   675500.165123 15.842713  0.000450 59.962836    171.99   -152.33     24.96
   675593.288128 15.843615  0.000585 65.021555    151.24   -165.63     -5.88
   675686.411132 15.842826  0.000400 60.404270    127.12     25.27     16.56
   675779.534137 15.843849  0.000484 64.052985    110.32    163.81    -22.85
   675872.657141 15.844524  0.000578 61.995989     83.51    139.22      4.78
   675965.780146 15.845016  0.000532 61.976709     67.89     11.26     18.80
   676058.903150 15.846085  0.000619 64.199914     41.60   -172.50     -8.15
   676152.026154 15.844820  0.000481 60.000281     23.96   -143.81     -1.04
   676245.149159 15.847218  0.000634 65.441999      0.79    164.36    -14.87
   676338.272163 15.845555  0.000467 59.776659    -20.82    -15.13     -8.96
   676431.395168 15.845438  0.000435 64.623126    -39.75     52.75      1.68
   676524.518172 15.848519  0.000656 61.393117    -65.32     18.55     13.56
   676617.641177 15.847784  0.000634 62.620817    -81.16   -106.80      1.66
   676710.764181 15.848027  0.000559 63.502822   -108.26      6.43     16.10
   676803.887185 15.849398  0.000647 60.787574   -124.45     24.98      7.91
   676897.010190 15.848564  0.000624 64.855980   -149.25    -56.50      2.62
   676990.133194 15.847336  0.000372 59.909127   -169.43    132.59    -23.85
   677083.256199 15.849215  0.000567 65.040673    170.55    177.19    -12.64
   677176.379203 15.850017  0.000640 60.583262    145.67    123.70     -3.77
   677269.502208 15.850134  0.000553 63.558141    129.39    -17.80    -21.81
   677362.625212 15.850616  0.000638 62.744267    102.47     62.93      1.99
   677455.748216 15.848867  0.000385 61.056766     86.38     49.19      4.67
   677548.871221 15.849283  0.000372 64.980097     61.13    -33.00    -22.36
   677641.994225 15.851415  0.000626 59.615000     41.77     83.08      1.41
   677735.117230 15.851265  0.000528 65.235587     20.76    137.33    -17.14
   677828.240234 15.852419  0.000597 60.550889     -3.25     39.48     12.45
   677921.363238 15.851676  0.000558 63.391444    -20.02   -123.56     -4.64
   678014.486243 15.852555  0.000539 62.903173    -46.96    -21.50    -23.43
   678107.609247 15.851673  0.000441 61.136190    -62.69    -87.70      9.17
   678200.732252 15.853932  0.000658 64.714343    -88.41    151.00      1.46
   678293.855256 15.850901  0.000215 59.971501   -107.57    -95.73      6.26
   678386.978261 15.853399  0.000556 64.995581   -128.45    -80.91      5.57
   678480.101265 15.854253  0.000546 60.574544   -152.87   -177.04     13.97
   678573.224269 15.856228  0.000691 63.602584   -169.25      2.15     -7.28
   678666.347274 15.854801  0.000602 62.700018    163.72     62.12     -4.30
   678759.470278 15.856726  0.000668 61.105261    147.63     -4.91      9.54
   678852.593283 15.856638  0.000675 64.935489    122.62   -150.23      3.74
   678945.716287 15.856394  0.000640 59.617213    102.59    -48.82      1.82
   679038.839292 15.855469  0.000460 65.186872     82.45    -28.69    -24.97
   679131.962296 15.856981  0.000613 60.776520     57.60   -156.03     -5.70
   679225.085300 15.857526  0.000638 62.898217     41.33    -26.45      3.61
   679318.208305 15.859037  0.000688 63.584399     14.49     12.40      7.18
   679411.331309 15.856836  0.000515 60.366430     -2.06    -58.72      5.75
   679504.454314 15.858717  0.000630 65.238814    -26.36    147.71    -10.97
   679597.577318 15.859529  0.000655 59.907151    -47.44   -151.58      8.40
   679690.700323 15.857808  0.000532 64.413953    -66.36   -170.68      0.84
   679783.823327 15.856907  0.000299 61.740375    -92.39     43.06     21.39
   679876.946331 15.859967  0.000633 62.142015   -107.93   -169.27     -7.96
   679970.069336 15.858676  0.000494 64.071286   -134.64   -157.35      4.47
   680063.192340 15.858271  0.000350 60.184057   -152.43    145.50    -28.65
   680156.315345 15.859471  0.000521 65.128159   -174.67    -80.70      5.96
   680249.438349 15.861633  0.000653 60.245529    161.84    -17.15      7.37
   680342.561353 15.859152  0.000341 63.903718    144.92    -32.35    -25.12
   680435.684358 15.860517  0.000530 62.520404    118.00    156.90      2.58
   680528.807362 15.859461  0.000296 61.103951    101.94    -90.88     -8.27
   680621.930367 15.860529  0.000402 65.023435     76.98   -109.15     13.66
   680715.053371 15.861950  0.000560 59.590148     56.63    153.06      6.35
   680808.176376 15.862268  0.000501 64.985022     37.01    -29.54    -22.52
   680901.299380 15.862897  0.000568 61.242180     11.56      6.70    -10.51
   680994.422384 15.863579  0.000620 62.222295     -4.43    -62.38     -6.59
   681087.545389 15.862487  0.000420 64.285751    -30.98    156.65    -26.86
   681180.668393 15.864152  0.000610 59.851304    -48.73   -140.03     -4.76
   681273.791398 15.864217  0.000560 65.273308    -71.14   -172.90     13.25
   681366.914402 15.862913  0.000353 60.451205    -94.49     61.19     19.00
   681460.037407 15.864488  0.000568 63.334643   -111.40   -146.11     -4.53
   681553.160411 15.863199  0.000299 63.164479   -138.41   -135.31     18.28
   681646.283415 15.865606  0.000543 60.722975   -154.55    176.74    -16.38
   681739.406420 15.865957  0.000609 64.998465   -179.11    -23.78      5.36
   681832.529424 15.865083  0.000403 60.041019    159.57     25.24     28.71
   681925.652429 15.867031  0.000628 64.288253    141.19     22.92     -4.66
   682018.775433 15.865409  0.000390 62.005207    114.65   -110.58     -3.39
   682111.898438 15.869182  0.000700 61.676151     99.02      1.48     -4.09
   682205.021442 15.867186  0.000569 64.575294     73.24     18.37     -4.65
   682298.144446 15.866713  0.000420 59.806724     53.56    -62.89    -17.49
   682391.267451 15.866553  0.000361 65.012759     33.60     60.52     19.30
   682484.390455 15.868547  0.000601 61.077336      8.07    136.04      5.17
   682577.513460 15.866409  0.000239 62.415335     -7.81     97.96     -9.88
   682670.636464 15.867807  0.000415 64.197589    -34.21    -60.22     -0.34
   682763.759468 15.868395  0.000445 59.769363    -52.60     38.51      0.70
   682856.882473 15.870344  0.000565 65.346979    -74.04     17.28     18.96
   682950.005477 15.869473  0.000506 60.593063    -98.38    -76.06      7.17
   683043.128482 15.869205  0.000418 62.817825   -114.78     80.41     -6.26
   683136.251486 15.868996  0.000320 63.927489   -141.49    145.33    -24.21
   683229.374491 15.871380  0.000617 59.910856   -158.91     58.93     -3.90
   683322.497495 15.869335  0.000289 65.356566    178.43   -121.36     10.63
   683415.620499 15.871664  0.000518 60.428607    155.03     -6.23    -15.24
   683508.743504 15.872406  0.000620 63.092355    138.20    -45.82      3.38
   683601.866508 15.873805  0.000633 63.606476    111.29   -172.23     13.19
   683694.989513 15.871989  0.000462 60.237117     94.51    -19.42    -10.94
   683788.112517 15.873222  0.000582 65.158587     71.14     -6.69      7.41
   683881.235522 15.870965  0.000222 60.414046     48.23    -52.72    -21.51
   683974.358526 15.873588  0.000568 63.337010     31.23     94.47      6.14
   684067.481530 15.875390  0.000653 63.290716      4.16    171.80      9.10
   684160.604535 15.874173  0.000484 60.505183    -12.37    166.44    -20.93
   684253.727539 15.874221  0.000539 65.059040    -35.94     14.08     -1.19
   684346.850544 15.875672  0.000574 60.312207    -58.79    151.87    -17.01
   684439.973548 15.874807  0.000476 63.577078    -75.76    161.65    -15.74
   684533.096553 15.875159  0.000512 63.068102   -102.81     67.60     -4.75
   684626.219557 15.875634  0.000465 60.561752   -119.49   -161.27     25.95
   684719.342561 15.875613  0.000493 65.137996   -142.82    -77.48      5.61
   684812.465566 15.875228  0.000376 60.196606   -165.94   -107.66     -4.67
   684905.588570 15.874663  0.000219 63.602916    177.19     96.23     -0.54
   684998.711575 15.877260  0.000575 63.172841    150.27   -146.13     -4.66
   685091.834579 15.877427  0.000486 60.318954    133.22   -168.15     17.18
   685184.957583 15.876172  0.000302 65.337415    110.37    113.53     -4.42
   685278.080588 15.878736  0.000613 60.203754     86.87    -90.45     -3.35
   685371.203592 15.879163  0.000553 63.290383     70.14    -28.52    -19.43
   685464.326597 15.878696  0.000518 63.613305     43.42   -109.62     11.98
   685557.449601 15.879617  0.000589 59.943648     25.82    107.82     -7.25
   685650.572606 15.881682  0.000681 65.396698      3.64   -171.41      9.37
   685743.695610 15.880052  0.000562 60.542782    -20.47   -160.89     -6.15
   685836.818614 15.879112  0.000401 62.649242    -36.90     84.59     -7.86
   685929.941619 15.881364  0.000582 64.241000    -63.41   -152.03     16.84
   686023.064623 15.881503  0.000629 59.667578    -81.70    -99.07      0.48
   686116.187628 15.882283  0.000607 65.141067   -102.94   -177.46     14.11
   686209.310632 15.883343  0.000688 61.230809   -127.89     27.00      3.23
   686302.433637 15.882662  0.000644 61.834545   -143.99    112.92     -0.92
   686395.556641 15.880030  0.000233 64.801807   -170.12    118.69    -20.11
   686488.679645 15.881969  0.000463 59.657119    170.45    -17.73     -7.96
   686581.802650 15.883185  0.000574 64.565188    150.62    114.63     -7.63
   686674.925654 15.883233  0.000492 62.136649    124.65    163.18    -22.79
   686768.048659 15.884296  0.000637 61.063696    108.72     59.13      1.13
   686861.171663 15.882287  0.000338 65.095683     83.48   -120.26      5.67
   686954.294668 15.883637  0.000437 59.985401     62.35    -15.46    -23.04
   687047.417672 15.885070  0.000632 63.754835     44.20    -70.75      2.06
   687140.540676 15.887150  0.000697 63.103974     17.39    168.92     -3.82
   687233.663681 15.883937  0.000375 60.411375      0.92    -83.25      7.59
   687326.786685 15.886287  0.000632 65.107698    -22.61    -51.56     -1.26
   687419.909690 15.885959  0.000499 60.603409    -45.92   -158.74     23.76
   687513.032694 15.887206  0.000644 62.811014    -62.45     34.11     -1.88
   687606.155698 15.886505  0.000530 63.982683    -89.35    118.08    -11.98
   687699.278703 15.885738  0.000383 60.006046   -107.43     37.39     29.11
   687792.401707 15.887468  0.000609 64.783334   -128.47    -77.35      3.64
   687885.524712 15.886611  0.000394 61.561828   -153.98     23.73     22.80
   687978.647716 15.888487  0.000568 61.689453   -169.75     38.43     14.22
   688071.770721 15.888560  0.000613 64.728004    164.51    -38.55      3.79
   688164.893725 15.888583  0.000493 59.969314    143.80    150.64    -21.90
   688258.016729 15.889862  0.000629 64.053943    125.52   -167.28     -7.20
   688351.139734 15.890228  0.000656 62.775454     98.65    146.03      1.49
   688444.262738 15.892133  0.000713 60.583971     82.10     -0.99     -4.08
   688537.385743 15.889756  0.000564 65.076224     58.89     99.77      5.24
   688630.508747 15.890095  0.000508 60.602979     35.06    128.61    -16.16
   688723.631752 15.892655  0.000700 62.736735     18.79      9.54     -1.76
   688816.754756 15.890507  0.000539 64.127347     -7.80    167.09      2.79
   688909.877760 15.890597  0.000440 59.864410    -26.86   -160.94     21.90
   689003.000765 15.892357  0.000607 64.713997    -46.68    179.90    -11.58
   689096.123769 15.891307  0.000500 61.947462    -72.93     14.35      4.61
   689189.246774 15.890993  0.000366 61.110812    -89.04    144.65    -29.08
   689282.369778 15.891712  0.000468 65.078308   -113.38    111.72      4.36
   689375.492783 15.893072  0.000541 60.141792   -136.07     -0.78     12.98
   689468.615787 15.894583  0.000630 63.313703   -152.96    173.18    -15.07
   689561.738791 15.893616  0.000586 63.741165   -179.71   -145.28     -4.59
   689654.861796 15.895586  0.000665 59.872290    161.94    154.07     -3.25
   689747.984800 15.895556  0.000644 64.982709    141.33     -0.03    -10.80
   689841.107805 15.895040  0.000627 61.597674    115.51     92.50     -2.82
   689934.230809 15.892514  0.000217 61.297701     99.40     72.54      4.44
   690027.353813 15.894592  0.000475 65.101269     74.75    -19.80    -11.86
   690120.476818 15.896203  0.000618 59.993218     52.40    120.29     -5.32
   690213.599822 15.897215  0.000618 63.412619     35.29    167.54    -15.37
   690306.722827 15.896256  0.000578 63.743313      8.60     89.20      5.81
   690399.845831 15.896517  0.000525 59.797003     -9.80    -60.70    -12.22
   690492.968836 15.898956  0.000690 64.990829    -30.34     12.14      4.66
   690586.091840 15.896722  0.000522 61.723475    -56.21     11.18     -2.52
   690679.214844 15.895458  0.000267 61.072014    -72.46   -118.67      6.60
   690772.337849 15.899429  0.000683 65.227952    -96.73     25.64      4.99
   690865.460853 15.897935  0.000535 60.110982   -119.59     77.10     -7.51
   690958.583858 15.900817  0.000700 63.041396   -136.41     -3.60      2.34
   691051.706862 15.899469  0.000622 64.139259   -162.88   -160.91     -5.70
   691144.829867 15.899180  0.000549 59.655047    177.93    -71.50     -9.90
   691237.952871 15.897355  0.000248 64.699246    158.30   -118.28     18.31
   691331.075875 15.899151  0.000497 62.329929    131.99    142.92      1.78
   691424.198880 15.899327  0.000436 60.500765    115.30    -66.64    -16.07
   691517.321884 15.899395  0.000394 65.338630     92.18    -25.59    -22.60
   691610.444889 15.900950  0.000584 60.613088     68.05   -109.54     -5.63
   691703.567893 15.899163  0.000281 62.187378     51.75     49.74     17.05
   691796.690898 15.901180  0.000503 64.783875     25.99    165.80    -11.84
   691889.813902 15.902611  0.000637 59.693381      5.12    132.66      1.53
   691982.936906 15.904314  0.000689 63.918404    -12.95      2.02      5.84
   692076.059911 15.901659  0.000477 63.389695    -39.60    150.15     -3.83
   692169.182915 15.903716  0.000617 59.851210    -57.56    164.92      9.14
   692262.305920 15.900739  0.000212 65.071569    -78.56    107.02     -6.38
   692355.428924 15.903782  0.000611 61.700961   -104.31    -74.33      3.44
   692448.551928 15.905169  0.000634 60.957663   -120.66     -5.16     10.67
   692541.674933 15.904865  0.000591 65.277724   -144.61     -2.33    -12.34
   692634.797937 15.903977  0.000508 60.346912   -168.03   -133.13     -4.42
   692727.920942 15.906995  0.000705 62.495092    175.45     -9.39     -1.19
   692821.043946 15.906242  0.000662 64.617967    149.46     24.13     -2.22
   692914.166951 15.906421  0.000645 59.687205    128.88    -50.50     -2.33
   693007.289955 15.904886  0.000419 63.980775    110.66    155.91    -29.62
   693100.412959 15.906415  0.000611 63.350813     83.97   -144.90     -4.52
   693193.535964 15.907429  0.000607 59.883815     65.92    172.82     11.31
   693286.658968 15.906692  0.000508 64.942362     45.19     36.25     20.15
   693379.781973 15.906588  0.000515 61.947640     19.21   -168.29     -0.30
   693472.904977 15.907128  0.000483 60.729361      2.72   -166.44     20.68
   693566.027982 15.906944  0.000449 65.250661    -20.62    155.53    -15.47
   693659.150986 15.908694  0.000629 60.730617    -44.84    -39.20      3.99
   693752.273990 15.908615  0.000529 61.974985    -61.08     14.21     24.05
   693845.396995 15.909318  0.000629 64.871719    -86.48     22.50     -5.03
   693938.519999 15.907754  0.000387 59.999256   -108.36   -102.09     -6.62
   694031.643004 15.911450  0.000680 63.218297   -125.53     10.55      6.21
   694124.766008 15.910078  0.000609 64.070881   -152.08     51.38     -2.61
   694217.889013 15.911785  0.000677 59.777923   -171.58    -24.91     -3.53
   694311.012017 15.910534  0.000523 64.239940    169.47    169.64    -19.47
   694404.135021 15.910515  0.000558 63.034096    142.75   -121.11     -4.69
   694497.258026 15.911868  0.000582 60.095325    125.15   -172.75     19.18
   694590.381030 15.911069  0.000513 64.834115    104.04     67.32     11.50
   694683.504035 15.910883  0.000452 62.017409     78.05   -152.53      6.63
   694776.627039 15.911078  0.000398 60.745158     61.64   -150.59     27.16
   694869.750043 15.911924  0.000520 65.062863     38.42    167.69     -4.62
   694962.873048 15.914004  0.000646 61.111606     13.86    -16.73      5.51
   695055.996052 15.912178  0.000420 61.587846     -2.24     37.66     25.04
   695149.119057 15.913423  0.000598 64.939453    -27.22     46.97     -3.85
   695242.242061 15.911948  0.000321 60.467243    -50.00    -55.99    -25.08
   695335.365066 15.915071  0.000631 62.426806    -66.57     34.39     10.89
   695428.488070 15.914206  0.000561 64.599254    -92.76     85.33     -6.03
   695521.611074 15.916981  0.000692 60.055414   -113.64      0.38      4.66
   695614.734079 15.915540  0.000607 63.211983   -131.27   -167.44     -7.70
   695707.857083 15.914882  0.000505 64.087644   -158.02    -78.05    -10.23
   695800.980088 15.914110  0.000336 59.893616   -177.21   -139.67     27.57
   695894.103092 15.915513  0.000524 63.871678    163.73    116.93      4.79
   695987.226097 15.914452  0.000307 63.504506    136.97    -91.49     -7.61
   696080.349101 15.914480  0.000252 59.915013    119.12    -70.22     -1.70
   696173.472105 15.916606  0.000548 64.414597     98.50   -140.28     -3.41
   696266.595110 15.916616  0.000437 62.853552     72.23     22.33     24.88
   696359.718114 15.916255  0.000365 60.105230     55.29    130.99     -4.75
   696452.841119 15.918392  0.000622 64.835144     33.25    112.72     -4.03
   696545.964123 15.920556  0.000695 62.177699      7.73     -3.24     -5.45
   696639.087128 15.917653  0.000448 60.425627     -8.75    118.68      4.13
   696732.210132 15.920292  0.000672 65.146761    -32.04    157.09      2.25
   696825.333136 15.917022  0.000242 61.513196    -56.63     80.88     12.79
   696918.456141 15.920011  0.000615 60.838856    -73.03    -84.82      3.18
   697011.579145 15.921349  0.000644 65.321188    -97.25     -1.66     10.17
   697104.702150 15.921189  0.000605 60.904355   -120.91      5.53    -10.54
   697197.825154 15.920255  0.000543 61.349581   -137.43   -121.48     -5.44
   697290.948158 15.922582  0.000662 65.321811   -162.36      4.42     12.30
   697384.071163 15.922186  0.000638 60.402872    174.83     49.76      5.94
   697477.194167 15.922141  0.000610 61.896781    158.02    -19.84      7.30
   697570.317172 15.924334  0.000726 65.183939    132.60   -175.43     -0.11
   697663.440176 15.922459  0.000599 60.021805    110.51    -88.58      5.02
   697756.563181 15.921088  0.000359 62.452923     93.41    -87.84    -10.40
   697849.686185 15.923116  0.000535 64.919499     67.63    169.55    -17.21
   697942.809189 15.923529  0.000601 59.811230     46.19    -65.90      3.35
   698035.932194 15.925431  0.000679 62.910728     28.78    -18.10     -5.50
   698129.055198 15.922488  0.000380 64.612743      2.72    -88.02      8.82
   698222.178203 15.924959  0.000640 59.729547    -18.20    121.11     -1.84
   698315.301207 15.925426  0.000584 63.283485    -35.88   -167.95     19.76
   698408.424212 15.925437  0.000628 64.293104    -62.19   -146.22     -3.30
   698501.547216 15.924838  0.000501 59.770603    -82.61    116.49    -14.27
   698594.670220 15.924183  0.000369 63.485504   -100.55   -137.09     25.67
   698687.793225 15.925762  0.000580 64.086780   -127.05    -62.71      4.33
   698780.916229 15.924179  0.000281 59.828565   -147.04   -118.29      4.98
   698874.039234 15.924813  0.000327 63.577172   -165.23     68.81     18.39
   698967.162238 15.926204  0.000520 63.975956    168.12   -167.85      2.59
   699060.285243 15.929147  0.000680 59.900851    148.47   -177.57     10.77
   699153.408247 15.926910  0.000488 63.539098    130.03     77.64     10.56
   699246.531251 15.926810  0.000442 64.000744    103.33   -104.08     -5.78
   699339.654256 15.926781  0.000363 59.895415     83.94    -30.06    -27.64
   699432.777260 15.928898  0.000610 63.496104     65.31   -111.97      3.98
   699525.900265 15.928398  0.000497 64.076279     38.64    124.03    -15.85
   699619.023269 15.930682  0.000652 59.842197     19.33   -157.55     12.00
   699712.146273 15.929324  0.000579 63.433038      0.57   -136.46     -4.49
   699805.269278 15.929947  0.000529 64.224563    -26.02    150.29    -20.93
   699898.392282 15.928447  0.000347 59.720125    -45.41    -74.52      4.78
   699991.515287 15.930404  0.000568 63.409760    -64.17    -16.10      5.80
   700084.638291 15.930645  0.000492 64.334367    -90.61    -22.60    -23.29
   700177.761296 15.930815  0.000520 59.633271   -110.24    179.54     -9.35
   700270.884300 15.931479  0.000565 63.364494   -128.84    -66.17     -9.60
   700364.007304 15.930214  0.000356 64.433574   -155.16    -29.78    -27.18
   700457.130309 15.932221  0.000587 59.584473   -175.20   -139.10     -6.25
   700550.253313 15.932574  0.000540 63.320577    166.49      5.64     17.51
   700643.376318 15.931026  0.000335 64.475018    140.30     87.52      9.10
   700736.499322 15.932841  0.000546 59.656964    119.74     70.17     -6.09
   700829.622327 15.931877  0.000346 63.155194    101.88    -48.45    -24.68
   700922.745331 15.934336  0.000618 64.547200     75.80     48.28      7.14
   701015.868335 15.933459  0.000499 59.827499     54.68     88.22     -9.55
   701108.991340 15.936754  0.000709 62.873106     37.26     -1.45     -2.64
   701202.114344 15.934412  0.000558 64.639327     11.33   -174.31     -5.85
   701295.237349 15.933269  0.000328 60.128595    -10.45    -89.30    -11.76
   701388.360353 15.935577  0.000534 62.435130    -27.43   -148.98     19.79
   701481.483358 15.935963  0.000626 64.785301    -53.12    108.40      1.93
   701574.606362 15.934028  0.000285 60.482403    -75.53   -132.04     17.20
   701667.729366 15.934887  0.000367 61.895558    -92.20   -101.79     14.03
   701760.852371 15.935966  0.000508 64.965307   -117.44   -154.15      1.23
   701853.975375 15.937336  0.000540 60.883987   -140.59     14.76     23.15
   701947.098380 15.936083  0.000410 61.288302   -157.12    117.27      3.37
   702040.221384 15.937719  0.000567 65.141956    178.29    121.80    -11.12
   702133.344388 15.940044  0.000688 61.312470    154.38      3.70     -6.08
   702226.467393 15.937762  0.000513 60.694486    137.75    132.56      3.99
   702319.590397 15.939942  0.000649 65.227061    114.13    173.65      7.68
   702412.713402 15.937295  0.000336 61.796334     89.41    139.07    -14.22
   702505.836406 15.939300  0.000573 60.206781     72.49    -44.86      5.12
   702598.959411 15.937844  0.000322 65.131424     50.04     35.52     24.11
   702692.082415 15.940562  0.000614 62.336560     24.54     51.97      8.00
   702785.205419 15.941200  0.000655 59.877613      7.01    -47.12     -0.59
   702878.328424 15.938280  0.000246 64.806027    -14.07    129.80    -23.72
   702971.451428 15.940195  0.000503 62.959931    -40.21    166.33     -2.80
   703064.574433 15.941262  0.000540 59.750276    -58.58    126.67    -13.83
   703157.697437 15.941275  0.000482 64.203956    -78.24    -16.75    -21.92
   703250.820442 15.942224  0.000621 63.657405   -104.72     77.19     -1.48
   703343.943446 15.939940  0.000253 59.823825   -124.24     91.02     -8.69
   703437.066450 15.943166  0.000599 63.366914   -142.60     -0.49    -13.61
   703530.189455 15.943124  0.000615 64.350869   -169.02    152.30      4.71
   703623.312459 15.943275  0.000518 60.133491    170.08   -163.01     24.12
   703716.435464 15.943684  0.000581 62.343191    152.72   -170.58     -8.95
   703809.558468 15.942677  0.000429 64.937373    126.95     41.23      6.46
   703902.681473 15.945933  0.000658 60.646734    104.50    179.05     -9.33
   703995.804477 15.944163  0.000536 61.321723     87.71   -168.39     -6.12
   704088.927481 15.944147  0.000471 65.241881     63.12    126.11    -17.83
   704182.050486 15.942942  0.000262 61.391588     39.11    -70.20     -1.35
   704275.173490 15.944759  0.000504 60.415540     22.23     -0.27      1.77
   704368.296495 15.947760  0.000695 65.196103     -0.63    -12.66     -8.09
   704461.419499 15.947202  0.000652 62.280466    -25.98   -143.46      1.22
   704554.542503 15.946715  0.000577 59.836059    -43.60    -18.73      7.48
   704647.665508 15.948346  0.000647 64.655383    -64.44      9.42     11.85
   704740.788512 15.946201  0.000480 63.301067    -90.63    -42.96      0.91
   704833.911517 15.948809  0.000664 59.676762   -109.67    148.39     -0.89
   704927.034521 15.947407  0.000484 63.683680   -128.52   -148.72     23.75
   705020.157526 15.948038  0.000596 64.220982   -154.86   -126.41     -4.10
   705113.280530 15.947816  0.000463 60.065406   -175.80    142.41    -24.42
   705206.403534 15.947675  0.000425 62.364889    166.88   -116.16     17.47
   705299.526539 15.949513  0.000636 64.895445    141.33    -48.37      1.11
   705392.649543 15.946939  0.000216 60.900224    118.34   -110.41     10.75
   705485.772548 15.948735  0.000447 61.023452    101.67     90.45     10.24
   705578.895552 15.949297  0.000493 65.072660     77.78   -160.84      9.06
   705672.018557 15.951583  0.000626 62.096033     52.95   -161.95     16.81
   705765.141561 15.950382  0.000550 59.939376     35.75    106.90      6.83
   705858.264565 15.949655  0.000388 64.669783     14.17    -65.35    -18.01
   705951.387570 15.951749  0.000577 63.371459    -11.79     -3.06    -15.00
   706044.510574 15.951999  0.000609 59.511425    -30.67    -62.37      2.99
   706137.633579 15.953773  0.000682 63.633708    -49.77    164.91     -6.26
   706230.756583 15.951034  0.000410 64.465534    -75.83    -85.91      7.93
   706323.879588 15.953279  0.000636 59.907460    -97.14    -56.01     -2.74
   706417.002592 15.953510  0.000561 62.217822   -114.41   -166.03     21.12
   706510.125596 15.953821  0.000645 64.994890   -139.36     37.90     -2.13
   706603.248601 15.953611  0.000542 61.130254   -163.24    131.26    -15.71
   706696.371605 15.951711  0.000261 60.767183   -179.94     68.44     18.26
   706789.494610 15.953847  0.000556 64.780105    157.27    -39.87      3.78
   706882.617614 15.953100  0.000358 62.781438    131.56    124.38    -20.96
   706975.740618 15.953552  0.000371 59.824596    113.74    150.21    -16.20
   707068.863623 15.955022  0.000574 63.765802     93.63     72.25     -5.08
   707161.986627 15.952866  0.000188 64.362793     67.35    -99.69      4.98
   707255.109632 15.955862  0.000549 59.774376     47.00      7.75    -10.75
   707348.232636 15.956876  0.000631 62.251903     29.12    -19.46      6.02
   707441.355641 15.955463  0.000407 65.259844      3.95   -144.51     26.34
   707534.478645 15.956941  0.000590 60.779339    -19.43     40.76     -5.33
   707627.601649 15.955491  0.000345 60.740941    -36.44     94.41    -11.78
   707720.724654 15.958760  0.000640 65.092052    -59.13     24.27      9.84
   707813.847658 15.957864  0.000595 62.496761    -84.83   -106.46     -4.63
   707906.970663 15.960365  0.000710 59.894965   -103.00     -7.62      3.41
   708000.093667 15.959394  0.000644 63.795226   -122.63     10.95     -7.76
   708093.216672 15.958693  0.000567 64.230183   -149.03    -74.44     -7.80
   708186.339676 15.956470  0.000192 60.172764   -169.88     73.71     12.12
   708279.462680 15.958561  0.000473 61.838395    172.75    154.90     -4.63
   708372.585685 15.960105  0.000580 65.153862    147.77    132.66    -10.15
   708465.708689 15.961641  0.000661 61.540685    123.86      1.56     -9.15
   708558.831694 15.960341  0.000576 60.108853    106.73    110.13      5.88
   708651.954698 15.962045  0.000657 64.773182     84.77    154.80    -10.42
   708745.077703 15.960418  0.000477 63.392571     58.90     59.44     15.80
   708838.200707 15.961253  0.000566 59.528478     39.60    -91.99     -7.37
   708931.323711 15.963787  0.000700 63.195560     20.99     -8.55     -6.83
   709024.446716 15.961324  0.000499 64.779086     -4.70    -17.12     -7.94
   709117.569720 15.961152  0.000414 60.531714    -27.40   -143.76      6.90
   709210.692725 15.964876  0.000695 61.158143    -44.26      4.19      0.37
   709303.815729 15.963420  0.000632 64.884416    -67.55     53.22     -0.81
   709396.938733 15.964549  0.000652 62.633085    -93.10     -6.76      9.55
   709490.061738 15.965556  0.000688 59.844877   -111.05   -159.34      4.08
   709583.184742 15.964097  0.000610 63.497546   -130.91    -54.48      3.77
   709676.307747 15.964972  0.000579 64.667843   -157.06    -22.34    -18.03
   709769.430751 15.965663  0.000650 60.119365   -178.37   -139.16      3.91
   709862.553756 15.963997  0.000472 61.375852    164.22     22.55      4.28
   709955.676760 15.962728  0.000209 65.349292    140.17    102.93     -8.18
   710048.799764 15.966169  0.000635 61.932610    115.38     60.54      2.81
   710141.922769 15.965708  0.000526 59.850344     97.52    -61.12    -13.02
   710235.045773 15.966294  0.000526 64.187567     77.24     27.98     21.87
   710328.168778 15.966863  0.000632 64.052804     51.01     81.54     -1.31
   710421.291782 15.968546  0.000669 60.128069     30.01     -3.57      9.27
   710514.414787 15.968533  0.000652 61.793604     12.73   -167.17     -5.97
   710607.537791 15.967668  0.000600 65.003488    -11.82    -80.28     -3.60
   710700.660795 15.965308  0.000205 62.101049    -36.42   -100.07      5.05
   710793.783800 15.967135  0.000439 59.850258    -53.91    155.99     -9.19
   710886.906804 15.968825  0.000608 63.979101    -74.67    -59.70     -7.45
   710980.029809 15.970388  0.000664 64.419409   -100.71     -3.84    -13.02
   711073.152813 15.969010  0.000575 59.839776   -121.67    -76.72      5.91
   711166.275818 15.970349  0.000617 61.714078   -139.25    144.54    -12.13
   711259.398822 15.969466  0.000506 65.249094   -163.35   -137.26     18.53
   711352.521826 15.970093  0.000587 61.910531    171.75   -102.89     -5.07
   711445.644831 15.972241  0.000667 59.972157    153.91    163.04     -7.19
   711538.767835 15.969737  0.000443 63.852166    133.86    -24.57    -13.86
   711631.890840 15.970101  0.000472 64.339840    107.62     30.68      3.80
   711725.013844 15.973873  0.000716 60.404339     86.18      1.81      0.50
   711818.136848 15.972391  0.000646 61.148213     68.96   -133.39     -0.31
   711911.259853 15.972984  0.000645 65.088757     45.12     -9.41      7.24
   712004.382857 15.973900  0.000666 62.712003     20.01     21.06      8.75
   712097.505862 15.972358  0.000540 59.514815      1.56    -48.93      5.32
   712190.628866 15.974252  0.000647 63.399305    -17.88    154.01     -9.59
   712283.751871 15.973497  0.000560 64.863705    -43.52   -136.59     14.52
   712376.874875 15.972888  0.000493 60.539323    -66.27   -124.73     -5.12
   712469.997879 15.972663  0.000377 60.828721    -83.43    146.26    -29.56
   712563.120884 15.973787  0.000522 64.702289   -105.82   -100.47      8.99
   712656.243888 15.975695  0.000658 63.364595   -131.84    -33.25     -1.55
   712749.366893 15.972328  0.000206 59.885294   -151.26    -90.34      5.31
   712842.489897 15.974730  0.000521 62.227413   -169.49    120.08      4.34
   712935.612902 15.973813  0.000335 65.193458    165.36   -127.14      8.68
   713028.735906 15.974710  0.000401 61.682954    141.46   -122.10     19.11
   713121.858910 15.975614  0.000514 59.788469    123.79    163.53      4.17
   713214.981915 15.978595  0.000698 64.206068    103.00    -13.23     -4.86
   713308.104919 15.977275  0.000602 64.313575     77.09     52.34      8.55
   713401.227924 15.976044  0.000435 60.107624     55.48     32.66      4.75
   713494.350928 15.974853  0.000189 61.360431     38.22    -92.50      1.86
   713587.473933 15.978331  0.000640 64.874576     14.89     48.09     -0.09
   713680.596937 15.976914  0.000410 62.954119    -10.73    103.79    -13.71
   713773.719941 15.980275  0.000668 59.809021    -29.55     17.88      7.36
   713866.842946 15.978768  0.000595 62.532706    -48.31   -133.93     -4.52
   713959.965950 15.980435  0.000653 65.205429    -73.68    -22.62    -12.21
   714053.088955 15.978468  0.000449 61.432045    -97.28    -16.83    -16.25
   714146.211959 15.978779  0.000474 59.870989   -114.98   -131.85     -3.64
   714239.334963 15.981170  0.000609 64.265443   -135.83      9.04     16.41
   714332.457968 15.980009  0.000529 64.279518   -161.73     84.41      7.30
   714425.580972 15.979302  0.000388 60.222883    176.55     54.43      1.15
   714518.703977 15.978422  0.000200 61.186175    159.32    -82.47     -2.67
   714611.826981 15.981635  0.000626 64.743866    136.26     43.82     -2.86
   714704.949986 15.979522  0.000273 63.341261    110.49     68.19      2.72
   714798.072990 15.983285  0.000636 59.792908     91.14      6.27    -11.76
   714891.195994 15.981622  0.000514 62.050653     72.75    175.98      2.82
   714984.318999 15.980158  0.000221 65.325868     47.99    -78.69    -11.39
   715077.442003 15.982676  0.000522 61.966985     23.63   -109.16     10.17
   715170.565008 15.983987  0.000633 59.639867      5.38    144.03      3.86
   715263.688012 15.981993  0.000338 63.594064    -14.32    -34.98    -28.58
   715356.811017 15.983426  0.000532 64.723157    -39.96     -2.25     -6.19
   715449.934021 15.984824  0.000600 60.980920    -63.07    -41.53    -12.50
   715543.057025 15.985137  0.000562 60.393486    -80.32    174.33    -19.83
   715636.180030 15.985200  0.000631 64.108421   -101.87    -91.31      0.23
   715729.303034 15.983774  0.000370 64.380935   -127.89    -47.81    -23.56
   715822.426039 15.986925  0.000670 60.203475   -149.06   -155.08     -0.94
   715915.549043 15.985003  0.000486 60.847848   -166.67     14.51      3.12
   716008.672048 15.983751  0.000231 65.060075    170.37    114.61    -17.44
   716101.795052 15.986488  0.000572 63.326371    144.79     71.54      8.35
   716194.918056 15.987941  0.000657 59.731149    124.69    -38.94     -1.79
   716288.041061 15.984401  0.000186 62.021218    106.80    100.22     -3.66
   716381.164065 15.986850  0.000537 64.937057     82.59    138.88      2.68
   716474.287070 15.985768  0.000299 62.722482     57.45    102.43    -13.58
   716567.410074 15.985984  0.000285 59.731345     38.79    -67.74     -2.17
   716660.533078 15.987767  0.000524 62.441771     19.83     37.45     -3.89
   716753.656083 15.988097  0.000453 65.293988     -5.21     19.78     24.07
   716846.779087 15.987625  0.000395 61.833982    -29.29    -40.07     -6.04
   716939.902092 15.990085  0.000635 59.639537    -47.59    123.67     -3.33
   717033.025096 15.992002  0.000708 63.485569    -67.28   -175.81      4.43
   717126.148101 15.989293  0.000515 64.797398    -92.77    167.08     -3.25
   717219.271105 15.989351  0.000419 61.332339   -116.29     20.81     18.15
   717312.394109 15.991950  0.000636 60.097429   -133.82   -179.22    -12.26
   717405.517114 15.990482  0.000546 63.618412   -154.52   -152.72     -4.15
   717498.640118 15.992415  0.000621 64.849154    179.63    156.71    -12.70
   717591.763123 15.991521  0.000535 60.835377    157.20     -3.48    -14.32
   717684.886127 15.991693  0.000558 60.086188    139.50     85.22     -7.33
   717778.009132 15.989597  0.000201 64.380502    118.15     58.52     19.50
   717871.132136 15.991917  0.000510 64.319554     92.37     -9.87     -6.60
   717964.255140 15.994126  0.000657 60.488624     70.24    148.67     -0.96
   718057.378145 15.994727  0.000642 60.667746     52.88   -163.37     10.92
   718150.501149 15.992887  0.000522 64.262758     30.92    175.90     -2.07
   718243.624154 15.992688  0.000403 64.303349      4.97     26.15     19.46
   718336.747158 15.995221  0.000628 60.356393    -16.33   -175.39    -11.12
   718429.870163 15.993621  0.000491 60.536493    -34.02   -158.58     -1.41
   718522.993167 15.994914  0.000527 64.775658    -56.40    155.06    -22.66
   718616.116171 15.994168  0.000470 63.952585    -82.08    -22.38     -8.78
   718709.239176 15.994111  0.000403 60.095004   -103.42     69.37     -5.78
   718802.362180 15.994884  0.000422 61.045180   -120.93     28.25     26.87
   718895.485185 15.995275  0.000500 64.531477   -143.49    -49.05      2.45
   718988.608189 15.996309  0.000526 63.970097   -169.37    131.61    -14.67
   719081.731193 15.998360  0.000658 60.225650    169.81   -174.37     -9.45
   719174.854198 15.996860  0.000567 60.725831    152.05    128.98      5.59
   719267.977202 15.999342  0.000695 64.847737    129.29     -6.14      5.69
   719361.100207 15.996167  0.000391 63.894744    103.72    135.06     -7.05
   719454.223211 15.998518  0.000613 59.994314     82.53    149.12      5.78
   719547.346216 15.995785  0.000221 61.072148     64.92     60.43     18.70
   719640.469220 15.998311  0.000536 64.555674     42.40    -97.38      7.17
   719733.592224 15.999328  0.000583 63.974362     16.52     -3.97     10.06
   719826.715229 16.001325  0.000685 60.335688     -4.49      4.61     -6.20
   719919.838233 16.000008  0.000631 60.584161    -22.20   -110.33     -0.11
   720012.961238 15.998545  0.000395 64.663412    -44.71     25.93     21.57
   720106.084242 15.998318  0.000321 64.181375    -70.29    107.21      1.91
   720199.207247 16.000152  0.000535 60.165243    -91.93     77.23     -7.47
   720292.330251 15.999040  0.000312 60.740910   -109.57    -46.76    -25.65
   720385.453255 16.001841  0.000620 64.327856   -131.43     45.73      5.34
   720478.576260 16.000641  0.000469 64.289855   -157.35     88.81     -7.68
   720571.699264 16.004124  0.000711 60.730973   -179.19      5.67      2.49
   720664.822269 16.002008  0.000558 60.161205    163.15   -159.14     -7.77
   720757.945273 16.001677  0.000462 64.138886    141.53    -59.17    -16.46
   720851.068278 16.000580  0.000274 64.719234    115.99    -86.44      6.57
   720944.191282 16.002459  0.000511 60.720056     93.31    171.65      4.37
   721037.314286 16.004917  0.000648 60.185359     75.47    -19.57    -11.79
   721130.437291 16.004937  0.000665 63.700796     54.86     25.08      0.32
   721223.560295 16.004144  0.000584 64.754061     29.17    -15.84      5.74
   721316.683300 16.005277  0.000594 61.571090      5.95   -166.05     19.28
   721409.806304 16.003714  0.000449 59.678708    -12.08    -20.54     -6.07
   721502.929308 16.005665  0.000622 63.124560    -32.25    -10.44      8.77
   721596.052313 16.002936  0.000249 65.222466    -57.27    -55.35    -15.73
   721689.175317 16.005692  0.000600 61.816053    -81.41    117.32      4.07
   721782.298322 16.005848  0.000509 59.768720   -100.15   -169.57     20.06
   721875.421326 16.007770  0.000674 62.518179   -119.11   -159.67      0.83
   721968.544331 16.006824  0.000609 64.959809   -143.79    103.11     -2.76
   722061.667335 16.004323  0.000202 62.945326   -168.58   -108.70      9.86
   722154.790339 16.005877  0.000410 59.620455    172.02    -36.71     -4.75
   722247.913344 16.007375  0.000546 61.578168    153.43    -72.23     -9.80
   722341.036348 16.007973  0.000534 65.149015    129.92    167.13    -23.66
   722434.159353 16.008424  0.000621 63.385810    104.52    -89.54      2.80
   722527.282357 16.008480  0.000526 60.092241     83.72    -40.91    -18.05
   722620.405362 16.009420  0.000574 60.935119     65.99   -147.49     14.48
   722713.528366 16.009036  0.000589 64.310225     43.52     64.80     -4.14
   722806.651370 16.011326  0.000688 64.514665     17.84    166.69     -7.37
   722899.774375 16.009074  0.000481 60.624683     -4.08    169.21    -13.17
   722992.897379 16.008869  0.000441 59.993683    -22.15     55.56     -3.58
   723086.020384 16.011379  0.000597 63.901459    -43.00   -166.69     18.92
   723179.143388 16.010529  0.000568 64.766109    -68.38    -86.11      5.24
   723272.266393 16.009204  0.000323 61.668288    -92.06   -114.32      1.62
   723365.389397 16.009098  0.000256 59.819466   -110.35    125.74    -14.29
   723458.512401 16.011861  0.000613 62.424895   -129.86   -117.39     -2.90
   723551.635406 16.010090  0.000317 65.246321   -154.53    -65.44    -19.11
   723644.758410 16.013696  0.000668 62.832510   -179.15   -150.46      3.04
   723737.881415 16.011677  0.000466 59.589157    160.94     53.37     -4.91
   723831.004419 16.013927  0.000601 61.566060    142.66    164.01    -19.55
   723924.127423 16.012323  0.000476 64.686144    119.60    153.50     -6.19
   724017.250428 16.012102  0.000386 63.989614     93.92     50.77      5.11
   724110.373432 16.014662  0.000573 60.546433     72.55   -155.26     16.97
   724203.496437 16.014117  0.000563 60.109182     54.63    -78.75      5.68
   724296.619441 16.012637  0.000316 63.916501     33.23    -96.17     -5.39
   724389.742446 16.013653  0.000414 64.963725      7.97    155.00    -19.90
   724482.865450 16.015473  0.000617 61.436673    -15.60    -82.43     -3.98
   724575.988454 16.015346  0.000501 59.844392    -34.17    -25.29    -25.55
   724669.111459 16.015960  0.000569 62.407839    -53.43   -122.73     10.20
   724762.234463 16.015746  0.000533 65.009889    -77.96    103.50     -9.06
   724855.357468 16.018107  0.000663 63.314422   -102.81   -167.44     10.68
   724948.480472 16.017061  0.000601 59.721751   -123.02   -144.00     -5.60
   725041.603477 16.017420  0.000568 60.929319   -141.32    130.33    -11.73
   725134.726481 16.015138  0.000270 64.601846   -163.60    -49.44    -18.14
   725227.849485 16.017001  0.000525 64.292897    170.78     13.53     -0.81
   725320.972490 16.020276  0.000705 61.136352    148.21     -8.93      1.53
   725414.095494 16.019209  0.000626 59.836621    130.17   -138.76      8.70
   725507.218499 16.017970  0.000508 62.869577    109.87      7.19      5.91
   725600.341503 16.017361  0.000349 65.310208     85.12     34.18     28.38
   725693.464508 16.019453  0.000591 62.563354     60.66     20.68     -6.32
   725786.587512 16.018199  0.000386 59.710630     40.73   -143.50      8.56
   725879.710516 16.020981  0.000600 61.392809     22.49     -6.23    -17.91
   725972.833521 16.019547  0.000524 64.434202     -0.37     -3.29     -2.33
   726065.956525 16.018720  0.000324 64.462946    -25.97    -58.11    -23.38
   726159.079530 16.019044  0.000332 60.875676    -48.06     90.23     10.89
   726252.202534 16.020552  0.000502 59.711985    -66.42    178.37      5.27
   726345.325538 16.023607  0.000700 63.218740    -86.65    172.90     -2.47
   726438.448543 16.022098  0.000588 65.041965   -111.32     56.48      7.40
   726531.571547 16.020987  0.000427 62.703096   -136.04   -144.65      5.79
   726624.694552 16.019650  0.000179 59.961264   -155.84    -80.35     -4.19
   726717.817556 16.023300  0.000634 60.881219   -174.17   -126.91     -1.73
   726810.940561 16.021697  0.000388 64.507655    163.14    112.75    -17.73
   726904.063565 16.024338  0.000624 64.631423    137.84   -149.83     12.72
   726997.186569 16.023704  0.000582 60.991727    115.01   -102.12     -5.60
   727090.309574 16.026053  0.000678 59.873894     96.53    174.64      5.21
   727183.432578 16.025429  0.000648 62.558111     76.97     16.25     -5.33
   727276.555583 16.024977  0.000618 64.951350     52.49    115.12     -4.46
   727369.678587 16.022933  0.000299 63.553052     27.60    143.55    -30.61
   727462.801592 16.025420  0.000576 59.928283      6.90     22.22     -8.05
   727555.924596 16.026525  0.000622 60.440219    -11.45    166.76      9.81
   727649.047600 16.024955  0.000419 64.027939    -32.83   -141.26     25.33
   727742.170605 16.025945  0.000563 64.753906    -58.14   -137.40     -3.59
   727835.293609 16.024550  0.000292 62.168244    -81.96    116.24    -20.70
   727928.416614 16.027677  0.000608 59.668109   -101.02   -140.96     10.64
   728021.539618 16.027357  0.000602 61.375681   -119.97    -88.00     -4.40
   728114.662623 16.028040  0.000560 64.915502   -143.13   -168.22     20.53
   728207.785627 16.028337  0.000625 64.190870   -168.40     55.83      5.92
   728300.908631 16.028977  0.000631 60.886051    169.11    164.51      8.01
   728394.031636 16.030770  0.000710 59.947131    150.84   -175.18     -3.63
   728487.154640 16.028929  0.000598 62.473511    130.89     91.03      4.04
   728580.277645 16.027598  0.000370 65.159492    106.45    -65.52    -17.61
   728673.400649 16.030697  0.000654 63.498481     81.68      8.20     -7.07
   728766.523653 16.029277  0.000525 59.993517     60.60    -19.66      5.54
   728859.646658 16.028604  0.000373 60.423047     42.34   -157.71     28.34
   728952.769662 16.031549  0.000663 63.535189     21.34     23.80     -2.95
   729045.892667 16.029844  0.000490 64.961683     -3.84     86.81     -7.51
   729139.015671 16.031738  0.000585 62.755695    -27.96     19.06     19.94
   729232.138676 16.031682  0.000611 59.608019    -47.86   -104.90      3.03
   729325.261680 16.031458  0.000513 60.898324    -66.49      4.81     14.81
   729418.384684 16.032328  0.000554 64.345735    -88.52     29.48     17.44
   729511.507689 16.031705  0.000541 64.630274   -113.86    -21.89      3.25
   729604.630693 16.034574  0.000687 61.990498   -137.37    172.89      4.41
   729697.753698 16.031454  0.000391 59.640498   -156.42   -103.77     15.23
   729790.876702 16.033254  0.000588 61.325661   -175.52    -84.13     -5.98
   729883.999707 16.035872  0.000720 64.819655    161.53    177.60     -2.69
   729977.122711 16.033195  0.000512 64.365893    136.29     -8.98     -5.70
   730070.245715 16.032538  0.000358 61.300431    113.36     52.83      4.82
   730163.368720 16.036045  0.000652 59.797852     94.71     17.48     10.67
   730256.491724 16.035089  0.000612 61.788264     75.31    -99.11      2.38
   730349.614729 16.033817  0.000393 64.936410     51.65     26.79     19.56
   730442.737733 16.033636  0.000344 64.252865     26.59     80.80     12.40
   730535.860738 16.034849  0.000484 60.779347      4.19     45.19     -3.17
   730628.983742 16.033550  0.000228 59.899582    -14.42   -137.67     27.57
   730722.106746 16.036651  0.000592 62.235467    -34.05     11.18     -9.15
   730815.229751 16.036067  0.000499 64.885831    -58.09     13.62      9.26
   730908.352755 16.035747  0.000385 64.169031    -83.08    -26.06    -26.74
   731001.475760 16.036528  0.000498 60.573243   -105.00    127.94      4.50
   731094.598764 16.036439  0.000402 59.813948   -123.70   -158.88     17.22
   731187.721769 16.039598  0.000669 62.600236   -143.50   -159.78      7.82
   731280.844773 16.038536  0.000633 64.802995   -167.61    105.75      0.59
   731373.967777 16.035910  0.000204 64.076269    167.31    -81.98     -9.12
   731467.090782 16.037908  0.000444 60.628600    145.63    -17.41    -11.30
   731560.213786 16.039720  0.000618 59.674753    126.89    -60.37     -4.48
   731653.336791 16.041333  0.000664 62.675083    106.95    172.53     -9.29
   731746.459795 16.038942  0.000485 64.863775     83.02    -64.69      3.49
   731839.582799 16.041421  0.000662 63.946593     57.82    -21.67      1.67
   731932.705804 16.037842  0.000206 60.879673     36.08    -82.26      2.77
   732025.828808 16.040715  0.000581 59.562169     17.38    116.36      5.90
   732118.951813 16.039562  0.000360 62.456437     -2.63   -155.80     24.95
   732212.074817 16.041377  0.000540 64.958933    -26.29   -131.13     13.68
   732305.197822 16.041826  0.000597 63.966150    -51.53    156.59      5.63
   732398.320826 16.043808  0.000658 61.130483    -73.66     -8.67     -9.34
   732491.443830 16.042858  0.000605 59.589808    -92.33     56.33      5.54
   732584.566835 16.041263  0.000411 61.952649   -112.15     44.00      3.49
   732677.689839 16.041093  0.000328 64.987549   -135.52    -30.44    -30.02
   732770.812844 16.043435  0.000616 64.182025   -160.69     94.16      3.32
   732863.935848 16.045425  0.000690 61.411726    176.53    161.70     -4.42
   732957.058853 16.041778  0.000285 59.684869    157.65    123.74     -7.60
   733050.181857 16.043905  0.000550 61.384802    138.25    -25.32      5.54
   733143.304861 16.043045  0.000358 64.701814    115.29    136.80    -25.34
   733236.427866 16.043968  0.000463 64.638472     90.27    157.74     -9.75
   733329.550870 16.044614  0.000508 61.764416     66.83     98.42    -10.50
   733422.673875 16.042883  0.000214 59.843185     47.39    -45.68    -27.40
   733515.796879 16.046102  0.000609 60.831522     28.53     35.22     -5.82
   733608.919884 16.044961  0.000429 64.102797      6.16     23.38     16.59
   733702.042888 16.045334  0.000422 65.085312    -18.67    -21.73    -22.46
   733795.165892 16.046741  0.000595 62.393337    -42.73    131.42      4.35
   733888.288897 16.046839  0.000493 60.031814    -63.08   -166.62     22.43
   733981.411901 16.048699  0.000662 60.369414    -81.53   -159.56     -3.04
   734074.534906 16.047618  0.000574 63.209413   -102.94     92.35     -5.48
   734167.657910 16.046178  0.000326 65.295841   -127.46   -148.20     30.96
   734260.780914 16.047346  0.000484 63.292772   -152.00    -61.48      4.14
   734353.903919 16.047084  0.000379 60.427555   -173.53    -82.15    -13.43
   734447.026923 16.047283  0.000343 59.981301    167.95    153.61    -27.38
   734540.149928 16.049557  0.000625 62.217359    147.72   -105.12     -0.46
   734633.272932 16.048580  0.000430 64.999987    123.88    -48.28    -21.20
   734726.395937 16.050431  0.000590 64.326073     99.02   -140.51     11.26
   734819.518941 16.049934  0.000555 61.164935     76.28     81.06     -6.90
   734912.641945 16.052917  0.000717 59.790033     57.05    175.93      1.70
   735005.764950 16.051238  0.000602 61.213532     37.95   -166.17     -8.97
   735098.887954 16.050866  0.000542 64.169500     15.22    110.74     -9.92
   735192.010959 16.048840  0.000211 65.105469     -9.63    -65.53    -12.49
   735285.133963 16.051132  0.000523 62.360388    -33.50     11.11     -4.18
   735378.256968 16.053629  0.000657 59.986056    -54.01    -12.65      5.69
   735471.379972 16.052038  0.000493 60.336582    -72.54   -140.09     20.64
   735564.502976 16.052141  0.000534 62.908069    -93.65     39.47     -3.75
   735657.625981 16.050722  0.000262 65.224968   -117.98    120.66    -22.52
   735750.748985 16.053609  0.000590 63.796143   -142.62     54.21     10.26
   735843.871990 16.054020  0.000604 60.789124   -164.81    -59.03     -7.14
   735936.994994 16.052354  0.000346 59.825248    176.26     32.16     31.12
   736030.117999 16.054023  0.000547 61.472112    156.73     91.05      6.83
   736123.241003 16.053443  0.000428 64.446174    133.70     27.08     13.86
   736216.364007 16.053735  0.000404 64.973407    108.89   -133.05     22.06
   736309.487012 16.054420  0.000506 62.207507     85.15      0.96      0.28
   736402.610016 16.056760  0.000620 60.013806     64.76     -0.03     14.49
   736495.733021 16.053812  0.000300 60.259868     46.13    -75.49      5.09
   736588.856025 16.056633  0.000634 62.870117     24.95    115.02     -2.29
   736681.979029 16.057995  0.000645 65.231771      0.82   -171.57     14.07
   736775.102034 16.056925  0.000591 63.884369    -23.90   -157.48     -5.31
   736868.225038 16.056172  0.000452 61.111193    -46.34    109.70    -14.76
   736961.348043 16.055628  0.000331 59.762258    -65.46   -134.80     27.64
   737054.471047 16.057068  0.000512 61.039292    -84.83    -48.92      4.87
   737147.594052 16.057033  0.000436 64.162354   -107.34    -52.11    -20.79
   737240.717056 16.058814  0.000581 65.079154   -131.97    178.85    -15.06
   737333.840060 16.059123  0.000637 62.854325   -156.25    -54.96      0.72
   737426.963065 16.061203  0.000695 60.449426   -177.29     -6.91     -4.56
   737520.086069 16.057972  0.000415 59.753138    163.94    -74.38      7.68
   737613.209074 16.060431  0.000638 62.099993    143.55    144.05      1.11
   737706.332078 16.057404  0.000224 64.893293    120.26   -112.22     15.86
   737799.455083 16.059912  0.000560 64.495609     95.36    -76.26      4.79
   737892.578087 16.059627  0.000443 62.195699     71.89   -162.94     20.10
   737985.701091 16.061726  0.000602 59.906146     51.87     31.91     14.14
   738078.824096 16.061119  0.000580 60.069619     32.82    133.41      5.99
   738171.947100 16.062283  0.000590 63.118540     11.73    156.41    -17.04
   738265.070105 16.062549  0.000638 64.951785    -12.16     40.25      5.86
   738358.193109 16.061002  0.000454 64.126175    -37.11   -145.08      4.68
   738451.316114 16.060386  0.000293 61.664614    -59.65    -37.00    -28.34
   738544.439118 16.062528  0.000555 59.501205    -79.28    -96.46      8.09
   738637.562122 16.064363  0.000663 60.668518    -98.61    152.39      1.25
   738730.685127 16.061418  0.000322 63.635844   -120.13    -30.80    -27.47
   738823.808131 16.062915  0.000528 64.873946   -144.56     -2.21      0.26
   738916.931136 16.064764  0.000593 64.008677   -169.22    -24.18    -16.44
   739010.054140 16.065014  0.000617 61.064503    168.78   -168.54     -9.18
   739103.177144 16.065157  0.000630 59.456516    149.18    -52.48      0.93
   739196.300149 16.066670  0.000667 61.167414    129.85    -11.13    -10.22
   739289.423153 16.064445  0.000485 63.670827    107.91    -92.46      8.55
   739382.546158 16.065942  0.000609 65.026218     83.24    130.51     -8.55
   739475.669162 16.065748  0.000516 63.811557     58.94   -153.07     24.31
   739568.792167 16.066475  0.000622 60.701163     36.96   -113.18     -2.99
   739661.915171 16.068386  0.000686 59.696073     17.48    160.77     -1.87
   739755.038175 16.066870  0.000540 61.169791     -1.84     -4.71    -17.33
   739848.161180 16.066787  0.000565 63.655605    -24.13     70.84     -5.01
   739941.284184 16.065615  0.000326 65.253846    -48.64     33.98     26.41
   740034.407189 16.066477  0.000428 63.561201    -72.91    -34.43     -6.26
   740127.530193 16.068593  0.000616 60.833976    -95.03    127.79     -5.73
   740220.653198 16.070788  0.000711 59.781147   -114.33   -174.92      0.97
   740313.776202 16.067676  0.000471 60.849712   -133.81    157.55     -2.08
   740406.899206 16.068194  0.000458 63.760522   -156.02     14.46     18.76
   740500.022211 16.070658  0.000663 65.173731    179.74   -174.65     -8.38
   740593.145215 16.069047  0.000539 63.632613    155.17   -128.58     -4.46
   740686.268220 16.071875  0.000680 61.291092    132.97    175.25      4.22
   740779.391224 16.071464  0.000660 59.586682    113.51     31.84      1.95
   740872.514229 16.070877  0.000610 60.589541     93.96    148.40      5.74
   740965.637233 16.073209  0.000722 63.586835     72.32    179.80      1.33
   741058.760237 16.070313  0.000506 64.889725     48.21    110.68      4.90
   741151.883242 16.072386  0.000635 64.189061     23.45    -33.78     -9.67
   741245.006246 16.071468  0.000497 61.695918      0.96     38.12     21.29
   741338.129251 16.072181  0.000598 59.511371    -19.11     70.14     -4.36
   741431.252255 16.074149  0.000669 60.418202    -38.41    -19.21     -4.29
   741524.375259 16.072404  0.000511 62.868425    -59.35    170.48    -17.06
   741617.498264 16.072370  0.000530 64.693206    -83.23   -115.65     -4.98
   741710.621268 16.072368  0.000424 64.798452   -107.91   -158.87     29.57
   741803.744273 16.072404  0.000444 62.154967   -131.12    122.12      3.64
   741896.867277 16.073535  0.000512 59.972978   -151.94    -61.71    -13.80
   741989.990282 16.075777  0.000639 60.028440   -170.97     -1.74    -12.57
   742083.113286 16.073971  0.000523 61.820721    168.61    -50.85      4.92
   742176.236290 16.075675  0.000604 64.489225    145.48    178.96     11.84
   742269.359295 16.075048  0.000528 65.042211    121.02     -9.87    -16.96
   742362.482299 16.074621  0.000496 63.022447     96.92     20.70      0.79
   742455.605304 16.077344  0.000643 60.828587     75.35    -14.33    -13.39
   742548.728308 16.076612  0.000602 59.532905     56.01   -164.81     -9.42
   742641.851313 16.077224  0.000640 60.905389     36.12    -49.49     -4.44
   742734.974317 16.077693  0.000605 63.755431     14.24     -8.91    -18.12
   742828.097321 16.077102  0.000594 64.871485     -9.93    -95.92      3.63
   742921.220326 16.076600  0.000463 64.241667    -34.55    126.88    -18.03
   743014.343330 16.079112  0.000657 61.820795    -57.11   -156.30      8.73
   743107.466335 16.077468  0.000528 59.595535    -77.47   -133.94     -5.96
   743200.589339 16.078722  0.000552 60.201779    -96.82    151.75    -19.74
   743293.712344 16.076970  0.000371 62.296935   -117.42    -39.50    -10.45
   743386.835348 16.077807  0.000461 64.419872   -140.83     34.41      3.00
   743479.958352 16.080327  0.000610 65.120781   -165.35     13.61     16.88
   743573.081357 16.079055  0.000540 62.982328    170.83    -77.67      6.28
   743666.204361 16.078520  0.000397 60.677537    149.10    105.15    -14.35
   743759.327366 16.080700  0.000556 59.729705    129.70    173.92    -18.68
   743852.450370 16.080180  0.000557 60.648732    109.96    120.16      5.96
   743945.573374 16.082196  0.000652 63.426889     88.07     -4.95      9.96
   744038.696379 16.080518  0.000497 65.000723     64.27    167.35    -16.88
   744131.819383 16.080497  0.000489 64.330144     39.57   -161.49      4.95
   744224.942388 16.083347  0.000652 62.428973     16.48    171.58    -11.76
   744318.065392 16.082393  0.000603 59.942154     -4.21     26.10     -6.69
   744411.188397 16.083412  0.000653 59.696574    -23.77    144.77     -0.64
   744504.311401 16.084616  0.000688 61.718392    -43.86   -179.43     -6.31
   744597.434405 16.082615  0.000558 63.777531    -66.36    107.93      4.93
   744690.557410 16.084266  0.000634 65.145857    -90.78    -28.51    -12.06
   744783.680414 16.082871  0.000472 64.067595   -114.94     50.74     19.67
   744876.803419 16.083882  0.000587 61.468991   -137.68     93.08     -6.23
   744969.926423 16.086364  0.000688 59.970418   -158.00     -0.46      6.48
   745063.049428 16.085034  0.000607 59.902452   -177.28   -162.11     -8.26
   745156.172432 16.084780  0.000567 61.906109    161.90    -70.19     -8.40
   745249.295436 16.082502  0.000213 64.466189    139.10    -63.70    -16.13
   745342.418441 16.085059  0.000554 64.872557    114.73   -168.16     -5.44
   745435.541445 16.086998  0.000650 63.793767     90.45     -9.42      8.34
   745528.664450 16.084863  0.000407 61.439533     68.32     52.09     22.08
   745621.787454 16.085946  0.000544 59.517866     48.02     60.85     -6.54
   745714.910459 16.085836  0.000436 60.232952     28.49    -33.59    -27.16
   745808.033463 16.085835  0.000430 62.154514      7.82     77.08     13.60
   745901.156467 16.087681  0.000624 64.225849    -15.36    147.88      3.59
   745994.279472 16.085936  0.000352 65.220635    -39.67    147.92    -29.42
   746087.402476 16.087257  0.000515 63.558702    -63.70     -2.47     -6.33
   746180.525481 16.088887  0.000606 61.371843    -86.15    139.21    -10.22
   746273.648485 16.089991  0.000641 59.851994   -106.21   -177.57    -13.11
   746366.771489 16.088924  0.000598 59.829175   -125.83    110.94      4.83
   746459.894494 16.090704  0.000657 62.145037   -146.68    -21.64     -8.79
   746553.017498 16.088008  0.000386 64.248469   -169.38     77.85     12.57
   746646.140503 16.090121  0.000619 64.898063    166.17    121.64     -1.67
   746739.263507 16.088903  0.000403 64.123138    142.06     25.43     29.10
   746832.386512 16.090624  0.000594 61.542302    119.60   -112.76      6.23
   746925.509516 16.091253  0.000596 59.815297     98.90    -13.12     10.52
   747018.632520 16.093355  0.000707 59.991968     79.50      6.96     -1.81
   747111.755525 16.091400  0.000601 61.394981     59.00    -84.23      4.77
   747204.878529 16.090305  0.000397 63.933091     36.42    124.87    -20.39
   747298.001534 16.093380  0.000668 65.087392     12.50   -163.67     -1.51
   747391.124538 16.091474  0.000511 64.191660    -11.94   -171.39      4.19
   747484.247543 16.089966  0.000219 62.460538    -34.96    113.35    -18.29
   747577.370547 16.092558  0.000529 60.142543    -55.88   -110.43     11.49
   747670.493551 16.094030  0.000643 59.523387    -75.77    -31.23      4.21
   747763.616556 16.092514  0.000426 61.076120    -95.71    -19.22    -30.43
   747856.739560 16.093522  0.000565 62.956421   -117.48   -157.64     -6.37
   747949.862565 16.095597  0.000673 64.863626   -141.25    -13.85      4.17
   748042.985569 16.094774  0.000566 64.909338   -165.47     35.33     14.90
   748136.108574 16.093876  0.000501 63.010870    170.77     15.50      1.43
   748229.231578 16.092733  0.000253 61.129292    148.88   -133.10     20.79
   748322.354582 16.096550  0.000659 59.608174    128.90     25.11     -2.79
   748415.477587 16.094593  0.000466 59.973624    108.99     71.82     -7.82
   748508.600591 16.098093  0.000692 62.229096     88.15      4.81      7.44
   748601.723596 16.096762  0.000642 63.980035     65.40   -131.33      0.07
   748694.846600 16.097752  0.000661 65.074286     41.10    -11.80      5.55
   748787.969604 16.098511  0.000679 64.341654     17.08     18.29      5.43
   748881.092609 16.096904  0.000560 61.999687     -5.92    -44.56      4.48
   748974.215613 16.099329  0.000682 60.351328    -27.04    164.67     -4.19
   749067.338618 16.096510  0.000405 59.615586    -46.67   -112.92     18.15
   749160.461622 16.098350  0.000610 60.557776    -66.90    -77.54     -4.57
   749253.584627 16.100106  0.000658 63.038901    -88.50   -174.90     12.72
   749346.707631 16.099245  0.000638 64.501113   -111.78     29.18     -3.55
   749439.830635 16.099309  0.000584 64.956382   -136.23    133.57    -11.72
   749532.953640 16.097475  0.000328 63.844442   -159.96    147.78    -25.04
   749626.076644 16.099221  0.000537 61.385643    177.59     33.90     -4.35
   749719.199649 16.100360  0.000549 59.996111    156.84   -175.90     17.07
   749812.322653 16.098156  0.000299 59.772475    137.25    -94.56     11.90
   749905.445658 16.100620  0.000594 60.941953    116.74    -93.79     -4.38
   749998.568662 16.102573  0.000670 63.425454     94.73    166.43    -12.40
   750091.691666 16.099835  0.000422 64.711484     71.25    -42.17     -4.09
   750184.814671 16.100937  0.000512 64.826331     46.81     10.16     11.74
   750277.937675 16.103650  0.000684 63.625842     23.24      1.99     -7.22
   750371.060680 16.102362  0.000603 61.179793      1.02   -123.50     -3.07
   750464.183684 16.102767  0.000550 59.882043    -19.68      1.72     15.62
   750557.306689 16.101959  0.000449 59.846146    -39.31     44.65     21.32
   750650.429693 16.102173  0.000500 60.996222    -59.89     25.99     -3.04
   750743.552697 16.100838  0.000236 63.425217    -81.99   -134.64     22.61
   750836.675702 16.104665  0.000664 64.736480   -105.41     22.89     -2.57
   750929.798706 16.102638  0.000428 64.808479   -129.81     64.23     -2.93
   751022.921711 16.106420  0.000696 63.754277   -153.44      5.45      1.81
   751116.044715 16.104830  0.000609 61.361055   -175.74   -136.73     -4.29
   751209.167719 16.106303  0.000667 59.946151    163.37    -23.66      0.05
   751302.290724 16.106974  0.000675 59.786977    143.65      5.60     -7.18
   751395.413728 16.105669  0.000606 60.700620    123.22    -75.13      3.69
   751488.536733 16.105856  0.000534 63.030836    101.36    148.61    -21.59
   751581.659737 16.106657  0.000608 64.568277     78.21   -138.63     11.30
   751674.782742 16.105473  0.000483 64.878994     53.91   -106.89     -5.79
   751767.905746 16.108645  0.000676 64.200012     30.07    175.61     -8.12
   751861.028750 16.106379  0.000512 61.947098      7.39      0.47     -7.02
   751954.151755 16.105932  0.000395 60.279415    -13.96     99.53    -14.03
   752047.274759 16.105343  0.000266 59.716854    -33.88     58.85     23.15
   752140.397764 16.107065  0.000484 60.140166    -54.04    -13.78     -0.10
   752233.520768 16.110112  0.000687 62.226874    -75.40    161.26     -2.67
   752326.643773 16.108659  0.000551 64.060151    -97.98   -137.08     15.33
   752419.766777 16.107943  0.000497 64.840794   -122.01   -130.57     -2.17
   752512.889781 16.107941  0.000398 64.807798   -146.07    152.91    -30.34
   752606.012786 16.108725  0.000498 62.931503   -169.34    -83.90      7.77
   752699.135790 16.110456  0.000617 61.059561    168.55    -16.07      7.84
   752792.258795 16.110003  0.000508 59.928175    148.12    -12.84    -23.14
   752885.381799 16.110204  0.000555 59.556290    128.10   -149.83     -7.03
   752978.504804 16.112340  0.000672 61.070598    107.40    -14.80      5.13
   753071.627808 16.111833  0.000606 63.018925     85.70     31.08     13.53
   753164.750812 16.110536  0.000517 64.338873     62.32      5.70      2.79
   753257.873817 16.109828  0.000326 65.210329     38.29   -150.07     29.67
   753350.996821 16.112526  0.000629 64.129964     14.50     22.10     -4.96
   753444.119826 16.110914  0.000413 62.398905     -8.62     65.94     -3.94
   753537.242830 16.114722  0.000689 60.822114    -30.05      7.51      3.85
   753630.365834 16.113348  0.000625 59.458422    -50.42   -130.14     -2.90
   753723.488839 16.114603  0.000667 59.929947    -70.69    -15.99      5.98
   753816.611843 16.115424  0.000697 61.461191    -91.33     15.90      3.71
   753909.734848 16.113626  0.000581 63.023312   -113.56    -45.97      4.72
   754002.857852 16.116107  0.000699 64.814675   -136.99    169.87     -3.80
   754095.980857 16.113040  0.000414 64.965689   -160.87    -88.57      8.86
   754189.103861 16.115161  0.000626 63.993113    175.16    -53.46     -3.72
   754282.226865 16.114429  0.000453 62.574562    152.38   -155.67     26.19
   754375.349870 16.115862  0.000629 60.472135    130.90     61.57      2.70
   754468.472874 16.116972  0.000665 59.625087    110.26    160.00      4.92
   754561.595879 16.117606  0.000665 60.003243     90.28   -177.47    -11.35
   754654.718883 16.116550  0.000625 61.014263     69.41     86.14      0.08
   754747.841888 16.114244  0.000259 63.158819     47.30    -72.76    -17.37
   754840.964892 16.117734  0.000633 64.538415     24.23      9.15     -8.21
   754934.087896 16.116719  0.000539 64.878968      0.15     -4.22      5.46
   755027.210901 16.114694  0.000182 64.549718    -23.67    -95.14      3.07
   755120.333905 16.117748  0.000574 62.671157    -46.67     73.91      7.12
   755213.456910 16.119213  0.000652 60.990256    -68.73    156.68      4.61
   755306.579914 16.118270  0.000501 59.943119    -89.30    170.92    -24.51
   755399.702919 16.118519  0.000568 59.460510   -109.56     45.31     -6.27
   755492.825923 16.119382  0.000566 60.748695   -130.24   -176.95     16.60
   755585.948927 16.117643  0.000356 62.412342   -151.63   -109.88     17.48
   755679.071932 16.119225  0.000558 63.830238   -174.55   -109.46     -5.18
   755772.194936 16.119682  0.000493 65.128806    161.77    154.63    -23.77
   755865.317941 16.119075  0.000451 64.724430    137.93    -83.66      7.12
   755958.440945 16.121280  0.000634 63.581500    114.25    -21.32      5.68
   756051.563949 16.119494  0.000385 62.109284     91.86    -18.79    -30.75
   756144.686954 16.120372  0.000502 60.179489     70.49   -172.17     -4.41
   756237.809958 16.122775  0.000647 59.654141     49.88    -27.36     -9.31
   756330.932963 16.123434  0.000676 59.988133     29.77     13.42     -4.03
   756424.055967 16.121879  0.000559 61.001427      8.74    -40.24      4.91
   756517.178972 16.123937  0.000662 63.050232    -13.29    178.72      9.60
   756610.301976 16.121423  0.000417 64.335814    -36.22    -27.98    -12.22
   756703.424980 16.122829  0.000571 64.901803    -60.17     -7.26      8.07
   756796.547985 16.122091  0.000412 64.831842    -83.95    -20.21    -31.47
   756889.670989 16.122649  0.000493 63.189739   -107.25    165.52     -2.31
   756982.793994 16.122877  0.000433 61.740926   -129.73    -55.50    -19.13
   757075.916998 16.122649  0.000359 60.331644   -150.80    -25.36    -21.90
   757169.040003 16.124502  0.000588 59.378225   -171.39   -107.16     -4.87
   757262.163007 16.122446  0.000252 60.065279    168.16    107.33    -16.74
   757355.286011 16.126491  0.000662 61.206264    147.35   -157.46     -1.97
   757448.409016 16.124296  0.000469 62.687390    125.19   -138.69     -0.76
   757541.532020 16.126724  0.000611 64.478119    102.22    167.65    -19.28
   757634.655025 16.125286  0.000508 64.851524     78.59     -9.26     -6.36
   757727.778029 16.124857  0.000392 64.755773     54.59    101.78    -12.56
   757820.901034 16.124199  0.000239 63.759296     31.34     96.73      3.25
   757914.024038 16.126240  0.000514 61.850135      8.74     22.18     -3.57
   758007.147042 16.127651  0.000557 60.656270    -12.86   -174.65     18.55
   758100.270047 16.125398  0.000285 59.682389    -33.38    -63.29     -1.54
   758193.393051 16.128362  0.000631 59.534323    -53.96    -64.27     -0.61
   758286.516056 16.129478  0.000622 60.847466    -74.72   -173.86     16.41
   758379.639060 16.128996  0.000624 62.076153    -96.23     24.10     -5.78
   758472.762064 16.128455  0.000527 63.659186   -119.03    116.40    -12.35
   758565.885069 16.126432  0.000205 64.932060   -142.30     99.09     -2.05
   758659.008073 16.128678  0.000522 64.804560   -166.10      0.63     -1.73
   758752.131078 16.131343  0.000672 64.425714    170.15    167.14      1.68
   758845.254082 16.129655  0.000501 63.055095    147.27   -132.16     17.01
   758938.377087 16.129546  0.000505 61.264011    124.97   -125.89     -4.93
   759031.500091 16.129268  0.000393 60.332702    103.74    152.45    -32.61
   759124.623095 16.129932  0.000461 59.478815     83.24    -95.15     12.43
   759217.746100 16.131952  0.000625 59.784597     62.50    -22.62      6.38
   759310.869104 16.131136  0.000477 61.126880     41.63    -16.34    -26.17
   759403.992109 16.131664  0.000563 62.285036     19.83   -154.10     -5.52
   759497.115113 16.133320  0.000645 63.917347     -3.05    -12.75      5.55
   759590.238118 16.132500  0.000534 64.928027    -26.31     34.34     18.22
   759683.361122 16.131950  0.000521 64.781280    -50.14     22.92     -1.18
   759776.484126 16.130222  0.000182 64.499544    -73.77   -112.19     10.65
   759869.607131 16.134306  0.000657 62.988574    -96.68     38.88      3.12
   759962.730135 16.133180  0.000516 61.468900   -119.08    105.56    -11.50
   760055.853140 16.133439  0.000454 60.451317   -140.34     25.80     26.26
   760148.976144 16.134009  0.000555 59.441713   -161.05    -89.47      7.30
   760242.099149 16.132754  0.000340 59.733579    178.21     42.51      9.68
   760335.222153 16.132290  0.000215 60.754914    157.46     79.95     13.81
   760428.345157 16.134945  0.000575 61.788448    135.78     50.17     -5.16
   760521.468162 16.132910  0.000228 63.560459    113.24    -84.40    -10.25
   760614.591166 16.136999  0.000661 64.535963     90.21     30.04      3.41
   760707.714171 16.135264  0.000500 64.872200     66.44     77.43     -5.91
   760800.837175 16.138243  0.000679 64.919081     42.85      7.50      9.23
   760893.960179 16.137178  0.000623 63.624437     19.59   -130.21      0.09
   760987.083184 16.137955  0.000628 62.405628     -3.24    -14.98      6.44
   761080.206188 16.139280  0.000681 61.147501    -24.95     14.76      4.39
   761173.329193 16.137095  0.000535 59.764920    -46.17    -51.18      6.34
   761266.452197 16.139939  0.000690 59.654609    -67.01    162.02     -2.93
   761359.575202 16.136518  0.000359 59.911743    -87.54   -107.32     17.47
   761452.698206 16.138997  0.000626 60.688012   -108.82    -67.21     -1.60
   761545.821210 16.138586  0.000499 62.385909   -130.58   -164.25     24.72
   761638.944215 16.139568  0.000605 63.463569   -153.02     53.11      5.38
   761732.067219 16.140063  0.000619 64.508559   -176.37    161.36      5.18
   761825.190224 16.141876  0.000696 65.181576    160.20   -175.60     -2.41
   761918.313228 16.139908  0.000588 64.559864    136.58    101.95      4.44
   762011.436233 16.139940  0.000492 63.984993    113.16    -39.95    -20.75
   762104.559237 16.141900  0.000648 62.660421     90.58     31.05      7.71
   762197.682241 16.140050  0.000483 61.105122     68.38     51.19     -3.95
   762290.805246 16.141898  0.000572 60.347621     47.04    -17.25    -20.07
   762383.928250 16.140313  0.000413 59.512950     26.28    152.78     -7.14
   762477.051255 16.140418  0.000401 59.583968      5.34   -118.69     -3.34
   762570.174259 16.140920  0.000396 60.572037    -15.54   -152.96     30.83
   762663.297264 16.141428  0.000467 61.392246    -37.03    147.69     -0.63
   762756.420268 16.144163  0.000670 62.904810    -59.39    -28.07     -5.79
   762849.543272 16.143203  0.000546 64.156022    -82.06     32.99     19.95
   762942.666277 16.142861  0.000548 64.615363   -105.49     54.26     -4.39
   763035.789281 16.143911  0.000537 65.165487   -129.06    -24.18    -20.70
   763128.912286 16.142543  0.000403 64.520532   -152.42    132.97     -4.84
   763222.035290 16.143282  0.000459 63.541166   -175.73   -155.65      6.27
   763315.158294 16.146396  0.000661 62.593685    161.76   -170.04     10.02
   763408.281299 16.144671  0.000559 60.984291    139.81     90.39      7.14
   763501.404303 16.143323  0.000336 60.159592    118.26    -81.77    -14.45
   763594.527308 16.145889  0.000548 59.707318     97.46     -3.18    -19.97
   763687.650312 16.145589  0.000560 59.444808     76.51    -46.92      6.28
   763780.773317 16.146077  0.000507 60.392701     55.40   -171.54     22.10
   763873.896321 16.147490  0.000644 61.304678     34.10     16.19     -6.20
   763967.019325 16.146365  0.000549 62.384905     11.89     86.66     -6.79
   764060.142330 16.145438  0.000353 63.901304    -10.72     28.21     29.95
   764153.265334 16.146110  0.000444 64.462144    -33.77    -56.57      1.97
   764246.388339 16.146975  0.000491 64.963291    -57.37    116.17    -13.49
   764339.511343 16.149360  0.000645 65.000662    -80.70   -179.82    -12.91
   764432.634348 16.147842  0.000563 64.012304   -104.08    136.75      4.59
   764525.757352 16.149123  0.000568 63.334551   -127.07      5.30     18.41
   764618.880356 16.149239  0.000584 62.002106   -149.30   -175.01    -11.60
   764712.003361 16.148221  0.000474 60.708782   -171.30   -122.26     -5.26
   764805.126365 16.151062  0.000639 60.169508    167.40   -173.71     12.72
   764898.249370 16.149880  0.000576 59.460857    146.48     64.58      9.15
   764991.372374 16.148583  0.000396 59.598346    125.32   -151.48      9.73
   765084.495379 16.147451  0.000175 60.413566    104.33   -107.53     18.02
   765177.618383 16.150823  0.000609 61.013451     82.79   -123.98     -3.47
   765270.741387 16.149723  0.000401 62.427389     60.64    124.62    -20.26
   765363.864392 16.150810  0.000484 63.538501     38.27   -133.81     18.10
   765456.987396 16.151829  0.000613 64.186287     15.17    -65.50      0.24
   765550.110401 16.149312  0.000226 65.075909     -8.12   -126.62     20.45
   765643.233405 16.150690  0.000409 64.900299    -31.42    121.63     -0.28
   765736.356409 16.151318  0.000444 64.505866    -54.94    -91.57     -9.44
   765829.479414 16.151013  0.000347 63.985438    -77.91    -23.66    -32.37
   765922.602418 16.153418  0.000625 62.576243   -100.64   -102.62      0.71
   766015.725423 16.153179  0.000511 61.735338   -122.99    141.17    -20.10
   766108.848427 16.152887  0.000450 60.701738   -144.57   -128.79     20.08
   766201.971432 16.154276  0.000616 59.714336   -166.05    -69.60      0.85
   766295.094436 16.152249  0.000291 59.704569    172.82   -147.27     26.76
   766388.217440 16.153203  0.000398 59.616592    151.91     81.42     14.59
   766481.340445 16.153481  0.000419 60.048979    130.50   -137.45      0.40
   766574.463449 16.152413  0.000206 61.216706    109.05   -133.47     31.66
   766667.586454 16.155549  0.000591 61.904812     87.14   -150.91     -6.05
   766760.709458 16.153895  0.000336 63.145064     64.57     49.50      8.70
   766853.832463 16.157795  0.000667 64.167175     41.93   -173.13     -5.39
   766946.955467 16.155892  0.000541 64.500047     18.74   -141.69     -3.20
   767040.078471 16.158446  0.000679 65.126069     -4.61    164.50     -6.60
   767133.201476 16.158031  0.000643 64.868544    -27.78     15.13     -6.24
   767226.324480 16.157893  0.000639 64.263838    -51.17    131.20     -0.94
   767319.447485 16.159250  0.000651 63.814270    -74.05    173.37    -13.92
   767412.570489 16.157685  0.000564 62.481975    -96.64     90.74      6.82
   767505.693494 16.158601  0.000574 61.644792   -119.02    -42.20    -12.55
   767598.816498 16.158075  0.000469 60.806715   -140.66     38.66     21.69
   767691.939502 16.159085  0.000604 59.788518   -162.22     86.16     -0.90
   767785.062507 16.159829  0.000581 59.702496    176.44      2.25     16.82
   767878.185511 16.160598  0.000636 59.588360    155.46   -146.06      7.11
   767971.308516 16.159867  0.000585 59.736942    134.03    -33.25      6.82
   768064.431520 16.162500  0.000710 60.742405    112.59     -3.80     -1.37
   768157.554524 16.159395  0.000468 61.314405     90.91    -84.21      9.57
   768250.677529 16.161324  0.000616 62.345812     68.58    133.76     -7.11
   768343.800533 16.160284  0.000450 63.499769     46.22   -148.95     25.18
   768436.923538 16.161469  0.000610 63.948680     23.38   -104.51      0.62
   768530.046542 16.162697  0.000641 64.790968      0.20    175.83     10.02
   768623.169547 16.163380  0.000672 65.033044    -22.84     21.30      2.54
   768716.292551 16.162419  0.000624 64.737529    -46.22    130.18      2.32
   768809.415555 16.163711  0.000623 64.748209    -69.37    166.48    -16.73
   768902.538560 16.162786  0.000582 63.807280    -92.27     67.65      8.16
   768995.661564 16.162085  0.000454 63.065585   -115.18    -75.39    -12.45
   769088.784569 16.165335  0.000679 62.348660   -137.46     11.55      4.67
   769181.907573 16.163451  0.000555 61.103696   -159.58     35.13     -5.08
   769275.030578 16.164625  0.000594 60.572975    178.51    -33.16    -13.55
   769368.153582 16.163354  0.000428 59.983115    157.16    166.88    -22.35
   769461.276586 16.164299  0.000559 59.392788    135.65   -107.19     -6.62
   769554.399591 16.161896  0.000173 59.716889    114.32   -120.63     17.41
   769647.522595 16.165264  0.000561 59.742715     93.11   -171.89    -11.81
   769740.645600 16.165143  0.000528 60.226186     71.39     -3.78     10.46
   769833.768604 16.163206  0.000217 61.219585     49.77    127.43    -21.76
   769926.891609 16.165450  0.000516 61.713048     27.79    107.91      6.78
   770020.014613 16.165367  0.000435 62.752979      5.33     18.29     15.98
   770113.137617 16.167400  0.000593 63.668051    -17.09   -154.43     16.78
   770206.260622 16.166650  0.000570 64.016177    -40.00    -43.33      4.56
   770299.383626 16.168777  0.000658 64.860389    -63.06    -17.26    -13.03
   770392.506631 16.167528  0.000555 64.913857    -86.04   -124.33     11.28
   770485.629635 16.166894  0.000472 64.842643   -109.36     82.75     -7.53
   770578.752639 16.170200  0.000691 64.898874   -132.37    178.47     -6.62
   770671.875644 16.167913  0.000531 64.085546   -155.33   -175.54     -6.22
   770764.998648 16.167494  0.000402 63.629010   -178.29    109.77    -14.92
   770858.121653 16.166553  0.000234 62.974793    159.27    -83.16      2.72
   770951.244657 16.168528  0.000501 61.851683    136.82     16.54     -1.83
   771044.367662 16.170780  0.000608 61.418987    114.64      1.91     17.20
   771137.490666 16.168073  0.000336 60.549862     92.91    -73.94      6.06
   771230.613670 16.170736  0.000613 59.898010     71.03    120.09     -4.17
   771323.736675 16.171805  0.000605 59.846595     49.57   -168.19     16.42
   771416.859679 16.171382  0.000604 59.388535     28.18   -144.90     -4.87
   771509.982684 16.171721  0.000598 59.568392      6.54    132.23     -9.38
   771603.105688 16.169670  0.000316 60.044805    -14.83    -26.66    -29.30
   771696.228693 16.171552  0.000563 60.170472    -36.53     42.09     -6.28
   771789.351697 16.171105  0.000436 61.079891    -58.49     13.27     24.56
   771882.474701 16.170588  0.000341 61.721818    -80.35    -35.34    -15.93
   771975.597706 16.173150  0.000630 62.249942   -102.77    129.34      1.58
   772068.720710 16.172622  0.000487 63.325338   -125.20   -163.18     25.57
   772161.843715 16.173950  0.000638 63.689216   -147.74   -137.95      1.52
   772254.966719 16.174350  0.000629 64.255882   -170.72    139.49     -3.62
   772348.089724 16.173280  0.000467 64.887709    166.48    -16.93    -26.21
   772441.212728 16.174315  0.000615 64.737221    143.46     51.21     -2.86
   772534.335732 16.172832  0.000353 65.069865    120.31     27.09     23.10
   772627.458737 16.173663  0.000420 64.886410     97.46    -19.95    -19.37
   772720.581741 16.175339  0.000615 64.368586     74.35    139.05      3.29
   772813.704746 16.174179  0.000391 64.286693     51.52   -156.68     29.74
   772906.827750 16.176275  0.000619 63.443330     28.90   -130.35      3.65
   772999.950754 16.176859  0.000646 62.856759      6.16    145.33     -0.88
   773093.073759 16.176235  0.000505 62.428332    -16.12    -11.72    -24.13
   773186.196763 16.176950  0.000620 61.406153    -38.37     57.12     -2.93
   773279.319768 16.174912  0.000314 61.056533    -60.58     34.62     19.88
   773372.442772 16.176085  0.000425 60.501051    -82.32    -14.44    -22.11
   773465.565777 16.177557  0.000589 59.823502   -104.28    137.84      5.64
   773558.688781 16.176363  0.000372 59.868285   -125.98   -156.84     29.72
   773651.811785 16.178853  0.000625 59.473696   -147.49   -133.53      5.31
   773744.934790 16.179197  0.000627 59.419647   -169.31    140.19      1.68
   773838.057794 16.178777  0.000519 59.839135    169.14    -15.04    -23.97
   773931.180799 16.179514  0.000629 59.766274    147.47     51.61     -1.18
   774024.303803 16.177333  0.000319 60.327665    125.47     37.22     13.63
   774117.426808 16.178679  0.000423 60.896750    103.73    -13.90    -25.91
   774210.549812 16.179712  0.000566 61.122591     81.58    135.25      5.55
   774303.672816 16.178602  0.000351 62.046568     59.34   -156.61     28.11
   774396.795821 16.181068  0.000596 62.470293     37.18   -137.10      8.76
   774489.918825 16.181266  0.000627 62.913689     14.57    140.68      2.72
   774583.041830 16.181686  0.000561 63.773124     -7.93    -14.60    -20.91
   774676.164834 16.181898  0.000630 63.904661    -30.54     53.67      2.11
   774769.287839 16.179824  0.000349 64.420915    -53.47     51.89      6.50
   774862.410843 16.182043  0.000537 64.849026    -76.15     -8.39    -21.75
   774955.533847 16.181763  0.000549 64.690722    -99.10    148.46      4.11
   775048.656852 16.180302  0.000274 65.115078   -122.04   -136.31     21.77
   775141.779856 16.182638  0.000530 64.927987   -144.78   -125.69     13.39
   775234.902861 16.183297  0.000588 64.664130   -167.80    156.56      4.92
   775328.025865 16.185409  0.000682 64.774233    169.44     -6.72     -8.70
   775421.148869 16.183837  0.000587 64.131647    146.73     71.01      6.83
   775514.271874 16.182447  0.000369 63.885806    123.86     94.75    -12.38
   775607.394878 16.186151  0.000671 63.598866    101.39      4.56     -8.84
   775700.517883 16.183803  0.000503 62.791464     78.77    179.91      0.38
   775793.640887 16.182697  0.000264 62.638279     56.26    -61.75    -23.18
   775886.763892 16.183626  0.000359 62.009211     34.08    -90.64      9.80
   775979.886896 16.184745  0.000485 61.377341     11.67   -171.56      6.38
   776073.009900 16.187468  0.000638 61.256210    -10.45      6.88     13.04
   776166.132905 16.184913  0.000437 60.544732    -32.44    108.49      6.68
   776259.255909 16.186977  0.000598 60.258821    -54.66    131.19     -9.36
   776352.378914 16.187951  0.000618 60.149845    -76.47     20.65     16.85
   776445.501918 16.187005  0.000573 59.569990    -98.44   -129.68     -5.97
   776538.624923 16.188554  0.000619 59.705663   -120.44    -26.86    -11.34
   776631.747927 16.186907  0.000441 59.562770   -142.12    -12.84    -18.53
   776724.870931 16.187530  0.000536 59.336692   -164.13   -105.58     -7.30
   776817.993936 16.185499  0.000194 59.738881    174.00     55.71     19.83
   776911.116940 16.188517  0.000536 59.623212    152.23   -173.49    -12.49
   777004.239945 16.188739  0.000543 59.795345    130.08    172.92     11.34
   777097.362949 16.186263  0.000179 60.301923    108.22    126.57    -22.71
   777190.485954 16.189119  0.000546 60.225704     86.18    -72.49      7.01
   777283.608958 16.188740  0.000431 60.793803     63.95     15.65     20.66
   777376.731962 16.190624  0.000582 61.164281     41.98     32.69     14.82
   777469.854967 16.190086  0.000548 61.260479     19.67    -34.50      4.97
   777562.977971 16.192685  0.000691 61.981942     -2.64    168.09     -4.32
   777656.100976 16.189978  0.000447 62.175948    -24.81   -107.88     14.87
   777749.223980 16.191317  0.000580 62.464242    -47.38    -69.42     -8.35
   777842.346984 16.193019  0.000635 63.141703    -69.74   -168.31     15.31
   777935.469989 16.192151  0.000621 63.119656    -92.20     45.53     -2.78
   778028.592993 16.193537  0.000664 63.646419   -114.88    154.90     -4.97
   778121.715998 16.193391  0.000614 64.009145   -137.28    179.95    -13.47
   778214.839002 16.192956  0.000608 63.962276   -159.97     95.23     -0.43
   778307.962007 16.191801  0.000400 64.530021    177.36    -39.93    -26.37
   778401.085011 16.194271  0.000639 64.553914    154.86     35.52      6.92
   778494.208015 16.192580  0.000468 64.590669    132.02     68.71     -5.40
   778587.331020 16.196291  0.000706 65.036409    109.41     -1.24     -4.92
   778680.454024 16.194112  0.000582 64.747549     86.76   -158.90     -5.81
   778773.577029 16.194997  0.000586 64.979037     63.93    -38.58    -13.10
   778866.700033 16.194820  0.000527 65.076217     41.40     -9.40    -19.83
   778959.823038 16.195274  0.000605 64.731075     18.65    -93.74     -1.23
   779052.946042 16.193966  0.000376 65.013447     -4.07    136.01    -26.02
   779146.069046 16.196576  0.000630 64.776581    -26.57   -143.58      8.40
   779239.192051 16.195222  0.000499 64.533313    -49.38   -101.08     -7.07
   779332.315055 16.198680  0.000705 64.740124    -71.94   -176.29      4.95
   779425.438060 16.196995  0.000628 64.225150    -94.50     39.36     -2.94
   779518.561064 16.198283  0.000669 64.230374   -117.24    157.28     -1.39
   779611.684069 16.199030  0.000684 64.152050   -139.64   -171.51     -3.63
   779704.807073 16.197389  0.000575 63.633725   -162.26    122.09      3.60
   779797.930077 16.199537  0.000676 63.754907    175.16    -16.51     -6.11
   779891.053082 16.196350  0.000344 63.420257    152.82     87.66     11.34
   779984.176086 16.198929  0.000636 63.044494    130.17    132.38      0.51
   780077.299091 16.195949  0.000197 63.176660    107.77     47.66     29.10
   780170.422095 16.198169  0.000493 62.616473     85.39    -75.79      7.34
   780263.545099 16.197485  0.000341 62.543560     62.80     52.14      6.10
   780356.668104 16.197088  0.000226 62.469867     40.56     83.58     10.97
   780449.791108 16.199712  0.000569 61.930638     18.12     47.97     -5.23
   780542.914113 16.197801  0.000241 62.037470     -4.34    -91.16     -6.83
   780636.037117 16.201956  0.000661 61.758609    -26.52     27.70      3.56
   780729.160122 16.200368  0.000537 61.380613    -49.03     79.98     -7.14
   780822.283126 16.202494  0.000634 61.560961    -71.33      7.64     17.02
   780915.406130 16.201861  0.000612 61.075564    -93.57   -117.85      5.20
   781008.529135 16.201149  0.000480 61.015418   -116.08      6.96     15.19
   781101.652139 16.200691  0.000377 61.045001   -138.23     39.82     26.90
   781194.775144 16.201866  0.000529 60.567743   -160.56     28.21     -5.07
   781287.898148 16.200254  0.000251 60.716405    177.03   -111.24      2.17
   781381.021153 16.204517  0.000672 60.562368    154.92     23.90      4.82
   781474.144157 16.203085  0.000573 60.220129    132.47     85.53     -6.61
   781567.267161 16.203344  0.000491 60.482360    110.18     12.50     27.12
   781660.390166 16.203167  0.000503 60.108389     88.00   -100.51     11.63
   781753.513170 16.202409  0.000366 60.067713     65.50     53.72      1.24
   781846.636175 16.201742  0.000214 60.214035     43.35    129.57    -20.84
   781939.759179 16.205019  0.000617 59.800508     21.04     73.58      0.69
   782032.882184 16.205609  0.000580 59.979738     -1.39    -35.61    -12.90
   782126.005188 16.202851  0.000256 59.949625    -23.50     88.79      9.95
   782219.128192 16.205115  0.000533 59.629626    -45.95    151.44      6.98
   782312.251197 16.205544  0.000483 59.947588    -68.29    155.36    -26.40
   782405.374201 16.206782  0.000611 59.666444    -90.47     18.67     -8.51
   782498.497206 16.207120  0.000617 59.621721   -113.01    157.02      6.87
   782591.620210 16.206652  0.000502 59.851346   -135.21   -156.70     24.42
   782684.743214 16.206980  0.000564 59.485946   -157.52   -149.66     -7.04
   782777.866219 16.205707  0.000356 59.668959    179.98    107.62    -16.81
   782870.989223 16.206611  0.000417 59.719871    157.82   -135.09     23.49
   782964.112228 16.207754  0.000564 59.405508    135.35    -47.98      6.42
   783057.235232 16.207268  0.000422 59.745601    112.94    -31.66    -28.71
   783150.358237 16.209442  0.000631 59.531066     90.73   -160.86     -7.72
   783243.481241 16.208882  0.000562 59.462365     68.14    -13.82      9.71
   783336.604245 16.206946  0.000285 59.743591     45.86     38.87     31.80
   783429.727250 16.209938  0.000624 59.402237     23.52     57.38     -0.25
   783522.850254 16.210706  0.000618 59.563501      0.96    -36.83     -7.42
   783615.973259 16.208000  0.000309 59.677272    -21.26    150.36    -25.79
   783709.096263 16.209606  0.000504 59.353671    -43.76   -148.92     -5.29
   783802.219268 16.211702  0.000601 59.693375    -66.26   -178.99     17.42
   783895.342272 16.209160  0.000356 59.532363    -88.52     88.18     13.49
   783988.465276 16.211138  0.000561 59.429612   -111.15    -74.12     -8.13
   784081.588281 16.213831  0.000691 59.741860   -133.50      2.27      2.04
   784174.711285 16.211445  0.000518 59.425676   -155.88     10.49     -8.02
   784267.834290 16.210937  0.000425 59.564281   -178.51    -70.64    -16.32
   784360.957294 16.209670  0.000198 59.723274    159.21     79.12     14.77
   784454.080299 16.211824  0.000484 59.398566    136.67   -169.98     -2.86
   784547.203303 16.214352  0.000637 59.736185    114.10    178.11     13.97
   784640.326307 16.211210  0.000314 59.627617     91.80    100.00      7.62
   784733.449312 16.214066  0.000619 59.504286     69.11    -60.39     -3.52
   784826.572316 16.214464  0.000561 59.853023     46.69     14.20     21.02
   784919.695321 16.214866  0.000632 59.567751     24.28     46.85     -0.89
   785012.818325 16.215634  0.000641 59.698405      1.59    -30.87      0.15
   785105.941329 16.215994  0.000621 59.913854    -20.75    177.56    -14.55
   785199.064334 16.215342  0.000615 59.609482    -43.31    -92.62      1.75
   785292.187338 16.213871  0.000377 59.964772    -65.95    -44.47    -28.35
   785385.310343 16.217111  0.000660 59.920152    -88.29   -148.71      4.51
   785478.433347 16.214982  0.000466 59.810799   -111.00     64.53     -7.04
   785571.556352 16.218442  0.000693 60.212371   -133.48    175.36     -5.32
   785664.679356 16.216817  0.000587 59.987446   -155.91   -158.14     -7.71
   785757.802360 16.217599  0.000613 60.139273   -178.63    136.62     -5.60
   785850.925365 16.218119  0.000601 60.434403    158.99     -5.01    -16.59
   785944.048369 16.217531  0.000597 60.180323    136.42     94.00      4.20
   786037.171374 16.218163  0.000568 60.578693    113.75    148.62    -18.49
   786130.294378 16.217327  0.000463 60.631799     91.40     53.88     18.78
   786223.417383 16.218668  0.000616 60.558372     68.70    -68.33     -3.33
   786316.540387 16.217245  0.000378 61.043187     46.21     24.14     30.90
   786409.663391 16.218282  0.000502 60.903094     23.79     83.17     10.15
   786502.786396 16.217789  0.000390 61.102453      1.10     38.87      5.66
   786595.909400 16.216814  0.000201 61.496075    -21.27   -115.15     21.48
   786689.032405 16.219921  0.000594 61.310244    -43.77     45.63     -5.05
   786782.155409 16.217843  0.000279 61.767803    -66.40    103.62    -16.47
   786875.278414 16.221421  0.000628 61.925839    -88.70     32.33     12.02
   786968.401418 16.220849  0.000601 61.894627   -111.32    -80.94     -4.29
   787061.524422 16.219416  0.000347 62.458223   -133.75     25.17     31.24
   787154.647427 16.220012  0.000424 62.400534   -156.06    103.37      6.22
   787247.770431 16.220422  0.000432 62.621001   -178.65     83.68     -7.83
   787340.893436 16.220948  0.000434 63.096990    159.08    -18.70    -28.44
   787434.016440 16.221963  0.000569 62.949584    136.71     96.48      5.76
   787527.139444 16.224149  0.000688 63.410137    114.20    163.38      0.82
   787620.262449 16.221397  0.000400 63.640715     92.04    159.99    -23.15
   787713.385453 16.222117  0.000495 63.575828     69.59     22.28      0.42
   787806.508458 16.225481  0.000690 64.137415     47.29    176.45      3.62
   787899.631462 16.223642  0.000554 64.083346     25.14   -120.73      9.60
   787992.754467 16.222649  0.000429 64.219172      2.73   -130.33      1.29
   788085.877471 16.222760  0.000375 64.670255    -19.41    154.83    -30.87
   788179.000475 16.223943  0.000529 64.449552    -41.59    -76.97      6.22
   788272.123480 16.225567  0.000616 64.767398    -63.95     -4.26     11.67
   788365.246484 16.226702  0.000672 64.936669    -85.97      5.14     -8.85
   788458.369489 16.225431  0.000603 64.687054   -108.24    -98.37     -3.21
   788551.492493 16.223121  0.000216 65.085601   -130.44     54.14     18.22
   788644.615498 16.225523  0.000508 64.900301   -152.45    171.09    -13.41
   788737.738502 16.226611  0.000603 64.763755   -174.75    152.39      4.03
   788830.861506 16.224523  0.000301 65.025341    163.17     33.57     32.77
   788923.984511 16.227155  0.000609 64.583621    141.08   -116.01      4.47
   789017.107515 16.228432  0.000660 64.581932    118.74    -19.82      3.58
   789110.230520 16.229009  0.000650 64.553891     96.72      1.95    -12.07
   789203.353524 16.227995  0.000623 63.994181     74.44    -90.49     -0.31
   789296.476529 16.226046  0.000304 64.088778     52.15    124.33    -23.56
   789389.599533 16.229595  0.000650 63.679536     30.06   -156.38     -0.00
   789482.722537 16.227575  0.000464 63.213176      7.62   -139.99      0.05
   789575.845542 16.229960  0.000603 63.220011    -14.66    165.79    -17.78
   789668.968546 16.228659  0.000504 62.564287    -36.95     -2.07     -9.88
   789762.091551 16.229028  0.000499 62.270386    -59.56    115.05    -13.49
   789855.214555 16.228069  0.000329 62.090118    -81.89    157.31    -31.24
   789948.337559 16.230250  0.000605 61.355105   -104.49     66.97     -3.23
   790041.460564 16.228232  0.000280 61.299215   -127.19    -65.75    -20.26
   790134.583568 16.231910  0.000636 60.850930   -149.66     30.48      5.09
   790227.706573 16.230470  0.000517 60.334703   -172.53     77.56     -6.70
   790320.829577 16.232887  0.000645 60.376217    164.73      4.77     13.06
   790413.952582 16.232218  0.000619 59.833546    142.02   -127.11      4.06
   790507.075586 16.231806  0.000529 59.683414    118.94     -4.20     13.85
   790600.198590 16.231878  0.000483 59.733266     96.19     27.93     25.53
   790693.321595 16.231671  0.000489 59.293064     73.19     14.80     -4.28
   790786.444599 16.230503  0.000258 59.582478     50.13   -141.68     21.86
   790879.567604 16.234577  0.000665 59.539095     27.37     22.65     -1.39
   790972.690608 16.232974  0.000536 59.483956      4.26     83.97     -7.94
   791065.813613 16.233339  0.000469 60.018664    -18.63     16.59     25.91
   791158.936617 16.233005  0.000463 59.996636    -41.40    -89.74     10.90
   791252.059621 16.232614  0.000372 60.389021    -64.44     82.68     -9.29
   791345.182626 16.233523  0.000415 60.973925    -87.06    166.41    -29.69
   791438.305630 16.234784  0.000587 61.045453   -109.83    108.49      4.76
   791531.428635 16.236772  0.000655 61.822668   -132.54     -6.55      8.96
   791624.551639 16.235448  0.000541 62.218886   -154.90    178.26    -15.28
   791717.674644 16.234994  0.000505 62.512905   -177.48   -117.01     -5.71
   791810.797648 16.235561  0.000464 63.339755    160.20   -162.85     26.18
   791903.920652 16.234879  0.000407 63.510746    138.04    119.16      2.39
   791997.043657 16.236728  0.000573 63.945439    115.68    -56.76     -9.75
   792090.166661 16.239065  0.000694 64.532627     93.70     10.55      6.07
   792183.289666 16.236603  0.000536 64.432900     71.63     17.33     -4.36
   792276.412670 16.235916  0.000364 64.907633     49.53    -54.54    -23.15
   792369.535674 16.235624  0.000290 64.973230     27.73     98.02      5.01
   792462.658679 16.237233  0.000503 64.715871      5.67   -164.15      1.78
   792555.781683 16.239236  0.000596 64.958740    -16.30   -173.33     17.75
   792648.904688 16.237048  0.000385 64.516040    -38.15    126.17     -2.83
   792742.027692 16.239702  0.000647 64.144128    -60.36    -42.05     -1.65
   792835.150697 16.237764  0.000377 64.042674    -82.37     26.52     34.30
   792928.273701 16.239800  0.000616 63.189818   -104.55     75.16      3.38
   793021.396705 16.240533  0.000591 62.885970   -127.00     -3.78     13.52
   793114.519710 16.241469  0.000647 62.359896   -149.24   -156.28      8.80
   793207.642714 16.240111  0.000551 61.492539   -171.89    -36.43      5.72
   793300.765719 16.242718  0.000685 61.269775    165.39     -5.85      4.57
   793393.888723 16.239197  0.000342 60.573595    142.75    -58.50     -1.19
   793487.011728 16.241903  0.000620 60.031595    119.61    150.28      5.85
   793580.134732 16.238660  0.000172 59.990088     96.67    -48.30    -27.90
   793673.257736 16.240802  0.000452 59.394540     73.58    -38.03      2.65
   793766.380741 16.240791  0.000385 59.509841     50.24    -58.82    -22.14
   793859.503745 16.241709  0.000434 59.591565     27.25    167.08    -22.05
   793952.626750 16.243048  0.000601 59.498630      3.97    -75.38      0.33
   794045.749754 16.244884  0.000657 60.160458    -19.16    -14.65     -7.95
   794138.872759 16.241498  0.000336 60.411388    -42.00    -57.86     -0.24
   794231.995763 16.243474  0.000540 60.886075    -65.09    169.97     10.50
   794325.118767 16.244738  0.000586 61.801513    -87.72     -8.33    -20.99
   794418.241772 16.244396  0.000601 62.083597   -110.28     38.87     -4.93
   794511.364776 16.245227  0.000590 62.967497   -132.84     -3.33     13.96
   794604.487781 16.243238  0.000361 63.622489   -154.92   -123.52     22.33
   794697.610785 16.244895  0.000563 63.867548   -177.11     64.94     -4.01
   794790.733789 16.245837  0.000550 64.639853    160.88    154.74    -19.07
   794883.856794 16.243939  0.000348 64.763080    139.14    128.00     -5.53
   794976.979798 16.245059  0.000480 64.766409    117.15     17.78      5.78
   795070.102803 16.248347  0.000690 65.063504     95.40   -173.87     10.50
   795163.225807 16.246023  0.000528 64.489839     73.60    -84.47      7.28
   795256.348812 16.246044  0.000458 64.267401     51.53    -59.90    -17.06
   795349.471816 16.249085  0.000677 63.877098     29.66   -167.36      2.39
   795442.594820 16.246778  0.000522 62.912554      7.42     25.63     -4.45
   795535.717825 16.247366  0.000484 62.517484    -15.02    142.78    -22.13
   795628.840829 16.246436  0.000361 61.703451    -37.40    148.24    -15.86
   795721.963834 16.247400  0.000482 60.818562    -60.34     65.02     -6.28
   795815.086838 16.245654  0.000171 60.556347    -83.27   -131.01     28.61
   795908.209843 16.248884  0.000561 59.741775   -106.33     18.60     -8.95
   796001.332847 16.247921  0.000390 59.559238   -129.80     19.14     16.83
   796094.455851 16.249842  0.000532 59.582458   -152.96     -5.90    -19.90
   796187.578856 16.248956  0.000479 59.364033   -176.38   -171.14     -2.40
   796280.701860 16.250461  0.000552 59.992007    160.25    -29.47    -18.63
   796373.824865 16.250679  0.000563 60.383078    137.27      2.99    -13.58
   796466.947869 16.251198  0.000624 60.878881    114.10    -57.51     -1.26
   796560.070874 16.253090  0.000690 61.977925     91.39    174.62     -9.48
   796653.193878 16.250171  0.000462 62.424800     68.91    -63.65      5.62
   796746.316882 16.252629  0.000644 63.330980     46.44    -13.72      6.50
   796839.439887 16.250746  0.000414 64.134269     24.53    -18.39    -26.36
   796932.562891 16.251427  0.000516 64.308924      2.57   -166.44     -1.85
   797025.685896 16.254196  0.000670 64.930276    -19.28    -15.54     -3.02
   797118.808900 16.253598  0.000614 64.940072    -40.82     33.37      9.93
   797211.931904 16.252103  0.000497 64.564434    -62.68     16.99      2.82
   797305.054909 16.250260  0.000149 64.541683    -84.46    -82.04     -8.95
   797398.177913 16.253745  0.000585 63.642087   -106.31     62.74      8.55
   797491.300918 16.255004  0.000656 62.948119   -128.64    149.20     -0.88
   797584.423922 16.253537  0.000452 62.332717   -150.91    164.94    -27.31
   797677.546927 16.254413  0.000570 61.140561   -173.60     45.89     -4.67
   797770.669931 16.253650  0.000404 60.640583    163.31   -162.78     21.63
   797863.792935 16.253261  0.000330 60.016495    140.30    -31.97    -19.04
   797956.915940 16.255698  0.000605 59.386222    116.76    -50.62      4.57
   798050.038944 16.254290  0.000383 59.633211     93.27   -162.13     33.95
   798143.161949 16.256539  0.000616 59.505904     69.90     57.61      5.16
   798236.284953 16.257200  0.000625 60.022786     46.31    160.26      7.89
   798329.407958 16.258665  0.000683 60.881491     23.29   -172.46     -2.09
   798422.530962 16.256606  0.000568 61.369552      0.34    111.40      5.28
   798515.653966 16.258143  0.000609 62.555635    -22.36    -27.00    -11.70
   798608.776971 16.256199  0.000407 63.381574    -44.48     59.35     18.60
   798701.899975 16.258012  0.000621 63.891759    -66.63    110.42     -1.30
   798795.022980 16.256570  0.000385 64.804162    -88.42     19.54     33.40
   798888.145984 16.257596  0.000502 64.780454   -109.97    -99.93      9.66
   798981.268989 16.257241  0.000413 64.769822   -131.76     32.61      8.65
   799074.391993 16.256198  0.000203 64.666781   -153.31     65.58     19.50
   799167.514997 16.259289  0.000594 63.687375   -175.14     46.17     -3.02
   799260.638002 16.257966  0.000376 63.090219    162.65    -66.16    -18.26
   799353.761006 16.259298  0.000482 62.200476    140.42     38.29     22.35
   799446.884011 16.260311  0.000612 60.967825    117.55    117.50      3.33
   799540.007015 16.257545  0.000201 60.511938     94.41    122.65    -27.97
   799633.130019 16.259978  0.000474 59.681105     71.17     -4.16    -14.07
   799726.253024 16.261983  0.000645 59.379893     47.37    142.71      1.28
   799819.376028 16.262010  0.000569 59.694682     23.89   -160.43     19.08
   799912.499033 16.261344  0.000549 59.760792      0.35   -146.53     -6.04
   800005.622037 16.260956  0.000448 60.720986    -23.08    131.18    -21.10
   800098.745042 16.259689  0.000246 61.650034    -45.88    -78.62      3.47
   800191.868046 16.261434  0.000489 62.381946    -68.61     12.55      1.57
   800284.991050 16.264291  0.000657 63.699290    -90.84      2.50     13.76
   800378.114055 16.261468  0.000407 64.209870   -112.62    -73.94      5.15
   800471.237059 16.263668  0.000608 64.674257   -134.45    128.39     -7.41
   800564.360064 16.263743  0.000537 65.073732   -155.88   -159.83     22.91
   800657.483068 16.264144  0.000624 64.460370   -177.41   -120.78      0.18
   800750.606073 16.265361  0.000644 64.055802    160.74    165.52      4.77
   800843.729077 16.266311  0.000686 63.274588    138.91     12.63      1.33
   800936.852081 16.264567  0.000575 61.926262    116.45    127.63      5.20
   801029.975086 16.267258  0.000706 61.247520     93.58    168.49     -2.64
   801123.098090 16.263438  0.000344 60.188775     70.54    106.30      5.95
   801216.221095 16.266338  0.000628 59.525303     46.79    -30.72      4.91
   801309.344099 16.263228  0.000216 59.620335     23.19    137.44    -28.40
   801402.467104 16.265103  0.000453 59.503037     -0.50    158.93     -0.88
   801495.590108 16.266541  0.000542 60.333402    -24.18    137.12    -15.74
   801588.713112 16.268207  0.000640 61.319212    -47.18      6.64     -9.67
   801681.836117 16.266663  0.000552 62.098994    -70.04    141.59      5.48
   801774.959121 16.267652  0.000540 63.519249    -92.38   -172.49     22.83
   801868.082126 16.268310  0.000618 64.173023   -114.13   -165.34     -8.26
   801961.205130 16.266940  0.000470 64.644259   -135.91     85.94     -8.50
   802054.328134 16.266651  0.000367 65.069977   -157.28   -150.88     31.99
   802147.451139 16.267454  0.000473 64.395376   -178.73    -42.09      1.12
   802240.574143 16.269494  0.000612 63.821431    159.41    -38.93     -9.14
   802333.697148 16.270029  0.000597 62.953077    137.50   -157.05     14.89
   802426.820152 16.268956  0.000551 61.483384    114.89     44.91     -5.76
   802519.943157 16.270409  0.000584 60.755076     91.76    153.74    -18.67
   802613.066161 16.268671  0.000405 59.824689     68.46    161.05    -16.59
   802706.189165 16.269160  0.000457 59.328040     44.48     78.62     -9.04
   802799.312170 16.267508  0.000149 59.752043     20.73   -103.27     11.01
   802892.435174 16.270819  0.000568 59.996389     -2.90     27.23     -7.26
   802985.558179 16.269556  0.000356 61.133398    -26.36     32.62     14.00
   803078.681183 16.272403  0.000601 62.387558    -48.99      0.21    -14.65
   803171.804188 16.270905  0.000511 63.197997    -71.35   -158.04     -2.95
   803264.927192 16.273300  0.000639 64.451565    -93.24    -19.74    -14.20
   803358.050196 16.273262  0.000646 64.803337   -114.59     12.93     -6.97
   803451.173201 16.273096  0.000633 64.681187   -136.14    -40.60      1.88
   803544.296205 16.275029  0.000697 64.529876   -157.56   -176.04      5.85
   803637.419210 16.272123  0.000461 63.290800   -179.28    -22.48     -4.73
   803730.542214 16.272375  0.000440 62.229836    158.28     17.20     14.17
   803823.665219 16.275804  0.000689 61.213849    135.60      6.39     -2.94
   803916.788223 16.274266  0.000607 59.883780    112.18   -107.12     -1.83
   804009.911227 16.272249  0.000296 59.634318     88.29     25.96     27.53
   804103.034232 16.272603  0.000322 59.496667     64.53    141.01    -11.73
   804196.157236 16.275451  0.000623 59.889103     40.51    122.91     -2.39
   804289.280241 16.276749  0.000642 61.195331     17.17     10.15     14.39
   804382.403245 16.275623  0.000581 62.079517     -5.64   -152.17     -5.50
   804475.526249 16.275634  0.000526 63.429466    -28.06    -52.01    -13.36
   804568.649254 16.273947  0.000286 64.522297    -49.66    -34.71    -25.92
   804661.772258 16.276088  0.000575 64.644933    -71.11   -136.59     -4.49
   804754.895263 16.274793  0.000339 64.867066    -92.53     27.20     25.67
   804848.018267 16.276932  0.000534 64.134740   -113.86    177.47    -17.28
   804941.141272 16.276506  0.000514 62.852860   -135.93    177.23      6.36
   805034.264276 16.276164  0.000381 61.930339   -158.39    154.22    -33.08
   805127.387280 16.276737  0.000439 60.434653    178.59    -19.76     -6.80
   805220.510285 16.277610  0.000493 59.666075    154.72    114.85    -13.07
   805313.633289 16.278060  0.000470 59.581497    130.89    168.62    -25.05
   805406.756294 16.278773  0.000596 59.590143    106.86     96.57      3.86
   805499.879298 16.280651  0.000660 60.811421     83.12    -20.60     -7.83
   805593.002303 16.277055  0.000300 61.962386     60.24    117.91     -2.53
   805686.125307 16.279224  0.000548 63.095381     37.68    166.30      8.00
   805779.248311 16.280568  0.000573 64.487867     15.96    166.20    -20.05
   805872.371316 16.280638  0.000631 64.710526     -5.34     34.37     -2.47
   805965.494320 16.280219  0.000540 64.696851    -26.75   -178.66     11.71
   806058.617325 16.277991  0.000200 64.208482    -48.07   -110.63     18.23
   806151.740329 16.281250  0.000617 62.678729    -70.01   -104.22      1.91
   806244.863334 16.283124  0.000680 61.590166    -92.74    162.70      0.74
   806337.986338 16.281913  0.000560 60.366919   -115.85      0.36    -17.17
   806431.109342 16.281574  0.000550 59.391869   -139.89     87.23     -7.86
   806524.232347 16.279042  0.000139 59.662201   -163.97     98.22     -8.58
   806617.355351 16.282682  0.000574 59.961890    172.17     21.64     -7.58
   806710.478356 16.281615  0.000418 61.186919    148.52   -159.10     12.61
   806803.601360 16.282880  0.000508 62.762240    125.92    -11.27    -23.20
   806896.724364 16.282409  0.000501 63.670028    103.86     -6.06     -1.88
   806989.847369 16.282699  0.000439 64.776222     82.28    -44.64    -22.35
   807082.970373 16.283178  0.000474 64.908623     61.23    167.53    -20.45
   807176.093378 16.284333  0.000610 64.116275     39.79    -79.16     -3.67
   807269.216382 16.285137  0.000574 63.369430     18.05    -16.92    -21.37
   807362.339387 16.283680  0.000441 61.699601     -4.27    -88.32      9.43
   807455.462391 16.285886  0.000630 60.388366    -27.67    152.73      4.46
   807548.585395 16.283891  0.000357 59.778784    -51.40    -21.97    -30.58
   807641.708400 16.285092  0.000512 59.275948    -75.59     20.00     -6.78
   807734.831404 16.287658  0.000676 60.154432    -99.79    -12.07      6.07
   807827.954409 16.285726  0.000484 61.317803   -123.10   -131.41     19.08
   807921.077413 16.285671  0.000496 62.546112   -145.99     62.36     -5.78
   808014.200418 16.287021  0.000539 64.195553   -167.90    163.05    -24.38
   808107.323422 16.285734  0.000426 64.666841    170.84    138.77     -4.19
   808200.446426 16.285973  0.000414 64.704378    149.54     40.52      5.67
   808293.569431 16.287056  0.000454 64.226779    128.31   -155.01     26.55
   808386.692435 16.286906  0.000473 62.579203    106.43    -25.91     -1.44
   808479.815440 16.289762  0.000660 61.316516     83.55    -15.34      5.36
   808572.938444 16.285916  0.000221 60.128131     60.20    -88.50     10.26
   808666.061449 16.289127  0.000609 59.256640     35.92    125.76      4.42
   808759.184453 16.286288  0.000188 59.850898     11.66   -135.26     28.29
   808852.307457 16.288091  0.000422 60.565255    -12.09    -77.87      7.71
   808945.430462 16.288118  0.000379 62.044952    -35.37   -116.34     -1.81
   809038.553466 16.287314  0.000218 63.738630    -57.46    129.04    -22.48
   809131.676471 16.290523  0.000622 64.395776    -78.95   -114.69      0.60
   809224.799475 16.290414  0.000530 64.905868   -100.21    -41.66    -17.96
   809317.922479 16.288566  0.000283 64.385338   -121.24   -110.34     18.80
   809411.045484 16.290766  0.000558 62.848123   -143.09    147.88      5.34
   809504.168488 16.291581  0.000523 61.677346   -165.68    -23.78    -22.87
   809597.291493 16.292655  0.000632 60.102729    171.00     31.10     -2.39
   809690.414497 16.291079  0.000456 59.369710    146.65      9.98     11.03
   809783.537502 16.289548  0.000211 59.814659    122.45    -46.31    -26.36
   809876.660506 16.292166  0.000543 60.473177     98.51    101.66      6.89
   809969.783510 16.292697  0.000518 62.222025     75.25   -174.92     19.39
   810062.906515 16.294598  0.000661 63.733246     53.25   -156.11      9.23
   810156.029519 16.293477  0.000604 64.454652     31.71    133.36      3.91
   810249.152524 16.295449  0.000666 64.993902     10.64    -12.49    -11.88
   810342.275528 16.293077  0.000465 64.036568    -10.44     76.09     12.41
   810435.398533 16.294735  0.000611 62.587428    -32.47    123.51     -5.15
   810528.521537 16.292798  0.000330 61.296145    -55.18     31.22     31.89
   810621.644541 16.294394  0.000526 59.705323    -78.88    -84.36      8.54
   810714.767546 16.292856  0.000274 59.451414   -103.40     54.80      6.94
   810807.890550 16.292788  0.000215 60.026303   -127.53    123.57    -10.54
   810901.013555 16.295737  0.000586 61.048373   -151.37     85.57     -5.60
   810994.136559 16.296603  0.000562 63.042396   -174.09    -18.99    -20.53
   811087.259564 16.294800  0.000396 64.155811    164.28    111.55      3.00
   811180.382568 16.296388  0.000544 64.746919    142.99    175.90      8.50
   811273.505572 16.298817  0.000668 64.700735    122.06    176.57     -8.37
   811366.628577 16.297481  0.000613 63.162428    100.60     64.06      3.74
   811459.751581 16.295323  0.000304 61.695982     78.01   -117.82      2.18
   811552.874586 16.298120  0.000541 60.328260     54.72     -2.69    -21.44
   811645.997590 16.297341  0.000503 59.249971     30.32    -21.42      5.92
   811739.120594 16.295314  0.000158 59.870798      5.82    -74.66    -17.04
   811832.243599 16.297159  0.000402 60.820465    -17.99     96.05     10.01
   811925.366603 16.297611  0.000421 62.448405    -41.12   -147.14      6.39
   812018.489608 16.297388  0.000332 64.226043    -62.90   -146.73     32.16
   812111.612612 16.299127  0.000553 64.656212    -84.01   -167.06     -6.51
   812204.735617 16.298305  0.000395 64.595493   -105.13     26.95     16.36
   812297.858621 16.301756  0.000662 63.542319   -126.39   -175.14    -10.29
   812390.981625 16.299786  0.000539 61.531970   -148.85   -131.08     -5.83
   812484.104630 16.302425  0.000666 60.354623   -172.42    177.99      9.99
   812577.227634 16.300929  0.000542 59.393967    163.41     56.39     11.89
   812670.350639 16.299795  0.000398 59.647759    138.70   -134.59      0.00
   812763.473643 16.299321  0.000291 61.218585    114.89    -31.28    -32.59
   812856.596648 16.301406  0.000542 62.590503     92.08    -84.99      6.27
   812949.719652 16.302971  0.000628 64.248253     70.19    171.67      9.77
   813042.842656 16.304029  0.000663 64.979187     49.32      4.85     -9.91
   813135.965661 16.302820  0.000620 64.177735     28.26     86.32     -1.49
   813229.088665 16.300248  0.000215 63.151741      6.61    108.28    -17.67
   813322.211670 16.304211  0.000637 61.232187    -15.91     18.45     -6.43
   813415.334674 16.302222  0.000425 59.725915    -39.94   -153.13      4.54
   813508.457679 16.304330  0.000543 59.598097    -64.39    -12.80    -21.19
   813601.580683 16.303387  0.000489 59.987878    -88.77      3.47     -7.43
   813694.703687 16.304540  0.000558 61.739465   -112.51    -43.44    -15.13
   813787.826692 16.305262  0.000572 63.585159   -134.69    178.29    -18.63
   813880.949696 16.305081  0.000617 64.434434   -156.11    -68.78      2.18
   813974.072701 16.307271  0.000687 64.908511   -177.04    -13.04     -4.91
   814067.195705 16.303752  0.000349 63.733721    161.94    -47.72     -6.66
   814160.318709 16.305134  0.000498 61.890204    139.64    179.49      7.51
   814253.441714 16.308041  0.000669 60.528598    116.32     -6.26     -9.46
   814346.564718 16.306925  0.000620 59.305302     92.00     56.22      1.95
   814439.687723 16.304842  0.000327 59.760200     67.17     36.72     12.11
   814532.810727 16.305334  0.000353 61.257850     43.38    -17.78    -29.24
   814625.933732 16.307117  0.000585 62.755685     20.51    127.67      4.79
   814719.056736 16.306384  0.000403 64.567751     -1.09   -163.92     30.00
   814812.179740 16.308274  0.000589 64.813135    -21.82   -135.80      9.65
   814905.302745 16.308274  0.000597 63.903634    -42.98    153.29      5.37
   814998.425749 16.310610  0.000686 62.570603    -64.80     -1.01      0.03
   815091.548754 16.307561  0.000443 60.461467    -87.89    109.73      6.56
   815184.671758 16.310344  0.000654 59.481604   -112.42    150.92      0.56
   815277.794763 16.306312  0.000169 59.788046   -136.96     98.28      3.11
   815370.917767 16.309012  0.000537 60.784216   -161.19    -39.10      6.43
   815464.040771 16.307867  0.000319 63.010255    175.90    140.46    -33.00
   815557.163776 16.309745  0.000519 64.346461    154.47    175.20    -14.07
   815650.286780 16.310865  0.000619 64.691788    133.47    131.81     -0.72
   815743.409785 16.312459  0.000663 64.210770    112.56      5.54     10.40
   815836.532789 16.310625  0.000526 62.175865     90.74   -173.49     -9.13
   815929.655794 16.309567  0.000364 60.443041     67.27    -92.48    -10.48
   816022.778798 16.309690  0.000333 59.598481     42.99   -140.78     33.14
   816115.901802 16.310932  0.000486 59.560357     18.14    160.13      4.61
   816209.024807 16.314345  0.000702 61.396795     -5.95     -8.54      0.56
   816302.147811 16.311097  0.000414 63.132874    -28.44     79.16     13.58
   816395.270816 16.312856  0.000597 64.420741    -49.96    114.79     -5.49
   816488.393820 16.313001  0.000509 64.949886    -70.65     16.10     23.99
   816581.516824 16.313509  0.000597 63.528101    -91.66   -119.27      6.26
   816674.639829 16.313330  0.000531 61.726480   -114.09     -1.50     13.42
   816767.762833 16.313538  0.000490 60.205390   -137.63     26.17     26.73
   816860.885838 16.313210  0.000479 59.198267   -162.41     15.22     -3.50
   816954.008842 16.311783  0.000225 60.310771    172.83   -138.15     24.55
   817047.131847 16.315899  0.000646 61.924448    149.41     32.44      2.42
   817140.254851 16.314902  0.000562 63.680927    127.14    105.77     -6.78
   817233.377855 16.312591  0.000213 64.999198    106.23     50.70     26.21
   817326.500860 16.314492  0.000461 64.291159     85.56    -22.61     -6.90
   817419.623864 16.316879  0.000651 62.769176     63.87    144.56     -2.75
   817512.746869 16.316081  0.000514 61.007366     41.07   -156.31     25.52
   817605.869873 16.316401  0.000583 59.343552     16.66   -119.70     -5.41
   817698.992878 16.318712  0.000676 59.770615     -8.34    163.06     -5.79
   817792.115882 16.317262  0.000570 61.066847    -32.38      6.55    -12.68
   817885.238886 16.317415  0.000590 62.949150    -55.30    112.45     -6.19
   817978.361891 16.317009  0.000464 64.754748    -76.56    159.79    -27.55
   818071.484895 16.317869  0.000571 64.600190    -97.16     66.69      6.80
   818164.607900 16.318152  0.000560 63.422016   -118.43    -56.25    -11.48
   818257.730904 16.316728  0.000352 61.640507   -140.72     32.92     34.17
   818350.853909 16.318513  0.000562 59.617001   -164.76    113.91      6.50
   818443.976913 16.316329  0.000221 59.580852    170.22    117.34    -26.34
   818537.099917 16.318569  0.000462 60.592095    145.84     -7.52    -16.26
   818630.222922 16.320066  0.000616 62.466073    122.49    136.20      1.17
   818723.345926 16.320579  0.000569 64.519110    100.97   -167.54     19.57
   818816.468931 16.320552  0.000608 64.689919     80.35   -153.77     -4.37
   818909.591935 16.320288  0.000547 63.722341     59.27    120.90    -11.82
   819002.714939 16.318103  0.000217 61.963642     37.25    -37.70    -29.93
   819095.837944 16.320622  0.000547 59.781833     13.40     41.32     -7.06
   819188.960948 16.319213  0.000306 59.535342    -11.63     25.07     28.69
   819282.083953 16.321611  0.000544 60.434062    -36.14      2.86    -14.72
   819375.206957 16.320927  0.000475 62.311608    -59.64   -168.71      7.25
   819468.329962 16.322517  0.000539 64.451698    -81.24    -15.65    -21.84
   819561.452966 16.322322  0.000557 64.700587   -101.84      9.36     -7.78
   819654.575970 16.323594  0.000643 63.734522   -122.88    -38.26     -3.62
   819747.698975 16.325272  0.000695 61.942681   -144.89   -171.06      1.94
   819840.821979 16.322285  0.000472 59.742316   -168.80    -19.27      1.65
   819933.944984 16.321634  0.000308 59.545321    166.10     21.90     29.73
   820027.067988 16.325191  0.000649 60.552774    141.60     32.14      3.60
   820120.190993 16.324500  0.000613 62.493634    118.22    -60.47     -3.66
   820213.313997 16.322142  0.000267 64.585101     96.78    140.32    -30.70
   820306.437001 16.325116  0.000605 64.654881     76.26   -156.45     -4.91
   820399.560006 16.324094  0.000469 63.469694     55.13   -167.34     12.73
   820492.683010 16.323819  0.000374 61.584161     32.84    160.92    -32.23
   820585.806015 16.324659  0.000479 59.518602      8.63    -33.48      4.30
   820678.929019 16.323241  0.000235 59.651138    -16.58    113.29    -22.67
   820772.052024 16.324091  0.000312 60.989479    -40.87    132.37     -7.38
   820865.175028 16.325776  0.000511 63.000569    -63.83     83.00     -7.73
   820958.298032 16.325136  0.000353 64.843395    -84.93    -29.52    -31.10
   821051.421037 16.326757  0.000541 64.454296   -105.37     70.63      8.44
   821144.544041 16.328164  0.000632 62.854073   -126.83    140.09     -3.05
   821237.667046 16.324927  0.000213 60.925114   -149.69    142.68    -30.76
   821330.790050 16.326958  0.000482 59.252764   -174.39     10.09     -4.43
   821423.913054 16.330171  0.000688 60.012994    160.39    171.14      5.46
   821517.036059 16.327395  0.000438 61.793311    136.62   -115.96     17.60
   821610.159063 16.328276  0.000538 63.736595    114.38    -90.11     -7.35
   821703.282068 16.331208  0.000689 65.018590     93.71    177.71     -0.03
   821796.405072 16.329522  0.000593 63.902129     73.15     16.42     -7.40
   821889.528077 16.330025  0.000601 61.851480     51.01    127.40     -8.10
   821982.651081 16.330032  0.000528 60.124277     27.27    170.95    -24.11
   822075.774085 16.330361  0.000610 59.234707      2.11     90.22      2.67
   822168.897090 16.331078  0.000580 60.855689    -22.73    -25.71    -18.94
   822262.020094 16.329134  0.000378 62.963051    -45.57     75.45     15.92
   822355.143099 16.331284  0.000616 64.441835    -66.94    140.53      2.94
   822448.266103 16.329159  0.000296 64.761964    -87.37    142.99    -32.39
   822541.389108 16.331333  0.000532 62.790201   -108.51      4.71     -9.95
   822634.512112 16.332734  0.000624 60.572851   -131.79    153.83      4.75
   822727.635116 16.331053  0.000409 59.573904   -156.46   -150.16     29.75
   822820.758121 16.332603  0.000602 59.865186    178.36   -117.15     -4.58
   822913.881125 16.334406  0.000669 62.276675    154.51    161.71     -9.42
   823007.004130 16.332785  0.000518 64.212565    132.93     -4.30    -15.95
   823100.127134 16.332972  0.000555 64.619163    112.26     89.66     -5.66
   823193.250139 16.331143  0.000248 63.704232     91.46    132.78    -28.34
   823286.373143 16.334575  0.000631 61.158285     69.08     41.38      1.51
   823379.496147 16.332825  0.000413 59.508528     44.42    -86.70    -11.99
   823472.619152 16.335590  0.000604 59.877982     19.30     19.76     16.25
   823565.742156 16.334986  0.000621 61.391020     -4.98     86.23      0.79
   823658.865161 16.333086  0.000335 63.951061    -27.26     25.21     27.57
   823751.988165 16.333087  0.000299 64.854004    -47.74    -63.78     -3.59
   823845.111169 16.335501  0.000584 63.699338    -68.50     95.68     -5.16
   823938.234174 16.337910  0.000683 61.819715    -90.61    172.34     -6.36
   824031.357178 16.335255  0.000460 59.634866   -114.70    171.23    -11.18
   824124.480183 16.334770  0.000370 59.525063   -140.21     82.80     -9.54
   824217.603187 16.334188  0.000244 61.466265   -164.53   -126.76     27.78
   824310.726192 16.336083  0.000506 63.416714    173.00      6.84     -2.69
   824403.849196 16.337655  0.000557 64.921458    152.18      3.09     19.52
   824496.972200 16.336079  0.000379 64.054512    131.81    -23.73    -19.69
   824590.095205 16.337334  0.000525 61.607683    109.68    163.58      6.55
   824683.218209 16.336941  0.000397 59.959419     85.56    -26.80    -31.06
   824776.341214 16.337882  0.000501 59.440407     60.34      2.83    -10.83
   824869.464218 16.339604  0.000628 61.232440     35.60    -37.52     -3.52
   824962.587223 16.340974  0.000687 63.786662     13.32   -168.44      7.65
   825055.710227 16.338358  0.000507 64.609376     -7.40     -2.32     -2.34
   825148.833231 16.336964  0.000243 64.042645    -28.04     57.24     11.31
   825241.956236 16.339795  0.000535 61.715168    -49.93     40.91     18.10
   825335.079240 16.340235  0.000577 59.532135    -74.37    -36.38      6.45
   825428.202245 16.342097  0.000650 59.800041    -99.73    170.42    -11.83
   825521.325249 16.340492  0.000550 61.375792   -124.05   -106.09      8.80
   825614.448254 16.340422  0.000506 63.786348   -146.43    -64.30    -13.17
   825707.571258 16.342149  0.000592 64.990345   -166.84   -161.49     17.82
   825800.694262 16.341793  0.000623 63.485007    172.53     67.82      0.03
   825893.817267 16.342181  0.000564 61.380050    150.00   -179.33     17.93
   825986.940271 16.341608  0.000489 59.567859    125.59   -132.46     19.95
   826080.063276 16.341172  0.000434 59.684828     99.99   -143.34     -1.00
   826173.186280 16.339820  0.000185 62.168869     75.98    120.45    -21.90
   826266.309284 16.342870  0.000559 64.084658     54.31   -111.65      7.50
   826359.432289 16.344090  0.000635 64.669935     33.78    -30.49      0.40
   826452.555293 16.343185  0.000478 63.338728     13.03    -12.09    -27.61
   826545.678298 16.343952  0.000603 60.513593     -9.95   -125.82     -3.74
   826638.801302 16.341545  0.000248 59.482428    -35.16     39.09     21.30
   826731.924307 16.344497  0.000539 60.338081    -60.25   -177.54    -15.95
   826825.047311 16.343845  0.000498 62.568638    -83.85   -178.22      7.27
   826918.170315 16.343890  0.000419 64.792395   -104.95    155.93    -30.38
   827011.293320 16.344386  0.000477 64.329649   -125.13    -12.75     -9.19
   827104.416324 16.345577  0.000559 62.241570   -146.74    119.24     -9.23
   827197.539329 16.347167  0.000616 60.185675   -170.43    176.79    -16.42
   827290.662333 16.345391  0.000513 59.266698    164.09    123.03      7.23
   827383.785338 16.347208  0.000588 61.274484    139.16     -0.95     17.91
   827476.908342 16.347427  0.000619 63.659575    116.86   -172.02    -10.72
   827570.031346 16.346369  0.000535 64.639519     96.17    -99.57     -6.32
   827663.154351 16.344786  0.000250 63.882593     75.68   -143.37     30.76
   827756.277355 16.346654  0.000462 61.124861     53.39    170.20    -10.71
   827849.400360 16.348261  0.000582 59.402842     28.40    -16.67      9.20
   827942.523364 16.345017  0.000168 60.178786      3.06    115.42    -13.07
   828035.646369 16.347808  0.000544 62.172343    -20.80    122.63      5.62
   828128.769373 16.345971  0.000233 64.589219    -42.27     54.94     14.23
   828221.892377 16.346603  0.000282 64.567828    -62.33    -78.14      3.21
   828315.015382 16.348431  0.000509 62.285420    -83.76     66.96     -6.31
   828408.138386 16.347734  0.000338 60.238826   -107.49    148.87    -33.43
   828501.261391 16.349219  0.000503 59.349788   -132.89     78.99     10.12
   828594.384395 16.350966  0.000637 61.171743   -157.92    -23.93      4.43
   828687.507399 16.350196  0.000500 63.908070    179.85    170.47    -25.17
   828780.630404 16.350593  0.000600 64.600742    159.39   -130.08     -3.76
   828873.753408 16.349333  0.000381 63.560659    138.69   -160.12     25.03
   828966.876413 16.349945  0.000408 60.946504    116.16    164.15    -22.15
   829059.999417 16.351339  0.000557 59.219001     90.88    -27.36      7.73
   829153.122422 16.348749  0.000166 60.540264     65.50    113.62    -17.86
   829246.245426 16.350658  0.000427 62.783796     42.24    123.10      2.98
   829339.368430 16.350728  0.000391 64.649293     21.17     79.29     -6.94
   829432.491435 16.350123  0.000247 64.322476      1.06    -33.86    -32.00
   829525.614439 16.353152  0.000618 61.517419    -20.82     74.27      1.31
   829618.737444 16.354267  0.000614 59.696453    -45.47    151.00    -13.23
   829711.860448 16.351058  0.000267 59.844330    -70.94    120.68     -3.24
   829804.983453 16.352780  0.000475 62.000968    -95.24      7.70      6.59
   829898.106457 16.356167  0.000695 64.606380   -116.65   -178.97      3.94
   829991.229461 16.353543  0.000498 64.420642   -136.71    -98.04      9.68
   830084.352466 16.354084  0.000514 62.295237   -158.15    -70.32    -11.63
   830177.475470 16.356638  0.000652 60.103948    178.05   -166.61     10.13
   830270.598475 16.355208  0.000588 59.343900    152.35     54.37     -5.31
   830363.721479 16.357436  0.000695 61.703567    127.56    168.85      2.50
   830456.844484 16.357102  0.000673 64.112946    105.78   -155.45      2.63
   830549.967488 16.355846  0.000575 64.528667     85.43    154.50      5.67
   830643.090492 16.356797  0.000564 63.019162     64.56     10.00     20.65
   830736.213497 16.356472  0.000539 60.139055     41.19   -168.82    -10.06
   830829.336501 16.355148  0.000365 59.372544     15.39    -98.19     -9.18
   830922.459506 16.356193  0.000427 61.371897     -9.44   -149.71     29.47
   831015.582510 16.356610  0.000520 63.640773    -31.80    138.24      4.17
   831108.705514 16.358739  0.000627 64.868586    -52.17    -24.96    -14.11
   831201.828519 16.358090  0.000552 63.149675    -72.69     38.96     17.32
   831294.951523 16.357718  0.000528 60.255645    -96.07     81.09     -7.80
   831388.074528 16.360643  0.000670 59.563223   -121.59      2.06      7.67
   831481.197532 16.359480  0.000630 60.910215   -146.65   -135.99     -0.80
   831574.320537 16.359737  0.000618 63.682884   -169.31    -14.97      7.52
   831667.443541 16.360277  0.000598 64.953018    170.53     17.58     18.50
   831760.566545 16.358741  0.000501 62.991759    149.92      2.43     -4.13
   831853.689550 16.357360  0.000248 60.568321    126.63   -137.92     19.22
   831946.812554 16.361355  0.000628 59.400852    101.26     34.84      8.59
   832039.935559 16.360962  0.000619 60.883425     75.87    124.94     -0.64
   832133.058563 16.359056  0.000342 63.937376     53.46    151.62    -32.50
   832226.181568 16.361586  0.000627 64.658369     33.29     31.99     -2.70
   832319.304572 16.359923  0.000410 63.031890     12.50   -151.00      9.69
   832412.427576 16.361860  0.000521 60.542523    -10.64     -8.65    -23.96
   832505.550581 16.360891  0.000466 59.203526    -36.32     -0.17     -2.74
   832598.673585 16.361935  0.000503 61.333992    -61.55    -31.26    -24.39
   832691.796590 16.362565  0.000548 63.926720    -83.63   -179.45    -15.30
   832784.919594 16.363100  0.000622 64.554143   -103.95    -56.29     -0.50
   832878.042599 16.365264  0.000688 63.011969   -124.72     -2.63      1.49
   832971.165603 16.362243  0.000435 60.033064   -148.20    -16.50     -8.47
   833064.288607 16.361763  0.000337 59.442810   -174.20   -130.28      2.86
   833157.411612 16.364255  0.000547 61.730151    161.13     23.75     21.90
   833250.534616 16.363556  0.000539 63.984570    139.22    129.46      4.77
   833343.657621 16.365397  0.000617 64.692887    119.07    154.22    -15.07
   833436.780625 16.364523  0.000516 62.403639     98.11     44.09     17.78
   833529.903629 16.364829  0.000559 59.647038     73.81    -85.45     -7.47
   833623.026634 16.366119  0.000579 59.878791     47.94     11.38     19.96
   833716.149638 16.365794  0.000596 62.009376     23.67     66.09      5.64
   833809.272643 16.364993  0.000461 64.476115      2.22     14.73     13.12
   833902.395647 16.363606  0.000243 64.455427    -17.65   -131.08     30.45
   833995.518652 16.366504  0.000598 61.501177    -39.37     55.09     -3.80
   834088.641656 16.366743  0.000521 59.601441    -64.31    145.64    -20.77
   834181.764660 16.364642  0.000275 60.138976    -89.99    116.94     -0.49
   834274.887665 16.366133  0.000455 62.741906   -113.78     19.56      5.43
   834368.010669 16.368601  0.000608 64.945574   -134.40   -170.01     17.57
   834461.133674 16.366446  0.000421 63.606172   -154.47    -53.90      1.46
   834554.256678 16.369149  0.000646 60.821895   -177.22    -31.73      0.89
   834647.379683 16.365443  0.000181 59.506859    157.45   -105.85     16.51
   834740.502687 16.368135  0.000537 60.669317    131.89    124.76      6.27
   834833.625691 16.366197  0.000212 63.848787    109.21    -79.27    -14.21
   834926.748696 16.367688  0.000377 64.768596     89.23    -25.14    -18.32
   835019.871700 16.369789  0.000610 62.648725     68.38    -69.66     -3.77
   835112.994705 16.372140  0.000689 60.230413     44.69    177.37     -0.31
   835206.117709 16.369236  0.000473 59.430924     18.83     -2.66     -9.37
   835299.240714 16.368591  0.000352 61.918274     -6.01     86.96    -10.35
   835392.363718 16.368324  0.000273 64.603904    -27.27     52.10     26.54
   835485.486722 16.370004  0.000503 64.095640    -47.24      0.60     -2.45
   835578.609727 16.371733  0.000566 61.733848    -69.07    179.72     18.20
   835671.732731 16.369813  0.000360 59.472193    -93.84    -22.66    -19.15
   835764.855736 16.371301  0.000516 60.158226   -119.95    -10.80      9.89
   835857.978740 16.371519  0.000462 63.382529   -143.19    -17.79    -27.77
   835951.101744 16.372139  0.000563 64.654191   -163.51   -167.32     -7.74
   836044.224749 16.373567  0.000645 63.236790    176.01    -27.04      1.64
   836137.347753 16.373179  0.000541 60.530410    152.95     21.94     22.25
   836230.470758 16.372788  0.000541 59.232780    127.01     42.63     -6.87
   836323.593762 16.373115  0.000489 61.734522    101.87    -30.88    -24.29
   836416.716767 16.371800  0.000345 64.305726     80.32    139.54    -12.00
   836509.839771 16.372828  0.000460 64.250501     60.27   -129.45     -2.43
   836602.962775 16.371825  0.000249 61.978471     38.80   -147.23     34.95
   836696.085780 16.374498  0.000543 59.351075     14.02   -162.08     -8.81
   836789.208784 16.373028  0.000331 60.254462    -12.16     42.95      8.10
   836882.331789 16.377136  0.000689 63.337428    -35.34   -171.68     -1.21
   836975.454793 16.375408  0.000603 64.574812    -55.72   -117.72     -2.99
   837068.577798 16.375387  0.000493 63.279759    -76.18   -173.26     23.25
   837161.700802 16.373791  0.000293 60.247824    -99.40     86.56     14.57
   837254.823806 16.376113  0.000558 59.359218   -125.64    -76.95     -8.11
   837347.946811 16.378830  0.000690 62.086174   -150.37      2.31      2.47
   837441.069815 16.376622  0.000556 64.336753   -171.68     15.71     -6.28
   837534.192820 16.376890  0.000535 64.138218    168.30    -55.35    -12.75
   837627.315824 16.376222  0.000393 61.477754    146.49    163.32    -29.68
   837720.438829 16.377896  0.000607 59.161847    121.08   -100.63     -1.14
   837813.561833 16.377309  0.000460 60.880725     95.19    -31.76    -26.29
   837906.684837 16.377289  0.000457 63.724962     72.69   -117.50     17.16
   837999.807842 16.378967  0.000629 64.534462     52.54    133.81      0.71
   838092.930846 16.376252  0.000243 62.630093     31.75    -36.90    -35.33
   838186.053851 16.378716  0.000527 59.576608      7.52     12.87     -9.79
   838279.176855 16.380031  0.000587 59.919695    -18.85    -10.86     10.80
   838372.299859 16.376993  0.000218 62.946000    -42.57   -106.44     17.91
   838465.422864 16.379970  0.000607 64.551614    -63.16     97.03      1.91
   838558.545868 16.380401  0.000539 63.497149    -83.39   -176.15     20.80
   838651.668873 16.381137  0.000599 60.350232   -106.41   -140.02     11.02
   838744.791877 16.380310  0.000519 59.339874   -132.71    170.37     10.11
   838837.914882 16.380766  0.000480 62.092447   -157.52     18.82     27.34
   838931.037886 16.380957  0.000552 64.365662   -178.76   -166.05     -7.19
   839024.160890 16.379693  0.000341 64.032995    161.26   -113.38     -1.32
   839117.283895 16.382290  0.000548 61.216110    139.22   -155.81     19.38
   839210.406899 16.381879  0.000557 59.139256    113.50    118.50      6.56
   839303.529904 16.381996  0.000478 61.276129     87.79    -29.02    -25.76
   839396.652908 16.383759  0.000646 64.079048     65.83     34.60      4.64
   839489.775913 16.381694  0.000451 64.326119     45.86     52.81     -1.85
   839582.898917 16.385112  0.000664 61.948491     24.51     -6.09    -11.95
   839676.021921 16.383476  0.000549 59.272071     -0.52   -156.48     -7.95
   839769.144926 16.385088  0.000639 60.552080    -26.75    -27.83     -2.34
   839862.267930 16.385951  0.000672 63.760849    -49.44     14.89      3.10
   839955.390935 16.383517  0.000512 64.478749    -69.45    -19.73      2.56
   840048.513939 16.383013  0.000356 62.465724    -90.37   -161.93     29.24
   840141.636944 16.386308  0.000661 59.597724   -114.73     30.54      2.87
   840234.759948 16.385761  0.000617 60.005851   -141.21    126.25     -4.67
   840327.882952 16.383850  0.000359 63.395125   -164.61    159.15    -34.80
   840421.005957 16.386098  0.000609 64.604314    175.27     44.10     -1.50
   840514.128961 16.384087  0.000326 62.770147    154.67   -121.50      2.26
   840607.251966 16.388247  0.000673 59.955685    130.79      6.43     -6.26
   840700.374970 16.386107  0.000528 59.662532    104.37     48.47     -6.64
   840793.497974 16.389007  0.000686 63.010823     80.33     -5.89      5.51
   840886.620979 16.387756  0.000610 64.742042     60.10   -138.74     10.33
   840979.743983 16.386296  0.000462 62.943147     39.71     17.12      6.48
   841072.866988 16.384598  0.000144 60.195898     16.09    111.95    -14.91
   841165.989992 16.387864  0.000564 59.546807    -10.21     85.59      6.77
   841259.112997 16.389015  0.000592 62.648795    -34.66     -6.32     11.37
   841352.236001 16.390467  0.000685 64.872757    -55.02   -169.01      0.40
   841445.359005 16.388776  0.000589 63.049918    -75.16    -67.10      4.22
   841538.482010 16.390580  0.000639 60.254165    -98.74    -20.94    -13.74
   841631.605014 16.387928  0.000398 59.602031   -124.92   -100.45     15.00
   841724.728019 16.390445  0.000639 62.394752   -149.58    142.13     -0.07
   841817.851023 16.387030  0.000182 64.928704   -170.08    -52.30    -24.45
   841910.974028 16.389276  0.000475 63.156876    169.94    -12.11     -4.85
   842004.097032 16.391844  0.000650 60.151077    146.34    -30.11     -3.77
   842097.220036 16.391151  0.000540 59.738720    120.17   -147.98     18.01
   842190.343041 16.390641  0.000545 62.311403     95.60     57.59     -5.66
   842283.466045 16.392772  0.000644 64.897117     74.97    162.55    -14.06
   842376.589050 16.391350  0.000525 63.234811     55.09    177.78    -15.12
   842469.712054 16.391913  0.000566 59.954267     31.35    109.15     -8.28
   842562.835059 16.391854  0.000481 59.870746      5.05    -11.73    -28.18
   842655.958063 16.392352  0.000577 62.470048    -19.27     91.02      5.34
   842749.081067 16.393966  0.000649 64.788039    -39.84    153.55     -5.30
   842842.204072 16.390717  0.000269 63.201140    -59.79    140.61    -23.03
   842935.327076 16.392285  0.000468 59.733498    -83.68     12.55     -1.70
   843028.450081 16.395629  0.000670 59.980231   -110.21    176.66      9.30
   843121.573085 16.392557  0.000424 62.847509   -134.09    -94.85     11.54
   843214.696089 16.393989  0.000560 64.650255   -154.49    -67.52     -8.59
   843307.819094 16.395646  0.000619 62.960094   -174.72   -167.84     16.93
   843400.942098 16.395081  0.000604 59.560669    161.09     58.56     -0.75
   843494.065103 16.395698  0.000577 60.106935    134.45    175.13     13.69
   843587.188107 16.395290  0.000522 63.365748    111.09   -143.76     18.24
   843680.311112 16.394634  0.000503 64.514685     91.04   -162.55     -0.75
   843773.434116 16.392827  0.000166 62.475548     70.31     75.25      3.30
   843866.557120 16.396376  0.000573 59.465841     45.69   -129.15     12.25
   843959.680125 16.397280  0.000640 60.347568     19.09    -32.35      2.35
   844052.803129 16.397241  0.000569 63.903915     -3.68     -7.24    -21.73
   844145.926134 16.397160  0.000605 64.381591    -23.38   -113.06      1.46
   844239.049138 16.395381  0.000336 61.770219    -44.74    103.37    -16.21
   844332.172143 16.399135  0.000657 59.447412    -69.97   -158.54      6.89
   844425.295147 16.397594  0.000566 60.792228    -96.17   -103.24     -6.11
   844518.418151 16.398692  0.000565 64.358585   -118.29   -173.55     21.05
   844611.541156 16.397599  0.000483 64.178338   -137.74     65.65     14.75
   844704.664160 16.396957  0.000394 60.943517   -159.95   -120.20     -3.41
   844797.787165 16.397930  0.000415 59.522640    174.13    -14.58    -30.62
   844890.910169 16.398352  0.000506 61.529988    148.63    -53.59      5.92
   844984.033174 16.397985  0.000376 64.634423    127.31   -155.29     20.37
   845077.156178 16.399624  0.000517 63.761672    107.79     33.90     20.50
   845170.279182 16.399196  0.000494 60.127689     84.64    162.42      5.23
   845263.402187 16.401297  0.000595 59.762520     58.10   -175.89     19.56
   845356.525191 16.399503  0.000460 62.517060     33.69    167.99    -11.72
   845449.648196 16.399886  0.000475 64.671302     13.15     13.83     11.24
   845542.771200 16.403202  0.000676 63.011201     -6.90    179.70     -7.89
   845635.894204 16.401688  0.000601 59.511477    -31.17   -116.19     -1.12
   845729.017209 16.399571  0.000293 60.257781    -57.89   -143.33     19.37
   845822.140213 16.400980  0.000439 63.600522    -80.98    165.06    -21.09
   845915.263218 16.401913  0.000568 64.403609   -100.81    -36.26      5.04
   846008.386222 16.399512  0.000174 61.933961   -121.94     51.16     22.90
   846101.509227 16.401302  0.000396 59.266379   -147.31     89.20     13.62
   846194.632231 16.401236  0.000340 61.077271   -173.61     49.86      3.13
   846287.755235 16.400296  0.000159 64.500513    164.69    -84.91      1.58
   846380.878240 16.403809  0.000604 63.804168    145.15     59.44     -1.34
   846474.001244 16.403992  0.000526 60.690712    122.50    139.17    -16.62
   846567.124249 16.401661  0.000237 59.532273     96.26    108.47      1.02
   846660.247253 16.403420  0.000472 62.184729     71.21     13.12      2.38
   846753.370258 16.406386  0.000657 64.924630     50.73   -177.72     13.49
   846846.493262 16.403298  0.000366 62.840411     30.81    -70.72      5.33
   846939.616266 16.406376  0.000648 59.621990      6.35    -39.25     -2.05
   847032.739271 16.402843  0.000212 60.372754    -20.14   -125.06     28.67
   847125.862275 16.405392  0.000552 63.428562    -43.37    119.73      5.29
   847218.985280 16.403766  0.000265 64.608565    -63.07    -88.76     -8.65
   847312.108284 16.405253  0.000399 61.577302    -84.24    -16.96    -22.71
   847405.231289 16.406983  0.000608 59.135160   -110.23    -59.10      2.82
   847498.354293 16.408025  0.000592 61.713584   -136.05   -173.00     19.11
   847591.477297 16.407868  0.000634 64.437042   -157.25     26.59     -3.71
   847684.600302 16.407861  0.000594 63.495728   -177.05    128.34     -9.59
   847777.723306 16.406942  0.000433 60.303907    159.78    167.40    -30.65
   847870.846311 16.408323  0.000601 59.581377    133.02     79.45     -0.65
   847963.969315 16.407595  0.000453 63.208543    108.90    -38.13    -24.04
   848057.092319 16.407664  0.000441 64.746173     89.21     50.78     20.23
   848150.215324 16.409151  0.000611 61.822828     68.34    123.18      2.87
   848243.338328 16.406572  0.000246 59.536238     42.94    142.38    -37.20
   848336.461333 16.409349  0.000550 60.990438     16.81     14.77    -10.27
   848429.584337 16.410243  0.000598 64.336011     -5.16    169.26     10.62
   848522.707342 16.407014  0.000166 64.001816    -24.51   -102.16     13.44
   848615.830346 16.410232  0.000572 60.155299    -47.43    -78.44      5.11
   848708.953350 16.409054  0.000364 59.759326    -74.25   -160.18     26.40
   848802.076355 16.409585  0.000405 62.932934    -98.40     64.95     16.88
   848895.199359 16.410066  0.000481 64.539503   -118.48   -144.91     -1.22
   848988.322364 16.408236  0.000140 62.299526   -139.08    -91.13     -3.18
   849081.445368 16.412196  0.000610 59.251456   -164.30   -123.43      5.36
   849174.568373 16.413067  0.000645 61.079342    169.18    145.98     -5.73
   849267.691377 16.410762  0.000373 64.538346    147.58    -18.19    -29.77
   849360.814381 16.412244  0.000565 63.566895    128.07     46.58     -4.43
   849453.937386 16.410564  0.000289 60.352512    104.92     32.47     23.51
   849547.060390 16.413524  0.000572 59.749792     78.33      5.91    -13.25
   849640.183395 16.412198  0.000459 62.956157     54.06   -156.05      3.61
   849733.306399 16.415322  0.000648 64.858883     34.33     -9.75    -13.28
   849826.429404 16.414551  0.000626 61.694154     13.55     31.81     -4.69
   849919.552408 16.414573  0.000575 59.289602    -12.40     -9.36     12.88
   850012.675412 16.412342  0.000295 61.612926    -38.26   -129.86     28.57
   850105.798417 16.414720  0.000602 64.363839    -59.57     72.45     -2.82
   850198.921421 16.416742  0.000671 63.473627    -79.25    163.63     -4.82
   850292.044426 16.415768  0.000572 59.900368   -102.82   -174.83    -13.95
   850385.167430 16.415808  0.000591 59.949580   -129.86    112.61     -4.30
   850478.290434 16.416019  0.000535 63.850816   -153.09    -14.55    -24.88
   850571.413439 16.415615  0.000527 64.289785   -172.48     79.11      9.55
   850664.536443 16.417595  0.000653 61.061281    165.63    144.89     -4.76
   850757.659448 16.413904  0.000215 59.508688    139.40    140.71    -25.47
   850850.782452 16.415937  0.000483 62.088566    114.04     10.01      0.06
   850943.905457 16.419034  0.000666 64.875025     93.65    173.83      5.75
   851037.028461 16.415923  0.000368 62.536452     73.67   -108.17     16.14
   851130.151465 16.417962  0.000583 59.277625     48.51    -72.26     -4.88
   851223.274470 16.418355  0.000536 61.110329     22.01   -166.79     25.36
   851316.397474 16.418567  0.000609 64.186897      0.16     64.99      4.32
   851409.520479 16.418256  0.000510 63.720277    -19.42   -177.76     16.24
   851502.643483 16.417222  0.000355 60.270117    -42.45   -140.31     30.56
   851595.766488 16.418641  0.000523 59.683023    -69.47   -126.42     -6.34
   851688.889492 16.418487  0.000430 63.590558    -93.22    148.68    -28.07
   851782.012496 16.417738  0.000327 64.497389   -112.57    -75.47      4.29
   851875.135501 16.418810  0.000451 61.057672   -134.22     15.10      5.39
   851968.258505 16.420718  0.000546 59.549262   -160.54     12.45     24.20
   852061.381510 16.419243  0.000450 62.130153    174.18    -25.77     -2.42
   852154.504514 16.421628  0.000623 64.750849    153.72    172.38     10.25
   852247.627519 16.419525  0.000357 62.510622    133.68    -18.08    -29.77
   852340.750523 16.420313  0.000461 59.176879    108.33      8.28     -0.06
   852433.873527 16.423682  0.000681 61.327200     81.84    -10.30     -4.07
   852526.996532 16.422206  0.000573 64.459797     60.47   -132.77      9.86
   852620.119536 16.420931  0.000446 63.255903     40.84     50.63     -2.69
   852713.242541 16.422869  0.000542 60.010378     17.08    166.52    -23.92
   852806.365545 16.421521  0.000448 60.083178     -9.83    165.12     -4.16
   852899.488549 16.421362  0.000368 63.944978    -32.93    115.34    -19.32
   852992.611554 16.421277  0.000320 64.276945    -52.08    -25.76    -28.08
   853085.734558 16.423673  0.000597 60.342986    -74.58     84.01     -3.15
   853178.857563 16.424548  0.000570 59.791799   -101.52    159.90    -19.42
   853271.980567 16.422382  0.000364 63.066223   -125.66    115.26      1.49
   853365.103572 16.423773  0.000515 64.464037   -145.42      0.76      8.89
   853458.226576 16.427051  0.000692 61.574052   -166.54   -178.13      1.58
   853551.349580 16.424450  0.000529 59.171249    167.15    -85.20      8.44
   853644.472585 16.425297  0.000538 62.336806    141.53    -39.29    -17.52
   853737.595589 16.425299  0.000514 64.829432    121.48   -145.30     21.77
   853830.718594 16.425978  0.000606 62.006407    101.10     92.94     -1.58
   853923.841598 16.424374  0.000336 59.485466     75.51   -160.29     32.16
   854016.964603 16.424679  0.000375 61.420749     49.37    -72.51      5.41
   854110.087607 16.425948  0.000498 64.522514     28.17    -81.21     -8.89
   854203.210611 16.428814  0.000671 63.133812      8.58    175.27    -10.51
   854296.333616 16.426071  0.000448 59.352748    -15.99     -8.86     -5.70
   854389.456620 16.425209  0.000292 60.882728    -42.99    110.61    -20.87
   854482.579625 16.425139  0.000236 64.445502    -64.75    109.11     -1.36
   854575.702629 16.427201  0.000513 63.335278    -84.20     49.58     -4.82
   854668.825634 16.425225  0.000160 60.014997   -107.93    -86.72     -6.94
   854761.948638 16.429299  0.000612 60.199689   -134.85     47.13      4.30
   854855.071642 16.428927  0.000567 63.917456   -157.83    121.78     -8.20
   854948.194647 16.425943  0.000135 64.173076   -176.96     85.13      6.16
   855041.317651 16.428432  0.000476 60.069322    160.21      0.27     -6.68
   855134.440656 16.431067  0.000646 59.967501    132.94    171.11     10.59
   855227.563660 16.427446  0.000252 63.671622    109.53    -80.14      5.26
   855320.686664 16.430370  0.000612 64.096013     90.12    -56.18      2.01
   855413.809669 16.427707  0.000203 60.812789     67.95   -139.56     29.06
   855506.932673 16.429080  0.000376 59.543495     41.11    111.87      6.55
   855600.055678 16.429948  0.000441 63.160695     16.68    -83.04    -10.86
   855693.178682 16.431752  0.000546 64.681583     -2.64     -9.04    -22.94
   855786.301687 16.430568  0.000470 60.829429    -24.20    -52.21      5.35
   855879.424691 16.430127  0.000337 59.550116    -51.16   -162.06     27.17
   855972.547695 16.432508  0.000572 62.928511    -75.76     38.47     15.67
   856065.670700 16.432109  0.000565 64.425778    -95.53    154.02      5.62
   856158.793704 16.434683  0.000676 61.496650   -116.67    179.65      7.01
   856251.916709 16.431381  0.000383 59.277797   -143.12    144.81     -5.08
   856345.039713 16.432880  0.000520 62.562336   -168.50     -0.17     13.25
   856438.162718 16.434818  0.000618 64.855678    171.83    176.12    -16.04
   856531.285722 16.433969  0.000604 61.374907    151.00   -127.22     -3.48
   856624.408726 16.432298  0.000346 59.420470    124.45   -161.89     27.59
   856717.531731 16.432816  0.000390 62.436469     99.15    160.73    -20.22
   856810.654735 16.434616  0.000593 64.524701     79.04    -33.25      4.69
   856903.777740 16.431797  0.000154 61.910625     58.44     72.48     10.55
   856996.900744 16.433624  0.000394 59.199738     32.30    114.31      6.72
   857090.023749 16.433890  0.000386 62.246005      6.45     92.29    -12.07
   857183.146753 16.434545  0.000401 64.886082    -13.46    -16.15    -31.00
   857276.269757 16.435758  0.000564 61.618290    -33.98    101.34      5.95
   857369.392762 16.437550  0.000618 59.402433    -60.33    174.49     14.53
   857462.515766 16.437758  0.000643 62.242987    -85.88   -163.45     -6.76
   857555.638771 16.436952  0.000603 64.543253   -106.12    110.97     -4.31
   857648.761775 16.435952  0.000398 62.003740   -126.58    -25.32    -30.79
   857741.884780 16.437662  0.000582 59.177481   -152.69     62.14      5.65
   857835.007784 16.437458  0.000522 62.246283   -178.60    126.42    -13.35
   857928.130788 16.435862  0.000311 64.871165    161.53     38.69     33.01
   858021.253793 16.437488  0.000514 61.544352    140.95    -53.19      5.65
   858114.376797 16.437941  0.000474 59.423948    114.50    146.80    -26.24
   858207.499802 16.440103  0.000668 62.370733     89.07   -153.47      1.01
   858300.622806 16.437820  0.000457 64.534270     68.99   -152.51      3.20
   858393.745810 16.439051  0.000481 61.776821     48.32    161.12    -26.50
   858486.868815 16.438596  0.000457 59.199671     21.93     -5.57     -8.93
   858579.991819 16.439776  0.000541 62.564840     -3.64    131.16    -14.09
   858673.114824 16.441251  0.000619 64.807157    -23.22    177.24    -15.08
   858766.237828 16.439851  0.000530 61.154866    -44.24    124.23      6.03
   858859.360833 16.440943  0.000540 59.522908    -71.07      3.20     22.46
   858952.483837 16.442130  0.000650 62.809810    -95.94   -157.18     -3.72
   859045.606841 16.441357  0.000597 64.418102   -115.64    -66.03     -4.98
   859138.729846 16.439848  0.000345 61.244142   -136.95    -25.77    -33.49
   859231.852850 16.442249  0.000616 59.352162   -163.84   -121.69      1.19
   859324.975855 16.440783  0.000407 63.172246    171.42    114.10    -16.58
   859418.098859 16.442263  0.000512 64.570517    152.27   -152.55     22.15
   859511.221864 16.442658  0.000592 60.488684    130.32    -77.88      4.14
   859604.344868 16.439853  0.000181 59.842667    103.04    -66.43    -23.79
   859697.467872 16.443058  0.000552 63.500223     79.24   -177.06    -13.19
   859790.590877 16.443431  0.000584 64.046945     59.92    -19.67      6.71
   859883.713881 16.440479  0.000138 60.485529     37.42     75.49     12.39
   859976.836886 16.443091  0.000490 59.832258     10.13    106.93      8.18
   860069.959890 16.442161  0.000308 63.953003    -13.21     51.92      7.71
   860163.082895 16.441654  0.000183 63.969971    -32.13    -82.58      2.19
   860256.205899 16.444757  0.000584 59.695284    -55.60     70.62     -4.46
   860349.328903 16.445652  0.000561 60.587568    -83.01    158.81    -20.75
   860442.451908 16.443441  0.000349 64.246277   -105.17    128.39     -3.73
   860535.574912 16.444292  0.000433 63.208257   -124.54     24.06      6.41
   860628.697917 16.445980  0.000521 59.737660   -148.81   -162.97     24.69
   860721.820921 16.444947  0.000451 60.828309   -175.86    -22.30     -0.30
   860814.943925 16.446993  0.000592 64.612178    162.64     -3.77     12.42
   860908.066930 16.445606  0.000418 62.823711    143.27    -15.25    -26.85
   861001.189934 16.445896  0.000462 59.128147    117.80   -162.12     -2.35
   861094.312939 16.449603  0.000697 61.889331     91.22     -6.39      1.79
   861187.435943 16.447353  0.000545 64.647789     70.92     57.62     11.51
   861280.558948 16.446354  0.000422 61.812758     50.54     71.71     -6.56
   861373.681952 16.449962  0.000661 59.473309     24.32     -1.12    -11.13
   861466.804956 16.447688  0.000513 62.338764     -1.31   -163.74     -5.08
   861559.927961 16.449044  0.000569 64.652934    -21.07    -36.93    -13.06
   861653.050965 16.450116  0.000614 61.199541    -42.09      3.84    -13.41
   861746.173970 16.449000  0.000565 59.339486    -69.31    -46.89      6.50
   861839.296974 16.450247  0.000577 63.538471    -93.72   -174.40     21.07
   861932.419979 16.450310  0.000620 64.171649   -112.72     16.12     -7.28
   862025.542983 16.449567  0.000516 60.176234   -135.45    109.48    -12.35
   862118.665987 16.447402  0.000203 60.253450   -162.76    142.17    -31.37
   862211.788992 16.450447  0.000576 63.893900    174.31     45.03     -3.70
   862304.911996 16.448484  0.000272 63.590914    155.14   -111.38      0.96
   862398.035001 16.452833  0.000668 59.705881    131.24     19.47      3.75
   862491.158005 16.451283  0.000577 60.755276    103.86     88.81     -5.93
   862584.281010 16.449636  0.000319 64.770816     82.50     20.63     36.32
   862677.404014 16.450142  0.000360 62.494185     63.06    -45.86     -4.16
   862770.527018 16.453100  0.000630 59.221334     37.18    136.01     -3.85
   862863.650023 16.451909  0.000457 62.186529     11.02   -151.79     26.84
   862956.773027 16.452851  0.000600 64.490112     -9.02   -107.18      0.43
   863049.896032 16.453405  0.000566 61.481827    -29.84    178.49     15.41
   863143.019036 16.453060  0.000501 59.480424    -56.56     43.22     18.25
   863236.142040 16.452399  0.000465 62.997156    -81.49   -150.45     -0.16
   863329.265045 16.450632  0.000152 64.485390   -100.63    -64.57    -23.31
   863422.388049 16.453780  0.000533 60.215244   -122.92   -112.29     11.50
   863515.511054 16.455083  0.000608 60.065003   -150.65    165.00      9.61
   863608.634058 16.456718  0.000682 64.302260   -173.31      7.07     -2.17
   863701.757063 16.454590  0.000552 63.193677    167.61    108.69      4.75
   863794.880067 16.456745  0.000641 59.589298    143.05    156.35     -6.87
   863888.003071 16.453120  0.000269 61.273768    116.13    104.30      4.45
   863981.126076 16.455376  0.000553 64.488348     95.11    -21.78      5.85
   864074.249080 16.456469  0.000556 62.278447     75.22    163.10    -23.89
   864167.372085 16.457092  0.000636 59.163117     49.00   -136.72     -0.91
   864260.495089 16.454729  0.000339 62.632465     23.14   -146.47     13.97
   864353.618094 16.456627  0.000495 64.677914      3.87    170.31    -24.19
   864446.741098 16.456052  0.000467 60.495612    -17.84     -9.79     -0.80
   864539.864102 16.456752  0.000464 59.943353    -45.40    145.40    -24.61
   864632.987107 16.457871  0.000565 63.928615    -68.66   -178.35    -13.44
   864726.110111 16.458172  0.000608 63.451369    -87.76    131.33      2.47
   864819.233116 16.459378  0.000608 59.800521   -111.78      6.37     19.20
   864912.356120 16.458665  0.000588 60.911255   -138.99   -150.35     -7.30
   865005.479125 16.458495  0.000526 64.633615   -160.25    -50.43    -14.58
   865098.602129 16.457119  0.000319 62.317220   -179.87    -23.03    -30.45
   865191.725133 16.459277  0.000583 59.083819    153.75   -107.77     -4.64
   865284.848138 16.457861  0.000344 62.808596    128.01    138.06    -28.44
   865377.971142 16.459439  0.000502 64.498202    108.81   -130.09     15.66
   865471.094147 16.460613  0.000616 60.401262     86.81    -54.11      1.22
   865564.217151 16.457998  0.000276 60.140963     59.31    -23.56    -40.76
   865657.340155 16.460655  0.000590 63.912384     36.27   -153.23     -5.79
   865750.463160 16.460226  0.000484 63.375673     17.11      7.67     16.91
   865843.586164 16.459667  0.000357 59.578512     -7.29    163.09    -28.65
   865936.709169 16.460556  0.000492 61.261287    -34.46    164.58      5.21
   866029.832173 16.460768  0.000431 64.838228    -55.00    146.56    -26.97
   866122.955178 16.462247  0.000550 61.650127    -75.10      4.18    -14.18
   866216.078182 16.462731  0.000599 59.260385   -102.21    144.89      5.78
   866309.201186 16.461861  0.000447 63.444553   -126.96   -161.06     30.81
   866402.324191 16.463248  0.000627 63.983061   -145.92   -133.77     -1.67
   866495.447195 16.464589  0.000661 60.005201   -169.06    151.20     -5.05
   866588.570200 16.464504  0.000611 60.638016    163.53      5.71    -12.48
   866681.693204 16.463723  0.000597 64.298284    141.59    115.37      1.55
   866774.816209 16.465757  0.000661 62.686497    122.17    165.58     -5.99
   866867.939213 16.462254  0.000322 59.233376     96.40    136.95     -6.67
   866961.062217 16.463356  0.000445 62.352341     70.13     15.08      9.21
   867054.185222 16.467010  0.000701 64.724511     50.79   -175.29      7.18
   867147.308226 16.464462  0.000521 60.421356     29.11    -85.09      9.04
   867240.431231 16.465471  0.000545 60.042813      1.28    -35.93    -18.91
   867333.554235 16.465087  0.000481 64.237148    -21.47   -138.89     20.52
   867426.677240 16.465984  0.000610 62.965803    -40.58     98.13     -1.07
   867519.800244 16.463746  0.000272 59.509673    -65.66   -152.11     32.54
   867612.923248 16.464581  0.000360 61.793466    -92.30    -51.89     -1.14
   867706.046253 16.466648  0.000578 64.546663   -112.43    -62.64     -8.05
   867799.169257 16.469145  0.000682 61.255231   -133.27   -173.42      6.85
   867892.292262 16.466957  0.000553 59.488877   -160.72     34.20     -7.26
   867985.415266 16.468417  0.000615 63.946067    175.42    153.21    -14.35
   868078.538270 16.468409  0.000593 63.611172    156.71   -178.28    -15.40
   868171.661275 16.468289  0.000597 59.285728    132.15    120.01      2.84
   868264.784279 16.470396  0.000683 61.691586    105.00     -1.22      5.05
   868357.907284 16.467775  0.000479 64.611704     84.80    170.34    -11.42
   868451.030288 16.467172  0.000388 61.232925     64.09   -119.55     -3.03
   868544.153293 16.467410  0.000354 59.727609     36.90   -152.58     36.61
   868637.276297 16.468286  0.000488 63.496922     12.77    171.03     -1.32
   868730.399301 16.470414  0.000604 63.749728     -6.21     -2.19     14.42
   868823.522306 16.468519  0.000376 59.585214    -30.20    163.93    -22.72
   868916.645310 16.469097  0.000461 61.235820    -57.66   -168.63      5.61
   869009.768315 16.472494  0.000682 64.872670    -78.05    172.92     -6.28
   869102.891319 16.471128  0.000588 61.295425    -98.38     51.09      6.90
   869196.014324 16.469087  0.000337 59.491188   -125.90   -115.72     -4.17
   869289.137328 16.472346  0.000613 63.886474   -149.85     -3.36    -17.22
   869382.260332 16.470529  0.000494 63.420967   -168.71     -0.85     -3.26
   869475.383337 16.471469  0.000486 59.588162    166.83    -36.53    -22.78
   869568.506341 16.472242  0.000557 61.530560    139.80   -175.71    -14.71
   869661.629346 16.472636  0.000617 64.509457    119.39    -47.13      1.51
   869754.752350 16.473897  0.000617 61.364078     98.74      5.66     15.31
   869847.875355 16.473164  0.000582 59.536589     71.37     24.68     -7.80
   869940.998359 16.472936  0.000524 63.875601     47.48    -55.22    -12.93
   870034.121363 16.471325  0.000312 63.545145     28.77    157.30    -34.77
   870127.244368 16.473830  0.000596 59.167758      3.89   -113.62     -3.89
   870220.367372 16.472020  0.000327 62.033100    -23.14    -38.57    -34.26
   870313.490377 16.473946  0.000512 64.626745    -42.78   -130.19     15.46
   870406.613381 16.475039  0.000620 60.610058    -64.21    127.65      0.81
   870499.736385 16.472911  0.000322 60.128505    -91.88    -25.27    -34.69
   870592.859390 16.475351  0.000599 64.079698   -114.70     32.30     -3.86
   870685.982394 16.473914  0.000407 62.845098   -133.88     21.95     14.00
   870779.105399 16.475787  0.000528 59.407670   -159.42     -5.26    -23.18
   870872.228403 16.474824  0.000484 62.286424    174.23   -167.55     -1.51
   870965.351408 16.477399  0.000623 64.554180    154.91    -20.80    -14.16
   871058.474412 16.477747  0.000648 60.194537    132.79     25.63     -2.00
   871151.597416 16.475929  0.000482 60.363767    104.75      1.17     10.85
   871244.720421 16.473873  0.000151 64.739238     83.12    -72.63    -12.45
   871337.843425 16.476591  0.000507 61.982508     63.65     88.68      9.24
   871430.966430 16.476343  0.000413 59.329123     36.71   -167.19     19.14
   871524.089434 16.476717  0.000421 63.403297     11.82   -143.13     28.18
   871617.212439 16.477075  0.000500 63.701617     -7.09   -162.59     -2.53
   871710.335443 16.475176  0.000165 59.763766    -30.96     50.23     21.99
   871803.458447 16.479254  0.000606 61.289783    -58.28   -132.11      7.21
   871896.581452 16.479426  0.000621 64.555545    -78.81    -44.40     -1.64
   871989.704456 16.478578  0.000448 61.296910    -99.39    -17.19    -28.40
   872082.827461 16.479801  0.000611 59.587719   -127.00   -115.88      0.93
   872175.950465 16.477988  0.000357 64.137509   -150.47    111.70    -17.60
   872269.073470 16.480875  0.000597 63.117364   -169.21   -155.94     15.47
   872362.196474 16.480476  0.000611 59.060396    165.05    -83.37     -0.91
   872455.319478 16.477383  0.000168 62.719499    138.72   -133.96     28.71
   872548.442483 16.479540  0.000437 64.294139    119.69    160.97    -13.08
   872641.565487 16.481843  0.000629 59.933304     96.92    -34.54      2.91
   872734.688492 16.478851  0.000255 60.908092     69.20     42.66     33.22
   872827.811496 16.481271  0.000565 64.448380     48.00     93.58      5.46
   872920.934500 16.480097  0.000349 61.683244     27.92     25.84     18.11
   873014.057505 16.479398  0.000216 59.581400      0.80    -99.09     17.13
   873107.180509 16.482048  0.000563 63.590898    -23.50     77.98     -5.59
   873200.303514 16.483590  0.000588 63.530215    -42.28    162.45    -19.42
   873293.426518 16.481308  0.000370 59.234683    -67.19    150.02     -7.72
   873386.549523 16.481399  0.000350 62.171933    -94.15     73.29     -6.00
   873479.672527 16.480565  0.000188 64.640814   -113.37   -117.53     23.05
   873572.795531 16.483542  0.000549 60.017577   -135.53     36.15     -6.34
   873665.918536 16.481501  0.000241 60.669690   -163.61     97.75    -14.22
   873759.041540 16.484570  0.000559 64.672231    175.15     33.74     17.66
   873852.164545 16.484849  0.000614 61.521110    155.19    -61.18      2.63
   873945.287549 16.483312  0.000378 59.675203    127.88    159.04    -37.39
   874038.410554 16.485722  0.000636 63.678505    103.82   -139.18     -0.27
   874131.533558 16.483542  0.000355 63.222562     84.89   -123.03      0.48
   874224.656562 16.487806  0.000673 59.445516     59.80   -173.91     -3.48
   874317.779567 16.485855  0.000584 62.192133     33.16     57.08     -4.47
   874410.902571 16.486626  0.000572 64.452935     13.88   -179.13     16.65
   874504.025576 16.484380  0.000310 60.055348     -8.52   -116.91     24.46
   874597.148580 16.486505  0.000556 60.702284    -36.60    -84.41     -8.12
   874690.271585 16.489477  0.000706 64.861129    -57.47    179.08      2.49
   874783.394589 16.487569  0.000597 61.189692    -77.64     24.72     -7.24
   874876.517593 16.488745  0.000645 59.698804   -105.54    148.59     -3.32
   874969.640598 16.489772  0.000685 64.283748   -128.70   -170.18     -0.27
   875062.763602 16.487121  0.000485 62.570092   -147.65    150.75      1.95
   875155.886607 16.486656  0.000349 59.358929   -173.90     18.12     28.43
   875249.009611 16.489640  0.000629 63.023871    160.53   -145.50      7.09
   875342.132615 16.489233  0.000620 63.785340    141.57    -48.71      1.99
   875435.255620 16.490572  0.000614 59.742924    117.75     -9.78    -17.96
   875528.378624 16.488995  0.000539 61.479995     90.35    -90.28      8.15
   875621.501629 16.490613  0.000625 64.591942     70.36    145.74     -6.82
   875714.624633 16.487069  0.000178 60.613594     49.00    -69.96     -6.84
   875807.747638 16.489183  0.000465 60.179258     20.88     -2.63      1.01
   875900.870642 16.492478  0.000676 64.708255     -0.87    -10.37     -0.27
   875993.993646 16.489521  0.000411 61.744990    -20.42   -120.78     20.87
   876087.116651 16.491131  0.000578 59.385327    -48.04    110.78     -7.33
   876180.239655 16.491116  0.000492 64.145370    -71.89   -164.04     28.71
   876273.362660 16.491509  0.000573 62.834093    -90.62   -103.07      6.48
   876366.485664 16.489626  0.000292 59.269096   -116.67   -140.75     14.24
   876459.608669 16.490001  0.000304 63.008418   -142.48    149.01    -23.80
   876552.731673 16.492391  0.000599 63.786640   -161.37    -69.75      2.85
   876645.854677 16.492662  0.000512 59.683181    174.73      5.72     23.38
   876738.977682 16.493685  0.000615 61.660706    147.43     43.08      8.09
   876832.100686 16.493249  0.000579 64.427790    127.55    -18.58      7.63
   876925.223691 16.494568  0.000603 60.501821    105.84   -169.11     20.05
   877018.346695 16.492857  0.000484 60.407775     77.78      9.17     -6.20
   877111.469700 16.491539  0.000262 64.690331     56.40     68.15      2.92
   877204.592704 16.493764  0.000478 61.444808     36.46     36.58     23.05
   877297.715708 16.493941  0.000506 59.565451      8.56    -25.87      6.56
   877390.838713 16.496934  0.000690 64.423251    -14.56    175.53      3.63
   877483.961717 16.493114  0.000324 62.402676    -33.45    -67.06      2.66
   877577.084722 16.495869  0.000600 59.205770    -60.40    -23.63      8.34
   877670.207726 16.494480  0.000419 63.708999    -85.25    -12.89    -33.51
   877763.330730 16.495474  0.000547 63.226255   -103.89   -154.30     -6.52
   877856.453735 16.496662  0.000552 59.347673   -129.26     -2.63     18.01
   877949.576739 16.494068  0.000269 62.641592   -155.62    122.16     -7.35
   878042.699744 16.496748  0.000587 63.948779   -174.65    127.59      2.68
   878135.822748 16.493966  0.000176 59.793253    161.85     46.35     26.81
   878228.945753 16.495509  0.000381 61.516604    134.35    -59.11      2.25
   878322.068757 16.496512  0.000466 64.473629    114.43    101.09    -12.24
   878415.191761 16.499115  0.000621 60.436736     92.72    176.63    -18.05
   878508.314766 16.496927  0.000469 60.508713     64.56    155.72      3.20
   878601.437770 16.495574  0.000218 64.756800     43.49     70.20      4.64
   878694.560775 16.496476  0.000297 61.112928     23.24   -105.31     17.47
   878787.683779 16.497670  0.000441 59.823920     -4.94     46.37     -4.16
   878880.806784 16.495992  0.000147 64.639550    -27.31     94.54     -6.08
   878973.929788 16.499945  0.000607 61.824686    -46.59     48.85      5.46
   879067.052792 16.500603  0.000630 59.452375    -74.22    -40.65     -6.09
   879160.175797 16.498240  0.000351 64.173962    -97.97    163.86    -33.80
   879253.298801 16.500015  0.000576 62.522952   -116.81   -129.55     -5.08
   879346.421806 16.497502  0.000182 59.384037   -143.39   -118.98     11.31
   879439.544810 16.501937  0.000652 63.411716   -168.50   -157.86     -2.03
   879532.667815 16.500207  0.000495 63.264181    172.76     70.88     -5.66
   879625.790819 16.501123  0.000482 59.444565    147.52   -166.39     26.27
   879718.913823 16.500284  0.000445 62.595602    121.14    -66.56      5.48
   879812.036828 16.501749  0.000543 63.945058    102.20    -53.61    -12.46
   879905.159832 16.503324  0.000617 59.608198     78.33   -160.32     16.71
   879998.282837 16.502279  0.000582 61.827645     50.89     71.67     -4.89
   880091.405841 16.504032  0.000631 64.511247     31.59    178.12     13.40
   880184.528845 16.502920  0.000533 59.810581      8.96   -131.47     13.88
   880277.651850 16.501747  0.000407 61.247470    -19.15   -138.10      1.71
   880370.774854 16.501509  0.000329 64.781168    -38.99    153.46    -35.10
   880463.897859 16.502433  0.000428 60.137495    -60.60    -69.76      8.02
   880557.020863 16.501965  0.000319 60.799343    -89.00     33.00     16.65
   880650.143868 16.502275  0.000329 64.778618   -109.59     43.19     31.57
   880743.266872 16.503489  0.000481 60.575359   -130.43     29.01     -4.73
   880836.389876 16.501581  0.000142 60.446884   -158.69    -88.95     -5.94
   880929.512881 16.505183  0.000561 64.539101    179.80     51.16     10.14
   881022.635885 16.505923  0.000612 61.168902    159.64    138.47      1.90
   881115.758890 16.506257  0.000553 60.067607    131.75    171.48    -21.01
   881208.881894 16.505917  0.000595 64.257420    109.21     73.74      4.42
   881302.004899 16.505411  0.000464 61.816290     89.65    -55.22    -18.09
   881395.127903 16.505546  0.000440 59.684984     62.19     41.28     24.86
   881488.250907 16.506793  0.000610 64.006985     38.61    123.07      2.57
   881581.373912 16.504475  0.000258 62.438402     19.59    135.72    -32.36
   881674.496916 16.507753  0.000597 59.320399     -7.44     21.30     -8.56
   881767.619921 16.506530  0.000467 63.861724    -31.87   -168.31     11.89
   881860.742925 16.506686  0.000405 62.872609    -50.49    -17.77    -31.43
   881953.865930 16.506919  0.000449 59.104079    -77.13     -5.13     -4.47
   882046.988934 16.508832  0.000584 63.730443   -102.22    -31.73    -16.05
   882140.111938 16.510405  0.000677 63.133834   -120.64   -166.63     -4.00
   882233.234943 16.507884  0.000471 59.046390   -146.94     -7.75      7.19
   882326.357947 16.505831  0.000129 63.567115   -172.47    110.52    -18.78
   882419.480952 16.508132  0.000430 63.251352    169.09     89.93      9.67
   882512.603956 16.507961  0.000368 59.163359    143.26     30.42      9.39
   882605.726960 16.507196  0.000218 63.268283    117.36   -122.96     25.66
   882698.849965 16.510164  0.000594 63.386768     98.80     45.66     -4.01
   882791.972969 16.509484  0.000437 59.335247     73.49    137.03    -25.29
   882885.095974 16.508246  0.000271 62.891759     47.20     99.97      5.55
   882978.218978 16.509839  0.000479 63.582648     28.42     12.30      3.46
   883071.341983 16.511484  0.000520 59.489714      3.68   -170.28     25.67
   883164.464987 16.510384  0.000460 62.510850    -23.01    -11.31     -8.02
   883257.587991 16.511018  0.000474 63.863772    -41.89      8.55     13.25
   883350.710996 16.513812  0.000642 59.509379    -66.13      2.08    -10.69
   883443.834000 16.512420  0.000602 62.266913    -93.22   -109.12     -2.63
   883536.957005 16.510129  0.000267 64.124076   -112.11     36.47     23.53
   883630.080009 16.512602  0.000496 59.432159   -136.04   -179.60    -20.39
   883723.203014 16.512300  0.000496 62.195623   -163.47    179.35      9.16
   883816.326018 16.512569  0.000445 64.293023    177.72    163.21    -32.58
   883909.449022 16.513176  0.000505 59.307427    153.89     11.47     -9.71
   884002.572027 16.515160  0.000639 62.257332    126.36    158.98      2.38
   884095.695031 16.513699  0.000469 64.286186    107.60   -150.49     24.62
   884188.818036 16.514338  0.000566 59.270414     83.76   -118.06     -5.21
   884281.941040 16.516849  0.000694 62.344721     56.26    168.71     -1.60
   884375.064045 16.516193  0.000648 64.159631     37.47     17.16     -6.16
   884468.187049 16.515879  0.000619 59.336087     13.53    140.18      4.98
   884561.310053 16.517103  0.000631 62.380950    -13.81   -169.29     15.32
   884654.433058 16.515201  0.000520 63.991821    -32.72   -171.55     -6.81
   884747.556062 16.514177  0.000338 59.481620    -56.67    105.38    -18.40
   884840.679067 16.513660  0.000217 62.327803    -83.89    -91.49     10.22
   884933.802071 16.515753  0.000509 63.915342   -102.88     29.36     -3.28
   885026.925075 16.514122  0.000228 59.587900   -126.84     29.63     32.82
   885120.048080 16.518195  0.000651 62.242896   -154.02     27.45     -1.90
   885213.171084 16.516560  0.000495 63.939374   -173.06    -86.08     -9.32
   885306.294089 16.515038  0.000243 59.585448    162.96     31.63     40.25
   885399.417093 16.516795  0.000469 62.235201    135.75    169.56     -2.68
   885492.540098 16.519325  0.000626 64.017975    116.87    169.19      7.89
   885585.663102 16.515866  0.000222 59.441618     92.71    130.37    -14.51
   885678.786106 16.518086  0.000519 62.393175     65.56    -23.06      5.72
   885771.909111 16.518228  0.000452 64.020805     46.88    153.05    -29.18
   885865.032115 16.520099  0.000620 59.227394     22.35   -157.80     -7.47
   885958.155120 16.519078  0.000507 62.718255     -4.64    178.78     14.37
   886051.278124 16.516719  0.000166 63.880499    -23.08    132.85    -27.57
   886144.401129 16.519283  0.000492 59.056405    -48.18    -58.16      7.02
   886237.524133 16.517702  0.000220 63.114427    -74.72     83.95     -5.65
   886330.647137 16.518393  0.000290 63.563161    -93.04    141.12    -19.23
   886423.770142 16.521049  0.000589 59.032226   -118.74    100.98     -2.71
   886516.893146 16.523508  0.000705 63.469362   -144.71     -3.24      1.71
   886610.016151 16.521191  0.000536 63.139515   -163.06   -173.46    -12.48
   886703.139155 16.521189  0.000504 59.166728    170.63    -62.36    -14.50
   886796.262160 16.520563  0.000385 63.715370    145.35    -14.68    -31.30
   886889.385164 16.522361  0.000609 62.701934    126.80    -99.20      1.38
   886982.508168 16.523692  0.000609 59.377338    100.04    155.11    -11.67
   887075.631173 16.520718  0.000323 63.863368     75.44    -41.36    -13.16
   887168.754177 16.521794  0.000459 62.345585     56.65     26.79     -0.58
   887261.877182 16.523158  0.000488 59.576491     29.49     12.08     27.47
   887355.000186 16.522298  0.000445 63.978153      5.54    -19.48     -7.35
   887448.123190 16.523843  0.000547 62.050913    -13.57    172.62     13.79
   887541.246195 16.524052  0.000514 59.718346    -41.10     -3.87    -24.24
   887634.369199 16.523699  0.000535 64.141523    -64.38     42.28     -4.89
   887727.492204 16.524874  0.000533 61.731209    -83.79      2.84     19.95
   887820.615208 16.522666  0.000292 59.864582   -111.72    -56.77     -2.31
   887913.738213 16.525501  0.000608 64.375940   -134.17    136.67      1.35
   888006.861217 16.522294  0.000168 61.295201   -154.05   -137.04     32.84
   888099.984221 16.524285  0.000435 60.108936    177.61    -59.08      6.00
   888193.107226 16.524404  0.000390 64.630239    156.10    -67.13    -17.51
   888286.230230 16.527390  0.000616 60.712447    135.54   -178.08    -16.06
   888379.353235 16.525555  0.000488 60.564144    106.93    -15.71      5.83
   888472.476239 16.523866  0.000191 64.752326     86.49    104.21    -14.78
   888565.599244 16.524924  0.000305 60.071399     64.94    108.38      5.11
   888658.722248 16.526050  0.000435 61.237719     36.43     79.78     -9.41
   888751.845252 16.525651  0.000327 64.632181     16.94    -21.62    -37.61
   888844.968257 16.527320  0.000528 59.498893     -5.88     89.99      9.02
   888938.091261 16.528963  0.000600 62.072315    -33.92    173.18     14.66
   889031.214266 16.530241  0.000677 64.211362    -52.66   -167.63     -2.62
   889124.337270 16.528805  0.000596 59.155905    -76.94    118.92      3.76
   889217.460275 16.530819  0.000661 62.885233   -104.00     -9.87     -7.46
   889310.583279 16.527307  0.000350 63.563411   -122.38    116.56      0.41
   889403.706283 16.529018  0.000501 59.108272   -148.04    172.95     11.38
   889496.829288 16.531858  0.000680 63.567774   -173.86   -178.18     -6.54
   889589.952292 16.530010  0.000592 62.775088    167.71     77.56      5.18
   889683.075297 16.528685  0.000378 59.354479    140.82    -49.81    -26.02
   889776.198301 16.531223  0.000595 64.023820    116.43     33.17     12.93
   889869.321305 16.530741  0.000584 61.983476     97.53     91.55     -4.14
   889962.444310 16.528740  0.000283 59.776184     69.78     25.88     36.30
   890055.567314 16.529777  0.000407 64.309307     46.86    -39.40     -4.94
   890148.690319 16.532294  0.000627 61.237712     27.14    134.31     -3.45
   890241.813323 16.530770  0.000414 60.320313     -1.11   -153.54     32.36
   890334.936328 16.532171  0.000608 64.406407    -22.62    -98.11      2.23
   890428.059332 16.531394  0.000428 60.588973    -43.52   -172.94     26.36
   890521.182336 16.530624  0.000329 60.946905    -71.87     75.99     18.43
   890614.305341 16.532165  0.000516 64.357563    -92.09   -101.88     -6.27
   890707.428345 16.534753  0.000626 59.980048   -114.41    -11.04    -13.63
   890800.551350 16.532538  0.000474 61.727193   -142.39     -2.49     -8.21
   890893.674354 16.532895  0.000481 64.075481   -161.53    -67.69    -13.53
   890986.797359 16.532918  0.000405 59.491177    174.45    168.61    -31.62
   891079.920363 16.534270  0.000602 62.620997    147.40    -79.19      2.72
   891173.043367 16.536525  0.000686 63.533869    128.87    -14.16     -0.47
   891266.166372 16.534137  0.000465 59.204961    103.07     -2.16    -19.10
   891359.289376 16.534074  0.000478 63.575381     77.53    -93.70     -8.99
   891452.412381 16.532075  0.000136 62.652399     59.03     98.54     -6.58
   891545.535385 16.536024  0.000599 59.336940     31.60   -135.74     -3.41
   891638.658390 16.534213  0.000373 64.350837      8.07    -74.76    -14.66
   891731.781394 16.535118  0.000430 61.523660    -11.20   -151.02     30.21
   891824.904398 16.535762  0.000529 59.970192    -39.74    136.13      7.07
   891918.027403 16.537716  0.000617 64.770496    -61.15    -18.70    -17.50
   892011.150407 16.536667  0.000526 60.316337    -81.99     51.46     16.16
   892104.273412 16.537036  0.000551 61.086031   -110.74    116.38    -10.64
   892197.396416 16.535973  0.000373 64.609603   -130.27     23.75     33.63
   892290.519420 16.536702  0.000471 59.390434   -153.31    -71.09      8.68
   892383.642425 16.536978  0.000432 62.412298    178.87    128.41    -20.20
   892476.765429 16.540166  0.000677 63.861108    160.46   -167.50     -0.38
   892569.888434 16.537422  0.000468 59.002210    135.00   -145.61     -5.33
   892663.011438 16.540241  0.000642 63.672171    109.05    166.67    -15.72
   892756.134443 16.539643  0.000607 62.612339     90.74     17.41     -8.81
   892849.257447 16.539998  0.000608 59.340398     63.20    154.35      7.54
   892942.380451 16.538698  0.000432 64.488304     39.74   -155.04     29.39
   893035.503456 16.539965  0.000588 61.211124     20.39   -129.81     -2.81
   893128.626460 16.541667  0.000660 60.280876     -8.25    158.62     -2.99
   893221.749465 16.541738  0.000643 64.697287    -29.28      8.22     -9.02
   893314.872469 16.540734  0.000591 59.989011    -50.65    123.84      4.83
   893407.995474 16.543051  0.000677 61.618224    -79.15   -179.47      9.79
   893501.118478 16.540493  0.000500 64.185163    -98.34    178.14    -12.04
   893594.241482 16.539538  0.000349 59.321069   -122.31     84.70    -12.10
   893687.364487 16.538883  0.000212 62.948860   -149.34   -119.61     25.81
   893780.487491 16.541246  0.000516 63.135111   -167.75     20.57     -4.92
   893873.610496 16.539734  0.000253 59.319283    165.82     37.01     21.74
   893966.733500 16.543917  0.000663 63.991785    141.15     21.35      2.43
   894059.856505 16.542709  0.000584 61.770933    122.22    -87.10     -4.62
   894152.979509 16.539453  0.000092 60.023320     94.08     85.02      2.05
   894246.102513 16.543000  0.000559 64.435387     72.06   -167.94     -8.39
   894339.225518 16.542506  0.000436 60.500216     51.35   -172.78     17.17
   894432.348522 16.544163  0.000541 61.191427     22.87    177.16    -19.68
   894525.471527 16.543366  0.000530 64.206982      3.11     31.45     -5.07
   894618.594531 16.545807  0.000639 59.599637    -20.20    173.55     10.43
   894711.717535 16.542968  0.000371 62.577319    -47.54   -107.21     17.30
   894804.840540 16.544717  0.000576 63.290163    -66.13    -81.18     -6.36
   894897.963544 16.546463  0.000608 59.402289    -92.19   -171.57     18.65
   894991.086549 16.545684  0.000618 63.740442   -117.17     62.34      3.00
   895084.209553 16.544978  0.000482 61.967145   -136.10   -174.78     17.30
   895177.332558 16.543197  0.000224 59.957026   -164.11   -106.94     20.45
   895270.455562 16.546164  0.000602 64.374178    173.82    -94.32     -2.10
   895363.578566 16.548351  0.000660 60.541317    153.05    171.87      5.09
   895456.701571 16.547820  0.000644 61.203842    124.59     25.47     -2.36
   895549.824575 16.547403  0.000625 64.162551    104.98    142.81      2.55
   895642.947580 16.549457  0.000684 59.557879     81.32   -173.88     10.01
   895736.070584 16.546480  0.000488 62.722463     54.21   -178.98     -5.22
   895829.193589 16.545293  0.000268 63.152521     35.72     72.88     -1.39
   895922.316593 16.546208  0.000335 59.375692      9.10   -125.21     25.20
   896015.439597 16.547255  0.000483 64.014071    -15.17     10.54      1.19
   896108.562602 16.547467  0.000407 61.569187    -34.41     13.50     29.13
   896201.685606 16.549269  0.000580 60.224802    -62.85     17.80     -9.66
   896294.808611 16.547685  0.000426 64.482457    -83.92   -100.46     -8.14
   896387.931615 16.547714  0.000369 60.057669   -105.70     20.87     38.62
   896481.054620 16.548395  0.000463 61.799506   -133.95    159.10      1.01
   896574.177624 16.551416  0.000663 63.905641   -152.76    169.75      5.97
   896667.300628 16.547712  0.000259 59.244476   -177.91    138.17    -15.86
   896760.423633 16.549716  0.000517 63.505703    156.21    -11.31      6.98
   896853.546637 16.551683  0.000586 62.365255    137.67    163.17    -17.55
   896946.669642 16.551706  0.000618 59.653623    109.73   -132.07      2.62
   897039.792646 16.549372  0.000367 64.503059     87.38   -127.90      3.14
   897132.915650 16.553010  0.000637 60.551508     66.82    178.04    -15.96
   897226.038655 16.550951  0.000507 61.156932     38.11     29.29     -5.83
   897319.161659 16.553860  0.000675 64.304143     18.78    163.10     -3.30
   897412.284664 16.553172  0.000601 59.289100     -5.30   -144.09      9.62
   897505.407668 16.551220  0.000437 63.105402    -32.12   -140.46      0.88
   897598.530673 16.552236  0.000462 62.851665    -50.42    159.33    -28.83
   897691.653677 16.551721  0.000412 59.381366    -77.89    -16.89     -7.57
   897784.776681 16.552451  0.000463 64.444467   -101.05    116.78    -15.02
   897877.899686 16.553662  0.000510 60.857628   -120.99    175.00    -26.43
   897971.022690 16.553521  0.000559 60.829211   -149.86    125.11      5.90
   898064.145695 16.554211  0.000522 64.478079   -169.52      4.83     23.63
   898157.268699 16.555611  0.000646 59.330334    166.93   -147.97      2.61
   898250.391704 16.555056  0.000612 62.932986    139.70    -32.80      3.82
   898343.514708 16.557150  0.000690 63.032558    121.47      0.23      1.79
   898436.637712 16.553717  0.000412 59.286217     94.18    -29.91     -1.93
   898529.760717 16.554173  0.000421 64.449354     70.77   -163.34     19.17
   898622.883721 16.557626  0.000668 60.898327     50.98     16.91      6.86
   898716.006726 16.555957  0.000590 60.797133     22.05    123.09      4.70
   898809.129730 16.557457  0.000614 64.497696      2.41    162.23    -15.58
   898902.252735 16.555064  0.000404 59.281661    -21.21     78.39     16.07
   898995.375739 16.557403  0.000614 63.028987    -48.38    -30.35      2.80
   899088.498743 16.555497  0.000369 62.923855    -66.58    159.26    -34.20
   899181.621748 16.557364  0.000577 59.327272    -94.10   -140.29     -6.39
   899274.744752 16.556005  0.000375 64.540654   -117.17   -158.88     21.31
   899367.867757 16.557678  0.000497 60.667951   -137.24    177.23    -24.62
   899460.990761 16.556852  0.000450 61.059886   -166.18     16.48      2.26
   899554.113765 16.560307  0.000676 64.372608    174.54    169.88    -10.71
   899647.236770 16.559355  0.000622 59.149768    150.28   -133.78      3.72
   899740.359774 16.557123  0.000362 63.380501    123.66   -135.91      5.48
   899833.482779 16.559183  0.000505 62.515683    105.38    169.37    -24.86
   899926.605783 16.558305  0.000459 59.556480     77.31     -0.14     -3.97
   900019.728788 16.559720  0.000540 64.658467     55.14    145.52    -19.08
   900112.851792 16.561366  0.000646 60.199297     34.27   -170.18     -9.81
   900205.974796 16.559740  0.000535 61.630289      5.54    159.83      8.78
   900299.097801 16.557492  0.000208 64.020032    -13.15     32.62     38.37
   900392.220805 16.560333  0.000521 59.055778    -38.62   -104.05     10.02
   900485.343810 16.560089  0.000452 63.907518    -64.08     11.58     15.58
   900578.466814 16.559555  0.000346 61.792380    -82.79     33.26     32.13
   900671.589819 16.561162  0.000538 60.079490   -111.49     46.76     -6.13
   900764.712823 16.560540  0.000413 64.653494   -132.29    -40.49    -26.82
   900857.835827 16.559440  0.000232 59.620693   -154.62    107.20      3.81
   900950.958832 16.560828  0.000424 62.498014    177.40   -138.43      0.51
   901044.081836 16.559931  0.000257 63.309873    159.16   -154.26     41.45
   901137.204841 16.563028  0.000584 59.208042    132.13   -145.55     -7.03
   901230.327845 16.561359  0.000359 64.424927    108.51    104.91    -14.91
   901323.450850 16.561385  0.000316 60.802919     88.68   -137.58     30.50
   901416.573854 16.562556  0.000471 61.018882     59.74    -10.62      2.74
   901509.696858 16.565482  0.000646 64.280634     40.45     -3.97     10.11
   901602.819863 16.561991  0.000294 59.187626     15.97    -37.32    -12.01
   901695.942867 16.563997  0.000528 63.525512    -10.33    172.76     10.96
   901789.065872 16.565855  0.000609 62.161890    -28.81     -7.15    -19.90
   901882.188876 16.565315  0.000613 59.876298    -57.28     60.47     -1.61
   901975.311880 16.562893  0.000277 64.613347    -78.54     54.27      8.60
   902068.434885 16.566732  0.000609 59.781048   -100.52      4.95    -12.67
   902161.557889 16.564746  0.000485 62.347728   -128.59   -141.02     -4.17
   902254.680894 16.568154  0.000694 63.295500   -146.93     -8.78      0.78
   902347.803898 16.566570  0.000575 59.302430   -173.88     52.39     11.29
   902440.926903 16.564748  0.000373 64.348509    162.54     59.79     -1.57
   902534.049907 16.567766  0.000581 60.720589    142.50     -5.59    -20.84
   902627.172911 16.566038  0.000481 61.215751    113.65   -170.74     -4.63
   902720.295916 16.567715  0.000566 64.053495     94.55    -32.95    -16.14
   902813.418920 16.569143  0.000652 59.232310     69.51     14.24     -5.82
   902906.541925 16.567113  0.000511 63.725853     43.89    -12.21      5.33
   902999.664929 16.564921  0.000153 61.694318     25.02   -129.64     25.34
   903092.787934 16.567446  0.000475 60.350603     -3.66     82.78     11.60
   903185.910938 16.567375  0.000428 64.390141    -24.12   -163.26     13.80
   903279.033942 16.566410  0.000266 59.535427    -47.30   -143.78     38.14
   903372.156947 16.568864  0.000561 62.963000    -74.47   -126.33     -4.78
   903465.279951 16.568905  0.000473 62.536003    -92.87    143.13    -23.52
   903558.402956 16.567427  0.000284 59.791625   -120.81    -43.93    -10.33
   903651.525960 16.568849  0.000471 64.410180   -142.75     55.09     -3.21
   903744.648965 16.566817  0.000115 60.005410   -164.37     65.22     17.63
   903837.771969 16.571067  0.000629 62.242176    167.52     46.39      0.19
   903930.894973 16.570224  0.000503 63.156999    149.02    -59.15    -14.58
   904024.017978 16.567781  0.000150 59.501691    122.07     94.17      5.77
   904117.140982 16.570255  0.000497 64.254360     98.70   -161.57     -2.27
   904210.263987 16.570839  0.000445 60.505163     78.26   -171.84     26.70
   904303.386991 16.571504  0.000510 61.639569     49.67   -178.38    -13.86
   904396.509995 16.570709  0.000441 63.598480     30.80     36.20      0.44
   904489.633000 16.574247  0.000659 59.379930      4.89   -173.99     12.34
   904582.756004 16.571852  0.000513 64.034227    -19.66    -83.26      7.65
   904675.879009 16.572486  0.000505 60.936235    -39.30    -49.96    -18.49
   904769.002013 16.573301  0.000534 61.163853    -68.08   -146.15     19.72
   904862.125018 16.573433  0.000606 63.910551    -87.47     93.66     -1.70
   904955.248022 16.571042  0.000250 59.333771   -112.44   -152.37     34.40
   905048.371026 16.572295  0.000387 63.823938   -137.94    -33.88     -8.04
   905141.494031 16.574785  0.000626 61.302877   -156.99    -46.00     -0.16
   905234.617035 16.572457  0.000317 60.801823    174.21   -150.21     35.60
   905327.740040 16.574408  0.000565 64.158681    154.33     86.97      6.26
   905420.863044 16.572540  0.000277 59.297376    130.12   -149.91     22.10
   905513.986049 16.572671  0.000251 63.645694    103.89    -48.44    -13.24
   905607.109053 16.575702  0.000609 61.628676     85.20    -75.47     -1.50
   905700.232057 16.576902  0.000592 60.480595     56.46   -174.02     18.33
   905793.355062 16.576634  0.000628 64.372054     36.13     39.76      2.15
   905886.478066 16.576667  0.000584 59.256382     12.58    160.41      9.43
   905979.601071 16.576542  0.000518 63.507088    -14.22   -159.19     25.59
   906072.724075 16.576243  0.000537 61.915094    -32.62   -152.99     -6.87
   906165.847080 16.575686  0.000395 60.201078    -61.33    140.32    -28.79
   906258.970084 16.574894  0.000281 64.556986    -82.01    -48.98    -11.95
   906352.093088 16.576352  0.000448 59.251613   -105.09     64.41     -8.14
   906445.216093 16.574840  0.000189 63.369948   -132.31    139.36    -35.91
   906538.339097 16.578245  0.000572 62.159289   -150.53     59.70      6.90
   906631.462102 16.579486  0.000641 59.961230   -179.16    -30.80     -1.16
   906724.585106 16.578412  0.000493 64.699897    159.92    171.86    -25.88
   906817.708110 16.579046  0.000601 59.257887    137.17   -105.47     -2.00
   906910.831115 16.577332  0.000346 63.253202    109.66    -36.78    -32.67
   907003.954119 16.579211  0.000525 62.331881     91.54   -134.19     17.67
   907097.077124 16.580308  0.000620 59.833329     62.92    134.45      0.69
   907190.200128 16.578251  0.000360 64.736095     41.90    -20.02    -36.33
   907283.323133 16.580568  0.000604 59.303468     19.25     43.92     -3.82
   907376.446137 16.578145  0.000279 63.165061     -8.30     69.96     -1.24
   907469.569141 16.582748  0.000675 62.400127    -26.43     11.71      0.40
   907562.692146 16.580948  0.000581 59.815962    -55.02   -101.02     -5.09
   907655.815150 16.579228  0.000333 64.682937    -76.01     17.67     35.55
   907748.938155 16.579700  0.000343 59.353267    -98.81    153.68    -13.58
   907842.061159 16.582407  0.000624 63.181279   -126.21    154.77      4.44
   907935.184164 16.578737  0.000121 62.274281   -144.46     97.96     -4.45
   908028.307168 16.581038  0.000449 59.987669   -173.09    -38.60      4.31
   908121.430172 16.582013  0.000478 64.508446    166.19    134.21    -18.44
   908214.553177 16.584726  0.000665 59.394539    142.95   -164.13     -2.06
   908307.676181 16.581900  0.000473 63.294879    116.03   -157.20      0.21
   908400.799186 16.582991  0.000487 61.963109     97.49    157.93    -29.07
   908493.922190 16.582946  0.000489 60.322018     68.77      4.46    -12.73
   908587.045195 16.584530  0.000621 64.277095     48.49    137.25     -4.87
   908680.168199 16.586032  0.000651 59.370089     24.49   -166.98      9.34
   908773.291203 16.583681  0.000517 63.574000     -1.68   -154.24     -4.24
   908866.414208 16.584328  0.000496 61.454181    -20.61    139.64    -20.47
   908959.537212 16.584143  0.000450 60.843936    -49.44     -5.74    -21.07
   909052.660217 16.585306  0.000604 63.949618    -69.07    106.40     -2.22
   909145.783221 16.587856  0.000687 59.343368    -94.11    173.67     -6.75
   909238.906225 16.584450  0.000449 63.951924   -119.27    163.34     -7.50
   909332.029230 16.583762  0.000305 60.844105   -138.82     71.04     -5.35
   909425.152234 16.583395  0.000209 61.456940   -167.71   -111.03     22.21
   909518.275239 16.585872  0.000529 63.587147    173.38     37.06     -4.47
   909611.398243 16.583899  0.000201 59.331307    147.14    108.98    -20.52
   909704.521248 16.586519  0.000498 64.374049    123.25     50.18     17.08
   909797.644252 16.587449  0.000583 60.152004    102.86    -36.70      6.26
   909890.767256 16.589652  0.000683 62.180614     74.13    176.76     -9.97
   909983.890261 16.587084  0.000509 63.108815     55.81    -90.45      9.27
   910077.013265 16.589522  0.000654 59.465368     28.30    -27.02     -4.91
   910170.136270 16.585746  0.000250 64.659265      5.85    -40.12    -22.85
   910263.259274 16.587416  0.000454 59.565390    -15.72   -166.57     -1.22
   910356.382279 16.589784  0.000584 62.898832    -43.87      3.56     17.36
   910449.505283 16.587026  0.000320 62.518468    -61.92    132.23     -7.90
   910542.628287 16.589561  0.000571 59.800441    -90.47    157.40      9.30
   910635.751292 16.587977  0.000362 64.709519   -111.44    164.29    -38.03
   910728.874296 16.589368  0.000522 59.148329   -134.55     23.49     -8.69
   910821.997301 16.590747  0.000585 63.588589   -161.59    178.76     15.87
   910915.120305 16.587681  0.000212 61.721755   -179.97    -63.53     -6.04
   911008.243310 16.590527  0.000569 60.483406    150.87    -40.70      6.21
   911101.366314 16.588018  0.000197 64.336838    131.29    -56.20    -27.74
   911194.489318 16.590146  0.000430 59.074325    106.35    172.59    -14.00
   911287.612323 16.592271  0.000632 64.087215     81.07    -31.98      0.87
   911380.735327 16.590257  0.000382 60.832963     61.58     22.81     35.56
   911473.858332 16.592173  0.000613 61.460282     32.53     84.51      0.89
   911566.981336 16.591904  0.000504 63.540759     13.89      5.65     22.02
   911660.104340 16.590887  0.000368 59.391021    -12.96   -115.86     20.53
   911753.227345 16.591846  0.000498 64.360545    -35.99     71.28     -6.33
   911846.350349 16.594213  0.000604 59.937172    -57.39    166.71    -17.31
   911939.473354 16.592367  0.000483 62.676402    -85.37    177.03     -9.52
   912032.596358 16.593026  0.000500 62.310037   -103.76    115.39    -13.00
   912125.719363 16.594062  0.000541 60.226041   -132.17     -3.13    -22.93
   912218.842367 16.593663  0.000564 64.208619   -152.86    119.20      4.88
   912311.965371 16.594632  0.000542 59.342884   -176.84   -177.47     21.97
   912405.088376 16.595636  0.000648 63.816406    157.19   -149.38      2.42
   912498.211380 16.595255  0.000600 60.934063    138.01    138.20      3.45
   912591.334385 16.597338  0.000686 61.436188    108.96      3.36      3.77
   912684.457389 16.594020  0.000433 63.583010     90.18    151.89     -4.04
   912777.580394 16.593664  0.000327 59.266855     63.50   -153.29     17.90
   912870.703398 16.596539  0.000582 64.605743     40.23   -156.09     19.29
   912963.826402 16.595547  0.000521 59.682684     19.11    139.49      7.38
   913056.949407 16.598554  0.000688 62.840363     -9.25     -2.05      7.12
   913150.072411 16.594974  0.000365 62.425220    -27.30    149.68    -11.68
   913243.195416 16.595549  0.000406 59.957324    -56.04   -160.48     10.86
   913336.318420 16.598964  0.000658 64.607559    -76.54   -171.36     10.81
   913429.441425 16.596482  0.000471 59.021881   -100.47    111.35      7.89
   913522.564429 16.599071  0.000654 63.981847   -126.62    -24.50     -6.78
   913615.687433 16.595068  0.000193 61.020794   -145.61     75.69     20.32
   913708.810438 16.597688  0.000533 61.287265   -174.91    154.95      7.44
   913801.933442 16.599316  0.000586 63.687206    166.49    164.88    -21.62
   913895.056447 16.599283  0.000599 59.267276    139.58     54.47      5.20
   913988.179451 16.597440  0.000395 64.477847    116.67    -90.20    -10.52
   914081.302455 16.600997  0.000647 59.771535     95.00     12.51     10.81
   914174.425460 16.599651  0.000606 62.918673     67.24     80.51      0.88
   914267.548464 16.597372  0.000267 61.979356     48.79     36.49     19.70
   914360.671469 16.598859  0.000410 60.577142     20.00     -8.35    -23.25
   914453.794473 16.600063  0.000567 63.946293      0.17    151.79      6.60
   914546.917478 16.597232  0.000153 59.341846    -25.17    -35.93    -43.35
   914640.040482 16.599495  0.000443 64.179925    -49.65    -26.26     -4.96
   914733.163486 16.601407  0.000563 60.148261    -70.11    -49.19    -10.85
   914826.286491 16.603000  0.000653 62.483095    -98.62   -162.75      8.70
   914919.409495 16.600952  0.000520 62.473378   -116.86     33.21     -5.17
   915012.532500 16.603339  0.000626 60.071469   -145.34    160.21    -11.78
   915105.655504 16.603212  0.000634 64.434430   -165.97   -165.69     -8.15
   915198.778509 16.602702  0.000591 59.036445    169.87    148.45      7.24
   915291.901513 16.601550  0.000411 64.190633    144.07     18.49     34.65
   915385.024517 16.603306  0.000614 60.564026    124.76   -128.73     -0.82
   915478.147522 16.604628  0.000655 61.804960     95.49    -16.74      3.05
   915571.270526 16.605271  0.000673 63.311699     77.29     13.57      2.26
   915664.393531 16.602802  0.000480 59.398182     49.48    -22.11      5.78
   915757.516535 16.602132  0.000348 64.689775     27.70   -162.30     33.88
   915850.639540 16.605136  0.000622 59.265081      4.89     41.21      5.78
   915943.762544 16.605188  0.000630 63.601833    -22.05    150.77      4.15
   916036.885548 16.607208  0.000695 61.293695    -40.82   -177.53     -2.60
   916130.008553 16.603867  0.000474 61.187346    -70.04    138.57      5.15
   916223.131557 16.605018  0.000502 63.531176    -88.79      3.74     19.53
   916316.254562 16.607205  0.000663 59.490976   -115.81   -160.98     -0.91
   916409.377566 16.605881  0.000609 64.346948   -138.28    -64.85      0.56
   916502.500570 16.606684  0.000563 59.573781   -160.74    -18.48    -21.55
   916595.623575 16.605226  0.000465 63.426141    172.27    -94.62     10.48
   916688.746579 16.607538  0.000644 61.196144    153.37    148.64      2.10
   916781.869584 16.606100  0.000448 61.388953    124.30     -7.50    -29.52
   916874.992588 16.606968  0.000583 63.357689    105.51     55.19     -3.84
   916968.115593 16.604324  0.000176 59.509521     78.33     74.62      1.62
   917061.238597 16.608907  0.000655 64.565901     56.04     21.41      0.54
   917154.361601 16.607282  0.000512 59.243304     33.51    -96.21     -7.85
   917247.484606 16.605956  0.000301 63.733499      6.42     23.91     37.59
   917340.607610 16.606821  0.000401 61.128550    -12.20    151.24     -6.62
   917433.730615 16.609879  0.000642 61.299871    -41.66    160.83      6.84
   917526.853619 16.605722  0.000151 63.635449    -60.16    116.88    -12.28
   917619.976624 16.608249  0.000483 59.246937    -87.51    -27.31      6.50
   917713.099628 16.609694  0.000543 64.684750   -109.75    157.02    -21.88
   917806.222632 16.610764  0.000633 59.313729   -132.32   -146.04      3.95
   917899.345637 16.608459  0.000418 63.575922   -159.30   -123.17     -3.10
   917992.468641 16.612341  0.000668 61.184395   -178.17    175.82     -8.86
   918085.591646 16.610701  0.000602 61.402559    152.66     42.99     -4.14
   918178.714650 16.611218  0.000591 63.233995    134.04    173.56     13.22
   918271.837655 16.608341  0.000246 59.722990    106.46   -115.83     26.67
   918364.960659 16.611280  0.000604 64.281700     84.84    -81.62     -2.06
   918458.083663 16.611679  0.000513 59.367743     61.25   -173.69     24.53
   918551.206668 16.611399  0.000531 63.912618     35.35     63.60     11.13
   918644.329672 16.610311  0.000382 60.440383     15.69   -144.90      4.72
   918737.452677 16.610009  0.000287 62.269850    -13.21    -20.25    -38.20
   918830.575681 16.611655  0.000496 62.543996    -31.41    -68.05      6.94
   918923.698685 16.610315  0.000250 60.108686    -60.06   -151.06     26.59
   919016.821690 16.610754  0.000293 64.372417    -80.32     66.70     22.43
   919109.944694 16.612204  0.000463 58.952360   -105.32   -115.83     -7.95
   919203.067699 16.612745  0.000436 64.517727   -130.05    -19.94    -30.32
   919296.190703 16.612112  0.000369 59.881705   -150.45    -58.20      3.70
   919389.313708 16.612086  0.000328 62.761663   -179.07   -122.93      1.47
   919482.436712 16.611220  0.000163 62.157978    162.84     56.14     30.07
   919575.559716 16.614536  0.000577 60.468709    133.70   -120.53     -5.46
   919668.682721 16.614081  0.000451 63.979431    114.31    -36.07    -25.52
   919761.805725 16.612566  0.000252 59.270445     88.03    -63.64      0.59
   919854.928730 16.613951  0.000430 64.375452     64.86   -140.83      1.23
   919948.051734 16.612881  0.000238 59.613090     42.73     28.88     40.41
   920041.174739 16.616024  0.000584 63.439519     15.66   -144.86     -4.06
   920134.297743 16.614805  0.000400 60.986581     -3.37    -72.40    -15.66
   920227.420747 16.613651  0.000212 61.773837    -32.44   -113.94     24.30
   920320.543752 16.615548  0.000481 62.842969    -50.88   -172.89     -2.07
   920413.666756 16.616296  0.000458 59.969666    -79.09      7.50     30.40
   920506.789761 16.617094  0.000539 64.347862    -99.82   -176.56    -14.22
   920599.912765 16.615607  0.000365 59.017966   -124.52   -123.30     -3.40
   920693.035770 16.617670  0.000514 64.477993   -149.40   -161.66     25.79
   920786.158774 16.616709  0.000432 59.807348   -169.83    134.64      3.08
   920879.281778 16.619706  0.000658 62.918110    161.61    -15.20      3.47
   920972.404783 16.615749  0.000206 61.948310    143.52    132.22    -18.54
   921065.527787 16.617673  0.000472 60.678581    114.18    174.34      5.56
   921158.650792 16.621163  0.000692 63.844229     95.17    169.51     -7.75
   921251.773796 16.618943  0.000528 59.305683     68.26     67.73     11.68
   921344.896800 16.618814  0.000490 64.447412     45.85    -65.66    -13.87
   921438.019805 16.619574  0.000495 59.397410     22.85     22.31     26.36
   921531.142809 16.619780  0.000574 63.781288     -3.40    103.94      4.54
   921624.265814 16.617931  0.000274 60.490445    -23.10    110.28    -21.50
   921717.388818 16.621753  0.000629 62.394547    -51.83     13.68     -7.90
   921810.511823 16.619525  0.000454 62.115727    -70.15   -161.23      0.87
   921903.634827 16.622412  0.000620 60.671246    -99.10     -9.31    -18.30
   921996.757831 16.621717  0.000614 63.807593   -118.51     26.89     -5.08
   922089.880836 16.621820  0.000544 59.251964   -145.13     -8.39     15.97
   922183.003840 16.618827  0.000178 64.668290   -167.83    -96.23     11.79
   922276.126845 16.622028  0.000564 59.119396    169.56    106.91      4.75
   922369.249849 16.619971  0.000263 63.976982    142.80   -148.12     28.10
   922462.372854 16.620241  0.000272 60.604107    123.66    -80.09      6.81
   922555.495858 16.622512  0.000535 62.071359     94.41    -77.84     -8.85
   922648.618862 16.625644  0.000709 62.614870     76.30    177.67     -3.33
   922741.741867 16.622995  0.000531 60.232415     47.44     23.76     -8.75
   922834.864871 16.624403  0.000603 63.967960     27.70    144.41    -10.67
   922927.987876 16.625712  0.000653 59.355574      1.50   -167.82     -5.90
   923021.110880 16.623403  0.000520 64.320590    -21.45    158.40      5.26
   923114.233885 16.621475  0.000185 59.439997    -44.19     41.23     26.99
   923207.356889 16.623756  0.000463 63.853512    -70.54   -110.14     14.08
   923300.479893 16.623647  0.000432 60.310985    -90.23     10.95      9.92
   923393.602898 16.622469  0.000239 62.598681   -119.05     32.28     42.52
   923486.725902 16.625614  0.000602 61.979714   -137.22     48.22     -3.36
   923579.848907 16.626440  0.000580 60.757082   -166.51    -28.92    -15.68
   923672.971911 16.624699  0.000408 63.802702    174.50    165.64    -24.41
   923766.094915 16.625997  0.000554 59.231021    147.34    -87.95     -7.24
   923859.217920 16.625897  0.000463 64.680538    125.31    -21.33    -28.74
   923952.340924 16.625276  0.000402 59.071959    101.85    -87.69     11.70
   924045.463929 16.626796  0.000541 64.129928     76.03    176.54     12.83
   924138.586933 16.629584  0.000684 60.177306     55.90     10.13      5.03
   924231.709938 16.626798  0.000527 62.735212     27.42    132.80      5.77
   924324.832942 16.629542  0.000657 61.661772      8.95    170.34      8.37
   924417.955946 16.627263  0.000458 61.267505    -20.21    174.98    -17.19
   924511.078951 16.627096  0.000458 63.020210    -38.91     59.17     -5.24
   924604.201955 16.626064  0.000258 60.010738    -66.96   -151.47     39.09
   924697.324960 16.628429  0.000531 64.150283    -87.55      9.33     -8.58
   924790.447964 16.626955  0.000309 59.119879   -112.96     34.42     13.36
   924883.570969 16.631352  0.000687 64.607935   -136.73     13.54      6.24
   924976.693973 16.629799  0.000607 59.237047   -158.65    -83.31      1.59
   925069.816977 16.627721  0.000314 63.876091    174.15    148.86    -38.42
   925162.939982 16.631080  0.000632 60.591897    155.12   -144.14      4.83
   925256.062986 16.629597  0.000487 62.181914    125.83    -76.76    -11.97
   925349.185991 16.629115  0.000366 62.391460    107.76   -158.09     34.40
   925442.308995 16.629529  0.000437 60.526245     78.65    138.02      3.74
   925535.432000 16.632337  0.000635 63.643969     59.43    -29.24     -6.18
   925628.555004 16.629179  0.000301 59.600811     32.27     55.62     27.50
   925721.678008 16.631719  0.000607 64.220139     10.59    121.56      2.79
   925814.801013 16.628595  0.000152 59.292295    -13.80    131.57    -35.42
   925907.924017 16.631848  0.000540 64.277684    -38.41      6.42    -10.69
   926001.047022 16.632373  0.000540 59.528024    -59.82    168.73     11.80
   926094.170026 16.630285  0.000265 63.680781    -87.27    -27.37    -33.51
   926187.293030 16.631716  0.000444 60.622708   -106.20    -23.74      0.30
   926280.416035 16.633735  0.000573 62.223495   -135.55    -28.38    -17.68
   926373.539039 16.635110  0.000663 62.372575   -153.54   -157.80      3.46
   926466.662044 16.632271  0.000415 60.480576    177.16     40.33     -1.36
   926559.785048 16.635032  0.000602 63.828646    158.09    169.06    -20.79
   926652.908053 16.634170  0.000555 59.387945    130.80   -156.28     -9.18
   926746.031057 16.635491  0.000630 64.377625    109.19    159.36      3.87
   926839.154061 16.633621  0.000410 59.246254     84.76     32.32     29.74
   926932.277066 16.634956  0.000586 64.214011     60.27   -108.16     -2.21
   927025.400070 16.636960  0.000642 59.594486     38.56     -7.47      9.65
   927118.523075 16.636255  0.000611 63.696313     11.54     39.24      8.71
   927211.646079 16.634558  0.000449 60.353815     -7.93      6.18      8.16
   927304.769084 16.632565  0.000114 62.687156    -36.85    -54.11    -27.32
   927397.892088 16.635747  0.000524 61.716786    -55.02     90.21      8.77
   927491.015092 16.635041  0.000376 61.140731    -84.53   -162.25     22.97
   927584.138097 16.634756  0.000316 63.329380   -102.98   -131.60     28.80
   927677.261101 16.636452  0.000517 59.692268   -131.27   -118.97     -7.46
   927770.384106 16.637029  0.000485 64.319184   -151.68    155.06    -26.05
   927863.507110 16.635605  0.000341 59.141996   -177.43    -31.87    -10.20
   927956.630115 16.636300  0.000408 64.407702    159.37     82.29     -9.18
   928049.753119 16.635238  0.000226 59.366514    136.37    158.69    -43.44
   928142.876123 16.638354  0.000592 63.988986    110.57     86.46      2.58
   928235.999128 16.640358  0.000665 59.886761     89.91    -16.34      1.88
   928329.122132 16.639751  0.000601 63.358731     62.06   -172.01    -10.61
   928422.245137 16.639367  0.000595 60.732576     43.18    -71.67     -0.10
   928515.368141 16.641146  0.000643 62.281588     13.90     -9.02    -12.49
   928608.491145 16.637769  0.000351 62.132394     -4.16    -57.04      1.07
   928701.614150 16.638549  0.000397 60.783289    -33.60   -167.28     18.67
   928794.737154 16.641342  0.000618 63.567000    -52.31     16.47     17.44
   928887.860159 16.639387  0.000477 59.561872    -80.31    149.47      6.17
   928980.983163 16.641416  0.000588 64.334504   -101.02   -178.89     16.36
   929074.106168 16.641179  0.000551 59.182852   -126.58   -173.13    -14.65
   929167.229172 16.640341  0.000493 64.344216   -149.82     80.02     -6.49
   929260.352176 16.637971  0.000116 59.358745   -172.95   -120.82     23.13
   929353.475181 16.641768  0.000592 64.084082    161.50     27.55     -5.55
   929446.598185 16.639409  0.000257 59.698325    140.52     69.53     -4.00
   929539.721190 16.642953  0.000582 63.601607    112.93     26.86     16.85
   929632.844194 16.642449  0.000582 60.448254     93.80    -63.31      4.80
   929725.967199 16.643093  0.000538 62.597039     64.64    160.42    -21.77
   929819.090203 16.642515  0.000493 61.787696     46.58   -123.64     14.71
   929912.213207 16.643710  0.000596 61.146964     16.98    -49.77     -4.52
   930005.336212 16.640109  0.000111 63.149232     -1.38    -71.06    -13.72
   930098.459216 16.642860  0.000486 59.999850    -29.98   -168.13     -7.16
   930191.582221 16.644409  0.000576 63.909787    -49.83     -2.65     15.86
   930284.705225 16.642346  0.000327 59.495780    -76.62    163.72    -26.87
   930377.828230 16.643514  0.000493 64.199547    -98.42    179.42      4.72
   930470.951234 16.646868  0.000669 59.283844   -123.22    171.54     -8.81
   930564.074238 16.644996  0.000556 64.376071   -147.03     59.98      8.27
   930657.197243 16.643874  0.000411 59.176855   -169.70    -84.01    -14.25
   930750.320247 16.647140  0.000645 64.294542    164.27     13.09     13.33
   930843.443252 16.646023  0.000604 59.621145    143.83     72.93      0.78
   930936.566256 16.643519  0.000251 63.526428    115.68     27.35     30.93
   931029.689260 16.644680  0.000356 60.734562     96.92    -16.10    -23.99
   931122.812265 16.646547  0.000569 62.294142     67.57    155.07      7.72
   931215.935269 16.643741  0.000173 61.918326     49.41    -42.23    -36.85
   931309.058274 16.645789  0.000439 61.242683     20.05    -13.48     -6.57
   931402.181278 16.648170  0.000612 62.710600      1.52    -38.12     -5.90
   931495.304283 16.647673  0.000518 60.547358    -27.20   -152.71     23.60
   931588.427287 16.647794  0.000592 63.400071    -46.56     67.62     -3.16
   931681.550291 16.649456  0.000611 59.811219    -74.29    178.48     17.36
   931774.673296 16.648069  0.000523 64.186779    -94.94   -127.24     14.34
   931867.796300 16.646803  0.000366 59.091840   -121.01   -122.30     -3.76
   931960.919305 16.649012  0.000527 64.679011   -143.63    170.34    -25.77
   932054.042309 16.647917  0.000432 58.932833   -167.43    -10.96     -3.83
   932147.165314 16.648859  0.000478 64.447524    167.65    134.77    -18.64
   932240.288318 16.650865  0.000604 59.459504    145.98   -174.46    -14.56
   932333.411322 16.649226  0.000531 63.802977    119.18    155.12      5.78
   932426.534327 16.646814  0.000144 60.081112     98.99     37.34     34.36
   932519.657331 16.649169  0.000441 63.244181     70.96    -92.28     11.65
   932612.780336 16.648689  0.000352 60.594152     51.83     41.91      4.64
   932705.903340 16.648026  0.000200 62.685607     22.86    141.50    -29.10
   932799.026345 16.651088  0.000578 61.364865      4.57     90.21      5.08
   932892.149349 16.651840  0.000543 61.734193    -25.03      1.10     18.62
   932985.272353 16.652722  0.000616 62.511065    -43.10   -152.79     11.75
   933078.395358 16.651072  0.000487 60.597030    -72.46     -8.18      8.59
   933171.518362 16.650007  0.000316 63.442007    -91.25     16.03     42.03
   933264.641367 16.653105  0.000625 59.876802   -119.51     53.24      1.52
   933357.764371 16.653886  0.000648 63.851832   -139.59    -28.15     -0.17
   933450.887375 16.654956  0.000672 59.599731   -166.49   -170.52     -5.62
   933544.010380 16.652591  0.000536 64.093060    172.11    -46.11      5.30
   933637.133384 16.653504  0.000510 59.292324    146.53      4.39     23.49
   933730.256389 16.654959  0.000652 64.479929    123.74     21.93     -0.53
   933823.379393 16.654578  0.000614 58.950280     99.73    -53.69     -0.37
   933916.502398 16.655918  0.000650 64.630104     75.16    174.60    -15.54
   934009.625402 16.653390  0.000456 59.108770     53.04    -71.41      9.59
   934102.748406 16.655349  0.000588 64.198359     26.61     -2.93     14.36
   934195.871411 16.656823  0.000665 59.764633      6.10     11.80     -6.03
   934288.994415 16.655368  0.000591 63.481081    -21.63    -63.23      0.99
   934382.117420 16.656962  0.000625 60.371572    -41.16    162.88    -13.88
   934475.240424 16.653906  0.000354 63.000245    -69.64    -64.77      3.26
   934568.363429 16.655353  0.000496 60.764376    -88.51     -4.90     11.80
   934661.486433 16.658621  0.000698 62.569505   -117.64      8.56      6.14
   934754.609437 16.655817  0.000513 61.396950   -135.92    -67.84      7.25
   934847.732442 16.658797  0.000683 61.786664   -165.56    166.55     -0.53
   934940.855446 16.654905  0.000294 62.358394    176.39    -32.59    -19.91
   935033.978451 16.655975  0.000426 60.821542    146.90     29.59      1.97
   935127.101455 16.657886  0.000540 63.136737    128.35      8.20     23.36
   935220.224460 16.656319  0.000407 60.238183     99.67    -20.78     -7.67
   935313.347464 16.657711  0.000525 63.455069     80.21    177.34     13.43
   935406.470468 16.659785  0.000620 59.987423     52.40      2.95    -15.71
   935499.593473 16.658578  0.000601 63.745680     32.12     67.64     -3.00
   935592.716477 16.655521  0.000136 59.591651      5.08     75.32      3.23
   935685.839482 16.660190  0.000644 64.266849    -16.07     18.57     -4.59
   935778.962486 16.657994  0.000417 59.063246    -42.00   -106.88     -8.50
   935872.085490 16.659665  0.000508 64.643684    -64.47     14.14     25.33
   935965.208495 16.658454  0.000418 58.936101    -88.88    118.89      6.57
   936058.331499 16.661130  0.000623 64.490596   -112.89    147.99     -7.48
   936151.454504 16.657817  0.000260 59.238153   -135.94     46.46     35.87
   936244.577508 16.660421  0.000580 64.175041   -161.13    -48.53      4.81
   936337.700513 16.659185  0.000355 59.442444    176.78    153.30    -37.87
   936430.823517 16.661908  0.000635 64.097400    150.72   -150.37     -2.19
   936523.946521 16.659567  0.000355 59.441958    129.56   -138.60      2.40
   936617.069526 16.663678  0.000665 64.058946    102.48   -178.38     -6.73
   936710.192530 16.662095  0.000595 59.711468     82.46     50.97     -3.67
   936803.315535 16.660928  0.000413 63.586776     54.25   -167.57     25.84
   936896.438539 16.660087  0.000267 60.385879     35.13    -25.09    -27.84
   936989.561544 16.662468  0.000568 62.896363      6.24    -29.63      6.36
   937082.684548 16.659974  0.000207 60.941678    -12.50    -32.42    -44.11
   937175.807552 16.662300  0.000478 62.482206    -41.57    179.48     -8.92
   937268.930557 16.664422  0.000624 61.164919    -60.15    -27.64      3.28
   937362.053561 16.661197  0.000249 62.292313    -89.42     51.94     28.85
   937455.176566 16.663817  0.000564 61.493147   -107.68     98.34      4.80
   937548.299570 16.661304  0.000196 61.816468   -137.32     43.16     24.31
   937641.422575 16.662195  0.000297 62.182673   -155.38    -35.38    -17.62
   937734.545579 16.665279  0.000623 61.098492    174.98    131.21     -1.60
   937827.668583 16.664094  0.000444 62.779264    156.66   -165.95     33.72
   937920.791588 16.665173  0.000575 60.647125    127.49    -98.74      6.00
   938013.914592 16.663642  0.000343 62.972091    108.66   -151.66     16.44
   938107.037597 16.663181  0.000242 60.549054     79.98    145.39    -23.91
   938200.160601 16.665876  0.000573 63.103552     60.81    -66.25      3.54
   938293.283605 16.664304  0.000316 60.279480     32.32     16.88     35.69
   938386.406610 16.665172  0.000421 63.580186     12.91     70.32     15.83
   938479.529614 16.664844  0.000354 59.740489    -15.22     65.08     -5.44
   938572.652619 16.665811  0.000413 64.060754    -35.21    -12.12    -35.68
   938665.775623 16.666085  0.000458 59.403349    -62.55    136.23      6.22
   938758.898628 16.664882  0.000238 64.136375    -83.37   -104.01     -1.11
   938852.021632 16.665243  0.000244 59.467451   -109.91    -43.20    -14.82
   938945.144636 16.668004  0.000595 64.027652   -131.37    -83.45     -3.18
   939038.267641 16.670733  0.000685 59.449840   -157.49    176.46      2.33
   939131.390645 16.668784  0.000592 64.242996   -179.31     16.12     -7.94
   939224.513650 16.669720  0.000624 59.121954    154.97    139.16     -7.10
   939317.636654 16.671246  0.000696 64.583768    132.58   -174.52     -5.13
   939410.759659 16.668171  0.000454 58.903445    107.62    157.24      4.08
   939503.882663 16.666710  0.000210 64.586976     84.40     51.44     18.20
   939597.005667 16.668145  0.000361 59.084850     60.26   -111.77     19.20
   939690.128672 16.668739  0.000445 64.313690     36.38     34.57      0.55
   939783.251676 16.666750  0.000098 59.267902     12.66    105.59    -14.39
   939876.374681 16.670508  0.000578 64.306416    -11.52     70.67      6.29
   939969.497685 16.672068  0.000636 59.099585    -34.98    -16.64      8.53
   940062.620690 16.673080  0.000679 64.550754    -59.53   -165.54      1.80
   940155.743694 16.670787  0.000515 58.931700    -82.44    -38.76      7.62
   940248.866698 16.671546  0.000503 64.558737   -107.66      7.83     25.30
   940341.989703 16.672889  0.000618 59.140483   -129.87     26.90     -4.11
   940435.112707 16.672520  0.000612 64.220228   -155.65    -49.19     -4.13
   940528.235712 16.673550  0.000589 59.432378   -177.54    174.21    -19.57
   940621.358716 16.671821  0.000517 64.077612    156.51    -69.38      6.04
   940714.481720 16.673975  0.000607 59.367388    134.69    -10.04     13.88
   940807.604725 16.674548  0.000647 64.264764    108.61     11.83     -7.62
   940900.727729 16.673686  0.000604 59.189996     87.10    -69.27     -1.04
   940993.850734 16.674713  0.000593 64.333242     60.57    167.55    -17.82
   941086.973738 16.672234  0.000375 59.350833     39.59    -76.03      8.59
   941180.096743 16.673787  0.000512 64.026886     12.60     -0.32     12.69
   941273.219747 16.676663  0.000676 59.674701     -8.14      9.78      3.76
   941366.342751 16.673951  0.000530 63.805319    -35.19    -53.68      5.36
   941459.465756 16.676980  0.000675 59.668347    -56.01    167.24      5.14
   941552.588760 16.673964  0.000435 63.963254    -83.00    -12.32    -19.07
   941645.711765 16.673827  0.000401 59.457148   -103.74     53.34     -5.15
   941738.834769 16.673492  0.000297 64.118215   -130.97     25.22     38.57
   941831.957774 16.675348  0.000494 59.512060   -151.32     10.90     -9.77
   941925.080778 16.673995  0.000302 63.897610   -178.91   -132.56      9.24
   942018.203782 16.677833  0.000626 59.818281    160.91     18.66     13.65
   942111.326787 16.676489  0.000581 63.646338    133.32    122.34      4.13
   942204.449791 16.678081  0.000605 59.850634    112.96    160.34    -18.50
   942297.572796 16.675804  0.000420 63.776918     85.58     81.29     12.63
   942390.695800 16.678224  0.000623 59.596959     65.12    -34.71      3.40
   942483.818805 16.677140  0.000459 64.025563     37.70    168.55    -28.62
   942576.941809 16.678165  0.000585 59.531308     17.46   -124.80     -2.37
   942670.064813 16.675708  0.000252 63.917944    -10.23    -82.80    -13.13
   942763.187818 16.679772  0.000627 59.783830    -30.33   -155.99     11.31
   942856.310822 16.678851  0.000605 63.668548    -57.98    107.24     -1.76
   942949.433827 16.675623  0.000156 59.852669    -78.34    -41.07    -42.40
   943042.556831 16.679685  0.000619 63.769289   -105.66     29.04     -4.43
   943135.679835 16.677234  0.000298 59.580812   -126.30     54.76      0.80
   943228.802840 16.681528  0.000653 64.082960   -153.47     14.17      8.28
   943321.925844 16.680036  0.000589 59.391973   -174.05    -91.02      3.07
   943415.048849 16.677908  0.000275 64.098807    158.64    125.80    -26.84
   943508.171853 16.682010  0.000647 59.569679    138.13   -154.56      1.50
   943601.294858 16.679840  0.000494 63.868874    110.89    -99.57     -7.35
   943694.417862 16.680722  0.000490 59.674636     90.06   -170.04     30.94
   943787.540866 16.679954  0.000457 63.923430     63.26    120.47      4.55
   943880.663871 16.682460  0.000611 59.416303     41.98    -36.19    -10.60
   943973.786875 16.679853  0.000340 64.262820     15.55     47.68     28.12
   944066.909880 16.681911  0.000570 59.144051     -5.89    117.54      5.66
   944160.032884 16.679932  0.000286 64.379888    -32.28    139.40    -33.70
   944253.155889 16.683469  0.000610 59.247984    -53.75     20.18     -8.52
   944346.278893 16.681299  0.000416 64.167512    -80.00   -153.58      7.19
   944439.401897 16.684658  0.000636 59.403630   -101.88     -3.81    -16.73
   944532.524902 16.683191  0.000590 64.140269   -127.57     43.75     -4.25
   944625.647906 16.683046  0.000465 59.224774   -150.09      1.81     24.25
   944718.770911 16.681510  0.000288 64.452561   -175.19    -38.04    -17.62
   944811.893915 16.683801  0.000536 58.922520    161.90    143.54      7.20
   944905.016920 16.681808  0.000270 64.617724    137.06    -34.21    -37.17
   944998.139924 16.684116  0.000504 58.981733    113.96      7.01    -13.11
   945091.262928 16.685311  0.000600 64.389449     89.38    -16.60      8.02
   945184.385933 16.681477  0.000095 59.225402     65.78    -95.51     12.10
   945277.508937 16.684636  0.000538 64.239496     41.86    127.14      5.24
   945370.631942 16.682966  0.000255 59.195139     17.46    -44.94    -36.45
   945463.754946 16.686143  0.000576 64.436826     -5.66      5.52    -13.14
   945556.877950 16.685440  0.000486 58.961791    -30.70    -10.74      9.79
   945650.000955 16.683806  0.000257 64.574518    -53.34    -29.61    -38.25
   945743.123959 16.685181  0.000417 59.034277    -78.71    164.93     -6.90
   945836.246964 16.687433  0.000605 64.275728   -101.01    -38.57    -10.50
   945929.369968 16.688480  0.000628 59.407673   -126.90     22.09     14.54
   946022.492973 16.686677  0.000536 63.943242   -148.51     53.42     -5.31
   946115.615977 16.690007  0.000688 59.613915   -175.26     -7.22      2.24
   946208.738981 16.688561  0.000624 63.934563    164.00   -141.10      5.52
   946301.861986 16.686584  0.000390 59.556009    136.51     21.62     10.64
   946394.984990 16.686259  0.000306 63.960466    116.34    157.88    -37.08
   946488.107995 16.687214  0.000431 59.707255     88.49    144.85      3.26
   946581.230999 16.687036  0.000355 63.546574     68.61    119.68    -22.95
   946674.354004 16.689279  0.000533 60.247581     40.40      3.61    -19.97
   946767.477008 16.689019  0.000559 62.987489     20.99    144.92      6.46
   946860.600012 16.686171  0.000118 60.726841     -7.86   -135.69     34.92
   946953.723017 16.688483  0.000418 62.726101    -26.58    -83.71      8.99
   947046.846021 16.688070  0.000320 60.891204    -56.00    -96.44     -9.38
   947139.969026 16.689662  0.000451 62.598043    -74.36    168.80    -29.29
   947233.092030 16.689607  0.000487 61.133258   -103.88    -37.96      5.81
   947326.215035 16.687876  0.000185 62.092556   -122.32     69.63      4.14
   947419.338039 16.688663  0.000268 61.782631   -151.72    127.48     -6.29
   947512.461043 16.691011  0.000542 61.365091   -170.21     95.77     -8.56
   947605.584048 16.694000  0.000686 62.449230    160.32     -0.27     -4.83
   947698.707052 16.691174  0.000501 60.913213    141.93   -170.01     -9.93
   947791.830057 16.692463  0.000564 62.750589    112.43    -36.80    -14.80
   947884.953061 16.693894  0.000636 60.725681     93.86      4.63    -11.27
   947978.076065 16.691789  0.000503 62.959043     64.84    -23.99      4.84
   948071.199070 16.689779  0.000182 60.305323     45.53   -144.79     32.01
   948164.322074 16.691754  0.000422 63.508175     17.36     79.84     13.15
   948257.445079 16.691485  0.000352 59.650086     -2.81   -143.51      4.24
   948350.568083 16.690357  0.000155 64.114720    -30.22    -39.55    -34.66
   948443.691088 16.693814  0.000565 59.243691    -51.06    -91.69      5.48
   948536.814092 16.694474  0.000556 64.293644    -77.78   -178.74     17.58
   948629.937096 16.695024  0.000565 59.258358    -99.47     33.07     14.26
   948723.060101 16.693552  0.000476 64.194764   -125.10   -171.65      2.88
   948816.183105 16.691343  0.000099 59.249699   -148.14   -109.78     11.60
   948909.306110 16.694564  0.000517 64.331759   -172.31   -106.93     10.36
   949002.429114 16.694812  0.000481 59.027290    163.19    179.14     17.24
   949095.552119 16.694842  0.000440 64.538998    140.32     26.90     29.64
   949188.675123 16.695089  0.000490 58.998505    114.72   -142.19     -7.24
   949281.798127 16.694536  0.000364 64.302022     92.86    -39.44    -30.07
   949374.921132 16.694096  0.000286 59.475766     66.30    -46.54     -8.38
   949468.044136 16.695606  0.000469 63.672443     45.49   -109.96     -5.81
   949561.167141 16.694791  0.000321 60.096666     17.73    161.66    -40.95
   949654.290145 16.696418  0.000501 63.213248     -1.86    -91.62      9.64
   949747.413150 16.697487  0.000534 60.481180    -30.76     -2.14     18.89
   949840.536154 16.699081  0.000640 62.905310    -49.46     20.64     12.40
   949933.659158 16.696981  0.000481 60.879758    -78.91    -13.88      6.41
   950026.782163 16.696469  0.000358 62.282978    -97.36   -163.93     33.35
   950119.905167 16.699149  0.000607 61.682838   -126.79     44.28      4.18
   950213.028172 16.699316  0.000608 61.294521   -145.31    143.51      2.71
   950306.151176 16.701302  0.000687 62.653568   -174.68   -174.06     -0.32
   950399.274180 16.697867  0.000434 60.529599    166.68    140.40      2.96
   950492.397185 16.697819  0.000361 63.243291    137.52     13.05     30.61
   950585.520189 16.700741  0.000616 60.131524    118.37   -150.32     12.22
   950678.643194 16.699707  0.000562 63.546245     90.06    -25.05      6.78
   950771.766198 16.701465  0.000607 59.730205     69.69      5.39     16.82
   950864.889203 16.700036  0.000534 64.022612     42.89      9.45     -9.40
   950958.012207 16.699079  0.000375 59.142150     20.92    -81.64    -14.90
   951051.135211 16.697680  0.000147 64.557397     -4.33    106.89     -7.01
   951144.258216 16.700843  0.000543 58.836834    -27.77   -127.56     -7.31
   951237.381220 16.698936  0.000269 64.561918    -51.63    -42.96    -35.83
   951330.504225 16.700236  0.000395 59.115336    -76.53   -110.77     18.74
   951423.627229 16.701376  0.000521 64.069759    -98.82    173.99      9.10
   951516.750234 16.703214  0.000572 59.665241   -125.40     12.71     19.87
   951609.873238 16.701395  0.000471 63.604347   -145.93    173.05     -7.39
   951702.996242 16.700297  0.000256 60.086492   -174.16   -132.11     10.48
   951796.119247 16.702987  0.000517 63.238086    166.67   -151.72     21.87
   951889.242251 16.702350  0.000497 60.596112    137.48    157.39      7.08
   951982.365256 16.704816  0.000615 62.477964    118.87     -0.24     17.08
   952075.488260 16.703081  0.000501 61.555138     89.45   -176.01    -12.61
   952168.611265 16.702131  0.000360 61.334344     70.89   -107.75     -7.41
   952261.734269 16.701502  0.000221 62.701462     41.54   -132.91     32.89
   952354.857273 16.703724  0.000494 60.372843     22.79   -159.25     -6.80
   952447.980278 16.701941  0.000208 63.442405     -6.14     61.94      8.22
   952541.103282 16.705758  0.000588 59.875451    -25.70   -149.60     14.83
   952634.226287 16.705371  0.000604 63.795865    -53.42    -42.52      3.44
   952727.349291 16.707572  0.000668 59.471322    -74.66     -8.11    -12.77
   952820.472295 16.704469  0.000453 64.208746   -100.43    -74.04      6.71
   952913.595300 16.706897  0.000608 59.031305   -123.76    164.80      9.89
   953006.718304 16.707428  0.000608 64.558838   -147.46      0.68    -14.08
   953099.841309 16.706604  0.000581 58.951824   -172.67     91.52     -0.18
   953192.964313 16.706100  0.000453 64.271676    165.36    148.46    -25.61
   953286.087318 16.705430  0.000380 59.587008    138.51     70.16     19.45
   953379.210322 16.707272  0.000577 63.387340    118.16    -26.37      6.83
   953472.333326 16.709758  0.000685 60.560308     89.71    179.48     -9.27
   953565.456331 16.707231  0.000531 62.507608     70.81    -88.56      8.29
   953658.579335 16.709590  0.000656 61.398949     41.20    -21.55     -5.96
   953751.702340 16.705796  0.000258 61.774109     23.01    -32.78    -25.41
   953844.825344 16.707327  0.000455 62.169922     -6.69   -142.60     -1.82
   953937.948349 16.707236  0.000366 60.819605    -25.37     13.80     33.18
   954031.071353 16.708905  0.000553 63.217428    -54.11   -169.79    -10.26
   954124.194357 16.707211  0.000337 59.690019    -74.07   -122.42     -3.21
   954217.317362 16.709492  0.000510 64.206187   -101.38   -159.69     26.44
   954310.440366 16.708676  0.000463 59.003790   -122.96    137.22      6.46
   954403.563371 16.711900  0.000669 64.519083   -148.51     -9.66      5.58
   954496.686375 16.708257  0.000320 59.056768   -172.07    155.59    -19.95
   954589.809380 16.709245  0.000452 64.173560    164.61   -155.52      2.12
   954682.932384 16.711583  0.000558 59.513687    138.64   -170.45     20.97
   954776.055388 16.709441  0.000402 63.721204    117.74    142.69     -3.49
   954869.178393 16.711544  0.000548 60.038141     89.57     -8.23     15.73
   954962.301397 16.712001  0.000562 63.130590     70.44    177.39    -22.24
   955055.424402 16.711489  0.000557 60.854071     41.08   -107.85     -6.41
   955148.547406 16.708762  0.000137 62.021784     22.57   -122.91     17.40
   955241.670410 16.713158  0.000621 62.151887     -6.87   -151.63     -2.64
   955334.793415 16.711415  0.000456 60.590802    -25.67     87.06    -10.61
   955427.916419 16.710460  0.000286 63.483740    -54.50   -150.62     39.02
   955521.039424 16.711719  0.000424 59.574671    -74.26    -14.23     -4.78
   955614.162428 16.713751  0.000578 64.146605   -101.75     -2.71     16.21
   955707.285433 16.712759  0.000450 59.230361   -123.40     -4.70    -26.18
   955800.408437 16.712583  0.000477 64.223902   -148.58   -136.57     -3.13
   955893.531441 16.713564  0.000457 59.254767   -172.92      9.18     31.58
   955986.654446 16.712915  0.000428 64.117512    164.72    159.40     -9.95
   956079.777450 16.714020  0.000476 59.509858    137.74    179.26     15.66
   956172.900455 16.716090  0.000609 63.676104    117.67    177.92    -15.57
   956266.023459 16.715185  0.000597 60.301944     88.96     73.13     -2.35
   956359.146464 16.712315  0.000190 62.489750     70.09    -94.03     -7.01
   956452.269468 16.716967  0.000656 61.734665     40.70     28.04      0.94
   956545.392472 16.715113  0.000516 60.952015     22.06     87.20     -8.65
   956638.515477 16.713318  0.000250 63.180140     -7.15     27.25     42.94
   956731.638481 16.715031  0.000432 59.817656    -26.48    -10.49     -8.06
   956824.761486 16.716654  0.000548 63.970736    -54.43    178.50     15.43
   956917.884490 16.716384  0.000461 59.330767    -75.66     -5.70    -25.70
   957011.007495 16.716251  0.000515 64.192706   -101.15     43.87     -4.29
   957104.130499 16.716353  0.000428 59.208633   -125.30      7.37     32.36
   957197.253503 16.716193  0.000426 64.187986   -147.78    -16.11    -15.67
   957290.376508 16.717003  0.000473 59.470266   -174.77    179.26     14.40
   957383.499512 16.719568  0.000626 63.637257    165.18     -3.22    -15.64
   957476.622517 16.718506  0.000593 60.418142    136.39     70.98     -1.26
   957569.745521 16.715913  0.000238 62.274756    117.59     85.79     -7.68
   957662.868525 16.720234  0.000649 62.014442     88.17     24.07      4.46
   957755.991530 16.718806  0.000554 60.642186     69.48    -96.09     -5.39
   957849.114534 16.716227  0.000190 63.468104     40.47     29.99     40.71
   957942.237539 16.718504  0.000450 59.575891     20.70    176.33    -13.34
   958035.360543 16.719467  0.000513 64.140975     -6.61    179.00     16.58
   958128.483548 16.720194  0.000512 59.213888    -28.81    177.01    -24.76
   958221.606552 16.719736  0.000546 64.194338    -53.18     48.13     -5.24
   958314.729556 16.718966  0.000362 59.336085    -78.58   -166.01     31.67
   958407.852561 16.720039  0.000459 63.916312    -99.80     -8.03    -18.06
   958500.975565 16.719737  0.000424 59.930695   -127.91     13.22      8.69
   958594.098570 16.723634  0.000694 62.977475   -147.05     -3.92     -6.17
   958687.221574 16.721663  0.000593 61.241713   -176.44   -104.11      4.63
   958780.344579 16.719847  0.000335 61.335997    164.94    112.78    -22.34
   958873.467583 16.722982  0.000609 62.954386    135.74   -151.84     14.18
   958966.590587 16.722440  0.000596 59.764277    116.26    -83.16     -1.78
   959059.713592 16.719248  0.000130 64.170840     88.53    -79.77    -12.35
   959152.836596 16.723080  0.000554 59.073216     66.96   -164.52    -11.25
   959245.959601 16.721522  0.000405 64.322286     41.85     28.86      7.63
   959339.082605 16.725706  0.000692 59.303351     17.16   -177.00     -4.61
   959432.205610 16.723708  0.000610 63.798182     -4.64   -112.32      0.65
   959525.328614 16.720578  0.000144 60.073570    -32.49    -97.77     -5.68
   959618.451618 16.725383  0.000637 62.900170    -51.66   -166.98     -8.01
   959711.574623 16.722975  0.000431 61.228140    -81.25     64.29     -6.91
   959804.697627 16.725354  0.000576 61.499767    -99.66   -172.74     20.13
   959897.820632 16.723403  0.000432 62.778014   -128.93    -65.36      6.10
   959990.943636 16.726008  0.000626 59.842949   -148.56    -39.75     -5.34
   960084.066640 16.722277  0.000193 64.207185   -175.93   -116.83     24.81
   960177.189645 16.724679  0.000488 58.876354    161.94    139.47      7.38
   960270.312649 16.726547  0.000576 64.558718    137.39    -20.73    -19.67
   960363.435654 16.726264  0.000557 59.170351    112.18     51.62     11.82
   960456.558658 16.725797  0.000522 63.676350     90.77    104.19     -9.11
   960549.681663 16.724598  0.000326 60.444511     62.65     27.10     37.48
   960642.804667 16.725475  0.000434 62.286107     43.72    -47.06      2.04
   960735.927671 16.728418  0.000646 61.907573     13.97    155.37     -6.02
   960829.050676 16.724937  0.000282 60.917183     -4.43   -132.43     33.36
   960922.173680 16.727506  0.000590 63.190911    -33.51    -47.32      4.04
   961015.296685 16.725633  0.000315 59.665865    -53.79    -24.02    -42.70
   961108.419689 16.728623  0.000618 64.194976    -80.11   -148.98     -3.55
   961201.542694 16.726113  0.000298 58.969196   -103.75     45.65      5.04
   961294.665698 16.730673  0.000684 64.410540   -126.57   -174.12     -2.65
   961387.788702 16.728921  0.000594 59.420559   -153.45   -105.58     -2.34
   961480.911707 16.726323  0.000225 63.280450   -173.48   -131.17     15.64
   961574.034711 16.729940  0.000582 61.083020    157.54   -169.28    -13.28
   961667.157716 16.728021  0.000422 61.351479    138.86     30.78      0.03
   961760.280720 16.732319  0.000708 62.994007    109.44   -177.29      4.32
   961853.403725 16.729883  0.000555 59.774962     90.13   -106.04      8.97
   961946.526729 16.728784  0.000386 64.096201     62.38    -57.49    -22.10
   962039.649733 16.731404  0.000574 59.170354     40.35   -154.29     15.84
   962132.772738 16.730796  0.000602 64.164851     16.08     97.33     -0.04
   962225.895742 16.727721  0.000130 59.491414     -9.82    -79.35    -14.65
   962319.018747 16.731728  0.000580 63.528508    -30.35     10.95    -11.70
   962412.141751 16.729888  0.000384 60.560014    -59.30     24.56      9.81
   962505.264755 16.733957  0.000681 62.123721    -77.85     -1.22    -10.76
   962598.387760 16.732219  0.000605 62.239131   -107.46   -112.40     -1.73
   962691.510764 16.729440  0.000203 60.250662   -126.63     49.39     14.08
   962784.633769 16.733603  0.000627 63.959378   -154.47   -169.56     -9.05
   962877.756773 16.731534  0.000445 58.932208   -176.32   -128.21     -7.05
   962970.879778 16.734233  0.000601 64.588292    159.04   -174.88     17.02
   963064.002782 16.731647  0.000388 59.140403    133.69    100.03     11.40
   963157.125786 16.734126  0.000606 63.586369    112.52    -44.58     -7.32
   963250.248791 16.730902  0.000217 60.705298     84.08     48.27     35.08
   963343.371795 16.733245  0.000511 61.773254     65.28    133.52      6.08
   963436.494800 16.734942  0.000564 62.576353     35.59    159.13    -19.40
   963529.617804 16.734683  0.000553 60.164213     16.72     44.10     14.05
   963622.740809 16.734475  0.000536 63.806908    -11.45    -72.41     -8.00
   963715.863813 16.732612  0.000273 59.277883    -33.22     23.98     40.34
   963808.986817 16.733853  0.000438 64.219279    -57.61    145.12     -1.60
   963902.109822 16.737186  0.000657 59.355295    -83.57    156.08      0.48
   963995.232826 16.732726  0.000183 63.622446   -104.06     70.55     23.19
   964088.355831 16.735597  0.000540 60.585503   -133.05    -34.93      7.86
   964181.478835 16.736082  0.000494 61.878776   -151.67    159.89    -28.51
   964274.601840 16.737052  0.000613 62.609572    178.94   -131.33      4.42
   964367.724844 16.735245  0.000401 59.797328    159.37    -91.58    -12.46
   964460.847848 16.737640  0.000557 64.308264    132.09   -162.27     20.46
   964553.970853 16.736875  0.000540 58.822507    109.43     99.34      7.72
   964647.093857 16.736053  0.000386 64.375349     85.75    -44.46    -26.66
   964740.216862 16.738889  0.000619 59.618352     59.26     34.83      9.60
   964833.339866 16.737654  0.000554 62.887052     39.17     91.90     -6.74
   964926.462870 16.735688  0.000264 61.534985      9.89     24.46     42.74
   965019.585875 16.737028  0.000405 60.966920     -8.57    -25.09     -6.52
   965112.708879 16.739674  0.000620 63.285587    -37.89    166.21      7.99
   965205.831884 16.736400  0.000232 59.580978    -58.00    -26.63    -33.33
   965298.954888 16.738129  0.000483 64.139823    -84.24      5.44     -0.37
   965392.077893 16.741719  0.000683 59.208679   -108.51     -7.46      6.80
   965485.200897 16.737649  0.000332 63.920898   -130.34    -89.35     11.06
   965578.323901 16.740832  0.000630 60.118409   -158.58    143.17      0.84
   965671.446906 16.737049  0.000164 62.451599   -177.45    -35.89    -37.87
   965764.569910 16.739680  0.000496 62.047985    152.94     18.08     -5.49
   965857.692915 16.740564  0.000508 60.264966    133.82     -0.05     18.95
   965950.815919 16.740016  0.000439 64.026351    106.00    -10.84    -23.26
   966043.938924 16.739902  0.000429 58.859395     83.82   -161.10     -0.00
   966137.061928 16.743745  0.000681 64.527382     59.74     -1.66      7.00
   966230.184932 16.740278  0.000419 59.385253     33.51     93.41     12.06
   966323.307937 16.742736  0.000619 63.075572     13.20    137.20     -5.89
   966416.430941 16.738961  0.000143 61.453628    -15.92     86.36     11.44
   966509.553946 16.741284  0.000454 60.847214    -34.55    -16.03      0.57
   966602.676950 16.744644  0.000671 63.497428    -63.71    171.53      3.58
   966695.799955 16.740471  0.000252 59.362892    -84.05    -84.51     11.00
   966788.922959 16.743215  0.000584 64.220716   -110.00    -29.01      5.92
   966882.045963 16.743081  0.000477 59.333977   -134.70    -11.92    -31.17
   966975.168968 16.744159  0.000621 63.556943   -156.02   -133.96     -1.40
   967068.291972 16.741192  0.000209 60.649508    175.22     81.54     -8.27
   967161.414977 16.746121  0.000674 61.865457    156.69   -163.52      4.38
   967254.537981 16.744487  0.000592 62.585468    127.05    -82.89     -3.41
   967347.660985 16.741430  0.000135 59.883253    107.42    -75.45    -18.04
   967440.783990 16.745672  0.000612 64.184194     80.62   -156.73     -4.49
   967533.906994 16.743327  0.000353 58.916877     56.89     68.12     -7.91
   967627.029999 16.746668  0.000611 64.231978     34.55   -168.71     19.60
   967720.153003 16.745053  0.000519 59.934416      6.70    -67.74      7.71
   967813.276008 16.746506  0.000571 62.320707    -12.49    -30.17    -18.62
   967906.399012 16.744571  0.000368 62.351250    -41.92   -114.88     19.83
   967999.522016 16.746680  0.000590 59.874223    -61.23    134.98      4.92
   968092.645021 16.746328  0.000471 64.289819    -88.84    -15.90    -28.49
   968185.768025 16.747459  0.000594 58.875170   -111.47     54.10      3.13
   968278.891030 16.745856  0.000411 64.149226   -134.87    106.85    -14.55
   968372.014034 16.746350  0.000413 60.016385   -162.00     29.81     32.56
   968465.137039 16.747026  0.000527 62.312824    178.56    -50.08      6.18
   968558.260043 16.749703  0.000655 62.237984    148.89    166.45    -13.06
   968651.383047 16.746641  0.000388 60.225781    130.10   -110.27     19.62
   968744.506052 16.749027  0.000621 63.876969    101.89    -33.06      2.01
   968837.629056 16.747601  0.000409 59.197625     79.65    -13.42    -33.86
   968930.752061 16.749133  0.000595 64.063362     56.12   -129.02     -1.01
   969023.875065 16.746647  0.000257 59.842736     28.90    104.62    -20.76
   969116.998070 16.750422  0.000604 62.725490      9.60   -156.62     16.14
   969210.121074 16.749914  0.000608 61.809135    -20.13    -60.72      0.64
   969303.244078 16.748386  0.000375 60.460850    -39.06    -21.56    -39.02
   969396.367083 16.750490  0.000595 63.857930    -66.98   -124.81      5.52
   969489.490087 16.750145  0.000515 58.957454    -89.56    123.63    -14.91
   969582.613092 16.747540  0.000167 64.390524   -112.89   -115.68     24.21
   969675.736096 16.749771  0.000451 59.640122   -140.10      7.69     -2.44
   969768.859100 16.750954  0.000506 62.610244   -159.60      2.75     22.39
   969861.982105 16.751401  0.000539 62.139474    171.00      3.18    -15.67
   969955.105109 16.750177  0.000428 59.970078    151.76   -122.40     -6.49
   970048.228114 16.750315  0.000368 64.281603    124.05     16.15     39.58
   970141.351118 16.750900  0.000432 58.831118    101.31    174.42     -7.73
   970234.474123 16.751388  0.000433 64.144339     78.11   -169.77     20.48
   970327.597127 16.754488  0.000652 60.148556     50.69   -166.22     -3.24
   970420.720131 16.752994  0.000601 62.004435     31.46     93.70     -0.01
   970513.843136 16.751840  0.000388 62.635618      1.82    -25.89    -33.47
   970606.966140 16.753248  0.000529 59.810119    -17.40     53.10     13.95
   970700.089145 16.754352  0.000628 64.130374    -44.78    138.20     -2.37
   970793.212149 16.752266  0.000359 59.197925    -68.29    170.31    -39.07
   970886.335154 16.754221  0.000603 63.693332    -90.48     59.41     -1.91
   970979.458158 16.752327  0.000316 60.573628   -118.90    -46.75    -29.98
   971072.581162 16.753638  0.000425 61.763581   -137.52     46.20     22.73
   971165.704167 16.754588  0.000543 62.788836   -167.13    153.87      6.33
   971258.827171 16.757544  0.000678 59.654996    172.85    174.71     -2.72
   971351.950176 16.753727  0.000397 64.235421    146.83    118.96      3.51
   971445.073180 16.755899  0.000549 59.152479    121.74    -10.85     15.65
   971538.196185 16.757758  0.000670 63.619561    100.89   -176.20    -10.44
   971631.319189 16.756252  0.000601 60.898096     71.77    -76.71      0.84
   971724.442193 16.756864  0.000551 61.130674     53.04    -23.23    -21.80
   971817.565198 16.754636  0.000337 63.506966     24.29    -77.31      6.05
   971910.688202 16.756017  0.000468 58.994075      2.86    175.73     11.51
   972003.811207 16.758848  0.000640 64.534010    -21.62      8.00     12.60
   972096.934211 16.755823  0.000415 59.413089    -48.03    147.21      1.24
   972190.057215 16.757178  0.000490 62.771580    -68.00   -178.89     20.40
   972283.180220 16.759668  0.000669 62.051752    -97.35   -161.84     -1.70
   972376.303224 16.758400  0.000606 59.960825   -116.53    112.04      0.76
   972469.426229 16.759583  0.000603 64.294813   -144.27    -12.00    -17.23
   972562.549233 16.756844  0.000367 58.888400   -167.22    106.66      8.43
   972655.672238 16.758322  0.000500 63.912201    169.99   -179.93     12.14
   972748.795242 16.760839  0.000637 60.536503    142.04   -164.41     10.87
   972841.918246 16.758203  0.000466 61.508465    123.14    138.30      4.67
   972935.041251 16.759876  0.000536 63.145143     93.58      1.24     22.91
   973028.164255 16.761060  0.000632 59.405221     73.53   -164.75     -9.41
   973121.287260 16.760097  0.000582 64.217390     47.55    -65.84     -6.64
   973214.410264 16.760052  0.000484 59.487322     22.21     -9.98    -30.09
   973307.533269 16.759846  0.000496 63.002782      1.76    -89.07      8.05
   973400.656273 16.761662  0.000603 61.590365    -27.75    169.86     11.46
   973493.779277 16.763005  0.000656 60.617336    -46.38      8.86     -6.43
   973586.902282 16.761135  0.000576 63.723413    -74.74    123.67      4.02
   973680.025286 16.763973  0.000684 59.150668    -97.28    173.29      5.09
   973773.148291 16.761050  0.000478 64.031514   -120.24    177.01    -15.72
   973866.271295 16.760533  0.000393 60.151507   -148.28     99.72    -16.45
   973959.394300 16.759056  0.000152 62.025258   -167.12    -41.40    -32.59
   974052.517304 16.762652  0.000589 62.729625    163.39     74.14     -0.50
   974145.640308 16.764107  0.000614 59.474024    143.09    152.86     -9.55
   974238.763313 16.762322  0.000457 64.425995    117.48    172.40    -21.84
   974331.886317 16.763167  0.000564 59.147392     91.83     98.10     -6.97
   974425.009322 16.763654  0.000515 63.252039     71.46    -14.84    -27.73
   974518.132326 16.762168  0.000414 61.567158     42.13    120.95      5.09
   974611.255330 16.762243  0.000352 60.271050     23.00   -162.99     19.06
   974704.378335 16.762779  0.000374 64.190598     -4.74   -142.62     29.98
   974797.501339 16.763472  0.000459 58.781995    -27.89   -148.20     -5.29
   974890.624344 16.762112  0.000240 64.046974    -50.42    127.44    -30.20
   974983.747348 16.762925  0.000321 60.539732    -78.59    -85.83     11.91
   975076.870353 16.763590  0.000399 61.231729    -97.57     35.76      1.93
   975169.993357 16.761851  0.000080 63.553871   -126.67     84.80      7.74
   975263.116361 16.766055  0.000602 58.968314   -147.65     68.02      2.67
   975356.239366 16.767714  0.000667 64.380861   -172.49    -16.51      2.69
   975449.362370 16.767959  0.000663 59.761169    161.02   -161.75     -3.29
   975542.485375 16.766141  0.000550 62.213035    141.33    -37.06      6.28
   975635.608379 16.765716  0.000419 62.644835    111.76     13.71     33.14
   975728.731384 16.767738  0.000617 59.586559     92.28     42.18      2.86
   975821.854388 16.767930  0.000611 64.265375     65.50    -20.84      5.76
   975914.977392 16.768876  0.000618 59.343875     40.82   -163.70     17.55
   976008.100397 16.766700  0.000493 63.038484     19.93     16.83     -5.42
   976101.223401 16.766093  0.000342 61.691978     -9.47    146.08    -34.74
   976194.346406 16.766044  0.000293 60.388956    -28.19    145.91    -15.22
   976287.469410 16.767993  0.000531 63.904649    -56.39    103.46     -9.01
   976380.592415 16.770626  0.000638 59.169531    -79.40     -4.67    -11.35
   976473.715419 16.767883  0.000469 63.689402   -101.69    173.58     -8.38
   976566.838423 16.768165  0.000438 60.770914   -130.39    -50.44    -22.60
   976659.961428 16.769095  0.000487 61.260149   -148.98     -4.76    -26.65
   976753.084432 16.769543  0.000582 63.376142   -178.06    -49.35      4.92
   976846.207437 16.768485  0.000386 59.210945    160.26   -170.43     36.75
   976939.330441 16.769918  0.000530 64.105916    136.57     60.38     11.13
   977032.453445 16.768841  0.000367 60.044109    108.86   -158.23     13.03
   977125.576450 16.767354  0.000128 62.003683     89.92    -60.45    -19.95
   977218.699454 16.770562  0.000548 62.851420     60.48    -75.55      4.94
   977311.822459 16.769368  0.000346 59.331238     39.80   -166.80     28.79
   977404.945463 16.769032  0.000288 64.388518     14.87     72.29     18.92
   977498.068468 16.770900  0.000494 59.478581    -11.77    -93.28    -10.73
   977591.191472 16.774167  0.000685 62.604030    -31.36     -5.55     -9.85
   977684.314476 16.771925  0.000557 62.371129    -60.86     24.80     -7.73
   977777.437481 16.773760  0.000637 59.532984    -80.84    -28.57      0.46
   977870.560485 16.772984  0.000548 64.484049   -106.83   -154.87     20.17
   977963.683490 16.772401  0.000519 59.136572   -132.38     58.49     -6.88
   978056.806494 16.775194  0.000670 62.997606   -152.72    167.22     -2.81
   978149.929499 16.774440  0.000637 62.020561    177.95   -143.26      2.76
   978243.052503 16.772358  0.000434 59.730622    158.40   -174.16     11.12
   978336.175507 16.770984  0.000235 64.486217    131.55    160.30    -45.60
   978429.298512 16.772828  0.000441 58.964889    106.91    -43.30      6.17
   978522.421516 16.772577  0.000348 63.255407     85.89    122.86    -22.97
   978615.544521 16.775530  0.000595 61.751182     56.75   -170.82    -11.20
   978708.667525 16.773769  0.000461 59.940615     37.53    172.06      6.14
   978801.790530 16.773447  0.000369 64.388456     10.03    157.29    -36.93
   978894.913534 16.774574  0.000465 58.948592    -13.86      4.88    -14.17
   978988.036538 16.776645  0.000642 63.360441    -35.46    150.31      1.65
   979081.159543 16.773742  0.000310 61.575518    -64.45   -141.88     35.25
   979174.282547 16.776197  0.000591 60.133875    -83.47    -85.92      2.61
   979267.405552 16.773607  0.000238 64.256758   -111.42   -148.81     31.92
   979360.528556 16.774557  0.000321 58.996948   -134.82    152.04    -15.67
   979453.651560 16.777128  0.000608 63.400747   -156.74    -41.32      2.86
   979546.774565 16.773564  0.000104 61.463248    174.33     58.89     27.91
   979639.897569 16.775764  0.000398 60.318015    155.49    129.54      3.74
   979733.020574 16.777601  0.000539 64.095591    127.24    143.21    -19.15
   979826.143578 16.779027  0.000610 59.078135    104.07     27.67     13.02
   979919.266583 16.777608  0.000549 63.409119     82.01   -104.46     -5.80
   980012.389587 16.778024  0.000484 61.389311     53.06     10.26     28.83
   980105.512591 16.776763  0.000362 60.440938     34.31     98.29     10.89
   980198.635596 16.779116  0.000590 63.967418      6.00    132.23     -8.22
   980291.758600 16.777157  0.000332 59.162049    -17.18     28.12     36.65
   980384.881605 16.778638  0.000528 63.398294    -39.12    -68.98      6.35
   980478.004609 16.777892  0.000367 61.362887    -68.21    143.86    -32.53
   980571.127614 16.781368  0.000656 60.491983    -86.94   -155.40      0.68
   980664.250618 16.778693  0.000445 63.918937   -115.16   -109.65     -6.27
   980757.373622 16.781359  0.000589 59.195568   -138.60   -170.17     19.65
   980850.496627 16.779496  0.000465 63.373569   -160.26     98.04      7.69
   980943.619631 16.780916  0.000550 61.391613    170.50    -40.52    -15.20
   981036.742636 16.779742  0.000402 60.458180    151.70     30.11     32.50
   981129.865640 16.781062  0.000582 63.926921    123.82    121.16      3.94
   981222.988645 16.779739  0.000360 59.213450     99.88    155.08    -39.26
   981316.111649 16.782751  0.000638 63.302892     78.65     33.94      1.77
   981409.234653 16.780322  0.000376 61.537682     49.20    -86.91    -14.08
   981502.357658 16.782379  0.000523 60.281306     30.22     16.85     25.30
   981595.480662 16.781618  0.000511 64.034099      2.84    122.60      5.74
   981688.603667 16.784033  0.000625 59.217680    -21.75    154.48     -9.87
   981781.726671 16.780560  0.000275 63.171047    -42.44     66.52     21.88
   981874.849675 16.782968  0.000559 61.770339    -72.01    -30.81      7.14
   981967.972680 16.784422  0.000574 60.007935    -91.37    167.36    -22.45
   982061.095684 16.783629  0.000573 64.170662   -118.03   -112.41      7.07
   982154.218689 16.783835  0.000523 59.304217   -143.47    -47.13    -16.03
   982247.341693 16.781311  0.000215 62.872042   -163.58   -127.23     32.02
   982340.464698 16.783263  0.000464 62.171784    166.80    175.61      1.80
   982433.587702 16.785912  0.000608 59.636063    146.90     -2.99     14.71
   982526.710706 16.783523  0.000399 64.326987    121.17    162.61    -17.44
   982619.833711 16.783510  0.000381 59.473477     94.80   -153.44      6.81
   982712.956715 16.786888  0.000628 62.431122     75.22   -172.38     18.28
   982806.079720 16.784358  0.000462 62.680541     45.73    139.58      3.50
   982899.202724 16.787034  0.000613 59.270662     25.00     -8.88     12.53
   982992.325729 16.786290  0.000532 64.340989      0.39    179.09    -18.20
   983085.448733 16.785863  0.000513 59.853235    -26.95    -96.96     -7.79
   983178.571737 16.783397  0.000143 61.784516    -46.11    -62.43    -24.85
   983271.694742 16.787347  0.000607 63.292175    -75.18   -130.54      4.90
   983364.817746 16.787642  0.000583 58.939664    -97.01    130.33     -8.70
   983457.940751 16.784951  0.000293 64.201107   -120.34    -16.70    -40.51
   983551.063755 16.787551  0.000576 60.430226   -148.62     68.53     -5.23
   983644.186760 16.785895  0.000327 61.013703   -167.64    141.46    -35.22
   983737.309764 16.786419  0.000370 63.868714    164.01     77.71     14.60
   983830.432768 16.787504  0.000467 58.834723    140.80     -4.81     11.44
   983923.555773 16.789289  0.000557 63.758244    118.87   -169.68     21.56
   984016.678777 16.787880  0.000478 61.253660     89.89      6.42     -7.98
   984109.801782 16.786460  0.000249 60.149098     70.60     72.63     -5.16
   984202.924786 16.787166  0.000313 64.346412     43.40     48.44     29.39
   984296.047791 16.788191  0.000429 58.995029     18.57     20.25     -0.67
   984389.170795 16.786628  0.000171 63.028109     -2.05   -152.15     41.37
   984482.293799 16.790417  0.000597 62.209423    -31.42     55.20      6.50
   984575.416804 16.791122  0.000614 59.391817    -51.50    152.10      5.40
   984668.539808 16.792694  0.000680 64.508829    -77.10   -172.06      4.09
   984761.662813 16.789470  0.000436 59.543198   -103.62    159.78      1.48
   984854.785817 16.788461  0.000259 61.988425   -123.21     29.70     26.17
   984947.908821 16.790265  0.000442 63.237728   -152.37   -126.17     20.02
   985041.031826 16.790112  0.000411 58.870072   -173.88      9.97      7.32
   985134.154830 16.788439  0.000156 64.263510    162.44     30.31     45.52
   985227.277835 16.792273  0.000588 60.458893    134.35     69.13      3.52
   985320.400839 16.793175  0.000612 60.818894    115.21    -15.46      8.39
   985413.523844 16.793597  0.000601 64.074669     87.00   -157.16     13.17
   985506.646848 16.791495  0.000436 58.791334     63.54      8.69     -1.00
   985599.769852 16.789836  0.000173 63.502774     41.86    118.39    -27.95
   985692.892857 16.791131  0.000338 61.702999     12.76    108.25      6.09
   985786.015861 16.791560  0.000366 59.694537     -6.85     69.29     -7.75
   985879.138866 16.792009  0.000366 64.515374    -33.35    -11.90    -38.94
   985972.261870 16.793091  0.000494 59.279297    -59.10    121.47      8.12
   986065.384875 16.791713  0.000265 62.315339    -79.08   -144.92     21.82
   986158.507879 16.791912  0.000250 63.011253   -108.35    -77.58      4.95
   986251.630883 16.794406  0.000549 58.918564   -129.42    -90.06     -7.29
   986344.753888 16.797384  0.000689 64.327250   -153.57    176.10     -1.71
   986437.876892 16.795519  0.000591 60.359089    178.61     30.07     -6.66
   986530.999897 16.796700  0.000650 60.863398    159.39    154.09      2.47
   986624.122901 16.795496  0.000508 64.071878    131.10   -152.68     25.24
   986717.245906 16.795493  0.000535 58.788848    107.63   -115.20     -7.61
   986810.368910 16.798214  0.000668 63.432205     86.01    170.65      2.24
   986903.491914 16.797094  0.000605 61.841476     56.87     42.73      7.25
   986996.614919 16.795020  0.000388 59.539738     37.13   -155.30      5.83
   987089.737923 16.795714  0.000402 64.534181     10.97    -12.54    -36.25
   987182.860928 16.795734  0.000422 59.469458    -15.21    -10.53     -4.00
   987275.983932 16.797744  0.000559 61.949257    -34.96    -35.87    -18.00
   987369.106936 16.799151  0.000649 63.343186    -64.07   -155.42      5.43
   987462.229941 16.796473  0.000422 58.803045    -85.85     45.49     -5.62
   987555.352945 16.800199  0.000672 64.089561   -109.11    172.69     -8.25
   987648.475950 16.798997  0.000617 60.886125   -137.56   -132.87      0.97
   987741.598954 16.796852  0.000361 60.281030   -156.82   -155.79     11.11
   987834.721959 16.798469  0.000474 64.370704    175.71    173.54    -28.88
   987927.844963 16.797842  0.000443 59.001746    150.95      7.72     -2.83
   988020.967967 16.801225  0.000671 62.758016    130.37    162.63     -8.81
   988114.090972 16.799512  0.000541 62.630642    101.05   -129.17     14.66
   988207.213976 16.798913  0.000471 59.054399     80.32    -85.99    -12.22
   988300.336981 16.800639  0.000547 64.382447     55.81   -167.99     23.18
   988393.459985 16.799681  0.000517 60.242969     28.11     97.72      8.21
   988486.582990 16.799340  0.000406 60.908256      8.89    -59.35    -19.82
   988579.705994 16.801839  0.000604 64.074573    -19.32     25.50     13.18
   988672.828998 16.801059  0.000581 58.824672    -43.10     90.52     -4.66
   988765.952003 16.798374  0.000233 63.260092    -64.38     18.96     44.38
   988859.075007 16.800406  0.000457 62.107693    -93.67     -4.90    -11.95
   988952.198012 16.801485  0.000513 59.337552   -113.86    172.72     14.13
   989045.321016 16.802122  0.000513 64.453800   -139.11     -6.68    -24.20
   989138.444021 16.802008  0.000540 59.893744   -166.30     53.53     -5.86
   989231.567025 16.800254  0.000296 61.321274    174.40     22.16     28.58
   989324.690029 16.803475  0.000601 63.826259    145.84      8.37    -11.04
   989417.813034 16.801488  0.000412 58.809789    122.56   -120.24     -7.34
   989510.936038 16.803251  0.000507 63.480903    100.92      9.28     29.26
   989604.059043 16.801945  0.000426 61.835785     71.66    147.05     -0.02
   989697.182047 16.804659  0.000595 59.522150     51.68    166.55     12.41
   989790.305051 16.803570  0.000477 64.415243     26.15    173.49    -23.42
   989883.428056 16.803570  0.000513 59.805437     -0.90     65.23     -7.88
   989976.551060 16.801357  0.000179 61.464651    -20.19   -141.91     30.88
   990069.674065 16.805559  0.000626 63.705415    -48.84     27.72     -3.17
   990162.797069 16.803918  0.000454 58.869865    -72.09    102.90    -14.36
   990255.920074 16.801708  0.000140 63.457561    -93.68     37.87     45.46
   990349.043078 16.804574  0.000503 61.842402   -123.03     27.20     -6.04
   990442.166082 16.802706  0.000206 59.556440   -143.03   -141.31     23.33
   990535.289087 16.806772  0.000599 64.314998   -168.39     31.82     10.19
   990628.412091 16.806448  0.000583 59.957349    164.30    135.50      3.43
   990721.535096 16.808283  0.000640 61.324313    145.14    171.21    -11.77
   990814.658100 16.805110  0.000413 63.748328    116.62    120.11      4.21
   990907.781105 16.806340  0.000468 58.995025     92.96     -1.53     19.64
   991000.904109 16.809185  0.000680 63.189582     71.82   -166.47      8.15
   991094.027113 16.806760  0.000531 62.134661     42.29    -37.06      6.47
   991187.150118 16.808605  0.000586 59.434798     21.99      0.95     19.02
   991280.273122 16.808439  0.000606 64.147758     -2.74     16.86     -7.92
   991373.396127 16.808289  0.000560 60.366241    -30.65    -55.24     -8.48
   991466.519131 16.808715  0.000533 60.910526    -49.65    170.99    -24.84
   991559.642136 16.807706  0.000502 63.908411    -77.73    -65.72      6.24
   991652.765140 16.808455  0.000483 59.234095   -102.27      0.91     24.16
   991745.888144 16.810308  0.000628 62.648523   -122.66     24.88     12.74
   991839.011149 16.808591  0.000507 62.683203   -152.29    -13.40      9.02
   991932.134153 16.807444  0.000321 59.238652   -173.30   -165.30     42.14
   992025.257158 16.810192  0.000597 63.820699    163.05     51.24      3.56
   992118.380162 16.810918  0.000598 61.064977    134.35    164.32      8.86
   992211.503166 16.811492  0.000594 60.263368    115.29   -162.00     15.18
   992304.626171 16.809527  0.000492 64.077225     88.15   -159.72     -3.24
   992397.749175 16.809068  0.000364 59.696490     62.29    149.56    -36.28
   992490.872180 16.808992  0.000316 61.807586     42.73    -25.43    -19.29
   992583.995184 16.810988  0.000543 63.392081     13.38    113.57    -10.02
   992677.118189 16.814000  0.000681 59.120402     -8.95   -178.32     -5.03
   992770.241193 16.810908  0.000494 63.215165    -31.11   -169.85     -6.51
   992863.364197 16.812512  0.000568 62.047091    -60.49    149.54    -16.19
   992956.487202 16.813915  0.000638 59.522372    -80.20     12.16     -7.39
   993049.610206 16.811462  0.000486 64.050397   -105.75    173.74      3.99
   993142.733211 16.809749  0.000227 60.510639   -133.18    -26.36    -47.23
   993235.856215 16.811086  0.000357 60.698469   -152.25    -33.34     -7.82
   993328.979220 16.813159  0.000546 64.060338    179.41    -49.95    -13.10
   993422.102224 16.815549  0.000672 59.329093    155.09   -164.44      7.65
   993515.225228 16.813148  0.000531 62.210851    134.56     45.24     -5.64
   993608.348233 16.815818  0.000653 63.195512    105.07    173.67      6.70
   993701.471237 16.813945  0.000501 58.969735     83.76   -131.36     16.28
   993794.594242 16.813302  0.000462 63.571413     60.46   -106.73     -6.58
   993887.717246 16.817164  0.000698 61.716415     31.63   -176.74      4.77
   993980.840251 16.815380  0.000613 59.532099     12.12     53.68     -1.09
   994073.963255 16.813564  0.000373 64.349050    -14.18   -165.76     25.45
   994167.086259 16.813671  0.000361 60.117155    -40.89    -11.19    -28.62
   994260.209264 16.814728  0.000482 60.849562    -60.33    -19.04      6.06
   994353.332268 16.816017  0.000514 64.183353    -88.76    -17.18    -24.79
   994446.455273 16.817010  0.000623 59.015226   -112.71   -141.64     -0.88
   994539.578277 16.814460  0.000359 62.461359   -133.62     44.12      4.07
   994632.701281 16.818897  0.000681 63.131912   -162.89   -173.76     -4.56
   994725.824286 16.816963  0.000591 58.772668    175.68   -115.05     -4.34
   994818.947290 16.814528  0.000271 63.855568    152.35   -156.21     32.23
   994912.070295 16.817300  0.000539 61.528441    123.63   -173.67    -15.50
   995005.193299 16.815943  0.000395 59.488624    103.81     27.08      3.22
   995098.316304 16.819995  0.000668 64.486855     77.94   -176.58      6.85
   995191.439308 16.817243  0.000485 60.010998     50.89    -82.85      8.52
   995284.562312 16.818889  0.000575 60.836360     31.45    -41.96    -11.20
   995377.685317 16.815580  0.000195 64.216407      3.48   -115.20     26.22
   995470.808321 16.817767  0.000470 59.022927    -21.26    158.61      7.81
   995563.931326 16.821482  0.000703 62.400457    -41.63     -7.99     -1.45
   995657.054330 16.817413  0.000368 63.172148    -70.80    113.04      5.40
   995750.177335 16.819866  0.000569 58.852444    -93.08    162.53     10.89
   995843.300339 16.821112  0.000618 63.600609   -115.34    177.76    -16.12
   995936.423343 16.820011  0.000576 61.845064   -144.57     89.92      2.47
   996029.546348 16.820495  0.000538 59.384315   -164.84    -33.61    -19.26
   996122.669352 16.817804  0.000233 64.194750    170.45     87.32     13.00
   996215.792357 16.819510  0.000447 60.592119    142.27   -175.87      8.59
   996308.915361 16.821964  0.000588 60.419530    123.04   -174.09     22.22
   996402.038366 16.820109  0.000475 64.121900     95.95    174.68     -7.84
   996495.161370 16.818873  0.000247 59.703971     69.76     48.80     10.57
   996588.284374 16.821014  0.000446 61.550126     50.35   -149.80     26.95
   996681.407379 16.820798  0.000473 63.641014     21.51     -0.49      1.34
   996774.530383 16.820058  0.000297 59.201377     -2.22     15.97     36.67
   996867.653388 16.823516  0.000634 62.591100    -22.99     32.16      2.46
   996960.776392 16.823470  0.000634 62.876793    -52.60    -36.86     -1.08
   997053.899396 16.825305  0.000676 59.136395    -74.02   -177.83     -8.91
   997147.022401 16.821973  0.000473 63.389433    -96.97    -42.87      3.68
   997240.145405 16.821320  0.000303 61.969534   -126.17     17.77     32.41
   997333.268410 16.823261  0.000481 59.424568   -145.99     41.95     20.05
   997426.391414 16.822677  0.000463 63.987323   -171.25     10.39      4.99
   997519.514419 16.820560  0.000096 60.917033    160.86   -104.77     10.24
   997612.637423 16.824020  0.000525 60.079251    141.65     67.43     12.08
   997705.760427 16.824133  0.000508 64.270758    114.37   -178.73     16.81
   997798.883432 16.823296  0.000376 59.896975     88.35   -146.22     34.60
   997892.006436 16.824433  0.000525 61.008849     68.72   -127.07     -6.73
   997985.129441 16.826632  0.000610 64.141742     40.14    164.05    -15.37
   998078.252445 16.825695  0.000547 59.092224     16.09     12.75    -13.12
   998171.375450 16.826343  0.000614 62.144638     -4.64    139.89      1.95
   998264.498454 16.825652  0.000476 63.494607    -33.80   -162.89     30.24
   998357.621458 16.826634  0.000601 58.734147    -56.08   -119.38     -1.09
   998450.744463 16.827383  0.000595 63.252148    -78.33    172.44     13.96
   998543.867467 16.825482  0.000408 62.460996   -107.46     48.96     25.60
   998636.990472 16.826204  0.000498 58.898971   -128.38   -102.20     -9.25
   998730.113476 16.829680  0.000686 64.068307   -152.23     -2.46      2.28
   998823.236481 16.828028  0.000602 61.303753    179.15     50.10      0.63
   998916.359485 16.826435  0.000409 59.534873    159.23      9.31     17.26
   999009.482489 16.825592  0.000285 64.393006    133.73    -22.05    -35.48
   999102.605494 16.827130  0.000472 60.321279    106.07    149.67      6.15
   999195.728498 16.827137  0.000388 60.431044     86.65    -34.18    -31.87
   999288.851503 16.829768  0.000636 64.245810     59.60     20.47     -5.84
   999381.974507 16.827350  0.000388 59.662389     33.23     19.60     10.41
   999475.097511 16.830040  0.000573 61.345072     13.79     -6.17    -23.01
   999568.220516 16.829278  0.000564 63.834626    -14.58   -139.04     -4.29
   999661.343520 16.828593  0.000402 59.296386    -39.28      8.46     24.68
   999754.466525 16.828411  0.000377 62.110800    -59.37    166.41    -28.63
   999847.589529 16.828973  0.000465 63.352842    -88.62   -175.59      3.93
   999940.712534 16.832864  0.000680 59.140727   -111.61    172.29     -6.58
  1000000.000136 16.830863  0.000594 61.632720   -129.52    -33.08      6.14
