    
   100000.000049 11.796061  0.000833 59.488665     39.41     53.53     -1.32
   100093.123047 11.798151  0.000891 61.660218     26.29   -158.14      6.21
   100186.246045 11.799414  0.000826 63.287272     11.34    -31.91     -4.87
   100279.369042 11.801191  0.000886 63.592188     -4.68     39.10      0.33
   100372.492040 11.802398  0.000731 62.865040    -20.31     74.64      1.62
   100465.615038 11.804618  0.000831 61.177182    -34.70     72.20      2.23
   100558.738035 11.806296  0.000874 59.578845    -48.01     38.78     -2.55
   100651.861033 11.808538  0.000924 59.037754    -60.51    -32.70     -5.00
   100744.984031 11.810291  0.000931 59.130590    -72.77   -146.33      0.31
   100838.107028 11.811591  0.000892 59.758166    -85.63     76.32     -2.21
   100931.230026 11.812614  0.000750 61.017321    -99.12    -95.86     -0.80
   101024.353024 11.814790  0.000856 62.081465   -113.07     56.79      5.59
   101117.476021 11.816410  0.000881 62.740487   -127.57   -164.12     -2.36
   101210.599019 11.818193  0.000841 63.441195   -142.30    -59.26     -3.29
   101303.722017 11.820551  0.000959 63.752891   -156.94     14.89     -0.38
   101396.845014 11.821699  0.000902 63.603164   -171.64     66.37      0.80
   101489.968012 11.822834  0.000793 63.686175    173.74    101.29     -5.06
   101583.091009 11.824272  0.000780 63.576245    159.42    101.99      0.09
   101676.214007 11.826727  0.000899 63.226522    145.11     85.56      1.68
   101769.337005 11.827843  0.000780 63.247759    130.88     50.15      2.38
   101862.460002 11.830537  0.000925 63.250104    116.89      1.31     -2.90
   101955.583000 11.831610  0.000894 63.048237    102.89    -72.95      0.15
   102048.705998 11.833268  0.000884 63.226798     88.92   -162.75      2.79
   102141.828995 11.834196  0.000756 63.451370     75.20     97.49     -0.37
   102234.951993 11.836428  0.000878 63.392369     61.50    -18.79     -0.45
   102328.074991 11.838081  0.000855 63.634981     47.86   -150.86      3.04
   102421.197988 11.839442  0.000793 63.828004     34.50     67.34      4.16
   102514.320986 11.841522  0.000887 63.574278     21.21    -79.96      0.92
   102607.443984 11.843448  0.000913 63.353585      7.87    124.83     -2.81
   102700.566981 11.844864  0.000836 62.974206     -5.37    -38.19     -6.99
   102793.689979 11.846271  0.000823 61.964230    -18.83    143.78     -2.39
   102886.812977 11.848573  0.000902 60.920755    -32.85    -35.98     -0.40
   102979.935974 11.850076  0.000840 60.026357    -47.30    147.21     -5.63
   103073.058972 11.851235  0.000812 59.045513    -62.39    -43.43      0.61
   103166.181969 11.853503  0.000911 58.878019    -78.08    131.62      0.50
   103259.304967 11.854580  0.000810 59.711894    -93.54    -49.71     -4.25
   103352.427965 11.856177  0.000841 60.940484   -108.30    119.34      1.00
   103445.550962 11.858365  0.000923 62.527973   -122.02    -61.98     -1.44
   103538.673960 11.859362  0.000790 63.748755   -134.47    120.57     -5.69
   103631.796958 11.861014  0.000816 63.376926   -146.45    -61.92     -0.88
   103724.919955 11.863337  0.000920 61.766354   -159.30    127.33     -1.08
   103818.042953 11.865074  0.000888 59.975861   -173.79    -31.49     -5.83
   103911.165951 11.866412  0.000873 58.876159    170.06    172.05     -4.09
   104004.288948 11.867814  0.000854 59.844205    153.65     22.88      0.31
   104097.411946 11.869087  0.000770 62.338898    139.35   -116.05      3.15
   104190.534944 11.870849  0.000804 63.689886    127.46    120.97     -0.03
   104283.657941 11.872754  0.000851 62.612420    115.84      6.25      1.70
   104376.780939 11.873898  0.000722 60.250567    101.96    -88.00     -2.06
   104469.903937 11.876672  0.000917 58.921986     85.29   -168.51     -3.12
   104563.026934 11.878038  0.000917 60.634480     68.76    122.75      0.82
   104656.149932 11.878800  0.000727 63.442351     55.89     71.39      2.30
   104749.272930 11.881483  0.000914 63.121732     45.08     38.99      1.93
   104842.395927 11.882573  0.000843 60.027325     31.51     30.30     -0.28
   104935.518925 11.884139  0.000814 59.099696     14.10     38.38      3.96
   105028.641922 11.885776  0.000799 61.802888     -1.67     71.27      3.96
   105121.764920 11.887664  0.000892 63.571153    -12.98    127.24      2.05
   105214.887918 11.889249  0.000855 61.331821    -24.67   -156.76      4.67
   105308.010915 11.890498  0.000795 58.948460    -41.40    -40.35     -5.05
   105401.133913 11.892679  0.000899 61.279779    -58.27     89.95     -1.32
   105494.256911 11.893558  0.000764 63.742503    -69.48   -113.25      0.33
   105587.379908 11.895376  0.000790 60.907218    -81.12     71.03      3.23
   105680.502906 11.897378  0.000891 58.935232    -98.91    -65.70      1.48
   105773.625904 11.899313  0.000891 62.615560   -114.42   -176.95      4.21
   105866.748901 11.899891  0.000721 63.100454   -124.32    109.70     -2.39
   105959.871899 11.902380  0.000910 59.090127   -139.03     64.24     -0.09
   106052.994897 11.903322  0.000758 60.905103   -157.26     56.75      1.30
   106146.117894 11.904862  0.000748 63.753418   -168.22     78.84      3.95
   106239.240892 11.906876  0.000852 59.911503    179.48    144.67      0.99
   106332.363890 11.908193  0.000789 60.055738    160.62   -108.24     -0.88
   106425.486887 11.910745  0.000912 63.793349    148.66     26.71      3.79
   106518.609885 11.912016  0.000895 60.174067    137.15   -148.63     -0.88
   106611.732882 11.913055  0.000773 60.051502    118.10     78.30     -1.40
   106704.855880 11.915592  0.000895 63.803985    106.47    -14.16     -5.12
   106797.978878 11.916637  0.000858 59.659373     94.25    -74.07      2.91
   106891.101875 11.918266  0.000852 60.892009     75.21    -69.31     -4.36
   106984.224873 11.920009  0.000837 63.451861     65.16    -30.12     -6.18
   107077.347871 11.921760  0.000885 58.881115     50.28     51.13      0.03
   107170.470868 11.923153  0.000853 62.572459     33.08   -174.02      2.63
   107263.593866 11.925412  0.000918 61.785985     23.84      9.05      0.97
   107356.716864 11.926558  0.000907 59.464322      5.16   -114.09      1.62
   107449.839861 11.928118  0.000875 63.624837     -6.98    170.90      2.14
   107542.962859 11.929920  0.000884 59.283155    -20.17    155.48     -4.31
   107636.085857 11.931127  0.000877 62.458790    -37.90   -171.84     -2.38
   107729.208854 11.932681  0.000863 61.184986    -47.22    -86.70     -2.71
   107822.331852 11.934023  0.000795 60.387475    -66.54     51.73      5.04
   107915.454850 11.935917  0.000866 63.100856    -76.56   -109.19      3.44
   108008.577847 11.937692  0.000878 58.922763    -93.40    153.26      1.15
   108101.700845 11.938499  0.000746 63.804010   -106.90    115.26     -4.05
   108194.823842 11.940225  0.000798 59.007006   -119.97    128.01     -0.19
   108287.946840 11.941981  0.000840 63.158166   -136.84   -152.46      1.10
   108381.069838 11.944545  0.000928 59.841986   -147.44    -11.23     -1.20
   108474.192835 11.945660  0.000885 62.463898   -165.98   -164.37     -1.02
   108567.315833 11.947169  0.000892 60.329144   -175.48    102.79     -1.51
   108660.438831 11.947860  0.000710 62.048649    165.18     77.71      1.44
   108753.561828 11.949666  0.000760 60.843479    156.24    117.01      0.18
   108846.684826 11.951519  0.000824 61.608854    136.59   -129.26     -0.66
   108939.807824 11.953058  0.000786 60.982943    127.62     39.73      5.23
   109032.930821 11.954436  0.000786 61.840417    108.18    -65.36      1.10
   109126.053819 11.956461  0.000871 60.438077     99.00   -105.90     -2.20
   109219.176817 11.957542  0.000751 62.452400     79.76    -68.91     -5.23
   109312.299814 11.960086  0.000908 59.922499     70.19     26.72     -0.00
   109405.422812 11.960984  0.000848 62.950682     51.84   -152.50      0.10
   109498.545810 11.962236  0.000744 59.248682     40.60    103.73     -4.55
   109591.668807 11.964189  0.000820 63.659567     24.60     64.60      4.85
   109684.791805 11.966063  0.000889 58.785623     10.39    115.20      1.38
   109777.914802 11.966893  0.000736 63.471237     -2.31   -122.97      3.96
   109871.037800 11.968665  0.000784 59.843207    -19.92     84.42      2.88
   109964.160798 11.970394  0.000831 61.696973    -29.52      9.60      0.17
   110057.283795 11.972415  0.000863 62.014648    -49.05     14.68      4.96
   110150.406793 11.973096  0.000734 59.640271    -58.77    105.16      0.50
   110243.529791 11.975415  0.000881 63.493739    -75.60    -79.99      0.06
   110336.652788 11.977436  0.000907 59.125718    -90.48    174.92      3.00
   110429.775786 11.978627  0.000865 62.585346   -101.35    163.35     -4.90
   110522.898784 11.979987  0.000875 61.531658   -120.67   -127.55     -1.17
   110616.021781 11.981511  0.000821 59.498956   -130.65     20.87      5.29
   110709.144779 11.982466  0.000746 63.734200   -146.47    -88.72      1.58
   110802.267777 11.984819  0.000881 59.608711   -163.07   -108.46     -1.22
   110895.390774 11.986557  0.000886 61.008968   -172.72    -42.22     -3.39
   110988.513772 11.987143  0.000741 63.387746    168.95    117.48     -2.48
   111081.636770 11.989168  0.000833 58.909550    155.05      8.14     -1.85
   111174.759767 11.991309  0.000890 61.935932    144.14    -11.94      1.72
   111267.882765 11.992006  0.000761 62.963330    125.33     67.81      4.47
   111361.005762 11.994145  0.000894 58.806387    112.41   -112.04     -0.29
   111454.128760 11.995951  0.000895 62.028640    101.03    159.20     -0.02
   111547.251758 11.997614  0.000891 63.090655     82.38    175.57     -3.17
   111640.374755 11.998599  0.000861 58.942065     68.86    -79.38      1.28
   111733.497753 12.000473  0.000882 61.295896     58.09    131.74     -1.84
   111826.620751 12.000967  0.000720 63.624324     40.20     79.13      3.48
   111919.743748 12.002964  0.000822 59.704160     24.60    134.76      1.52
   112012.866746 12.004858  0.000844 59.842503     14.45    -66.13     -4.01
   112105.989744 12.007061  0.000913 63.583175     -1.00   -171.21      1.35
   112199.112741 12.007848  0.000854 61.690805    -19.03   -161.79     -1.04
   112292.235739 12.009678  0.000869 58.852309    -31.05    -51.11     -1.95
   112385.358737 12.011493  0.000900 61.551486    -42.54    165.96     -3.15
   112478.481734 12.012191  0.000823 63.551183    -59.94    130.24      0.11
   112571.604732 12.013785  0.000813 60.827691    -76.73   -156.33      3.35
   112664.727730 12.016008  0.000871 59.033420    -87.92     24.94      4.66
   112757.850727 12.016755  0.000800 61.570750   -100.15    -35.19     -0.90
   112850.973725 12.018583  0.000834 63.606065   -117.51     11.06      2.71
   112944.096722 12.020826  0.000917 61.485952   -134.33    177.03     -1.41
   113037.219720 12.021618  0.000839 58.844844   -146.53     86.84      1.87
   113130.342718 12.023446  0.000882 60.352232   -158.02    118.32     -1.62
   113223.465715 12.023938  0.000700 63.374717   -173.46    -99.18      1.76
   113316.588713 12.026166  0.000841 63.013393    168.96    169.10     -2.63
   113409.711711 12.027713  0.000845 60.246193    153.68   -175.55      3.05
   113502.834708 12.029597  0.000841 58.998790    141.99    -29.79     -5.66
   113595.957706 12.031159  0.000892 60.557445    129.97   -139.54      1.09
   113689.080704 12.032113  0.000814 63.015225    114.54   -117.15     -0.85
   113782.203701 12.034292  0.000872 63.562320     97.36     20.64      4.04
   113875.326699 12.035058  0.000787 61.395889     81.38    -71.99      1.27
   113968.449697 12.037137  0.000874 59.190940     67.98    -43.84      0.37
   114061.572694 12.037838  0.000732 59.196179     56.19    111.73     -4.75
   114154.695692 12.040379  0.000900 60.856263     43.34     24.35     -0.86
   114247.818690 12.041346  0.000842 62.818601     28.03     70.00     -1.28
   114340.941687 12.042420  0.000729 63.752797     11.43   -122.81      4.61
   114434.064685 12.044686  0.000860 62.628371     -4.89   -174.28     -2.72
   114527.187682 12.045936  0.000841 60.695707    -19.93   -104.41     -2.06
   114620.310680 12.046777  0.000699 59.364375    -33.25     95.55     -2.56
   114713.433678 12.049114  0.000835 58.909264    -45.66     59.39      3.58
   114806.556675 12.050453  0.000841 59.652777    -58.61    164.79      1.35
   114899.679673 12.051809  0.000780 61.371757    -72.55     37.07      5.89
   114992.802671 12.053788  0.000864 62.706121    -87.50     50.75      3.42
   115085.925668 12.054855  0.000824 63.402693   -103.36   -159.09      0.78
   115179.048666 12.056486  0.000804 63.673889   -119.33    130.60     -5.55
   115272.171664 12.058434  0.000877 62.986804   -134.96   -173.02     -2.11
   115365.294661 12.059344  0.000823 61.880785   -150.24     22.62      0.48
   115458.417659 12.061708  0.000901 61.006627   -164.88     -2.50      2.14
   115551.540657 12.061952  0.000730 60.003303   -178.92    116.24     -0.97
   115644.663654 12.063857  0.000811 59.187182    167.19     12.14      0.06
   115737.786652 12.065135  0.000746 59.034896    153.49     45.80      4.76
   115830.909650 12.067348  0.000854 58.898266    139.92   -132.99      4.05
   115924.032647 12.068360  0.000810 58.869643    126.06   -163.59     -0.52
   116017.155645 12.070178  0.000833 59.303994    112.09    -49.73     -5.07
   116110.278642 12.072154  0.000896 59.597259     98.09   -160.54      0.00
   116203.401640 12.073136  0.000863 59.724152     83.80   -118.35     -0.88
   116296.524638 12.073877  0.000722 60.163245     69.39     69.39      0.07
   116389.647635 12.076322  0.000856 60.386640     55.06     41.33      4.42
   116482.770633 12.077307  0.000814 60.321541     40.51    171.68      0.16
   116575.893631 12.078457  0.000730 60.551414     25.92     90.54     -2.46
   116669.016628 12.080632  0.000827 60.537262     11.46    160.09     -5.41
   116762.139626 12.081826  0.000821 60.239026     -3.18     15.29     -1.49
   116855.262624 12.083421  0.000811 60.207487    -17.90     21.74      4.15
   116948.385621 12.085657  0.000897 60.007554    -32.51   -168.83     -0.08
   117041.508619 12.086269  0.000813 59.509285    -47.36    151.17      0.34
   117134.631617 12.087433  0.000748 59.350787    -62.41    -89.12     -3.11
   117227.754614 12.090122  0.000897 59.133154    -77.41   -178.04     -2.14
   117320.877612 12.091077  0.000865 58.760748    -92.72   -109.44     -0.71
   117414.000610 12.092426  0.000817 58.924946   -108.19    123.04     -4.66
   117507.123607 12.093793  0.000800 59.233598   -123.52    151.26     -5.84
   117600.246605 12.095116  0.000807 59.599695   -138.90    -27.76      0.74
   117693.369603 12.097250  0.000879 60.588371   -154.07    -35.84     -2.56
   117786.492600 12.097610  0.000699 61.701103   -168.63    113.53     -2.38
   117879.615598 12.099971  0.000872 62.519065    177.24     63.93     -0.25
   117972.738595 12.101663  0.000882 63.418628    163.58    177.02      2.90
   118065.861593 12.101939  0.000695 63.709667    150.46    100.09     -0.27
   118158.984591 12.104113  0.000833 62.977710    137.24   -172.53     -1.82
   118252.107588 12.105281  0.000765 61.875365    123.44     80.46     -2.00
   118345.230586 12.107098  0.000793 60.465177    108.84    144.16     -5.79
   118438.353584 12.108591  0.000836 59.049428     93.04      9.57     -2.17
   118531.476581 12.109649  0.000752 58.904015     76.40     44.49      1.88
   118624.599579 12.110983  0.000716 60.047579     60.23   -111.31      5.64
   118717.722577 12.113133  0.000856 61.639734     45.25    -88.84      1.48
   118810.845574 12.114349  0.000800 63.281325     31.79    105.67     -3.54
   118903.968572 12.115179  0.000691 63.607083     19.41    105.14     -2.11
   118997.091570 12.117391  0.000828 61.976828      6.45    -83.62      1.69
   119090.214567 12.118716  0.000805 59.898789     -8.53    -87.96     -2.87
   119183.337565 12.119645  0.000697 58.968209    -25.30     72.67      3.53
   119276.460563 12.122108  0.000877 59.839746    -42.22     59.19      0.46
   119369.583560 12.122905  0.000774 62.254822    -57.12   -142.75      2.00
   119462.706558 12.125505  0.000901 63.735341    -69.45   -167.74      2.33
   119555.829555 12.126042  0.000820 62.346634    -81.65     -8.75     -2.55
   119648.952553 12.128061  0.000882 59.809323    -96.52    -35.87      0.35
   119742.075551 12.128643  0.000737 59.028675   -113.93    127.82     -6.05
   119835.198548 12.130471  0.000822 60.856748   -130.60     97.90      2.21
   119928.321546 12.131766  0.000802 63.311133   -143.87    -98.58     -2.27
   120021.444544 12.133033  0.000733 62.996915   -155.42   -126.33      6.25
   120114.567541 12.135253  0.000879 59.931014   -169.66     45.46      1.02
   120207.690539 12.135990  0.000765 58.927779    172.34     40.10      0.99
   120300.813537 12.138009  0.000821 61.717972    155.98   -146.70      6.70
   120393.936534 12.139567  0.000876 63.538916    143.94   -136.97      0.08
   120487.059532 12.140404  0.000786 61.494680    131.82     55.06     -0.70
   120580.182530 12.141402  0.000690 59.023425    115.12     72.85      3.40
   120673.305527 12.143323  0.000789 60.552272     97.30    -73.93      1.91
   120766.428525 12.145328  0.000867 63.426918     84.34    -33.39      0.65
   120859.551523 12.147128  0.000879 62.022844     72.96   -167.72      3.75
   120952.674520 12.147923  0.000821 58.866516     56.39   -104.16      3.80
   121045.797518 12.149629  0.000858 60.836529     38.29    155.82      1.85
   121138.920515 12.150243  0.000713 63.724423     26.19   -120.03      5.22
   121232.043513 12.152251  0.000815 60.929346     14.27    170.27     -3.06
   121325.166511 12.153886  0.000855 58.875301     -4.03    -69.36     -1.30
   121418.289508 12.154546  0.000706 62.549535    -20.18   -119.13      5.15
   121511.412506 12.157029  0.000877 62.916214    -30.71     35.15      1.17
   121604.535504 12.157715  0.000787 59.053546    -46.06     27.79      0.22
   121697.658501 12.159515  0.000793 60.918800    -64.74   -146.67      6.70
   121790.781499 12.160989  0.000836 63.540143    -76.35   -116.43      3.26
   121883.904497 12.162604  0.000867 59.898351    -89.32    115.65     -0.44
   121977.027494 12.164479  0.000890 60.005610   -108.57   -174.15      2.27
   122070.150492 12.164822  0.000768 63.554218   -121.40     96.50      2.17
   122163.273490 12.166359  0.000800 60.343931   -133.31   -147.35     -0.59
   122256.396487 12.168846  0.000891 59.790796   -152.65    173.15      0.30
   122349.519485 12.169409  0.000807 63.564205   -165.69    -21.04     -3.81
   122442.642483 12.170903  0.000830 60.136533   -177.69    -19.44      1.70
   122535.765480 12.172876  0.000864 60.167422    162.76   -164.76      4.68
   122628.888478 12.173593  0.000789 63.566611    150.76   -104.29      3.81
   122722.011475 12.175147  0.000819 59.382228    137.40    166.68      1.52
   122815.134473 12.176143  0.000722 61.273069    118.12    -65.77     -5.57
   122908.257471 12.177925  0.000794 63.028904    107.82   -111.72      4.06
   123001.380468 12.179478  0.000837 58.729956     91.40     72.18     -1.91
   123094.503466 12.180233  0.000696 62.962793     74.52    103.40     -4.49
   123187.626464 12.182270  0.000797 61.176385     64.40    -20.26     -5.18
   123280.749461 12.183724  0.000825 59.687332     44.68     71.24     -2.09
   123373.872459 12.185739  0.000875 63.603605     32.74      8.25      3.60
   123466.995457 12.186820  0.000834 59.002526     18.27    173.81     -4.05
   123560.118454 12.187811  0.000807 62.524681      0.34   -175.67      0.97
   123653.241452 12.188955  0.000729 61.120259     -9.71     47.00      4.43
   123746.364450 12.190456  0.000753 60.251837    -29.50    143.80     -4.24
   123839.487447 12.192384  0.000858 62.990570    -40.38     80.85     -0.94
   123932.610445 12.192973  0.000693 58.968024    -57.33   -121.76      3.51
   124025.733443 12.194732  0.000757 63.550260    -72.14   -103.60      4.04
   124118.856440 12.196581  0.000841 59.170065    -84.85    136.33      1.56
   124211.979438 12.197340  0.000714 62.635450   -103.47   -125.29      4.36
   124305.102435 12.199898  0.000882 60.662164   -113.43   -164.33     -0.19
   124398.225433 12.200518  0.000804 61.046018   -133.57     20.74     -0.15
   124491.348431 12.201526  0.000714 61.966464   -143.24     59.18      2.59
   124584.471428 12.203462  0.000792 60.104582   -162.85    -22.82     -5.12
   124677.594426 12.205119  0.000862 62.637100   -173.43    100.95      0.62
   124770.717424 12.205811  0.000716 59.481465    167.94    106.58     -5.51
   124863.840421 12.207523  0.000767 63.268448    156.34    -33.48     -5.04
   124956.963419 12.209171  0.000827 58.974615    138.79     54.57     -1.84
   125050.086417 12.211019  0.000858 63.451811    126.16      4.62      3.54
   125143.209414 12.212655  0.000876 59.053739    109.39   -165.69     -0.60
   125236.332412 12.213511  0.000851 63.291024     96.42   -113.18     -0.57
   125329.455410 12.215459  0.000883 59.082272     79.47    169.63      1.29
   125422.578407 12.216015  0.000769 63.403339     66.94    -31.21     -6.11
   125515.701405 12.217368  0.000796 59.076124     49.40    -11.71      1.02
   125608.824403 12.218353  0.000705 63.100312     37.58   -117.34      1.71
   125701.947400 12.221045  0.000883 59.702651     19.12     16.01     -0.27
   125795.070398 12.221643  0.000812 62.300375      8.49     17.48     -1.17
   125888.193395 12.222546  0.000705 60.558733    -11.28   -102.21     -0.82
   125981.316393 12.225269  0.000879 61.440040    -20.86      7.01     -1.20
   126074.439391 12.225728  0.000799 61.649099    -41.01     -2.45     -0.05
   126167.562388 12.226976  0.000742 60.007221    -51.12   -144.88      4.52
   126260.685386 12.228633  0.000777 63.149432    -69.82    -30.01     -6.13
   126353.808384 12.230156  0.000827 58.802559    -82.38    -59.08      1.97
   126446.931381 12.232135  0.000878 63.591700    -97.77    162.73     -0.09
   126540.054379 12.232382  0.000710 59.295036   -114.39   -102.25      4.41
   126633.177377 12.234498  0.000856 62.268106   -125.56   -120.44     -0.43
   126726.300374 12.235443  0.000758 61.244121   -145.50    107.29     -4.38
   126819.423372 12.237784  0.000873 60.107885   -155.34   -160.64      2.35
   126912.546370 12.238336  0.000814 63.196629   -173.77   -169.90     -1.11
   127005.669367 12.239237  0.000702 58.883649    172.00     55.17      2.15
   127098.792365 12.241784  0.000859 62.994489    159.39    172.10     -3.85
   127191.915363 12.242388  0.000795 60.797252    139.95    168.73      0.05
   127285.038360 12.243513  0.000730 59.946486    129.85     46.61      2.72
   127378.161358 12.246103  0.000874 63.576436    112.07   -177.71     -1.73
   127471.284355 12.246753  0.000812 58.995217     96.53   -160.26     -1.76
   127564.407353 12.248007  0.000783 61.885164     85.31    105.25     -4.40
   127657.530351 12.248965  0.000705 62.520890     65.67   -108.50      5.44
   127750.653348 12.250850  0.000814 58.746933     53.45    -63.77      2.12
   127843.776346 12.251827  0.000730 63.015102     39.62   -131.42      2.62
   127936.899344 12.253631  0.000778 61.434500     20.41     51.49      6.13
   128030.022341 12.254891  0.000793 59.093546      9.55    129.41      1.53
   128123.145339 12.256228  0.000776 63.361935     -5.91    103.67     -3.76
   128216.268337 12.257759  0.000773 60.968586    -24.45    -30.19     -6.56
   128309.391334 12.259367  0.000845 59.251612    -35.09     74.82      1.07
   128402.514332 12.260152  0.000748 63.372502    -50.86     89.74     -2.95
   128495.637330 12.262600  0.000875 61.148193    -69.40     -3.02     -2.94
   128588.760327 12.263044  0.000779 59.016752    -80.42    152.83      0.21
   128681.883325 12.264465  0.000776 63.067932    -95.21   -152.36      3.98
   128775.006323 12.266610  0.000862 61.975677   -114.23    173.13     -3.47
   128868.129320 12.267494  0.000822 58.722148   -126.52     24.17     -1.97
   128961.252318 12.269141  0.000851 62.042625   -139.31    135.98     -1.55
   129054.375316 12.270390  0.000808 63.190442   -158.26    155.75     -6.15
   129147.498313 12.271795  0.000857 59.226517   -173.33     63.13      0.12
   129240.621311 12.272325  0.000729 60.170288    175.64   -124.97      0.85
   129333.744308 12.273998  0.000745 63.593527    158.96    -39.91     -6.64
   129426.867306 12.275532  0.000812 61.325485    140.66    -66.80      1.77
   129519.990304 12.277285  0.000833 58.803088    128.29    173.42      3.12
   129613.113301 12.278400  0.000787 61.635178    115.89    -31.60     -6.70
   129706.236299 12.279769  0.000830 63.407547     97.77     17.40     -1.96
   129799.359297 12.281502  0.000859 60.637486     80.56    -26.11      0.77
   129892.482294 12.283234  0.000881 59.006627     68.86   -166.38      2.43
   129985.605292 12.283452  0.000773 61.627402     55.78    -33.93     -0.52
   130078.728290 12.285315  0.000831 63.500070     37.64      3.07      3.33
   130171.851287 12.286253  0.000746 61.129503     20.47    -38.62     -6.94
   130264.974285 12.287670  0.000783 58.723450      8.01    170.61     -1.64
   130358.097283 12.289395  0.000827 60.738852     -4.42    -63.74     -2.51
   130451.220280 12.290921  0.000821 63.524473    -21.10    -23.20     -5.53
   130544.343278 12.291841  0.000808 62.360208    -39.25    -81.20      2.27
   130637.466276 12.293700  0.000857 59.510373    -54.11    141.95     -0.53
   130730.589273 12.293676  0.000638 59.244040    -65.84    -88.38      0.19
   130823.712271 12.295638  0.000768 61.615046    -79.61    -42.58     -0.28
   130916.835268 12.297202  0.000787 63.494004    -97.06    -77.40     -3.20
   131009.958266 12.299085  0.000834 62.385269   -114.68    161.14     -5.23
   131103.081266 12.299700  0.000767 59.554951   -129.40    -54.98      1.44
   131196.204270 12.301298  0.000790 58.870660   -141.75      8.77      3.34
   131289.327275 12.303544  0.000882 60.979277   -154.92     -4.06     -1.17
   131382.450279 12.304163  0.000827 63.025338   -171.06   -105.19      2.22
   131475.573284 12.305047  0.000754 63.277711    171.12     81.73     -2.49
   131568.696288 12.307574  0.000881 61.543997    154.59   -179.76     -1.15
   131661.819293 12.308229  0.000824 59.226681    140.50   -160.34     -2.26
   131754.942297 12.309848  0.000851 58.882512    127.81    136.15     -0.48
   131848.065301 12.311572  0.000876 60.597306    114.48     -3.71     -1.29
   131941.188306 12.311765  0.000758 62.470946     99.05    138.31     -0.74
   132034.311310 12.313266  0.000782 63.471849     81.90   -158.44      2.74
   132127.434315 12.315609  0.000879 62.996261     64.83   -169.08      2.68
   132220.557319 12.315984  0.000788 61.029755     48.94    104.17      2.09
   132313.680324 12.317767  0.000839 59.397178     34.55    -54.40     -2.47
   132406.803328 12.318310  0.000698 58.931434     21.40     57.33      6.55
   132499.926332 12.319900  0.000765 59.414838      8.13    108.63      2.23
   132593.049337 12.321399  0.000789 60.904923     -6.31     88.62     -2.79
   132686.172341 12.323588  0.000866 62.614774    -21.84     -9.51     -2.14
   132779.295346 12.324253  0.000820 63.340512    -38.23   -177.75     -2.83
   132872.418350 12.325751  0.000843 63.376071    -55.05    -57.77     -2.10
   132965.541354 12.327650  0.000877 62.827924    -71.40     -7.90     -2.72
   133058.664359 12.327833  0.000766 61.427490    -87.11    -30.28     -1.26
   133151.787363 12.329084  0.000739 60.228788   -102.20   -121.05     -0.44
   133244.910368 12.330052  0.000655 59.446521   -116.48     75.63      3.28
   133338.033372 12.332515  0.000846 58.785266   -130.42   -147.46     -1.19
   133431.156377 12.333522  0.000809 58.811085   -144.48    -79.88     -2.92
   133524.279381 12.333945  0.000643 59.441857   -158.58    -81.30     -2.57
   133617.402385 12.336528  0.000849 59.961919   -173.01   -149.49     -1.09
   133710.525390 12.337303  0.000780 60.732656    172.02     81.26     -2.70
   133803.648394 12.338242  0.000690 61.707526    156.88   -123.87      6.69
   133896.771399 12.339972  0.000781 62.183330    141.52    -13.78     -2.79
   133989.894403 12.341247  0.000779 62.689985    125.85     19.30      2.41
   134083.017408 12.343590  0.000876 63.250357    110.25     -2.72     -0.31
   134176.140412 12.343929  0.000779 63.303340     94.66    -92.22      2.63
   134269.263416 12.345674  0.000843 63.396344     78.93    124.62     -1.16
   134362.386421 12.345825  0.000637 63.649703     63.40    -82.70     -1.87
   134455.509425 12.348263  0.000828 63.454908     47.95     10.02     -2.50
   134548.632430 12.349020  0.000756 63.418604     32.41     39.99      1.25
   134641.755434 12.351441  0.000863 63.580729     17.10     12.45      3.34
   134734.878439 12.351704  0.000760 63.364630      1.86    -68.79      1.36
   134828.001443 12.353620  0.000844 63.349608    -13.45    151.86      1.02
   134921.124447 12.354721  0.000771 63.557674    -28.55    -37.20     -6.70
   135014.247452 12.356148  0.000824 63.406576    -43.57     61.04      2.39
   135107.370456 12.357511  0.000837 63.409768    -58.68    117.87     -1.52
   135200.493461 12.357990  0.000680 63.645834    -73.58    120.52     -6.39
   135293.616465 12.360175  0.000839 63.449615    -88.39     55.91      2.09
   135386.739469 12.361518  0.000842 63.370199   -103.29    -49.76     -0.82
   135479.862474 12.362918  0.000816 63.422901   -118.00    153.50     -5.80
   135572.985478 12.363450  0.000741 62.989437   -132.66    -67.07      1.10
   135666.108483 12.364888  0.000768 62.544281   -147.51     28.69      1.24
   135759.231487 12.365669  0.000649 62.200909   -162.33     71.31      3.53
   135852.354492 12.367888  0.000806 61.354016   -177.27     65.95      3.83
   135945.477496 12.368828  0.000766 60.520303    167.33     14.37      2.09
   136038.600500 12.369493  0.000632 59.957053    151.76    -84.09     -1.71
   136131.723505 12.371271  0.000732 59.138135    135.86    123.80      0.34
   136224.846509 12.373185  0.000821 58.750801    119.46    -70.04     -2.22
   136317.969514 12.374286  0.000758 59.013037    103.08     37.21      7.00
   136411.092518 12.375189  0.000733 59.409145     86.82    112.82      1.74
   136504.215523 12.377220  0.000841 60.381626     70.78    139.52      0.49
   136597.338527 12.377803  0.000702 61.822891     55.54    127.24     -7.50
   136690.461531 12.379831  0.000836 62.765894     41.06     53.03      1.85
   136783.584536 12.381133  0.000844 63.379587     27.02    -52.01     -0.96
   136876.707540 12.382741  0.000840 63.443371     13.35    160.18     -4.54
   136969.830545 12.383079  0.000745 62.295144     -0.61    -35.36     -2.43
   137062.953549 12.384767  0.000805 60.725907    -15.62     90.90     -2.34
   137156.076554 12.386880  0.000869 59.504200    -31.71    174.69     -0.38
   137249.199558 12.387787  0.000848 58.755648    -48.68   -140.38      0.68
   137342.322562 12.388286  0.000747 59.373882    -65.91   -131.76     -0.72
   137435.445567 12.390691  0.000856 61.239349    -81.94   -169.13      3.63
   137528.568571 12.390810  0.000738 62.768496    -96.36    121.50      0.59
   137621.691576 12.392403  0.000784 63.419976   -109.78      9.69      2.36
   137714.814580 12.393736  0.000751 62.718479   -123.10   -142.82      7.21
   137807.937584 12.395490  0.000838 60.577802   -137.80     40.10      0.96
   137901.060589 12.396290  0.000778 58.899197   -154.71   -178.26      2.24
   137994.183593 12.397071  0.000675 59.255111   -172.42    -61.72     -6.39
   138087.306598 12.399161  0.000818 60.997305    171.10      7.32     -3.02
   138180.429602 12.399910  0.000752 62.986023    156.81     41.79      0.29
   138273.552607 12.401462  0.000743 63.435088    144.08     37.48      7.71
   138366.675611 12.403190  0.000833 61.362285    130.42     18.02     -1.95
   138459.798615 12.404483  0.000839 59.097131    113.86    -43.19      0.60
   138552.921620 12.405281  0.000733 59.242441     95.74   -139.08      7.02
   138646.044624 12.406377  0.000743 61.368688     79.24    104.25      2.26
   138739.167629 12.408277  0.000837 63.305864     65.69    -46.42      0.13
   138832.290633 12.409251  0.000757 62.737204     53.18    138.00     -7.67
   138925.413638 12.410199  0.000731 59.886462     38.16    -84.06      3.43
   139018.536642 12.411469  0.000741 58.774377     19.79     43.07     -0.05
   139111.659646 12.413212  0.000765 61.171298      2.51    144.97     -7.20
   139204.782651 12.414764  0.000836 63.329820    -10.93   -155.79     -1.25
   139297.905655 12.415482  0.000768 62.299421    -23.34   -116.96     -1.32
   139391.028660 12.416133  0.000638 59.564544    -39.03   -106.68      2.92
   139484.151664 12.418446  0.000808 59.203642    -57.72   -115.90      3.30
   139577.274669 12.419209  0.000752 62.146817    -73.92   -147.97      0.93
   139670.397673 12.421397  0.000830 63.482012    -86.05    156.85     -5.28
   139763.520677 12.422244  0.000806 60.552774    -99.63     63.73      3.78
   139856.643682 12.423713  0.000834 58.741089   -118.16    -36.65      1.23
   139949.766686 12.425315  0.000844 61.587794   -135.61   -165.76      4.02
   140042.889691 12.426267  0.000831 63.432084   -148.01     45.81      1.38
   140136.012695 12.426943  0.000760 60.787350   -161.13   -122.26     -1.52
   140229.135699 12.428262  0.000725 58.931526   -179.52     40.37      7.50
   140322.258704 12.430110  0.000834 61.618098    163.04   -159.11     -1.84
   140415.381708 12.431268  0.000830 63.285110    150.89    -32.84      1.29
   140508.504713 12.431365  0.000620 60.315243    137.18     77.83      1.99
   140601.627717 12.433617  0.000791 59.103371    118.01   -179.77     -3.50
   140694.750722 12.434615  0.000763 62.651837    102.03   -102.86     -2.27
   140787.873726 12.436121  0.000758 62.665970     90.69    -39.79     -7.24
   140880.996730 12.437541  0.000801 58.946545     74.37      1.48     -3.53
   140974.119735 12.438343  0.000747 60.698368     55.18     28.69      1.28
   141067.242739 12.439880  0.000747 63.594614     42.72     34.92      7.40
   141160.365744 12.441630  0.000840 60.159847     29.53     39.73      0.97
   141253.488748 12.442126  0.000742 59.351020      9.73     28.57      1.77
   141346.611753 12.444618  0.000870 63.373174     -4.94      2.15      0.86
   141439.734757 12.444609  0.000733 61.290608    -16.52    -36.34     -2.45
   141532.857761 12.446245  0.000788 58.837194    -35.55    -84.42     -2.70
   141625.980766 12.447837  0.000799 62.910610    -51.88   -155.32      6.28
   141719.103770 12.448343  0.000723 61.886074    -62.90    137.11     -2.17
   141812.226775 12.449699  0.000742 58.722968    -81.34     55.46     -1.35
   141905.349779 12.451584  0.000790 62.749312    -98.32    -30.43     -7.27
   141998.472784 12.453009  0.000841 61.912239   -109.20   -142.85      0.48
   142091.595788 12.454021  0.000815 58.761830   -127.81    112.60     -2.45
   142184.718792 12.455933  0.000858 62.985109   -144.36     -5.53     -1.44
   142277.841797 12.456713  0.000833 61.408029   -155.36   -136.20      1.41
   142370.964801 12.457647  0.000792 59.021051   -174.86     99.45     -2.62
   142464.087806 12.459043  0.000778 63.445602    170.15    -33.93     -7.03
   142557.210810 12.460211  0.000788 60.348358    158.22    177.79     -3.98
   142650.333814 12.461045  0.000738 59.924304    137.82     28.12      1.73
   142743.456819 12.462195  0.000693 63.535425    125.36   -131.89      7.90
   142836.579823 12.463875  0.000781 59.068174    110.73     76.29      3.52
   142929.702828 12.465241  0.000800 61.700401     91.24    -72.72     -2.98
   143022.825832 12.466003  0.000697 62.326683     80.67    126.91     -6.82
   143115.948837 12.467209  0.000722 58.903979     61.94    -39.57     -1.35
   143209.071841 12.469137  0.000826 63.291730     46.65    153.61      1.50
   143302.194845 12.471021  0.000857 59.893858     34.12     -9.98     -1.84
   143395.317850 12.471543  0.000808 61.060657     13.92   -171.20     -2.94
   143488.440854 12.472415  0.000763 62.409435      3.08     16.25      2.37
   143581.563859 12.474168  0.000778 59.065765    -15.47   -150.36      7.06
   143674.686863 12.475428  0.000828 63.366929    -30.36     52.44      1.54
   143767.809868 12.476143  0.000752 59.265423    -43.76   -104.61     -2.37
   143860.932872 12.476799  0.000630 62.103736    -63.37    100.99     -2.77
   143954.055876 12.478434  0.000714 61.360908    -73.74    -59.61      0.38
   144047.178881 12.480408  0.000820 59.819057    -94.22    152.43      1.80
   144140.301885 12.482278  0.000865 63.210531   -105.99      4.07      1.92
   144233.424890 12.483053  0.000835 58.751166   -123.36   -134.11      0.35
   144326.547894 12.483759  0.000774 63.358168   -138.94     94.70     -3.17
   144419.670899 12.485329  0.000771 59.217837   -152.59    -31.92     -6.95
   144512.793903 12.486586  0.000821 62.613178   -171.33   -157.59     -1.71
   144605.916907 12.487499  0.000770 60.079045    177.42     85.81     -2.49
   144699.039912 12.489465  0.000831 61.644678    156.96    -16.40     -4.46
   144792.162916 12.490374  0.000817 61.282547    146.70   -125.52      2.32
   144885.285921 12.491663  0.000831 60.387136    125.91    149.69      1.09
   144978.408925 12.491843  0.000645 62.366754    115.26     61.04      6.17
   145071.531929 12.493771  0.000777 59.624955     95.38      2.65     -3.00
   145164.654934 12.495263  0.000817 62.727510     83.67    -59.76     -2.19
   145257.777938 12.495566  0.000646 59.396510     64.73   -113.37      5.08
   145350.900943 12.497864  0.000827 63.028149     52.30   -146.58     -0.39
   145444.023947 12.498649  0.000764 59.009153     33.93   -172.25      3.29
   145537.146952 12.500887  0.000864 63.334488     20.94    178.10     -0.14
   145630.269956 12.501275  0.000787 58.946590      3.09   -175.26     -3.32
   145723.392960 12.502299  0.000763 63.134609    -10.21   -166.52      3.07
   145816.515965 12.503626  0.000732 59.201467    -28.20   -139.16      7.82
   145909.638969 12.504803  0.000770 63.005071    -40.98    -89.97      2.60
   146002.761974 12.506510  0.000821 59.231601    -59.73    -25.04      1.68
   146095.884978 12.507149  0.000712 62.907630    -71.73     44.72      7.27
   146189.007983 12.508229  0.000731 59.639065    -91.19    150.50     -1.57
   146282.130987 12.509641  0.000757 62.136051   -102.43    -98.82     -2.71
   146375.253991 12.511558  0.000808 60.592071   -122.78     24.66      6.48
   146468.376996 12.512261  0.000777 61.231388   -133.16    179.31     -3.36
   146561.500000 12.513857  0.000819 61.490165   -154.05    -15.42      2.47
   146654.623005 12.515586  0.000852 60.259330   -164.59    173.02     -2.61
   146747.746009 12.516116  0.000804 62.592671    175.55     21.80     -1.86
   146840.869014 12.516771  0.000717 59.027369    163.13   -112.17     -1.98
   146933.992018 12.518380  0.000736 63.539766    145.81    142.98     -7.44
   147027.115022 12.520031  0.000829 58.725259    130.24     45.88      0.03
   147120.238027 12.521204  0.000824 63.011377    116.44    -23.70      1.64
   147213.361031 12.521352  0.000638 59.980814     97.27    -57.96     -6.43
   147306.484036 12.523290  0.000779 61.347863     86.53    -91.77      3.10
   147399.607040 12.524409  0.000753 61.876501     65.76    -77.84     -4.21
   147492.730044 12.525304  0.000678 59.503209     54.48    -50.58     -7.15
   147585.853049 12.526917  0.000778 63.302024     36.55     -1.53     -2.46
   147678.976053 12.527806  0.000717 58.841711     20.55     77.49     -2.93
   147772.099058 12.530307  0.000857 62.717745      7.87    177.50     -1.04
   147865.222062 12.530283  0.000735 60.829713    -12.34    -51.19      1.06
   147958.345067 12.531953  0.000784 59.882804    -23.17    108.40     -3.50
   148051.468071 12.532284  0.000633 63.391776    -41.99    -62.20     -5.64
   148144.591075 12.533933  0.000731 58.747169    -57.32    145.53      0.11
   148237.714080 12.535278  0.000740 62.413791    -70.20     23.35      3.37
   148330.837084 12.536168  0.000664 61.500486    -90.48    -52.59     -6.24
   148423.960089 12.538202  0.000816 59.260537   -101.72   -121.25      1.12
   148517.083093 12.538845  0.000730 63.400102   -119.09   -149.48      2.87
   148610.206098 12.540774  0.000789 59.671167   -136.77   -149.21      6.55
   148703.329102 12.541826  0.000814 60.827827   -147.78   -113.06      1.66
   148796.452106 12.543255  0.000827 62.964323   -167.71    -40.06     -1.87
   148889.575111 12.543833  0.000715 58.929134    177.68     48.41      7.54
   148982.698115 12.545171  0.000781 62.052991    164.97   -171.74     -2.38
   149075.821120 12.546764  0.000814 62.137511    144.55     -8.02      2.74
   149168.944124 12.548496  0.000843 58.905492    131.78   -169.40      1.53
   149262.067129 12.549085  0.000816 62.658518    117.51     63.94      1.38
   149355.190133 12.550560  0.000831 61.589553     97.35    -23.07      0.96
   149448.313137 12.550258  0.000597 59.019578     85.24    -78.33     -1.39
   149541.436142 12.552617  0.000809 62.801655     70.30   -100.87      1.85
   149634.559146 12.553481  0.000735 61.540294     50.31    -72.86     -5.10
   149727.682151 12.555264  0.000789 58.972241     38.11    -19.05     -6.29
   149820.805155 12.556309  0.000815 62.618430     23.50     65.99      0.91
   149913.928159 12.557212  0.000756 61.959681      3.44   -163.31      4.61
   150007.051164 12.559403  0.000848 58.866247     -9.62      8.81      0.60
   150100.174168 12.559930  0.000817 61.974314    -23.04   -141.51     -1.15
   150193.297173 12.560861  0.000758 62.755053    -43.04    114.47     -4.71
   150286.420177 12.562573  0.000800 59.089073    -57.95     32.42      6.20
   150379.543182 12.563173  0.000769 60.696300    -69.90      9.05     -2.27
   150472.666186 12.564507  0.000759 63.409505    -88.70     16.43      4.71
   150565.789190 12.565126  0.000660 60.247426   -106.31     70.65      5.35
   150658.912195 12.566680  0.000747 59.147526   -117.95    171.54     -1.75
   150752.035199 12.568425  0.000810 62.891209   -133.76    -47.15     -3.21
   150845.158204 12.569007  0.000699 62.331069   -153.29    142.20     -7.59
   150938.281208 12.570301  0.000753 58.755586   -167.60      2.49     -1.81
   151031.404213 12.571288  0.000704 60.684762   -179.97    -85.74     -4.02
   151124.527217 12.573053  0.000766 63.523155    161.99   -139.15      6.99
   151217.650221 12.574241  0.000806 60.908826    143.47   -126.89     -1.35
   151310.773226 12.574959  0.000712 58.774572    130.56    -76.63     -5.07
   151403.896230 12.577280  0.000845 61.569993    117.24     10.27      0.81
   151497.019235 12.577426  0.000754 63.266080     98.47    154.69      0.10
   151590.142239 12.579466  0.000830 60.725832     80.51    -15.61      1.51
   151683.265244 12.580465  0.000792 58.873413     67.87   -145.42      6.39
   151776.388248 12.580989  0.000751 61.224639     54.30    144.94      0.76
   151869.511252 12.582568  0.000771 63.453148     35.79    128.02     -5.04
   151962.634257 12.583609  0.000739 61.337585     17.63    155.52     -6.56
   152055.757261 12.584905  0.000787 58.660042      3.97   -135.42     -1.89
   152148.880266 12.586564  0.000823 60.368247     -8.87    -15.01      1.66
   152242.003270 12.587708  0.000809 63.244993    -25.79    168.81     -4.98
   152335.126274 12.588376  0.000786 62.442420    -44.79     36.10     -1.71
   152428.249279 12.589998  0.000806 59.687771    -60.72    -40.06     -4.57
   152521.372283 12.589847  0.000614 59.051251    -73.17    -72.81     -1.15
   152614.495288 12.591854  0.000771 61.366696    -87.52    -49.98      1.63
   152707.618292 12.592984  0.000727 63.449519   -105.63     27.68      5.81
   152800.741297 12.594758  0.000805 62.136239   -123.95    173.43     -4.49
   152893.864301 12.595250  0.000744 59.268197   -139.24     -2.19     -0.09
   152986.987305 12.595965  0.000648 59.019332   -152.08   -121.69      1.75
   153080.110310 12.598610  0.000831 61.364884   -166.31   -178.67     -2.87
   153173.233314 12.598821  0.000757 63.155080    176.09    175.94     -0.28
   153266.356319 12.599679  0.000673 62.764188    157.53   -135.52      5.74
   153359.479323 12.601567  0.000763 60.333116    141.26    -14.13     -5.96
   153452.602328 12.602488  0.000762 58.626062    127.57    144.16      1.96
   153545.725332 12.604139  0.000794 59.797198    114.19      5.69      4.57
   153638.848336 12.604219  0.000641 62.155958     98.69    -63.06     -3.01
   153731.971341 12.606274  0.000803 63.261524     80.78    -81.89      0.66
   153825.094345 12.607865  0.000812 62.624466     62.63    -32.61     -3.94
   153918.217350 12.608380  0.000727 60.463456     46.43     60.15      6.28
   154011.340354 12.609651  0.000776 58.724429     32.23   -128.32     -2.33
   154104.463359 12.610143  0.000645 59.243702     18.73     97.09     -4.27
   154197.586363 12.612721  0.000836 61.045087      4.11     17.77      0.37
   154290.709367 12.612974  0.000754 62.685948    -12.65      7.92     -0.39
   154383.832372 12.613703  0.000649 63.462303    -30.56     56.39      3.78
   154476.955376 12.616020  0.000811 62.463396    -48.07    178.84     -3.77
   154570.078381 12.616468  0.000748 60.476752    -64.41     -7.72      1.18
   154663.201385 12.617252  0.000644 59.195240    -79.16   -130.81      5.54
   154756.324389 12.619657  0.000813 58.826446    -92.90   -176.69     -3.95
   154849.447394 12.619947  0.000740 59.587709   -107.21   -169.98     -0.03
   154942.570398 12.620626  0.000630 61.399038   -122.63    -90.91     -2.28
   155035.693403 12.622869  0.000782 62.788069   -139.15     45.21      4.58
   155128.816407 12.623857  0.000799 63.259952   -156.61    -98.36     -1.16
   155221.939412 12.625681  0.000831 63.152934   -174.08    176.07      1.92
   155315.062416 12.626206  0.000762 62.002390    169.13    167.52     -5.47
   155408.185420 12.627015  0.000745 60.459743    153.02   -144.72     -0.99
   155501.308425 12.629172  0.000825 59.506358    137.85    -22.48     -3.44
   155594.431429 12.629639  0.000754 58.800075    123.40    167.33     -5.45
   155687.554434 12.630643  0.000760 58.738434    108.85     61.93     -2.19
   155780.677438 12.632076  0.000757 59.619397     94.09     20.77      6.60
   155873.800443 12.633071  0.000745 60.568865     78.92     59.58      5.64
   155966.923447 12.634035  0.000751 61.494369     62.95    173.72      1.31
   156060.046451 12.636227  0.000835 62.636027     46.53     -5.35      1.60
   156153.169456 12.636495  0.000739 63.166519     29.92   -116.90      5.76
   156246.292460 12.637479  0.000745 63.267836     12.96   -144.72     -0.62
   156339.415465 12.637990  0.000602 63.408240     -3.87   -110.56      3.34
   156432.538469 12.640419  0.000804 62.905350    -20.47      6.68     -3.07
   156525.661474 12.641020  0.000748 62.251608    -37.04   -173.12      1.90
   156618.784478 12.641502  0.000604 61.827844    -53.25     88.90     -1.39
   156711.907482 12.643775  0.000779 61.043935    -69.16     56.56      3.82
   156805.030487 12.644953  0.000803 60.339893    -85.07    109.94     -0.94
   156898.153491 12.645423  0.000662 60.050816   -100.73   -135.23      7.87
   156991.276496 12.647093  0.000762 59.491620   -116.21     67.17      4.77
   157084.399500 12.648211  0.000768 59.103955   -131.86    -14.46      2.98
   157177.522504 12.650158  0.000825 59.107966   -147.36    -15.32     -3.14
   157270.645509 12.650893  0.000801 58.821162   -162.81     49.57      2.21
   157363.768513 12.651376  0.000723 58.672781   -178.50   -160.46      1.18
   157456.891518 12.651992  0.000615 58.854040    165.88     62.45      5.15
   157550.014522 12.654445  0.000812 58.704491    150.28     15.59     -2.48
   157643.137527 12.654740  0.000713 58.627778    134.39     39.35     -0.58
   157736.260531 12.656703  0.000779 58.859111    118.59    150.97     -7.22
   157829.383535 12.657063  0.000701 58.697035    102.79    -27.98     -3.24
   157922.506540 12.658190  0.000710 58.648579     86.71   -122.85     -1.79
   158015.629544 12.659695  0.000716 58.851021     70.74   -145.21      7.78
   158108.752549 12.660401  0.000690 58.683423     54.75    -70.58      1.92
   158201.875553 12.661942  0.000754 58.642967     38.49     86.16     -3.16
   158294.998558 12.663312  0.000737 58.884042     22.33    -35.54     -7.75
   158388.121562 12.664073  0.000722 58.775956      6.16    -90.85      4.18
   158481.244566 12.665873  0.000814 58.870221    -10.28    -45.54     -0.18
   158574.367571 12.665668  0.000589 59.272549    -26.55     74.24      4.27
   158667.490575 12.667468  0.000720 59.355681    -42.82    -75.45      2.62
   158760.613580 12.668521  0.000701 59.754059    -59.24   -140.05      1.42
   158853.736584 12.669625  0.000662 60.430162    -75.38   -127.57      7.72
   158946.859589 12.671013  0.000732 60.816541    -91.40    -12.31     -2.98
   159039.982593 12.672469  0.000773 61.466435   -107.42    172.88      3.19
   159133.105597 12.672488  0.000578 62.312404   -123.05     93.91     -0.61
   159226.228602 12.674507  0.000747 62.678073   -138.46     94.51      3.12
   159319.351606 12.675797  0.000762 63.142238   -153.80   -173.63      3.77
   159412.474611 12.677861  0.000836 63.508883   -168.80      8.00      1.86
   159505.597615 12.677932  0.000747 63.158925    176.24    -84.52      2.74
   159598.720619 12.679167  0.000753 62.692594    161.06    -80.26     -3.48
   159691.843624 12.681268  0.000838 62.062734    145.77      2.51      0.69
   159784.966628 12.681526  0.000761 60.826106    130.05   -176.29     -3.35
   159878.089633 12.682496  0.000736 59.788050    113.58     92.89     -3.93
   159971.212637 12.682724  0.000573 59.162906     96.74     86.39      1.61
   160064.335642 12.684825  0.000746 58.619732     79.46   -178.27     -2.97
   160157.458646 12.686319  0.000779 59.040397     61.96     -2.27      4.11
   160250.581650 12.686261  0.000591 60.146756     45.08    -83.73     -0.26
   160343.704655 12.688314  0.000760 61.255705     28.88    -79.53      2.14
   160436.827659 12.689344  0.000731 62.599585     13.45     17.97      4.18
   160529.950664 12.691075  0.000783 63.451036     -1.08   -152.60      6.62
   160623.073668 12.691402  0.000723 63.043228    -15.45    140.12     -0.14
   160716.196673 12.693369  0.000812 62.040559    -30.35    159.44      1.72
   160809.319677 12.693025  0.000580 60.612328    -46.07    -82.29     -0.72
   160902.442681 12.694921  0.000730 59.020417    -63.11    127.30      2.02
   160995.565686 12.695703  0.000661 58.738998    -81.12     81.58     -3.15
   161088.688690 12.696781  0.000639 59.719707    -98.73    129.24     -6.44
   161181.811695 12.698758  0.000794 61.213357   -115.27    -97.86      1.29
   161274.934699 12.700194  0.000807 62.906345   -130.35    142.67     -2.14
   161368.057704 12.699988  0.000606 63.449014   -144.29    119.00     -5.23
   161461.180708 12.701821  0.000753 62.139827   -158.57   -172.29     -2.17
   161554.303712 12.703533  0.000796 60.315728   -174.45     -6.58      3.67
   161647.426717 12.703331  0.000602 58.956184    168.05    -96.34      4.22
   161740.549721 12.705467  0.000785 58.957389    149.65    -82.50      1.56
   161833.672726 12.706346  0.000721 60.938593    132.35     23.51      5.87
   161926.795730 12.707491  0.000712 62.949623    117.41   -129.29      7.01
   162019.918734 12.708591  0.000752 63.136983    103.70   -172.09     -1.54
   162113.041739 12.709205  0.000654 61.696369     89.30   -125.67      2.41
   162206.164743 12.711692  0.000810 59.557194     72.79     25.29      3.99
   162299.287748 12.712232  0.000786 58.639914     54.16    -76.04      1.75
   162392.410752 12.712829  0.000675 60.481626     36.10    -69.12     -6.64
   162485.533757 12.715075  0.000823 62.803811     20.90     21.17      1.86
   162578.656761 12.715534  0.000776 63.091037      7.44   -134.02     -1.41
   162671.779765 12.717213  0.000815 61.303474     -6.99    168.67      1.80
   162764.902770 12.718148  0.000779 59.092681    -24.24   -144.13      5.82
   162858.025774 12.718678  0.000739 59.079056    -43.29     20.85     -1.57
   162951.148779 12.719426  0.000652 61.790156    -60.28    -73.07     -6.44
   163044.271783 12.720246  0.000616 63.419184    -73.94    -75.58     -0.07
   163137.394788 12.722110  0.000757 61.817935    -87.54     36.43     -1.77
   163230.517792 12.722484  0.000612 59.344400   -104.34   -107.20      0.49
   163323.640796 12.725017  0.000800 59.130646   -123.46   -144.11      3.79
   163416.763801 12.725760  0.000793 61.616759   -140.66    -68.33      0.82
   163509.886805 12.726374  0.000685 63.423502   -154.18    116.84     -6.38
   163603.009810 12.728403  0.000804 61.511434   -167.76     31.59      4.32
   163696.132814 12.729067  0.000785 58.736305    174.49     74.83     -1.67
   163789.255819 12.729854  0.000695 59.916157    155.13   -147.86      8.14
   163882.378823 12.730476  0.000643 62.813955    139.68    114.37     -0.80
   163975.501827 12.732464  0.000791 62.666970    126.85    115.02      0.60
   164068.624832 12.732880  0.000651 59.835406    111.22   -136.98      6.37
   164161.747836 12.733893  0.000648 59.011869     91.79     92.15      3.73
   164254.870841 12.735684  0.000773 61.859599     74.48     74.49     -1.94
   164347.993845 12.737548  0.000826 63.301762     61.60    160.35     -2.72
   164441.116849 12.738292  0.000784 60.337121     47.17     -0.15     -4.80
   164534.239854 12.739210  0.000794 58.696916     27.63    -52.37      1.24
   164627.362858 12.740787  0.000808 61.896160      9.87      9.15      4.73
   164720.485863 12.741698  0.000801 63.217091     -2.85   -169.19     -2.38
   164813.608867 12.742583  0.000796 60.024949    -17.52    118.02      0.40
   164906.731872 12.744296  0.000826 59.065668    -37.27    167.06     -1.56
   164999.854876 12.744195  0.000693 62.270019    -54.29    -30.90     -4.34
   165092.977880 12.745495  0.000747 62.727009    -66.75   -121.44     -1.95
   165186.100885 12.745716  0.000571 59.474263    -82.68    -92.97     -1.46
   165279.223889 12.748301  0.000798 59.680775   -102.71     49.66      3.00
   165372.346894 12.749276  0.000800 63.033420   -117.89    -46.99      0.27
   165465.469898 12.750623  0.000783 61.709024   -130.44    -25.98     -5.74
   165558.592903 12.750701  0.000677 58.671731   -148.96    101.08      2.80
   165651.715907 12.752234  0.000751 61.458556   -167.81     -5.15      2.86
   165744.838911 12.754280  0.000828 63.211726    179.76      2.30      2.36
   165837.961916 12.753961  0.000660 59.412388    164.43    133.28     -1.85
   165931.084920 12.755311  0.000710 59.819228    143.92     18.49      2.49
   166024.207925 12.757312  0.000786 63.439027    129.61     18.42      6.45
   166117.330929 12.757446  0.000696 60.640128    116.56    150.59     -3.32
   166210.453934 12.758533  0.000693 58.938285     96.37     33.18      1.73
   166303.576938 12.760157  0.000733 62.981527     79.99     31.70      7.95
   166396.699942 12.760978  0.000724 61.595922     67.95    166.00     -3.77
   166489.822947 12.761792  0.000688 58.653368     48.72     52.29     -1.06
   166582.945951 12.762786  0.000638 62.498519     30.93     51.97      8.20
   166676.068956 12.764639  0.000780 62.074927     19.16   -169.76     -3.12
   166769.191960 12.765235  0.000709 58.635911      0.58     85.13     -3.69
   166862.314964 12.765615  0.000569 62.288571    -17.80     99.25     -1.54
   166955.437969 12.768071  0.000794 62.142126    -29.49   -128.07      0.96
   167048.560973 12.769286  0.000800 58.645955    -48.05    137.46     -0.83
   167141.683978 12.770639  0.000804 62.439145    -66.27    168.05     -4.56
   167234.806982 12.770609  0.000693 61.852221    -77.92    -49.65      0.19
   167327.929987 12.771591  0.000666 58.705233    -97.20   -132.79      0.72
   167421.052991 12.772178  0.000567 62.898138   -114.44    -93.27      1.74
   167514.175995 12.774558  0.000786 61.101981   -126.35     69.01      2.33
   167607.299000 12.775613  0.000755 59.097470   -146.79      1.44      4.90
   167700.422004 12.776056  0.000652 63.370950   -162.09     55.81      7.80
   167793.545009 12.777856  0.000788 59.936369   -175.24   -114.68      1.26
   167886.668013 12.778585  0.000715 60.138458    163.64   -162.39      4.89
   167979.791018 12.778813  0.000579 63.306228    150.84    -78.00     -2.11
   168072.914022 12.780583  0.000709 58.802269    134.83    125.63      2.02
   168166.037026 12.781889  0.000723 61.864131    114.97    112.61     -5.73
   168259.160031 12.783764  0.000801 62.030683    103.62   -156.93      5.57
   168352.283035 12.784369  0.000784 58.801176     83.84     84.41      1.16
   168445.406040 12.784724  0.000662 63.268151     68.00     93.64     -3.81
   168538.529044 12.786653  0.000750 59.794191     54.67   -144.72      6.55
   168631.652049 12.787284  0.000740 60.773334     33.67    127.85      1.97
   168724.775053 12.789087  0.000808 62.537364     21.87    161.75      1.07
   168817.898057 12.789781  0.000728 58.851247      3.19    -21.39     -7.64
   168911.021062 12.790867  0.000788 63.027249    -13.44    -91.30      1.15
   169004.144066 12.792540  0.000821 59.741983    -26.68    -21.31      0.10
   169097.267071 12.793663  0.000814 61.171019    -47.57   -173.17     -2.22
   169190.390075 12.793708  0.000728 62.049161    -59.07    156.84      0.76
   169283.513079 12.794368  0.000629 59.049596    -78.94    -86.41     -4.07
   169376.636084 12.796225  0.000732 63.405535    -93.76    157.92     -6.80
   169469.759088 12.796965  0.000717 58.826242   -108.85    167.48     -0.02
   169562.882093 12.798855  0.000793 62.424420   -128.51    -34.09     -4.48
   169656.005097 12.799163  0.000685 60.723174   -140.02   -123.42      7.65
   169749.128102 12.800526  0.000767 60.292664   -161.45    -52.48      1.94
   169842.251106 12.802151  0.000796 62.523853   -173.26    148.51     -4.57
   169935.374110 12.801850  0.000616 59.034124    167.28    121.48     -2.54
   170028.497115 12.803669  0.000756 63.161892    152.58   -130.39     -1.76
   170121.620119 12.804604  0.000687 58.807445    136.42    121.25     -6.78
   170214.743124 12.805543  0.000674 63.048300    118.41    144.90     -5.88
   170307.866128 12.807140  0.000775 59.340478    105.32    -63.11      1.66
   170400.989133 12.807271  0.000609 62.099495     84.68   -124.72      5.75
   170494.112137 12.808636  0.000650 60.680055     73.38    -38.88     -5.91
   170587.235141 12.810010  0.000729 60.713778     51.82    173.61      2.06
   170680.358146 12.812164  0.000818 61.822473     40.54    168.42     -0.15
   170773.481150 12.811723  0.000644 59.876349     19.62    -51.24     -2.36
   170866.604155 12.813250  0.000730 62.390057      7.45   -139.58     -1.06
   170959.727159 12.813703  0.000597 59.334896    -12.51    -77.44     -4.95
   171052.850164 12.814880  0.000632 63.005120    -25.71    112.12     -0.40
   171145.973168 12.816840  0.000774 58.763546    -44.52     93.30     -1.90
   171239.096172 12.818035  0.000741 63.328001    -59.01   -158.51      7.90
   171332.219177 12.818168  0.000641 58.722024    -76.57    108.89      2.11
   171425.342181 12.820052  0.000776 63.177170    -92.07    152.30      1.95
   171518.465186 12.821836  0.000806 58.808417   -109.02    -16.10     -3.18
   171611.588190 12.821536  0.000664 63.286779   -124.83    -48.95     -1.78
   171704.711194 12.822901  0.000716 58.579310   -141.58     65.04     -2.44
   171797.834199 12.824478  0.000745 63.431710   -157.58    -33.33     -7.81
   171890.957203 12.825529  0.000764 58.658272   -174.24      3.85     -4.30
   171984.080208 12.826240  0.000741 63.188197    169.91   -177.85      2.85
   172077.203212 12.828170  0.000796 58.861971    152.66    161.55     -5.68
   172170.326217 12.828282  0.000716 63.152038    137.70    -93.31      3.80
   172263.449221 12.829678  0.000749 58.798488    119.42    170.27      3.48
   172356.572225 12.830731  0.000715 63.117997    105.48   -148.34      8.06
   172449.695230 12.832091  0.000787 59.145370     86.23     53.82      1.88
   172542.818234 12.832402  0.000697 62.443640     73.35     33.92      1.03
   172635.941239 12.834731  0.000814 59.968900     52.87    169.80     -3.79
   172729.064243 12.834967  0.000749 61.686568     41.25     75.24      3.58
   172822.187248 12.836465  0.000798 60.739733     19.73    146.61      0.32
   172915.310252 12.838019  0.000825 60.808925      8.58     -2.60     -1.50
   173008.433256 12.838019  0.000739 61.836686    -12.67      3.35     -2.83
   173101.556261 12.839650  0.000795 59.465353    -24.79    147.99      0.77
   173194.679265 12.839235  0.000566 63.071050    -44.47     90.56      0.46
   173287.802270 12.841275  0.000735 58.657934    -58.78   -176.69     -3.48
   173380.925274 12.841823  0.000666 63.252328    -75.69     61.42     -0.21
   173474.048279 12.842320  0.000547 59.043128    -93.40     91.98      1.16
   173567.171283 12.844522  0.000754 62.436521   -106.71    -89.04      2.48
   173660.294287 12.844916  0.000637 60.261568   -127.59   -108.07     -1.21
   173753.417292 12.847520  0.000811 60.918392   -138.83     11.04      1.67
   173846.540296 12.847614  0.000742 62.057289   -160.01    -68.38      2.21
   173939.663301 12.849009  0.000759 59.041037   -172.86     -1.89      4.24
   174032.786305 12.849947  0.000721 63.405276    169.15   -141.14      7.78
   174125.909309 12.851176  0.000785 58.734320    151.98   -115.66     -0.24
   174219.032314 12.851306  0.000639 62.410557    138.52     50.55      2.54
   174312.155318 12.853881  0.000814 60.831754    117.62     18.36      2.03
   174405.278323 12.853862  0.000722 59.891736    106.12    134.67      1.68
   174498.401327 12.854492  0.000639 62.993569     85.92     48.89      4.31
   174591.524332 12.855430  0.000603 58.761146     70.85    126.32     -5.13
   174684.647336 12.856965  0.000719 62.697522     56.05    -14.50     -0.48
   174777.770340 12.858691  0.000763 60.402105     35.50      3.67      5.16
   174870.893345 12.860225  0.000816 60.263897     24.12   -175.71     -2.11
   174964.016349 12.860181  0.000729 62.843571      3.93    157.69      0.92
   175057.139354 12.861137  0.000670 58.760841    -11.72    -63.01     -7.78
   175150.262358 12.863125  0.000786 62.554435    -25.65   -148.81      4.27
   175243.385363 12.863678  0.000764 60.942030    -46.69    -56.63      1.47
   175336.508367 12.865159  0.000779 59.424729    -58.73   -178.07      4.39
   175429.631371 12.865923  0.000747 63.350298    -76.97   -136.13      6.10
   175522.754376 12.866902  0.000769 59.187520    -95.24     74.75     -1.56
   175615.877380 12.866902  0.000591 61.071126   -107.33     70.26      1.18
   175709.000385 12.869059  0.000746 62.724960   -127.97   -131.30      5.74
   175802.123389 12.869592  0.000705 58.544616   -143.05   -165.50      0.01
   175895.246394 12.871233  0.000743 62.406519   -157.18    -39.05     -6.81
   175988.369398 12.872211  0.000751 61.632293   -178.09   -126.64      5.09
   176081.492402 12.873172  0.000760 58.719409    168.86    -42.84      2.20
   176174.615407 12.874417  0.000743 63.080020    152.64   -162.99      6.66
   176267.738411 12.875080  0.000711 60.761251    132.44   -113.38      5.36
   176360.861416 12.876444  0.000780 59.116267    120.19     98.65     -0.81
   176453.984420 12.876622  0.000621 63.324957    102.62    118.01     -8.38
   176547.107424 12.877706  0.000646 60.263058     83.12    -77.80      2.97
   176640.230429 12.879348  0.000746 59.382701     71.01    -97.49     -2.76
   176733.353433 12.880308  0.000693 63.378423     52.96     32.95      8.67
   176826.476438 12.881405  0.000726 60.162405     33.72     -7.49     -4.50
   176919.599442 12.882646  0.000764 59.353926     21.55     96.69     -2.06
   177012.722447 12.884379  0.000801 63.344160      3.71      5.84      3.64
   177105.845451 12.884332  0.000697 60.446187    -15.82     86.14      4.10
   177198.968455 12.885882  0.000773 59.057370    -28.28    -30.04      2.42
   177292.091460 12.887328  0.000782 63.158407    -45.19     16.33      6.56
   177385.214464 12.888038  0.000775 61.106900    -65.36   -120.68      2.25
   177478.337469 12.888572  0.000712 58.692039    -78.61    -93.81     -3.41
   177571.460473 12.888790  0.000557 62.554421    -93.86     93.27     -1.53
   177664.583478 12.890733  0.000721 62.120830   -114.47     88.21      3.16
   177757.706482 12.891581  0.000693 58.646005   -129.49   -100.86     -3.60
   177850.829486 12.892800  0.000678 61.335130   -142.80   -143.34      9.28
   177943.952491 12.894115  0.000763 63.032005   -162.76     12.03     -2.97
   178037.075495 12.895515  0.000791 59.534787    179.46    -39.35     -0.57
   178130.198500 12.895111  0.000566 59.696101    167.16     69.70      5.99
   178223.321504 12.897096  0.000741 62.979261    149.66      7.10     -2.70
   178316.444509 12.898103  0.000719 61.444392    129.46    109.57     -4.47
   178409.567513 12.900140  0.000813 58.778141    115.52      9.26      1.81
   178502.690517 12.900249  0.000744 61.284635    101.59     84.44      3.18
   178595.813522 12.901774  0.000792 63.127409     81.59    -21.79      1.35
   178688.936526 12.902692  0.000743 60.052804     63.65     32.91      7.67
   178782.059531 12.903438  0.000757 58.949182     50.91    -92.93      2.78
   178875.182535 12.904808  0.000781 62.459328     34.73    -42.77     -3.45
   178968.305539 12.906143  0.000790 62.709822     14.55    175.89     -4.13
   179061.428544 12.906396  0.000732 59.103988     -1.92   -157.36     -2.29
   179154.551548 12.906979  0.000651 59.555210    -14.78     35.39      4.18
   179247.674553 12.908425  0.000687 62.943832    -31.78     46.11      8.18
   179340.797557 12.909769  0.000780 62.185470    -51.92   -114.58     -0.36
   179433.920562 12.909750  0.000595 59.134728    -68.04   -112.56     -0.04
   179527.043566 12.911377  0.000671 59.677954    -80.85     52.00      9.09
   179620.166570 12.912779  0.000770 62.606601    -97.91     54.33     -1.45
   179713.289575 12.913292  0.000661 62.615584   -118.02   -145.14      6.91
   179806.412579 12.915517  0.000804 59.488987   -134.55   -158.55      1.62
   179899.535584 12.915471  0.000703 58.981661   -147.66     -1.31     -0.45
   179992.658588 12.917451  0.000798 62.170893   -163.65    -26.31     -2.11
   180085.781593 12.917090  0.000607 63.170219    176.73    128.12     -5.09
   180178.904597 12.919085  0.000779 60.308442    158.52     91.42     -0.43
   180272.027601 12.919141  0.000607 58.734364    144.57   -133.49      6.56
   180365.150606 12.921669  0.000806 60.741033    130.52   -166.69     -1.17
   180458.273610 12.921856  0.000742 63.000798    112.12    -29.38      1.95
   180551.396615 12.922523  0.000643 62.303980     92.52    -60.33     -7.91
   180644.519619 12.923983  0.000710 59.398646     76.31     60.56      6.17
   180737.642624 12.924711  0.000700 58.805108     62.80     20.18     -0.89
   180830.765628 12.926798  0.000797 61.566021     47.41    155.92     -3.74
   180923.888632 12.926293  0.000614 63.276336     28.63    105.41      0.90
   181017.011637 12.927928  0.000723 61.748836      9.37   -116.22     -2.40
   181110.134641 12.929904  0.000784 59.374800     -6.64   -171.30      5.42
   181203.257646 12.929767  0.000665 58.909822    -20.16    -29.69     -4.94
   181296.380650 12.931387  0.000766 61.105398    -35.53    -79.23     -1.33
   181389.503654 12.931608  0.000616 63.289143    -53.98     48.97      7.50
   181482.626659 12.933684  0.000780 62.413347    -73.15     17.28     -2.09
   181575.749663 12.934389  0.000754 59.861485    -90.27    152.62      2.57
   181668.872668 12.934670  0.000611 58.773423   -104.50    123.93     -8.91
   181761.995672 12.936232  0.000715 59.926043   -118.71   -107.83      4.99
   181855.118677 12.936908  0.000686 62.233749   -135.74   -135.01     -0.08
   181948.241681 12.939165  0.000791 63.372953   -154.71     11.99      4.61
   182041.364685 12.939265  0.000717 61.766672   -173.30     -4.89     -3.51
   182134.487690 12.940733  0.000771 59.498614    170.24    148.26      1.49
   182227.610694 12.941237  0.000665 58.783894    156.01    139.04     -8.96
   182320.733699 12.941936  0.000660 59.859181    141.51    -66.60      1.75
   182413.856703 12.943622  0.000756 62.004546    124.66    -69.64     -2.92
   182506.979708 12.943434  0.000553 63.381766    106.10    111.54     -6.03
   182600.102712 12.945268  0.000711 62.393287     87.34    106.97      2.44
   182693.225716 12.946735  0.000751 60.486750     69.94    -56.71     -4.35
   182786.348721 12.947204  0.000653 59.012428     54.75    -38.32     -9.09
   182879.471725 12.948183  0.000679 58.760599     40.41    153.65     -1.19
   182972.594730 12.949683  0.000742 60.311622     25.04    176.49      3.99
   183065.717734 12.950964  0.000738 62.369549      8.10     28.59      7.67
   183158.840739 12.951725  0.000760 63.112088    -10.29     78.77      2.03
   183251.963743 12.953080  0.000779 62.756219    -29.01    -42.23     -3.75
   183345.086747 12.954578  0.000814 61.300428    -46.55     12.71      1.29
   183438.209752 12.954878  0.000768 59.369885    -62.70    -98.62      0.76
   183531.332756 12.956344  0.000790 58.669790    -77.75    -22.11      0.83
   183624.455761 12.956273  0.000644 59.195435    -92.45   -124.89      8.60
   183717.578765 12.957357  0.000694 60.360185   -108.14    -20.16     -0.43
   183810.701769 12.958139  0.000639 62.077045   -125.20    -89.30     -4.35
   183903.824774 12.960566  0.000803 63.193544   -143.08     19.76      3.61
   183996.947778 12.960486  0.000718 63.003703   -161.48    -29.19      1.06
   184090.070783 12.961463  0.000668 62.340640   -179.57    119.15     -7.86
   184183.193787 12.962196  0.000628 60.956808    163.37     74.60      6.05
   184276.316792 12.963865  0.000753 59.418748    147.12   -116.21     -2.06
   184369.439796 12.964078  0.000603 58.814558    131.64   -130.76      4.92
   184462.562800 12.965793  0.000702 58.793133    116.61     50.55      7.48
   184555.685805 12.966979  0.000767 59.290922    101.10     76.20     -0.83
   184648.808809 12.967395  0.000646 60.635682     84.92    -66.66     -7.16
   184741.931814 12.968705  0.000687 61.836712     68.18    -22.29     -7.70
   184835.054818 12.969566  0.000714 62.585036     50.62   -150.18     -1.17
   184928.177823 12.970057  0.000593 63.300155     32.74    -71.91     -6.82
   185021.300827 12.972397  0.000780 63.163145     14.94   -169.88     -2.56
   185114.423831 12.973061  0.000767 62.496414     -2.87    -70.48     -0.36
   185207.546836 12.973527  0.000653 61.895584    -20.23   -143.62      8.69
   185300.669840 12.975145  0.000746 60.822739    -37.02      0.27     -4.80
   185393.792845 12.976018  0.000760 59.787659    -53.60    -40.04      2.00
   185486.915849 12.976605  0.000655 59.315114    -69.70    133.20     -9.56
   185580.038854 12.977143  0.000617 58.738429    -85.47    120.70      0.28
   185673.161858 12.979206  0.000770 58.527921   -101.40    -45.65      1.27
   185766.284862 12.980856  0.000800 58.914069   -117.23    -11.30     -2.08
   185859.407867 12.981402  0.000782 59.151745   -133.13   -145.87      0.50
   185952.530871 12.982092  0.000759 59.605167   -149.46    -76.86     -2.06
   186045.653876 12.983816  0.000797 60.445547   -165.88   -177.66      2.65
   186138.776880 12.983355  0.000647 60.903531    177.56    -75.56      2.47
   186231.899884 12.984444  0.000675 61.421077    160.60   -131.25     -0.47
   186325.022889 12.986907  0.000806 62.156569    143.67      5.22      2.62
   186418.145893 12.986734  0.000705 62.361672    126.67     -9.83     -3.68
   186511.268898 12.988163  0.000759 62.679598    109.43    162.77      2.58
   186604.391902 12.989884  0.000804 63.107258     92.35   -177.44      0.66
   186697.514907 12.990263  0.000778 63.038618     75.26     41.15      0.05
   186790.637911 12.990855  0.000722 63.141128     58.03    104.36     -4.09
   186883.760915 12.992964  0.000812 63.367357     41.01      0.17     -0.94
   186976.883920 12.992779  0.000723 63.117267     23.99     96.57      2.77
   187070.006924 12.993392  0.000655 63.174061      6.86     37.51      3.91
   187163.129929 12.995900  0.000807 63.279294    -10.01   -175.17     -0.60
   187256.252933 12.995644  0.000705 62.994809    -26.92    170.77     -1.37
   187349.375938 12.997309  0.000762 63.078130    -43.90     -6.14      3.41
   187442.498942 12.998596  0.000775 63.170099    -60.63     22.28      4.60
   187535.621946 12.999058  0.000764 62.918201    -77.44   -101.51      1.36
   187628.744951 13.000557  0.000797 63.062454    -94.30    -23.30     -0.24
   187721.867955 13.000128  0.000593 63.176422   -110.92   -111.61      7.31
   187814.990960 13.001737  0.000728 62.962368   -127.64     21.44     -2.01
   187908.113964 13.003630  0.000794 63.185777   -144.37    -13.76      1.29
   188001.236969 13.004183  0.000739 63.264428   -160.86    166.01     -6.72
   188094.359973 13.004601  0.000708 63.074126   -177.46    177.02     -0.51
   188187.482977 13.005513  0.000661 63.274244    165.96     32.29      6.68
   188280.605982 13.005891  0.000565 63.286253    149.59    107.07     -0.98
   188373.728986 13.007647  0.000720 62.997823    133.10     21.27     -1.61
   188466.851991 13.009344  0.000765 63.081313    116.61    145.08     -5.71
   188559.974995 13.008890  0.000576 62.872728    100.31    104.53      0.14
   188653.097999 13.011018  0.000769 62.381824     83.81    -82.37     -0.11
   188746.221004 13.011586  0.000666 62.226928     67.29    -54.36     -8.34
   188839.344008 13.013004  0.000725 61.712379     50.85    169.77     -5.96
   188932.467013 13.013761  0.000732 60.981984     34.11   -119.27     -1.91
   189025.590017 13.015649  0.000800 60.600272     17.23    163.22     -1.46
   189118.713022 13.014933  0.000584 59.932624      0.31    -67.37     -0.16
   189211.836026 13.016966  0.000763 59.205981    -17.05    -85.77     -1.44
   189304.959030 13.016854  0.000567 59.011350    -34.54    108.75     -6.93
   189398.082035 13.018185  0.000632 58.637869    -52.07    143.63     -3.91
   189491.205039 13.019331  0.000671 58.555759    -69.94     27.50      0.56
   189584.328044 13.020457  0.000655 59.097132    -87.63    135.07     -9.38
   189677.451048 13.021749  0.000718 59.542052   -105.08     68.70      4.33
   189770.574053 13.022303  0.000675 60.315010   -122.45   -127.08     -1.49
   189863.697057 13.022998  0.000592 61.497002   -139.25   -129.19      8.88
   189956.820061 13.024296  0.000674 62.207743   -155.58     94.61      3.92
   190049.943066 13.025817  0.000753 62.856616   -171.69    166.30      3.02
   190143.066070 13.025451  0.000523 63.351514    172.64     91.58     -0.73
   190236.189075 13.027991  0.000776 62.917005    157.03   -136.38      0.70
   190329.312079 13.028205  0.000672 62.193073    141.03   -151.37      2.31
   190422.435084 13.029329  0.000654 61.303939    124.72     40.14      9.60
   190515.558088 13.030270  0.000681 59.897880    107.74     98.14      3.77
   190608.681092 13.031455  0.000702 58.946799     89.84      4.09      4.42
   190701.804097 13.032073  0.000625 58.749394     71.66    138.48    -10.28
   190794.927101 13.033400  0.000717 58.874717     53.37     98.75      3.18
   190888.050106 13.034473  0.000707 60.029663     35.40    -63.93     -6.06
   190981.173110 13.035691  0.000717 61.548700     18.53    -20.75     -8.23
   191074.296114 13.036635  0.000756 62.529974      2.49   -132.41     -1.04
   191167.419119 13.038002  0.000779 63.197573    -12.98    -23.38      0.48
   191260.542123 13.037719  0.000592 62.928467    -28.16    -49.85     -8.03
   191353.665128 13.039138  0.000699 61.444965    -44.02    121.56      1.96
   191446.788132 13.041041  0.000784 59.989238    -61.11    160.40      1.67
   191539.911137 13.041225  0.000672 58.928246    -79.15     47.29      9.51
   191633.034141 13.041989  0.000685 58.586380    -97.96    168.87      0.25
   191726.157145 13.043784  0.000756 59.861517   -116.40    143.40     -5.23
   191819.280150 13.044008  0.000655 61.592336   -133.36    -29.79     -7.55
   191912.403154 13.044991  0.000703 62.762238   -149.10      4.81     -0.44
   192005.526159 13.045421  0.000589 63.168823   -164.11    -93.41     -3.16
   192098.649163 13.048068  0.000797 62.055569   -179.32     18.12      1.90
   192191.772168 13.047843  0.000690 59.971502    163.88     -3.27     -0.14
   192284.895172 13.049684  0.000754 58.835010    145.39   -173.30      6.32
   192378.018176 13.050042  0.000686 58.946103    126.42   -119.09      7.26
   192471.141181 13.050967  0.000713 60.408319    108.16    160.37      2.38
   192564.264185 13.051697  0.000636 62.555875     91.89    -56.07     -8.66
   192657.387190 13.052285  0.000600 63.219483     77.16    -74.54      0.71
   192750.510194 13.054083  0.000743 61.994028     62.12    136.18      1.93
   192843.633199 13.055010  0.000690 60.136993     45.40   -157.32      8.71
   192936.756203 13.055586  0.000650 58.666619     26.76    152.48     -6.16
   193029.879207 13.057251  0.000768 59.169168      7.33    -56.51      0.08
   193123.002212 13.058224  0.000720 61.538897    -10.24    -30.63     -8.95
   193216.125216 13.059348  0.000768 63.034765    -25.43   -160.97     -1.99
   193309.248221 13.060109  0.000758 62.565926    -40.01    -63.12     -0.98
   193402.371225 13.059794  0.000540 60.651438    -56.00   -105.71      3.16
   193495.494229 13.061610  0.000684 58.699389    -74.52     78.16      4.88
   193588.617234 13.063136  0.000765 59.151952    -94.22    132.76      0.23
   193681.740238 13.063706  0.000675 61.704842   -111.78     33.58     10.37
   193774.863243 13.064738  0.000723 63.093630   -126.64   -179.53     -4.00
   193867.986247 13.065816  0.000741 62.148507   -141.21    169.73      3.41
   193961.109252 13.066987  0.000717 59.865732   -157.96     26.32      8.29
   194054.232256 13.067175  0.000660 58.540518   -177.43    120.44      1.91
   194147.355260 13.068115  0.000646 60.313956    163.36     77.83     -2.80
   194240.478265 13.068773  0.000576 62.902030    147.52   -118.14      7.70
   194333.601269 13.070228  0.000688 62.712430    133.47    -74.25      2.52
   194426.724274 13.071345  0.000697 60.300072    117.47   -170.78      5.01
   194519.847278 13.072676  0.000700 58.734395     98.29    -23.29     -9.25
   194612.970283 13.073018  0.000677 59.950474     78.73    -33.67      0.95
   194706.093287 13.074597  0.000726 62.720984     62.51   -174.04      5.51
   194799.216291 13.074298  0.000540 62.870233     48.68    -78.71     -1.29
   194892.339296 13.076549  0.000754 59.959104     32.63   -122.24     -0.47
   194985.462300 13.076475  0.000588 58.637258     12.80     64.97     -0.22
   195078.585305 13.077361  0.000569 60.802518     -6.26    124.63     -6.17
   195171.708309 13.079233  0.000739 62.944626    -21.47     39.76     -1.98
   195264.831314 13.080647  0.000754 62.036673    -35.57    179.55      5.10
   195357.954318 13.082029  0.000790 59.191143    -53.04   -160.19      1.62
   195451.077322 13.082316  0.000758 59.069695    -73.47     89.92     -0.33
   195544.200327 13.083208  0.000711 62.269575    -90.86   -162.83      7.33
   195637.323331 13.084777  0.000785 63.011717   -104.51   -172.43     -1.97
   195730.446336 13.084851  0.000712 59.978163   -120.26     40.34     -2.15
   195823.569340 13.085971  0.000688 58.755855   -140.41    131.45     -7.79
   195916.692344 13.086512  0.000643 61.357671   -159.13     70.36      7.22
   196009.815349 13.087961  0.000750 63.025151   -173.42    -98.80     -1.58
   196102.938353 13.089088  0.000713 60.852962    171.80    -39.64     -7.92
   196196.061358 13.090006  0.000728 58.606821    152.26   -126.58      5.58
   196289.184362 13.090380  0.000677 60.847037    132.68     37.98     -0.39
   196382.307367 13.090849  0.000570 63.296004    118.29     57.19      6.59
   196475.430371 13.092209  0.000642 60.827391    103.88    -32.97     -5.56
   196568.553375 13.093769  0.000745 58.485608     84.00     97.89     -2.18
   196661.676380 13.093569  0.000542 61.325648     64.66    108.55     -6.97
   196754.799384 13.095305  0.000679 63.111290     50.72    -18.62     -5.23
   196847.922389 13.096454  0.000719 60.192300     35.58     88.32     -3.13
   196941.045393 13.096464  0.000545 58.884926     15.17     63.31      7.29
   197034.168398 13.098013  0.000665 61.894619     -3.10    -74.56      2.48
   197127.291402 13.099107  0.000687 62.686941    -16.55     13.54      2.89
   197220.414406 13.101156  0.000771 59.456895    -33.09    -14.77     -4.70
   197313.537411 13.101284  0.000718 59.427752    -54.00   -174.08     -3.89
   197406.660415 13.101778  0.000660 62.863043    -70.26   -101.18     -3.28
   197499.783420 13.103982  0.000770 61.688438    -83.65   -164.38      5.81
   197592.906424 13.104375  0.000749 58.499537   -102.90     29.40     -2.76
   197686.029429 13.104634  0.000644 61.232299   -122.79     93.37     -5.02
   197779.152433 13.106871  0.000776 63.133091   -136.27     16.54      4.20
   197872.275437 13.106947  0.000716 59.410287   -152.18   -165.64     -3.29
   197965.398442 13.107230  0.000602 59.504585   -173.49   -117.79     -0.25
   198058.521446 13.109609  0.000763 63.150338    170.74    170.60     -5.69
   198151.644451 13.109433  0.000673 60.916499    157.13    -36.58      0.22
   198244.767455 13.111190  0.000738 58.686734    136.71     -1.07      5.69
   198337.890459 13.110662  0.000535 62.286222    118.36    -79.65      0.51
   198431.013464 13.112908  0.000757 62.087271    105.41     71.80     -0.10
   198524.136468 13.113268  0.000643 58.702393     86.84    111.25     -6.71
   198617.259473 13.115405  0.000787 61.276567     66.72     15.60      0.50
   198710.382477 13.115235  0.000693 62.720545     53.40    161.52      0.62
   198803.505482 13.116880  0.000739 59.075009     36.49   -176.23      5.78
   198896.628486 13.116489  0.000562 60.523594     15.51     95.91      2.42
   198989.751490 13.118442  0.000745 62.948667      1.50   -115.89     -1.78
   199082.874495 13.118335  0.000548 59.468998    -14.32    -88.31     -4.49
   199175.997499 13.120657  0.000738 60.079348    -35.63   -179.53     -5.16
   199269.120504 13.121272  0.000736 63.013826    -50.12    -42.10      1.73
   199362.243508 13.123076  0.000784 59.639004    -65.44    -14.50     -0.68
   199455.366513 13.122937  0.000672 59.974372    -86.86   -111.79      6.40
   199548.489517 13.123794  0.000696 63.014736   -101.38     42.62     -1.24
   199641.612521 13.123910  0.000533 59.560554   -116.79     65.46      4.39
   199734.735526 13.125856  0.000694 60.161322   -138.24    -10.36     -5.88
   199827.858530 13.127144  0.000762 62.963176   -152.36    134.38      0.83
   199920.981535 13.128901  0.000799 59.255671   -168.45    171.33     -1.58
   200014.104539 13.128556  0.000678 60.665234    170.31     85.99      4.12
   200107.227544 13.129456  0.000688 62.721482    156.97   -108.97     -2.60
   200200.350548 13.129921  0.000576 58.864848    139.50    -59.18     -8.75
   200293.473552 13.132052  0.000764 61.510765    119.11   -139.54      0.40
   200386.596557 13.132127  0.000663 62.063125    106.40     26.78      1.83
   200479.719561 13.132226  0.000499 58.736219     86.94     81.78      2.44
   200572.842566 13.134674  0.000749 62.466895     68.44     25.63     -2.37
   200665.965570 13.135015  0.000662 60.878817     55.45   -160.64      4.12
   200759.088574 13.135144  0.000514 59.296373     34.13    -86.70      0.12
   200852.211579 13.137529  0.000754 63.045941     18.54   -135.08     -0.45
   200945.334583 13.137540  0.000618 59.388035      3.51     62.04     -1.25
   201038.457588 13.139258  0.000693 60.808891    -18.07    155.54     -9.08
   201131.580592 13.139816  0.000691 62.494702    -31.00    109.64      2.46
   201224.703597 13.141705  0.000781 58.573584    -49.82    -31.09     -0.68
   201317.826601 13.141313  0.000596 62.636030    -68.69     60.42      9.49
   201410.949605 13.143104  0.000754 60.568738    -81.55     55.37     -0.93
   201504.072610 13.143666  0.000668 59.594555   -103.46    -60.72     -6.96
   201597.195614 13.144838  0.000687 63.173881   -117.72     43.30      7.94
   201690.318619 13.145870  0.000741 58.637144   -134.52     61.02     -1.28
   201783.441623 13.147142  0.000752 62.045587   -155.00    -36.39     -5.00
   201876.564628 13.146507  0.000530 61.287753   -167.31     97.80      1.27
   201969.687632 13.148416  0.000715 59.161564    171.07    131.99      2.70
   202062.810636 13.148681  0.000580 63.182880    156.23     47.36      6.68
   202155.933641 13.150905  0.000750 58.807984    139.68   -142.65      5.29
   202249.056645 13.151525  0.000754 62.028862    119.34    -76.18     -0.28
   202342.179650 13.151665  0.000601 60.894085    106.78   -139.50      7.64
   202435.302654 13.153124  0.000681 59.775526     84.94     61.42      6.73
   202528.425659 13.154016  0.000718 62.711417     71.18    150.80      2.19
   202621.548663 13.155220  0.000696 58.679782     52.71    139.76     -8.84
   202714.671667 13.156383  0.000744 62.878765     34.46      3.21     -4.71
   202807.794672 13.157233  0.000758 59.488272     20.52    114.42      0.00
   202900.917676 13.157590  0.000637 61.274228     -1.34    136.49    -10.20
   202994.040681 13.159317  0.000770 61.634683    -13.52     23.28     -1.00
   203087.163685 13.159638  0.000703 59.159045    -35.05    173.09      3.70
   203180.286689 13.160713  0.000683 63.135090    -49.49   -151.77      9.28
   203273.409694 13.161191  0.000650 58.536265    -67.32    156.81     -4.52
   203366.532698 13.162721  0.000747 62.833757    -85.88    -22.08      2.47
   203459.655703 13.162752  0.000583 59.466821   -100.04     46.55     10.77
   203552.778707 13.164717  0.000762 61.629190   -121.44     33.25     -1.33
   203645.901712 13.164859  0.000654 60.754994   -133.86   -103.07     -3.09
   203739.024716 13.167187  0.000780 60.312413   -155.99     11.96      3.08
   203832.147720 13.167367  0.000739 62.127083   -168.67     25.47     -2.16
   203925.270725 13.168163  0.000712 58.995984    170.41    -63.55     -4.92
   204018.393729 13.167846  0.000513 63.141470    155.69     86.53      2.24
   204111.516734 13.169455  0.000648 58.469011    137.47    142.43      0.47
   204204.639738 13.170398  0.000641 63.089349    119.86     97.05     -5.44
   204297.762743 13.170725  0.000524 58.904314    104.29    -60.93     -6.15
   204390.885747 13.172714  0.000726 62.531965     84.42     34.83     -2.17
   204484.008751 13.173480  0.000672 59.415791     70.61     17.11      6.67
   204577.131756 13.173583  0.000545 62.055741     49.31    -87.16      2.13
   204670.254760 13.175661  0.000744 60.035434     36.73     57.57     -1.13
   204763.377765 13.175918  0.000620 61.258319     14.45    108.05     -7.12
   204856.500769 13.177973  0.000750 60.989145      2.40     28.47      5.51
   204949.623774 13.178290  0.000726 60.399309    -19.98   -126.25     -2.38
   205042.746778 13.179738  0.000751 61.540464    -32.31    -35.39     -5.90
   205135.869782 13.179329  0.000585 60.074914    -54.25    -45.20     -5.62
   205228.992787 13.180693  0.000681 61.763246    -66.94   -168.56     -0.14
   205322.115791 13.182780  0.000769 59.775137    -88.68    -19.92     -2.84
   205415.238796 13.183600  0.000770 62.219874   -101.54     15.41     -1.00
   205508.361800 13.183888  0.000732 59.334029   -122.98    -45.78      2.17
   205601.484804 13.185469  0.000762 62.423340   -136.28    155.49     -4.58
   205694.607809 13.185659  0.000692 59.370071   -157.31   -117.08      6.07
   205787.730813 13.186381  0.000700 62.229608   -170.82   -116.08     -2.36
   205880.853818 13.187699  0.000695 59.516193    168.05    147.90     -9.67
   205973.976822 13.187754  0.000612 62.269993    154.81    -73.72      2.29
   206067.099827 13.189421  0.000722 59.414212    133.38    -18.32      3.36
   206160.222831 13.189628  0.000589 62.241394    120.34    -55.39     -9.46
   206253.345835 13.190711  0.000640 59.700929     98.81    154.88     -3.68
   206346.468840 13.191972  0.000699 61.699743     85.97    -94.54     -3.12
   206439.591844 13.191804  0.000501 60.288791     64.00    -75.51     -4.48
   206532.714849 13.194153  0.000739 61.263990     51.71   -164.71     -3.38
   206625.837853 13.194748  0.000691 60.657710     29.25      7.47      5.30
   206718.960858 13.194576  0.000505 60.840902     17.14     84.62      2.61
   206812.083862 13.196918  0.000746 61.280865     -5.12     69.04      1.62
   206905.206866 13.198036  0.000749 59.912860    -17.69    -48.08     -2.10
   206998.329871 13.197369  0.000515 62.270944    -39.32     97.86     -0.97
   207091.452875 13.198975  0.000650 59.106094    -52.70    140.82      0.17
   207184.575880 13.199876  0.000635 62.794043    -73.22     98.52     -5.22
   207277.698884 13.200470  0.000566 58.792161    -88.31    -46.50     -9.42
   207370.821889 13.202364  0.000751 62.980750   -106.59     61.40     -0.63
   207463.944893 13.202212  0.000565 58.640519   -124.36     84.93     -4.03
   207557.067897 13.204874  0.000775 62.969242   -139.86      4.70     -2.15
   207650.190902 13.204647  0.000679 59.081453   -160.16   -166.15     -1.75
   207743.313906 13.205394  0.000629 61.965300   -173.50    -71.96     -6.84
   207836.436911 13.205734  0.000543 60.558326    164.57    -81.32      1.45
   207929.559915 13.207280  0.000672 60.328413    152.24    178.20     -0.44
   208022.682919 13.209526  0.000786 62.089516    130.15    -12.91      0.20
   208115.805924 13.209648  0.000700 59.123707    116.76     48.37      7.06
   208208.928928 13.210090  0.000685 62.884114     97.00     35.33     -1.05
   208302.051933 13.210356  0.000544 58.668803     80.11    -76.66     -6.65
   208395.174937 13.212187  0.000684 62.858425     64.39     57.21      6.68
   208488.297942 13.213341  0.000744 59.377581     43.67    120.91      0.69
   208581.420946 13.212926  0.000519 61.401793     30.90     80.29     -0.31
   208674.543950 13.214246  0.000599 61.439787      8.75    -45.56     -3.16
   208767.666955 13.215892  0.000719 59.200834     -4.34     86.89     -2.83
   208860.789959 13.216582  0.000641 63.117675    -24.45    139.14    -10.50
   208953.912964 13.217629  0.000693 58.533895    -41.21     72.96      5.24
   209047.035968 13.218821  0.000740 62.545486    -56.76    -62.91     -1.71
   209140.158973 13.218746  0.000562 60.138226    -77.97     55.37      8.59
   209233.281977 13.220062  0.000653 60.442848    -90.33     90.44      4.17
   209326.404981 13.220779  0.000639 62.277057   -112.22     39.37      1.73
   209419.527986 13.221165  0.000523 58.782585   -126.91   -117.29      8.02
   209512.650990 13.223269  0.000732 62.921103   -144.17     14.43     -3.20
   209605.773995 13.223402  0.000605 59.414921   -164.46     40.65      3.07
   209698.896999 13.225632  0.000743 61.095399   -177.15    -13.62     -6.67
   209792.020004 13.225747  0.000706 61.984829    160.88   -165.03     -2.81
   209885.143008 13.227196  0.000744 58.665029    146.37    -46.83     -3.32
   209978.266012 13.228232  0.000739 63.125693    129.02    -14.00     -6.83
   210071.389017 13.228567  0.000714 59.472050    108.73    -81.23      2.57
   210164.512021 13.229912  0.000745 60.598768     95.94    133.77     -4.43
   210257.635026 13.229648  0.000577 62.598284     74.43   -115.58      9.29
   210350.758030 13.231355  0.000727 58.413110     58.85    -76.71      2.45
   210443.881034 13.231494  0.000588 62.641790     42.87   -136.22      5.94
   210537.004039 13.232276  0.000568 60.612712     21.50     82.78      5.67
   210630.127043 13.233836  0.000695 59.369520      8.69   -143.81     -2.40
   210723.250048 13.233913  0.000549 63.143283    -11.27   -103.44     -0.12
   210816.373052 13.236594  0.000770 59.035487    -29.61   -153.17      2.98
   210909.496057 13.236855  0.000739 61.036928    -43.05     74.31     -1.26
   211002.619061 13.237485  0.000653 62.363901    -64.97   -154.71      9.83
   211095.742065 13.237903  0.000607 58.578253    -80.11   -101.45      6.59
   211188.865070 13.239162  0.000689 62.320693    -96.02   -128.23     -1.90
   211281.988074 13.239629  0.000578 61.133739   -117.72    121.60     -9.61
   211375.111079 13.240827  0.000639 58.987176   -130.96   -104.73      6.51
   211468.234083 13.242173  0.000728 62.900758   -149.33    -32.12      2.17
   211561.357088 13.243054  0.000673 60.086537   -169.74    -36.33     -9.89
   211654.480092 13.244518  0.000762 59.696442    177.55   -152.83     -0.72
   211747.603096 13.244440  0.000666 62.984507    157.48     17.43      2.50
   211840.726101 13.244608  0.000517 59.438010    138.50    115.86     -8.59
   211933.849105 13.246126  0.000637 60.290691    125.55    102.29      3.32
   212026.972110 13.247132  0.000659 62.880380    104.60     22.18      3.71
   212120.095114 13.248631  0.000684 59.101559     86.67   -149.73      8.99
   212213.218119 13.248806  0.000638 60.659113     73.35    -31.95     -2.51
   212306.341123 13.250415  0.000725 62.773879     52.06     -9.28      3.64
   212399.464127 13.250131  0.000534 58.997445     34.61    -54.56     -9.02
   212492.587132 13.251516  0.000650 60.725366     21.06    154.69     -2.02
   212585.710136 13.252865  0.000690 62.813634     -0.24    -61.68     -6.35
   212678.833141 13.254452  0.000746 59.028131    -17.77     -8.35     -6.46
   212771.956145 13.254340  0.000667 60.505987    -31.27    -48.13      1.56
   212865.079149 13.255441  0.000672 62.962995    -52.25   -161.50      6.58
   212958.202154 13.257424  0.000774 59.252828    -70.41     11.96      0.11
   213051.325158 13.257473  0.000725 60.019117    -83.68     92.14      2.12
   213144.448163 13.257713  0.000613 63.118393   -103.95    106.78     -6.58
   213237.571167 13.260074  0.000781 59.766793   -123.21     21.00      2.39
   213330.694172 13.259942  0.000705 59.312738   -136.45   -135.38     -2.74
   213423.817176 13.261825  0.000777 63.092022   -155.36    -15.90     -0.39
   213516.940180 13.262570  0.000765 60.647402   -175.88     24.42      0.98
   213610.063185 13.262479  0.000678 58.635103    170.26    -19.48      2.25
   213703.186189 13.263211  0.000617 62.535683    153.38   -146.33      8.48
   213796.309194 13.265196  0.000769 61.852393    132.03     23.44      0.74
   213889.432198 13.265615  0.000742 58.427546    116.36    103.89     -0.48
   213982.555203 13.265409  0.000550 61.296792    101.74    110.95     -8.67
   214075.678207 13.267791  0.000765 62.867179     80.83     26.27     -0.34
   214168.801211 13.267617  0.000644 59.243513     62.32   -128.29     -1.85
   214261.924216 13.270002  0.000784 59.649163     48.94     -7.82     -1.21
   214355.047220 13.270326  0.000756 62.903352     30.36     36.01      1.12
   214448.170225 13.270522  0.000675 61.071072      9.36      3.97      3.52
   214541.293229 13.270449  0.000504 58.674664     -5.39   -110.71      5.69
   214634.416234 13.272704  0.000719 61.386061    -20.53     60.80      4.08
   214727.539238 13.273714  0.000740 62.792036    -41.68    159.45      2.76
   214820.662242 13.275430  0.000787 59.637157    -60.09   -179.38     -0.90
   214913.785247 13.274741  0.000644 59.112027    -73.64    113.68      3.14
   215006.908251 13.276498  0.000747 62.588095    -91.56    -21.21      2.06
   215100.031256 13.276461  0.000602 62.086265   -112.64    139.81    -10.07
   215193.154260 13.277888  0.000709 58.609329   -128.96   -157.45     -3.24
   215286.277264 13.278663  0.000680 60.115840   -143.12   -173.78      5.38
   215379.400269 13.278519  0.000515 63.158703   -162.41    117.29     -6.28
   215472.523273 13.280165  0.000674 61.026919    177.04    -45.88      1.90
   215565.646278 13.280500  0.000561 58.567493    161.69     87.32     -5.03
   215658.769282 13.281703  0.000593 60.836931    147.08    141.98     -9.80
   215751.892287 13.283184  0.000722 62.936982    127.02    109.79      1.67
   215845.015291 13.284341  0.000711 60.883064    106.87      9.39      6.85
   215938.138295 13.285787  0.000764 58.602770     92.05   -159.23      1.43
   216031.261300 13.285671  0.000694 60.678972     77.00    -47.57      2.17
   216124.384304 13.287513  0.000766 63.156237     56.94     -6.22      2.85
   216217.507309 13.287136  0.000618 61.019678     36.95    -27.86     -7.97
   216310.630313 13.288117  0.000664 58.407224     21.55   -142.07     -2.27
   216403.753318 13.289255  0.000658 60.511792      6.80     23.44      9.73
   216496.876322 13.289700  0.000615 63.012630    -12.47    145.93     -5.61
   216589.999326 13.290895  0.000685 61.502903    -33.11    173.40      2.92
   216683.122331 13.292185  0.000686 58.894837    -49.44    145.28     -8.96
   216776.245335 13.293489  0.000754 59.555869    -63.56     23.13     -1.14
   216869.368340 13.293355  0.000661 62.396535    -81.69   -162.16      1.26
   216962.491344 13.294286  0.000618 62.694412   -102.47    -42.77    -11.58
   217055.614349 13.295104  0.000647 59.598128   -120.53    -16.91     -4.66
   217148.737353 13.296727  0.000738 58.589998   -135.11    -60.09     -2.02
   217241.860357 13.298297  0.000781 61.342912   -151.01   -175.61      2.13
   217334.983362 13.298225  0.000710 62.991682   -170.90     10.15     -3.28
   217428.106366 13.299239  0.000717 61.343788    168.90    120.93     -3.65
   217521.229371 13.300421  0.000713 58.925755    152.67    161.55     -7.86
   217614.352375 13.300322  0.000637 59.203542    138.29    115.62      2.88
   217707.475379 13.301494  0.000670 62.021891    120.77     10.62      5.44
   217800.598384 13.303401  0.000764 63.097602    100.46   -160.77      5.64
   217893.721388 13.303009  0.000661 60.639345     81.10    -37.76      1.53
   217986.844393 13.304523  0.000703 58.630258     65.25      4.68      6.37
   218079.967397 13.305871  0.000744 59.651496     50.65     -6.60     -5.86
   218173.090402 13.306237  0.000732 62.052971     32.93   -103.03      0.74
   218266.213406 13.306434  0.000616 62.999805     12.52    108.28     -7.02
   218359.336410 13.307864  0.000673 61.004949     -6.70   -134.35      9.07
   218452.459415 13.308689  0.000714 58.575168    -22.84    -64.31      2.63
   218545.582419 13.309305  0.000636 59.244476    -37.66    -57.77     -9.31
   218638.705424 13.310973  0.000734 61.718140    -54.58   -144.93      5.48
   218731.828428 13.311403  0.000731 62.921414    -74.50     84.76     -1.41
   218824.951433 13.311334  0.000554 61.915141    -94.45   -129.26      7.84
   218918.074437 13.312553  0.000610 59.396939   -111.65    -29.38     -6.33
   219011.197441 13.313761  0.000682 58.447778   -126.75    -20.79      2.93
   219104.320446 13.314329  0.000601 60.391413   -142.48    -56.43    -10.03
   219197.443450 13.316110  0.000733 62.530927   -160.80   -175.40     -4.79
   219290.566455 13.316328  0.000682 62.798627    178.95     -1.13      3.02
   219383.689459 13.316690  0.000563 61.263931    159.76    127.98    -11.26
   219476.812464 13.318021  0.000657 58.943944    143.18    168.77     -5.04
   219569.935468 13.319523  0.000735 58.595219    127.99    142.95      1.77
   219663.058472 13.319256  0.000558 60.584122    111.97     50.61      9.82
   219756.181477 13.320592  0.000655 62.449210     93.58    -91.45      4.00
   219849.304481 13.321207  0.000626 62.904200     73.52     63.29     -1.72
   219942.427486 13.322848  0.000683 61.637942     54.26    154.95    -10.34
   220035.550490 13.323058  0.000645 59.295845     37.06    164.49     -2.62
   220128.673494 13.324538  0.000703 58.490712     21.46    119.22     -5.04
   220221.796499 13.326323  0.000781 59.700141      5.96      2.87     -1.22
   220314.919503 13.325966  0.000685 61.486237    -11.44   -170.18     -2.88
   220408.042508 13.327340  0.000724 62.956251    -30.81    -45.65     -3.94
   220501.165512 13.328835  0.000771 62.771322    -50.46      9.66      0.25
   220594.288517 13.328426  0.000670 60.834213    -69.21      8.06     -1.98
   220687.411521 13.329616  0.000677 59.195583    -86.20    -53.75     -7.95
   220780.534525 13.331056  0.000724 58.618145   -101.67    173.30     -7.34
   220873.657530 13.331026  0.000667 59.334226   -117.53    -29.91      1.83
   220966.780534 13.331172  0.000528 61.355123   -134.87     78.19     -1.39
   221059.903539 13.332167  0.000554 62.811672   -153.59    124.72     -4.83
   221153.026543 13.334088  0.000730 62.824908   -173.24    102.22      0.21
   221246.149548 13.335069  0.000698 61.976451    167.56     14.85      8.06
   221339.272552 13.335787  0.000686 60.183813    149.80   -126.17      6.62
   221432.395556 13.336170  0.000656 58.674471    133.22     38.67     -2.01
   221525.518561 13.337537  0.000673 58.694844    117.44    141.20    -10.17
   221618.641565 13.338274  0.000680 59.551285    101.42    171.28     -6.88
   221711.764570 13.339350  0.000731 61.014218     83.99    137.30      1.68
   221804.887574 13.339393  0.000582 62.649423     65.47     43.30     10.31
   221898.010579 13.340509  0.000645 63.012118     46.30    -96.16      4.44
   221991.133583 13.341301  0.000648 62.450312     26.93     66.42     -2.48
   222084.256587 13.343389  0.000751 61.408921      8.43    164.73     -5.96
   222177.379592 13.343682  0.000723 59.722238     -8.99   -163.11     -3.57
   222270.502596 13.344579  0.000718 58.690603    -25.67    164.34      4.36
   222363.625601 13.343841  0.000475 58.683896    -41.66     79.12      4.80
   222456.748605 13.345590  0.000638 59.108027    -57.90    -61.88      2.49
   222549.871610 13.346772  0.000669 60.390485    -75.04    105.42     -5.50
   222642.994614 13.348598  0.000756 61.882604    -92.85   -164.14      4.78
   222736.117618 13.348854  0.000736 62.599552   -111.48   -117.08      1.06
   222829.240623 13.348767  0.000589 63.040015   -130.62   -132.86      3.07
   222922.363627 13.350807  0.000709 62.806708   -149.51    166.10     -8.35
   223015.486632 13.351094  0.000700 61.640260   -168.13     30.64     -2.58
   223108.609636 13.352167  0.000683 60.670485    173.81   -167.16      8.07
   223201.732640 13.352280  0.000579 59.591146    156.66    -36.14     -8.52
   223294.855645 13.353443  0.000656 58.613429    139.86     14.35     -1.12
   223387.978649 13.355020  0.000708 58.570362    123.32      7.43      6.83
   223481.101654 13.355008  0.000600 58.857333    106.94    -33.45     -8.37
   223574.224658 13.356049  0.000666 59.357892     90.04   -151.03     -2.13
   223667.347663 13.356765  0.000603 60.535778     72.67     30.36      9.45
   223760.470667 13.358617  0.000739 61.477999     55.00   -178.22     -5.16
   223853.593671 13.358978  0.000717 62.127823     36.67    -98.58     -2.38
   223946.716676 13.358891  0.000539 62.945483     18.12    -64.69     -9.35
   224039.839680 13.360413  0.000653 63.023233     -0.44   -108.25      5.54
   224132.962685 13.361389  0.000691 62.801328    -19.21    171.51      3.09
   224226.085689 13.362434  0.000660 62.630726    -37.70     26.74      9.77
   224319.208694 13.363680  0.000746 61.824486    -55.90   -155.12     -1.38
   224412.331698 13.364444  0.000745 61.044664    -74.05    -43.21      0.08
   224505.454702 13.365934  0.000768 60.522582    -91.72     10.22      4.96
   224598.577707 13.366026  0.000724 59.602661   -109.13     22.67     -3.22
   224691.700711 13.367157  0.000744 59.088612   -126.54    -30.66      1.27
   224784.823716 13.367489  0.000650 58.876610   -143.56   -143.17     10.52
   224877.946720 13.368573  0.000720 58.435540   -160.57     69.20      1.83
   224971.069725 13.368536  0.000590 58.478020   -177.74   -140.60      2.84
   225064.192729 13.369974  0.000641 58.762285    165.28    -29.49    -10.67
   225157.315733 13.370730  0.000675 58.765706    148.11      8.87     -3.69
   225250.438738 13.372176  0.000720 59.218734    130.68     -6.49      5.22
   225343.561742 13.371635  0.000520 59.732220    113.38    -52.64     -8.09
   225436.684747 13.373146  0.000665 59.898821     95.82   -169.14     -2.41
   225529.807751 13.374159  0.000652 60.496621     78.08     18.43      7.77
   225622.930755 13.375809  0.000731 60.947136     60.48    177.03     -5.42
   225716.053760 13.376217  0.000726 61.084533     42.63    -94.01      0.38
   225809.176764 13.377168  0.000698 61.613851     24.69    -43.04     -6.79
   225902.299769 13.376803  0.000538 61.910709      6.91    -51.87     -5.90
   225995.422773 13.378602  0.000715 61.932171    -11.09   -113.38     -2.23
   226088.545778 13.379774  0.000698 62.381021    -29.09    144.24     -8.31
   226181.668782 13.380148  0.000662 62.456576    -46.91    -16.25     -7.27
   226274.791786 13.381321  0.000732 62.430511    -64.95    126.98      0.86
   226367.914791 13.381483  0.000593 62.781113    -82.87   -141.35     10.22
   226461.037795 13.382151  0.000592 62.718277   -100.66    -84.02      3.79
   226554.160800 13.383816  0.000723 62.660749   -118.65    -75.82     -2.10
   226647.283804 13.383864  0.000565 62.953657   -136.48   -136.23     10.78
   226740.406809 13.384736  0.000604 62.787682   -154.23    140.60     -2.94
   226833.529813 13.386313  0.000706 62.758826   -172.16    -11.08      3.88
   226926.652817 13.387856  0.000744 62.985563    170.12    165.38     -6.90
   227019.775822 13.387704  0.000672 62.733933    152.42    -88.12      3.83
   227112.898826 13.389105  0.000731 62.745873    134.58    -17.25      2.69
   227206.021831 13.390661  0.000774 62.890539    116.97      5.18      1.09
   227299.144835 13.390062  0.000651 62.586929     99.33    -17.99     -2.55
   227392.267840 13.390779  0.000616 62.579124     81.56    -89.87     -4.47
   227485.390844 13.392148  0.000655 62.628617     64.02    154.48    -10.95
   227578.513848 13.392553  0.000650 62.220560     46.39    -25.33     -0.07
   227671.636853 13.393907  0.000679 62.197096     28.66    125.86     -6.75
   227764.759857 13.395274  0.000723 62.058501     11.15   -150.45      6.33
   227857.882862 13.395712  0.000724 61.553887     -6.53    -93.98      0.69
   227951.005866 13.395631  0.000568 61.434932    -24.29    -83.25     -5.37
   228044.128870 13.397432  0.000685 61.126870    -41.88   -139.41      8.47
   228137.251875 13.397880  0.000680 60.511020    -59.73    139.21      2.33
   228230.374879 13.399526  0.000735 60.327517    -77.67      2.28      6.07
   228323.497884 13.400531  0.000753 59.871360    -95.51   -168.04     -3.07
   228416.620888 13.400637  0.000702 59.278864   -113.70    -37.84      2.88
   228509.743893 13.400577  0.000537 59.160841   -131.92     46.65      9.16
   228602.866897 13.401523  0.000574 58.746017   -150.10     97.42      3.80
   228695.989901 13.403318  0.000717 58.430131   -168.64    104.36     -1.54
   228789.112906 13.403081  0.000535 58.615072    172.89     49.77      9.67
   228882.235910 13.404332  0.000618 58.556246    154.48    -23.20     -5.39
   228975.358915 13.405219  0.000634 58.777178    135.84   -163.30      3.41
   229068.481919 13.407280  0.000732 59.466977    117.51     16.51      7.55
   229161.604924 13.406935  0.000644 59.843053     99.34    168.00     -3.85
   229254.727928 13.407680  0.000617 60.599381     81.20    -94.01     -4.72
   229347.850932 13.408702  0.000612 61.527165     63.57    -34.95    -11.05
   229440.973937 13.409371  0.000636 61.983482     46.15    -35.80     -0.57
   229534.096941 13.410707  0.000681 62.615641     28.84    -64.14     -5.08
   229627.219946 13.412063  0.000714 63.097468     11.94   -154.35      8.51
   229720.342950 13.412348  0.000702 62.850658     -4.95     92.64      2.69
   229813.465955 13.413200  0.000675 62.661971    -22.01    -58.09     -7.18
   229906.588959 13.412850  0.000492 62.131238    -39.02     86.91      4.23
   229999.711963 13.414740  0.000684 60.999190    -56.49   -150.98     -2.55
   230092.834968 13.415223  0.000599 60.197144    -74.48    -72.39     -6.98
   230185.957972 13.415960  0.000571 59.350669    -92.73    -38.65     -8.56
   230279.080977 13.417368  0.000694 58.512290   -111.59    -58.31      2.92
   230372.203981 13.417072  0.000502 58.565235   -130.72   -103.24     -1.16
   230465.326985 13.419307  0.000684 58.894154   -149.62    172.70     -7.82
   230558.449990 13.419523  0.000648 59.538572   -168.45     35.74     -1.67
   230651.572994 13.420456  0.000615 60.915112    173.38   -149.27     11.27
   230744.695999 13.422052  0.000729 61.906917    155.99     12.09     -3.45
   230837.819003 13.422645  0.000725 62.614885    138.96    116.38     -0.72
   230930.942008 13.424243  0.000760 63.132057    122.41    179.66      2.36
   231024.065012 13.424677  0.000744 62.586821    105.93   -151.82      0.11
   231117.188016 13.424500  0.000647 61.494615     88.83   -166.07      2.28
   231210.311021 13.426265  0.000706 60.446599     71.13    154.05     -9.30
   231303.434025 13.426984  0.000730 59.069425     52.63     52.00      2.51
   231396.557030 13.427542  0.000698 58.438911     33.21    -68.53     -4.70
   231489.680034 13.427382  0.000531 58.862129     13.84    129.83    -10.24
   231582.803039 13.429043  0.000684 59.632729     -5.14    -89.57      3.27
   231675.926043 13.429517  0.000621 61.145612    -23.35     24.10      5.30
   231769.049047 13.429575  0.000492 62.570683    -40.32    110.48     -5.09
   231862.172052 13.431129  0.000642 62.879843    -56.69    143.38     -0.09
   231955.295056 13.433019  0.000745 62.559359    -73.11    145.60     -1.65
   232048.418061 13.432000  0.000477 61.420371    -89.94    110.65     -4.11
   232141.541065 13.434042  0.000696 59.590257   -108.03     36.08     -2.97
   232234.664070 13.434445  0.000601 58.678221   -127.38    -68.45     -7.86
   232327.787074 13.435166  0.000582 58.700489   -147.00    145.78     -8.92
   232420.910078 13.436474  0.000688 59.606936   -166.35    -49.09      2.70
   232514.033083 13.436497  0.000535 61.504291    175.57     98.55     -5.67
   232607.156087 13.439081  0.000757 62.785328    158.99   -164.99     -0.92
   232700.279092 13.439185  0.000721 62.756254    142.87    -99.11     -1.36
   232793.402096 13.439256  0.000569 61.907154    126.41    -61.08     -9.82
   232886.525100 13.439815  0.000543 60.054895    108.80    -80.47      3.57
   232979.648105 13.441298  0.000662 58.550614     89.41   -112.86     -3.53
   233072.771109 13.443454  0.000761 58.791812     69.40    170.27     -1.46
   233165.894114 13.443543  0.000714 60.027028     50.19     53.81      4.12
   233259.017118 13.444031  0.000688 61.826873     32.43    -85.14     -3.17
   233352.140123 13.443544  0.000468 63.110888     16.29     90.56     -1.55
   233445.263127 13.446104  0.000732 62.371080      0.46   -131.87      3.18
   233538.386131 13.446768  0.000720 60.528296    -16.76    -22.26      3.15
   233631.509136 13.446741  0.000568 59.017470    -35.71     44.40     12.43
   233724.632140 13.447983  0.000665 58.487127    -55.87     95.47      4.27
   233817.755145 13.448979  0.000670 60.026092    -75.55    115.19     -6.21
   233910.878149 13.448724  0.000499 62.204090    -92.99     76.53      5.67
   234004.001154 13.450709  0.000701 62.873589   -108.87     23.77     -2.58
   234097.124158 13.451410  0.000667 61.970264   -124.90    -66.31     -6.24
   234190.247162 13.452977  0.000717 59.995716   -142.48    168.93     -7.95
   234283.370167 13.452800  0.000650 58.366646   -162.35      6.24     -2.55
   234376.493171 13.454763  0.000752 59.269449    177.24    171.03      3.39
   234469.616176 13.454025  0.000555 61.446937    158.89    -41.77     -7.84
   234562.739180 13.455569  0.000696 62.766422    142.64     55.19     -1.97
   234655.862185 13.456459  0.000658 62.404238    127.00    131.46     -7.91
   234748.985189 13.457541  0.000683 60.213636    109.85    170.05     -7.70
   234842.108193 13.457725  0.000645 58.386353     89.96    170.41      1.68
   234935.231198 13.459718  0.000744 59.351012     69.43    156.16     -5.46
   235028.354202 13.458977  0.000573 61.568430     51.16     91.00      4.73
   235121.477207 13.460203  0.000658 62.846732     35.16      6.60      2.22
   235214.600211 13.460204  0.000486 62.051858     19.54   -115.81      6.11
   235307.723215 13.461528  0.000583 59.484437      1.68     97.80      4.45
   235400.846220 13.463200  0.000706 58.390351    -18.96    -71.16     -2.41
   235493.969224 13.462613  0.000476 60.286933    -38.95     75.29      3.92
   235587.092229 13.465022  0.000729 62.437487    -55.96   -158.19     -2.31
   235680.215233 13.465640  0.000711 62.616741    -71.34    -67.18     -3.47
   235773.338238 13.467428  0.000771 60.609896    -87.97     -6.89     -3.49
   235866.461242 13.467350  0.000712 58.433927   -107.79     26.06     -3.46
   235959.584246 13.467568  0.000615 59.442764   -128.67     21.09      6.43
   236052.707251 13.469778  0.000758 62.186228   -146.46      2.22     -2.04
   236145.830255 13.469252  0.000655 62.764373   -161.73    -60.06      2.39
   236238.953260 13.469826  0.000595 60.791530   -178.04   -148.34      5.08
   236332.076264 13.469946  0.000471 58.707985    162.41    106.49     -2.39
   236425.199269 13.471630  0.000645 59.262950    141.47    -37.60      2.01
   236518.322273 13.473704  0.000760 62.163964    123.45    156.63     -2.12
   236611.445277 13.473041  0.000568 62.907247    108.45    -36.70     -9.66
   236704.568282 13.474714  0.000723 60.314442     91.96     86.53     -0.02
   236797.691286 13.475793  0.000698 58.557336     71.68   -172.98      7.38
   236890.814291 13.475300  0.000551 59.979137     51.11    -90.15      4.54
   236983.937295 13.476907  0.000692 62.469234     34.02    -37.00      2.15
   237077.060300 13.478733  0.000758 62.439206     19.06    -12.63     -0.28
   237170.183304 13.478695  0.000667 59.530976      1.57     -8.80     -7.90
   237263.306308 13.479626  0.000719 58.504466    -19.70    -45.82      2.09
   237356.429313 13.478858  0.000455 61.355275    -39.19   -101.52      2.41
   237449.552317 13.481154  0.000689 62.934997    -54.57   -179.04     -5.06
   237542.675322 13.481463  0.000639 60.865609    -70.35     68.81     -3.13
   237635.798326 13.481734  0.000518 58.660354    -90.22    -58.81     -9.37
   237728.921330 13.482814  0.000597 59.845158   -111.16    133.26     -0.45
   237822.044335 13.484631  0.000727 62.645333   -128.12    -51.86     -2.31
   237915.167339 13.483730  0.000453 62.131455   -142.88     91.41     -0.20
   238008.290344 13.486271  0.000724 58.874514   -161.32   -143.84     -2.22
   238101.413348 13.487265  0.000730 59.151689    177.02    -42.53     -2.91
   238194.536353 13.488381  0.000737 62.374563    159.10     21.03      5.63
   238287.659357 13.488571  0.000718 62.339814    144.44     71.17      0.95
   238380.782361 13.488710  0.000603 59.379750    126.75    101.70     -6.21
   238473.905366 13.488775  0.000483 58.970310    105.32     94.12      2.43
   238567.028370 13.490995  0.000723 61.835741     86.63     72.22     -0.38
   238660.151375 13.491673  0.000663 62.646402     71.91     12.70      7.81
   238753.274379 13.491550  0.000527 59.571086     54.74    -45.00     -8.63
   238846.397384 13.492948  0.000654 58.708089     33.02   -144.79     -2.61
   238939.520388 13.492944  0.000502 62.152631     14.34     98.70     -5.66
   239032.643392 13.494023  0.000553 62.532287     -0.07    -47.82     -5.54
   239125.766397 13.495728  0.000696 59.099809    -17.83    137.47      2.75
   239218.889401 13.496633  0.000657 59.231798    -39.64    -37.03     -9.28
   239312.012406 13.496525  0.000569 62.419105    -57.43     97.76      3.25
   239405.135410 13.497708  0.000646 61.918977    -71.98   -133.87     -1.85
   239498.258415 13.499632  0.000721 58.898110    -90.78    -24.00     -8.18
   239591.381419 13.500220  0.000734 59.748014   -112.37     48.52      2.49
   239684.504423 13.500676  0.000704 62.780426   -129.00    113.03     -3.72
   239777.627428 13.501663  0.000677 61.237398   -143.84    154.13    -10.18
   239870.750432 13.501760  0.000625 58.369297   -164.28    164.93     -3.95
   239963.873437 13.503392  0.000723 60.996289    174.96    155.51      1.94
   240056.996441 13.503261  0.000573 62.999529    160.19    139.20    -11.52
   240150.119445 13.504700  0.000699 59.561410    143.63     74.48      3.73
   240243.242450 13.505416  0.000661 58.953984    121.53      5.38      7.13
   240336.365454 13.504869  0.000464 62.587271    103.60    -76.05     -1.73
   240429.488459 13.506579  0.000644 61.600800     89.27    170.90     -1.61
   240522.611463 13.507174  0.000577 58.543619     69.43     32.86      7.38
   240615.734468 13.508101  0.000580 60.812828     48.35   -117.60      8.85
   240708.857472 13.509577  0.000720 62.741162     33.33     78.55     -0.10
   240801.980476 13.509161  0.000516 59.653422     16.73   -114.55      1.63
   240895.103481 13.511702  0.000723 59.190657     -5.27     34.20      5.20
   240988.226485 13.511510  0.000659 62.547258    -22.82    168.04      1.62
   241081.349490 13.511693  0.000521 61.248642    -37.37    -72.68     -8.86
   241174.472494 13.514172  0.000742 58.474643    -58.11     15.11     -3.02
   241267.595499 13.514284  0.000695 61.555655    -78.31     90.22     -3.01
   241360.718503 13.515377  0.000681 62.444422    -92.44    148.13     -9.23
   241453.841507 13.516068  0.000686 58.661199   -111.06   -179.22     -5.87
   241546.964512 13.516267  0.000631 60.407339   -132.94   -167.10      2.84
   241640.087516 13.518417  0.000743 63.012888   -147.86   -172.45      5.30
   241733.210521 13.518264  0.000664 59.290720   -164.55    179.18     -6.16
   241826.333525 13.519566  0.000736 59.524438    172.93    140.63     -0.20
   241919.456530 13.518509  0.000454 63.084572    156.79     81.20      3.63
   242012.579534 13.520725  0.000683 59.965651    141.40     15.33     -3.98
   242105.702538 13.521396  0.000656 58.994323    119.02    -67.27     -6.44
   242198.825543 13.523332  0.000755 62.902256    101.70   -178.52     -1.82
   242291.948547 13.523382  0.000723 60.509717     87.07     54.23      0.23
   242385.071552 13.523470  0.000608 58.731927     65.04    -74.54     -7.08
   242478.194556 13.523748  0.000523 62.690195     46.87    131.83     -9.73
   242571.317560 13.525261  0.000663 60.814649     32.57    -55.71      2.87
   242664.440565 13.526336  0.000654 58.670880     10.83    130.14     -8.49
   242757.563569 13.526040  0.000513 62.536238     -7.75    -85.88      2.92
   242850.686574 13.527888  0.000694 60.910484    -21.95     56.43     -2.32
   242943.809578 13.529529  0.000739 58.686044    -43.60    176.76      4.13
   243036.932583 13.528497  0.000522 62.541754    -62.17    -70.71      0.02
   243130.055587 13.529875  0.000641 60.777556    -76.42     20.94     -0.91
   243223.178591 13.530027  0.000501 58.808757    -98.30    109.95     -8.97
   243316.301596 13.531877  0.000660 62.650602   -116.40    170.68     -6.98
   243409.424600 13.532158  0.000623 60.429294   -130.97   -150.32      0.19
   243502.547605 13.532432  0.000497 59.074466   -153.22   -122.96      9.56
   243595.670609 13.534046  0.000646 62.802997   -170.41   -100.26      5.22
   243688.793614 13.535025  0.000673 59.863390    174.38    -87.72     -3.93
   243781.916618 13.534583  0.000460 59.579519    151.77   -100.76      3.28
   243875.039622 13.536986  0.000715 62.863956    135.88   -124.67      2.48
   243968.162627 13.537044  0.000621 59.167996    119.36   -164.39      4.86
   244061.285631 13.538739  0.000692 60.421235     96.86    163.11     -9.81
   244154.408636 13.539114  0.000694 62.562924     82.32     84.22      2.90
   244247.531640 13.539943  0.000668 58.596058     63.80      4.48      6.62
   244340.654645 13.539455  0.000480 61.522657     42.40    -74.36     -2.20
   244433.777649 13.541132  0.000646 61.727080     28.70    179.81     -2.04
   244526.900653 13.541261  0.000520 58.502659      7.78     64.77      0.18
   244620.023658 13.542010  0.000503 62.597650    -11.28    -55.96     -6.51
   244713.146662 13.543446  0.000640 60.316949    -25.54    153.77      1.11
   244806.269667 13.545385  0.000730 59.329311    -48.28      0.34      6.06
   244899.392671 13.546330  0.000752 62.988281    -64.23   -160.28      0.57
   244992.515675 13.545798  0.000631 58.847154    -81.04     25.24     -1.54
   245085.638680 13.547560  0.000702 61.011303   -103.44   -168.44      7.87
   245178.761684 13.548258  0.000704 62.137284   -117.11      2.05     -5.14
   245271.884689 13.548668  0.000684 58.325811   -137.71    145.70      3.14
   245365.007693 13.548508  0.000522 62.681455   -156.95    -61.16    -10.49
   245458.130698 13.550583  0.000708 60.154829   -171.22     47.66      5.32
   245551.253702 13.550958  0.000675 59.574370    165.70    169.55      4.54
   245644.376706 13.550432  0.000454 62.917669    150.72    -76.70     -5.18
   245737.499711 13.552834  0.000696 58.463241    132.41     18.27     -4.19
   245830.622715 13.553312  0.000661 61.882231    111.20    107.51     -4.92
   245923.745720 13.555240  0.000751 61.045210     97.61    176.84     -1.99
   246016.868724 13.555287  0.000714 59.051407     75.08   -117.39      1.24
   246109.991729 13.555955  0.000693 62.862702     59.00    -56.60     -4.46
   246203.114733 13.557444  0.000728 58.806468     41.60     -8.43     -6.83
   246296.237737 13.557262  0.000682 61.592704     20.00     27.56     -2.99
   246389.360742 13.557267  0.000551 61.023952      6.33     44.67      5.13
   246482.483746 13.558332  0.000567 59.260563    -16.14     61.30     10.35
   246575.606751 13.559868  0.000716 62.720197    -31.97     80.41     -0.03
   246668.729755 13.559449  0.000510 58.617263    -50.01     86.41     -4.30
   246761.852760 13.560674  0.000570 62.128801    -70.95     68.83      7.98
   246854.975764 13.562112  0.000693 60.331840    -84.79     60.82     -2.16
   246948.098768 13.562540  0.000599 59.820230   -107.89     27.84     11.23
   247041.221773 13.564369  0.000740 62.596979   -122.38      8.21     -3.60
   247134.344777 13.564533  0.000691 58.296964   -142.27    -36.40      3.40
   247227.467782 13.564071  0.000484 62.839057   -161.45    -71.55     -7.55
   247320.590786 13.566528  0.000722 59.375902   -176.45   -139.06      2.98
   247413.713790 13.566843  0.000681 60.878889    160.60    162.75      3.47
   247506.836795 13.566342  0.000466 61.610815    147.19     97.84     -3.93
   247599.959799 13.568828  0.000720 58.972980    124.96     23.64     -2.75
   247693.082804 13.569430  0.000711 62.743856    108.99    -60.29     -2.53
   247786.205808 13.570659  0.000710 58.594886     90.47   -160.84      8.89
   247879.328813 13.570366  0.000639 62.440306     70.46    110.79      2.85
   247972.451817 13.571479  0.000659 59.462649     55.57      3.71      6.06
   248065.574821 13.571156  0.000481 61.142560     32.79   -100.86      5.69
   248158.697826 13.572622  0.000621 61.142702     19.40    147.28      0.12
   248251.820830 13.573505  0.000598 59.347323     -3.44     24.17      7.32
   248344.943835 13.573532  0.000486 62.719449    -18.29   -103.84      7.22
   248438.066839 13.575158  0.000647 58.315780    -38.33    131.01      3.06
   248531.189844 13.577019  0.000742 62.944703    -56.70     -5.51      4.00
   248624.312848 13.577770  0.000724 58.802552    -73.15   -149.55      5.20
   248717.435852 13.577862  0.000699 62.007154    -94.67     74.52     -2.20
   248810.558857 13.577723  0.000527 59.917038   -108.81    -73.55     -7.75
   248903.681861 13.578518  0.000545 60.891197   -131.80    130.65     -4.23
   248996.804866 13.580139  0.000685 61.039316   -145.26    -39.20      2.64
   249089.927870 13.581972  0.000745 59.709471   -168.22    165.61     -2.67
   249183.050875 13.581969  0.000689 62.279450    177.54     -2.26     -6.23
   249276.173879 13.582249  0.000643 58.604278    156.10    178.07      4.14
   249369.296883 13.584475  0.000760 62.990104    139.71      2.09      2.87
   249462.419888 13.584255  0.000686 58.354379    120.82   -169.25     -4.99
   249555.542892 13.584822  0.000671 62.792214    101.88     -0.69      4.58
   249648.665897 13.586792  0.000751 58.773154     85.26    177.78     -1.37
   249741.788901 13.586142  0.000645 62.364726     64.41     -7.23     -3.77
   249834.911905 13.587711  0.000724 59.142410     49.37    152.89      2.09
   249928.034910 13.587989  0.000628 61.953854     27.10    -25.49    -11.67
   250021.157914 13.588372  0.000630 59.793741     13.31    119.21      2.91
   250114.280919 13.589239  0.000613 61.119368     -9.98    -64.78     -8.80
   250207.403923 13.589277  0.000498 60.740700    -23.23     71.19      9.10
   250300.526928 13.591246  0.000699 60.274447    -46.59   -118.07     -1.88
   250393.649932 13.591602  0.000609 61.286161    -60.09     22.38      8.37
   250486.772936 13.593512  0.000739 59.927239    -83.04   -171.42     -2.60
   250579.895941 13.593120  0.000649 61.581411    -96.90    -28.39      1.92
   250673.018945 13.594268  0.000640 59.525718   -119.61    135.99     -9.80
   250766.141950 13.594077  0.000529 62.132931   -133.78    -95.16      5.86
   250859.264954 13.595573  0.000654 58.997286   -156.02     64.49     -3.67
   250952.387959 13.597001  0.000687 62.445037   -170.84   -165.05      9.27
   251045.510963 13.597373  0.000656 58.911858    167.64     -2.38     -6.18
   251138.633967 13.598367  0.000710 62.344639    152.27    133.37      0.87
   251231.756972 13.597666  0.000469 58.961638    131.01    -72.09     -7.42
   251324.879976 13.599881  0.000691 62.495282    115.57     57.12      4.86
   251418.002981 13.599914  0.000599 58.697125     94.33   -154.87      3.26
   251511.125985 13.602402  0.000756 62.706050     78.75     -6.56     -3.38
   251604.248990 13.601349  0.000593 58.685655     57.72    135.25      0.73
   251697.371994 13.602551  0.000636 62.477018     42.01    -74.74     -6.27
   251790.494998 13.602901  0.000547 58.978534     20.85     54.16     11.62
   251883.618003 13.604434  0.000692 62.297401      5.55   -148.34     -2.35
   251976.741007 13.605585  0.000699 59.000504    -16.17     -6.35      5.19
   252069.864012 13.605808  0.000626 62.367260    -30.97    154.61    -11.00
   252162.987016 13.606592  0.000676 59.071995    -53.05    -67.76      3.13
   252256.110020 13.606457  0.000522 62.012329    -67.57     87.39     -4.22
   252349.233025 13.608312  0.000649 59.618970    -90.02   -131.45      9.04
   252442.356029 13.608670  0.000650 61.424763   -104.01     30.36     -2.19
   252535.479034 13.610597  0.000730 60.127994   -127.12   -178.08      5.33
   252628.602038 13.610615  0.000651 61.085418   -140.50    -11.49     -7.84
   252721.725043 13.611359  0.000685 60.490016   -163.95    141.92      2.47
   252814.848047 13.611922  0.000613 60.498745   -177.36    -46.17    -11.02
   252907.971051 13.612007  0.000545 61.298798    159.51    108.20      2.24
   253001.094056 13.613792  0.000698 59.542732    145.64    -82.67     -2.62
   253094.217060 13.612939  0.000430 62.168786    123.04     88.10     -0.31
   253187.340065 13.615144  0.000661 58.930178    108.39   -108.06      5.90
   253280.463069 13.615446  0.000607 62.535056     86.93     80.36     -3.57
   253373.586074 13.615526  0.000470 58.651023     70.61   -113.39      7.97
   253466.709078 13.617554  0.000686 62.791655     51.29     74.70      3.45
   253559.832082 13.617771  0.000597 58.393674     32.55    -88.99     -5.47
   253652.955087 13.617628  0.000443 62.857185     15.63     95.49     -0.82
   253746.078091 13.619608  0.000655 58.764790     -5.32    -72.90      3.90
   253839.201096 13.620952  0.000698 61.993014    -20.28    132.95     -5.48
   253932.324100 13.621421  0.000646 59.994053    -42.92    -16.65    -10.28
   254025.447105 13.621695  0.000630 60.657182    -56.52    178.01     -1.00
   254118.570109 13.622667  0.000607 61.284697    -79.92     23.42      9.52
   254211.693113 13.623298  0.000593 59.552001    -93.64   -124.38     10.23
   254304.816118 13.624578  0.000702 62.243167   -115.84    109.49      1.08
   254397.939122 13.626200  0.000747 58.624904   -131.88    -21.37     -2.83
   254491.062127 13.626780  0.000740 62.926701   -151.06   -153.74      1.74
   254584.185131 13.626835  0.000691 58.407342   -170.47     89.73     -3.13
   254677.308135 13.628208  0.000707 62.472248    173.60    -24.51     -7.62
   254770.431140 13.628883  0.000730 59.602475    151.41   -142.00      1.09
   254863.554144 13.629313  0.000704 60.736380    137.59    112.40     -1.64
   254956.677149 13.630739  0.000733 61.507780    114.36      9.56      5.37
   255049.800153 13.630080  0.000596 59.112116    100.26    -86.43      4.89
   255142.923158 13.631080  0.000641 62.622931     78.79   -170.24      4.76
   255236.046162 13.630994  0.000482 58.543717     61.39    124.89    -11.45
   255329.169166 13.633240  0.000719 62.559105     44.10     40.18     -1.14
   255422.292171 13.634350  0.000735 59.266878     22.43    -25.41      0.72
   255515.415175 13.633078  0.000448 61.234944      8.54    -89.82      1.88
   255608.538180 13.635284  0.000690 61.139747    -14.74   -134.63     -2.08
   255701.661184 13.636487  0.000710 59.107829    -29.08    171.12      4.39
   255794.784189 13.636375  0.000594 62.887376    -49.97    150.14    -10.75
   255887.907193 13.637513  0.000683 58.296361    -68.22    106.77      2.72
   255981.030197 13.637229  0.000512 62.399083    -84.64     91.06     -4.87
   256074.153202 13.638540  0.000580 59.994157   -106.97     64.50      9.96
   256167.276206 13.639793  0.000686 60.035795   -120.68     67.84     -2.65
   256260.399211 13.639306  0.000464 62.320496   -143.41     65.67      5.07
   256353.522215 13.640884  0.000593 58.477718   -159.35     71.72      7.49
   256446.645220 13.642219  0.000697 62.632958   -177.76    100.35     -1.49
   256539.768224 13.642696  0.000606 59.399743    160.99    140.29    -11.32
   256632.891228 13.643494  0.000635 60.808896    147.12    169.47     -7.29
   256726.014233 13.643797  0.000605 61.693963    123.89   -149.85      2.00
   256819.137237 13.643603  0.000421 58.741697    108.63    -97.51      2.39
   256912.260242 13.645362  0.000603 62.757397     89.66    -27.14     -3.20
   257005.383246 13.645915  0.000562 59.100328     68.66     43.73      2.42
   257098.506250 13.646849  0.000550 60.997935     54.64    138.33    -11.87
   257191.629255 13.648425  0.000703 61.737183     31.63   -135.39     -1.21
   257284.752259 13.649599  0.000723 58.493237     15.94    -34.24     -0.34
   257377.875264 13.648545  0.000478 62.884092     -2.45     70.93      8.00
   257470.998268 13.650391  0.000668 59.353913    -23.93   -151.26     -3.34
   257564.121273 13.652080  0.000745 60.323375    -37.90    -22.81     -0.16
   257657.244277 13.651038  0.000511 62.440099    -60.33    132.95     -8.15
   257750.367281 13.652943  0.000701 58.242699    -77.34    -80.99      1.02
   257843.490286 13.652430  0.000494 62.364354    -94.18     90.70     -4.62
   257936.613290 13.653556  0.000550 60.506795   -116.71   -100.47      7.22
   258029.736295 13.655247  0.000701 59.109236   -130.81     93.56     -0.44
   258122.859299 13.655296  0.000572 62.965730   -151.68    -52.70    -11.47
   258215.982304 13.656036  0.000578 58.834629   -171.22    156.34     -7.75
   258309.105308 13.656857  0.000623 60.863316    174.11      8.05      2.11
   258402.228312 13.656856  0.000468 62.131349    151.17   -120.63      9.94
   258495.351317 13.658072  0.000560 58.354976    135.05    137.32     -2.05
   258588.474321 13.659038  0.000602 62.280435    117.64     33.00      2.05
   258681.597326 13.659956  0.000577 60.667444     95.14    -37.30    -12.41
   258774.720330 13.661497  0.000707 58.987908     80.99   -129.50      1.33
   258867.843335 13.662143  0.000700 62.813809     60.66    167.36      3.90
   258960.966339 13.661721  0.000513 59.408440     40.10    135.43    -12.50
   259054.089343 13.663521  0.000691 60.066802     26.04     79.73      3.17
   259147.212348 13.663139  0.000523 62.632373      3.79     60.64      1.93
   259240.335352 13.665009  0.000640 58.672205    -14.48     41.14     10.61
   259333.458357 13.665784  0.000698 61.097940    -29.65     54.27     -1.75
   259426.581361 13.665325  0.000495 62.042984    -52.63     72.92     -0.08
   259519.704365 13.665944  0.000474 58.463446    -69.03     99.92      1.42
   259612.827370 13.667671  0.000651 61.844449    -85.69    142.32      2.15
   259705.950374 13.668834  0.000644 61.388928   -108.64   -163.97     10.25
   259799.073379 13.668407  0.000510 58.544671   -123.84    -89.69      5.64
   259892.196383 13.669812  0.000636 62.297267   -141.88      0.86      1.95
   259985.319388 13.669916  0.000491 60.859696   -164.37    118.26    -11.16
   260078.442392 13.672298  0.000720 58.705940   -178.98   -142.20      2.04
   260171.565396 13.672374  0.000667 62.543123    162.05    -12.14      3.52
   260264.688401 13.673372  0.000637 60.499772    140.02    150.45    -10.85
   260357.811405 13.673207  0.000558 58.848320    125.64    -64.83      1.87
   260450.934410 13.674951  0.000700 62.652623    106.15    117.75     -3.44
   260544.057414 13.674866  0.000543 60.351216     84.40    -38.62    -13.47
   260637.180419 13.675667  0.000595 58.848912     70.01    153.84     -2.14
   260730.303423 13.676919  0.000650 62.722003     50.43      9.12      6.55
   260823.426427 13.676796  0.000502 60.374356     28.71   -113.06      9.29
   260916.549432 13.678027  0.000608 58.741157     14.19    146.83      1.02
   261009.672436 13.678340  0.000529 62.686569     -5.06     57.39      2.13
   261102.795441 13.680651  0.000700 60.614734    -26.99     -4.34     -6.98
   261195.918445 13.680798  0.000682 58.532448    -41.85    -73.52      3.09
   261289.041450 13.680316  0.000480 62.543359    -60.40   -111.29      1.31
   261382.164454 13.682683  0.000687 61.030975    -82.68   -137.69      6.90
   261475.287458 13.682659  0.000631 58.320275    -98.20   -136.03     -2.90
   261568.410463 13.683014  0.000537 62.181516   -115.63   -139.35     10.60
   261661.533467 13.684116  0.000600 61.625526   -138.18   -105.16      7.05
   261754.656472 13.685528  0.000703 58.253879   -154.81    -54.90      1.19
   261847.779476 13.686967  0.000734 61.495417   -170.90      2.64      4.82
   261940.902480 13.686315  0.000601 62.278049    166.67     84.55      6.04
   262034.025485 13.687222  0.000626 58.547865    148.35   -175.61      4.96
   262127.148489 13.687663  0.000541 60.503525    133.48    -43.84    -13.31
   262220.271494 13.689059  0.000676 62.703663    111.92     75.76      3.63
   262313.394498 13.688961  0.000543 59.401290     91.60   -126.80      0.78
   262406.517503 13.690670  0.000641 59.359692     77.20     30.80     10.97
   262499.640507 13.691545  0.000705 62.597137     57.52   -127.62     -0.04
   262592.763511 13.691267  0.000550 60.750544     35.45     89.55     -5.71
   262685.886516 13.692005  0.000521 58.565849     20.09    -39.60    -11.94
   262779.009520 13.693275  0.000654 61.632810      2.95   -163.12     -3.04
   262872.132525 13.693590  0.000553 62.222384    -19.68    111.77     -9.06
   262965.255529 13.695977  0.000740 58.704308    -37.55     23.94      2.69
   263058.378534 13.695532  0.000646 59.972419    -52.61    -34.01      2.53
   263151.501538 13.696059  0.000574 62.944773    -73.76    -55.41    -10.03
   263244.624542 13.696331  0.000521 60.092956    -94.62    -84.94      4.48
   263337.747547 13.698235  0.000703 58.489074   -109.74    -78.72     -0.45
   263430.870551 13.698561  0.000605 62.179415   -127.67    -43.90    -11.98
   263523.993556 13.699555  0.000664 61.986200   -150.00     -3.19     -6.49
   263617.116560 13.699672  0.000591 58.512392   -167.99     57.46     -2.93
   263710.239565 13.701114  0.000633 60.144024    176.98    148.75    -12.32
   263803.362569 13.701967  0.000695 62.762185    156.29   -120.51      3.59
   263896.485573 13.702301  0.000636 60.446199    134.77      6.12      5.73
   263989.608578 13.703961  0.000694 58.558042    119.25    164.30     -7.91
   264082.731582 13.703378  0.000592 61.318650    102.45    -35.19     -1.75
   264175.854587 13.705335  0.000729 62.559353     80.20    154.79      0.83
   264268.977591 13.706696  0.000752 59.450921     60.77      7.26     -0.58
   264362.100595 13.706468  0.000706 58.817139     45.87   -122.73     -1.04
   264455.223600 13.707352  0.000688 62.304859     27.05    136.90     -6.11
   264548.346604 13.707964  0.000664 62.037833      4.93     39.78      8.96
   264641.469609 13.708024  0.000617 58.563027    -13.14    -14.92      1.30
   264734.592613 13.709327  0.000644 59.645832    -28.29    -47.79     -8.30
   264827.715618 13.708776  0.000482 62.720795    -48.05    -73.35     -0.11
   264920.838622 13.710883  0.000705 61.271695    -70.09    -66.77      0.74
   265013.961626 13.711961  0.000685 58.594288    -87.27    -30.60     -9.23
   265107.084631 13.712808  0.000719 60.006534   -102.60     11.29     -4.14
   265200.207635 13.712801  0.000664 62.640144   -123.16     85.28     -3.56
   265293.330640 13.714829  0.000753 61.319188   -144.83    178.93      0.65
   265386.453644 13.713618  0.000555 58.380955   -161.62    -65.94      2.77
   265479.576649 13.714840  0.000627 59.964991   -177.37     81.04     -3.85
   265572.699653 13.714924  0.000497 62.908395    162.25   -127.21     11.13
   265665.822657 13.716774  0.000685 61.177721    140.62     71.26      3.84
   265758.945662 13.717384  0.000656 58.446670    123.33    -66.58     -5.99
   265852.068666 13.718969  0.000716 59.928687    107.92    169.42     -7.98
   265945.191671 13.719101  0.000707 62.497092     87.96     62.87      0.29
   266038.314675 13.720300  0.000725 61.730041     65.97    -11.89      2.82
   266131.437680 13.719204  0.000483 58.838285     48.19    -53.11     -7.73
   266224.560684 13.721232  0.000689 59.080430     32.85    -91.19      1.62
   266317.683688 13.720921  0.000524 62.262287     13.80    -84.92     -5.73
   266410.806693 13.721393  0.000479 62.399435     -8.02    -61.95     -3.79
   266503.929697 13.722925  0.000631 59.244216    -27.34    -19.89      2.85
   266597.052702 13.723016  0.000500 58.687660    -42.87     43.10     10.56
   266690.175706 13.724429  0.000595 61.329920    -60.18    159.23     -8.84
   266783.298710 13.725610  0.000687 62.673350    -81.74    -81.41     -2.24
   266876.421715 13.725135  0.000471 60.741492   -102.52     57.80      8.95
   266969.544719 13.727283  0.000683 58.355982   -119.03   -125.56      4.91
   267062.667724 13.727539  0.000643 59.757041   -135.08     81.69     -3.68
   267155.790728 13.727986  0.000564 62.680876   -154.88    -41.73    -13.36
   267248.913733 13.729478  0.000696 62.005511   -176.58   -157.58     -3.36
   267342.036737 13.730214  0.000687 59.230415    164.37    123.37     -5.19
   267435.159741 13.729997  0.000532 58.696675    148.82     46.94     13.24
   267528.282746 13.731567  0.000686 60.925553    131.53     32.92     -2.69
   267621.405750 13.731763  0.000601 62.828041    110.38     23.08      7.16
   267714.528755 13.732721  0.000603 61.369549     89.31     44.80     11.32
   267807.651759 13.733596  0.000669 58.553504     71.61    103.77      3.14
   267900.774764 13.734838  0.000692 58.997326     55.84    177.20      6.23
   267993.897768 13.733789  0.000450 61.729756     37.72    -68.76     -2.98
   268087.020772 13.735858  0.000686 62.632771     16.28     65.64     -2.18
   268180.143777 13.735969  0.000543 60.968283     -4.52   -146.41     12.02
   268273.266781 13.737718  0.000685 58.570198    -21.67     45.69      6.42
   268366.389786 13.738149  0.000681 58.963920    -37.61    -91.72     -2.17
   268459.512790 13.739517  0.000708 61.810863    -56.07    156.44     -6.73
   268552.635795 13.739603  0.000658 62.779003    -77.25     56.95      5.91
   268645.758799 13.739944  0.000632 60.895004    -98.14      0.71      4.11
   268738.881803 13.741744  0.000702 58.814058   -115.69    -19.24     -8.69
   268832.004808 13.741061  0.000571 58.783694   -131.48    -29.63     -4.12
   268925.127812 13.742607  0.000677 61.178551   -149.58    -13.10      4.64
   269018.250817 13.743116  0.000606 62.960808   -170.38     34.57     12.28
   269111.373821 13.743438  0.000610 61.537297    168.50    129.99      1.47
   269204.496825 13.743748  0.000523 59.197070    149.84   -115.22     -1.00
   269297.619830 13.746360  0.000726 58.550582    133.83     17.36      5.13
   269390.742834 13.745918  0.000644 60.102209    116.90   -164.79     -3.66
   269483.865839 13.746420  0.000584 62.456154     96.95     24.22      8.51
   269576.988843 13.746521  0.000492 62.622638     75.72   -105.53      9.12
   269670.111848 13.747911  0.000626 60.313171     55.62    161.93      2.14
   269763.234852 13.747872  0.000474 58.623556     38.29     99.28     -7.01
   269856.357856 13.750156  0.000678 58.918851     22.28     41.80      7.07
   269949.480861 13.750154  0.000631 60.921025      4.23     40.27     -2.37
   270042.603865 13.750258  0.000495 62.844765    -16.29     49.71      9.15
   270135.726870 13.751057  0.000531 62.179938    -37.35    108.77      1.38
   270228.849874 13.752275  0.000610 59.908217    -56.94   -171.68      3.46
   270321.972879 13.752798  0.000538 58.569859    -73.93    -44.05    -14.32
   270415.095883 13.754028  0.000636 58.938669    -90.19     74.98      6.57
   270508.218887 13.754422  0.000601 61.029013   -108.47   -101.30     -3.93
   270601.341892 13.754241  0.000435 62.848367   -128.80    105.22     -5.24
   270694.464896 13.755884  0.000607 62.216642   -149.86    -20.88     -2.06
   270787.587901 13.756244  0.000534 60.341253   -169.70   -113.11     -1.65
   270880.710905 13.759023  0.000742 58.726544    172.95   -176.02     -1.64
   270973.833910 13.758002  0.000592 58.496369    156.55    150.43      0.26
   271066.956914 13.760108  0.000735 60.385733    138.89    153.29     -1.04
   271160.079918 13.761102  0.000749 62.381580    119.35   -172.04     -1.56
   271253.202923 13.760864  0.000697 62.598339     98.34   -104.44     -1.22
   271346.325927 13.762424  0.000735 61.555612     77.77     -7.83      2.05
   271439.448932 13.761181  0.000501 59.508372     59.22    129.12     -4.72
   271532.571936 13.763128  0.000690 58.217747     42.19    -73.89      0.50
   271625.694940 13.763466  0.000598 59.111054     25.45    132.66    -11.58
   271718.817945 13.764610  0.000660 60.874557      7.46     -3.38     -7.80
   271811.940949 13.764910  0.000650 62.335012    -12.62   -104.56     -3.59
   271905.063954 13.767009  0.000741 62.853996    -33.47   -176.06      4.10
   271998.186958 13.766085  0.000597 61.369822    -53.73    161.41     -4.58
   272091.309963 13.767651  0.000698 59.509451    -72.64    155.70      2.99
   272184.432967 13.769146  0.000737 58.549523    -89.75   -171.61      3.60
   272277.555971 13.768795  0.000664 58.641067   -106.46   -105.88      4.54
   272370.678976 13.769524  0.000661 60.214801   -124.37     -4.88      5.50
   272463.801980 13.769954  0.000582 62.126171   -143.64    150.13    -13.30
   272556.924985 13.770515  0.000627 62.662926   -164.16    -54.05      2.26
   272650.047989 13.772503  0.000735 62.300043    175.08    156.05     -1.67
   272743.170994 13.773171  0.000710 60.817363    155.52     27.67      5.51
   272836.293998 13.773030  0.000664 58.961752    137.22    -56.94      3.06
   272929.417002 13.772586  0.000462 58.416236    120.02   -106.98     -0.22
   273022.540007 13.774697  0.000641 58.919893    103.14   -135.19      8.54
   273115.663011 13.775358  0.000681 60.152362     85.10   -107.68     -2.00
   273208.786016 13.775866  0.000604 61.973696     65.75    -45.61    -11.17
   273301.909020 13.777480  0.000726 62.760644     45.57     29.56      1.67
   273395.032025 13.777551  0.000682 62.410269     24.89    152.59      3.15
   273488.155029 13.778136  0.000611 61.511043      4.93    -32.30    -13.07
   273581.278033 13.778246  0.000570 59.756486    -13.86    151.58     -3.53
   273674.401038 13.779239  0.000598 58.563362    -31.76     12.44      4.69
   273767.524042 13.778954  0.000430 58.507797    -48.85    -73.34     -5.87
   273860.647047 13.781497  0.000707 59.006045    -66.16   -139.06     -0.36
   273953.770051 13.781419  0.000605 60.387549    -84.55   -167.97      5.90
   274046.893055 13.783200  0.000689 61.973579   -103.75   -157.73      9.11
   274140.016060 13.783382  0.000692 62.542631   -123.85    -99.87      1.97
   274233.139064 13.784729  0.000721 62.728082   -144.35    -12.89      2.94
   274326.262069 13.783485  0.000470 62.000126   -164.31    118.74     -5.32
   274419.385073 13.785590  0.000695 60.476923    176.27    -86.75      0.55
   274512.508078 13.785645  0.000565 59.408747    157.73    120.40     -9.96
   274605.631082 13.787092  0.000654 58.555795    140.17     -8.60     -8.65
   274698.754086 13.787645  0.000679 58.233983    122.68   -104.70     -2.50
   274791.877091 13.788698  0.000668 59.111237    105.02   -169.60      9.79
   274885.000095 13.789620  0.000709 60.138099     86.93   -170.44     -4.72
   274978.123100 13.789166  0.000599 61.223309     67.80   -151.64      0.28
   275071.246104 13.789016  0.000425 62.465507     48.15    -86.70     -3.17
   275164.369109 13.791473  0.000691 62.729584     28.16     13.26     -3.85
   275257.492113 13.792238  0.000704 62.528337      7.89    146.32      1.34
   275350.615117 13.792820  0.000633 62.058555    -11.93    -25.44    -11.53
   275443.738122 13.793081  0.000634 60.765248    -31.24   -179.07     -4.59
   275536.861126 13.793172  0.000534 59.729827    -50.14     70.94     -2.62
   275629.984131 13.795956  0.000745 58.993724    -68.21      0.89     -3.48
   275723.107135 13.794952  0.000597 58.245906    -86.03    -36.37      1.66
   275816.230140 13.797044  0.000721 58.424720   -103.85    -27.12     -0.59
   275909.353144 13.797952  0.000727 59.005471   -121.57     15.74      1.68
   276002.476148 13.797733  0.000675 59.589905   -139.85    100.21      2.33
   276095.599153 13.797518  0.000521 60.765381   -158.68   -140.41      7.86
   276188.722157 13.799899  0.000719 61.715961   -177.75     26.03      5.12
   276281.845162 13.799684  0.000664 62.191785    162.57   -121.88     -2.68
   276374.968166 13.800087  0.000569 62.850317    142.71    132.45    -13.12
   276468.091170 13.801791  0.000705 62.748534    122.93     38.86      3.44
   276561.214175 13.801623  0.000629 62.313755    103.00      2.51      3.59
   276654.337179 13.803710  0.000731 61.976696     83.44      4.97      4.13
   276747.460184 13.803794  0.000700 61.006063     64.24     49.02      2.76
   276840.583188 13.804502  0.000706 60.163159     45.14    135.73     -0.38
   276933.706193 13.803416  0.000427 59.629461     26.57   -109.98      8.23
   277026.829197 13.805924  0.000702 58.766595      8.26     59.94      1.59
   277119.952201 13.805603  0.000562 58.446700    -10.08    -86.64     -7.31
   277213.075206 13.807216  0.000635 58.455424    -28.06    161.72    -11.39
   277306.198210 13.807898  0.000692 58.286512    -46.17     74.72      1.22
   277399.321215 13.807585  0.000527 58.744661    -64.51     36.55      6.57
   277492.444219 13.809145  0.000619 59.306203    -82.74     40.30     10.39
   277585.567224 13.809931  0.000677 59.629992   -101.35     98.06      2.29
   277678.690228 13.810899  0.000665 60.453430   -120.23   -176.03      7.88
   277771.813232 13.810855  0.000579 61.084182   -139.08    -24.67    -11.15
   277864.936237 13.811919  0.000670 61.413113   -158.33    136.38      2.84
   277958.059241 13.813810  0.000738 62.155315   -177.67     -6.07      2.08
   278051.182246 13.813137  0.000611 62.397122    163.06   -113.68      7.87
   278144.305250 13.813671  0.000612 62.517185    143.49   -166.59      2.10
   278237.428255 13.815973  0.000736 62.902547    124.03    177.52      0.98
   278330.551259 13.816026  0.000705 62.722854    104.65   -154.70     -1.75
   278423.674263 13.816081  0.000640 62.594579     85.07    -83.55     -4.43
   278516.797268 13.817886  0.000710 62.666403     65.74     14.77      7.46
   278609.920272 13.817380  0.000633 62.164589     46.44    179.43     -4.15
   278703.043277 13.818421  0.000650 61.981237     27.03      4.83      7.04
   278796.166281 13.818252  0.000507 61.803766      7.94   -120.97     11.39
   278889.289285 13.819344  0.000611 61.212357    -11.20    173.68     -1.05
   278982.412290 13.821068  0.000695 61.060892    -30.37    143.70     -5.32
   279075.535294 13.821020  0.000598 60.799195    -49.24    157.62    -11.02
   279168.658299 13.821568  0.000623 60.249954    -68.26   -158.67     -2.29
   279261.781303 13.822274  0.000576 60.210158    -87.27    -52.71    -12.10
   279354.904308 13.822947  0.000577 59.906587   -106.02     64.12     10.17
   279448.027312 13.824092  0.000666 59.503660   -125.02    -98.41     -3.29
   279541.150316 13.824521  0.000582 59.576350   -143.89    139.07    -13.14
   279634.273321 13.826153  0.000708 59.254012   -162.62     36.08      1.21
   279727.396325 13.826046  0.000637 59.024455    178.39    -10.60      4.50
   279820.519330 13.828124  0.000742 59.155229    159.58     -4.98     -0.69
   279913.642334 13.828216  0.000713 58.855218    140.81     38.85      0.30
   280006.765339 13.828795  0.000706 58.767477    121.76    131.35     -1.77
   280099.888343 13.827504  0.000406 58.928685    102.95   -102.53      6.52
   280193.011347 13.829883  0.000674 58.617313     84.06     80.35      3.22
   280286.134352 13.830892  0.000686 58.698045     64.99    -45.73     -5.38
   280379.257356 13.831726  0.000668 58.801915     46.16   -150.17      8.65
   280472.380361 13.831417  0.000600 58.540574     27.18    175.32     -1.34
   280565.503365 13.833285  0.000706 58.717696      8.07    170.77      4.52
   280658.626370 13.833886  0.000681 58.789211    -10.80   -147.07      8.41
   280751.749374 13.833841  0.000648 58.576549    -29.91    -49.69      3.58
   280844.872378 13.833466  0.000459 58.866698    -49.05    100.24     -7.90
   280937.995383 13.834418  0.000504 58.855463    -67.98    -89.92      5.95
   281031.118387 13.836174  0.000669 58.768402    -87.21    143.44      3.38
   281124.241392 13.835716  0.000462 59.124968   -106.31     53.75      9.69
   281217.364396 13.838194  0.000706 59.082267   -125.30     27.31     -1.28
   281310.487400 13.837653  0.000578 59.141571   -144.56     35.42      0.63
   281403.610405 13.837434  0.000406 59.558512   -163.64     94.61     -2.56
   281496.733409 13.839941  0.000679 59.525150    177.32   -160.88     -4.46
   281589.856414 13.840760  0.000689 59.767181    158.05    -19.28      4.32
   281682.979418 13.842338  0.000749 60.210969    139.07   -177.25     -1.29
   281776.102423 13.842088  0.000695 60.211650    120.02     64.90      0.45
   281869.225427 13.842980  0.000692 60.647590    100.88     -7.88      4.88
   281962.348431 13.843459  0.000648 61.066897     82.04    -14.98     -9.95
   282055.471436 13.843469  0.000616 61.133041     63.09      3.18     -1.96
   282148.594440 13.843448  0.000476 61.654343     44.14     77.27     -2.02
   282241.717445 13.846346  0.000739 61.997903     25.48   -164.60      0.70
   282334.840449 13.845533  0.000616 62.048954      6.68      5.46      0.22
   282427.963454 13.846187  0.000548 62.560510    -12.03   -149.54     12.66
   282521.086458 13.846503  0.000516 62.651187    -30.51    132.75     -4.76
   282614.209462 13.848076  0.000663 62.604669    -49.16     85.13     -3.05
   282707.332467 13.847410  0.000426 62.885286    -67.67     84.69     -0.59
   282800.455471 13.848758  0.000547 62.638781    -86.06    138.74     -4.50
   282893.578476 13.849713  0.000598 62.334429   -104.70   -123.70     -2.29
   282986.701480 13.851737  0.000700 62.272729   -123.24     13.09      8.85
   283079.824485 13.852133  0.000709 61.606578   -141.81   -141.03     -0.27
   283172.947489 13.852371  0.000651 61.089868   -160.75    111.57     -6.07
   283266.070493 13.853288  0.000632 60.700968   -179.60     29.06     11.59
   283359.193498 13.853793  0.000662 59.818862    161.30     28.93     -3.40
   283452.316502 13.853444  0.000508 59.344799    141.84     59.64      0.93
   283545.439507 13.855065  0.000591 58.960201    122.44    156.26    -11.88
   283638.562511 13.855941  0.000671 58.336162    102.71    -84.10      2.65
   283731.685515 13.855912  0.000544 58.363639     82.77    113.68    -10.74
   283824.808520 13.857287  0.000615 58.437075     63.05    -12.87    -10.76
   283917.931524 13.858086  0.000679 58.523519     43.11    -96.62     -2.67
   284011.054529 13.857735  0.000487 59.319638     23.39   -136.87     11.74
   284104.177533 13.859065  0.000595 59.894485      4.07   -108.69      7.27
   284197.300538 13.860131  0.000664 60.580432    -15.20    -29.61      3.06
   284290.423542 13.859435  0.000437 61.631664    -33.99    105.61     -7.55
   284383.546546 13.860968  0.000583 62.116181    -52.41    -93.15      5.97
   284476.669551 13.862564  0.000702 62.515904    -70.82    138.64      0.52
   284569.792555 13.862202  0.000529 62.906625    -88.88     40.48     15.04
   284662.915560 13.863810  0.000691 62.438935   -106.95     25.88     -2.91
   284756.038564 13.863501  0.000545 61.951000   -125.37     38.31      4.17
   284849.161569 13.863739  0.000451 61.304400   -143.83    122.21     -9.64
   284942.284573 13.865905  0.000691 60.083386   -162.80   -124.64     -0.61
   285035.407577 13.865417  0.000514 59.299831    177.61     44.37      4.98
   285128.530582 13.865646  0.000429 58.710837    157.85    -87.92      2.97
   285221.653586 13.867367  0.000609 58.151029    137.61   -163.84     -2.71
   285314.776591 13.869572  0.000739 58.564269    117.27    164.06     -0.10
   285407.899595 13.869945  0.000714 59.171789     97.38   -170.13     -4.36
   285501.022600 13.869877  0.000665 59.977611     77.67    -96.76     -3.40
   285594.145604 13.870967  0.000658 61.341409     58.67     15.44     10.16
   285687.268608 13.871857  0.000705 62.129312     40.36   -155.96     -1.13
   285780.391613 13.871682  0.000631 62.562077     22.24     77.04     -3.65
   285873.514617 13.873864  0.000737 62.803020      4.42     -4.19      0.04
   285966.637622 13.872797  0.000575 62.004882    -13.49    -23.25     -5.84
   286059.760626 13.873929  0.000643 60.916610    -32.12     -5.04      5.23
   286152.883630 13.873192  0.000404 59.943963    -51.21     75.04      7.16
   286246.006635 13.875721  0.000686 58.667912    -71.07   -139.54     -2.40
   286339.129639 13.875200  0.000510 58.294589    -91.64     44.53      3.77
   286432.252644 13.875484  0.000435 58.668597   -112.03    -62.98     -5.94
   286525.375648 13.877652  0.000675 59.321920   -132.19   -129.83     -2.56
   286618.498653 13.877670  0.000552 60.799132   -151.67   -151.92      9.41
   286711.621657 13.877974  0.000501 62.051724   -170.06   -109.98      9.56
   286804.744661 13.879151  0.000617 62.514150    172.01     -4.64      0.58
   286897.867666 13.881078  0.000705 62.690799    154.30    153.26     -7.14
   286990.990670 13.881323  0.000661 61.762612    136.49     -2.54     -7.59
   287084.113675 13.881561  0.000647 60.231905    117.67   -107.15     -3.43
   287177.236679 13.882810  0.000650 59.176368     97.94   -166.04      9.78
   287270.359684 13.883745  0.000703 58.305570     77.53   -147.28      0.05
   287363.482688 13.883829  0.000657 58.445734     56.61    -78.49     -3.93
   287456.605692 13.884754  0.000630 59.793912     36.42     23.92     12.08
   287549.728697 13.885528  0.000698 61.045558     17.27   -149.28     -2.27
   287642.851701 13.885098  0.000552 62.312904     -1.02     79.94     -4.02
   287735.974706 13.887762  0.000742 62.870068    -18.45     -0.02     -2.90
   287829.097710 13.886699  0.000596 61.917030    -36.05    -24.89     -1.20
   287922.220715 13.888103  0.000648 60.596753    -54.62      0.51      6.73
   288015.343719 13.887223  0.000426 59.206438    -74.19     94.55      1.53
   288108.466723 13.889507  0.000682 58.161424    -94.95   -116.45     -1.61
   288201.589728 13.888806  0.000464 58.772738   -115.99     89.27     -5.32
   288294.712732 13.890818  0.000637 60.164502   -135.97    -10.03     -9.73
   288387.835737 13.891620  0.000693 61.579802   -154.85    -68.22      0.61
   288480.958741 13.891631  0.000555 62.802757   -172.51    -47.84    -12.62
   288574.081745 13.893262  0.000684 62.402903    170.28      7.07     -5.01
   288667.204750 13.893746  0.000687 60.870017    152.11    122.02      0.38
   288760.327754 13.893631  0.000540 59.422253    132.64    -47.01    -13.19
   288853.450759 13.894889  0.000631 58.275436    111.95   -178.84     -6.71
   288946.573763 13.895695  0.000666 58.659964     90.67    111.64     -4.63
   289039.696768 13.894625  0.000391 60.474120     70.64     97.38     -2.63
   289132.819772 13.896293  0.000583 61.910624     52.18    138.15      0.15
   289225.942776 13.896663  0.000515 62.709683     34.71   -122.25      1.01
   289319.065781 13.898877  0.000674 62.077073     17.47     25.93      9.49
   289412.188785 13.899230  0.000683 60.018937     -1.13   -109.98      0.75
   289505.311790 13.900485  0.000712 58.612037    -21.60    163.02      2.30
   289598.434794 13.899755  0.000537 58.516471    -42.77    148.97    -11.71
   289691.557799 13.900572  0.000602 59.658942    -63.50    165.63      1.43
   289784.680803 13.900367  0.000430 61.821522    -82.45   -108.47      1.75
   289877.803807 13.903198  0.000713 62.757528    -99.66     30.91      4.55
   289970.926812 13.902867  0.000634 61.871630   -116.95   -120.56     -2.92
   290064.049816 13.904134  0.000641 60.242173   -135.51    147.63    -11.27
   290157.172821 13.903810  0.000544 58.490197   -155.91     89.36      6.10
   290250.295825 13.905471  0.000678 58.444011   -177.54    116.58     -1.88
   290343.418830 13.906998  0.000719 60.388659    162.06   -173.50      4.42
   290436.541834 13.905908  0.000569 62.081101    143.76    -32.83     -3.14
   290529.664838 13.907713  0.000704 62.596235    126.61    153.67      2.07
   290622.787843 13.907905  0.000595 61.451512    109.23     32.04     13.68
   290715.910847 13.908262  0.000604 59.085733     89.78      0.53     -4.11
   290809.033852 13.909578  0.000653 58.290020     68.27      0.86      7.47
   290902.156856 13.909042  0.000487 59.534176     47.17     67.82     10.54
   290995.279860 13.910466  0.000633 61.438320     27.96   -150.71     -2.54
   291088.402865 13.911034  0.000575 62.775498     10.71     23.57      9.70
   291181.525869 13.910749  0.000439 61.826088     -6.23    -84.68      3.09
   291274.648874 13.912548  0.000639 59.382326    -25.31   -130.98     -3.51
   291367.771878 13.912385  0.000470 58.392904    -46.67   -137.72     11.84
   291460.894883 13.913049  0.000496 59.294846    -68.00    -56.13     -1.75
   291554.017887 13.914478  0.000615 61.437433    -87.43     73.35     -3.91
   291647.140891 13.914112  0.000427 62.862262   -104.48   -112.52      7.16
   291740.263896 13.915475  0.000551 61.529427   -121.43    144.51     -4.68
   291833.386900 13.916738  0.000630 59.160206   -140.87     92.50     -4.48
   291926.509905 13.915981  0.000394 58.441927   -162.43    102.64     -4.85
   292019.632909 13.917777  0.000592 59.685458    176.37    172.23     -4.31
   292112.755914 13.919091  0.000655 62.059548    157.63    -56.14     -6.37
   292205.878918 13.918710  0.000498 62.725990    141.04    139.22    -13.70
   292299.001922 13.920072  0.000631 60.577812    123.43     19.16     -3.51
   292392.124927 13.921825  0.000713 58.593967    102.86    -28.31     -2.20
   292485.247931 13.922119  0.000662 58.802836     81.05     -6.78     -8.39
   292578.370936 13.922393  0.000668 60.866001     60.84     63.28     -2.49
   292671.493940 13.923473  0.000668 62.768876     43.52   -172.61      8.64
   292764.616945 13.924559  0.000711 61.746922     26.89     27.88      3.81
   292857.739949 13.924687  0.000693 59.053289      7.49    -68.75      0.62
   292950.862953 13.923526  0.000397 58.478437    -14.44   -109.01      4.61
   293043.985958 13.925105  0.000555 60.225881    -35.40    -84.94      5.03
   293137.108962 13.926208  0.000621 62.378909    -53.42      0.85      4.27
   293230.231967 13.927772  0.000676 62.262169    -69.87    159.74     -9.16
   293323.354971 13.927830  0.000636 59.545864    -88.42      5.53     -5.80
   293416.477975 13.928274  0.000615 58.215019   -110.33    -78.79     -6.59
   293509.600980 13.928067  0.000460 60.138236   -131.68   -121.70     12.53
   293602.723984 13.929643  0.000637 62.256990   -149.78    -76.13      3.52
   293695.846989 13.930214  0.000587 62.173468   -166.31     17.24      8.74
   293788.969993 13.932376  0.000734 59.710106    175.22   -171.11     -0.83
   293882.092998 13.931992  0.000663 58.140895    153.30     58.98     -2.64
   293975.216002 13.933524  0.000720 60.267462    131.85    -13.53      0.99
   294068.339006 13.933394  0.000635 62.593686    114.20    -12.55     -9.28
   294161.462011 13.933606  0.000625 61.729835     97.73     34.59     -2.60
   294254.585015 13.935622  0.000717 59.266669     78.48    156.76     -5.51
   294347.708020 13.934948  0.000576 58.448090     56.37    -15.04     -9.18
   294440.831024 13.935352  0.000573 60.756985     35.50   -135.22     -1.00
   294533.954029 13.937920  0.000734 62.851881     18.53    173.73     -1.67
   294627.077033 13.937516  0.000655 61.066414      1.84   -171.02     -5.14
   294720.200037 13.937677  0.000600 58.446475    -18.76    -91.58     -5.08
   294813.323042 13.938553  0.000576 59.229498    -41.07     34.71     12.98
   294906.446046 13.939551  0.000674 61.796359    -60.26   -109.37      3.27
   294999.569051 13.940602  0.000697 62.395612    -76.64    159.98      2.97
   295092.692055 13.940390  0.000553 59.921146    -94.65    151.35    -14.47
   295185.815060 13.940939  0.000591 58.148282   -116.72   -178.84     -2.20
   295278.938064 13.941487  0.000541 60.578352   -138.18    -64.25    -10.21
   295372.061068 13.941573  0.000461 62.760770   -155.22     87.88      4.88
   295465.184073 13.943171  0.000627 60.971415   -171.88    -37.52      2.82
   295558.307077 13.942851  0.000446 58.540326    167.42    -88.13     -5.90
   295651.430082 13.943871  0.000505 59.383760    145.11    -94.19      6.67
   295744.553086 13.945313  0.000640 62.106723    126.35    -21.13      3.37
   295837.676090 13.945402  0.000513 62.158124    110.26    129.61    -14.55
   295930.799095 13.945965  0.000515 59.018185     91.21    -40.76     -4.02
   296023.922099 13.946767  0.000543 58.596215     68.38   -135.15     -0.05
   296117.045104 13.949219  0.000708 61.785684     48.51   -168.67      5.77
   296210.168108 13.949222  0.000685 62.376839     32.44   -129.13      1.53
   296303.291113 13.950021  0.000686 59.563213     14.18    -26.64      2.56
   296396.414117 13.950459  0.000627 58.533538     -8.17    159.96    -11.93
   296489.537121 13.950877  0.000654 61.018165    -28.96     28.84     -3.53
   296582.660126 13.952327  0.000715 62.634291    -45.45    -30.93     -3.04
   296675.783130 13.952450  0.000629 60.097675    -62.86    -15.13    -11.81
   296768.906135 13.952890  0.000651 58.156384    -85.19     54.60     -3.57
   296862.029139 13.954125  0.000670 61.028373   -106.46   -173.46      8.30
   296955.152144 13.954832  0.000678 62.705927   -122.78     35.12      5.87
   297048.275148 13.954948  0.000656 59.907587   -140.23    -47.49      3.05
   297141.398152 13.955254  0.000561 58.424065   -162.56    -46.02    -13.22
   297234.521157 13.956398  0.000645 60.993197    176.38     -1.34     -7.12
   297327.644161 13.957172  0.000683 62.492232    159.92    109.39     -2.58
   297420.767166 13.956488  0.000450 59.985926    142.34    -57.43    -12.84
   297513.890170 13.958332  0.000639 58.308739    119.87   -170.57     -5.66
   297607.013175 13.959542  0.000696 61.311101     98.98    144.95     -0.19
   297700.136179 13.960726  0.000711 62.606489     83.06    173.79     -4.88
   297793.259183 13.960404  0.000651 59.244775     64.82   -101.06      3.80
   297886.382188 13.959997  0.000493 58.668073     41.73     71.75     -2.93
   297979.505192 13.960510  0.000451 62.048518     22.12    -49.92    -10.74
   298072.628197 13.962545  0.000685 61.869663      6.33   -123.00     -1.46
   298165.751201 13.961715  0.000442 58.785062    -13.35   -120.37      3.52
   298258.874205 13.963019  0.000534 59.390727    -36.22    -28.47    -10.62
   298351.997210 13.964561  0.000685 62.343592    -54.54    104.31     -0.07
   298445.120214 13.965369  0.000639 61.228842    -70.60    -36.24     -9.49
   298538.243219 13.965979  0.000649 58.293053    -91.78   -131.02      7.41
   298631.366223 13.965900  0.000589 60.353717   -114.12   -128.43     -2.57
   298724.489228 13.965845  0.000449 62.805751   -130.64    -62.13    -12.28
   298817.612232 13.968212  0.000688 59.759928   -147.91     47.15      4.30
   298910.735236 13.967758  0.000560 58.441609   -170.99   -103.28     -4.94
   299003.858241 13.969868  0.000688 62.011578    169.01    167.38     -9.19
   299096.981245 13.969128  0.000573 61.818396    153.42    129.86      0.84
   299190.104250 13.970754  0.000657 58.510553    133.29    170.95      5.74
   299283.227254 13.969799  0.000439 59.946465    110.45    -57.59     -8.76
   299376.350259 13.971526  0.000632 62.532726     93.21    113.04      3.24
   299469.473263 13.972699  0.000647 60.210210     76.38      0.95      7.77
   299562.596267 13.973181  0.000608 58.486875     53.80    -13.52    -11.70
   299655.719272 13.973264  0.000601 61.587417     33.22     10.05     -0.15
   299748.842276 13.973812  0.000531 62.027175     17.61    123.16    -11.84
   299841.965281 13.973980  0.000474 58.507647     -2.36    -77.21      2.89
   299935.088285 13.975499  0.000617 59.933494    -25.41    169.61      4.02
   300028.211290 13.976216  0.000575 62.807022    -42.17    139.81    -13.04
   300121.334294 13.976621  0.000565 59.678563    -59.32    158.13     -7.71
   300214.457298 13.977314  0.000583 58.615107    -82.71   -104.44     -5.12
   300307.580303 13.977673  0.000505 62.434866   -101.93     41.59     15.72
   300400.703307 13.978519  0.000570 61.069544   -117.54    -71.28      3.62
   300493.826312 13.978796  0.000505 58.213463   -139.45   -114.10     -2.01
   300586.949316 13.979101  0.000425 61.328202   -161.02   -102.17      7.68
   300680.072320 13.980721  0.000603 62.084938   -176.62     -3.49     -2.38
   300773.195325 13.982625  0.000703 58.609448    163.71    156.56      0.97
   300866.318329 13.983253  0.000691 60.094411    140.69     27.21      7.07
   300959.441334 13.982691  0.000608 62.499897    123.97    -22.90      1.14
   301052.564338 13.984789  0.000712 59.476580    106.31     -9.27      3.97
   301145.687343 13.983618  0.000511 59.091638     82.94     78.00      8.72
   301238.810347 13.984948  0.000638 62.425793     64.59   -109.11     -3.39
   301331.933351 13.985294  0.000535 60.426257     48.35    131.27    -12.93
   301425.056356 13.986615  0.000643 58.467358     25.44     59.62      6.48
   301518.179360 13.986946  0.000627 62.075882      5.51     88.91     -4.40
   301611.302365 13.989028  0.000731 61.210989     -9.98    173.14     -1.82
   301704.425369 13.987884  0.000556 58.195221    -32.06    -19.37     -5.12
   301797.548374 13.988485  0.000553 61.648316    -53.29   -153.24      5.54
   301890.671378 13.990537  0.000673 61.769784    -68.52    166.44    -10.03
   301983.794382 13.990065  0.000592 58.120372    -89.78   -178.12     -3.73
   302076.917387 13.990358  0.000522 61.287345   -111.86    -78.31     -7.82
   302170.040391 13.990783  0.000474 62.080854   -127.10     66.14     10.36
   302263.163396 13.992152  0.000610 58.174824   -147.68    -46.73      3.59
   302356.286400 13.992059  0.000474 61.015921   -170.27    -79.48     -8.34
   302449.409405 13.992517  0.000451 62.231390    174.39    -60.39     -5.10
   302542.532409 13.994019  0.000599 58.240211    154.20     37.94     -3.27
   302635.655413 13.995324  0.000624 60.907618    131.38   -162.38     12.65
   302728.778418 13.994998  0.000530 62.219169    115.94     87.12      6.20
   302821.901422 13.995847  0.000571 58.297949     95.86     57.56     -3.08
   302915.024427 13.995582  0.000395 60.918893     73.06     92.41     -1.28
   303008.147431 13.998136  0.000674 62.132132     57.63   -160.79     -3.33
   303101.270435 13.997953  0.000570 58.295832     37.38     14.15      4.96
   303194.393440 13.997521  0.000386 61.076375     14.76    -79.42     -2.87
   303287.516444 14.000057  0.000685 61.934889     -0.58   -117.33      2.42
   303380.639449 14.000427  0.000621 58.286384    -21.32    -59.70     -8.71
   303473.762453 14.001107  0.000605 61.345689    -43.50     40.37     12.51
   303566.885458 14.001939  0.000677 61.614190    -58.74   -114.97     -1.06
   303660.008462 14.003386  0.000713 58.294507    -80.19    156.87     -2.14
   303753.131466 14.002475  0.000540 61.730379   -101.63    149.95    -10.33
   303846.254471 14.003274  0.000601 61.141535   -116.86   -163.05     -1.62
   303939.377475 14.005380  0.000707 58.403464   -139.25    -22.88     -5.57
   304032.500480 14.005571  0.000677 62.154125   -159.56   -173.29     -6.01
   304125.623484 14.005982  0.000682 60.472311   -175.15    104.37     -2.07
   304218.746489 14.004975  0.000415 58.753686    161.56    117.02    -12.20
   304311.869493 14.007056  0.000643 62.472740    142.76   -175.48     -5.45
   304404.992497 14.008154  0.000688 59.665590    126.27    -33.92      1.75
   304498.115502 14.009463  0.000705 59.406223    102.44   -167.74      5.12
   304591.238506 14.008395  0.000568 62.541473     85.35    137.49      0.05
   304684.361511 14.010369  0.000702 58.840050     67.21    153.18      1.79
   304777.484515 14.009386  0.000477 60.413784     43.65   -121.92     13.83
   304870.607520 14.011238  0.000684 62.099965     28.00     60.26     -1.04
   304963.730524 14.011983  0.000643 58.343885      7.56    -43.80     -9.48
   305056.853528 14.011236  0.000471 61.553994    -14.52    -95.49      6.58
   305149.976533 14.012992  0.000652 61.085154    -29.65    -55.30      2.51
   305243.099537 14.012350  0.000429 58.492204    -52.41     59.55      6.17
   305336.222542 14.013812  0.000559 62.458833    -71.90   -111.27      9.01
   305429.345546 14.014717  0.000616 59.658864    -88.10    161.29      3.46
   305522.468550 14.016581  0.000693 59.528084   -112.13    162.05     -7.62
   305615.591555 14.016910  0.000703 62.535430   -128.75   -145.41      0.33
   305708.714559 14.016963  0.000631 58.451499   -147.77    -10.75      5.89
   305801.837564 14.018102  0.000651 61.162134   -170.82   -156.22     11.26
   305894.960568 14.017628  0.000566 61.466067    174.18    148.10     -2.02
   305988.083573 14.019554  0.000686 58.288447    151.74    157.90      2.97
   306081.206577 14.018615  0.000478 62.533957    131.91   -121.73     12.04
   306174.329581 14.020504  0.000681 59.604482    115.87     55.62     -0.81
   306267.452586 14.021073  0.000630 59.613925     91.61    -47.14     -9.01
   306360.575590 14.020376  0.000456 62.560121     75.48   -106.91     10.41
   306453.698595 14.022261  0.000656 58.177288     55.66    -58.74      3.36
   306546.821599 14.021554  0.000435 61.707396     33.23     57.43      8.34
   306639.944604 14.022963  0.000544 60.870015     18.34   -110.27      8.92
   306733.067608 14.023840  0.000601 58.615591     -5.32    173.38      4.00
   306826.190612 14.026038  0.000728 62.786936    -23.24    171.09     -1.50
   306919.313617 14.025756  0.000653 58.717798    -41.05   -126.67      6.49
   307012.436621 14.025459  0.000557 60.802788    -64.74     31.28      2.76
   307105.559626 14.025207  0.000383 61.620125    -79.65   -107.47      6.91
   307198.682630 14.027793  0.000672 58.321813   -102.34   -146.72     -3.57
   307291.805635 14.027156  0.000510 62.571725   -121.51   -125.30      1.98
   307384.928639 14.029492  0.000665 59.157474   -138.50    -10.78     -9.06
   307478.051643 14.028901  0.000586 60.442129   -162.40    169.78     -1.24
   307571.174648 14.029010  0.000482 61.667726   -177.56     70.12     -0.54
   307664.297652 14.030765  0.000600 58.470076    160.09     42.77     12.01
   307757.420657 14.031417  0.000664 62.421084    140.80    115.14      2.43
   307850.543661 14.030575  0.000415 59.075012    123.63   -100.10     -1.63
   307943.666665 14.031579  0.000478 60.735400     99.91    127.17     -4.09
   308036.789670 14.033104  0.000622 61.312459     84.84     64.91     -3.26
   308129.912674 14.032436  0.000389 58.648977     61.89     86.32     -0.50
   308223.035679 14.035009  0.000664 62.604557     43.52   -169.42     -4.59
   308316.158683 14.034959  0.000588 58.544877     25.45      2.35      4.35
   308409.281688 14.034375  0.000380 61.425243      2.22    -88.59     -0.36
   308502.404692 14.036828  0.000660 60.746435    -12.60   -115.94      4.95
   308595.527696 14.037892  0.000695 58.961517    -36.63    -41.66     -3.14
   308688.650701 14.036302  0.000381 62.675293    -53.44     94.47      0.89
   308781.773705 14.038089  0.000582 58.127198    -73.25    -43.93      2.70
   308874.896710 14.038171  0.000478 62.133264    -95.06    -90.10     -5.15
   308968.019714 14.038521  0.000418 59.830977   -110.55    -72.55     -1.66
   309061.142719 14.040298  0.000616 59.916536   -134.94     38.13     -2.84
   309154.265723 14.040676  0.000539 61.887841   -150.25   -152.59     11.25
   309247.388727 14.040727  0.000463 58.448780   -172.59    135.03     -7.07
   309340.511732 14.042739  0.000686 62.484158    168.56    116.18      0.27
   309433.634736 14.044369  0.000722 58.665521    150.39   -179.42      4.78
   309526.757741 14.043407  0.000580 61.587052    127.60    -14.48     -6.58
   309619.880745 14.043797  0.000557 60.091698    112.36   -153.21      2.06
   309713.003750 14.046197  0.000702 59.866629     88.07    171.92     -5.04
   309806.126754 14.046060  0.000668 61.901867     72.61   -157.18     -3.20
   309899.249758 14.047022  0.000689 58.315040     50.25    -39.21     -0.56
   309992.372763 14.047853  0.000682 62.780456     31.51    168.42     -9.30
   310085.495767 14.047935  0.000671 58.330379     13.22     77.53      2.40
   310178.618772 14.047296  0.000480 61.878386     -9.53     93.33     -6.53
   310271.741776 14.049786  0.000676 59.922695    -24.75    177.10     -7.94
   310364.864780 14.049246  0.000599 60.057096    -49.24    -20.61      2.34
   310457.987785 14.049446  0.000499 61.561325    -64.30   -141.07     10.38
   310551.110789 14.051889  0.000709 58.778857    -87.51   -155.87      1.05
   310644.233794 14.051659  0.000662 62.360896   -104.82    -97.70     -2.54
   310737.356798 14.051979  0.000559 58.340091   -125.18     24.87     14.32
   310830.479803 14.052563  0.000586 62.447619   -145.62   -106.19      7.28
   310923.602807 14.052893  0.000557 58.665659   -162.85   -158.79      3.00
   311016.725811 14.053635  0.000524 61.672049    173.84   -141.04     15.56
   311109.848816 14.054393  0.000573 59.955782    158.83    -13.71     -4.81
   311202.971820 14.055739  0.000643 60.105233    134.20    173.73      6.10
   311296.094825 14.054627  0.000390 61.546532    119.32     92.07      1.04
   311389.217829 14.056808  0.000644 58.777333     95.72     93.20      3.75
   311482.340834 14.057974  0.000680 62.357302     78.97    173.66      5.68
   311575.463838 14.058879  0.000673 58.367473     57.74     -3.12     -8.77
   311668.586842 14.058787  0.000664 62.462614     38.47   -117.93     -2.41
   311761.709847 14.059057  0.000550 58.418335     19.70   -158.19     12.88
   311854.832851 14.059067  0.000491 62.281677     -1.94    -90.16      5.47
   311947.955856 14.060404  0.000611 58.832774    -18.45     60.58     -3.87
   312041.078860 14.060288  0.000459 61.565988    -42.13    -60.57    -11.82
   312134.201865 14.062311  0.000655 59.934049    -57.07   -131.13      6.63
   312227.324869 14.062659  0.000642 60.316541    -81.71    -78.84     -4.98
   312320.447873 14.063635  0.000631 61.105160    -96.48     19.86     13.08
   312413.570878 14.064353  0.000683 59.359902   -120.65   -120.28      1.87
   312506.693882 14.064987  0.000678 61.741981   -136.31    164.73      4.13
   312599.816887 14.066503  0.000727 58.868480   -159.36   -173.44     -0.65
   312692.939891 14.065754  0.000637 62.212186   -176.22    -80.25      3.53
   312786.062895 14.066275  0.000579 58.343486    162.05    118.93     -9.09
   312879.185900 14.068271  0.000719 62.710027    143.68     15.30      2.72
   312972.308904 14.067371  0.000589 58.051060    123.71     15.93     -2.73
   313065.431909 14.067242  0.000449 62.672541    103.45    103.60     -9.63
   313158.554913 14.068457  0.000530 58.381188     85.25   -113.80     11.57
   313251.677918 14.069774  0.000653 62.217904     63.46    147.51      3.18
   313344.800922 14.070131  0.000555 58.772947     46.42    138.49    -13.43
   313437.923926 14.071397  0.000664 61.967557     23.72   -166.45     -4.32
   313531.046931 14.071884  0.000653 58.928625      7.54    -28.84      3.61
   313624.169935 14.072815  0.000645 61.751935    -16.05   -160.03     11.48
   313717.292940 14.072656  0.000593 59.388637    -31.36    173.90     -6.37
   313810.415944 14.072857  0.000528 61.152099    -55.71   -148.39      5.87
   313903.538949 14.075311  0.000703 60.013856    -70.60     -6.95     -7.68
   313996.661953 14.074790  0.000634 60.657794    -95.07   -149.12     -3.49
   314089.784957 14.076385  0.000703 60.242378   -110.01    151.15     -2.56
   314182.907962 14.077127  0.000704 60.565692   -134.43   -173.34     -3.70
   314276.030966 14.076831  0.000648 60.359567   -149.26    -66.08      3.04
   314369.153971 14.078226  0.000676 60.318227   -173.90    151.97     -6.54
   314462.276975 14.077597  0.000541 60.791847    171.42     60.39     11.75
   314555.399980 14.078953  0.000669 59.895180    146.77     97.07     -2.69
   314648.522984 14.080259  0.000687 61.019197    131.88   -173.11      8.64
   314741.645988 14.080691  0.000693 59.865281    107.53     32.05     -1.19
   314834.768993 14.081095  0.000685 60.859888     92.46    -52.14     -1.05
   314927.891997 14.081169  0.000571 60.017401     68.09    -29.08    -14.17
   315021.015002 14.082398  0.000684 60.897992     53.21     45.66      0.90
   315114.138006 14.081714  0.000507 59.852012     28.62   -129.94      2.09
   315207.261010 14.083009  0.000562 61.078346     13.79    151.65    -14.80
   315300.384015 14.083377  0.000586 59.823723    -10.68    134.44      2.66
   315393.507019 14.083809  0.000519 60.836427    -25.70   -151.55      9.58
   315486.630024 14.086087  0.000699 60.198125    -50.09     27.52      5.89
   315579.753028 14.085965  0.000663 60.468569    -64.99    -72.11      2.04
   315672.876033 14.085441  0.000467 60.446790    -89.64    -67.07    -10.73
   315765.999037 14.087617  0.000657 60.413967   -104.31      1.17     -7.04
   315859.122041 14.087555  0.000619 60.494175   -129.02    159.33      3.68
   315952.245046 14.087469  0.000482 60.173858   -143.87     37.92     14.22
   316045.368050 14.089688  0.000700 60.934865   -168.24     35.75      1.11
   316138.491055 14.089875  0.000660 59.554936    176.56    107.93     -4.25
   316231.614059 14.088668  0.000374 61.534235    152.41    -99.95      5.53
   316324.737064 14.090290  0.000550 59.147756    137.03    152.06     -2.69
   316417.860068 14.092015  0.000665 61.773002    113.18    134.00     -4.68
   316510.983072 14.093450  0.000712 58.961873     97.20   -170.51      1.69
   316604.106077 14.092372  0.000589 62.033463     74.30    -10.39     -1.69
   316697.229081 14.092439  0.000477 58.491825     57.10   -136.98      6.62
   316790.352086 14.095228  0.000718 62.565568     35.48   -160.51      3.82
   316883.475090 14.095015  0.000674 58.078451     17.01    -94.60     -0.89
   316976.598095 14.094298  0.000461 62.713425     -3.37     44.86     11.75
   317069.721099 14.094865  0.000459 58.225797    -23.20    -61.78     -1.00
   317162.844103 14.096721  0.000647 62.362004    -41.99    -89.71     -2.84
   317255.967108 14.098067  0.000660 58.595479    -63.64    -22.05     -8.71
   317349.090112 14.097043  0.000507 62.078536    -80.55    116.39      0.43
   317442.213117 14.098483  0.000614 58.928650   -103.90     -5.74      5.95
   317535.336121 14.099768  0.000645 61.575685   -119.49    -20.95    -12.18
   317628.459125 14.100175  0.000671 59.733227   -143.71     33.59     -3.12
   317721.582130 14.100842  0.000659 60.459682   -158.79    171.72      5.91
   317814.705134 14.100700  0.000532 60.965678    176.76     48.24     13.50
   317907.828139 14.101713  0.000629 59.338768    161.63     32.99     -3.63
   318000.951143 14.101537  0.000491 61.851202    137.66    102.92     -8.17
   318094.074148 14.102665  0.000545 58.714535    121.41   -128.19     12.08
   318187.197152 14.103672  0.000649 62.291518     99.23    126.33      2.75
   318280.320156 14.103306  0.000466 58.298681     80.54    115.34    -13.06
   318373.443161 14.105173  0.000637 62.587852     61.08    174.94     -8.56
   318466.566165 14.105861  0.000665 58.291265     39.65    -39.29      3.16
   318559.689170 14.106711  0.000633 62.160859     22.67   -163.30     11.78
   318652.812174 14.107097  0.000642 59.242679     -0.79   -165.75     -5.07
   318745.935179 14.107086  0.000577 60.782156    -16.16   -100.23     -4.31
   318839.058183 14.107432  0.000494 60.786989    -40.65     45.43     14.26
   318932.181187 14.108099  0.000541 59.397627    -55.69    -53.96      1.99
   319025.304192 14.109532  0.000630 61.901885    -79.62    -56.45     -7.95
   319118.427196 14.111456  0.000733 58.563099    -96.37      8.29      0.04
   319211.550201 14.110227  0.000594 62.420870   -117.63    178.11     -1.25
   319304.673205 14.109957  0.000418 58.304053   -137.76     79.63     -3.05
   319397.796210 14.111613  0.000554 62.308867   -155.51     54.63     11.03
   319490.919214 14.112387  0.000612 58.975506   -178.72    148.34      3.52
   319584.042218 14.113962  0.000674 61.033801    165.85    -28.38     -7.73
   319677.165223 14.114246  0.000651 60.718365    141.43   -131.71      6.44
   319770.288227 14.114013  0.000582 59.145606    126.06   -125.07     -3.38
   319863.411232 14.115769  0.000650 62.320216    102.73    -21.90    -11.37
   319956.534236 14.115078  0.000536 58.175373     85.04    154.87     -5.12
   320049.657240 14.115662  0.000539 62.487227     64.95     71.02     -2.95
   320142.780245 14.115629  0.000405 58.717828     43.41     69.36     10.16
   320235.903249 14.117424  0.000604 61.418531     27.14   -176.02     -4.18
   320329.026254 14.118153  0.000586 60.184588      2.69     11.31      8.69
   320422.149258 14.117997  0.000463 59.794052    -12.22    -41.49    -13.61
   320515.272263 14.119117  0.000595 61.809892    -36.06    -31.50      1.93
   320608.395267 14.118893  0.000435 58.353682    -53.50     90.86     -6.53
   320701.518271 14.119514  0.000437 62.628333    -73.58    -63.53     -3.57
   320794.641276 14.121229  0.000608 58.453878    -95.30   -119.05     -3.98
   320887.764280 14.120692  0.000409 61.506441   -111.51    -84.87     -5.24
   320980.887285 14.123361  0.000680 60.433330   -135.79     39.66      2.68
   321074.010289 14.123302  0.000630 59.172677   -151.14    -93.64     -4.20
   321167.133294 14.123891  0.000569 62.425197   -174.31   -152.61     14.13
   321260.256298 14.124278  0.000582 58.108561    167.30    -95.87      6.71
   321353.379302 14.124416  0.000523 62.264211    148.37     55.95     -0.68
   321446.502307 14.124547  0.000414 59.375743    125.42    -50.91    -12.91
   321539.625311 14.126655  0.000654 60.320040    110.16    -98.22      3.61
   321632.748316 14.128023  0.000703 61.519414     85.66    -22.62     -0.72
   321725.871320 14.127166  0.000506 58.559212     69.28    147.95    -12.88
   321818.994325 14.128246  0.000629 62.424671     48.35     35.13     -3.06
   321912.117329 14.129129  0.000594 58.669676     26.85     12.97     11.22
   322005.240333 14.128313  0.000425 61.278205     10.88    106.04     -0.15
   322098.363338 14.130595  0.000679 60.692286    -13.71    -69.66     -0.43
   322191.486342 14.131526  0.000643 58.951367    -29.44   -169.67     11.09
   322284.609347 14.132232  0.000692 62.510131    -51.34   -147.94      0.33
   322377.732351 14.132641  0.000673 58.265680    -71.89    -43.14      1.27
   322470.855355 14.133688  0.000678 61.683519    -88.59    163.85     -8.53
   322563.978360 14.133246  0.000602 60.459515   -112.85     88.76      4.87
   322657.101364 14.134516  0.000665 58.908910   -128.49    124.62     -3.57
   322750.224369 14.133644  0.000453 62.664180   -150.71   -125.73     14.11
   322843.347373 14.135147  0.000615 58.206829   -170.94    105.18      4.76
   322936.470378 14.134771  0.000452 61.517506    172.14     63.93      0.89
   323029.593382 14.135349  0.000440 60.762461    147.93    128.83     -8.49
   323122.716386 14.137457  0.000668 58.663389    132.17    -94.17     -0.27
   323215.839391 14.138768  0.000689 62.658704    110.25    156.53     -4.94
   323308.962395 14.137496  0.000474 58.550615     89.48    139.30     -7.24
   323402.085400 14.138586  0.000580 60.935835     73.15   -153.46     -0.82
   323495.208404 14.140446  0.000656 61.333421     48.72     11.44     10.28
   323588.331409 14.139404  0.000490 58.414965     32.43    -78.40      5.51
   323681.454413 14.141254  0.000666 62.428067     11.71    -62.97     -3.81
   323774.577417 14.142102  0.000632 59.202280    -10.55     23.71     12.52
   323867.700422 14.142659  0.000674 60.134419    -25.95   -130.10      0.49
   323960.823426 14.143433  0.000679 61.944614    -50.08    165.05      3.67
   324053.946431 14.144700  0.000708 58.296736    -68.06   -165.99      4.09
   324147.069435 14.143588  0.000576 61.908850    -86.45    -36.12      1.07
   324240.192440 14.145076  0.000629 60.199235   -110.44   -175.88      9.38
   324333.315444 14.145414  0.000584 59.147471   -125.76    164.50    -13.14
   324426.438448 14.145641  0.000606 62.384219   -148.07   -145.06     -2.41
   324519.561453 14.147615  0.000682 58.696414   -169.08      2.04      7.72
   324612.684457 14.146726  0.000541 60.784039    175.03   -110.20      9.83
   324705.807462 14.147664  0.000611 61.530579    150.65   -101.39     -4.19
   324798.930466 14.149678  0.000704 58.327868    133.15    -14.13     -5.12
   324892.053470 14.148974  0.000596 62.093367    114.43    172.51     -7.17
   324985.176475 14.149580  0.000603 60.057544     90.51     99.06     -6.56
   325078.299479 14.149002  0.000405 59.109284     75.02    123.70    -13.76
   325171.422484 14.151375  0.000683 62.441788     53.18   -129.56     -0.04
   325264.545488 14.150818  0.000506 58.834045     31.48     97.50     -8.25
   325357.668493 14.152731  0.000639 60.379606     15.92     29.43     10.92
   325450.791497 14.153030  0.000663 61.952257     -7.93     94.99      1.69
   325543.914501 14.152210  0.000430 58.262249    -26.91   -114.59      2.10
   325637.037506 14.153394  0.000505 61.552740    -44.08    146.53    -12.02
   325730.160510 14.154881  0.000656 60.987562    -68.45    123.94      2.33
   325823.283515 14.155412  0.000581 58.404870    -85.29   -163.17     13.52
   325916.406519 14.156804  0.000701 62.254192   -104.65     31.75      2.79
   326009.529524 14.157017  0.000673 59.976960   -128.38    -40.22      1.92
   326102.652528 14.158409  0.000694 58.996488   -144.02    -13.23     -6.22
   326195.775532 14.157357  0.000562 62.475106   -165.40     98.42      4.31
   326288.898537 14.159076  0.000683 59.157414    172.21    -35.00      0.37
   326382.021541 14.157576  0.000380 59.746189    156.80    -72.57     -6.72
   326475.144546 14.159228  0.000578 62.350720    133.95    -16.13     -2.58
   326568.267550 14.161147  0.000689 58.637906    113.04    144.35     -4.27
   326661.390555 14.161847  0.000674 60.437275     97.21     24.98      8.25
   326754.513559 14.161345  0.000614 62.032599     73.46     35.55     -2.84
   326847.636563 14.162425  0.000606 58.395209     53.90    139.16    -10.77
   326940.759568 14.162253  0.000524 60.954297     37.38    -28.54    -10.89
   327033.882572 14.163498  0.000638 61.698694     13.20    -97.91     -2.83
   327127.005577 14.163303  0.000483 58.304493     -5.30    -53.22    -13.85
   327220.128581 14.164785  0.000614 61.308021    -22.56     57.12      7.90
   327313.251585 14.165759  0.000680 61.424570    -46.89    -54.65     -1.84
   327406.374590 14.164218  0.000351 58.311380    -64.68    -77.35     -6.44
   327499.497594 14.166257  0.000592 61.479885    -82.56     -5.29     -5.62
   327592.620599 14.167794  0.000679 61.288507   -106.86    164.20      3.74
   327685.743603 14.166450  0.000405 58.300961   -124.22     71.02      9.74
   327778.866608 14.168471  0.000635 61.559623   -142.50     91.89      3.18
   327871.989612 14.168560  0.000533 61.249845   -166.72   -155.07     10.03
   327965.112616 14.169003  0.000503 58.274007    176.05     54.82     14.27
   328058.235621 14.169989  0.000607 61.542314    157.63     28.45     -3.01
   328151.358625 14.169433  0.000390 61.358289    133.47     93.41     -6.27
   328244.481630 14.171616  0.000608 58.182269    116.12   -126.18      9.82
   328337.604634 14.172322  0.000653 61.452736     97.80    139.92      2.75
   328430.727639 14.173399  0.000642 61.553347     73.73    157.27    -10.40
   328523.850643 14.173604  0.000630 58.104466     56.00   -118.74      5.65
   328616.973647 14.173917  0.000616 61.252565     38.09     94.09     -5.06
   328710.096652 14.175031  0.000616 61.832315     14.10     24.00     12.61
   328803.219656 14.175401  0.000642 58.076512     -4.32     76.92      4.37
   328896.342661 14.174932  0.000491 60.937309    -21.66   -137.04      4.18
   328989.465665 14.175246  0.000423 62.140594    -45.41    130.06    -11.23
   329082.588670 14.177164  0.000641 58.187734    -64.83    105.91      3.39
   329175.711674 14.177838  0.000608 60.456536    -81.46   -170.37      9.77
   329268.834678 14.179110  0.000672 62.411534   -104.73     30.24      5.70
   329361.957683 14.178729  0.000604 58.546027   -125.39    -30.86      3.97
   329455.080687 14.180455  0.000680 59.807588   -141.44      1.01      7.38
   329548.203692 14.179798  0.000552 62.547015   -163.84    160.02     -9.66
   329641.326696 14.180155  0.000540 59.211782    174.08     34.73      0.42
   329734.449700 14.182524  0.000684 59.104433    158.21      8.55      8.10
   329827.572705 14.181507  0.000556 62.363930    137.16    100.29      4.32
   329920.695709 14.182953  0.000645 60.190448    113.85    -56.68     -5.76
   330013.818714 14.183236  0.000563 58.489283     97.44   -146.98     13.74
   330106.941718 14.184045  0.000643 61.787433     78.17   -102.17      3.33
   330200.064723 14.183733  0.000500 61.306506     54.15     34.79      7.78
   330293.187727 14.183520  0.000368 58.271534     36.26    -79.42      0.54
   330386.310731 14.186049  0.000673 60.736596     18.81    -97.88      0.63
   330479.433736 14.187584  0.000718 62.294740     -4.93     -9.24      1.80
   330572.556740 14.187724  0.000667 58.666321    -25.02   -172.00     -6.09
   330665.679745 14.187926  0.000668 59.438898    -41.28    111.47      0.57
   330758.802749 14.189078  0.000674 62.672886    -63.46    158.22     -8.21
   330851.925754 14.187929  0.000493 59.790315    -85.84    -72.49      3.55
   330945.048758 14.189379  0.000607 58.349059   -102.32    166.48      5.11
   331038.171762 14.191154  0.000686 62.130404   -121.94    165.89     -8.17
   331131.294767 14.190987  0.000661 61.232727   -145.66   -112.72      3.32
   331224.417771 14.190565  0.000515 58.154490   -164.14     91.88     -8.16
   331317.540776 14.193135  0.000701 60.664154    178.87     13.88      4.76
   331410.663780 14.192774  0.000662 62.273673    155.65     63.50     -0.66
   331503.786785 14.192876  0.000550 59.195430    134.25   -160.87     10.76
   331596.909789 14.192359  0.000399 58.958106    118.27     90.99      4.92
   331690.032793 14.194604  0.000669 62.101829     97.55     90.19      0.35
   331783.155798 14.195840  0.000677 61.081263     73.96   -176.69      8.37
   331876.278802 14.196606  0.000699 58.163609     56.27     30.17      1.71
   331969.401807 14.196199  0.000632 60.555408     38.66    -26.75      3.95
   332062.524811 14.197272  0.000627 62.551351     15.40     18.59     12.56
   332155.647815 14.197661  0.000631 59.110602     -5.76   -166.71     -5.42
   332248.770820 14.197806  0.000587 58.661059    -22.15     92.15     -6.09
   332341.893824 14.197079  0.000368 62.275760    -42.38     92.67     -1.10
   332435.016829 14.199468  0.000650 61.190394    -65.95   -151.85     -3.49
   332528.139833 14.198799  0.000464 58.214162    -84.64     58.82      0.56
   332621.262838 14.201848  0.000719 60.240209   -101.43     13.13      3.68
   332714.385842 14.201368  0.000671 62.370898   -124.03     83.82      0.72
   332807.508846 14.200340  0.000406 60.019941   -146.46   -101.37     -1.10
   332900.631851 14.202930  0.000649 58.321260   -163.12    178.98     -8.47
   332993.754855 14.202481  0.000577 61.198001    178.08   -168.35     -0.34
   333086.877860 14.204147  0.000643 62.279921    154.50    -28.41    -10.33
   333180.000864 14.204936  0.000676 58.879299    134.10   -162.13     -4.07
   333273.123869 14.204673  0.000609 58.745879    117.60    164.65      4.90
   333366.246873 14.203863  0.000377 62.281015     97.15   -117.32     11.16
   333459.369877 14.205996  0.000620 61.351113     73.68     81.09      5.10
   333552.492882 14.206263  0.000559 58.301946     54.51     13.73      8.01
   333645.615886 14.206569  0.000496 59.750297     37.93     44.78     15.65
   333738.738891 14.207955  0.000640 62.318016     16.22   -147.41     -2.90
   333831.861895 14.208120  0.000554 60.807477     -6.97    117.06    -10.37
   333924.984900 14.207559  0.000386 58.257627    -24.82    106.97     -2.05
   334018.107904 14.209479  0.000611 60.036389    -42.17   -146.61     -3.75
   334111.230908 14.208933  0.000414 62.625148    -64.71     57.51      7.60
   334204.353913 14.211897  0.000705 60.318005    -87.11     25.50      0.82
   334297.476917 14.211689  0.000646 57.999064   -104.73     94.66     -3.54
   334390.599922 14.210572  0.000373 60.682139   -122.51    -99.06      1.46
   334483.722926 14.213048  0.000649 62.468183   -145.15   -170.67     -5.28
   334576.845930 14.212714  0.000533 59.989956   -167.53   -149.74      2.91
   334669.968935 14.215216  0.000701 58.300526    175.24     -9.46     -6.06
   334763.091939 14.215089  0.000677 60.550232    157.30   -136.27     -0.31
   334856.214944 14.214561  0.000536 62.487222    134.35   -153.63      7.82
   334949.337948 14.214941  0.000471 60.216988    112.29    -34.34    -15.00
   335042.460953 14.215924  0.000566 57.989271     94.84    148.94      2.26
   335135.583957 14.216308  0.000503 60.549895     76.84    109.78     -9.96
   335228.706961 14.217842  0.000607 62.595121     54.39    168.84    -10.10
   335321.829966 14.218128  0.000617 60.207851     31.87    -37.25      3.31
   335414.952970 14.217688  0.000434 58.242590     14.05   -134.87     11.95
   335508.075975 14.219071  0.000549 60.128368     -3.33   -116.02     11.00
   335601.198979 14.219494  0.000566 62.360647    -25.58     23.78      1.72
   335694.321984 14.218967  0.000346 61.026604    -48.40    -99.90      3.73
   335787.444988 14.221648  0.000654 58.152601    -66.84   -117.18      3.76
   335880.567992 14.222443  0.000667 59.419374    -84.05    -26.18      3.23
   335973.690997 14.223817  0.000715 62.414663   -105.18   -179.61     -2.19
   336066.814001 14.222662  0.000575 61.421251   -128.38    127.10      2.38
   336159.937006 14.224080  0.000627 58.654561   -148.19    178.68      8.18
   336253.060010 14.225332  0.000683 58.869792   -164.84     -2.94     -7.73
   336346.183015 14.225205  0.000670 61.499540    175.20    -96.88      0.42
   336439.306019 14.224808  0.000496 62.328861    151.90    -57.60    -13.23
   336532.429023 14.226347  0.000613 59.523377    130.86     52.17      8.84
   336625.552028 14.227097  0.000665 58.053496    113.51    -61.49      0.92
   336718.675032 14.226340  0.000448 60.700559     95.20    -59.21    -13.59
   336811.798037 14.228641  0.000686 62.481231     72.91     27.32     -0.59
   336904.921041 14.227912  0.000537 60.702824     50.17   -121.57     -1.92
   336998.044045 14.230572  0.000714 58.432683     31.58   -173.45      4.87
   337091.167050 14.229994  0.000642 59.089146     14.54   -111.00      5.25
   337184.290054 14.229448  0.000495 61.927938     -6.23     73.10     -2.97
   337277.413059 14.232208  0.000708 62.204426    -29.29      1.19     -4.88
   337370.536063 14.231485  0.000614 59.218703    -50.20     34.68     -3.89
   337463.659068 14.233178  0.000689 58.239204    -67.60    168.39      3.72
   337556.782072 14.232499  0.000542 60.520152    -85.76     50.77     12.26
   337649.905076 14.233500  0.000644 62.319846   -107.97     69.81     -2.20
   337743.028081 14.235196  0.000697 61.304658   -130.79    177.50      4.87
   337836.151085 14.235431  0.000682 58.545877   -150.01     38.85      4.77
   337929.274090 14.234669  0.000551 58.523177   -167.24     10.88      3.10
   338022.397094 14.234233  0.000362 61.463117    173.21    104.01     -8.12
   338115.520099 14.235838  0.000547 62.381064    150.50    -74.00      4.24
   338208.643103 14.236188  0.000497 60.393100    128.28   -124.74     -0.05
   338301.766107 14.236153  0.000382 58.371214    109.92    -64.14     -9.21
   338394.889112 14.238320  0.000629 58.998059     92.63     83.03      4.73
   338488.012116 14.239241  0.000640 61.745175     72.12     -4.35      6.91
   338581.135121 14.240518  0.000688 62.435059     49.30     22.52      6.35
   338674.258125 14.239569  0.000574 59.893586     27.64    163.63      1.96
   338767.381130 14.239678  0.000458 58.244531      9.41     37.47     12.81
   338860.504134 14.241898  0.000659 59.361908     -7.98     37.33      7.14
   338953.627138 14.241811  0.000625 61.715132    -28.72    149.60      3.50
   339046.750143 14.243453  0.000673 62.424543    -51.63      6.62      7.49
   339139.873147 14.242870  0.000575 60.008223    -73.03     -7.57     -7.75
   339232.996152 14.243119  0.000547 58.061081    -91.43     69.36     -4.63
   339326.119156 14.242709  0.000367 59.343917   -108.92   -116.32     11.00
   339419.242160 14.245148  0.000649 61.595355   -129.25   -157.36     -4.37
   339512.365165 14.244539  0.000488 62.379394   -152.19    -99.85     -4.11
   339605.488169 14.245592  0.000510 60.540367   -173.91     49.26     14.18
   339698.611174 14.246171  0.000557 58.151772    167.34    -20.53      1.10
   339791.734178 14.247754  0.000637 58.805126    149.80      0.39      8.14
   339884.857183 14.247841  0.000566 61.278083    130.26    161.84    -12.60
   339977.980187 14.248322  0.000616 62.341228    107.77     47.96     -3.20
   340071.103191 14.248180  0.000457 61.273923     85.34     37.40     14.68
   340164.226196 14.249790  0.000607 58.763003     65.78    177.58     -8.99
   340257.349200 14.249607  0.000534 58.142872     48.10     36.91     -0.50
   340350.472205 14.251964  0.000683 60.378797     29.49      8.89      7.81
   340443.595209 14.250856  0.000535 62.193577      8.05    107.45      3.91
   340536.718214 14.252704  0.000672 61.976594    -14.84    -38.80     -0.95
   340629.841218 14.251120  0.000360 59.965446    -35.81    -77.54     -3.18
   340722.964222 14.252829  0.000554 58.033661    -54.12     -7.58     -3.53
   340816.087227 14.254665  0.000671 58.963436    -71.99    165.89      5.26
   340909.210231 14.252967  0.000371 61.391117    -91.81    111.38     -4.44
   341002.333236 14.254737  0.000592 62.335129   -114.19    155.86      2.25
   341095.456240 14.256440  0.000653 61.458171   -136.62    -29.15     -8.66
   341188.579245 14.256668  0.000628 59.096280   -156.57   -131.76      8.35
   341281.702249 14.257010  0.000635 57.983096   -174.57    -93.32     -3.54
   341374.825253 14.257066  0.000521 59.641184    167.22     27.67     14.98
   341467.948258 14.257115  0.000479 61.695281    146.72    -63.29      0.14
   341561.071262 14.259180  0.000673 62.356796    124.08    -51.86     -1.31
   341654.194267 14.258081  0.000412 61.183164    102.10     53.58     15.32
   341747.317271 14.259344  0.000552 58.740119     82.37    -61.51      4.26
   341840.440275 14.260499  0.000593 58.134746     64.34    -61.74     -9.07
   341933.563280 14.262057  0.000674 59.723328     46.09     20.92      7.73
   342026.686284 14.261986  0.000656 61.564442     25.41   -115.32     -0.48
   342119.809289 14.261882  0.000539 62.526371      2.91   -156.07     11.29
   342212.932293 14.261663  0.000421 61.262357    -19.02    -54.51     -6.64
   342306.055298 14.263544  0.000632 58.920044    -39.16    131.99      3.72
   342399.178302 14.262444  0.000360 58.229312    -57.31     88.40     -3.66
   342492.301306 14.264121  0.000516 59.180375    -75.36    156.79     -9.50
   342585.424311 14.265603  0.000655 61.134901    -95.66    -36.15      2.83
   342678.547315 14.264319  0.000367 62.624079   -117.67   -104.92      6.06
   342771.670320 14.265792  0.000528 61.696917   -139.93    -50.70      0.70
   342864.793324 14.267299  0.000624 59.768596   -160.91    118.91     -5.93
   342957.916329 14.268700  0.000671 58.405236   -179.56     18.52      9.25
   343051.039333 14.268704  0.000668 58.332131    162.50     57.03     -0.23
   343144.162337 14.268689  0.000574 60.227093    143.20   -168.27     10.35
   343237.285342 14.267961  0.000383 62.120271    122.17    103.68     -0.99
   343330.408346 14.270197  0.000646 62.254119     99.76    117.63      2.23
   343423.531351 14.269267  0.000389 61.246380     77.85   -113.03      4.53
   343516.654355 14.270388  0.000477 59.207991     57.88    143.66     -7.63
   343609.777360 14.272119  0.000648 57.978899     39.33    132.19      2.99
   343702.900364 14.270980  0.000382 58.891864     21.14   -121.45     10.28
   343796.023368 14.272075  0.000479 60.537080      1.68    117.93      0.52
   343889.146373 14.273840  0.000639 62.059237    -19.87    110.52     -4.62
   343982.269377 14.275160  0.000659 62.530727    -42.07   -161.86     10.36
   344075.392382 14.275224  0.000668 60.956729    -63.79     65.19      1.20
   344168.515386 14.274740  0.000496 59.248266    -84.06     30.66      8.52
   344261.638390 14.275011  0.000446 58.258200   -102.50    138.54    -13.21
   344354.761395 14.276190  0.000563 58.426390   -120.77    -35.05      2.53
   344447.884399 14.276805  0.000533 60.244623   -140.23    -61.58    -11.71
   344541.007404 14.278893  0.000697 61.942281   -161.09      6.54     -4.36
   344634.130408 14.277927  0.000576 62.320776    176.72   -164.83      0.27
   344727.253413 14.279742  0.000649 61.814855    154.71    155.92    -11.55
   344820.376417 14.280366  0.000686 59.937961    134.03   -150.87     -1.18
   344913.499421 14.279598  0.000533 58.389297    114.62     23.97      3.53
   345006.622426 14.281134  0.000599 58.294319     96.35    -24.85    -13.34
   345099.745430 14.281661  0.000638 59.074182     77.74     17.84     -5.14
   345192.868435 14.282042  0.000615 60.781421     57.56    175.45      6.56
   345285.991439 14.281057  0.000377 62.333493     36.26    118.83    -10.80
   345379.114444 14.282654  0.000570 62.260447     14.18    151.11      0.46
   345472.237448 14.284292  0.000642 61.481700     -7.68    -38.44     -9.53
   345565.360452 14.284928  0.000635 59.865840    -28.12   -141.75      9.05
   345658.483457 14.285157  0.000642 58.294566    -47.45    -98.26     -2.48
   345751.606461 14.284768  0.000471 58.237930    -65.98     34.05     13.27
   345844.729466 14.285230  0.000464 59.033750    -84.58    -40.56     -7.46
   345937.852470 14.286713  0.000622 60.412200   -104.56    -28.37      4.01
   346030.975475 14.286549  0.000471 62.093400   -125.68    133.24    -16.20
   346124.098479 14.288410  0.000668 62.409134   -147.47     19.67     -3.78
   346217.221483 14.287851  0.000523 61.854445   -169.50     27.27      5.85
   346310.344488 14.290201  0.000684 60.697518    169.52    174.05     -7.92
   346403.467492 14.290096  0.000658 58.924079    149.61     57.27     -1.19
   346496.590497 14.289146  0.000443 58.185074    130.57     62.40      0.87
   346589.713501 14.292199  0.000699 58.408339    112.12   -171.38     -1.72
   346682.836505 14.291763  0.000658 59.197089     92.96     70.17     -0.83
   346775.959510 14.290691  0.000402 60.887136     72.70     69.85      0.88
   346869.082514 14.293751  0.000704 62.082549     51.65   -167.56     -2.54
   346962.205519 14.293118  0.000615 62.321522     29.73     72.21     -3.64
   347055.328523 14.292555  0.000410 62.140656      7.96     50.70     14.11
   347148.451528 14.294521  0.000610 60.744618    -13.08   -175.28     -6.37
   347241.574532 14.294292  0.000511 59.321251    -33.42     51.29     -0.99
   347334.697536 14.295920  0.000588 58.516347    -52.61     25.64     13.30
   347427.820541 14.295504  0.000520 58.008670    -71.33    147.51     -1.89
   347520.943545 14.296702  0.000586 58.670494    -90.43      3.32      8.35
   347614.066550 14.298777  0.000712 60.044549   -109.92      0.38     -4.51
   347707.189554 14.298116  0.000643 61.065942   -130.48     96.67      3.25
   347800.312559 14.299437  0.000673 62.243638   -151.90    -30.49     -5.82
   347893.435563 14.298111  0.000449 62.525268   -173.46    -46.18     -8.29
   347986.558567 14.299462  0.000590 61.835101    164.82     49.81     -2.65
   348079.681572 14.298857  0.000376 61.067732    143.68    -88.47     -4.49
   348172.804576 14.301137  0.000612 59.661637    123.45   -122.75      7.51
   348265.927581 14.301625  0.000621 58.501396    103.72    -23.23      5.20
   348359.050585 14.303355  0.000690 58.259756     84.70   -171.03      8.24
   348452.173590 14.302463  0.000576 58.203086     65.82    178.41     -6.91
   348545.296594 14.302784  0.000538 59.034214     46.34    -85.78     -7.89
   348638.419598 14.302815  0.000429 60.373623     26.49    134.37    -14.24
   348731.542603 14.304551  0.000633 61.229517      5.84     90.74      3.62
   348824.665607 14.305433  0.000633 62.206455    -15.53   -178.73      7.89
   348917.788612 14.306185  0.000630 62.564523    -36.94     33.03      9.79
   349010.911616 14.305820  0.000581 61.995179    -58.53     18.69     -1.65
   349104.034620 14.306076  0.000480 61.477948    -79.81    125.43    -14.62
   349197.157625 14.306671  0.000506 60.300334   -100.34    -27.29     -9.45
   349290.280629 14.308410  0.000661 59.106221   -120.56    -62.43     -1.30
   349383.403634 14.309257  0.000624 58.579909   -140.06     16.25     11.95
   349476.526638 14.309627  0.000651 58.021640   -159.16   -124.27      4.08
   349569.649643 14.309056  0.000512 58.187622   -178.49   -150.77      3.24
   349662.772647 14.309664  0.000480 59.054651    162.17    -38.64    -16.54
   349755.895651 14.310375  0.000540 59.720719    142.34    161.54     -3.52
   349849.018656 14.312218  0.000671 60.830233    121.78    138.16     -5.30
   349942.141660 14.312401  0.000602 61.840446    101.03   -146.16     13.67
   350035.264665 14.312972  0.000661 62.121492     79.75     83.85     -0.07
   350128.387669 14.312061  0.000425 62.550443     58.28     51.73      9.23
   350221.510674 14.313875  0.000580 62.249956     37.05    167.92     -9.90
   350314.633678 14.313966  0.000562 61.474628     15.79     15.88      0.89
   350407.756682 14.316433  0.000704 60.927684     -5.03     -5.15      0.88
   350500.879687 14.315042  0.000527 59.834337    -25.32     87.96      6.96
   350594.002691 14.316799  0.000674 58.948823    -45.49    -44.16      0.04
   350687.125696 14.315589  0.000415 58.578487    -65.07    -45.77    -17.39
   350780.248700 14.317858  0.000662 57.989161    -84.48     41.55     -2.60
   350873.371705 14.317147  0.000490 58.121666   -104.05    -89.71     -7.23
   350966.494709 14.317742  0.000468 58.615237   -123.42   -127.67     15.29
   351059.617713 14.318687  0.000557 58.947317   -143.18     -3.63     -1.97
   351152.740718 14.318902  0.000476 59.893183   -163.34   -146.49      9.82
   351245.863722 14.321278  0.000672 60.736581    176.43   -153.04      6.23
   351338.986727 14.320770  0.000611 61.217549    155.65    -37.61      3.50
   351432.109731 14.322175  0.000645 62.089531    134.66   -170.80     11.22
   351525.232736 14.322858  0.000684 62.312647    113.68   -161.01     -2.76
   351618.355740 14.323115  0.000669 62.339847     92.35    -45.10      0.25
   351711.478744 14.324458  0.000684 62.490710     71.24   -171.08      6.34
   351804.601749 14.324098  0.000637 61.903526     50.23   -158.75     -3.90
   351897.724753 14.325103  0.000671 61.451253     29.17    -36.60     -1.07
   351990.847758 14.326025  0.000673 61.016852      8.56   -160.73      9.11
   352083.970762 14.325739  0.000639 60.058567    -11.95   -139.46     -3.49
   352177.093766 14.327290  0.000699 59.613888    -32.36    -14.24      2.60
   352270.216771 14.326733  0.000566 59.060177    -52.28   -131.34     12.29
   352363.339775 14.327529  0.000638 58.374787    -72.29   -100.23     -2.86
   352456.462780 14.327795  0.000541 58.335745    -92.14     21.18     13.99
   352549.585784 14.327343  0.000435 58.093477   -111.73    -65.23      0.70
   352642.708789 14.329392  0.000646 57.970422   -131.60    -43.72      3.24
   352735.831793 14.328397  0.000400 58.423744   -151.38    119.96    -13.99
   352828.954797 14.330800  0.000658 58.523661   -171.15     19.91     -4.83
   352922.077802 14.329920  0.000488 58.906880    168.67     48.21      0.09
   353015.200806 14.332556  0.000681 59.601766    148.63   -164.66      8.45
   353108.323811 14.331607  0.000565 59.817065    128.39    119.23      3.60
   353201.446815 14.333428  0.000673 60.454262    107.84    162.66      3.19
   353294.569820 14.333363  0.000589 61.040293     87.46    -16.02    -12.72
   353387.692824 14.334042  0.000653 61.196788     66.78    -99.38      0.20
   353480.815828 14.334879  0.000630 61.800438     45.97    -36.52     -9.33
   353573.938833 14.333921  0.000463 62.070951     25.33    140.18    -10.04
   353667.061837 14.335418  0.000617 62.085735      4.38     74.57     -3.71
   353760.184842 14.336255  0.000579 62.526581    -16.48    149.39    -14.54
   353853.307846 14.335959  0.000520 62.382466    -37.24    -32.79     -5.02
   353946.430851 14.337109  0.000590 62.346018    -58.23    -79.96     -5.61
   354039.553855 14.339118  0.000691 62.511349    -78.98     -5.38     -4.96
   354132.676859 14.338383  0.000614 62.111306    -99.73   -166.34     -4.61
   354225.799864 14.339845  0.000681 62.048788   -120.63    153.06      0.17
   354318.922868 14.339158  0.000517 61.976413   -141.22   -134.73     15.19
   354412.045873 14.340437  0.000660 61.454120   -161.95     91.39      1.24
   354505.168877 14.339292  0.000382 61.463266    177.33     64.89      4.34
   354598.291881 14.341712  0.000629 61.151047    156.89    178.21     -8.90
   354691.414886 14.341400  0.000557 60.710924    136.22     35.92     -1.07
   354784.537890 14.343082  0.000628 60.737292    115.71     13.05     11.41
   354877.660895 14.342227  0.000489 60.321680     95.35    143.36     -5.12
   354970.783899 14.343161  0.000547 60.019622     74.75     12.94      4.76
   355063.906904 14.345391  0.000675 60.060858     54.39     12.43      8.68
   355157.029908 14.344076  0.000527 59.588133     34.04    151.45     -2.03
   355250.152912 14.344497  0.000481 59.508692     13.48     36.31      7.10
   355343.275917 14.345566  0.000518 59.474727     -6.77     45.81     15.52
   355436.398921 14.346360  0.000590 59.052306    -27.18   -151.41     -3.59
   355529.521926 14.346861  0.000545 59.140190    -47.65    126.43    -12.40
   355622.644930 14.347360  0.000535 59.034622    -67.87    159.90    -12.51
   355715.767935 14.348411  0.000636 58.713476    -88.35    -56.18      3.14
   355808.890939 14.347936  0.000445 58.912794   -108.78   -143.63     15.36
   355902.013943 14.348473  0.000474 58.704547   -129.03    -85.20      6.54
   355995.136948 14.350152  0.000624 58.553892   -149.61    103.08     -5.51
   356088.259952 14.350885  0.000580 58.773537   -169.97     23.94     14.67
   356181.382957 14.350749  0.000553 58.488541    169.68    100.01      5.34
   356274.505961 14.352091  0.000632 58.522507    149.08    -55.17     -6.15
   356367.628966 14.351043  0.000398 58.685956    128.76   -115.26     12.12
   356460.751970 14.352321  0.000541 58.401282    108.29    -17.46     -1.13
   356553.874974 14.353855  0.000617 58.582761     87.67   -177.60     10.02
   356646.997979 14.354815  0.000650 58.644769     67.34    178.02     -9.52
   356740.120983 14.354967  0.000657 58.420434     46.72    -87.23     -1.14
   356833.243988 14.355894  0.000631 58.730952     26.15    151.17    -10.35
   356926.366992 14.354859  0.000467 58.651018      5.76    141.84     -6.20
   357019.489996 14.356241  0.000589 58.584598    -14.93    -97.26     -4.87
   357112.613001 14.357572  0.000626 58.919681    -35.44    157.65    -11.73
   357205.736005 14.357061  0.000543 58.780495    -55.91    166.96     -6.69
   357298.859010 14.358602  0.000655 58.879905    -76.65    -53.39     -4.45
   357391.982014 14.359711  0.000659 59.201421    -97.12   -160.35     10.08
   357485.105019 14.359704  0.000663 59.032387   -117.70   -115.22     -0.34
   357578.228023 14.358925  0.000457 59.359159   -138.41     36.71      9.74
   357671.351027 14.360505  0.000573 59.571225   -158.82    -13.41    -12.25
   357764.474032 14.360692  0.000577 59.502509   -179.45     32.80     -2.79
   357857.597036 14.361464  0.000547 59.956552    159.94   -160.62     13.28
   357950.720041 14.362190  0.000580 60.097650    139.56    172.13    -10.46
   358043.843045 14.362408  0.000578 60.158523    118.92   -117.16     -3.96
   358136.966050 14.361547  0.000328 60.696445     98.45     80.66      2.13
   358230.089054 14.364456  0.000664 60.718846     78.09     50.79      2.90
   358323.212058 14.365077  0.000667 60.984381     57.52    150.74      2.24
   358416.335063 14.366279  0.000692 61.454306     37.25     12.82      5.90
   358509.458067 14.365506  0.000606 61.422537     16.94     16.73     -4.41
   358602.581072 14.366795  0.000657 61.790495     -3.47    139.64     -5.53
   358695.704076 14.367960  0.000688 62.117142    -23.58     17.99      4.55
   358788.827081 14.367292  0.000621 62.011852    -43.83     42.72     -3.28
   358881.950085 14.368905  0.000674 62.399330    -64.09    177.32      7.03
   358975.073089 14.367293  0.000432 62.439149    -84.08     88.99      7.24
   359068.196094 14.369270  0.000649 62.269742   -104.31    134.77      2.42
   359161.319098 14.369344  0.000527 62.517874   -124.41    -39.08    -15.16
   359254.442103 14.370467  0.000627 62.219996   -144.40   -124.44      6.45
   359347.565107 14.371220  0.000663 61.953952   -164.65    -51.45     -1.00
   359440.688111 14.371603  0.000581 61.946066    175.25    155.09    -14.44
   359533.811116 14.371549  0.000563 61.340832    155.10     96.34      5.77
   359626.934120 14.372429  0.000589 61.000527    134.65   -175.61      8.59
   359720.057125 14.373048  0.000555 60.708211    114.38     36.10     15.26
   359813.180129 14.373661  0.000620 59.923930     93.84     42.75     -3.71
   359906.303134 14.375366  0.000688 59.641485     73.10    157.51     -1.71
   359999.426138 14.375524  0.000651 59.172334     52.49     32.99      7.47
   360092.549142 14.375207  0.000598 58.530285     31.49     59.22     -4.23
   360185.672147 14.376641  0.000636 58.465747     10.42   -172.34     10.65
   360278.795151 14.375395  0.000448 58.116039    -10.56    106.46      3.59
   360371.918156 14.377485  0.000645 57.933008    -31.92    147.54      4.44
   360465.041160 14.377966  0.000589 58.280145    -53.06    -22.29    -15.45
   360558.164165 14.378421  0.000626 58.249197    -74.18   -102.77      4.46
   360651.287169 14.379665  0.000674 58.739409    -95.43    -29.38      0.47
   360744.410173 14.380367  0.000666 59.401510   -116.22    176.40     -7.72
   360837.533178 14.379576  0.000571 59.740470   -137.01    133.03      3.08
   360930.656182 14.379468  0.000438 60.604807   -157.66   -135.43      8.58
   361023.779187 14.379716  0.000393 61.258528   -177.85     93.53      5.08
   361116.902191 14.381962  0.000659 61.576756    161.93     95.60     -1.10
   361210.025196 14.381967  0.000536 62.291578    141.94   -156.51     16.21
   361303.148200 14.381774  0.000466 62.363682    122.22    113.05      0.92
   361396.271204 14.383802  0.000657 62.262891    102.30    137.85      1.27
   361489.394209 14.382865  0.000427 62.295694     82.54    -50.75    -15.75
   361582.517213 14.385089  0.000661 61.596729     62.70   -141.87     -0.34
   361675.640218 14.384881  0.000571 60.961950     42.43    -80.22     -6.54
   361768.763222 14.383963  0.000338 60.420008     22.13    102.34     -4.24
   361861.886226 14.386625  0.000658 59.345093      1.44     55.09     -1.34
   361955.009231 14.387767  0.000673 58.820506    -19.73    145.50     -4.97
   362048.132235 14.388421  0.000675 58.365510    -40.87      3.81     -6.97
   362141.255240 14.387591  0.000564 57.891695    -62.45    -18.66      3.30
   362234.378244 14.387400  0.000425 58.254817    -84.02    116.80    -13.96
   362327.501249 14.389307  0.000597 58.556404   -105.29     -0.48     -8.64
   362420.624253 14.389215  0.000553 59.123113   -126.62      6.03      4.33
   362513.747257 14.391450  0.000677 60.259091   -147.40    167.11     -7.46
   362606.870262 14.390884  0.000612 60.899859   -167.75     72.77      6.42
   362699.993266 14.391985  0.000666 61.703011    172.04    134.50     -4.24
   362793.116271 14.391297  0.000480 62.405721    152.40    -32.17    -16.85
   362886.239275 14.392735  0.000648 62.252365    132.82    -99.28      2.31
   362979.362280 14.394003  0.000682 62.167728    113.10    -15.60      2.27
   363072.485284 14.394843  0.000686 61.619859     93.45   -162.49      3.09
   363165.608288 14.393750  0.000562 60.460785     73.24   -171.69     -1.48
   363258.731293 14.394955  0.000579 59.716547     52.52    -42.85    -12.29
   363351.854297 14.396433  0.000690 58.779825     31.54   -163.46     -2.74
   363444.977302 14.395255  0.000526 58.036834      9.84   -142.73     -1.63
   363538.100306 14.397972  0.000704 58.202774    -11.90      3.58      5.01
   363631.223311 14.396350  0.000512 58.348923    -33.51    -71.78      4.65
   363724.346315 14.398049  0.000632 59.178161    -55.05    -16.06      5.49
   363817.469319 14.399549  0.000698 60.422003    -75.78    179.69     -3.37
   363910.592324 14.398238  0.000550 61.180402    -96.04    133.00      1.87
   364003.715328 14.398447  0.000471 62.105612   -115.93   -142.51      7.99
   364096.838333 14.398469  0.000383 62.512716   -135.25     76.09     10.66
   364189.961337 14.400757  0.000658 61.976854   -154.74     81.37     -0.55
   364283.084341 14.401146  0.000582 61.476514   -174.53   -165.89     13.16
   364376.207346 14.400408  0.000425 60.316975    165.38    102.75      2.71
   364469.330350 14.402461  0.000636 59.009430    144.34    134.53      2.96
   364562.453355 14.402282  0.000501 58.451811    122.81    -41.88    -16.20
   364655.576359 14.403785  0.000638 57.981400    101.01   -125.99      4.63
   364748.699364 14.404462  0.000659 58.336576     78.93    -49.64     -1.53
   364841.822368 14.404994  0.000616 59.518673     57.55    163.89    -13.64
   364934.945372 14.404562  0.000563 60.443354     36.79    120.18      3.74
   365028.068377 14.404548  0.000448 61.713657     16.63   -137.64      7.91
   365121.191381 14.404659  0.000375 62.434650     -2.69    111.56     -3.71
   365214.314386 14.406738  0.000626 62.111678    -22.00    115.83      3.03
   365307.437390 14.405974  0.000405 61.606388    -41.58    -92.64     -4.31
   365400.560395 14.408715  0.000666 60.376119    -61.57   -174.23     -5.93
   365493.683399 14.408100  0.000579 58.902471    -82.66   -124.32     -4.35
   365586.806403 14.407843  0.000422 58.337029   -104.45     39.22     17.02
   365679.929408 14.410151  0.000655 58.032003   -126.46     19.37     -5.18
   365773.052412 14.410270  0.000614 58.711649   -148.58    113.15     -6.91
   365866.175417 14.411141  0.000601 60.191635   -169.69    -16.77    -13.22
   365959.298421 14.410648  0.000541 61.233729    170.06    -33.75      0.40
   366052.421426 14.411269  0.000519 62.239135    150.45    105.23     -8.49
   366145.544430 14.413663  0.000697 62.438191    131.44      2.65     -3.58
   366238.667434 14.412942  0.000621 61.369673    112.04     39.34     -3.55
   366331.790439 14.413370  0.000559 60.250259     91.77   -165.87     12.98
   366424.913443 14.413902  0.000550 58.892234     70.75    165.19    -13.13
   366518.036448 14.414244  0.000564 57.925607     48.58   -122.65     -4.76
   366611.159452 14.413458  0.000332 58.412954     26.29     88.33     -1.55
   366704.282456 14.415876  0.000605 59.292330      4.63     67.10      6.98
   366797.405461 14.415964  0.000558 60.746251    -16.26   -170.79      6.29
   366890.528465 14.415210  0.000339 62.180365    -35.85     88.23      1.05
   366983.651470 14.416896  0.000543 62.261511    -54.88    113.54      3.31
   367076.774474 14.417735  0.000558 61.664618    -74.21    -71.26     -9.18
   367169.897479 14.419368  0.000637 60.422687    -94.10   -154.92     11.04
   367263.020483 14.419269  0.000627 58.659916   -115.34    -75.04      3.74
   367356.143487 14.420436  0.000640 58.122460   -137.64    146.30     -9.47
   367449.266492 14.418989  0.000413 58.438874   -159.87    122.83     -4.09
   367542.389496 14.420572  0.000578 59.560488    178.34   -120.21     -4.20
   367635.512501 14.421163  0.000526 61.418864    157.93    140.90    -15.25
   367728.635505 14.421424  0.000521 62.256289    138.74    157.29     -8.24
   367821.758510 14.423008  0.000662 62.051480    119.67    -51.49     -0.50
   367914.881514 14.422011  0.000427 61.135740    100.25   -137.37     18.84
   368008.004518 14.422940  0.000512 59.221585     79.60    -51.20      2.08
   368101.127523 14.425152  0.000674 58.154746     57.42    154.86      2.37
   368194.250527 14.424277  0.000493 58.324667     35.00    153.25    -15.16
   368287.373532 14.425666  0.000644 59.276836     12.98   -104.97     -0.82
   368380.496536 14.426782  0.000664 61.195417     -7.70    151.03     -6.43
   368473.619541 14.427078  0.000639 62.326427    -26.85    177.15     -8.85
   368566.742545 14.426920  0.000611 61.983917    -45.79    -35.61      3.57
   368659.865549 14.425898  0.000338 60.962248    -65.29    -93.80     -2.88
   368752.988554 14.427727  0.000533 59.081164    -86.06    -15.56     -9.71
   368846.111558 14.428510  0.000571 57.964856   -108.53    177.53      6.46
   368939.234563 14.430627  0.000690 58.588039   -131.09    173.95     -5.59
   369032.357567 14.429502  0.000566 59.871503   -152.71    -77.51      5.18
   369125.480571 14.430724  0.000618 61.656180   -172.90    175.29      6.86
   369218.603576 14.431910  0.000653 62.516537    168.32   -158.55      9.09
   369311.726580 14.431317  0.000595 61.448677    149.39     19.46     -4.06
   369404.849585 14.432931  0.000657 59.893383    129.10    -35.35     -7.00
   369497.972589 14.433635  0.000667 58.387410    107.41     30.33      6.02
   369591.095594 14.433231  0.000613 57.995202     84.49   -102.46     -4.52
   369684.218598 14.432445  0.000384 59.617189     62.31   -127.51     12.47
   369777.341602 14.434885  0.000652 61.304469     41.97     15.71     -4.46
   369870.464607 14.434907  0.000607 62.240934     22.85    -81.92     -4.39
   369963.587611 14.435273  0.000529 61.928976      4.14    -31.91    -16.46
   370056.710616 14.435204  0.000500 59.902301    -15.74    125.74      1.12
   370149.833620 14.435796  0.000497 58.307602    -37.75     88.75     -7.58
   370242.956625 14.438395  0.000678 58.287456    -60.51    179.23     -7.31
   370336.079629 14.437689  0.000613 59.440743    -82.74     43.37     -4.01
   370429.202633 14.437588  0.000483 61.593283   -103.13     29.19     12.97
   370522.325638 14.439745  0.000671 62.440722   -121.78   -174.90     -5.42
   370615.448642 14.439651  0.000644 61.302114   -140.67     95.30     -0.29
   370708.571647 14.440979  0.000662 59.609176   -161.11    155.85     -7.43
   370801.694651 14.440308  0.000556 58.094903    176.71     -9.78    -10.39
   370894.817656 14.441597  0.000662 58.388879    153.57    -50.32      0.30
   370987.940660 14.440966  0.000472 60.529396    132.03     36.77     18.53
   371081.063664 14.441642  0.000546 61.965961    112.55    -68.01      4.20
   371174.186669 14.443358  0.000660 62.118010     93.89    -41.64     -3.99
   371267.309673 14.441835  0.000368 60.637790     74.62    118.92     -9.33
   371360.432678 14.444050  0.000633 58.405050     53.10     47.67     -3.17
   371453.555682 14.444448  0.000575 58.145358     29.94    130.31    -11.63
   371546.678686 14.444668  0.000527 59.666642      7.71    -17.27    -13.89
   371639.801691 14.445612  0.000632 61.479970    -12.60    -47.39      3.16
   371732.924695 14.444368  0.000342 62.469746    -31.21     75.98      2.89
   371826.047700 14.446426  0.000562 61.006986    -50.01    -10.78     -9.82
   371919.170704 14.446581  0.000524 58.774824    -71.19     17.18      3.39
   372012.293709 14.448854  0.000663 58.169293    -94.10   -168.08      8.68
   372105.416713 14.447713  0.000529 59.202786   -116.73    162.84     -4.49
   372198.539717 14.447998  0.000482 61.428632   -137.36   -101.96     -4.95
   372291.662722 14.448387  0.000427 62.501911   -155.84    140.31    -16.89
   372384.785726 14.449532  0.000560 60.928328   -174.65    129.28      3.29
   372477.908731 14.449897  0.000494 58.927787    164.21    -65.45    -12.28
   372571.031735 14.452239  0.000684 58.092940    141.30   -153.38      4.41
   372664.154740 14.451963  0.000648 59.302562    118.49    -79.73     -1.42
   372757.277744 14.451878  0.000515 61.780110     98.22    137.79    -15.02
   372850.400748 14.451782  0.000461 62.291088     79.93     98.18      4.97
   372943.523753 14.452712  0.000535 60.570764     60.79   -134.86     -1.47
   373036.646757 14.453345  0.000489 58.682843     39.29    142.47    -18.18
   373129.769762 14.453955  0.000539 58.082264     16.06    171.21     -6.18
   373222.892766 14.455763  0.000670 60.051698     -6.35    -19.15      3.70
   373316.015771 14.454284  0.000404 62.221555    -25.75    -45.38    -15.01
   373409.138775 14.456121  0.000620 61.819568    -44.03     36.68     -3.53
   373502.261779 14.455606  0.000441 59.877559    -63.90    -85.00     -7.72
   373595.384784 14.455761  0.000376 58.161035    -86.25    -81.70      3.54
   373688.507788 14.457966  0.000629 58.633377   -109.65     80.06     -2.89
   373781.630793 14.459449  0.000676 61.267470   -130.76      1.89      7.68
   373874.753797 14.458481  0.000537 62.348939   -149.20     68.08     10.49
   373967.876801 14.459803  0.000649 60.880664   -167.99    -69.22     -2.69
   374060.999806 14.458267  0.000329 58.812790    170.78    -73.12     -8.43
   374154.122810 14.461119  0.000655 58.052540    147.41     50.27     -0.16
   374247.245815 14.461846  0.000666 60.144825    124.96    -36.34     -2.51
   374340.368819 14.463063  0.000702 62.322528    105.77      7.57      0.72
   374433.491824 14.462058  0.000592 61.581463     87.59   -161.33     -3.96
   374526.614828 14.463856  0.000688 59.356976     67.20    161.22      1.82
   374619.737832 14.461884  0.000381 58.081547     44.24    -97.49     10.09
   374712.860837 14.463561  0.000575 59.337823     21.11    158.57      4.36
   374805.983841 14.465622  0.000674 62.007740      1.08   -177.34      7.73
   374899.106846 14.465316  0.000624 62.044130    -16.90      3.24     -7.48
   374992.229850 14.466018  0.000651 59.669289    -36.67    -56.19     -0.31
   375085.352855 14.466530  0.000588 58.173286    -59.43     20.03     13.36
   375178.475859 14.466695  0.000602 59.064532    -82.69   -102.08      5.96
   375271.598863 14.466772  0.000539 61.630616   -103.25    -78.38     -8.59
   375364.721868 14.467126  0.000483 62.308467   -121.23     41.10     18.53
   375457.844872 14.467744  0.000544 59.803564   -140.64     -9.65     -2.15
   375550.967877 14.467462  0.000385 58.097806   -163.50     54.68      5.85
   375644.090881 14.468221  0.000419 59.188548    173.22    -96.12      9.14
   375737.213886 14.470144  0.000636 61.531774    152.71    -92.97     -2.50
   375830.336890 14.470448  0.000551 62.237274    134.65     20.20     14.34
   375923.459894 14.470002  0.000443 59.803234    115.27    -49.04     -5.06
   376016.582899 14.471309  0.000555 57.882151     92.16     -3.36      5.42
   376109.705903 14.473460  0.000681 59.550674     68.88   -170.00      8.74
   376202.828908 14.472460  0.000577 61.809154     48.95    179.32     -5.83
   376295.951912 14.473304  0.000590 61.854889     30.84    -62.95     -8.57
   376389.074916 14.475311  0.000696 59.470679     10.90   -173.84     -0.94
   376482.197921 14.474569  0.000620 57.866040    -12.55   -129.94     -3.50
   376575.320925 14.474002  0.000444 60.044670    -35.53     38.37     10.59
   376668.443930 14.476658  0.000683 62.303001    -54.59     11.25     -2.59
   376761.566934 14.476296  0.000642 61.191839    -72.72    108.02      1.66
   376854.689939 14.478067  0.000706 58.778187    -93.88     -7.86      2.38
   376947.812943 14.478088  0.000679 58.290556   -117.60     24.84     -2.28
   377040.935947 14.477333  0.000560 60.791543   -139.61   -174.61      6.12
   377134.058952 14.478338  0.000562 62.489474   -157.85    154.61    -16.25
   377227.181956 14.479324  0.000658 60.277905   -176.51   -133.43      0.66
   377320.304961 14.479227  0.000565 58.039772    160.78    109.94     -8.01
   377413.427965 14.478594  0.000388 59.313356    137.22    132.09    -13.65
   377506.550970 14.480625  0.000633 61.726449    117.04    -88.29      2.63
   377599.673974 14.480658  0.000535 61.852284     99.10   -161.91     12.61
   377692.796978 14.480021  0.000360 59.130293     78.91    -67.44     -2.41
   377785.919983 14.481949  0.000585 57.988511     54.94    150.70      4.98
   377879.042987 14.484000  0.000686 60.783988     32.63    166.30     -4.57
   377972.165992 14.482235  0.000467 62.313838     14.36    -50.53     -3.27
   378065.288996 14.483169  0.000532 60.275978     -4.37   -123.14     -2.69
   378158.412001 14.483854  0.000489 58.204179    -26.98    -35.73    -17.04
   378251.535005 14.484327  0.000537 59.257904    -50.61    168.79     -5.27
   378344.658009 14.486193  0.000669 62.024772    -70.57    157.11      2.73
   378437.781014 14.484541  0.000381 61.636054    -88.26    -48.47    -15.47
   378530.904018 14.486553  0.000613 58.457608   -109.33   -137.48     -4.40
   378624.027023 14.486328  0.000476 58.554388   -133.57    -60.57    -13.54
   378717.150027 14.486690  0.000460 61.401565   -154.75    143.91    -10.89
   378810.273031 14.488357  0.000633 61.949712   -172.66    119.31      1.74
   378903.396036 14.487127  0.000353 59.521334    167.64   -110.93      4.17
   378996.519040 14.489414  0.000585 58.046277    143.99   -179.33     -9.37
   379089.642045 14.489080  0.000514 60.466916    121.24   -125.72     -1.87
   379182.765049 14.488798  0.000355 62.490494    103.00     57.39     14.81
   379275.888054 14.491418  0.000656 60.023905     84.36     54.00      1.50
   379369.011058 14.491693  0.000594 57.967645     61.00    177.48      9.15
   379462.134062 14.490401  0.000350 60.054046     37.75     99.44      0.72
   379555.257067 14.492086  0.000560 62.144958     18.83    152.25      1.62
   379648.380071 14.494101  0.000669 60.707100      0.57    -12.82      3.49
   379741.503076 14.493643  0.000550 58.135180    -21.83    -12.84    -13.46
   379834.626080 14.494544  0.000649 59.347872    -45.81    103.13     -0.74
   379927.749085 14.495993  0.000686 62.346580    -65.23      2.99      7.57
   380020.872089 14.495623  0.000621 60.953848    -82.98     52.67      7.95
   380113.995093 14.495454  0.000551 58.057568   -105.30    -94.58     -6.32
   380207.118098 14.495491  0.000442 59.435191   -129.29   -135.34     17.51
   380300.241102 14.496850  0.000591 62.016093   -148.92     10.24     -4.74
   380393.364107 14.497030  0.000533 61.060720   -166.81    -79.79     -8.29
   380486.487111 14.498068  0.000553 58.325534    171.30    -19.59    -15.52
   380579.610116 14.497979  0.000538 59.090341    147.11    163.60      0.76
   380672.733120 14.500091  0.000669 62.216272    127.32    152.03     -7.59
   380765.856124 14.498577  0.000432 61.099949    109.72   -105.85     12.01
   380858.979129 14.499790  0.000548 57.990486     87.43    173.26      3.63
   380952.102133 14.499945  0.000445 59.549631     63.31   -143.59     16.81
   381045.225138 14.501381  0.000597 62.171903     44.03     62.04      7.44
   381138.348142 14.501171  0.000519 60.671407     26.03     52.16     -2.19
   381231.471146 14.504011  0.000708 58.193526      3.46    178.80     -0.62
   381324.594151 14.502941  0.000601 59.639156    -20.36     86.97      5.12
   381417.717155 14.504398  0.000677 62.294367    -39.38    148.59     -1.38
   381510.840160 14.505046  0.000659 60.452893    -57.47     -4.74     -9.82
   381603.963164 14.504128  0.000548 57.815146    -80.83    -29.65      3.08
   381697.086169 14.504312  0.000461 60.424310   -104.24    121.20    -14.74
   381790.209173 14.506747  0.000677 62.347569   -122.26     19.16      0.02
   381883.332177 14.506359  0.000620 59.496166   -141.30     81.36     -2.87
   381976.455182 14.505557  0.000407 58.231702   -165.40    -56.63    -16.47
   382069.578186 14.506619  0.000506 61.019975    172.42    -88.35      6.69
   382162.701191 14.507087  0.000507 61.924620    154.69     53.70     -1.60
   382255.824195 14.509261  0.000628 59.019161    134.57    -15.05    -12.57
   382348.947200 14.509352  0.000640 58.439484    110.04     44.83     -2.96
   382442.070204 14.508348  0.000431 61.837496     89.13   -102.14     -3.72
   382535.193208 14.509245  0.000457 61.454443     71.84   -126.99     15.02
   382628.316213 14.510437  0.000587 58.023483     49.90     36.47     -4.64
   382721.439217 14.512007  0.000647 59.612060     25.52    -29.00     -7.53
   382814.562222 14.512620  0.000667 62.340943      6.67     30.26      5.04
   382907.685226 14.512241  0.000614 60.020670    -11.63   -102.68     -4.13
   383000.808231 14.510887  0.000304 58.144856    -35.36   -101.81      2.91
   383093.931235 14.513877  0.000657 60.749013    -58.12     50.36      3.33
   383187.054239 14.514127  0.000623 61.996372    -75.87    -16.31      5.04
   383280.177244 14.513050  0.000381 58.996979    -95.88     56.11     14.77
   383373.300248 14.514410  0.000538 58.552465   -120.52    -61.34      4.54
   383466.423253 14.516234  0.000661 61.992261   -141.08    -36.65     -4.77
   383559.546257 14.514615  0.000372 61.078988   -158.43    129.66    -13.02
   383652.669261 14.516824  0.000638 57.839152    178.77     68.61     -2.58
   383745.792266 14.518515  0.000701 60.324401    154.89    165.06     -2.35
   383838.915270 14.518470  0.000657 62.284036    137.00     34.74      5.25
   383932.038275 14.517953  0.000575 59.083182    117.57     70.28     -4.47
   384025.161279 14.517561  0.000398 58.579977     92.92   -133.27     15.37
   384118.284284 14.519826  0.000646 61.762684     72.06   -155.46     -3.10
   384211.407288 14.520341  0.000649 61.018640     54.58    -52.71     -1.98
   384304.530292 14.521722  0.000682 58.174234     32.09   -168.28      7.60
   384397.653297 14.521366  0.000657 60.055159      8.20   -118.69      0.14
   384490.776301 14.520171  0.000420 62.256633     -9.89     64.72      1.23
   384583.899306 14.522838  0.000645 59.185168    -29.24     27.77      9.70
   384677.022310 14.522125  0.000556 58.437247    -54.12    157.58      3.73
   384770.145315 14.521633  0.000371 62.126359    -74.63     61.39      6.94
   384863.268319 14.522417  0.000418 60.754520    -91.96    123.79     -4.63
   384956.391323 14.524397  0.000625 57.824595   -115.42    -41.00      4.04
   385049.514328 14.524698  0.000550 60.942242   -138.63    -29.57    -16.96
   385142.637332 14.524964  0.000558 61.893542   -155.95     77.75      8.15
   385235.760337 14.525588  0.000557 58.410091   -176.84      0.97      8.42
   385328.883341 14.524750  0.000347 59.450118    158.49     71.34     11.36
   385422.006346 14.526603  0.000581 62.149612    139.49    -65.11      4.03
   385515.129350 14.527754  0.000605 59.712318    120.97    -48.18     -9.22
   385608.252354 14.526444  0.000364 58.352631     96.54     92.81      5.25
   385701.375359 14.528261  0.000587 61.606879     75.14     42.69     -3.52
   385794.498363 14.529096  0.000565 61.086472     57.84    138.63    -14.12
   385887.621368 14.530324  0.000640 57.978011     34.96      9.52     -7.89
   385980.744372 14.529437  0.000523 60.614687     11.32     25.61      2.47
   386073.867376 14.531900  0.000669 62.073971     -5.98   -172.01      8.51
   386166.990381 14.530601  0.000509 58.270562    -26.86    161.18     -5.46
   386260.113385 14.531155  0.000509 59.574439    -51.76    -85.20     -7.70
   386353.236390 14.533185  0.000646 62.439895    -70.06    170.12    -10.01
   386446.359394 14.532828  0.000603 59.017467    -89.14   -152.90     -4.91
   386539.482399 14.532666  0.000481 58.746551   -114.28     25.49     12.55
   386632.605403 14.535245  0.000701 62.265668   -134.11     15.52      1.23
   386725.728407 14.534299  0.000594 59.904050   -152.01    138.78      4.09
   386818.851412 14.533530  0.000363 58.283685   -176.50     49.37     13.47
   386911.974416 14.534511  0.000460 61.704374    162.01    132.16     -4.02
   387005.097421 14.536167  0.000615 60.768343    144.71    -25.14      4.38
   387098.220425 14.537936  0.000679 58.109769    121.37    -10.33     -6.21
   387191.343430 14.536355  0.000500 61.021158     98.43    136.16     -0.34
   387284.466434 14.536890  0.000494 61.461642     81.21     78.28     -5.52
   387377.589438 14.539264  0.000653 58.178033     59.12    172.40    -10.67
   387470.712443 14.538846  0.000619 60.333074     35.05     45.39     -3.80
   387563.835447 14.537904  0.000396 61.989539     17.60     60.29      4.71
   387656.958452 14.539833  0.000555 58.334841     -3.35   -132.99     12.46
   387750.081456 14.539840  0.000539 59.796768    -28.14   -152.12     -0.83
   387843.204461 14.541378  0.000598 62.285570    -45.96    -30.57    -11.90
   387936.327465 14.542289  0.000662 58.549406    -66.01   -144.85      3.33
   388029.450469 14.542033  0.000602 59.407583    -91.20    -80.13     -5.98
   388122.573474 14.541172  0.000380 62.430353   -109.46    129.58    -17.55
   388215.696478 14.542703  0.000550 58.726304   -128.90     93.13      7.26
   388308.819483 14.542404  0.000426 59.202839   -154.25   -115.67     -0.44
   388401.942487 14.545266  0.000671 62.425379   -172.87    177.83     -7.62
   388495.065491 14.544976  0.000640 58.886982    168.07   -112.23     -0.90
   388588.188496 14.545076  0.000539 59.087096    142.74    131.37    -12.69
   388681.311500 14.544894  0.000456 62.360488    123.82    146.17    -12.31
   388774.434505 14.546566  0.000633 59.006213    104.95    -63.13      2.56
   388867.557509 14.545009  0.000314 59.062789     79.69   -103.11      3.13
   388960.680514 14.547840  0.000634 62.249626     60.58     11.17     -6.50
   389053.803518 14.547547  0.000552 59.095506     41.73    -93.37     -6.81
   389146.926522 14.547785  0.000473 59.074364     16.56    -31.60    -18.78
   389240.049527 14.548336  0.000526 62.166083     -2.59    144.60     -0.25
   389333.172531 14.550155  0.000644 59.106904    -21.50    134.67     -5.19
   389426.295536 14.548514  0.000355 59.130659    -46.64    -99.97      9.23
   389519.418540 14.550252  0.000576 62.128000    -65.64   -162.24     -3.30
   389612.541545 14.549858  0.000405 59.039605    -84.79    -78.29    -11.52
   389705.664549 14.550796  0.000460 59.241119   -109.93    152.89    -12.26
   389798.787553 14.552160  0.000609 62.120894   -128.65    152.70      4.06
   389891.910558 14.553467  0.000616 58.873214   -148.16    -24.46    -11.95
   389985.033562 14.552575  0.000504 59.446943   -173.29    -80.87      6.29
   390078.156567 14.553136  0.000516 62.108482    168.49     28.61      4.07
   390171.279571 14.552960  0.000376 58.599923    148.36    -52.85    -15.68
   390264.402576 14.554289  0.000533 59.811859    123.39    -11.27     -3.53
   390357.525580 14.555826  0.000626 62.008692    105.71    176.06      7.92
   390450.648584 14.557249  0.000682 58.282579     84.69   -177.71     -6.75
   390543.771589 14.556294  0.000591 60.320184     60.10    -42.44      4.07
   390636.894593 14.555462  0.000355 61.765339     42.98   -110.88      3.18
   390730.017598 14.557403  0.000546 57.997611     20.79    -10.93    -11.46
   390823.140602 14.557477  0.000528 60.969367     -2.96   -143.72     -0.17
   390916.263606 14.557450  0.000409 61.260063    -19.79   -136.96     16.38
   391009.386611 14.559661  0.000634 57.913916    -43.29     54.71      4.57
   391102.509615 14.559010  0.000513 61.636771    -65.76     23.93      6.33
   391195.632620 14.560683  0.000587 60.514274    -82.76    162.59    -15.43
   391288.755624 14.561200  0.000650 58.127212   -107.51     62.91     -0.69
   391381.878629 14.561608  0.000602 62.190623   -128.26    136.17    -10.49
   391475.001633 14.562189  0.000583 59.555583   -146.10    -10.17    -12.48
   391568.124637 14.561891  0.000547 58.779403   -171.60    -15.35      3.10
   391661.247642 14.563732  0.000638 62.376000    169.52    152.64     -8.61
   391754.370646 14.562386  0.000437 58.614351    150.06     81.19     10.64
   391847.493651 14.563370  0.000530 59.799042    124.68   -166.44      3.73
   391940.616655 14.562597  0.000300 62.067024    107.34     88.43     -1.27
   392033.739660 14.564112  0.000476 57.932656     85.63    132.02      0.35
   392126.862664 14.566378  0.000669 61.020202     61.55    -28.21      0.48
   392219.985668 14.565798  0.000513 61.150967     44.89    -25.77    -17.20
   392313.108673 14.566686  0.000608 57.893321     20.88     96.18      4.19
   392406.231677 14.566690  0.000506 62.016324     -0.84     22.31     11.84
   392499.354682 14.566255  0.000374 59.829433    -18.22    124.96     -9.30
   392592.477686 14.567685  0.000539 58.646192    -43.73     -5.32      2.31
   392685.600691 14.569238  0.000605 62.398886    -62.74     11.24     13.63
   392778.723695 14.570280  0.000671 58.497645    -82.30   -153.44     -1.54
   392871.846699 14.569621  0.000571 60.064794   -107.63    176.79      6.57
   392964.969704 14.569812  0.000479 61.824606   -124.63    -36.01    -17.55
   393058.092708 14.571462  0.000650 57.838521   -147.25   -133.02     -0.25
   393151.215713 14.571767  0.000619 61.542768   -170.36    -52.43     -6.90
   393244.338717 14.572939  0.000640 60.404860    172.77    171.68    -10.54
   393337.461721 14.571986  0.000538 58.323848    147.64   -175.22     -3.05
   393430.584726 14.574236  0.000684 62.335918    127.84    -12.47      3.24
   393523.707730 14.572480  0.000419 58.752182    108.84    -36.00    -12.83
   393616.830735 14.574014  0.000593 59.860665     83.36     75.22     -4.42
   393709.953739 14.575815  0.000673 61.835483     66.22    -17.06     -7.01
   393803.076744 14.575968  0.000661 57.901481     43.65     36.84      1.41
   393896.199748 14.575227  0.000539 61.565613     20.67   -100.32     -4.89
   393989.322752 14.574483  0.000324 60.184516      3.64   -111.53     10.29
   394082.445757 14.577258  0.000649 58.593145    -21.69     61.33      1.68
   394175.568761 14.577234  0.000578 62.240182    -40.84      6.12      9.67
   394268.691766 14.576481  0.000380 58.458769    -60.75    137.15    -15.49
   394361.814770 14.577981  0.000567 60.449170    -85.68     29.20     -3.44
   394454.937775 14.577393  0.000368 61.225602   -102.49     78.13     -1.71
   394548.060779 14.578051  0.000394 58.108220   -126.42    -78.16      4.11
   394641.183783 14.580222  0.000643 61.981803   -147.67    -71.67     -0.85
   394734.306788 14.578705  0.000323 59.205493   -165.88     77.08      2.62
   394827.429792 14.581788  0.000668 59.628737    168.61     32.27     -0.80
   394920.552797 14.582097  0.000661 61.704423    151.12    132.46     -1.56
   395013.675801 14.583142  0.000646 58.086134    128.62     16.89     10.72
   395106.798806 14.582862  0.000635 61.609841    105.89     76.31      2.26
   395199.921810 14.582622  0.000510 59.727777     88.50    -69.61    -11.05
   395293.044814 14.582084  0.000357 59.183779     63.00    -81.77      1.97
   395386.167819 14.584378  0.000636 61.926874     44.84     70.96     -1.61
   395479.290823 14.585281  0.000605 58.090389     23.28      4.41     11.11
   395572.413828 14.583928  0.000412 61.448936     -0.23    119.58     -2.73
   395665.536832 14.585191  0.000540 59.970870    -17.26      4.63      3.03
   395758.659836 14.585176  0.000412 58.955853    -42.75     39.83     19.69
   395851.782841 14.586794  0.000588 62.101538    -61.26   -106.83      6.32
   395944.905845 14.586595  0.000492 58.010004    -82.38    -96.52     -6.68
   396038.028850 14.587804  0.000533 61.436207   -106.28     34.51     15.62
   396131.151854 14.587940  0.000540 60.088537   -123.05     -4.00     -3.81
   396224.274859 14.588143  0.000468 58.793993   -148.67    108.19    -11.42
   396317.397863 14.590390  0.000653 62.283163   -167.13     -2.17     -8.84
   396410.520867 14.589696  0.000568 57.877549    171.73     43.60     -4.80
   396503.643872 14.588966  0.000359 61.531870    147.80   -127.36     13.05
   396596.766876 14.591295  0.000599 60.031326    131.05   -128.99      9.66
   396689.889881 14.590829  0.000498 58.856273    105.25     38.39      0.74
   396783.012885 14.593459  0.000683 62.226848     87.15     -9.05     -5.68
   396876.135890 14.592442  0.000564 57.864131     65.46     81.97      7.37
   396969.258894 14.593664  0.000631 61.668990     42.15    -14.71      5.25
   397062.381898 14.594078  0.000581 59.695538     24.98     26.21     14.56
   397155.504903 14.594613  0.000648 59.301154     -0.86   -106.10      0.06
   397248.627907 14.593286  0.000377 61.803339    -18.34   -101.45     -3.07
   397341.750912 14.595530  0.000585 58.007579    -41.28     43.93     12.19
   397434.873916 14.595270  0.000545 61.932301    -63.14     10.96      0.99
   397527.996921 14.595924  0.000498 58.959053    -81.48    136.51    -16.61
   397621.119925 14.597654  0.000657 60.255358   -106.89     29.78     -0.86
   397714.242929 14.597336  0.000589 60.924216   -123.72     91.69     -4.82
   397807.365934 14.597217  0.000466 58.455944   -148.36    -33.86    -19.64
   397900.488938 14.597669  0.000511 62.137214   -168.00    -42.18     -0.43
   397993.611943 14.599571  0.000635 58.119856    171.52    132.47     -7.13
   398086.734947 14.597887  0.000348 61.456826    147.45     83.89      7.35
   398179.857951 14.599780  0.000579 59.730547    130.53   -148.32     -4.32
   398272.980956 14.600705  0.000566 59.346741    104.62    139.66    -12.45
   398366.103960 14.602186  0.000672 61.847012     87.25   -163.89     -1.20
   398459.226965 14.601442  0.000581 57.805328     64.01     69.52     -5.15
   398552.349969 14.600329  0.000318 62.302910     42.52     93.03     -4.98
   398645.472974 14.602233  0.000527 58.525433     23.85   -105.43     10.45
   398738.595978 14.602307  0.000479 60.691498     -1.54   -111.03     -4.19
   398831.718982 14.605217  0.000697 60.608165    -18.06      7.83      4.52
   398924.841987 14.603761  0.000543 58.693037    -43.58    -60.18      4.30
   399017.964991 14.604433  0.000529 62.011201    -61.86     15.95     10.50
   399111.087996 14.603808  0.000366 58.025583    -84.12   -103.40     11.15
   399204.211000 14.605747  0.000606 61.904357   -106.27    -57.46      3.46
   399297.334005 14.607125  0.000629 58.757592   -124.81    147.12     -9.41
   399390.457009 14.605719  0.000426 60.711876   -150.01    139.32     -8.31
   399483.580013 14.607634  0.000632 60.284994   -166.73    -82.40     -3.09
   399576.703018 14.607890  0.000539 59.066704    167.67   -155.94     17.76
   399669.826022 14.607613  0.000489 61.834852    149.81    -38.34     -2.61
   399762.949027 14.608089  0.000465 57.887451    126.76   -146.48      4.71
   399856.072031 14.607747  0.000325 62.326732    105.42    -89.99      2.01
   399949.195036 14.609579  0.000543 58.244220     86.30    115.91      5.18
   400042.318040 14.611132  0.000630 61.190709     61.35    141.32     -8.74
   400135.441044 14.609465  0.000344 59.958364     44.71    -58.82     -8.07
   400228.564049 14.611799  0.000629 59.346653     18.65    -97.28     -3.19
   400321.687053 14.612988  0.000644 61.539999      1.55      4.99     10.24
   400414.810058 14.611458  0.000431 58.199729    -22.67    -69.03      2.77
   400507.933062 14.612823  0.000557 62.098375    -42.45      1.69      4.81
   400601.056066 14.612741  0.000433 58.111340    -63.53   -141.33     18.45
   400694.179071 14.614105  0.000583 61.807863    -86.47    -99.48      6.12
   400787.302075 14.614297  0.000528 58.732192   -104.68     98.45     -8.23
   400880.425080 14.613888  0.000380 60.862555   -130.02     59.52     17.06
   400973.548084 14.615780  0.000606 60.050337   -146.64   -142.15     -4.42
   401066.671089 14.617568  0.000685 59.348646   -172.64    159.57     -3.33
   401159.794093 14.616415  0.000515 61.591554    170.24   -125.63     13.88
   401252.917097 14.617386  0.000597 58.044694    145.90    140.63      4.39
   401346.040102 14.618826  0.000641 62.340039    126.27   -174.01      9.21
   401439.163106 14.619154  0.000652 57.900350    105.02     40.61      3.59
   401532.286111 14.618150  0.000504 61.929668     82.26     55.34     -2.12
   401625.409115 14.619836  0.000584 58.665443     63.72   -160.14     16.03
   401718.532120 14.619667  0.000571 61.020964     38.77   -172.54     -5.29
   401811.655124 14.620864  0.000611 59.614641     21.75    -50.83     -8.90
   401904.778128 14.621639  0.000610 60.031156     -4.11   -147.86     11.09
   401997.901133 14.621532  0.000602 60.696655    -20.83    -66.24      3.34
   402091.024137 14.623256  0.000674 58.876453    -46.35    172.57      4.31
   402184.147142 14.623621  0.000672 61.854404    -64.11   -155.61      3.21
   402277.270146 14.622538  0.000528 57.915807    -87.84     46.02     -3.41
   402370.393151 14.623908  0.000579 62.379326   -107.96     16.55     15.99
   402463.516155 14.624326  0.000592 57.867379   -129.02   -170.12     -8.42
   402556.639159 14.625271  0.000654 61.998441   -151.78    134.68     -3.52
   402649.762164 14.624657  0.000486 58.512571   -170.56   -143.57     18.78
   402742.885168 14.625133  0.000536 61.281301    164.83    141.88      1.37
   402836.008173 14.625906  0.000523 59.193153    147.45   -166.86     10.99
   402929.131177 14.626083  0.000473 60.604931    121.79     54.73     15.38
   403022.254181 14.627574  0.000641 59.989483    105.17     87.35      0.42
   403115.377186 14.626193  0.000349 59.663089     79.07    -76.71    -10.83
   403208.500190 14.628211  0.000557 61.086820     62.36   -124.75     12.12
   403301.623195 14.628079  0.000501 58.592259     36.90     27.25      2.43
   403394.746199 14.629851  0.000596 61.923404     19.01    -21.21    -14.85
   403487.869204 14.630345  0.000639 58.045812     -4.80     59.41      2.88
   403580.992208 14.631030  0.000646 62.100388    -24.50    -40.74     -2.33
   403674.115212 14.632426  0.000684 58.048107    -46.53      9.96      2.05
   403767.238217 14.631648  0.000633 62.064830    -67.87   -131.49     -2.41
   403860.361221 14.630499  0.000375 58.034896    -88.40   -126.34      5.52
   403953.484226 14.632766  0.000592 62.081302   -111.26     40.18     12.66
   404046.607230 14.632361  0.000523 58.159279   -130.22     25.35     -1.98
   404139.730235 14.634802  0.000676 61.740339   -154.66    165.09     -7.19
   404232.853239 14.633530  0.000511 58.800571   -172.20     76.21      9.36
   404325.976243 14.634437  0.000572 60.953117    162.23    174.54      6.10
   404419.099248 14.633682  0.000374 59.570409    145.39     50.04     17.15
   404512.222252 14.634949  0.000518 60.330054    119.50    117.19      4.12
   404605.345257 14.637003  0.000665 59.979951    102.76    -32.22      0.13
   404698.468261 14.637320  0.000613 59.983094     76.81     -6.09    -12.44
   404791.591266 14.636684  0.000552 60.409481     60.13    144.56      2.89
   404884.714270 14.637484  0.000527 59.433034     34.13    136.52    -14.93
   404977.837274 14.637951  0.000530 61.104831     17.33   -124.87     11.95
   405070.960279 14.638274  0.000543 58.743882     -8.26    176.39      4.67
   405164.083283 14.637507  0.000325 61.593615    -25.73    -88.80     -3.42
   405257.206288 14.639271  0.000523 58.471404    -50.46    168.99     -8.37
   405350.329292 14.639557  0.000506 61.656173    -68.78   -155.64      4.58
   405443.452296 14.639882  0.000437 58.423727    -92.86     41.12     20.67
   405536.575301 14.641643  0.000643 61.815093   -111.70     68.62      2.07
   405629.698305 14.640392  0.000384 58.125536   -135.32   -117.43      2.03
   405722.821310 14.643255  0.000649 62.195729   -154.70   -153.72      8.20
   405815.944314 14.642350  0.000534 57.818760   -177.58    -14.28      2.85
   405909.067319 14.642220  0.000414 62.279689    162.19    -65.13    -13.95
   406002.190323 14.644921  0.000667 57.932498    140.14     18.08     -3.23
   406095.313327 14.644467  0.000610 62.069455    119.24    -86.69     -4.01
   406188.436332 14.645572  0.000598 58.054499     97.57    -20.85    -14.46
   406281.559336 14.645394  0.000591 62.124322     76.43   -173.32     -6.43
   406374.682341 14.645661  0.000527 57.856582     54.97   -172.37     10.03
   406467.805345 14.647898  0.000690 62.356000     33.51     11.76      3.42
   406560.928350 14.646451  0.000525 57.753105     12.55     -3.71     -2.64
   406654.051354 14.648101  0.000625 62.253854     -9.43    143.01     -8.68
   406747.174358 14.647225  0.000457 57.992923    -30.01     59.56     14.53
   406840.297363 14.648053  0.000551 62.028268    -52.16    175.10      1.98
   406933.420367 14.647151  0.000302 58.051981    -72.83     78.47      1.33
   407026.543372 14.648806  0.000483 62.157585    -94.82    152.48     -8.04
   407119.666376 14.649707  0.000530 57.818048   -115.60      3.08      7.10
   407212.789381 14.650997  0.000576 62.354601   -137.61     22.81     14.88
   407305.912385 14.651625  0.000641 57.794933   -158.24   -133.06     -1.42
   407399.035389 14.650922  0.000484 62.187982    179.64   -151.55      8.22
   407492.158394 14.653700  0.000694 58.024742    158.91      8.06     -0.73
   407585.281398 14.652291  0.000564 62.043676    137.12    -42.05      3.03
   407678.404403 14.651483  0.000332 57.975264    115.86     78.79     -2.78
   407771.527407 14.654283  0.000619 62.253136     94.59      1.42     -9.41
   407864.650411 14.654019  0.000570 57.749291     72.92     76.49     -5.51
   407957.773416 14.654604  0.000527 62.355851     51.94    -31.75    -17.51
   408050.896420 14.655147  0.000560 57.850721     30.05      1.08     -8.19
   408144.019425 14.655386  0.000544 62.080715      9.41   -170.18      6.80
   408237.142429 14.657527  0.000660 58.126729    -13.08   -165.76      8.97
   408330.265434 14.656681  0.000584 61.942608    -32.93     14.84     -5.10
   408423.388438 14.658490  0.000680 58.115311    -56.31    -20.03      1.96
   408516.511442 14.656205  0.000342 62.043048    -75.37    118.63     -6.97
   408609.634447 14.658137  0.000571 58.106388    -99.38     53.52     -4.93
   408702.757451 14.659667  0.000631 61.835869   -117.94    153.56    -10.60
   408795.880456 14.660181  0.000643 58.521077   -142.40     40.15      4.02
   408889.003460 14.660163  0.000623 61.281913   -160.38    105.58     -2.62
   408982.126465 14.661212  0.000622 59.044783    174.41    -17.82    -12.22
   409075.249469 14.660758  0.000568 60.946576    157.25     -0.12     -7.60
   409168.372473 14.661605  0.000591 59.303983    131.28    176.46      9.06
   409261.495478 14.663392  0.000687 60.687851    114.59    178.89     -6.40
   409354.618482 14.661929  0.000540 59.701435     88.45    -32.35      3.05
   409447.741487 14.662306  0.000474 60.032515     71.72    -62.41    -13.88
   409540.864491 14.664113  0.000622 60.496071     45.75     37.80      8.89
   409633.987496 14.663921  0.000582 59.217549     28.87    -38.60      3.99
   409727.110500 14.663491  0.000416 61.180257      3.05     37.49     17.01
   409820.233504 14.663825  0.000411 58.778749    -14.15    -62.00      0.61
   409913.356509 14.665636  0.000603 61.481148    -39.37    -12.62      6.12
   410006.479513 14.667189  0.000643 58.455918    -57.63   -166.25     10.92
   410099.602518 14.666953  0.000639 61.851821    -81.45   -134.25     -1.87
   410192.725522 14.666065  0.000432 57.968395   -101.32     34.81      8.52
   410285.848526 14.668734  0.000657 62.308345   -123.48     20.86      6.30
   410378.971531 14.667555  0.000522 57.727688   -144.92    174.53     -0.34
   410472.094535 14.668676  0.000553 62.207729   -165.57    136.95    -13.00
   410565.217540 14.669433  0.000584 58.148648    171.43   -132.02     10.40
   410658.340544 14.669648  0.000605 61.587066    152.43    149.37      4.23
   410751.463549 14.669140  0.000418 58.827650    127.69   -143.86     20.69
   410844.586553 14.669780  0.000474 60.991910    110.31    114.19      2.81
   410937.709557 14.671722  0.000625 59.439185     84.30    163.09      5.91
   411030.832562 14.673090  0.000679 60.313250     67.68     10.64      5.06
   411123.955566 14.672327  0.000609 60.291027     41.55     38.52     -3.87
   411217.078571 14.672195  0.000501 59.211439     24.53   -162.07     11.84
   411310.201575 14.674600  0.000690 61.441090     -0.83   -165.44      0.62
   411403.324580 14.673333  0.000545 58.202320    -18.93    -24.98      3.81
   411496.447584 14.673299  0.000432 62.133907    -42.95    -49.40    -19.13
   411589.570588 14.675627  0.000655 57.896495    -62.81     39.70      4.17
   411682.693593 14.675744  0.000640 62.076636    -84.70    -38.90      1.84
   411775.816597 14.675648  0.000509 58.151283   -107.04     28.48     17.36
   411868.939602 14.675727  0.000519 61.725632   -126.29    -74.92      5.08
   411962.062606 14.677571  0.000647 58.635042   -151.07    -20.20      4.35
   412055.185611 14.678835  0.000684 61.078930   -168.37   -168.59      3.64
   412148.308615 14.677833  0.000596 59.592491    165.62   -137.31     -4.43
   412241.431619 14.677651  0.000466 59.797352    148.79     22.68     15.34
   412334.554624 14.679976  0.000669 61.011320    123.00     26.85      2.39
   412427.677628 14.678907  0.000533 58.432767    105.34    175.11      3.56
   412520.800633 14.680229  0.000570 62.057263     80.93    152.59    -14.41
   412613.923637 14.680287  0.000554 57.879258     61.31   -110.67      8.41
   412707.046641 14.680751  0.000571 62.090399     39.39    178.17      6.54
   412800.169646 14.679484  0.000285 58.215341     16.81    -80.17     -3.60
   412893.292650 14.681462  0.000543 61.511988     -2.05    174.32     -4.95
   412986.415655 14.681182  0.000394 59.031979    -27.37   -134.20      7.65
   413079.538659 14.681289  0.000333 60.531799    -44.23     86.51      7.65
   413172.661664 14.683543  0.000612 60.246481    -70.47    125.13      3.45
   413265.784668 14.684771  0.000619 59.085632    -87.54    -30.39     -9.70
   413358.907672 14.683760  0.000475 61.684505   -112.49    -27.80     -9.70
   413452.030677 14.685442  0.000632 57.868775   -131.71    124.53      1.46
   413545.153681 14.683729  0.000312 62.351222   -153.99    106.55     -9.72
   413638.276686 14.686700  0.000649 57.927152   -176.25   -129.08      1.68
   413731.399690 14.686975  0.000631 61.579179    164.55    165.79      5.86
   413824.522695 14.685167  0.000300 59.226987    139.46    -78.80     -0.94
   413917.645699 14.687148  0.000553 60.063848    122.50   -168.18     -4.29
   414010.768703 14.686762  0.000390 60.769028     96.27    -81.60     -9.85
   414103.891708 14.688241  0.000500 58.732691     79.07    160.82    -14.43
   414197.014712 14.688535  0.000539 61.787128     54.55   -163.29      0.09
   414290.137717 14.688675  0.000428 58.002233     34.30     31.07     17.77
   414383.260721 14.690189  0.000582 62.053134     13.51     57.62      8.85
   414476.383726 14.690016  0.000511 58.338974    -10.53    -99.06     -7.45
   414569.506730 14.690109  0.000417 61.088109    -28.16   -140.53     20.41
   414662.629734 14.691971  0.000632 59.909826    -54.15     42.41     -2.98
   414755.752739 14.692670  0.000614 59.135340    -71.21     -9.77      7.28
   414848.875743 14.691612  0.000425 61.782031    -96.28    143.17    -15.51
   414941.998748 14.693352  0.000613 57.788683   -115.60     62.26     -2.98
   415035.121752 14.694941  0.000676 62.242127   -137.48    161.35     -2.11
   415128.244756 14.694152  0.000552 58.287222   -160.58     52.62     12.93
   415221.367761 14.694971  0.000634 60.939104   -178.78    131.91      2.58
   415314.490765 14.696534  0.000664 60.085510    155.29      7.08      8.78
   415407.613770 14.696236  0.000633 59.116792    138.48     51.71      3.55
   415500.736774 14.695690  0.000517 61.631724    113.09    -82.57     -8.26
   415593.859779 14.694942  0.000314 58.066159     93.76    -68.23     -8.49
   415686.982783 14.697052  0.000581 61.971288     72.29    101.30      4.59
   415780.105787 14.696890  0.000459 58.459198     48.45    110.78    -13.38
   415873.228792 14.697481  0.000459 60.893351     30.94   -128.78     17.78
   415966.351796 14.698271  0.000545 60.168551      4.75   -141.30     -3.29
   416059.474801 14.700763  0.000691 58.877953    -12.52    -15.32     -4.28
   416152.597805 14.698911  0.000472 61.951891    -36.83    -89.29      6.95
   416245.720810 14.699653  0.000501 57.758460    -57.68     14.64      4.82
   416338.843814 14.699251  0.000348 61.988951    -77.67    -59.19    -14.19
   416431.966818 14.701166  0.000565 58.940642   -102.54     10.92     -6.14
   416525.089823 14.700711  0.000443 59.887932   -119.69   -113.27     -3.11
   416618.212827 14.700740  0.000356 61.343126   -145.44    -49.36    -14.61
   416711.335832 14.702249  0.000526 57.926750   -163.94    146.32      3.24
   416804.458836 14.704627  0.000687 62.260313    173.51    170.76      3.07
   416897.581841 14.704717  0.000641 58.290232    150.57     11.21     -6.48
   416990.704845 14.703855  0.000545 60.736324    132.48     -4.37      3.62
   417083.827849 14.706270  0.000675 60.497790    106.44    171.02     -3.49
   417176.950854 14.704358  0.000444 58.592554     89.23    138.93     -3.93
   417270.073858 14.705726  0.000570 61.989544     64.98    -76.85     -6.47
   417363.196863 14.706606  0.000560 58.086441     43.62   -154.88     17.25
   417456.319867 14.706154  0.000513 61.341508     24.47    -24.56     -1.73
   417549.442871 14.705934  0.000374 59.731685     -1.33    -94.50     -6.76
   417642.565876 14.708465  0.000607 59.250759    -18.15     -5.23    -12.21
   417735.688880 14.708325  0.000595 61.678303    -43.23   -114.88     -3.34
   417828.811885 14.708771  0.000524 57.967976    -63.64    -40.60    -14.98
   417921.934889 14.709812  0.000611 61.782712    -83.58   -177.90     -8.37
   418015.057894 14.709144  0.000495 59.184392   -108.91   -143.64     -0.11
   418108.180898 14.709192  0.000399 59.626347   -125.85     37.80     20.81
   418201.303902 14.711091  0.000613 61.569290   -151.13     70.34      5.58
   418294.426907 14.710355  0.000446 57.830540   -171.17    -95.05     -7.72
   418387.549911 14.711023  0.000442 62.001521    168.44   -132.93     18.80
   418480.672916 14.712478  0.000597 59.029635    143.42     50.85     -3.83
   418573.795920 14.713493  0.000613 59.584650    126.32     -0.03      9.37
   418666.918925 14.712960  0.000497 61.727599    101.09    159.43    -13.30
   418760.041929 14.714156  0.000621 57.698548     81.07     90.07     -2.80
   418853.164933 14.715417  0.000644 61.950528     60.66   -174.23     10.86
   418946.287938 14.713837  0.000447 59.276987     35.64    114.95      2.84
   419039.410942 14.714764  0.000500 59.232052     18.44   -165.25      6.42
   419132.533947 14.714055  0.000297 61.981648     -6.57    103.60     -4.61
   419225.656951 14.715787  0.000503 57.723417    -27.05    163.34     -1.90
   419318.779956 14.716378  0.000492 61.587601    -46.92     21.61     10.61
   419411.902960 14.716500  0.000429 59.841004    -72.32     61.01     14.44
   419505.025964 14.718208  0.000625 58.728556    -89.52    -81.91      2.55
   419598.148969 14.718204  0.000519 62.158659   -113.99    -42.50    -16.63
   419691.271973 14.717612  0.000389 57.999087   -135.50    131.94     -5.50
   419784.394978 14.719918  0.000645 60.940375   -154.33    120.02     -0.83
   419877.517982 14.718311  0.000330 60.593033    179.75    -58.37    -15.31
   419970.640986 14.720656  0.000601 58.239609    162.10   -111.26      6.17
   420063.763991 14.720183  0.000481 62.121080    138.93     30.99      6.89
   420156.886995 14.722653  0.000654 58.576257    115.74     -3.13     -7.92
   420250.010000 14.721935  0.000589 60.078793     98.18     99.47      4.86
   420343.133004 14.721912  0.000481 61.359002     72.20     21.82     14.63
   420436.256009 14.721789  0.000406 57.966010     53.17    144.84    -14.10
   420529.379013 14.722988  0.000547 61.704365     32.15     39.33     -2.69
   420622.502017 14.722963  0.000416 59.539800      7.06    134.23    -19.26
   420715.625022 14.724634  0.000582 59.047381     -9.94      3.87     -8.86
   420808.748026 14.724164  0.000483 61.927777    -34.71     52.90     -0.96
   420901.871031 14.723610  0.000292 58.162655    -56.29    -83.25     -2.06
   420994.994035 14.725312  0.000504 60.784819    -74.76    -59.27      3.41
   421088.117040 14.727515  0.000663 60.759580   -100.89    151.57     -1.26
   421181.240044 14.727597  0.000590 58.185771   -119.05    172.34    -14.24
   421274.363048 14.727032  0.000551 61.875530   -141.05    -23.09      2.44
   421367.486053 14.729240  0.000659 59.167371   -165.62    -20.91     -6.63
   421460.609057 14.727345  0.000413 59.359064    177.36    135.57     -7.65
   421553.732062 14.729215  0.000611 61.806098    152.30    104.37     -3.41
   421646.855066 14.728365  0.000392 58.120021    130.96   -137.99     17.94
   421739.978071 14.730281  0.000601 60.846976    112.41   -167.36     -6.55
   421833.101075 14.731143  0.000637 60.760332     86.28    -46.49     -4.07
   421926.224079 14.730582  0.000487 58.150765     67.89   -145.26     20.30
   422019.347084 14.730905  0.000529 61.799358     46.34    -26.92      0.67
   422112.470088 14.730474  0.000346 59.422792     21.34   -119.58      5.33
   422205.593093 14.731832  0.000465 59.032147      4.27    -24.90    -15.05
   422298.716097 14.732508  0.000538 61.940034    -20.08   -147.01     -1.41
   422391.839101 14.731804  0.000319 58.367831    -42.57    -80.54     -8.09
   422484.962106 14.733074  0.000450 60.266859    -60.31    144.79     -8.05
   422578.085110 14.734403  0.000568 61.334781    -86.22    173.70      6.63
   422671.208115 14.736022  0.000630 58.000235   -106.02     15.28     12.92
   422764.331119 14.736022  0.000648 61.287030   -125.80     47.03     -0.56
   422857.454124 14.734682  0.000394 60.361082   -151.72   -122.76      3.83
   422950.577128 14.736294  0.000515 58.279149   -169.57   -138.41     16.59
   423043.700132 14.737012  0.000596 61.878049    168.19     53.39     -3.12
   423136.823137 14.737280  0.000511 59.318995    143.53     19.12     15.91
   423229.946141 14.738950  0.000640 59.011599    126.40   -170.20     -6.64
   423323.069146 14.738671  0.000616 61.967849    102.09    145.30      3.76
   423416.192150 14.737300  0.000320 58.523090     79.33    -59.42    -16.73
   423509.315155 14.740227  0.000654 59.868526     61.74   -137.06      1.67
   423602.438159 14.740749  0.000650 61.691210     36.14    -19.71      3.71
   423695.561163 14.738724  0.000307 58.052287     15.39    -98.78      7.92
   423788.684168 14.740618  0.000548 60.686848     -3.44      8.16     -4.28
   423881.807172 14.740518  0.000428 61.139139    -29.42    -72.30    -11.53
   423974.930177 14.742927  0.000625 57.932108    -48.54      2.02     -9.32
   424068.053181 14.742522  0.000603 61.340821    -68.92   -114.20     -3.73
   424161.176186 14.742842  0.000519 60.484808    -94.63    -34.18    -18.77
   424254.299190 14.743793  0.000584 58.056589   -112.67   -174.11     -9.89
   424347.422194 14.743189  0.000491 61.825542   -134.60   -141.45      1.88
   424440.545199 14.742883  0.000326 59.803380   -159.55     64.10     13.93
   424533.668203 14.744803  0.000554 58.362864   -177.09     94.61      5.97
   424626.791208 14.745756  0.000592 62.109120    159.78    -51.17     -8.81
   424719.914212 14.745008  0.000426 59.185035    135.73    -32.41    -16.80
   424813.037216 14.746336  0.000571 58.773506    118.28    122.84      4.89
   424906.160221 14.746901  0.000535 62.235944     94.23    138.34    -16.14
   424999.283225 14.746130  0.000387 58.652588     71.05    -79.00      5.73
   425092.406230 14.747940  0.000582 59.230470     53.40    -95.70     -5.45
   425185.529234 14.748045  0.000486 62.216917     28.81     28.89     19.38
   425278.652239 14.749112  0.000585 58.249942      6.35     14.23     -6.78
   425371.775243 14.750200  0.000647 59.675827    -11.56    136.68     -1.70
   425464.898247 14.748421  0.000341 62.077566    -36.49     66.81     12.98
   425558.021252 14.750246  0.000556 58.001967    -58.41   -160.55     -5.24
   425651.144256 14.751089  0.000560 60.062179    -76.57    129.39    -11.84
   425744.267261 14.752443  0.000644 61.874274   -101.72   -149.44      7.58
   425837.390265 14.752257  0.000621 57.887638   -123.31    125.33      3.20
   425930.513270 14.752841  0.000576 60.352179   -141.60   -166.95     14.69
   426023.636274 14.752120  0.000467 61.670387   -166.91     99.69      5.16
   426116.759278 14.753585  0.000577 57.896342    171.74    164.87      6.65
   426209.882283 14.753665  0.000499 60.471083    153.41     28.05     19.04
   426303.005287 14.754233  0.000562 61.548097    127.98     95.47      5.73
   426396.128292 14.756006  0.000660 57.977553    106.70    -33.40     -1.96
   426489.251296 14.756890  0.000673 60.438051     88.40      3.23     -6.28
   426582.374301 14.755570  0.000557 61.521681     62.86   -148.02     -3.32
   426675.497305 14.755467  0.000412 58.113512     41.57   -148.04     17.16
   426768.620309 14.757169  0.000579 60.242098     23.36     48.05     10.75
   426861.743314 14.757117  0.000553 61.630496     -2.15     73.24     -4.91
   426954.866318 14.756479  0.000352 58.223025    -23.60   -130.87     17.30
   427047.989323 14.759015  0.000634 59.961112    -41.70   -130.46      4.50
   427141.112327 14.758010  0.000466 61.825251    -67.07     35.92      5.66
   427234.235331 14.761062  0.000691 58.341124    -88.88     12.89      5.06
   427327.358336 14.759292  0.000514 59.589124   -106.88    165.43     -1.31
   427420.481340 14.760830  0.000590 62.072386   -131.87    141.84    -12.12
   427513.604345 14.759900  0.000426 58.469772   -154.26   -107.90     13.04
   427606.727349 14.760892  0.000531 59.213930   -172.12   -146.44     -3.29
   427699.850354 14.763110  0.000659 62.240937    163.48    -18.21     -7.74
   427792.973358 14.761853  0.000500 58.710674    140.32    -99.91      9.26
   427886.096362 14.762336  0.000510 58.825247    122.51      7.96      5.89
   427979.219367 14.762020  0.000366 62.295349     98.93    -43.70    -20.28
   428072.342371 14.764147  0.000610 59.077128     74.86     36.52     -4.55
   428165.465376 14.764583  0.000573 58.484763     56.95    -52.88    -10.91
   428258.588380 14.766266  0.000681 62.116285     34.46     14.79      2.28
   428351.711385 14.765694  0.000622 59.665037      9.51    -85.98      0.08
   428444.834389 14.767253  0.000668 58.171288     -8.75    -19.06     -2.31
   428537.957393 14.767266  0.000648 61.708247    -30.01   -147.61      6.32
   428631.080398 14.767084  0.000613 60.406515    -55.61    -78.43     -4.58
   428724.203402 14.767942  0.000581 58.001113    -74.67    158.23    -15.66
   428817.326407 14.767911  0.000582 61.010955    -94.64   -170.30     -7.27
   428910.449411 14.767420  0.000449 61.239159   -120.44     34.38      7.47
   429003.572416 14.767814  0.000408 58.019126   -140.74     51.60     17.74
   429096.695420 14.769557  0.000616 60.128677   -159.53    -93.49      3.15
   429189.818424 14.769351  0.000495 61.914454    175.13    -55.97    -14.10
   429282.941429 14.768840  0.000356 58.375109    153.19    128.36     -8.05
   429376.064433 14.771099  0.000623 59.154059    135.14    118.86      3.00
   429469.187438 14.770836  0.000479 62.271164    110.99    -38.13    -19.22
   429562.310442 14.770750  0.000442 59.071912     87.28    -67.69      4.30
   429655.433446 14.772410  0.000585 58.328875     69.24    106.90     -6.46
   429748.556451 14.771048  0.000315 62.065536     46.96     69.91     11.61
   429841.679455 14.773720  0.000628 60.091141     21.87   -120.41     -0.20
   429934.802460 14.773331  0.000500 57.874996      2.88   -165.17     11.72
   430027.925464 14.775327  0.000637 61.251388    -17.26     -2.13     -9.58
   430121.048469 14.774738  0.000597 61.160894    -42.89    -54.09      3.82
   430214.171473 14.773395  0.000302 58.066490    -63.72     84.72     -3.34
   430307.294477 14.776864  0.000672 59.930079    -82.10     24.45      0.19
   430400.417482 14.776617  0.000630 61.912110   -107.04    146.02      3.04
   430493.540486 14.774849  0.000285 58.935626   -130.08     82.05      3.70
   430586.663491 14.777475  0.000599 58.551200   -147.86   -161.40     -6.30
   430679.786495 14.778063  0.000602 61.927799   -170.82    125.02     -6.25
   430772.909500 14.778824  0.000590 60.277335    164.35   -152.59     13.27
   430866.032504 14.778277  0.000534 57.707130    145.47    127.42      5.11
   430959.155508 14.778379  0.000457 61.087388    125.11   -154.33     15.09
   431052.278513 14.778442  0.000404 61.537950     99.79    137.81    -10.47
   431145.401517 14.779510  0.000498 57.936442     78.38   -153.36     -0.38
   431238.524522 14.779043  0.000328 59.630700     60.11    108.57    -11.67
   431331.647526 14.781014  0.000549 62.061021     36.06    175.25     -7.93
   431424.770531 14.780759  0.000458 59.271728     11.94     55.26     -1.61
   431517.893535 14.780527  0.000331 58.300043     -6.17    125.45    -16.47
   431611.016539 14.782052  0.000517 61.400681    -27.57    -13.55     -3.93
   431704.139544 14.782481  0.000480 61.065256    -53.16     21.75     13.69
   431797.262548 14.782542  0.000411 57.978872    -73.36   -118.32     16.30
   431890.385553 14.784370  0.000618 59.751945    -92.21    -67.55      2.80
   431983.508557 14.785809  0.000657 62.196962   -116.89    160.84     -7.89
   432076.631561 14.785649  0.000616 59.045550   -140.21   -168.79     -6.93
   432169.754566 14.784851  0.000490 58.143483   -158.48     25.55      1.74
   432262.877570 14.785598  0.000477 61.793774    179.79     28.39     20.00
   432356.000575 14.786980  0.000625 60.840988    154.50   -115.67      3.66
   432449.123579 14.786048  0.000441 57.858263    134.01    -91.59     -8.76
   432542.246584 14.785838  0.000318 59.999332    115.37     71.24     13.15
   432635.369588 14.788330  0.000629 61.916701     90.83     89.59      0.96
   432728.492592 14.787088  0.000357 59.354157     67.03    -75.57    -12.53
   432821.615597 14.788123  0.000437 58.154471     48.89   -109.17     12.46
   432914.738601 14.789519  0.000594 61.231002     27.52     78.27     -4.08
   433007.861606 14.788594  0.000357 61.458495      2.13     47.37     16.73
   433100.984610 14.791322  0.000650 57.997791    -18.85   -136.48      2.25
   433194.107615 14.790326  0.000492 59.214520    -37.42   -165.22      7.17
   433287.230619 14.793178  0.000700 62.246503    -61.03      1.16     -3.23
   433380.353623 14.791330  0.000517 59.791430    -85.56    -30.50      1.53
   433473.476628 14.792419  0.000538 57.876352   -104.70    129.18    -13.38
   433566.599632 14.791983  0.000422 60.752221   -124.51     62.03     14.53
   433659.722637 14.793087  0.000555 61.709189   -149.70   -137.49     -3.55
   433752.845641 14.795459  0.000675 58.849562   -172.44    172.92      2.41
   433845.968646 14.793139  0.000398 58.398600    169.52    -53.31     -3.41
   433939.091650 14.794497  0.000540 61.511164    147.36   -102.50     -5.37
   434032.214654 14.796833  0.000664 61.258651    122.14     10.75      8.61
   434125.337659 14.795080  0.000481 57.867983    101.38    -42.87      2.10
   434218.460663 14.795237  0.000422 59.314563     82.69     79.58     -5.32
   434311.583668 14.798323  0.000682 62.189982     59.18      9.63     -0.32
   434404.706672 14.797352  0.000593 59.970716     34.52    118.63      3.89
   434497.829676 14.796792  0.000406 57.887805     15.05     33.06     14.76
   434590.952681 14.797964  0.000506 60.302799     -4.32    163.37    -14.27
   434684.075685 14.798640  0.000573 61.898923    -29.16     77.49     -4.73
   434777.198690 14.801051  0.000690 59.455513    -52.70    174.43     -2.83
   434870.321694 14.799773  0.000568 57.894060    -71.20     74.37      8.21
   434963.444699 14.800664  0.000610 60.918874    -92.08    167.08      6.27
   435056.567703 14.799159  0.000329 61.912247   -117.11     72.85     10.99
   435149.690707 14.800657  0.000511 58.521099   -139.61    171.27     -1.74
   435242.813712 14.800284  0.000366 58.363961   -158.06     69.12     -0.25
   435335.936716 14.802014  0.000508 61.553394   -179.63    163.51    -16.17
   435429.059721 14.802358  0.000552 61.240877    155.02     51.00     -4.02
   435522.182725 14.802562  0.000458 58.435258    133.37    141.62    -21.31
   435615.305730 14.804271  0.000614 58.650837    115.13     14.69     -7.32
   435708.428734 14.803675  0.000518 61.644234     92.48     82.27     -5.77
   435801.551738 14.804900  0.000552 61.241751     67.44    -19.20    -16.53
   435894.674743 14.805385  0.000598 57.945881     46.46     31.15     -5.11
   435987.797747 14.804729  0.000444 58.952950     27.78    -87.92     -8.48
   436080.920752 14.805813  0.000492 62.005952      4.99    -20.49    -17.99
   436174.043756 14.806128  0.000537 60.695435    -20.09   -157.92     -2.55
   436267.166761 14.805286  0.000296 58.101421    -40.86   -115.02      6.30
   436360.289765 14.806261  0.000380 59.125622    -59.36    119.10     -1.09
   436453.412769 14.808086  0.000586 61.799458    -82.66    162.31      5.22
   436546.535774 14.809017  0.000565 60.952065   -107.53     20.10     15.43
   436639.658778 14.809263  0.000588 57.865336   -128.07     71.90      5.54
   436732.781783 14.809973  0.000609 59.055091   -146.94    -57.20     -6.57
   436825.904787 14.810792  0.000609 62.064256   -169.93    -10.85    -13.34
   436919.027791 14.810152  0.000550 60.692427    165.11   -160.65     -3.98
   437012.150796 14.809828  0.000398 58.095273    144.21   -145.93     15.46
   437105.273800 14.810666  0.000446 59.024206    125.71     64.29     14.49
   437198.396805 14.812347  0.000629 61.666254    102.73    111.34     -0.43
   437291.519809 14.813028  0.000586 61.223483     77.73    -22.94    -14.58
   437384.642814 14.812731  0.000535 58.090664     56.66     -2.75     -8.79
   437477.765818 14.813046  0.000524 58.597302     37.91   -176.17      7.39
   437570.888822 14.814577  0.000594 61.789711     15.65   -160.51     15.22
   437664.011827 14.814856  0.000637 61.232634     -9.40     59.60     -0.51
   437757.134831 14.813450  0.000369 58.477620    -31.38     86.90     -7.32
   437850.257836 14.813746  0.000333 58.425532    -49.79    -94.44      8.79
   437943.380840 14.816161  0.000622 61.084341    -71.48    -70.42      1.64
   438036.503845 14.816393  0.000535 61.877820    -96.53    145.96    -16.59
   438129.626849 14.815973  0.000455 58.895245   -119.09    152.03     -8.68
   438222.749853 14.817647  0.000607 57.855270   -138.03    -31.61      5.03
   438315.872858 14.819296  0.000673 60.823995   -158.62     -9.85     -7.08
   438408.995862 14.818022  0.000548 61.908843    176.79   -178.71     -6.49
   438502.118867 14.819231  0.000602 59.641322    152.94    175.71      9.58
   438595.241871 14.820925  0.000683 57.908486    133.68     10.72     -1.17
   438688.364876 14.819278  0.000532 59.666261    114.00     16.76     -3.22
   438781.487880 14.820713  0.000580 62.155316     90.04   -172.31     12.60
   438874.610884 14.821789  0.000654 60.566257     65.66   -154.81      0.41
   438967.733889 14.820543  0.000493 57.817219     44.96     27.91     -0.46
   439060.856893 14.822330  0.000585 59.024607     26.10     11.93     14.24
   439153.979898 14.822911  0.000650 61.581231      3.67   -151.14     -1.98
   439247.102902 14.821986  0.000482 61.416344    -21.48   -159.20      9.06
   439340.225906 14.824452  0.000656 58.788356    -43.51     18.91      9.45
   439433.348911 14.823488  0.000564 57.903029    -62.33     29.11     -5.56
   439526.471915 14.824227  0.000558 60.756163    -83.32   -171.97     12.21
   439619.594920 14.825849  0.000670 62.106080   -107.74   -162.35      0.76
   439712.717924 14.824493  0.000514 59.682859   -131.63     15.56      0.69
   439805.840929 14.826885  0.000656 57.928390   -151.45      1.00      8.54
   439898.963933 14.826576  0.000606 59.347924   -170.65   -170.06     -8.69
   439992.086937 14.826546  0.000583 61.772977    165.97    170.41      6.61
   440085.209942 14.828636  0.000679 61.354493    141.24     -1.91     -5.37
   440178.332946 14.826854  0.000500 58.297838    119.54    -12.03     -2.43
   440271.455951 14.829124  0.000655 58.157686    100.54    154.96      0.96
   440364.578955 14.828402  0.000517 60.898617     79.62    162.78    -15.83
   440457.701960 14.828748  0.000567 61.864739     55.00    -41.90      3.40
   440550.824964 14.829946  0.000579 60.047004     31.13    -31.51    -13.33
   440643.947968 14.828545  0.000384 57.829724     11.28    129.29     -4.87
   440737.070973 14.830939  0.000637 58.967399     -8.14    115.17     -1.24
   440830.193977 14.829196  0.000320 61.862768    -30.88    -55.52    -18.66
   440923.316982 14.831137  0.000553 61.400543    -55.65    -86.36      5.63
   441016.439986 14.831157  0.000470 58.860910    -78.23    102.72    -11.23
   441109.562991 14.830864  0.000348 58.005073    -97.22     64.78     14.86
   441202.685995 14.833178  0.000628 59.928659   -117.50   -110.40     -0.12
   441295.808999 14.831848  0.000360 62.119081   -141.51   -123.76      6.79
   441388.932004 14.834119  0.000580 60.836704   -165.83     43.91     12.27
   441482.055008 14.833719  0.000513 58.077014    172.79     52.57     -4.71
   441575.178013 14.834763  0.000528 58.401630    153.82   -161.63     18.76
   441668.301017 14.835952  0.000646 60.744639    132.66   -149.62     -1.92
   441761.424021 14.835217  0.000512 61.987017    108.04     15.92      8.06
   441854.547026 14.837637  0.000669 60.312678     84.24     12.72      5.65
   441947.670030 14.836435  0.000541 57.778464     63.80   -164.17     -5.27
   442040.793035 14.837811  0.000614 58.669291     44.51    173.73      8.77
   442133.916039 14.838876  0.000654 61.340888     22.68      4.07     -7.54
   442227.039044 14.837642  0.000541 61.758926     -2.07     -8.38      2.79
   442320.162048 14.840319  0.000688 59.906735    -25.57    171.86     -0.23
   442413.285052 14.838904  0.000526 57.781558    -45.51    176.23    -10.31
   442506.408057 14.839876  0.000597 58.798441    -65.03    -24.22      5.53
   442599.531061 14.841233  0.000637 61.592146    -87.32    -11.06     -9.54
   442692.654066 14.839956  0.000515 61.717742   -111.94    164.34     -4.01
   442785.777070 14.842016  0.000648 59.604231   -135.34    158.86      2.83
   442878.900075 14.842192  0.000598 57.917397   -155.15     -6.72    -13.39
   442972.023079 14.841425  0.000520 58.789967   -174.67    -23.16      2.46
   443065.146083 14.843978  0.000687 61.542808    162.82    164.93     -2.36
   443158.269088 14.843116  0.000577 61.859289    138.34    178.16    -10.29
   443251.392092 14.843297  0.000563 59.564735    114.87    -12.18      6.48
   443344.515097 14.845595  0.000685 57.975982     94.81     -1.86      0.12
   443437.638101 14.844478  0.000568 58.715765     75.51   -169.87     -7.56
   443530.761106 14.844689  0.000549 61.202335     53.18   -177.17      8.77
   443623.884110 14.846755  0.000663 62.108710     28.77     15.73      7.14
   443717.007114 14.845780  0.000582 59.845783      5.14     40.01     -4.73
   443810.130119 14.845249  0.000402 58.020876    -15.51   -150.07     16.62
   443903.253123 14.847016  0.000561 58.503101    -34.63   -135.14     12.29
   443996.376128 14.847234  0.000584 60.696650    -56.35     76.81     -4.44
   444089.499132 14.845948  0.000300 62.210664    -80.60     98.12     -7.12
   444182.622136 14.847372  0.000463 60.515089   -104.54    -74.80      5.37
   444275.745141 14.849373  0.000637 58.186199   -125.96    -47.58     -2.10
   444368.868145 14.849824  0.000577 58.190435   -145.16    164.83    -15.87
   444461.991150 14.849124  0.000517 60.020352   -165.91    175.81     -4.94
   444555.114154 14.850344  0.000563 62.013680    170.27      5.15     12.64
   444648.237159 14.851279  0.000602 61.366490    145.99     35.37     10.61
   444741.360163 14.851231  0.000597 58.784193    123.57   -100.52     -4.29
   444834.483167 14.850289  0.000374 57.896250    103.85    -58.84    -17.57
   444927.606172 14.851031  0.000418 59.197614     84.10    140.70     -7.23
   445020.729176 14.852524  0.000581 61.345995     61.34    163.22      5.66
   445113.852181 14.854016  0.000619 62.077131     36.92     14.50     12.63
   445206.975185 14.854006  0.000634 59.893293     13.49     64.57      2.06
   445300.098190 14.853722  0.000519 58.013235     -7.42    -59.97    -13.46
   445393.221194 14.854351  0.000515 58.338588    -26.67    -15.98    -17.74
   445486.344198 14.854414  0.000526 60.223535    -47.89   -167.20     -2.23
   445579.467203 14.854061  0.000373 62.107096    -71.73   -133.42     12.95
   445672.590207 14.854619  0.000395 61.284370    -95.92    109.16      1.23
   445765.713212 14.856343  0.000569 58.883821   -118.41    157.24      5.73
   445858.836216 14.857147  0.000551 57.920357   -138.27     17.25     17.79
   445951.959221 14.857055  0.000534 58.841833   -157.99     79.88      9.35
   446045.082225 14.858684  0.000653 61.109319    179.61    -31.96      1.07
   446138.205229 14.859345  0.000629 62.176419    155.50     21.39     10.72
   446231.328234 14.859018  0.000618 60.461888    131.56    -84.28      2.31
   446324.451238 14.860591  0.000669 58.525291    109.93    -15.82      0.51
   446417.574243 14.860178  0.000579 57.897817     90.49   -139.46     10.77
   446510.697247 14.860508  0.000612 59.287324     70.05    -60.34      2.61
   446603.820251 14.861676  0.000630 61.677789     47.23   -173.83     11.76
   446696.943256 14.860461  0.000485 61.864473     23.00    -91.40      8.54
   446790.066260 14.861802  0.000579 60.186061     -0.73    171.07      8.59
   446883.189265 14.860328  0.000301 58.372094    -21.77   -112.47     14.31
   446976.312269 14.861967  0.000497 57.782824    -41.37    168.24     -2.32
   447069.435274 14.861737  0.000385 59.685629    -62.10   -101.82     -3.76
   447162.558278 14.864348  0.000618 61.726796    -84.91    177.18    -10.17
   447255.681282 14.864276  0.000622 61.715598   -109.31    -93.60     -1.66
   447348.804287 14.865918  0.000661 60.344056   -132.82    178.13      6.55
   447441.927291 14.863809  0.000419 58.206296   -153.86    -82.08      7.14
   447535.050296 14.864609  0.000472 57.784402   -173.72   -155.06      3.45
   447628.173300 14.865807  0.000502 59.691443    165.81    -25.44    -19.62
   447721.296305 14.866803  0.000626 61.377983    143.06   -116.08      2.91
   447814.419309 14.867372  0.000605 61.971283    118.68     -4.09      8.21
   447907.542313 14.866063  0.000379 60.621295     95.18    -41.72    -15.14
   448000.665318 14.868084  0.000610 58.315193     73.56     67.78     -3.24
   448093.788322 14.869337  0.000625 57.876172     53.62     -1.88      9.78
   448186.911327 14.867697  0.000414 59.096995     33.55    146.71    -12.45
   448280.034331 14.869361  0.000597 60.947826     11.13     91.76     -4.58
   448373.157336 14.869539  0.000497 62.216489    -12.84   -155.60     20.14
   448466.280340 14.870176  0.000567 60.987212    -36.75   -168.45     -6.13
   448559.403344 14.871596  0.000641 59.064006    -59.21    -30.87      0.25
   448652.526349 14.869567  0.000324 57.932843    -79.38    -51.94    -13.85
   448745.649353 14.871971  0.000612 58.216902    -99.28     80.77      2.18
   448838.772358 14.870716  0.000373 60.331400   -120.81     48.19      9.17
   448931.895362 14.873645  0.000644 61.910011   -144.03   -150.61      6.93
   449025.018366 14.872425  0.000516 61.611335   -168.35   -160.00      1.05
   449118.141371 14.875150  0.000672 60.291692    168.40      2.13      6.26
   449211.264375 14.873988  0.000550 58.218293    147.22      5.88     -8.20
   449304.387380 14.874857  0.000588 57.731602    127.11    163.65      7.06
   449397.510384 14.876377  0.000651 59.215755    106.83    174.76     -7.40
   449490.633389 14.874939  0.000523 60.852736     84.64     -5.36     -4.58
   449583.756393 14.876760  0.000629 62.058378     60.68     -8.09      7.12
   449676.879397 14.877845  0.000682 61.466261     36.82   -167.38     -1.38
   449770.002402 14.876283  0.000514 59.396516     13.99   -150.13     -2.22
   449863.125406 14.876654  0.000447 58.146006     -6.89     25.77     20.60
   449956.248411 14.877987  0.000572 57.912601    -26.69     58.46      9.58
   450049.371415 14.878396  0.000578 59.294673    -47.60    -78.40     -5.62
   450142.494420 14.878287  0.000463 61.394035    -70.07    -31.34    -19.48
   450235.617424 14.878800  0.000529 61.917479    -93.90    173.48     -5.40
   450328.740428 14.879101  0.000474 61.261116   -117.95   -159.29     11.65
   450421.863433 14.878916  0.000376 59.576990   -140.38     60.68     18.25
   450514.986437 14.880642  0.000581 57.818119   -161.31    124.38      5.06
   450608.109442 14.882497  0.000652 58.034499    178.59     -4.02      7.85
   450701.232446 14.881772  0.000559 59.315159    158.00     52.06     10.75
   450794.355451 14.882548  0.000630 60.953218    135.45    -51.52      0.74
   450887.478455 14.883681  0.000635 62.185360    111.73     10.38     10.55
   450980.601459 14.882705  0.000533 61.370557     87.88    -88.72      6.22
   451073.724464 14.883928  0.000593 59.806090     64.85     -9.30      8.28
   451166.847468 14.882288  0.000316 58.368402     43.77   -114.08     16.91
   451259.970473 14.883813  0.000499 57.610555     23.56     -7.72     -0.96
   451353.093477 14.883355  0.000337 58.851216      2.98    -83.83    -10.76
   451446.216481 14.886458  0.000651 60.560960    -18.72     10.54     -5.65
   451539.339486 14.886245  0.000621 61.672381    -42.18    -67.43     -0.67
   451632.462490 14.886027  0.000482 62.036007    -66.14     25.38     18.71
   451725.585495 14.886341  0.000505 60.582135    -89.44    -11.55     -7.73
   451818.708499 14.887306  0.000559 58.876176   -111.64    110.64     -8.25
   451911.831504 14.887875  0.000530 57.984590   -132.17     27.84     19.20
   452004.954508 14.887712  0.000510 57.888797   -152.37   -178.16     -4.79
   452098.077512 14.889535  0.000622 59.454368   -173.52    143.38     -9.64
   452191.200517 14.887669  0.000347 61.144738    164.20    -92.35      8.42
   452284.323521 14.889596  0.000583 61.826308    140.48   -109.95     -4.10
   452377.446526 14.889828  0.000493 61.804040    116.60     22.84     18.39
   452470.569530 14.891386  0.000639 60.235464     93.62     23.94     -3.04
   452563.692535 14.890832  0.000536 58.572993     71.71    178.02      8.05
   452656.815539 14.893364  0.000692 57.935093     51.23    178.28     -3.39
   452749.938543 14.891469  0.000501 57.993375     30.95     -4.87     -5.79
   452843.061548 14.893473  0.000647 59.500434      9.63    -14.25      5.31
   452936.184552 14.894275  0.000654 61.176547    -12.69   -175.19     -6.17
   453029.307557 14.892924  0.000528 61.804468    -36.32   -165.26     -0.86
   453122.430561 14.893789  0.000508 61.858819    -60.19     18.50     16.63
   453215.553566 14.894705  0.000580 60.479521    -83.23     52.44      8.61
   453308.676570 14.894948  0.000583 58.800807   -105.37    -80.77     -6.22
   453401.799574 14.894847  0.000469 58.034144   -126.13    -29.11    -21.77
   453494.922579 14.895390  0.000512 57.795880   -146.42    178.72     -7.91
   453588.045583 14.895225  0.000433 58.966022   -167.50   -148.87      8.84
   453681.168588 14.894915  0.000293 60.659063    170.61     91.40      3.82
   453774.291592 14.896716  0.000529 61.552662    147.39    156.77      1.59
   453867.414596 14.896733  0.000424 62.087805    123.57     32.44     15.97
   453960.537601 14.896896  0.000387 61.243378    100.18    129.83     -6.18
   454053.660605 14.897945  0.000494 59.649619     77.39     24.65      0.92
   454146.783610 14.897734  0.000365 58.568922     55.91    134.59    -22.39
   454239.906614 14.900235  0.000626 57.658125     35.38     29.33     -5.16
   454333.029619 14.900717  0.000624 58.066588     14.65    128.69     -5.20
   454426.152623 14.900539  0.000528 59.480239     -6.43     30.51     18.35
   454519.275627 14.900378  0.000511 60.626644    -28.73    162.44     -0.16
   454612.398632 14.900695  0.000451 61.870692    -52.10    118.02    -14.47
   454705.521636 14.902341  0.000582 62.025192    -75.63   -140.99     11.75
   454798.644641 14.901848  0.000520 61.034794    -99.20   -176.84      2.36
   454891.767645 14.903760  0.000614 60.000106   -121.86    -20.67    -13.43
   454984.890650 14.902314  0.000443 58.449400   -143.36    -74.26      5.88
   455078.013654 14.903275  0.000498 57.704711   -164.35     94.43     -9.93
   455171.136658 14.903268  0.000402 58.112831    175.17     41.50     21.47
   455264.259663 14.905127  0.000620 58.810743    154.13   -128.68     -2.17
   455357.382667 14.904232  0.000423 60.349854    132.00   -147.12     10.80
   455450.505672 14.906239  0.000588 61.598397    109.23     32.33     12.62
   455543.628676 14.906082  0.000583 61.840512     85.64     58.68     -4.01
   455636.751681 14.904823  0.000303 61.819338     62.02   -119.54     10.91
   455729.874685 14.906329  0.000465 60.611940     39.05    -96.17     10.23
   455822.997689 14.908183  0.000632 59.219488     16.62    126.96     -2.59
   455916.120694 14.909236  0.000629 58.359433     -4.65    171.00    -10.94
   456009.243698 14.908667  0.000585 57.599920    -25.38     28.55     -5.90
   456102.366703 14.907722  0.000393 58.078176    -46.28     79.43     -6.25
   456195.489707 14.908532  0.000410 59.217924    -67.38    -31.43    -18.09
   456288.612711 14.909476  0.000533 60.214539    -89.51     20.04     -3.44
   456381.735716 14.908840  0.000344 61.575985   -112.50    -76.17    -12.78
   456474.858720 14.911334  0.000602 62.010830   -135.78      2.13     -9.66
   456567.981725 14.911138  0.000560 61.656946   -159.46    -91.39     -5.90
   456661.104729 14.913566  0.000685 61.094016    177.44     -0.29     -0.38
   456754.227734 14.911961  0.000540 59.592292    155.01    -83.58      6.56
   456847.350738 14.911983  0.000458 58.540697    133.16     23.97     10.37
   456940.473742 14.913512  0.000553 57.967371    112.26    -12.80    -15.48
   457033.596747 14.913892  0.000604 57.634201     91.42     93.59      3.58
   457126.719751 14.912819  0.000373 58.498832     70.28     37.19     13.72
   457219.842756 14.915916  0.000670 59.564392     48.84   -165.12     -2.87
   457312.965760 14.914917  0.000564 60.534867     26.35    157.36      5.38
   457406.088765 14.916071  0.000577 61.773223      3.37    -22.00    -16.58
   457499.211769 14.915110  0.000463 61.919384    -19.91    -51.92     -0.07
   457592.334773 14.916961  0.000613 61.721382    -43.49    129.59     -5.93
   457685.457778 14.915912  0.000407 61.138847    -66.47    145.49    -19.53
   457778.580782 14.916903  0.000523 59.735542    -89.03    -47.71      4.06
   457871.703787 14.919197  0.000668 58.853081   -111.04    -22.85     -2.50
   457964.826791 14.919476  0.000638 58.058385   -132.16   -172.10     -8.38
   458057.949796 14.918172  0.000501 57.562872   -153.28   -143.37     -3.30
   458151.072800 14.917321  0.000271 58.188010   -174.29     65.79      9.22
   458244.195804 14.918660  0.000421 58.799110    164.48    125.33     -0.51
   458337.318809 14.920023  0.000544 59.815679    142.39     -2.95      7.50
   458430.441813 14.919174  0.000339 61.109416    119.95     53.82     18.45
   458523.564818 14.920457  0.000498 61.568264     96.96    -29.63     -1.33
   458616.687822 14.920333  0.000387 62.027910     73.52     48.49      6.72
   458709.810826 14.921941  0.000510 61.884975     50.35    -14.19    -17.09
   458802.933831 14.922649  0.000599 60.944658     27.16     75.44     -3.88
   458896.056835 14.924628  0.000680 60.301835      4.49     -2.18      4.50
   458989.179840 14.922317  0.000413 59.091812    -17.48    118.84      1.80
   459082.302844 14.923293  0.000484 58.183081    -39.23     75.02     -6.76
   459175.425849 14.925628  0.000633 57.947302    -60.36   -167.23     10.57
   459268.548853 14.924365  0.000502 57.651744    -81.38    173.41     -6.27
   459361.671857 14.926379  0.000652 58.184947   -102.76    -36.37     -2.96
   459454.794862 14.924408  0.000358 59.119606   -124.17    -38.98    -18.79
   459547.917866 14.926463  0.000604 59.772549   -146.26    110.07      3.79
   459641.040871 14.926186  0.000464 60.985741   -168.85    134.13    -19.15
   459734.163875 14.925987  0.000396 61.599533    168.39    -50.69     -4.80
   459827.286880 14.928052  0.000619 61.832414    145.08    -38.34      2.78
   459920.409884 14.929788  0.000672 62.097339    121.90    175.53     -2.79
   460013.532888 14.929120  0.000621 61.409406     98.86   -147.05     -3.02
   460106.655893 14.928054  0.000429 60.774711     75.84     84.67     -7.70
   460199.778897 14.928590  0.000421 60.051288     53.51    152.52    -20.83
   460292.901902 14.929528  0.000523 58.856592     31.39     19.67     -3.68
   460386.024906 14.928810  0.000325 58.395172      9.63    100.81    -11.49
   460479.147911 14.931355  0.000580 57.854011    -11.58      1.79    -10.98
   460572.270915 14.931430  0.000575 57.579329    -32.99     88.19     -5.58
   460665.393919 14.933491  0.000664 58.116264    -54.27     -0.66      3.95
   460758.516924 14.931393  0.000442 58.456786    -75.64    108.34      4.91
   460851.639928 14.931753  0.000438 59.201513    -97.64     55.04     -0.99
   460944.762933 14.935077  0.000686 60.272152   -119.71   -175.51     -0.82
   461037.885937 14.933131  0.000512 60.737343   -142.24    141.07      2.49
   461131.008941 14.933888  0.000501 61.584375   -165.19    -51.36    -14.80
   461224.131946 14.933329  0.000377 61.958539    171.95    -97.70     10.50
   461317.254950 14.935233  0.000591 61.829273    148.73     86.09     -3.44
   461410.377955 14.933734  0.000286 61.938685    125.66     78.31      3.45
   461503.500959 14.935593  0.000505 61.274274    102.84    -98.21      8.27
   461596.623964 14.936777  0.000588 60.608106     79.95    -64.45     -6.44
   461689.746968 14.936641  0.000486 60.104741     57.62    157.94    -21.22
   461782.869972 14.936843  0.000509 59.036094     35.47    177.84     -3.49
   461875.992977 14.936993  0.000427 58.585397     13.45     26.98     15.20
   461969.115981 14.936778  0.000334 58.105841     -8.02     90.45      8.27
   462062.238986 14.938451  0.000521 57.595849    -29.62    -18.22      4.34
   462155.361990 14.937744  0.000326 57.854786    -51.10     49.12     14.18
   462248.484995 14.939144  0.000461 57.921684    -72.43    -18.81    -11.16
   462341.607999 14.939684  0.000505 58.235680    -94.23     74.38     -6.25
   462434.731003 14.942559  0.000694 59.090352   -115.99     -2.10     -2.09
   462527.854008 14.940652  0.000510 59.454342   -137.99    107.53      6.42
   462620.977012 14.940230  0.000370 60.260373   -160.46     62.99      0.45
   462714.100017 14.943510  0.000669 60.990507    177.18   -162.16      4.43
   462807.223021 14.942020  0.000522 61.225506    154.40    171.58      0.91
   462900.346026 14.944269  0.000652 61.875995    131.50    -20.24     -6.52
   462993.469030 14.942767  0.000466 61.968278    108.72    -24.71    -11.61
   463086.592034 14.944314  0.000621 61.836896     85.62    142.70      3.09
   463179.715039 14.945728  0.000650 61.976853     62.75    168.50    -10.84
   463272.838043 14.944650  0.000548 61.359102     39.98      6.70     -6.74
   463365.961048 14.944641  0.000470 61.039862     17.09     21.38     12.29
   463459.084052 14.944640  0.000386 60.618033     -5.32   -120.17     16.88
   463552.207056 14.946175  0.000568 59.762047    -27.79    -52.91      4.07
   463645.330061 14.947455  0.000598 59.462741    -50.08   -175.77     11.96
   463738.453065 14.946170  0.000417 58.846031    -71.98   -100.79     11.85
   463831.576070 14.947285  0.000523 58.234037    -94.05    171.79      5.93
   463924.699074 14.946050  0.000259 58.188266   -115.83    -74.11    -11.37
   464017.822079 14.949128  0.000613 57.701184   -137.47   -152.11     -5.94
   464110.945083 14.950045  0.000647 57.667975   -159.37    -37.57     -1.18
   464204.068087 14.947606  0.000285 57.879834    179.07   -100.04     10.47
   464297.191092 14.950167  0.000593 57.741298    157.30     55.04     -3.73
   464390.314096 14.950445  0.000531 58.233780    135.37      9.48     14.14
   464483.437101 14.952103  0.000644 58.582854    113.65   -168.56     -5.27
   464576.560105 14.950774  0.000509 58.772123     91.51    177.93      3.06
   464669.683110 14.953355  0.000662 59.532824     69.36     -0.07      6.87
   464762.806114 14.953068  0.000637 59.788897     47.24     27.26     -3.83
   464855.929118 14.951661  0.000430 60.226979     24.69   -127.15     -0.27
   464949.052123 14.951233  0.000267 60.880489      2.34    -90.94      3.02
   465042.175127 14.953075  0.000511 60.946232    -20.20    141.04      2.39
   465135.298132 14.953918  0.000517 61.463175    -42.94   -166.71     13.47
   465228.421136 14.952977  0.000333 61.752950    -65.45     97.70      2.83
   465321.544141 14.954477  0.000519 61.676028    -88.25   -173.73      0.54
   465414.667145 14.954064  0.000350 62.092841   -111.01    123.17    -18.75
   465507.790149 14.956877  0.000650 61.929627   -133.62   -146.95     -0.10
   465600.913154 14.957085  0.000637 61.852996   -156.52    151.52      2.79
   465694.036158 14.955048  0.000289 61.997336   -179.12    -61.03    -12.74
   465787.159163 14.957723  0.000623 61.523212    158.22   -110.92      1.12
   465880.282167 14.956798  0.000421 61.509420    135.47     34.46     11.96
   465973.405171 14.959359  0.000638 61.315912    113.04     25.38      7.93
   466066.528176 14.958308  0.000533 60.783340     90.42   -143.88     -3.17
   466159.651180 14.958562  0.000454 60.799606     67.89   -156.57     20.78
   466252.774185 14.959905  0.000577 60.321568     45.59     57.73      8.94
   466345.897189 14.960266  0.000581 59.954368     23.02    109.04     -6.80
   466439.020194 14.961106  0.000572 59.911943      0.78    -14.63    -16.62
   466532.143198 14.961217  0.000591 59.315389    -21.48     32.47     -4.97
   466625.266202 14.960856  0.000463 59.197092    -43.88    -68.75    -12.30
   466718.389207 14.963331  0.000650 59.026808    -65.93      6.68     -5.30
   466811.512211 14.962768  0.000617 58.517478    -88.19    -84.13      0.91
   466904.635216 14.963308  0.000565 58.595112   -110.43      8.55     15.80
   466997.758220 14.962375  0.000435 58.290039   -132.41    -24.90    -11.74
   467090.881225 14.963927  0.000580 58.017569   -154.74    102.72     -6.90
   467184.004229 14.963229  0.000391 58.168305   -176.79     37.25     22.47
   467277.127233 14.965243  0.000619 57.778022    161.16   -140.42     -3.53
   467370.250238 14.964713  0.000478 57.803181    138.87   -165.83     11.38
   467463.373242 14.966994  0.000649 57.879832    116.92     18.97      7.47
   467556.496247 14.966097  0.000572 57.550745     94.75     45.78     -5.28
   467649.619251 14.964785  0.000308 57.787522     72.51   -119.55      6.85
   467742.742256 14.965468  0.000344 57.719939     50.54    -80.96      6.70
   467835.865260 14.967602  0.000577 57.558626     28.20    151.38      6.59
   467928.988264 14.967839  0.000496 57.880913      6.07   -158.04     20.22
   468022.111269 14.967556  0.000459 57.655656    -16.02    113.22      5.71
   468115.234273 14.968121  0.000461 57.744346    -38.39   -159.90      9.24
   468208.357278 14.968558  0.000431 57.971801    -60.45    151.74    -20.23
   468301.480282 14.970176  0.000619 57.718628    -82.69   -112.34     -0.66
   468394.603286 14.970650  0.000564 57.990110   -105.06   -177.57     13.33
   468487.726291 14.970691  0.000529 58.033942   -127.14     -8.36    -15.22
   468580.849295 14.971572  0.000616 57.868403   -149.55    -52.43      3.54
   468673.972300 14.970720  0.000415 58.227901   -171.83    141.13    -22.81
   468767.095304 14.971100  0.000438 58.047376    166.00    114.19      3.97
   468860.218309 14.973297  0.000632 58.089442    143.52    -45.57     -2.31
   468953.341313 14.973993  0.000613 58.348028    121.34     -9.52    -12.29
   469046.464317 14.973322  0.000551 58.082538     99.03   -156.22     -6.03
   469139.587322 14.972303  0.000341 58.298329     76.55   -106.98     -1.94
   469232.710326 14.973423  0.000420 58.360947     54.39    154.22    -17.67
   469325.833331 14.974211  0.000505 58.130010     31.91   -139.52     -4.17
   469418.956335 14.975251  0.000507 58.449065      9.52    147.67    -18.60
   469512.079340 14.976348  0.000611 58.255928    -12.71   -130.25      4.89
   469605.202344 14.976317  0.000568 58.215092    -35.26    167.20      7.49
   469698.325348 14.975899  0.000422 58.451337    -57.54    -31.94    -20.79
   469791.448353 14.977144  0.000573 58.142799    -79.89    -92.64      6.14
   469884.571357 14.976118  0.000365 58.275724   -102.45     79.30     -5.33
   469977.694362 14.977410  0.000458 58.328860   -124.69     47.01     19.83
   470070.817366 14.978672  0.000601 58.025739   -147.22   -101.92     -3.79
   470163.940371 14.977165  0.000303 58.294832   -169.70    -70.72    -14.08
   470257.063375 14.978231  0.000404 58.087116    168.01    132.74     -3.62
   470350.186379 14.979771  0.000541 57.967567    145.38    170.52      7.36
   470443.309384 14.979296  0.000402 58.183039    123.01     37.62     21.92
   470536.432388 14.979965  0.000464 57.851343    100.60    132.53      2.58
   470629.555393 14.980016  0.000392 57.924159     77.94     36.62      8.68
   470722.678397 14.981622  0.000514 57.987414     55.60    166.47    -18.21
   470815.801401 14.982515  0.000620 57.653387     32.99     87.22     -1.22
   470908.924406 14.982243  0.000472 57.907593     10.39   -162.20     19.83
   471002.047410 14.983644  0.000593 57.727598    -11.99   -168.97     -8.47
   471095.170415 14.983727  0.000575 57.596602    -34.72    -23.62      6.27
   471188.293419 14.985124  0.000616 57.847645    -57.21    -12.82    -11.14
   471281.416424 14.983823  0.000488 57.567145    -79.71    169.76     -6.21
   471374.539428 14.985174  0.000563 57.667133   -102.49    175.36     10.71
   471467.662432 14.986127  0.000597 57.821854   -124.94     27.51     14.17
   471560.785437 14.986183  0.000620 57.563821   -147.63     91.86      0.48
   471653.908441 14.987794  0.000663 57.908322   -170.33    -18.31     -4.38
   471747.031446 14.987276  0.000593 57.865282    167.21     47.69      8.10
   471840.154450 14.987523  0.000603 57.849399    144.42    -34.87      4.63
   471933.277455 14.985770  0.000285 58.258597    121.87     63.83     13.56
   472026.400459 14.988448  0.000598 58.144743     99.34     25.06     -5.68
   472119.523463 14.989496  0.000646 58.402710     76.56    154.13      2.61
   472212.646468 14.987733  0.000381 58.765978     54.14    148.66    -21.20
   472305.769472 14.989577  0.000596 58.687605     31.51    -70.56      4.02
   472398.892477 14.989250  0.000452 59.222406      8.89    -45.72    -20.11
   472492.015481 14.989066  0.000384 59.393809    -13.44    135.33     -6.74
   472585.138486 14.990896  0.000581 59.537649    -36.05    153.28      5.54
   472678.261490 14.992300  0.000609 60.127936    -58.42     11.14     11.89
   472771.384494 14.991745  0.000562 60.176033    -80.69     74.97      6.82
   472864.507499 14.993010  0.000642 60.529159   -103.18    -26.21      2.51
   472957.630503 14.991753  0.000422 61.010679   -125.32     41.96     22.50
   473050.753508 14.992441  0.000512 60.967889   -147.58    -11.83     -0.06
   473143.876512 14.992647  0.000425 61.481462   -169.85    125.56    -18.64
   473236.999516 14.994165  0.000552 61.634509    168.18     47.95     11.69
   473330.122521 14.993799  0.000502 61.620862    145.97   -151.28     -0.24
   473423.245525 14.996278  0.000645 62.042630    123.93   -175.97      7.75
   473516.368530 14.995796  0.000607 61.875342    102.02     15.62     -5.84
   473609.491534 14.995220  0.000490 61.855749     79.83     16.42      7.55
   473702.614539 14.995947  0.000485 62.011708     57.92   -149.60     21.85
   473795.737543 14.996851  0.000597 61.529615     35.88    -88.05      4.25
   473888.860547 14.998513  0.000662 61.524824     13.68    157.77     -1.84
   473981.983552 14.998116  0.000576 61.240196     -8.26   -141.88     11.73
   474075.106556 14.998167  0.000588 60.650631    -30.55    136.14      4.09
   474168.229561 14.996936  0.000326 60.550301    -52.82   -129.98     15.68
   474261.352565 14.999534  0.000606 59.935250    -75.03   -166.92     -6.97
   474354.475570 15.000118  0.000634 59.408494    -97.66    -38.78      1.95
   474447.598574 14.998371  0.000336 59.225840   -120.13    -42.53    -22.57
   474540.721578 15.000289  0.000563 58.487014   -142.79     95.95      6.51
   474633.844583 15.000336  0.000478 58.297614   -165.74    122.30    -15.93
   474726.967587 14.999857  0.000350 58.042647    171.55    -42.41    -12.77
   474820.090592 15.001414  0.000533 57.595839    148.47    -25.34      5.32
   474913.213596 15.002383  0.000527 57.801977    125.42   -165.97     16.58
   475006.336601 15.001753  0.000445 57.674434    102.54    -93.14      9.54
   475099.459605 15.002986  0.000546 57.772211     79.34    170.79      8.27
   475192.582609 15.001372  0.000238 58.327520     56.47    -78.65     -4.83
   475285.705614 15.004200  0.000593 58.414465     33.63   -144.79     -5.23
   475378.828618 15.005758  0.000665 59.096666     10.72    -20.37      0.20
   475471.951623 15.003455  0.000358 59.684690    -11.70    -42.01    -13.66
   475565.074627 15.005691  0.000618 60.005608    -34.24    105.41      0.24
   475658.197631 15.004397  0.000354 60.856509    -56.53    120.36    -17.80
   475751.320636 15.005043  0.000400 61.188304    -78.49    -67.39      2.12
   475844.443640 15.007216  0.000628 61.480274   -100.63    -38.16      2.17
   475937.566645 15.008952  0.000680 62.020009   -122.43   -175.44      3.88
   476030.689649 15.008015  0.000620 61.798933   -144.20   -113.77      2.83
   476123.812654 15.009143  0.000654 61.855872   -166.17    150.32     -3.61
   476216.935658 15.008239  0.000496 61.697539    172.13   -138.64     18.04
   476310.058662 15.008417  0.000517 60.988841    150.11    168.07      1.29
   476403.181667 15.008932  0.000468 60.711381    127.93    -46.37    -17.85
   476496.304671 15.009329  0.000474 59.984780    105.79   -114.78     12.64
   476589.427676 15.009746  0.000506 59.164550     83.12     63.23     -5.51
   476682.550680 15.009865  0.000411 58.844361     60.39     30.19     23.33
   476775.673685 15.011729  0.000617 58.044961     37.50   -118.40      4.28
   476868.796689 15.011053  0.000469 57.792772     14.15    -70.54    -13.61
   476961.919693 15.011642  0.000457 57.778088     -8.94    160.34    -19.05
   477055.042698 15.012146  0.000515 57.588140    -32.28   -151.90     -3.95
   477148.165702 15.011869  0.000387 58.191390    -55.56    121.91    -18.31
   477241.288707 15.014607  0.000648 58.621802    -78.43   -159.02     -2.24
   477334.411711 15.014420  0.000617 59.156585   -101.40    129.96      1.55
   477427.534716 15.012354  0.000256 60.201896   -123.89   -110.74     10.79
   477520.657720 15.015487  0.000635 60.631956   -146.07   -134.13     -0.85
   477613.780724 15.014771  0.000482 61.344855   -168.24     15.00     12.51
   477706.903729 15.017118  0.000649 61.896267    170.12     18.57      6.94
   477800.026733 15.016113  0.000576 61.755382    148.39   -134.81     -4.12
   477893.149738 15.014994  0.000320 61.895265    126.65   -107.27      1.00
   477986.272742 15.015745  0.000366 61.455184    105.05    130.52     -8.01
   478079.395747 15.016932  0.000507 60.627043     82.98   -173.40      2.98
   478172.518751 15.016003  0.000266 60.166875     60.74    105.61    -12.11
   478265.641755 15.018915  0.000607 59.108781     38.27   -159.30     -6.27
   478358.764760 15.019815  0.000638 58.399846     15.15    136.75     -2.84
   478451.887764 15.017408  0.000273 58.052336     -7.94   -100.19      9.90
   478545.010769 15.020120  0.000601 57.500076    -31.38   -113.98     -2.47
   478638.133773 15.018887  0.000353 57.839747    -54.96     42.26     12.67
   478731.256777 15.020773  0.000532 58.229692    -78.12     49.95     12.60
   478824.379782 15.021353  0.000594 58.741831   -101.35    -87.07     -4.55
   478917.502786 15.021430  0.000499 59.915290   -124.06    -28.26    -21.06
   479010.625791 15.022343  0.000589 60.532748   -146.28   -163.11     -7.20
   479103.748795 15.021799  0.000474 61.306536   -168.41    -83.84     -9.27
   479196.871800 15.024619  0.000680 61.960363    170.04   -176.23     -3.59
   479289.994804 15.023352  0.000577 61.744987    148.48    -72.89      4.36
   479383.117808 15.022425  0.000354 61.684097    126.80   -126.81      7.54
   479476.240813 15.025548  0.000653 61.063048    105.18     22.40      4.34
   479569.363817 15.024098  0.000501 59.951723     82.94     11.75     -0.01
   479662.486822 15.026396  0.000633 59.316276     60.32   -176.57     11.12
   479755.609826 15.026591  0.000646 58.283006     37.42   -145.07      0.00
   479848.732831 15.025232  0.000456 57.719720     13.79     82.86     -8.25
   479941.855835 15.025732  0.000417 57.811421     -9.70    153.05    -21.85
   480034.978839 15.026907  0.000556 57.824473    -33.28     31.79     -5.75
   480128.101844 15.027406  0.000523 58.760422    -56.70    133.65    -14.73
   480221.224848 15.028520  0.000585 59.717665    -79.37     37.61     10.63
   480314.347853 15.027838  0.000517 60.481043   -101.81    172.75      3.36
   480407.470857 15.029501  0.000581 61.597162   -123.69    156.12    -14.93
   480500.593862 15.028080  0.000420 61.825123   -145.10    -55.73     -0.81
   480593.716866 15.030300  0.000626 61.740491   -166.71    -51.69     -3.40
   480686.839870 15.030336  0.000535 61.471816    171.82    162.70    -19.16
   480779.962875 15.030175  0.000526 60.270175    149.91   -173.68     -5.37
   480873.085879 15.029644  0.000368 59.388284    127.29     51.35      6.30
   480966.208884 15.030473  0.000393 58.493631    104.42    148.96    -16.92
   481059.331888 15.031669  0.000541 57.611178     80.79     51.69     -5.63
   481152.454892 15.033998  0.000668 57.808371     56.98    164.18     -5.72
   481245.577897 15.031667  0.000413 58.085230     33.47    101.51      6.92
   481338.700901 15.032629  0.000477 58.938790     10.01    -93.39     -9.00
   481431.823906 15.032719  0.000394 60.284321    -12.54   -138.85     22.42
   481524.946910 15.034592  0.000622 60.981759    -34.57     67.04      0.77
   481618.069915 15.033556  0.000409 61.813173    -56.26    102.38    -11.71
   481711.192919 15.034055  0.000400 61.982196    -77.44    -32.24    -16.98
   481804.315923 15.034957  0.000515 61.215151    -98.96     11.53     -1.08
   481897.438928 15.034199  0.000301 60.554299   -120.88    -79.09    -11.83
   481990.561932 15.037226  0.000624 59.271231   -143.23     13.22     -7.10
   482083.684937 15.037565  0.000631 58.143682   -166.61    -55.02     -1.26
   482176.807941 15.035340  0.000265 57.857645    169.76     63.91     15.72
   482269.930946 15.038295  0.000615 57.630472    145.91     55.96     -1.29
   482363.053950 15.037040  0.000384 58.504102    122.12   -140.60      9.53
   482456.176954 15.038479  0.000495 59.695427     99.26   -135.71     16.06
   482549.299959 15.039446  0.000617 60.604195     76.89     91.43     -0.56
   482642.422963 15.040326  0.000600 61.765104     55.19    153.12    -13.46
   482735.545968 15.041113  0.000654 61.897110     34.05     26.65     -0.37
   482828.668972 15.040902  0.000619 61.347049     12.55    116.32     -3.15
   482921.791977 15.041199  0.000546 60.648302     -9.16     19.94     18.68
   483014.914981 15.040736  0.000487 59.111136    -31.61    169.06     -5.21
   483108.037985 15.042539  0.000612 58.152168    -55.08    136.84     -7.08
   483201.160990 15.040539  0.000303 57.767839    -78.79    -54.65    -11.10
   483294.283994 15.042770  0.000582 57.734089   -102.84    -65.67      4.48
   483387.406999 15.044077  0.000606 58.951941   -126.47    153.59    -11.33
   483480.530003 15.044297  0.000610 60.101962   -149.09   -168.33     -8.30
   483573.653007 15.043366  0.000490 61.140950   -171.21     69.86     -5.61
   483666.776012 15.044862  0.000554 62.043263    167.52    161.65    -18.59
   483759.899016 15.045391  0.000615 61.579856    146.39     58.91      2.22
   483853.022021 15.045829  0.000586 60.784266    124.70    171.64      8.14
   483946.145025 15.045309  0.000451 59.634165    102.55    156.84    -19.37
   484039.268030 15.046291  0.000570 58.124074     79.29    -68.57      4.75
   484132.391034 15.046286  0.000470 57.758840     55.26    -46.80    -17.87
   484225.514038 15.045849  0.000384 57.902806     31.35    143.79    -10.52
   484318.637043 15.047515  0.000551 58.763493      7.53    163.90      7.67
   484411.760047 15.047758  0.000483 60.421952    -15.14     25.93     21.92
   484504.883052 15.047785  0.000487 61.294665    -36.87    118.75      4.23
   484598.006056 15.048089  0.000442 61.882172    -58.22     28.83      9.30
   484691.129061 15.049770  0.000557 61.631983    -79.24    167.61    -15.70
   484784.252065 15.049926  0.000582 60.182739   -100.99    102.66      3.93
   484877.375069 15.048598  0.000319 59.022791   -123.78    -88.64     -9.03
   484970.498074 15.050015  0.000454 57.923248   -147.27   -117.48     15.31
   485063.621078 15.051403  0.000591 57.534077   -171.63    100.47     -5.49
   485156.744083 15.051218  0.000471 58.582867    164.43    153.97    -22.83
   485249.867087 15.051983  0.000549 59.660608    141.38     13.07     -6.69
   485342.990092 15.051525  0.000428 61.113406    119.16     89.34     -7.81
   485436.113096 15.054375  0.000657 62.001245     98.06      0.97     -6.07
   485529.236100 15.053398  0.000581 61.454626     76.98    104.62      4.21
   485622.359105 15.052218  0.000327 60.580274     55.30     57.06      6.64
   485715.482109 15.055343  0.000635 59.079608     32.87   -149.28      7.92
   485808.605114 15.053922  0.000471 57.743068      9.02   -141.41     -2.60
   485901.728118 15.054273  0.000413 57.847302    -15.24     29.70     23.86
   485994.851122 15.055488  0.000546 58.414723    -39.17     83.18      7.79
   486087.974127 15.056986  0.000633 59.958842    -62.38    -31.20     -0.11
   486181.097131 15.056880  0.000548 61.475997    -84.09     29.12     15.45
   486274.220136 15.056457  0.000523 61.728810   -105.20    -42.57      3.35
   486367.343140 15.055783  0.000332 61.431846   -126.38     81.53     -3.75
   486460.466145 15.059001  0.000644 60.067438   -148.05     27.58      7.29
   486553.589149 15.057536  0.000484 58.342097   -171.25   -167.03      1.78
   486646.712153 15.060184  0.000648 57.823369    164.65   -174.24      9.90
   486739.835158 15.059913  0.000624 57.875527    140.40     39.34     -2.22
   486832.958162 15.058704  0.000435 59.229451    116.59     87.60     -8.12
   486926.081167 15.059767  0.000485 60.973304     94.36    -20.54    -19.24
   487019.204171 15.060635  0.000594 61.640611     73.08     44.91     -3.68
   487112.327176 15.061990  0.000629 61.709987     52.04    -30.06     -6.86
   487205.450180 15.060094  0.000375 60.513574     30.71     70.38     14.75
   487298.573184 15.061356  0.000522 58.664319      7.84     55.58     -5.33
   487391.696189 15.062347  0.000509 57.900358    -16.16   -163.23     20.19
   487484.819193 15.063521  0.000628 57.758095    -40.52   -135.41      0.08
   487577.942198 15.062187  0.000427 59.043516    -64.53     81.33     -7.62
   487671.065202 15.062291  0.000363 60.875242    -86.88    141.33    -19.97
   487764.188207 15.063711  0.000535 61.629201   -108.16     13.54     -4.14
   487857.311211 15.063567  0.000423 61.688605   -129.14    112.50    -13.90
   487950.434215 15.066288  0.000658 60.433966   -150.48     22.62      5.71
   488043.557220 15.065094  0.000537 58.518726   -173.46    156.05      5.45
   488136.680224 15.066217  0.000548 57.831549    162.36    155.30    -18.60
   488229.803229 15.065164  0.000418 57.912959    137.95    -46.97     -0.05
   488322.926233 15.067529  0.000633 59.381848    114.12    -30.78      1.50
   488416.049237 15.068820  0.000666 61.231867     92.09   -173.25      0.49
   488509.172242 15.067976  0.000612 61.721657     71.08   -115.63      0.13
   488602.295246 15.069094  0.000642 61.351128     50.05    149.29     -5.78
   488695.418251 15.068125  0.000483 59.819267     28.32   -135.13     18.81
   488788.541255 15.068224  0.000485 57.978334      4.74   -173.81      1.58
   488881.664260 15.070788  0.000644 57.792005    -19.83    -15.62    -10.37
   488974.787264 15.068767  0.000430 58.505925    -44.03    -34.44     -4.51
   489067.910268 15.071033  0.000633 60.260220    -67.16    148.15      1.24
   489161.033273 15.072318  0.000669 61.828477    -88.46   -179.32     -3.85
   489254.156277 15.071489  0.000606 61.561717   -109.19     47.78     -2.13
   489347.279282 15.071707  0.000541 60.421634   -130.69    129.33    -12.07
   489440.402286 15.073335  0.000648 58.711791   -153.42     23.40      7.40
   489533.525291 15.072383  0.000558 57.469585   -177.91    142.56      5.94
   489626.648295 15.071386  0.000337 58.345012    157.46    131.80    -23.93
   489719.771299 15.073073  0.000523 59.807461    134.17   -102.08      9.44
   489812.894304 15.073346  0.000504 61.397118    112.29    -83.05     -8.75
   489906.017308 15.072512  0.000300 61.975614     91.66    124.86    -15.86
   489999.140313 15.073955  0.000482 60.507972     70.55    153.43     -1.09
   490092.263317 15.074106  0.000412 58.822347     47.71     27.19     12.52
   490185.386322 15.074259  0.000370 57.755057     23.58    147.39    -17.92
   490278.509326 15.075915  0.000561 57.956638     -1.26     68.42     -5.79
   490371.632330 15.077721  0.000628 59.996582    -24.78   -175.42     11.74
   490464.755335 15.076757  0.000534 61.423122    -46.35    179.16     -9.22
   490557.878339 15.077693  0.000594 61.699372    -67.21    -19.70      5.56
   490651.001344 15.079483  0.000667 60.679295    -88.29      2.84      0.57
   490744.124348 15.078652  0.000612 58.491860   -111.10   -132.79     -2.31
   490837.247352 15.078507  0.000516 57.643087   -135.77    -55.19    -13.89
   490930.370357 15.080690  0.000667 58.431159   -160.27   -162.25      0.45
   491023.493361 15.079767  0.000603 60.036542    176.41    -56.05      3.45
   491116.616366 15.077923  0.000262 61.843159    155.02   -111.78      8.74
   491209.739370 15.081153  0.000621 61.556880    134.53     43.20      4.43
   491302.862375 15.079902  0.000449 59.882878    112.84     41.48      1.19
   491395.985379 15.080231  0.000386 58.316995     89.48   -140.92     21.94
   491489.108383 15.081549  0.000539 57.531282     64.70    -82.84      6.23
   491582.231388 15.083297  0.000644 58.990381     40.19    163.99      4.52
   491675.354392 15.081695  0.000416 61.013518     17.90   -126.25     19.48
   491768.477397 15.082458  0.000514 61.695060     -3.04    178.51      1.57
   491861.600401 15.083606  0.000527 61.141988    -23.86    -31.48    -19.17
   491954.723406 15.082882  0.000417 59.011777    -46.08    -86.35      8.34
   492047.846410 15.084501  0.000566 57.578502    -70.61    107.89     -7.45
   492140.969414 15.083577  0.000371 58.324375    -95.41    143.55    -22.35
   492234.092419 15.084578  0.000487 59.929946   -118.81    -13.58     -2.85
   492327.215423 15.084556  0.000405 61.695197   -140.32     36.71     10.80
   492420.338428 15.085146  0.000412 61.668081   -160.70    -27.61    -19.95
   492513.461432 15.086681  0.000589 59.612704    177.62     66.18     -4.08
   492606.584437 15.088015  0.000602 58.099764    153.79      3.25     13.38
   492699.707441 15.087594  0.000554 57.757831    128.93   -174.91    -10.44
   492792.830445 15.087980  0.000557 59.365315    104.67    168.03      7.88
   492885.953450 15.089827  0.000655 61.537329     82.88      9.93      7.25
   492979.076454 15.089223  0.000618 61.631816     62.40     58.88      1.61
   493072.199459 15.089883  0.000601 60.241239     41.07    -44.42     -7.31
   493165.322463 15.090502  0.000594 58.351272     17.91     27.66     12.35
   493258.445467 15.089643  0.000516 57.499135     -7.18    -27.71      5.16
   493351.568472 15.089759  0.000428 59.282752    -31.64    139.41    -21.96
   493444.691476 15.090090  0.000446 61.149490    -53.69     88.37      9.50
   493537.814481 15.091528  0.000573 61.707631    -74.40    -72.85     -5.84
   493630.937485 15.091216  0.000434 60.575502    -95.33    -31.05    -21.38
   493724.060490 15.091999  0.000523 58.200113   -118.45   -173.29     -7.43
   493817.183494 15.091413  0.000377 57.658928   -143.63    -93.89     -9.14
   493910.306498 15.094482  0.000638 59.223831   -167.95   -175.27     -8.31
   494003.429503 15.093823  0.000605 61.027757    169.78    -64.92      3.00
   494096.552507 15.092023  0.000267 61.931245    149.22    -97.35     -1.01
   494189.675512 15.094507  0.000540 60.275316    128.31     57.43     11.04
   494282.798516 15.094638  0.000525 58.075204    104.76     89.50     -7.25
   494375.921521 15.094160  0.000374 57.873631     79.72    -36.70    -22.85
   494469.044525 15.095464  0.000525 59.252845     55.45      7.95     -6.32
   494562.167529 15.095148  0.000408 61.426756     33.46    -85.88     -9.18
   494655.290534 15.098344  0.000672 61.799443     13.22     10.44     -0.92
   494748.413538 15.096854  0.000545 59.687721     -8.22    -45.35      4.92
   494841.536543 15.096929  0.000444 58.020525    -32.19    136.34    -20.50
   494934.659547 15.096618  0.000375 57.914796    -57.28    112.83      3.60
   495027.782552 15.099058  0.000620 59.855275    -81.27    -40.62      1.33
   495120.905556 15.100588  0.000667 61.886618   -102.44      3.41      2.20
   495214.028560 15.099579  0.000595 61.187022   -122.76   -111.02      4.77
   495307.151565 15.100557  0.000623 59.127600   -144.98    -17.49      5.73
   495400.274569 15.098205  0.000273 57.752317   -169.44    -63.92     -8.04
   495493.397574 15.100909  0.000603 58.331189    165.37     76.56     -3.37
   495586.520578 15.099466  0.000321 60.912127    142.44     40.52     19.72
   495679.643582 15.101493  0.000545 61.836657    121.99   -122.88     11.46
   495772.766587 15.102195  0.000591 60.393725    101.08    -72.42     -5.16
   495865.889591 15.103810  0.000635 58.425760     77.92    170.66     -8.75
   495959.012596 15.103277  0.000602 57.592807     52.72   -115.07      2.68
   496052.135600 15.103943  0.000608 59.550618     28.23    169.48      8.01
   496145.258605 15.102478  0.000374 61.705766      6.81    -31.85    -20.19
   496238.381609 15.104384  0.000610 61.264070    -13.53    -79.89      2.30
   496331.504613 15.103267  0.000368 59.389954    -35.47    122.03    -19.27
   496424.627618 15.103639  0.000367 57.627130    -59.93    134.73     -5.46
   496517.750622 15.105208  0.000523 58.433924    -85.31     -6.19      8.19
   496610.873627 15.104098  0.000291 61.052257   -108.00     59.50     16.50
   496703.996631 15.105924  0.000518 61.703805   -128.38     -1.57     -5.94
   496797.119636 15.106979  0.000561 60.189430   -149.44    123.93     -9.16
   496890.242640 15.105444  0.000305 58.123199   -172.97     64.18     18.92
   496983.365644 15.107979  0.000611 57.756344    161.51    -99.33     -2.11
   497076.488649 15.106334  0.000311 60.257539    137.63    -65.55    -17.32
   497169.611653 15.107416  0.000422 61.800100    116.82    146.86     -9.92
   497262.734658 15.108196  0.000479 60.766615     96.27   -161.92      4.09
   497355.857662 15.107958  0.000340 58.654630     73.52    134.60    -20.99
   497448.980667 15.110399  0.000612 57.541998     48.27   -127.51     -0.27
   497542.103671 15.110206  0.000533 59.504997     23.58   -176.47     12.23
   497635.226675 15.112209  0.000659 61.746701      2.22      5.51     -5.31
   497728.349680 15.110523  0.000514 61.120505    -18.03     11.80     -2.63
   497821.472684 15.110524  0.000399 59.041325    -40.31   -156.10     21.10
   497914.595689 15.110577  0.000371 57.586319    -65.22    -78.80      6.52
   498007.718693 15.111812  0.000488 58.984959    -90.36   -170.53      7.09
   498100.841697 15.112096  0.000424 61.589733   -112.23    -31.41    -21.87
   498193.964702 15.113387  0.000576 61.384899   -132.31   -105.61      5.98
   498287.087706 15.112422  0.000387 59.183171   -154.27     62.26     -0.73
   498380.210711 15.113090  0.000394 57.723046   -179.01     47.26     22.39
   498473.333715 15.114903  0.000609 58.714102    155.74    -78.13      2.18
   498566.456720 15.116662  0.000668 61.438209    133.49    -15.46     -3.67
   498659.579724 15.115741  0.000571 61.567140    113.50   -130.93     11.18
   498752.702728 15.115879  0.000559 59.167785     91.68    -18.94      6.47
   498845.825733 15.115344  0.000398 57.761534     66.88    -34.24    -23.33
   498938.948737 15.116447  0.000526 58.754674     41.71     96.01      7.01
   499032.071742 15.116985  0.000518 61.320754     19.39    118.90    -11.94
   499125.194746 15.116812  0.000418 61.665729     -0.56    -25.13    -21.54
   499218.317751 15.117442  0.000500 59.013669    -22.37     10.70     -3.26
   499311.440755 15.116627  0.000287 57.703147    -47.49    -73.71    -15.95
   499404.563759 15.119960  0.000642 59.040713    -72.46     21.83     -3.82
   499497.686764 15.119836  0.000610 61.350970    -94.54    -34.01      3.44
   499590.809768 15.118978  0.000419 61.537431   -114.54    146.98    -23.01
   499683.932773 15.119398  0.000453 58.780393   -136.57    123.10      2.89
   499777.055777 15.121713  0.000638 57.588048   -162.07    -25.08      2.77
   499870.178782 15.122284  0.000627 59.562554    173.26     22.81     10.67
   499963.301786 15.121692  0.000597 61.493446    151.79    -70.62      3.25
   500056.424790 15.121538  0.000466 61.143824    131.58     16.54     19.96
   500149.547795 15.122605  0.000543 58.443291    108.98      0.63    -12.85
   500242.670799 15.123345  0.000602 57.634344     83.14    144.20      4.69
   500335.793804 15.124206  0.000592 60.205066     59.00    167.11    -13.41
   500428.916808 15.123530  0.000545 61.708814     38.30      7.92     -6.65
   500522.039812 15.122906  0.000393 60.414224     17.73     53.72      1.62
   500615.162817 15.123987  0.000436 58.070113     -5.85    -21.18    -21.42
   500708.285821 15.125309  0.000601 57.992283    -31.69     71.68     -3.44
   500801.408826 15.126024  0.000576 60.912662    -55.00      7.11     15.68
   500894.531830 15.126544  0.000601 61.747925    -75.02   -171.45     -8.73
   500987.654835 15.125848  0.000511 59.444008    -96.37    178.69      6.41
   501080.777839 15.126983  0.000520 57.765992   -121.14     20.67     18.56
   501173.900843 15.126948  0.000530 58.840949   -146.48     93.82      6.35
   501267.023848 15.127993  0.000581 61.488991   -168.54     -4.56      9.40
   501360.146852 15.126276  0.000292 61.357263    171.64    127.97    -15.01
   501453.269857 15.128822  0.000609 58.378201    149.09     72.30     -1.84
   501546.392861 15.127313  0.000327 57.853344    123.26   -141.77     19.33
   501639.515866 15.129426  0.000548 60.093192     99.16   -122.91     11.71
   501732.638870 15.130022  0.000590 61.707438     78.40    109.01     -4.76
   501825.761874 15.131781  0.000649 60.310152     57.90    172.12     -6.80
   501918.884879 15.130907  0.000584 57.622931     33.73     70.72      5.59
   502012.007883 15.131017  0.000524 58.573066      7.81   -176.23     12.43
   502105.130888 15.132125  0.000579 61.401429    -14.46    172.64    -14.29
   502198.253892 15.131504  0.000529 61.224560    -34.43    -38.36      3.93
   502291.376897 15.134067  0.000677 58.840326    -56.70    -16.03     -2.30
   502384.499901 15.134017  0.000647 57.671813    -82.23   -151.76     -1.33
   502477.622905 15.133354  0.000569 59.929239   -106.86    -74.62     -6.48
   502570.745910 15.135274  0.000662 61.999281   -127.37   -173.24      6.38
   502663.868914 15.133241  0.000453 59.957447   -147.85    -47.06      1.24
   502756.991919 15.134428  0.000524 57.663990   -172.45    -61.63    -11.80
   502850.114923 15.133015  0.000266 58.885471    161.99    110.19     -4.28
   502943.237927 15.135312  0.000570 61.274287    139.83    125.11      4.38
   503036.360932 15.137371  0.000659 61.269398    119.87     -7.41      5.46
   503129.483936 15.135900  0.000493 58.369191     97.30     61.70     13.62
   503222.606941 15.136382  0.000516 57.784524     71.14     -4.24      8.19
   503315.729945 15.136963  0.000485 60.759389     47.48    156.96    -20.37
   503408.852950 15.136984  0.000499 61.612345     27.45    107.29      5.67
   503501.975954 15.138383  0.000571 59.315224      6.04    -53.13     -8.52
   503595.098958 15.138767  0.000534 57.698564    -19.14     -9.30    -17.08
   503688.221963 15.138566  0.000538 59.426490    -44.30   -138.45     -4.94
   503781.344967 15.139078  0.000496 61.919723    -65.30    -36.99    -20.07
   503874.467972 15.140237  0.000586 60.288133    -85.43   -134.47      9.51
   503967.590976 15.139399  0.000461 57.600717   -109.87     13.80      5.63
   504060.713981 15.142293  0.000658 58.908732   -135.66      6.62      5.17
   504153.836985 15.141291  0.000597 61.365022   -157.63   -147.81     -4.25
   504246.959989 15.140216  0.000393 60.991241   -177.61   -104.99     -4.78
   504340.082994 15.141545  0.000464 58.271296    159.43    162.22    -20.34
   504433.205998 15.142525  0.000591 57.961215    133.24   -111.20     -4.14
   504526.329003 15.143929  0.000633 61.143517    110.05   -178.88     10.95
   504619.452007 15.143126  0.000528 61.473264     90.38     -4.11    -12.73
   504712.575012 15.143721  0.000569 58.542643     68.09    -21.52      6.62
   504805.698016 15.145595  0.000642 57.938817     42.18   -170.64      8.13
   504898.821020 15.144794  0.000593 60.358765     18.19   -107.68      3.42
   504991.944025 15.145878  0.000641 61.706809     -1.99    156.97      1.70
   505085.067029 15.143458  0.000280 59.295877    -23.19   -103.80     13.18
   505178.190034 15.145774  0.000569 57.439113    -48.92   -121.84     -5.40
   505271.313038 15.145507  0.000442 60.174421    -73.73     20.86     22.13
   505364.436042 15.147103  0.000593 61.793139    -93.94     46.57      9.56
   505457.559047 15.147256  0.000582 59.443572   -114.94    -75.73     -5.51
   505550.682051 15.149244  0.000660 57.728069   -140.19     -2.97     -4.40
   505643.805056 15.147904  0.000564 59.557285   -165.33    -91.42      5.80
   505736.928060 15.147396  0.000430 61.817644    173.86     29.32     11.22
   505830.051065 15.150399  0.000668 59.977278    153.51     11.65      1.78
   505923.174069 15.148635  0.000498 57.400522    128.41   -156.39     -4.20
   506016.297073 15.148308  0.000363 59.611017    102.87   -148.52     22.39
   506109.420078 15.148713  0.000386 61.781594     82.12    108.34      2.95
   506202.543082 15.149792  0.000478 59.881735     61.62   -168.56      6.07
   506295.666087 15.150675  0.000472 57.749700     36.82    156.28    -20.99
   506388.789091 15.151190  0.000541 59.243868     11.26    -83.63      5.68
   506481.912096 15.150927  0.000436 61.795030     -9.84    -75.41    -11.21
   506575.035100 15.150395  0.000293 60.154029    -29.96    123.20    -12.00
   506668.158104 15.152044  0.000494 57.412350    -54.92    158.88      3.60
   506761.281109 15.151331  0.000306 59.555422    -80.60     43.38     19.41
   506854.404113 15.153468  0.000535 61.776556   -101.35    177.90    -11.69
   506947.527118 15.154494  0.000618 59.807723   -121.86    121.75     -3.05
   507040.650122 15.152319  0.000255 57.732081   -146.84    -63.15    -13.69
   507133.773127 15.154332  0.000515 59.436187   -172.27    -69.32      5.97
   507226.896131 15.156285  0.000637 61.819313    166.91    155.03     -0.25
   507320.019135 15.156388  0.000582 59.823149    146.53   -152.60     12.79
   507413.142140 15.155867  0.000543 57.388462    121.09    133.66      5.94
   507506.265144 15.154437  0.000255 60.006875     95.84    -84.44     -8.16
   507599.388149 15.157358  0.000589 61.769554     75.64   -130.94      9.42
   507692.511153 15.156490  0.000462 59.235718     54.55     64.94     -4.96
   507785.634157 15.155600  0.000232 57.772055     28.86     94.09     -0.24
   507878.757162 15.157450  0.000478 60.127374      4.22    -22.73     -1.67
   507971.880166 15.157255  0.000366 61.706808    -15.89     60.63      1.72
   508065.003171 15.160495  0.000641 59.001732    -37.25      5.09     -6.85
   508158.126175 15.159181  0.000529 57.608453    -63.52    142.56      5.75
   508251.249180 15.160945  0.000606 60.908545    -87.47    157.72    -12.77
   508344.372184 15.160297  0.000539 61.419820   -107.00     -2.67    -11.53
   508437.495188 15.159726  0.000427 58.255343   -129.59     38.05      1.29
   508530.618193 15.160065  0.000376 58.307880   -155.93    -32.01    -23.23
   508623.741197 15.162049  0.000606 61.123811   -178.77     56.68     -0.69
   508716.864202 15.162190  0.000548 60.973522    161.51      2.24     11.61
   508809.987206 15.164007  0.000648 57.978231    138.11   -171.49     -5.10
   508903.110211 15.162327  0.000497 58.592425    111.68   -151.27     -3.06
   508996.233215 15.161330  0.000260 61.818290     90.00     61.54     10.89
   509089.356219 15.162906  0.000443 60.205076     70.21    157.82    -11.73
   509182.479224 15.163485  0.000472 57.482478     45.14     83.32     -8.48
   509275.602228 15.165607  0.000593 59.780903     19.60   -161.26     13.80
   509368.725233 15.164931  0.000550 61.649358     -0.83   -160.07     -4.99
   509461.848237 15.164970  0.000466 59.296473    -21.83     14.17     13.44
   509554.971242 15.164981  0.000409 57.753021    -47.67     55.33     18.11
   509648.094246 15.166145  0.000554 60.429577    -72.11    -36.94      4.94
   509741.217250 15.164877  0.000287 61.609642    -91.79     50.84     16.53
   509834.340255 15.168138  0.000633 58.281613   -114.06     22.63     -4.54
   509927.463259 15.167554  0.000538 58.189565   -140.82    173.90      9.60
   510020.586264 15.169754  0.000671 61.607469   -163.20   -171.00      4.44
   510113.709268 15.168884  0.000604 60.465390    177.21     52.00     -1.39
   510206.832272 15.169259  0.000554 57.675037    152.69    133.59    -11.14
   510299.955277 15.170105  0.000593 59.454618    126.87     32.47     11.86
   510393.078281 15.169216  0.000517 61.623976    106.10    168.72      3.09
   510486.201286 15.171488  0.000636 59.482273     85.36    159.58    -10.78
   510579.324290 15.170058  0.000470 57.611924     59.45     -8.24    -11.83
   510672.447295 15.170481  0.000490 60.617081     34.98     10.80      9.50
   510765.570299 15.169427  0.000252 61.523408     15.54   -106.37     11.34
   510858.693303 15.171445  0.000507 57.963254     -7.24      9.01     -6.17
   510951.816308 15.173059  0.000590 58.606376    -33.98    -36.04     -9.17
   511044.939312 15.171026  0.000314 61.730546    -55.66    116.63     -5.65
   511138.062317 15.173453  0.000599 59.928675    -75.61    113.50      2.73
   511231.185321 15.175201  0.000657 57.691302   -100.92    -15.74     -7.92
   511324.308326 15.174872  0.000636 60.003783   -126.10     43.00      2.86
   511417.431330 15.175219  0.000632 61.563339   -146.16    -38.82      0.25
   511510.554334 15.172761  0.000240 58.686805   -167.92     78.84      9.01
   511603.677339 15.175733  0.000603 58.008064    165.44     69.76     -0.38
   511696.800343 15.174154  0.000332 61.502200    142.71    -97.13     -5.27
   511789.923348 15.174429  0.000308 60.556072    123.29    -60.53     -7.36
   511883.046352 15.175903  0.000481 57.407376     98.40   -179.78      2.50
   511976.169357 15.175275  0.000303 59.962592     72.66    -53.93    -21.90
   512069.292361 15.178148  0.000625 61.651938     52.71   -134.93      4.90
   512162.415365 15.176936  0.000446 58.586073     30.95     20.92      7.70
   512255.538370 15.178880  0.000564 58.238052      4.42     24.88     16.49
   512348.661374 15.179016  0.000600 61.245786    -18.35   -100.16      1.39
   512441.784379 15.180292  0.000633 60.505165    -38.02    -27.22     -3.87
   512534.907383 15.178916  0.000447 57.633542    -62.69   -127.19     18.12
   512628.030387 15.179267  0.000485 59.749604    -88.48     25.83     -0.51
   512721.153392 15.182114  0.000673 61.818007   -108.40     -1.43      5.75
   512814.276396 15.181503  0.000607 58.414432   -130.14   -157.91     -6.91
   512907.399401 15.180001  0.000394 58.236551   -157.11   -113.93     -3.58
   513000.522405 15.181036  0.000443 61.727597   -179.22    157.39    -22.52
   513093.645410 15.182430  0.000605 59.933605    161.03   -121.97     -1.96
   513186.768414 15.183055  0.000558 57.610668    135.43   -179.02     12.81
   513279.891418 15.183947  0.000623 60.436470    110.56      7.90     -7.15
   513373.014423 15.182702  0.000495 61.242167     90.91     13.83      0.46
   513466.137427 15.182123  0.000316 58.180527     68.04   -142.57     23.88
   513559.260432 15.183124  0.000418 58.755168     41.46    -33.49     -4.12
   513652.383436 15.183514  0.000411 61.718439     20.13   -104.04     -5.87
   513745.506441 15.186382  0.000633 59.484324     -0.20     16.60     10.23
   513838.629445 15.185161  0.000521 57.593161    -26.62     26.43     -5.68
   513931.752449 15.185049  0.000422 61.203033    -50.39   -154.29     17.55
   514024.875454 15.184908  0.000348 60.801474    -69.58   -100.78     12.48
   514117.998458 15.186238  0.000493 57.433291    -94.23    172.30      4.80
   514211.121463 15.185864  0.000361 60.022826   -120.11    -39.91    -25.71
   514304.244467 15.187667  0.000560 61.540154   -139.86   -111.33      7.92
   514397.367472 15.186926  0.000409 58.244107   -162.17     82.02     -8.89
   514490.490476 15.186399  0.000252 58.697554    171.11    110.73     -6.56
   514583.613480 15.188276  0.000504 61.554949    149.50    -19.57      1.54
   514676.736485 15.187599  0.000311 59.554953    129.21     66.93      2.99
   514769.859489 15.191012  0.000644 57.758238    103.05     17.20     -3.21
   514862.982494 15.189923  0.000544 60.963475     79.12    162.17      5.79
   514956.105498 15.192421  0.000680 60.828816     59.81    171.90     -3.39
   515049.228502 15.191677  0.000611 57.465714     35.18     30.74     -5.59
   515142.351507 15.190801  0.000468 60.059781      9.28    107.34    -12.18
   515235.474511 15.193598  0.000677 61.628451    -10.18      9.10      0.47
   515328.597516 15.191878  0.000515 57.852332    -32.95    133.61      5.43
   515421.720520 15.192671  0.000511 59.082200    -59.83    141.32    -17.20
   515514.843525 15.192024  0.000395 61.813992    -80.45    -33.35    -12.66
   515607.966529 15.193059  0.000507 58.723494   -101.52     -8.84      5.48
   515701.089533 15.191875  0.000244 58.274426   -128.36   -119.93     15.88
   515794.212538 15.194329  0.000556 61.452955   -150.74      9.86     -7.45
   515887.335542 15.195803  0.000636 59.816872   -170.67    -38.59     -2.50
   515980.458547 15.194140  0.000388 57.746493    163.43    154.17    -22.27
   516073.581551 15.195164  0.000515 60.800883    139.15    152.43      3.14
   516166.704556 15.196144  0.000524 60.823524    119.81     10.48     15.90
   516259.827560 15.194934  0.000330 57.576181     95.25    111.58      1.66
   516352.950564 15.196251  0.000482 60.059525     69.43     58.69     -4.73
   516446.073569 15.198639  0.000630 61.530581     50.01   -172.41     12.32
   516539.196573 15.198220  0.000596 57.722657     26.86   -152.72     -6.16
   516632.319578 15.196720  0.000356 59.391326      0.06     54.70      3.76
   516725.442582 15.197036  0.000323 61.826917    -19.94    138.38    -18.05
   516818.565587 15.198770  0.000536 58.162506    -41.85     42.22     -5.65
   516911.688591 15.201057  0.000661 58.796277    -68.93    169.08      0.74
   517004.811595 15.199293  0.000468 61.779384    -89.93    161.87    -13.23
   517097.934600 15.200317  0.000560 58.799085   -110.80    -26.05      6.27
   517191.057604 15.201681  0.000592 58.303435   -137.69     13.20     15.96
   517284.180609 15.200686  0.000514 61.497299   -159.92    -80.80      6.46
   517377.303613 15.200682  0.000428 59.544272    179.99     19.89     13.09
   517470.426617 15.203394  0.000635 57.881600    153.63      5.49     -7.90
   517563.549622 15.201834  0.000506 61.168922    130.16    170.34      1.93
   517656.672626 15.203620  0.000582 60.221675    110.66   -177.08     12.50
   517749.795631 15.202925  0.000492 57.577861     84.92     62.83     13.40
   517842.918635 15.203692  0.000563 60.869187     60.41    162.42      6.61
   517936.041640 15.202357  0.000303 60.743029     41.25    132.13    -23.60
   518029.164644 15.204649  0.000568 57.396287     16.10   -101.01      7.07
   518122.287648 15.204043  0.000425 60.643809     -9.21    -67.36    -15.81
   518215.410653 15.204359  0.000395 61.042415    -28.25    153.65    -20.45
   518308.533657 15.205229  0.000494 57.387669    -52.87   -147.84     -4.14
   518401.656662 15.206660  0.000554 60.409356    -78.65    152.54    -16.14
   518494.779666 15.205719  0.000429 61.180164    -97.80   -101.17     11.65
   518587.902671 15.206816  0.000529 57.521065   -121.89    -89.31     -8.01
   518681.025675 15.205576  0.000274 60.146189   -147.99    130.20    -21.39
   518774.148679 15.207183  0.000481 61.230227   -167.41    166.30     -5.02
   518867.271684 15.206658  0.000323 57.760111    168.99     76.59     -5.63
   518960.394688 15.210269  0.000665 59.819186    142.68   -164.24     -0.68
   519053.517693 15.208669  0.000516 61.305034    122.95    163.18      3.24
   519146.640697 15.211268  0.000663 57.961320     99.86     -8.06      1.61
   519239.763702 15.210931  0.000632 59.523922     73.34     35.11      1.23
   519332.886706 15.210686  0.000583 61.430069     53.41    -68.55     -4.95
   519426.009710 15.211688  0.000577 58.068143     30.69     15.90     15.58
   519519.132715 15.210605  0.000487 59.312630      3.93     -1.64     -4.92
   519612.255719 15.212987  0.000652 61.609987    -16.09    160.29      2.07
   519705.378724 15.213590  0.000647 58.019946    -38.59   -168.98     -5.28
   519798.501728 15.212422  0.000554 59.269071    -65.56     72.88     -5.65
   519891.624732 15.214285  0.000637 61.723141    -85.44    163.44     -8.70
   519984.747737 15.212434  0.000426 57.889678   -107.97     87.39      9.98
   520077.870741 15.213154  0.000476 59.383876   -134.99    -92.86     -8.82
   520170.993746 15.212047  0.000238 61.726996   -154.71   -105.88     10.54
   520264.116750 15.213966  0.000480 57.726784   -177.49    121.22      6.05
   520357.239755 15.214828  0.000499 59.637725    155.57   -169.54     17.10
   520450.362759 15.214316  0.000393 61.576116    136.05    151.08    -17.92
   520543.485763 15.216245  0.000601 57.629565    112.84    -81.73     -1.99
   520636.608768 15.214354  0.000266 59.901369     86.21    -69.53    -14.72
   520729.731772 15.215553  0.000403 61.345043     66.81    120.35      0.91
   520822.854777 15.216921  0.000517 57.606296     43.15    175.61      9.37
   520915.977781 15.215452  0.000249 60.144966     16.89    117.13    -13.25
   521009.100786 15.218368  0.000612 61.071710     -2.43   -128.18     -1.98
   521102.223790 15.217701  0.000433 57.655791    -26.62   -164.52     18.78
   521195.346794 15.219332  0.000577 60.326960    -52.44     40.53     12.41
   521288.469799 15.219574  0.000606 60.828112    -71.73    101.74     -1.98
   521381.592803 15.221342  0.000649 57.676861    -96.41     -0.56      5.45
   521474.715808 15.219026  0.000426 60.549732   -121.74    122.68      1.27
   521567.838812 15.220209  0.000514 60.581380   -140.97     99.90     -8.28
   521660.961817 15.218672  0.000227 57.678448   -166.26    -77.95     -4.13
   521754.084821 15.220791  0.000514 60.824047    169.02    -46.45      4.14
   521847.207825 15.221585  0.000507 60.301310    149.73   -170.52     16.84
   521940.330830 15.220857  0.000363 57.665631    123.77    -31.56    -14.12
   522033.453834 15.222778  0.000587 61.192887     99.85    -80.58     -4.46
   522126.576839 15.220910  0.000243 59.862097     80.40     83.14      1.59
   522219.699843 15.222473  0.000436 57.787644     53.71    108.28      6.79
   522312.822847 15.224202  0.000576 61.564623     30.88    -11.26      7.55
   522405.945852 15.222141  0.000243 59.261235     10.92     77.52     10.39
   522499.068856 15.224730  0.000567 58.127117    -16.37     46.59     -5.67
   522592.191861 15.225406  0.000542 61.842975    -37.94   -173.80     16.42
   522685.314865 15.226655  0.000629 58.524496    -58.84   -148.51      5.46
   522778.437870 15.226043  0.000569 58.771132    -86.36     98.92     -6.33
   522871.560874 15.228136  0.000672 61.833475   -106.64    176.35     -1.53
   522964.683878 15.225910  0.000442 57.851932   -128.92    106.50      6.40
   523057.806883 15.226484  0.000457 59.626633   -156.03    -77.58    -11.89
   523150.929887 15.225490  0.000245 61.468745   -175.34    -89.38      3.36
   523244.052892 15.227595  0.000512 57.410094    160.67    130.56      6.00
   523337.175896 15.228089  0.000478 60.576479    134.64   -164.89     20.43
   523430.298901 15.227915  0.000424 60.709768    115.76    156.14    -14.89
   523523.421905 15.229704  0.000598 57.401745     90.04    -67.41     -3.92
   523616.544909 15.227958  0.000299 61.354469     65.72    -49.97    -21.54
   523709.667914 15.229165  0.000435 59.713427     46.50    138.55     -0.80
   523802.790918 15.229816  0.000446 57.862171     19.49   -163.02     12.56
   523895.913923 15.229894  0.000398 61.791403     -2.87    152.40    -21.97
   523989.036927 15.231761  0.000610 58.664570    -23.27    -96.42      0.84
   524082.159932 15.229662  0.000239 58.754770    -50.80    -96.79     -3.32
   524175.282936 15.230861  0.000376 61.704777    -71.33     94.06      8.40
   524268.405940 15.232792  0.000567 57.863570    -93.64    155.48      6.69
   524361.528945 15.231055  0.000255 59.834878   -120.57     66.06     14.25
   524454.651949 15.233795  0.000596 61.117100   -139.87   -149.79     -4.43
   524547.774954 15.233937  0.000523 57.519498   -164.38    179.49     11.96
   524640.897958 15.235523  0.000630 60.864615    170.27     21.94      9.83
   524734.020962 15.235066  0.000611 60.098510    151.17     81.99     -0.55
   524827.143967 15.236964  0.000669 57.808982    124.74     -9.58      2.47
   524920.266971 15.234186  0.000382 61.512308    101.64    113.77      1.51
   525013.389976 15.235893  0.000546 58.940939     81.51     97.58     -7.03
   525106.512980 15.234413  0.000268 58.656716     54.16    -54.44    -18.64
   525199.635985 15.236024  0.000475 61.579406     33.34    -25.39     -2.63
   525292.758989 15.235755  0.000357 57.980973     11.10   -132.14      5.96
   525385.881993 15.238790  0.000618 59.859897    -15.73      3.82     -9.62
   525479.004998 15.237769  0.000545 60.929919    -35.07    -41.74      4.74
   525572.128002 15.239950  0.000638 57.636983    -59.92    160.92     -8.91
   525665.251007 15.239612  0.000614 60.968998    -84.79   -158.99     -5.48
   525758.374011 15.239086  0.000528 59.755523   -104.14     98.15     -8.45
   525851.497016 15.241044  0.000626 58.091664   -130.99   -165.26     10.67
   525944.620020 15.239554  0.000502 61.560854   -153.13    176.59     -4.66
   526037.743024 15.241485  0.000618 58.460150   -174.16    -13.69      6.68
   526130.866029 15.242174  0.000630 59.270126    158.56     25.92      8.52
   526223.989033 15.241701  0.000609 61.242767    138.73    -76.27      0.94
   526317.112038 15.241802  0.000498 57.708309    114.83     12.74     21.10
   526410.235042 15.242318  0.000554 60.632843     89.17      8.80     -9.22
   526503.358047 15.242738  0.000557 60.095449     69.99    167.00      8.25
   526596.481051 15.244071  0.000591 57.930992     43.47   -160.59     13.11
   526689.604055 15.243417  0.000568 61.500442     20.82     96.98      4.77
   526782.727060 15.243538  0.000488 58.609384      0.11   -170.21     15.11
   526875.850064 15.244954  0.000585 59.161169    -27.24   -179.16    -11.73
   526968.973069 15.244302  0.000532 61.264236    -47.16    -22.33      4.69
   527062.096073 15.246509  0.000633 57.707590    -71.04      3.16     11.50
   527155.219077 15.245377  0.000534 60.682071    -96.65   -104.79      8.58
   527248.342082 15.245922  0.000538 59.970388   -115.85     -6.45      9.63
   527341.465086 15.246280  0.000488 58.033284   -142.59    -15.70    -19.70
   527434.588091 15.246244  0.000508 61.544898   -164.80    134.53      3.10
   527527.711095 15.248526  0.000638 58.354068    174.01    162.91      2.73
   527620.834100 15.248015  0.000559 59.515328    146.79     40.93     13.46
   527713.957104 15.247902  0.000561 61.005811    127.29    147.11      5.12
   527807.080108 15.246863  0.000329 57.655952    102.48    137.59    -26.99
   527900.203113 15.248173  0.000479 61.087529     77.80    -83.78      8.08
   527993.326117 15.250049  0.000618 59.366529     58.24    -45.30     -4.98
   528086.449122 15.251339  0.000652 58.496717     30.92   -166.13      3.72
   528179.572126 15.249988  0.000555 61.513505     10.00    -68.42      4.07
   528272.695131 15.248671  0.000292 57.851865    -12.64   -109.76      1.23
   528365.818135 15.250795  0.000508 60.337931    -39.08     52.43     13.73
   528458.941139 15.251568  0.000591 60.269897    -58.15     94.22     -3.63
   528552.064144 15.253257  0.000641 57.886479    -84.58    -11.38    -10.94
   528645.187148 15.252331  0.000578 61.548696   -107.26     70.16      6.78
   528738.310153 15.251659  0.000423 58.369105   -128.21     19.57     11.79
   528831.433157 15.254386  0.000642 59.553012   -155.55   -160.19      7.39
   528924.556162 15.253491  0.000582 60.951631   -174.92   -124.24     -3.71
   529017.679166 15.253532  0.000474 57.592009    159.92    136.45    -17.74
   529110.802170 15.255185  0.000620 61.359011    135.70   -145.65      5.60
   529203.925175 15.254252  0.000517 58.918625    115.86    167.62      6.46
   529297.048179 15.256968  0.000669 58.926831     88.24     -3.98     -4.55
   529390.171184 15.255706  0.000582 61.382506     68.21     23.90     -6.15
   529483.294188 15.254700  0.000390 57.533816     44.24    -81.88    -13.36
   529576.417192 15.257845  0.000661 61.053492     18.84     10.67     -2.05
   529669.540197 15.256344  0.000519 59.441741     -0.37    -40.69      4.24
   529762.663201 15.258053  0.000598 58.426533    -27.90    154.79    -11.85
   529855.786206 15.257916  0.000571 61.671833    -48.62   -177.92    -10.52
   529948.909210 15.257201  0.000470 57.547567    -71.62     66.13     -6.43
   530042.032215 15.260072  0.000654 60.782829    -97.84    174.96     -8.10
   530135.155219 15.257986  0.000464 59.850927   -116.74    118.35      5.18
   530228.278223 15.259671  0.000568 58.086724   -144.10    -43.37    -11.09
   530321.401228 15.259957  0.000542 61.815034   -165.37     -7.45    -15.19
   530414.524232 15.259766  0.000535 57.628938    172.28   -126.55     -5.91
   530507.647237 15.261907  0.000648 60.542317    145.58    -15.40     -6.11
   530600.770241 15.259413  0.000360 60.154527    126.83    -60.67     -1.38
   530693.893246 15.261882  0.000614 57.853323     99.64    125.80     -2.66
   530787.016250 15.263000  0.000632 61.893280     78.03    171.56    -12.57
   530880.139254 15.262609  0.000612 57.692550     55.97     54.14     -1.98
   530973.262259 15.263841  0.000646 60.423021     29.06    163.91      3.47
   531066.385263 15.261702  0.000369 60.252112     10.33    148.60    -17.89
   531159.508268 15.263350  0.000558 57.817347    -16.82    -45.29      5.07
   531252.631272 15.265339  0.000651 61.853518    -38.43     -3.90      4.08
   531345.754277 15.263887  0.000504 57.745105    -60.55   -115.01     12.57
   531438.877281 15.264002  0.000489 60.417325    -87.33      8.08      9.21
   531532.000285 15.266588  0.000654 60.148889   -106.16     -4.98     -9.40
   531625.123290 15.264725  0.000482 57.967028   -133.42   -176.10     -4.57
   531718.246294 15.264689  0.000401 61.735416   -154.71   -152.03     16.75
   531811.369299 15.264754  0.000343 57.710654   -177.38    142.55    -14.80
   531904.492303 15.266494  0.000552 60.625385    156.36   -102.41     -5.43
   531997.615307 15.266238  0.000414 59.757913    137.30   -155.58     22.05
   532090.738312 15.267860  0.000581 58.373910    109.84     58.32      7.42
   532183.861316 15.268267  0.000595 61.456594     89.23    122.77     -6.36
   532276.984321 15.269708  0.000628 57.665403     65.52     15.73     10.76
   532370.107325 15.267968  0.000494 60.992625     40.25    154.07      1.68
   532463.230330 15.270039  0.000603 59.132746     20.61    147.17    -10.00
   532556.353334 15.269531  0.000527 59.006104     -7.00     -3.20    -13.92
   532649.476338 15.269230  0.000489 61.058885    -26.74     42.10     -2.93
   532742.599343 15.270620  0.000520 57.655261    -51.86    -24.15    -18.20
   532835.722347 15.270313  0.000502 61.448492    -75.64     83.86      8.13
   532928.845352 15.270373  0.000453 58.332481    -96.29     91.26     -9.68
   533021.968356 15.269618  0.000280 59.880947   -123.71    -45.71    -19.91
   533115.091361 15.271272  0.000493 60.421534   -142.72     -0.58     -2.40
   533208.214365 15.271157  0.000374 57.890874   -169.42    -54.35    -20.80
   533301.337369 15.272761  0.000520 61.726365    168.66     52.24     12.63
   533394.460374 15.272685  0.000495 57.630150    146.38     70.14     -6.37
   533487.583378 15.271728  0.000278 60.804766    119.89    -56.82    -19.32
   533580.706383 15.273793  0.000521 59.560522    101.00      3.30     -9.11
   533673.829387 15.274509  0.000536 58.489023     73.15    -57.25    -11.15
   533766.952392 15.273143  0.000310 61.589787     53.08     57.41     20.89
   533860.075396 15.275658  0.000608 57.296095     28.62     87.49      0.13
   533953.198400 15.276175  0.000560 61.551432      4.03    -28.18    -16.92
   534046.321405 15.277163  0.000634 58.531519    -15.97     31.85      3.09
   534139.444409 15.276719  0.000570 59.550412    -43.83    -24.63      5.98
   534232.567414 15.276921  0.000503 60.742128    -62.73    156.88    -20.50
   534325.690418 15.276450  0.000450 57.716366    -89.35    161.23     -4.46
   534418.813422 15.277001  0.000457 61.687647   -111.31     18.16     13.06
   534511.936427 15.276509  0.000310 57.762720   -133.80    144.92    -21.62
   534605.059431 15.278780  0.000597 60.751593   -159.93     80.62     -3.04
   534698.182436 15.277082  0.000291 59.320459   -179.27   -135.14     18.40
   534791.305440 15.278556  0.000446 58.962965    153.01    -96.70     11.30
   534884.428445 15.280123  0.000586 60.948712    133.39    152.26      4.79
   534977.551449 15.278085  0.000241 57.746618    107.72   -109.47     12.28
   535070.674453 15.281020  0.000603 61.538332     84.85   -133.99     -1.87
   535163.797458 15.279730  0.000372 57.872666     63.03     31.53     11.66
   535256.920462 15.279904  0.000340 60.687725     36.46     67.18     17.01
   535350.043467 15.281388  0.000518 59.366244     17.36    -27.94      4.91
   535443.166471 15.280159  0.000253 58.869762    -10.49    113.68    -17.33
   535536.289476 15.282880  0.000567 61.185419    -30.14     56.46      9.17
   535629.412480 15.282361  0.000462 57.444538    -55.66    -91.08     -9.11
   535722.535484 15.282642  0.000409 61.813860    -78.85    -27.69    -22.98
   535815.658489 15.284136  0.000583 57.778679   -100.22   -139.39     -4.89
   535908.781493 15.285603  0.000651 60.599075   -127.25    -16.14      2.65
   536001.904498 15.284329  0.000476 59.639426   -146.06    -13.62    -19.42
   536095.027502 15.284539  0.000499 58.593233   -174.04    169.98      5.62
   536188.150507 15.284266  0.000373 61.328159    166.27   -151.01     25.40
   536281.273511 15.285138  0.000450 57.483893    140.80    166.13     -9.09
   536374.396515 15.286654  0.000578 61.618332    117.68    -55.61     -7.59
   536467.519520 15.284947  0.000289 57.929449     95.95    -46.89    -20.09
   536560.642524 15.286442  0.000487 60.633627     69.46    150.88      1.97
   536653.765529 15.286324  0.000382 59.246832     50.14   -151.72     16.47
   536746.888533 15.288130  0.000539 59.183802     22.39    177.22    -14.46
   536840.011537 15.288699  0.000603 60.663955      3.00    -50.75      2.96
   536933.134542 15.289641  0.000581 57.936404    -23.44    -16.30    -16.82
   537026.257546 15.289519  0.000582 61.574755    -45.19   -158.56     -5.87
   537119.380551 15.289528  0.000521 57.493926    -68.46    -64.18    -10.51
   537212.503555 15.289752  0.000479 61.401335    -93.68   -145.27     20.21
   537305.626560 15.290418  0.000556 58.362645   -113.65     43.98     -5.08
   537398.749564 15.288937  0.000279 59.990007   -141.47     62.18      7.41
   537491.872568 15.289832  0.000361 60.153647   -160.15    -36.32    -14.06
   537584.995573 15.290922  0.000469 58.214923    172.14     64.94     -6.64
   537678.118577 15.293529  0.000633 61.540744    151.94      7.09     11.03
   537771.241582 15.292747  0.000576 57.379799    126.95   -151.73     -6.69
   537864.364586 15.291461  0.000362 61.651617    103.45   -116.69      0.00
   537957.487591 15.292864  0.000449 57.895807     81.84    161.87    -20.40
   538050.610595 15.293992  0.000596 60.711920     55.36    -95.32     -0.63
   538143.733599 15.292373  0.000310 59.058586     35.92   -137.22     16.25
   538236.856604 15.293948  0.000469 59.471989      8.15     67.38     13.27
   538329.979608 15.295480  0.000617 60.285563    -10.98    132.15      1.85
   538423.102613 15.294658  0.000432 58.302613    -38.14     28.10     25.64
   538516.225617 15.295508  0.000534 61.328071    -58.75   -167.06     -6.43
   538609.348622 15.296778  0.000582 57.491435    -83.64    172.99     10.27
   538702.471626 15.297485  0.000597 61.743733   -107.05     26.70     10.39
   538795.594630 15.297213  0.000583 57.602834   -128.80    106.31      3.04
   538888.717635 15.296526  0.000419 61.061702   -155.27     22.65     22.88
   538981.840639 15.298767  0.000622 58.839994   -174.55   -160.42     -5.96
   539074.963644 15.297220  0.000440 59.561699    157.33   -155.80      6.45
   539168.086648 15.296507  0.000251 60.370753    138.54     56.20     21.17
   539261.209652 15.298252  0.000474 58.211607    111.02    176.10     -3.78
   539354.332657 15.299512  0.000532 61.302854     90.77    132.98    -12.79
   539447.455661 15.297949  0.000288 57.650066     65.40    -63.45     -4.78
   539540.578666 15.300145  0.000558 61.510650     42.70    -42.97      4.07
   539633.701670 15.300837  0.000523 57.680852     19.87   -169.09     19.10
   539726.824675 15.299934  0.000412 61.280528     -5.33    -31.88     -7.64
   539819.947679 15.301728  0.000574 58.149374    -25.85    -65.05     -8.01
   539913.070683 15.300142  0.000307 60.545668    -53.10    143.01    -24.12
   540006.193688 15.301467  0.000469 59.221031    -72.08    164.19     -1.29
   540099.316692 15.300816  0.000283 59.263917   -100.24     79.35     -3.39
   540192.439697 15.304412  0.000648 60.622207   -119.15   -161.56      0.65
   540285.562701 15.302746  0.000468 57.965996   -146.45   -171.59      2.60
   540378.685706 15.303885  0.000507 61.551880   -167.00     15.23     20.67
   540471.808710 15.303349  0.000433 57.445472    167.94     94.57     10.20
   540564.931714 15.303774  0.000436 61.625540    144.89     22.74      9.71
   540658.054719 15.306932  0.000669 57.684092    122.29   -176.06     -5.15
   540751.177723 15.304885  0.000504 61.196087     96.96   -168.70     -3.04
   540844.300728 15.304378  0.000338 58.204294     76.32     36.56     16.81
   540937.423732 15.305458  0.000425 60.615834     49.35    157.80    -13.77
   541030.546737 15.306871  0.000578 58.911361     30.06     92.67     -4.56
   541123.669741 15.304947  0.000229 59.740082      2.07   -112.39     12.74
   541216.792745 15.306776  0.000459 60.021724    -16.71    -85.35      8.94
   541309.915750 15.308595  0.000589 58.551111    -44.64    166.94      9.74
   541403.038754 15.306144  0.000235 61.140478    -64.18    -75.70     -3.41
   541496.161759 15.309022  0.000589 57.637668    -90.70   -103.95     -3.31
   541589.284763 15.307171  0.000262 61.661219   -112.09     82.53     -2.65
   541682.407767 15.308150  0.000358 57.465742   -136.45    137.34     -7.73
   541775.530772 15.309109  0.000460 61.534385   -159.99     39.34      0.37
   541868.653776 15.312176  0.000653 57.726029    177.61    174.05     -5.58
   541961.776781 15.310026  0.000472 61.240411    152.28    165.89     -5.45
   542054.899785 15.311362  0.000537 58.039336    131.47     -3.90     12.97
   542148.022790 15.310026  0.000330 60.850848    104.65     64.90     18.21
   542241.145794 15.311238  0.000477 58.619591     85.19     12.80     -1.63
   542334.268798 15.314112  0.000656 60.078986     57.24    169.65     -1.75
   542427.391803 15.313121  0.000554 59.636854     38.54   -174.18    -10.16
   542520.514807 15.312216  0.000427 58.985667     10.32     57.58     -3.49
   542613.637812 15.314006  0.000540 60.632842     -8.69    162.43    -18.94
   542706.760816 15.313865  0.000542 58.179397    -36.09     95.21      6.54
   542799.883821 15.313372  0.000408 61.132754    -56.24    -70.20    -15.63
   542893.006825 15.313420  0.000356 57.856568    -82.35    -28.40    -19.43
   542986.129829 15.314541  0.000493 61.349655   -103.84   -151.01     -1.84
   543079.252834 15.316600  0.000583 57.633931   -128.63    -20.61    -13.54
   543172.375838 15.314861  0.000403 61.613312   -151.45    -57.79      0.80
   543265.498843 15.317227  0.000609 57.382566   -174.77    140.66      1.62
   543358.621847 15.318275  0.000629 61.724843    160.79   -166.65      9.36
   543451.744852 15.316748  0.000497 57.543960    139.19    114.47      7.04
   543544.867856 15.315966  0.000318 61.305477    113.06    -82.45    -11.51
   543637.990860 15.316683  0.000357 58.188601     92.88   -114.65     19.47
   543731.113865 15.318857  0.000603 60.596090     65.63    129.86      2.45
   543824.236869 15.319151  0.000519 58.826323     46.18   -166.58     19.32
   543917.359874 15.318629  0.000471 60.079397     18.50    169.39     -7.40
   544010.482878 15.320518  0.000615 59.202311     -0.63    -36.16      0.82
   544103.605882 15.321683  0.000643 59.711437    -28.58      2.60     -6.38
   544196.728887 15.320858  0.000604 59.704011    -47.47   -118.14     -1.45
   544289.851891 15.322461  0.000658 59.084108    -75.61     -9.84      4.87
   544382.974896 15.320335  0.000417 60.462649    -94.58    -21.84    -17.07
   544476.097900 15.321869  0.000570 58.335713   -122.35    151.39      6.42
   544569.220905 15.322972  0.000585 61.050673   -141.98   -168.04     15.29
   544662.343909 15.321575  0.000440 57.932988   -168.81    120.52      4.37
   544755.466913 15.321838  0.000412 61.203071    170.57    -92.94     -8.67
   544848.589918 15.321786  0.000327 57.865524    144.65   -122.93     20.43
   544941.712922 15.323732  0.000573 61.300863    123.24    109.82      4.26
   545034.835927 15.325014  0.000589 57.654372     98.00   -178.52     14.39
   545127.958931 15.323291  0.000393 61.622718     75.85    147.14    -11.78
   545221.081936 15.325535  0.000608 57.327784     51.48    -57.77     -2.89
   545314.204940 15.325625  0.000530 61.835721     28.30    -17.03    -20.01
   545407.327944 15.326024  0.000569 57.315127      5.11   -146.17     -5.70
   545500.450949 15.326952  0.000602 61.630400    -19.22    -37.05     -6.48
   545593.573953 15.324475  0.000245 57.636105    -41.45    -76.74      0.18
   545686.696958 15.327136  0.000590 61.335985    -66.53    112.54      2.86
   545779.819962 15.329219  0.000666 57.782707    -88.23    166.96     -1.36
   545872.942967 15.327381  0.000498 61.323262   -113.79     68.26     12.35
   545966.065971 15.327060  0.000419 57.727983   -134.95   -150.40      4.31
   546059.188975 15.329485  0.000591 61.348342   -161.16   -161.74     14.78
   546152.311980 15.329385  0.000593 57.877264    178.44     67.12      1.35
   546245.434984 15.330583  0.000630 61.033155    151.48    155.36     -2.90
   546338.557989 15.328023  0.000299 58.324980    131.66     74.81     15.60
   546431.680993 15.330287  0.000577 60.608319    104.34    -97.75     -4.01
   546524.803997 15.328727  0.000283 58.581431     84.65    -57.83    -21.96
   546617.927002 15.330718  0.000520 60.506319     57.28   -178.87    -10.02
   546711.050006 15.331219  0.000520 58.551471     37.68    -72.24    -10.61
   546804.173011 15.330371  0.000338 60.545385     10.08   -130.79     22.85
   546897.296015 15.332517  0.000596 58.646916     -9.14     78.83      2.33
   546990.419020 15.333518  0.000604 60.309656    -37.15    150.92     -9.80
   547083.542024 15.333291  0.000539 59.034114    -56.07     39.52     13.86
   547176.665028 15.332611  0.000469 59.928151    -84.20   -164.62      2.15
   547269.788033 15.335225  0.000626 59.260660   -103.21   -176.64     11.04
   547362.911037 15.334779  0.000609 59.852398   -131.17     57.41      4.44
   547456.034042 15.335625  0.000635 59.156987   -150.32    144.87     -1.29
   547549.157046 15.332949  0.000251 59.996516   -178.28     88.71      6.46
   547642.280051 15.335745  0.000600 59.115152    162.75    -99.77      0.47
   547735.403055 15.335324  0.000458 59.907875    134.53    -42.52    -19.86
   547828.526059 15.337309  0.000618 59.378542    115.78   -166.82     -6.38
   547921.649064 15.337119  0.000606 59.622299     87.47    -52.38      0.84
   548014.772068 15.334961  0.000251 59.537170     68.59    -55.26    -22.10
   548107.895073 15.336488  0.000455 59.614761     40.52    124.02      4.02
   548201.018077 15.338032  0.000544 59.349312     21.42    175.39     12.27
   548294.141082 15.336400  0.000289 59.867153     -6.56    130.77    -13.30
   548387.264086 15.338929  0.000591 59.156129    -25.56    -97.34     -1.12
   548480.387090 15.337281  0.000296 59.936808    -53.76    -65.94    -17.02
   548573.510095 15.338572  0.000428 59.280481    -72.54    159.17    -13.97
   548666.633099 15.339059  0.000462 59.763131   -100.85   -106.96     -7.00
   548759.756104 15.341714  0.000629 59.362829   -119.75   -171.28     10.80
   548852.879108 15.340674  0.000566 59.816830   -147.80     30.41     -5.81
   548946.002112 15.339298  0.000309 59.098410   -166.98     62.91      1.18
   549039.125117 15.341295  0.000493 60.171863    165.16     -9.20    -16.97
   549132.248121 15.342197  0.000594 58.765024    145.96     98.59     -0.13
   549225.371126 15.340246  0.000258 60.392969    117.98    107.44    -13.28
   549318.494130 15.341275  0.000367 58.748431     98.93    -54.83     -1.79
   549411.617135 15.342253  0.000451 60.328013     70.92     16.85      8.09
   549504.740139 15.343434  0.000489 58.764530     51.65    -17.20    -22.86
   549597.863143 15.343378  0.000519 60.426436     24.02    120.78      5.34
   549690.986148 15.345616  0.000639 58.451450      4.28    152.44     -4.65
   549784.109152 15.345679  0.000623 60.837344    -22.91     31.34      7.39
   549877.232157 15.345103  0.000560 58.030058    -42.95    140.71      5.69
   549970.355161 15.344716  0.000426 61.159158    -69.96    147.16    -23.72
   550063.478166 15.344678  0.000391 57.921083    -90.14    -40.05     -3.54
   550156.601170 15.345744  0.000488 61.137382   -116.91      8.59     10.98
   550249.724174 15.344939  0.000308 57.947786   -137.59    -35.60    -25.46
   550342.847179 15.347363  0.000606 61.186063   -163.65     85.50      1.46
   550435.970183 15.345773  0.000314 57.713943    174.79    113.94    -20.11
   550529.093188 15.347083  0.000437 61.531958    149.61    -18.93    -14.48
   550622.216192 15.347593  0.000477 57.355064    127.29     67.00     -6.48
   550715.339197 15.349944  0.000622 61.779552    102.76      8.22     10.99
   550808.462201 15.349425  0.000571 57.321221     79.88   -153.90     -6.75
   550901.585205 15.348082  0.000376 61.611791     55.98   -114.40     -1.26
   550994.708210 15.350076  0.000524 57.564252     32.24    170.65    -19.14
   551087.831214 15.350492  0.000600 61.401815      9.37    -80.67      2.26
   551180.954219 15.348780  0.000287 57.660266    -15.57    -60.15    -22.81
   551274.077223 15.349747  0.000376 61.432211    -37.25    140.18     -8.20
   551367.200227 15.350437  0.000424 57.631619    -63.22   -147.63      2.95
   551460.323232 15.352996  0.000608 61.355596    -84.05    169.03    -12.69
   551553.446236 15.351281  0.000437 57.919780   -110.66    -34.10      0.54
   551646.569241 15.353416  0.000608 60.818257   -130.92    -13.04      7.31
   551739.692245 15.352111  0.000405 58.577306   -158.17   -129.13     20.66
   551832.815250 15.352672  0.000482 60.174245   -177.71      5.49     -0.10
   551925.938254 15.355755  0.000668 59.149035    154.28     -8.43     -0.65
   552019.061258 15.354897  0.000602 59.769455    135.37   -162.56     -6.87
   552112.184263 15.353988  0.000466 59.501093    106.98    -85.85    -10.21
   552205.307267 15.356763  0.000648 59.372623     88.11   -173.29      4.04
   552298.430272 15.354715  0.000479 60.015930     60.05     -6.12     -3.43
   552391.553276 15.356434  0.000569 58.641589     40.61     -5.45     11.16
   552484.676281 15.355516  0.000436 60.810503     13.22   -128.05     19.65
   552577.799285 15.355987  0.000484 57.899918     -6.93     -9.73      4.64
   552670.922289 15.358050  0.000599 61.385437    -33.60    -16.23    -15.73
   552764.045294 15.356712  0.000447 57.579224    -54.62    168.74     -9.72
   552857.168298 15.356788  0.000421 61.483504    -80.21   -149.36      8.42
   552950.291303 15.357800  0.000452 57.579232   -102.62    161.16    -22.19
   553043.414307 15.358640  0.000571 61.459496   -126.53    -79.75      4.29
   553136.537312 15.358625  0.000469 57.532339   -150.78    -46.51    -18.87
   553229.660316 15.359843  0.000555 61.533079   -172.89    179.63    -13.95
   553322.783320 15.359833  0.000557 57.596516    161.23    -88.05     -6.70
   553415.906325 15.359951  0.000477 61.247640    140.47   -160.92     24.15
   553509.029329 15.361291  0.000611 58.161437    113.50     51.62     -0.45
   553602.152334 15.360463  0.000469 60.401581     93.69    108.41    -11.67
   553695.275338 15.363049  0.000656 59.144780     65.90     12.69      0.61
   553788.398342 15.361289  0.000502 59.455253     46.81    141.38      4.56
   553881.521347 15.363562  0.000635 59.988709     18.52    159.71     -7.89
   553974.644351 15.363774  0.000627 58.801704     -0.47     17.68     -5.69
   554067.767356 15.363305  0.000585 60.552032    -28.38    111.40     -5.42
   554160.890360 15.362375  0.000394 58.209136    -48.35     27.62     28.04
   554254.013365 15.364266  0.000606 61.146723    -74.81   -123.50     -0.48
   554347.136369 15.363299  0.000419 57.555692    -96.55    -68.67    -14.84
   554440.259373 15.365991  0.000643 61.708658   -121.11   -171.95     -4.91
   554533.382378 15.364963  0.000552 57.244534   -144.75    -51.92      5.79
   554626.505382 15.365371  0.000504 61.652481   -167.47    -32.51    -19.56
   554719.628387 15.365646  0.000503 57.688828    167.10   -178.63    -12.94
   554812.751391 15.365377  0.000463 60.902253    146.14   -103.57     -6.68
   554905.874396 15.368310  0.000655 58.598866    118.99   -167.79      8.58
   554998.997400 15.366578  0.000513 60.001309     99.57     15.13     -6.18
   555092.120404 15.366016  0.000355 59.484844     71.28     33.85     16.81
   555185.243409 15.366345  0.000342 59.210999     52.42    -37.11    -16.11
   555278.366413 15.368165  0.000561 60.266845     24.30     82.53     -5.23
   555371.489418 15.366727  0.000282 58.321618      4.54     42.81     20.99
   555464.612422 15.368136  0.000447 61.160720    -22.09    -87.90      9.17
   555557.735427 15.369523  0.000548 57.471001    -43.78    -10.93     10.25
   555650.858431 15.368301  0.000345 61.769805    -68.32    -29.82    -26.22
   555743.981435 15.370174  0.000560 57.260926    -92.20    107.41      5.62
   555837.104440 15.371687  0.000619 61.509657   -114.55    154.87     -9.38
   555930.227444 15.371854  0.000597 57.947691   -140.54     38.19      7.28
   556023.350449 15.371107  0.000527 60.517523   -160.86    160.04      5.40
   556116.473453 15.373083  0.000612 59.080591    171.38    168.42    -11.37
   556209.596457 15.372231  0.000553 59.462567    152.37     13.21     -8.56
   556302.719462 15.371466  0.000404 60.087196    123.99    100.68    -13.64
   556395.842466 15.374546  0.000643 58.530010    104.69     17.31      7.11
   556488.965471 15.372653  0.000492 60.930310     77.49   -162.82     -2.10
   556582.088475 15.372745  0.000386 57.702576     56.21   -158.03     22.79
   556675.211480 15.372738  0.000364 61.593054     31.50    124.74     -2.54
   556768.334484 15.373779  0.000457 57.317955      7.51   -108.35     -6.90
   556861.457488 15.374349  0.000440 61.545808    -14.56   -154.96     24.72
   556954.580493 15.375529  0.000572 57.908421    -40.91     78.65      5.40
   557047.703497 15.376932  0.000639 60.455932    -61.01    155.96      1.80
   557140.826502 15.374066  0.000257 59.314758    -88.85     98.58      4.68
   557233.949506 15.376827  0.000596 58.974799   -108.03    -91.81     -2.10
   557327.072511 15.376252  0.000429 60.684716   -136.03    -34.39    -23.06
   557420.195515 15.378056  0.000604 57.925469   -155.94   -158.31     -5.94
   557513.318519 15.378376  0.000617 61.348463    177.69    -38.89      0.21
   557606.441524 15.377095  0.000391 57.565637    155.26    -27.10    -25.41
   557699.564528 15.377703  0.000473 61.393129    131.97    162.09     -2.16
   557792.687533 15.377051  0.000293 57.817380    106.28   -129.55     10.00
   557885.810537 15.380530  0.000636 60.854790     85.92   -172.12     -7.72
   557978.933542 15.379243  0.000508 58.748656     58.04    -13.43      6.86
   558072.056546 15.380993  0.000587 59.575863     38.92      8.31     14.68
   558165.179550 15.379739  0.000461 60.244308     10.93    -80.48      6.91
   558258.302555 15.379575  0.000381 58.005959     -9.10     46.66      1.50
   558351.425559 15.381830  0.000551 61.546891    -35.34     24.49     16.17
   558444.548564 15.382060  0.000599 57.233006    -57.81   -104.80      0.13
   558537.671568 15.383588  0.000659 61.627670    -81.24    -19.32     -4.01
   558630.794572 15.380766  0.000326 57.825974   -106.74    -83.47      8.22
   558723.917577 15.383006  0.000575 60.495302   -127.27     99.85     -5.47
   558817.040581 15.383039  0.000478 59.286993   -155.11    159.54    -23.33
   558910.163586 15.384162  0.000594 59.021316   -174.15     37.93     -3.02
   559003.286590 15.384925  0.000607 60.639914    157.77    163.44      5.36
   559096.409595 15.385193  0.000562 57.922443    137.55    175.13    -15.39
   559189.532599 15.384281  0.000510 61.368589    111.89     26.22     -3.94
   559282.655603 15.383993  0.000373 57.539422     88.29    133.67    -25.13
   559375.778608 15.386013  0.000570 61.293653     66.30     48.30     10.00
   559468.901612 15.384930  0.000413 58.173295     39.33   -114.45     -5.87
   559562.024617 15.384146  0.000217 60.166936     19.87    -68.36    -12.95
   559655.147621 15.386476  0.000517 59.723869     -8.30   -162.10     -5.63
   559748.270626 15.388314  0.000618 58.371477    -27.92    -32.40     -3.91
   559841.393630 15.387220  0.000465 61.354960    -54.65    -13.96    -18.83
   559934.516634 15.387186  0.000461 57.246829    -76.79   -165.96     -1.22
   560027.639639 15.386734  0.000321 61.695166   -100.38    -48.85    -25.51
   560120.762643 15.389208  0.000578 57.772555   -125.94   -121.82      7.67
   560213.885648 15.388092  0.000418 60.412338   -146.37     74.69     -6.87
   560307.008652 15.387992  0.000328 59.535402   -174.29    147.48    -25.11
   560400.131657 15.389961  0.000553 58.595252    166.49     40.01     -5.27
   560493.254661 15.391443  0.000610 61.091026    138.89    173.72      8.03
   560586.377665 15.392070  0.000626 57.567499    117.74   -166.52     -5.74
   560679.500670 15.390821  0.000533 61.425765     93.34     69.47     -5.63
   560772.623674 15.393431  0.000667 57.856459     68.19    171.75     -5.32
   560865.746679 15.390727  0.000411 60.584817     47.70    130.87     -0.54
   560958.869683 15.393423  0.000636 59.201028     19.58    -30.06     -1.18
   561051.992687 15.394235  0.000643 59.004553      0.53     16.12      7.42
   561145.115692 15.392872  0.000537 60.782963    -27.10    -50.79      4.41
   561238.238696 15.392301  0.000372 57.611539    -48.45    124.78    -20.92
   561331.361701 15.392379  0.000348 61.607198    -72.55    129.62     -7.16
   561424.484705 15.393623  0.000470 57.594877    -97.96      2.54      7.05
   561517.607710 15.393335  0.000347 60.746959   -118.38    145.44    -27.86
   561610.730714 15.394863  0.000532 59.238956   -146.33     91.66      7.64
   561703.853718 15.395849  0.000558 58.659656   -165.78    -49.21    -11.10
   561796.976723 15.397427  0.000649 61.229915    167.10     13.98     -0.77
   561890.099727 15.396322  0.000563 57.253625    145.19    -56.53      5.30
   561983.222732 15.395604  0.000386 61.651097    121.57    134.06    -21.60
   562076.345736 15.395938  0.000395 57.942286     95.75    154.46    -10.18
   562169.468741 15.396395  0.000431 60.046916     75.65     36.94      0.87
   562262.591745 15.399347  0.000640 60.040781     47.56    175.50    -10.35
   562355.714749 15.397287  0.000446 58.042224     27.96    150.97     -0.10
   562448.837754 15.399304  0.000587 61.492483      1.33     -1.40     12.07
   562541.960758 15.397350  0.000320 57.453571    -21.57     76.62     15.97
   562635.083763 15.398772  0.000495 61.061995    -43.91     45.48     -4.03
   562728.206767 15.399538  0.000469 58.722790    -71.03   -160.93     22.32
   562821.329772 15.399942  0.000508 59.342609    -90.24   -111.27     11.22
   562914.452776 15.400905  0.000566 60.567671   -118.41    166.64      8.33
   563007.575780 15.399848  0.000379 57.788239   -138.98    -24.73    -26.81
   563100.698785 15.400881  0.000519 61.413147   -163.80    -51.44      4.75
   563193.821789 15.403032  0.000623 57.798908    171.02    175.59     10.06
   563286.944794 15.400571  0.000333 60.524734    150.71    -91.21     10.53
   563380.067798 15.402001  0.000490 59.456248    122.47   -104.11     -7.26
   563473.190802 15.400801  0.000242 58.516841    103.05     58.02     17.55
   563566.313807 15.402323  0.000434 61.263567     76.42    136.66     -0.14
   563659.436811 15.402201  0.000345 57.358832     53.31     64.82     -3.15
   563752.559816 15.405319  0.000617 61.343389     31.23   -160.53     12.49
   563845.682820 15.404477  0.000557 58.489695      3.93   -119.35     -5.60
   563938.805825 15.404337  0.000442 59.312953    -15.47    139.08    -21.71
   564031.928829 15.405890  0.000588 60.812351    -43.11   -132.88      7.19
   564125.051833 15.404622  0.000419 57.371419    -64.56   -150.06      3.23
   564218.174838 15.404865  0.000363 61.700140    -88.42     36.03     24.89
   564311.297842 15.405539  0.000445 57.885053   -114.36    135.20      2.82
   564404.420847 15.405398  0.000353 59.928959   -134.33     84.52     -7.61
   564497.543851 15.406445  0.000422 60.337385   -162.32   -129.84     19.90
   564590.666856 15.408057  0.000604 57.612223    177.34    -77.35      1.03
   564683.789860 15.409648  0.000652 61.743681    152.00   -179.20      8.55
   564776.912864 15.407190  0.000388 57.582668    127.34    -33.63     -5.11
   564870.035869 15.409565  0.000617 60.368920    106.59    -41.43     -1.16
   564963.158873 15.410966  0.000652 59.879261     78.62   -172.86      0.15
   565056.281878 15.409660  0.000555 57.980177     58.95    -88.61      5.28
   565149.404882 15.408285  0.000315 61.570864     32.61   -130.83     11.30
   565242.527887 15.409977  0.000468 57.527289      8.93     50.82     17.43
   565335.650891 15.411173  0.000606 60.617354    -12.48    120.28      1.80
   565428.773895 15.410487  0.000430 59.533267    -40.35     22.70     26.67
   565521.896900 15.411886  0.000569 58.315901    -59.71   -156.90     -7.51
   565615.019904 15.410932  0.000419 61.376900    -86.62   -153.80     11.39
   565708.142909 15.410163  0.000234 57.535556   -109.73    106.40     -3.86
   565801.265913 15.412525  0.000545 60.786956   -131.50   -140.58     -5.16
   565894.388917 15.413694  0.000550 59.267276   -159.29   -175.80     15.52
   565987.511922 15.414439  0.000607 58.587118   -178.52     34.91      8.76
   566080.634926 15.414448  0.000614 61.201983    154.34    125.69     -1.63
   566173.757931 15.412500  0.000291 57.560109    131.38     38.78     28.59
   566266.880935 15.415183  0.000610 60.871759    109.53   -123.84      1.23
   566360.003940 15.414274  0.000429 59.148045     81.72    -61.13    -17.20
   566453.126944 15.416985  0.000635 58.672378     62.48   -171.13     -4.52
   566546.249948 15.415645  0.000539 61.170088     35.46    -41.12      4.39
   566639.372953 15.417385  0.000596 57.526382     12.28    -22.09    -11.78
   566732.495957 15.417562  0.000623 60.919168     -9.33   -160.73     -4.49
   566825.618962 15.417549  0.000595 59.154770    -37.27    -55.19     -6.30
   566918.741966 15.415143  0.000223 58.589205    -56.65   -120.17     21.04
   567011.864971 15.417869  0.000574 61.253945    -83.31     94.13      4.59
   567104.987975 15.419696  0.000647 57.506810   -107.03    161.65      0.35
   567198.110979 15.417039  0.000328 60.815393   -128.18     76.69     13.26
   567291.233984 15.418854  0.000544 59.374370   -156.25   -100.29     -6.10
   567384.356988 15.417314  0.000255 58.298528   -175.93    -63.78    -19.58
   567477.479993 15.419602  0.000523 61.448814    158.09   -176.30    -10.01
   567570.602997 15.420625  0.000578 57.533663    133.53    -53.54     -8.14
   567663.726002 15.418282  0.000220 60.537031    112.98    -59.63    -14.16
   567756.849006 15.420341  0.000500 59.803912     84.81    145.90      4.43
   567849.972010 15.419666  0.000308 57.897501     64.56   -143.89     18.77
   567943.095015 15.422745  0.000617 61.590574     39.58   -163.86     -4.42
   568036.218019 15.421294  0.000447 57.762865     13.99     13.98      4.32
   568129.341024 15.420642  0.000282 59.988143     -5.95     43.26     23.72
   568222.464028 15.422322  0.000488 60.427923    -33.92     -0.41     -7.75
   568315.587032 15.424389  0.000626 57.468964    -55.18    142.73     -3.70
   568408.710037 15.424079  0.000540 61.563570    -78.81    173.92    -17.84
   568501.833041 15.423642  0.000511 58.282291   -105.57     51.36     -6.06
   568594.956046 15.425974  0.000641 59.192758   -125.13    163.06     -7.43
   568688.079050 15.423759  0.000414 61.096363   -152.46    151.10     -9.51
   568781.202055 15.425243  0.000538 57.258492   -175.18    -16.41      8.74
   568874.325059 15.423815  0.000294 61.163461    162.79     44.31     25.90
   568967.448063 15.425930  0.000548 59.145873    135.12     28.57     -6.23
   569060.571068 15.426481  0.000527 58.254751    115.31   -179.39     15.01
   569153.694072 15.426495  0.000487 61.599165     89.31   -136.27     19.07
   569246.817077 15.426954  0.000526 57.477932     64.64    150.84      7.29
   569339.940081 15.426548  0.000391 60.298772     44.16    -36.51    -25.93
   569433.063086 15.426789  0.000410 60.238359     16.17    -45.80     -1.47
   569526.186090 15.428002  0.000493 57.474996     -4.78    179.39     10.99
   569619.309094 15.427101  0.000311 61.622261    -28.72    -36.63    -24.39
   569712.432099 15.429281  0.000577 58.282552    -55.33    -84.81      4.11
   569805.555103 15.429602  0.000515 59.048056    -75.00    138.36    -16.65
   569898.678108 15.431179  0.000642 61.250820   -102.15   -158.56     -1.87
   569991.801112 15.430711  0.000591 57.248145   -125.34    138.71      4.52
   570084.924117 15.430477  0.000473 60.902794   -146.89    -24.01    -22.42
   570178.047121 15.430633  0.000498 59.600123   -174.76      5.92     -6.98
   570271.170125 15.430450  0.000416 57.818969    165.01    -81.00    -12.78
   570364.293130 15.432163  0.000536 61.690039    140.00     28.47     17.89
   570457.416134 15.432258  0.000561 57.892544    114.17     62.27     -5.38
   570550.539139 15.431626  0.000395 59.496217     94.30    -46.85    -22.73
   570643.662143 15.433978  0.000626 60.975284     66.75     36.87      3.04
   570736.785147 15.432706  0.000463 57.249961     44.19      5.29      9.16
   570829.908152 15.434295  0.000540 61.093686     22.15   -161.84     18.62
   570923.031156 15.433801  0.000514 59.366245     -5.63    -71.65      5.73
   571016.154161 15.432962  0.000333 57.966653    -25.70   -136.40      9.61
   571109.277165 15.435503  0.000560 61.653477    -50.92     32.48     13.34
   571202.400170 15.435610  0.000586 57.863702    -76.68     91.89     -3.01
   571295.523174 15.437608  0.000673 59.519723    -96.54     -6.97      1.94
   571388.646178 15.434878  0.000399 60.966783   -124.08    142.00     -4.52
   571481.769183 15.437474  0.000626 57.295780   -146.83    144.73      0.61
   571574.892187 15.438451  0.000636 60.955066   -168.60     12.88      7.77
   571668.015192 15.436859  0.000514 59.561541    163.47    126.86      4.92
   571761.138196 15.436742  0.000405 57.835069    143.17    123.00    -18.17
   571854.261201 15.436687  0.000366 61.576127    118.51    -34.22    -14.94
   571947.384205 15.437510  0.000442 58.181467     92.12     28.86     -0.06
   572040.507209 15.439946  0.000592 59.116644     72.48    -16.00    -15.06
   572133.630214 15.438165  0.000440 61.190451     45.38    149.06     -3.34
   572226.753218 15.439769  0.000528 57.457451     21.62    175.52     13.84
   572319.876223 15.437804  0.000234 60.435488      0.79     94.83      3.86
   572412.999227 15.440423  0.000563 60.157301    -27.34   -110.71     -3.90
   572506.122232 15.438624  0.000244 57.562968    -48.48   -109.61      4.20
   572599.245236 15.439894  0.000385 61.274672    -71.75    146.60    -11.68
   572692.368240 15.440809  0.000465 58.945551    -99.23   -101.81     -8.31
   572785.491245 15.441577  0.000458 58.363088   -118.90   -158.75     24.71
   572878.614249 15.442577  0.000591 61.395819   -144.76     73.70      4.23
   572971.737254 15.444145  0.000649 58.012233   -170.30    159.51      0.30
   573064.860258 15.441057  0.000260 59.423321    169.96    104.48      0.20
   573157.983262 15.443776  0.000599 60.965878    142.28    -71.72     -0.33
   573251.106267 15.445315  0.000629 57.540131    119.25    -15.23     -8.71
   573344.229271 15.444194  0.000525 60.410077     98.03   -118.61     10.31
   573437.352276 15.443410  0.000395 60.169346     69.81     41.80      3.16
   573530.475280 15.443996  0.000389 57.617000     48.92     33.09     26.81
   573623.598285 15.444884  0.000509 61.071594     25.46    -57.77      5.36
   573716.721289 15.443703  0.000257 59.267365     -2.05     61.77      7.71
   573809.844293 15.446662  0.000564 58.083457    -21.74     40.04     12.62
   573902.967298 15.446635  0.000564 61.396757    -47.40    -82.75     -4.63
   573996.090302 15.448785  0.000651 58.377017    -73.25     -0.12      2.30
   574089.213307 15.446181  0.000400 58.843633    -92.92    -43.44     -1.20
   574182.336311 15.448683  0.000622 61.338759   -120.17    147.84     -0.97
   574275.459316 15.449776  0.000644 57.706187   -144.05   -162.39      6.52
   574368.582320 15.448267  0.000539 59.695457   -164.70    123.12      5.62
   574461.705324 15.447646  0.000370 60.952056    167.32    -44.98    -24.20
   574554.828329 15.447886  0.000358 57.324678    145.23    -34.48     -9.02
   574647.951333 15.448656  0.000436 60.569022    123.08   -149.19      2.42
   574741.074338 15.451469  0.000629 60.218892     95.22     -5.42     -9.47
   574834.197342 15.449555  0.000443 57.353591     74.43    -14.90     -4.87
   574927.320347 15.450164  0.000458 61.261289     50.67   -166.26     15.33
   575020.443351 15.449705  0.000336 59.329477     23.47    -28.18    -21.16
   575113.566355 15.451969  0.000600 57.737733      3.34    -83.07     -0.78
   575206.689360 15.450859  0.000382 61.675613    -21.82    142.72    -25.90
   575299.812364 15.452605  0.000555 58.426426    -48.07   -163.08     -8.49
   575392.935369 15.453401  0.000601 58.433701    -68.02    129.34     -4.52
   575486.058373 15.451407  0.000300 61.673341    -94.27    -40.42    -22.45
   575579.181377 15.452640  0.000453 57.771121   -119.43    -22.35      1.45
   575672.304382 15.451997  0.000285 59.225746   -139.55   -115.70      2.40
   575765.427386 15.455552  0.000640 61.348707   -166.64     25.70      5.19
   575858.550391 15.453746  0.000443 57.408774    169.29     48.08     -4.63
   575951.673395 15.452908  0.000244 59.964249    148.70    -54.11    -23.39
   576044.796400 15.455954  0.000601 60.823192    121.01     41.32     -2.34
   576137.919404 15.455334  0.000466 57.357348     98.07      7.81     14.14
   576231.042408 15.456039  0.000479 60.466278     76.81   -146.96     19.93
   576324.165413 15.456196  0.000518 60.342526     48.78    -42.72      4.60
   576417.288417 15.455182  0.000295 57.451083     26.91    -65.28    -19.41
   576510.411422 15.455865  0.000354 60.770145      4.77     89.03      9.97
   576603.534426 15.458069  0.000580 59.962170    -23.33    153.50      6.72
   576696.657431 15.455638  0.000194 57.600026    -44.30     67.38     16.91
   576789.780435 15.458942  0.000601 60.926071    -67.45   -119.27      0.68
   576882.903439 15.457610  0.000368 59.700497    -95.26    -69.84    -15.73
   576976.026444 15.460175  0.000586 57.677343   -115.61   -178.01    -12.09
   577069.149448 15.459827  0.000585 61.113030   -139.69    -62.35      2.96
   577162.272453 15.459569  0.000453 59.428428   -167.03    -31.07    -23.72
   577255.395457 15.460421  0.000517 57.738599    172.92   -174.37    -12.72
   577348.518462 15.460566  0.000519 61.340412    148.08    -73.34     -9.49
   577441.641466 15.459559  0.000318 59.110619    121.26   -133.93     27.33
   577534.764470 15.461809  0.000578 57.815618    101.23     90.28      3.89
   577627.887475 15.463411  0.000639 61.581555     75.93    167.89      3.59
   577721.010479 15.460658  0.000314 58.734102     49.55    124.29     -4.24
   577814.133484 15.463183  0.000591 58.012041     29.49    -66.06      0.13
   577907.256488 15.464819  0.000644 61.697697      3.92     -8.80     -6.92
   578000.379492 15.463448  0.000536 58.405308    -22.24   -102.86      8.76
   578093.502497 15.462299  0.000348 58.287535    -42.32     49.97      3.23
   578186.625501 15.462691  0.000330 61.665526    -68.05     51.60     24.78
   578279.748506 15.464180  0.000505 58.212198    -94.15    -34.20      5.94
   578372.871510 15.463095  0.000268 58.547681   -114.11    109.85    -17.85
   578465.994515 15.464527  0.000426 61.515127   -140.01     77.33     11.50
   578559.117519 15.466406  0.000604 58.206278   -166.03    -43.50      1.39
   578652.240523 15.465442  0.000420 58.659293    174.13     24.75     26.52
   578745.363528 15.466647  0.000568 61.382259    148.03     27.86     -5.58
   578838.486532 15.465595  0.000360 58.333476    122.07   -152.25     17.24
   578931.609537 15.465249  0.000245 58.591921    102.31    -61.05     -7.07
   579024.732541 15.467324  0.000522 61.355163     76.02   -117.11     -5.44
   579117.855546 15.466951  0.000372 58.471550     50.20     27.39     26.19
   579210.978550 15.467732  0.000448 58.395315     30.39     83.17     11.57
   579304.101554 15.468454  0.000489 61.460271      4.14      5.03      9.56
   579397.224559 15.470499  0.000611 58.535371    -21.66    176.35    -11.73
   579490.347563 15.468948  0.000476 58.195614    -41.63   -173.99     -5.46
   579583.470568 15.467951  0.000263 61.615675    -67.65     73.67      0.74
   579676.593572 15.471743  0.000637 58.526869    -93.62   -158.05     -3.04
   579769.716577 15.469995  0.000461 58.073806   -113.78   -175.47      5.40
   579862.839581 15.469957  0.000361 61.687657   -139.33     30.58     26.90
   579955.962585 15.470627  0.000441 58.569860   -165.67    162.46     -5.12
   580049.085590 15.472510  0.000572 58.017756    174.10    131.06     -7.84
   580142.208594 15.472093  0.000481 61.603772    149.07    -14.42    -20.78
   580235.331599 15.472372  0.000521 58.758730    122.23     46.25     -5.83
   580328.454603 15.474906  0.000657 57.967962    101.96    -15.95     -2.95
   580421.577607 15.472967  0.000480 61.360986     77.43    170.98    -13.80
   580514.700612 15.472879  0.000422 59.161009     50.11   -159.32      8.04
   580607.823616 15.473017  0.000356 57.812087     29.78    150.67    -26.41
   580700.946621 15.474561  0.000546 61.070396      5.76    -89.75      5.23
   580794.069625 15.475149  0.000521 59.671993    -21.84    -43.33    -14.09
   580887.192630 15.476982  0.000649 57.553418    -42.50   -165.19     -1.11
   580980.315634 15.475689  0.000558 60.798594    -65.93    -44.75      4.96
   581073.438638 15.476857  0.000566 60.207964    -93.67    -18.94    -18.36
   581166.561643 15.476933  0.000566 57.268740   -114.97   -160.34     -9.40
   581259.684647 15.477130  0.000558 60.564552   -137.67    -59.31     -8.69
   581352.807652 15.475171  0.000245 60.623393   -165.38   -104.41     14.21
   581445.930656 15.477602  0.000540 57.154738    172.38    109.16      5.51
   581539.053661 15.478757  0.000568 60.247654    150.61    178.96     12.27
   581632.176665 15.477573  0.000418 60.934176    123.04    160.97    -16.06
   581725.299669 15.479085  0.000570 57.302214     99.68    -38.67      6.00
   581818.422674 15.480611  0.000616 59.777389     78.81      6.35     12.44
   581911.545678 15.478616  0.000444 61.129623     51.50    -54.99      3.71
   582004.668683 15.479631  0.000482 57.758905     26.99    124.04    -15.34
   582097.791687 15.479374  0.000388 59.084578      6.83    158.12    -22.55
   582190.914692 15.480312  0.000521 61.302944    -19.95     46.80     -4.88
   582284.037696 15.482777  0.000647 58.372148    -45.49    174.54      4.63
   582377.160700 15.482103  0.000580 58.307522    -65.44   -168.21     -9.27
   582470.283705 15.480975  0.000449 61.383597    -91.27     70.36     -5.42
   582563.406709 15.484259  0.000665 59.072229   -117.77   -177.50     -2.96
   582656.529714 15.481710  0.000439 57.601390   -138.10    162.85     -2.37
   582749.652718 15.483240  0.000529 61.306704   -162.58      2.48     15.94
   582842.775722 15.481563  0.000294 59.735538    170.18    111.15     -0.56
   582935.898727 15.483562  0.000524 57.231440    148.94     76.34     -6.36
   583029.021731 15.481905  0.000216 60.871905    126.10    -97.79      0.86
   583122.144736 15.483637  0.000442 60.392652     98.43    -18.97     -7.92
   583215.267740 15.484319  0.000463 57.280023     75.86    -76.53    -12.16
   583308.390745 15.483231  0.000256 60.085714     54.54     56.67     23.22
   583401.513749 15.485463  0.000545 60.949817     26.93    122.61      5.17
   583494.636753 15.484999  0.000386 57.780933      2.82     20.77     24.06
   583587.759758 15.487475  0.000609 59.006042    -17.48   -163.71     -6.33
   583680.882762 15.485878  0.000444 61.360918    -44.29   -147.05      2.17
   583774.005767 15.485335  0.000283 58.545886    -69.91    136.61    -25.52
   583867.128771 15.488164  0.000602 57.972932    -90.04   -127.13      1.27
   583960.251776 15.486435  0.000343 61.401948   -115.33   -129.28      5.02
   584053.374780 15.486196  0.000237 59.471662   -142.22    118.68     -7.98
   584146.497784 15.488070  0.000482 57.284772   -163.19   -140.96     -5.92
   584239.620789 15.490553  0.000633 60.973412    173.54   -179.55     10.07
   584332.743793 15.490293  0.000609 60.345535    145.95     42.37      2.12
   584425.866798 15.490568  0.000595 57.252369    123.38    130.25     -3.18
   584518.989802 15.488154  0.000245 59.996296    102.07     60.46     20.01
   584612.112807 15.490743  0.000568 61.057409     74.64    -90.83      3.93
   584705.235811 15.492495  0.000637 57.880873     50.09    -22.21     -1.67
   584798.358815 15.489801  0.000324 58.733614     29.91   -113.55     20.33
   584891.481820 15.491639  0.000550 61.341367      3.65     83.03     -5.67
   584984.604824 15.490899  0.000360 59.013437    -22.69    149.10    -28.59
   585077.727829 15.493137  0.000599 57.584722    -43.09     34.80     -4.35
   585170.850833 15.493349  0.000574 61.060040    -67.29    169.41      8.57
   585263.973837 15.494854  0.000643 60.222853    -94.70   -164.30      5.13
   585357.096842 15.493982  0.000581 57.131034   -116.67     90.33      1.50
   585450.219846 15.493441  0.000435 60.141481   -138.60   -164.98     20.93
   585543.342851 15.495495  0.000625 61.130908   -165.96   -145.89      3.80
   585636.465855 15.494673  0.000526 57.636674    169.65    100.63     -9.62
   585729.588860 15.497061  0.000660 58.860703    149.28   -174.10      6.54
   585822.711864 15.494919  0.000488 61.350918    123.22    178.41     -5.50
   585915.834868 15.495573  0.000469 58.974842     96.63     10.43     17.19
   586008.957873 15.494306  0.000252 57.691556     76.19    110.73     -2.23
   586102.080877 15.496690  0.000563 60.770859     52.39     71.26     -4.51
   586195.203882 15.494758  0.000205 60.512480     24.71   -101.53      3.48
   586288.326886 15.496252  0.000380 57.278338      2.42    -25.97     -9.39
   586381.449891 15.497078  0.000453 59.551415    -19.15    -88.55    -10.74
   586474.572895 15.496454  0.000302 61.512235    -46.22     47.87     26.94
   586567.695899 15.498426  0.000538 57.955596    -71.33    114.69      6.13
   586660.818904 15.498255  0.000418 58.236605    -91.80     15.44     20.21
   586753.941908 15.500477  0.000623 61.400362   -116.72   -166.96     -5.30
   586847.064913 15.498838  0.000444 59.498814   -144.05   -142.03     -1.45
   586940.187917 15.498485  0.000306 57.493835   -165.43    140.15    -27.87
   587033.310922 15.501000  0.000593 60.163797    172.31   -122.47      4.71
   587126.433926 15.499277  0.000340 61.043986    144.54   -102.74     -5.23
   587219.556930 15.499785  0.000342 57.836794    120.65    154.98    -24.43
   587312.679935 15.501630  0.000558 58.437431    100.03   -115.03     -5.05
   587405.802939 15.500949  0.000378 61.616539     74.06   -155.57     23.85
   587498.925944 15.501645  0.000444 59.157963     47.52     77.94     12.32
   587592.048948 15.502448  0.000498 57.314111     26.36    171.98      9.31
   587685.171952 15.503756  0.000552 60.747954      3.47    165.81    -18.66
   587778.294957 15.502784  0.000473 60.675142    -24.14     -3.81     -4.71
   587871.417961 15.501904  0.000270 57.629740    -47.88     62.51      3.64
   587964.540966 15.505850  0.000651 58.907200    -68.41     13.87     -3.43
   588057.663970 15.503872  0.000473 61.327947    -94.73   -167.19      2.38
   588150.786975 15.502927  0.000242 59.227392   -121.21   -127.06     20.54
   588243.909979 15.505398  0.000523 57.379285   -142.01   -170.09    -10.28
   588337.032983 15.506394  0.000596 60.543181   -165.31    -22.63      5.52
   588430.155988 15.507727  0.000638 60.976786    167.21     14.59      8.76
   588523.278992 15.506508  0.000551 57.413339    143.55    -71.47      5.84
   588616.401997 15.504750  0.000235 58.840849    122.73     81.05     -4.48
   588709.525001 15.505867  0.000357 61.490794     96.86     86.18     10.88
   588802.648006 15.507589  0.000533 59.108970     70.02    -14.98      8.44
   588895.771010 15.506553  0.000320 57.551558     48.97    144.13    -26.79
   588988.894014 15.507692  0.000462 60.266280     26.29    110.46      6.43
   589082.017019 15.509657  0.000592 61.044218     -1.42    -11.46      7.61
   589175.140023 15.507020  0.000239 57.894044    -25.41    106.44     -1.55
   589268.263028 15.509931  0.000593 58.205484    -46.08     86.22     -1.29
   589361.386032 15.509542  0.000460 61.535283    -71.57    -31.43    -24.61
   589454.509037 15.511277  0.000627 59.626437    -98.52     37.45      0.55
   589547.632041 15.510678  0.000515 57.217440   -120.46     -9.33     11.35
   589640.755045 15.512686  0.000639 60.031145   -142.30   -168.58      7.95
   589733.878050 15.511566  0.000573 61.160700   -169.52    -87.36      3.98
   589827.001054 15.510588  0.000353 58.353616    165.16   -151.75     18.31
   589920.124059 15.513020  0.000580 57.905810    144.77     32.84     12.13
   590013.247063 15.512953  0.000598 60.870699    120.35    104.58     -2.02
   590106.370067 15.513210  0.000509 60.602673     92.85     14.62     22.48
   590199.493072 15.513762  0.000577 57.303479     70.01   -151.84     -6.99
   590292.616076 15.512153  0.000334 58.978381     48.77   -121.58      0.18
   590385.739081 15.514460  0.000527 61.615937     22.63    171.93    -17.41
   590478.862085 15.514458  0.000548 58.992864     -3.94    -58.64      4.52
   590571.985090 15.516096  0.000600 57.470903    -25.23    -23.97     -9.73
   590665.108094 15.516175  0.000609 60.239343    -47.69   -145.17      6.93
   590758.231098 15.515408  0.000529 61.065657    -75.26    -10.38      8.14
   590851.354103 15.518116  0.000678 58.239774    -99.93      3.39      1.26
   590944.477107 15.516902  0.000602 57.819402   -120.51   -118.37      0.38
   591037.600112 15.517773  0.000606 61.147178   -145.21    -10.15      8.81
   591130.723116 15.517858  0.000572 60.444023   -172.48      3.20    -11.66
   591223.846121 15.516749  0.000459 57.258866    164.45   -139.72     -4.66
   591316.969125 15.518027  0.000506 59.061573    143.39    -27.84    -20.17
   591410.092129 15.517137  0.000409 61.406288    117.39    -79.09      6.67
   591503.215134 15.519528  0.000621 59.333559     90.52    141.49     -1.86
   591596.338138 15.519720  0.000558 57.455085     69.10   -158.79     18.73
   591689.461143 15.518584  0.000471 59.710276     46.88    179.03     -2.78
   591782.584147 15.520755  0.000598 61.474140     19.64      0.21     12.37
   591875.707152 15.519478  0.000447 58.485674     -5.66     65.61     15.40
   591968.830156 15.519598  0.000432 57.464332    -26.64     17.59      3.09
   592061.953160 15.522300  0.000621 60.842332    -50.16   -173.49     10.76
   592155.076165 15.521577  0.000580 60.792964    -77.57   -112.55      5.03
   592248.199169 15.522305  0.000570 57.820805   -101.90    169.16     10.99
   592341.322174 15.522613  0.000553 58.278113   -122.44     -4.38    -17.65
   592434.445178 15.521631  0.000480 60.997876   -147.39     17.66     -1.82
   592527.568182 15.521315  0.000336 60.478779   -174.80    -42.60    -26.40
   592620.691187 15.523095  0.000515 57.373975    162.38     65.38     10.65
   592713.814191 15.523409  0.000519 58.689882    141.12    103.64     -8.38
   592806.937196 15.525624  0.000650 61.598349    115.35     -1.01     -5.62
   592900.060200 15.523694  0.000491 59.529815     88.45    122.04      5.83
   592993.183205 15.525473  0.000584 57.341935     66.26    144.87    -11.81
   593086.306209 15.526587  0.000645 59.465940     44.76     15.44     -3.63
   593179.429213 15.525771  0.000598 61.308497     18.00    129.08      2.76
   593272.552218 15.524933  0.000403 59.309294     -8.27    153.27    -27.21
   593365.675222 15.525612  0.000471 57.211655    -29.62      0.05     -9.76
   593458.798227 15.525831  0.000449 59.856977    -52.17    104.09    -12.47
   593551.921231 15.525591  0.000351 61.520166    -79.06     49.17     22.48
   593645.044236 15.527481  0.000578 58.501626   -104.80    -76.86      3.23
   593738.167240 15.528665  0.000591 57.549628   -125.97     -1.61     13.32
   593831.290244 15.527477  0.000462 60.294586   -148.80    -10.52    -16.09
   593924.413249 15.528318  0.000540 61.125365   -176.27    167.81      8.16
   594017.536253 15.526997  0.000295 58.515593    158.69   -138.32     29.03
   594110.659258 15.528994  0.000525 57.452461    137.80   -155.48     -7.78
   594203.782262 15.529352  0.000497 60.584603    114.13      6.44     15.03
   594296.905267 15.528455  0.000340 61.167464     86.93     66.21     18.06
   594390.028271 15.529462  0.000452 57.951440     62.10     22.37     -1.44
   594483.151275 15.532225  0.000633 57.887642     41.22    179.04      9.66
   594576.274280 15.531679  0.000597 60.665863     17.47   -132.39      6.87
   594669.397284 15.532259  0.000613 60.915922    -10.14    155.51      5.01
   594762.520289 15.531022  0.000419 58.130387    -34.42    -16.26    -25.88
   594855.643293 15.531332  0.000453 57.661526    -55.33    -11.99     -0.31
   594948.766297 15.530544  0.000265 60.906285    -79.53   -102.15     -1.11
   595041.889302 15.533760  0.000593 60.916595   -106.75     36.49      7.12
   595135.012306 15.532667  0.000471 57.794994   -131.23     71.41     -7.15
   595228.135311 15.533771  0.000500 58.035025   -152.06    -21.14    -22.59
   595321.258315 15.533918  0.000533 60.708260   -176.14     78.53      8.59
   595414.381320 15.533476  0.000415 60.918971    156.29    115.39    -17.47
   595507.504324 15.535157  0.000528 58.046906    132.13     -2.63    -17.31
   595600.627328 15.535525  0.000588 57.651228    111.11     95.65     -0.27
   595693.750333 15.533406  0.000240 60.912922     87.00    100.55    -10.99
   595786.873337 15.534804  0.000407 60.919324     59.79    -28.90     -9.01
   595879.996342 15.535279  0.000419 57.957740     35.09     77.58     -8.79
   595973.119346 15.536500  0.000470 57.898581     14.26     23.29     23.30
   596066.242351 15.537290  0.000584 60.474912     -9.56   -100.69      4.23
   596159.365355 15.538705  0.000632 61.168021    -37.03     -7.54      8.01
   596252.488359 15.537032  0.000434 58.257394    -61.67    -11.96    -18.39
   596345.611364 15.537722  0.000495 57.431283    -82.88    164.74      7.28
   596438.734368 15.536421  0.000248 60.581939   -106.29   -129.21     21.44
   596531.857373 15.539429  0.000599 61.125826   -133.40   -145.09     -2.99
   596624.980377 15.537914  0.000360 58.481330   -158.85     38.20      8.48
   596718.103382 15.537485  0.000229 57.567666   -179.90    130.92    -18.81
   596811.226386 15.540144  0.000575 59.896213    157.10     60.13     -4.04
   596904.349390 15.538501  0.000289 61.513012    130.01   -143.22     23.60
   596997.472395 15.539193  0.000340 58.861613    104.35    -64.18      2.87
   597090.595399 15.539926  0.000392 57.195056     82.60   -126.62     -3.39
   597183.718404 15.541944  0.000533 59.799454     60.35     18.00     19.28
   597276.841408 15.542020  0.000571 61.305180     33.78     80.64      4.60
   597369.964412 15.542795  0.000552 59.451533      7.25     -2.82     12.67
   597463.087417 15.543287  0.000560 57.358450    -14.66    179.83    -14.67
   597556.210421 15.542126  0.000457 58.888227    -36.54   -161.20     -1.45
   597649.333426 15.541711  0.000310 61.576287    -62.56    138.11    -28.28
   597742.456430 15.543823  0.000545 59.901627    -89.35   -109.14      8.09
   597835.579435 15.543815  0.000489 57.379093   -112.46    -65.94    -12.57
   597928.702439 15.546213  0.000646 58.582841   -133.58   -176.68     -5.87
   598021.825443 15.544409  0.000510 60.977220   -158.72    -50.81      5.12
   598114.948448 15.546541  0.000623 60.730073    173.96    -22.09     -7.94
   598208.071452 15.546822  0.000619 57.821168    150.18   -146.60      4.32
   598301.194457 15.546000  0.000539 57.679710    128.91    -27.62      7.75
   598394.317461 15.548040  0.000634 60.816686    104.96     -8.11    -10.60
   598487.440466 15.547165  0.000600 61.006471     77.81   -135.28     -2.67
   598580.563470 15.548479  0.000637 58.509486     52.48    -21.96      0.04
   598673.686474 15.546975  0.000442 57.480713     31.31    -13.25    -21.21
   598766.809479 15.547069  0.000466 59.673812      8.43   -167.39     -0.66
   598859.932483 15.547432  0.000407 61.588114    -18.32    -37.51    -23.72
   598953.055488 15.547557  0.000409 59.315413    -44.45    -89.88     10.90
   599046.178492 15.549855  0.000613 57.188514    -66.86    136.67      0.31
   599139.301497 15.549197  0.000473 59.053513    -88.46   -156.30     24.26
   599232.424501 15.549363  0.000522 61.145889   -114.16   -154.13     -5.76
   599325.547505 15.548663  0.000334 60.452213   -141.33     28.75     21.95
   599418.670510 15.548994  0.000343 57.677491   -164.73    147.56    -14.09
   599511.793514 15.551014  0.000559 57.786932    173.94     96.21     -4.58
   599604.916519 15.549492  0.000302 60.866476    149.77    -44.50    -26.43
   599698.039523 15.551537  0.000541 61.033833    122.69     13.77     -7.79
   599791.162527 15.552983  0.000613 58.526867     97.31    -36.80     -4.45
   599884.285532 15.551850  0.000447 57.461467     75.98    167.44    -24.14
   599977.408536 15.552070  0.000491 59.437951     53.30   -148.34     -4.98
   600070.531541 15.554412  0.000614 61.592704     26.77    161.19    -10.34
   600163.654545 15.552526  0.000428 59.704475      0.36    -17.18    -11.59
   600256.777550 15.552879  0.000416 57.282923    -22.61     18.93      6.95
   600349.900554 15.553856  0.000445 58.538685    -43.93    -20.69    -24.19
   600443.023558 15.553838  0.000472 60.868390    -68.81    120.29      4.78
   600536.146563 15.556205  0.000623 60.953568    -96.15    168.19      6.82
   600629.269567 15.553390  0.000280 58.267248   -120.62     84.20     14.00
   600722.392572 15.555594  0.000544 57.271293   -142.15    -97.15     -6.62
   600815.515576 15.554522  0.000323 60.038529   -165.13    -40.18    -27.35
   600908.638581 15.556965  0.000600 61.340152    168.35   -147.46     -3.44
   601001.761585 15.557061  0.000548 59.578721    141.78     -7.21     10.87
   601094.884589 15.558482  0.000609 57.478338    119.29     19.30     11.05
   601188.007594 15.557496  0.000544 58.228054     97.72    -71.90      5.62
   601281.130598 15.555726  0.000236 61.116724     72.68     81.83     -3.79
   601374.253603 15.556831  0.000361 60.925974     45.69     90.87      9.85
   601467.376607 15.558417  0.000513 58.201526     20.71    -10.15      9.76
   601560.499612 15.558338  0.000413 57.539218     -0.70    157.98    -26.62
   601653.622616 15.558453  0.000438 59.501151    -23.42    140.09      1.74
   601746.745620 15.558999  0.000425 61.474707    -49.96     17.80     16.25
   601839.868625 15.560523  0.000542 60.009664    -76.40    177.42    -14.81
   601932.991629 15.559930  0.000479 57.321040    -99.67    160.13      5.90
   602026.114634 15.559974  0.000403 58.175874   -121.11     17.59     27.10
   602119.237638 15.560756  0.000474 60.597953   -145.26    175.79    -12.65
   602212.360642 15.562416  0.000612 61.181882   -172.51    158.19      4.81
   602305.483647 15.562979  0.000576 59.013947    162.10     22.75     14.74
   602398.606651 15.561706  0.000471 57.076876    140.06    141.42      5.14
   602491.729656 15.563388  0.000555 59.010132    117.89    146.57    -13.18
   602584.852660 15.563958  0.000597 61.279713     92.49      8.78     -8.47
   602677.975665 15.563807  0.000586 60.510465     65.31    111.46     -4.02
   602771.098669 15.561271  0.000171 58.227251     41.04     88.21      0.40
   602864.221673 15.563173  0.000417 57.323800     19.64    -62.37      6.72
   602957.344678 15.563293  0.000380 59.777019     -3.59     25.74     14.50
   603050.467682 15.566609  0.000657 61.540577    -29.85     15.05      0.86
   603143.590687 15.564877  0.000502 59.778777    -56.54   -124.34     -5.22
   603236.713691 15.566249  0.000534 57.689037    -79.86    -24.03    -17.01
   603329.836696 15.564846  0.000381 57.837483   -101.15    -88.62     11.28
   603422.959700 15.567083  0.000598 60.319537   -125.33    129.98     -2.07
   603516.082704 15.567811  0.000580 61.527764   -152.09   -162.81     15.51
   603609.205709 15.566324  0.000459 59.139415   -178.07    177.76     -2.91
   603702.328713 15.568397  0.000569 57.392082    159.22     -3.24     14.92
   603795.451718 15.566675  0.000370 58.389074    137.70     66.30     18.05
   603888.574722 15.567388  0.000452 60.700086    112.79     40.93     -1.71
   603981.697727 15.567701  0.000386 61.326404     85.81   -152.85     26.34
   604074.820731 15.568011  0.000426 58.703628     60.51    -60.71      4.61
   604167.943735 15.567860  0.000340 57.223745     38.21   -103.39     -6.86
   604261.066740 15.568268  0.000332 58.885233     16.32     46.40     25.86
   604354.189744 15.569840  0.000532 60.912596     -9.04    131.50      5.37
   604447.312749 15.568078  0.000200 61.084323    -36.12     79.69      1.48
   604540.435753 15.570595  0.000493 58.440053    -60.92   -111.20     11.82
   604633.558758 15.572050  0.000603 57.166652    -83.01    -44.37      0.50
   604726.681762 15.569901  0.000304 59.192904   -105.24   -138.30     27.44
   604819.804766 15.572361  0.000586 61.066254   -130.81     63.25      0.57
   604912.927771 15.572246  0.000491 60.837113   -157.90    134.93    -16.33
   605006.050775 15.573492  0.000574 58.371447    177.61     34.70     13.27
   605099.173780 15.572169  0.000444 57.124200    155.65   -142.38     -3.93
   605192.296784 15.570961  0.000190 59.330710    133.12   -119.06     16.86
   605285.419788 15.573772  0.000539 61.163996    107.50   -168.38     -8.62
   605378.542793 15.575082  0.000608 60.704336     80.40    -17.05      5.71
   605471.665797 15.575982  0.000622 58.389742     55.97     20.18      8.77
   605564.788802 15.574775  0.000524 57.117751     34.10    -60.58      5.99
   605657.911806 15.573902  0.000344 59.249796     11.45    123.10    -22.05
   605751.034811 15.574412  0.000381 61.257358    -14.07    151.11    -13.89
   605844.157815 15.574959  0.000425 60.651637    -41.16     57.58     -3.32
   605937.280819 15.577849  0.000609 58.527205    -65.78   -167.19     13.57
   606030.403824 15.577280  0.000592 57.111348    -87.67   -123.40     -2.35
   606123.526828 15.578300  0.000615 59.021161   -110.27    148.90     -7.19
   606216.649833 15.575572  0.000268 61.246982   -135.59    -67.58     -2.91
   606309.772837 15.577980  0.000568 60.748380   -162.63    -46.13      4.41
   606402.895842 15.577783  0.000433 58.741014    172.38   -161.31     24.43
   606496.018846 15.578829  0.000542 57.166257    150.40     13.25    -10.20
   606589.141850 15.578130  0.000429 58.618377    127.97     11.05     11.62
   606682.264855 15.576923  0.000190 61.135358    102.98    -67.98     -9.35
   606775.387859 15.579901  0.000578 60.940845     76.02     67.05     -3.37
   606868.510864 15.577878  0.000226 59.084500     50.50     86.64     -4.72
   606961.633868 15.579870  0.000445 57.269845     28.19     -9.45    -15.72
   607054.756873 15.581237  0.000583 58.130199      6.08    110.58     -3.64
   607147.879877 15.579939  0.000359 60.810265    -18.42    147.79    -28.12
   607241.002881 15.581522  0.000541 61.194618    -45.13     20.32     -7.11
   607334.125886 15.583182  0.000624 59.531656    -71.29    149.97     -4.44
   607427.248890 15.582115  0.000470 57.536101    -94.18    173.51    -21.18
   607520.371895 15.581957  0.000470 57.620179   -116.07     43.34     -5.82
   607613.494899 15.584830  0.000652 60.241778   -139.90    168.99     -5.67
   607706.617903 15.583153  0.000507 61.353718   -166.20   -179.46    -10.58
   607799.740908 15.582473  0.000375 60.108501    167.14     56.65     -0.02
   607892.863912 15.585962  0.000640 58.017970    143.36   -176.49     -5.13
   607985.986917 15.583737  0.000451 57.220653    121.53   -178.28     -4.44
   608079.109921 15.583018  0.000283 59.403821     98.45     40.46     16.22
   608172.232926 15.586067  0.000595 61.286825     72.86   -172.86    -10.40
   608265.355930 15.585285  0.000509 60.710841     45.87    169.77      8.28
   608358.478934 15.585056  0.000393 58.772375     20.98     27.62     27.92
   608451.601939 15.585645  0.000448 57.104361     -1.25    176.23     -6.91
   608544.724943 15.587769  0.000614 58.412231    -23.61    158.46      4.28
   608637.847948 15.588069  0.000582 60.818669    -48.16     24.20     12.43
   608730.970952 15.587008  0.000510 61.146345    -74.98    147.69      4.80
   608824.093957 15.588961  0.000590 59.752710   -101.01    160.65    -14.13
   608917.216961 15.589003  0.000600 57.478034   -124.17     22.90     -6.71
   609010.339965 15.589328  0.000602 57.518466   -146.22    129.22     -4.62
   609103.462970 15.586916  0.000258 59.879505   -169.55    138.98    -26.24
   609196.585974 15.588499  0.000467 61.182782    164.39    -16.77     -0.11
   609289.708979 15.588073  0.000317 60.734130    137.58    110.33    -16.58
   609382.831983 15.589073  0.000401 58.448352    113.08     62.02     18.42
   609475.954988 15.590867  0.000587 57.070250     90.67    -57.47      2.48
   609569.077992 15.589890  0.000397 58.656374     68.38     19.91     28.35
   609662.200996 15.591764  0.000604 60.582926     43.71     36.52     -3.48
   609755.324001 15.590000  0.000343 61.342488     16.83    -88.49    -11.41
   609848.447005 15.593433  0.000643 59.823202     -9.04      9.57     -5.10
   609941.570010 15.591555  0.000466 57.463980    -32.66    -17.91      4.50
   610034.693014 15.592880  0.000517 57.595636    -54.62   -172.40     18.60
   610127.816018 15.591457  0.000333 59.382677    -77.63    -49.35     -4.88
   610220.939023 15.593617  0.000575 61.107242   -103.54    -65.23     -6.16
   610314.062027 15.594386  0.000548 61.132668   -130.19    170.29    -19.47
   610407.185032 15.594547  0.000601 58.719975   -155.41   -108.64     -0.04
   610500.308036 15.592853  0.000325 57.367631   -178.29   -151.11     20.28
   610593.431041 15.593442  0.000351 57.996047    159.84     66.02     18.69
   610686.554045 15.594467  0.000470 59.931658    135.68    178.51      4.43
   610779.677049 15.597162  0.000629 61.568800    109.43    170.20     -7.74
   610872.800054 15.596296  0.000579 60.371633     83.01     26.91     -5.47
   610965.923058 15.596641  0.000558 58.288297     58.30    129.68    -10.63
   611059.046063 15.594232  0.000205 57.360558     36.15     79.83     12.86
   611152.169067 15.596858  0.000535 58.207348     13.69    -59.53      6.34
   611245.292072 15.596438  0.000406 60.666924    -11.02     17.91     25.11
   611338.415076 15.598679  0.000620 61.361534    -37.38     23.36     -3.45
   611431.538080 15.596954  0.000402 59.997359    -63.81   -119.55     -2.96
   611524.661085 15.599110  0.000538 58.138248    -87.76    -10.78    -17.72
   611617.784089 15.598113  0.000460 57.115336   -109.88    -63.95      7.48
   611710.907094 15.600565  0.000628 58.727840   -132.72    156.09      0.42
   611804.030098 15.598672  0.000409 60.853207   -157.50   -130.81     21.26
   611897.153103 15.599240  0.000486 61.169891    175.76   -128.30     -4.69
   611990.276107 15.597759  0.000170 60.047990    149.71     72.24     10.04
   612083.399111 15.600214  0.000484 57.720410    125.97   -175.16     -9.98
   612176.522116 15.602111  0.000612 57.261169    103.63    146.11      0.39
   612269.645120 15.603057  0.000640 58.964489     80.98      3.63     -6.03
   612362.768125 15.602009  0.000586 60.644549     55.87     89.52      2.08
   612455.891129 15.600059  0.000250 61.442212     29.18     55.04     12.25
   612549.014133 15.601019  0.000346 59.839484      3.33    -90.19     11.58
   612642.137138 15.602095  0.000450 57.723309    -20.72      5.44      9.13
   612735.260142 15.604980  0.000640 57.456494    -42.82     -4.47    -10.51
   612828.383147 15.603412  0.000522 58.588925    -65.58   -156.08     -7.62
   612921.506151 15.603548  0.000465 60.772216    -90.71    -53.44    -15.93
   613014.629156 15.602807  0.000333 61.437477   -117.06   -112.60     17.94
   613107.752160 15.604994  0.000579 59.860277   -143.30    119.08      1.80
   613200.875164 15.605236  0.000495 58.164963   -167.39   -167.50     21.50
   613293.998169 15.605690  0.000543 57.159510    170.43   -164.15    -10.86
   613387.121173 15.604447  0.000371 58.392138    147.59     29.44      8.12
   613480.244178 15.605040  0.000382 60.636124    123.08    159.61    -28.35
   613573.367182 15.606638  0.000573 61.212189     96.65    104.26      3.31
   613666.490187 15.607906  0.000591 60.508878     70.25    -22.89    -12.89
   613759.613191 15.607700  0.000558 58.360005     45.88     47.80     10.59
   613852.736195 15.606548  0.000409 57.095649     23.11     31.23      0.79
   613945.859200 15.606170  0.000293 58.194154      0.79   -145.64     30.53
   614038.982204 15.607447  0.000440 59.868269    -23.24    -13.69     -6.44
   614132.105209 15.609708  0.000613 61.356567    -49.46    -33.58     -8.34
   614225.228213 15.610214  0.000604 60.933977    -75.80   -173.68    -10.54
   614318.351218 15.609714  0.000578 58.813129   -101.13    -82.73     -3.57
   614411.474222 15.607648  0.000240 57.556977   -124.25   -134.03     23.43
   614504.597226 15.609121  0.000405 57.472804   -146.36     94.38      9.79
   614597.720231 15.609714  0.000436 59.184232   -169.94   -167.80      9.50
   614690.843235 15.612778  0.000651 61.173413    164.77   -176.15     -3.13
   614783.966240 15.611239  0.000559 61.085142    138.21     46.64     -4.80
   614877.089244 15.612757  0.000605 59.938081    112.21    155.81    -12.62
   614970.212248 15.610155  0.000304 57.928241     88.41    126.48     -4.39
   615063.335253 15.612510  0.000549 57.093954     65.79    -26.57      7.76
   615156.458257 15.610328  0.000205 58.510760     43.17     61.17     19.12
   615249.581262 15.613529  0.000592 60.141140     18.77     59.36      2.51
   615342.704266 15.612985  0.000463 61.382854     -7.55    -58.93    -14.39
   615435.827271 15.615124  0.000615 60.838584    -33.79     23.27      7.80
   615528.950275 15.613301  0.000454 58.723374    -58.96     16.42     -0.54
   615622.073279 15.612704  0.000282 57.549040    -82.16   -150.40     29.48
   615715.196284 15.614261  0.000453 57.435961   -104.34     -5.38    -13.06
   615808.319288 15.616167  0.000612 59.031742   -127.91    -35.18      2.22
   615901.442293 15.617430  0.000654 61.026879   -153.01   -170.00      4.07
   615994.565297 15.615690  0.000528 61.167448   -179.47    -61.78      5.43
   616087.688302 15.615678  0.000431 60.270653    154.37    -44.64    -21.37
   616180.811306 15.616642  0.000491 58.313036    130.15    178.42    -15.97
   616273.934310 15.617192  0.000553 57.076523    107.22    -82.47     -6.29
   616367.057315 15.614858  0.000176 58.022877     84.76   -120.71     20.61
   616460.180319 15.616719  0.000421 59.505650     60.96    127.83      2.94
   616553.303324 15.616405  0.000302 61.153526     35.12   -114.91      0.28
   616646.426328 15.618249  0.000466 61.300680      8.83   -138.92     19.30
   616739.549333 15.619172  0.000584 59.614986    -17.05    114.70      2.05
   616832.672337 15.618010  0.000354 58.132261    -41.12   -154.60     26.60
   616925.795341 15.620533  0.000605 57.156777    -63.58   -138.09      4.28
   617018.918346 15.620133  0.000543 57.963228    -86.45    110.88     -8.25
   617112.041350 15.620781  0.000525 60.038758   -110.48   -160.22     20.82
   617205.164355 15.620780  0.000567 61.044789   -136.29   -133.32     -4.90
   617298.287359 15.619795  0.000360 61.234274   -162.85    129.40    -24.28
   617391.410363 15.622262  0.000593 59.675906    171.68   -141.01      8.68
   617484.533368 15.620883  0.000431 57.784842    147.54   -123.50     -5.57
   617577.656372 15.620478  0.000296 57.370509    124.96    140.95    -27.79
   617670.779377 15.623128  0.000589 57.951152    102.33   -125.95      2.46
   617763.902381 15.621275  0.000334 59.804919     78.00   -115.02     -1.41
   617857.025386 15.621999  0.000369 61.317593     52.42    158.00    -25.77
   617950.148390 15.623851  0.000585 60.995743     25.91    -93.32     -2.92
   618043.271394 15.621686  0.000217 59.982287      0.14    -61.12    -23.22
   618136.394399 15.623855  0.000464 58.008329    -23.88    178.25    -11.60
   618229.517403 15.625229  0.000571 57.124770    -46.85    -55.59     -5.77
   618322.640408 15.624214  0.000388 58.003557    -69.38    -22.90    -26.31
   618415.763412 15.625332  0.000540 59.347527    -93.25   -147.62     -6.44
   618508.886417 15.627290  0.000647 61.074936   -118.87    -16.78      1.49
   618602.009421 15.627358  0.000625 61.360053   -145.04     11.35     -6.81
   618695.132425 15.626446  0.000542 60.083484   -171.19    -86.27     -6.98
   618788.255430 15.626420  0.000432 58.672245    164.27     20.90     27.24
   618881.378434 15.627710  0.000578 57.174868    141.24     65.83      3.64
   618974.501439 15.628814  0.000623 57.478498    118.47    -27.91      0.47
   619067.624443 15.626062  0.000262 59.031660     95.22    135.47    -18.57
   619160.747448 15.627889  0.000509 60.386111     70.19    139.83      5.35
   619253.870452 15.627035  0.000307 61.513588     43.99     31.22     24.99
   619346.993456 15.630070  0.000626 60.754265     17.91   -150.83     -1.04
   619440.116461 15.628097  0.000372 59.161768     -7.54   -112.33     -5.74
   619533.239465 15.630502  0.000546 57.859420    -31.13    173.04    -18.42
   619626.362470 15.629625  0.000485 57.042926    -53.86    -58.47      6.83
   619719.485474 15.632024  0.000629 58.156546    -76.90    -17.54      1.97
   619812.608478 15.629625  0.000367 59.798949   -100.89   -116.57     18.97
   619905.731483 15.630830  0.000506 60.924054   -126.61     70.30     -5.56
   619998.854487 15.629680  0.000272 61.470202   -152.89    137.72    -28.81
   620091.977492 15.632525  0.000600 60.114116   -178.71     37.40     -3.20
   620185.100496 15.631972  0.000477 58.593867    156.43   -175.42     16.42
   620278.223501 15.631876  0.000413 57.478329    133.33   -137.81     24.67
   620371.346505 15.632232  0.000450 57.180685    110.55    172.25      2.63
   620464.469509 15.635182  0.000649 58.682424     87.22    -12.20     -2.55
   620557.592514 15.634697  0.000611 60.161277     62.76     35.01      3.11
   620650.715518 15.634588  0.000579 61.156516     36.73    -29.15      4.53
   620743.838523 15.635360  0.000572 61.323218     10.57    170.94    -17.03
   620836.961527 15.634850  0.000553 59.750449    -15.10   -140.23     -5.60
   620930.084532 15.636839  0.000641 58.398955    -39.65    158.63     -3.07
   621023.207536 15.635232  0.000469 57.317558    -62.62     -5.14    -18.37
   621116.330540 15.634923  0.000425 57.294474    -85.54     44.26     -4.07
   621209.453545 15.638098  0.000636 58.866105   -108.94     -8.05     -5.95
   621302.576549 15.636303  0.000499 60.180861   -133.57   -175.53     -9.52
   621395.699554 15.635542  0.000352 61.254719   -159.62   -106.80     -5.05
   621488.822558 15.639011  0.000637 61.266289    174.31   -163.16      5.68
   621581.945563 15.637285  0.000506 59.760640    148.57     45.01     -5.65
   621675.068567 15.637096  0.000392 58.524055    124.05    145.97    -28.99
   621768.191571 15.638405  0.000513 57.266182    100.95     62.81     11.93
   621861.314576 15.638628  0.000507 57.277930     77.95    -73.71    -10.87
   621954.437580 15.641079  0.000653 58.664874     54.71      1.63     -3.81
   622047.560585 15.638687  0.000449 59.893408     30.17    -37.58      1.59
   622140.683589 15.641122  0.000622 61.227656      4.34    168.18      6.03
   622233.806593 15.638799  0.000340 61.324250    -21.68   -112.80     18.77
   622326.929598 15.640048  0.000486 60.139913    -47.67   -112.21     -6.87
   622420.052602 15.638401  0.000173 58.963766    -72.43    114.36    -17.97
   622513.175607 15.641387  0.000531 57.405159    -95.94   -158.18     -9.04
   622606.298611 15.642630  0.000596 57.204354   -119.03    163.82      7.87
   622699.421616 15.643314  0.000596 58.123009   -141.96     21.66     10.33
   622792.544620 15.642144  0.000514 59.270661   -166.13    131.35      5.21
   622885.667624 15.642621  0.000471 60.924008    168.53    145.34    -20.53
   622978.790629 15.643450  0.000553 61.341608    142.64      6.10    -10.72
   623071.913633 15.643784  0.000567 60.770363    116.38    117.44     -7.71
   623165.036638 15.641374  0.000193 59.746127     91.13    126.00    -21.28
   623258.159642 15.643261  0.000438 57.951848     66.89    -19.13      0.63
   623351.282647 15.643223  0.000351 57.332162     43.52    121.52    -21.34
   623444.405651 15.643114  0.000288 57.453676     20.79     87.48     12.48
   623537.528655 15.644980  0.000500 58.325316     -2.82    -22.36      6.40
   623630.651660 15.644092  0.000318 60.112998    -27.34    139.37    -28.05
   623723.774664 15.644861  0.000406 60.972491    -52.80    118.61      3.24
   623816.897669 15.646131  0.000499 61.310128    -79.08      2.89     13.80
   623910.020673 15.646892  0.000503 60.741573   -104.84    173.63    -20.95
   624003.143678 15.646328  0.000468 59.083208   -130.07    167.37      4.12
   624096.266682 15.645156  0.000203 58.063351   -154.15     54.89     16.78
   624189.389686 15.648877  0.000616 57.163422   -177.18   -146.29     -0.70
   624282.512691 15.647008  0.000396 57.375458    159.62   -115.64     -6.32
   624375.635695 15.648942  0.000511 58.749364    136.14    166.11    -20.62
   624468.758700 15.648368  0.000486 59.837838    111.57    -69.45      6.42
   624561.881704 15.650699  0.000633 61.123283     85.85    -23.91     -3.12
   624655.004708 15.648958  0.000438 61.389299     59.97   -129.55     20.54
   624748.127713 15.649162  0.000461 60.534030     33.90     58.12     -5.07
   624841.250717 15.647849  0.000183 59.591617      8.74    110.67    -14.22
   624934.373722 15.650955  0.000559 57.947927    -15.36     28.67     -7.05
   625027.496726 15.651162  0.000516 57.248988    -38.89    176.29     13.37
   625120.619731 15.650907  0.000438 57.462692    -61.76   -144.66     23.81
   625213.742735 15.650932  0.000449 58.073471    -85.27    172.63      0.18
   625306.865739 15.653983  0.000660 59.723652   -109.71    -11.04      1.53
   625399.988744 15.653227  0.000592 60.771156   -134.84     42.40      8.81
   625493.111748 15.652896  0.000537 61.249209   -160.96    -12.62      9.55
   625586.234753 15.655210  0.000666 61.203744    173.16   -174.64     -0.76
   625679.357757 15.653944  0.000591 59.826560    147.63   -105.00      0.33
   625772.480762 15.653683  0.000460 58.744755    122.85   -170.61     19.27
   625865.603766 15.655290  0.000591 57.616030     99.30     33.40      9.67
   625958.726770 15.655108  0.000588 57.013677     75.96    119.25      1.89
   626051.849775 15.652400  0.000165 57.800872     52.77     74.56      7.28
   626144.972779 15.654512  0.000435 58.640163     29.06    -84.50     10.50
   626238.095784 15.655494  0.000498 60.028494      4.14      1.44     13.95
   626331.218788 15.657203  0.000599 61.167960    -21.21      0.50    -12.98
   626424.341793 15.655759  0.000479 61.162352    -47.25   -153.01     -2.76
   626517.464797 15.656376  0.000442 60.999321    -73.19    -33.33    -22.66
   626610.587801 15.655887  0.000375 59.720793    -98.39    -83.43      9.20
   626703.710806 15.658166  0.000587 58.387581   -123.10    146.85      4.37
   626796.833810 15.655641  0.000228 57.661108   -146.68   -128.55     26.58
   626889.956815 15.658739  0.000595 57.007452   -169.91   -111.65     -0.29
   626983.079819 15.658775  0.000513 57.707871    166.64    140.54    -18.48
   627076.202823 15.659078  0.000517 58.757456    142.97   -137.88     16.73
   627169.325828 15.658754  0.000487 59.803324    118.15   -112.19     -6.67
   627262.448832 15.659036  0.000417 61.128485     92.74    152.42    -25.43
   627355.571837 15.660142  0.000545 61.233722     66.95   -110.25      6.71
   627448.694841 15.659393  0.000405 60.991801     40.88    -76.55    -12.98
   627541.817846 15.661776  0.000591 60.182130     15.58    179.72    -13.48
   627634.940850 15.661172  0.000560 58.649109     -9.29    -59.23      4.95
   627728.063854 15.662752  0.000603 57.903781    -33.32    -18.17    -14.05
   627821.186859 15.662653  0.000593 57.146237    -56.57   -133.17      5.23
   627914.309863 15.661319  0.000420 57.264729    -80.05     10.93     10.05
   628007.432868 15.661966  0.000422 58.319598   -103.54     27.42     25.38
   628100.555872 15.662001  0.000441 59.162752   -127.81    -32.28      1.57
   628193.678877 15.663881  0.000556 60.508513   -153.00    143.21    -12.40
   628286.801881 15.664594  0.000590 61.255311   -178.45   -173.33    -11.31
   628379.924885 15.664326  0.000590 61.143622    155.49    108.41     -3.30
   628473.047890 15.661780  0.000178 60.953420    129.76    -63.74    -18.55
   628566.170894 15.663638  0.000423 59.620093    104.55    -23.42     -3.15
   628659.293899 15.663915  0.000383 58.597666     79.78    -69.50    -17.42
   628752.416903 15.663299  0.000244 57.729196     56.07     80.34     14.16
   628845.539908 15.665120  0.000469 57.000051     32.55    154.29      5.87
   628938.662912 15.664861  0.000358 57.508543      9.13    135.72    -26.26
   629031.785916 15.664822  0.000312 58.138789    -14.40    -56.77     -1.09
   629124.908921 15.665903  0.000436 59.159460    -38.91     11.66      8.93
   629218.031925 15.668660  0.000621 60.531311    -63.80     -4.18    -13.26
   629311.154930 15.666969  0.000491 60.941765    -89.35   -165.32     -5.32
   629404.277934 15.666517  0.000347 61.422568   -115.31    -59.04    -20.11
   629497.400938 15.667604  0.000441 60.981569   -140.91   -121.88     16.94
   629590.523943 15.669034  0.000579 59.945322   -166.47    116.07     -1.93
   629683.646947 15.669354  0.000511 59.164309    168.75   -165.01     20.83
   629776.769952 15.669644  0.000558 57.840102    144.65   -151.59     -7.67
   629869.892956 15.667900  0.000298 57.301892    120.78     78.44     -8.40
   629963.015961 15.671800  0.000646 57.303079     97.54   -171.53     -6.61
   630056.138965 15.669543  0.000445 57.469152     73.88    176.58      2.25
   630149.261969 15.668863  0.000282 58.688666     49.86     34.44     25.73
   630242.384974 15.671597  0.000558 59.583158     25.45   -165.73     -8.72
   630335.507978 15.670795  0.000461 60.497809      0.11   -172.78      9.63
   630428.630983 15.669375  0.000187 61.374547    -25.37     88.09      3.60
   630521.753987 15.672457  0.000583 61.135036    -51.15   -125.83     -2.89
   630614.876992 15.670345  0.000230 60.985121    -76.99   -101.78     -2.76
   630707.999996 15.672831  0.000497 60.082215   -102.17    178.85    -16.48
   630801.123000 15.673832  0.000596 58.889044   -127.20    -47.73      2.00
   630894.246005 15.675463  0.000636 58.217714   -151.39     -4.42     -6.64
   630987.369009 15.674004  0.000540 57.235536   -175.11    -99.94      7.34
   631080.492014 15.672638  0.000311 57.161140    161.19     76.88     -6.18
   631173.615018 15.672665  0.000245 57.585953    137.81    136.20    -19.03
   631266.738023 15.674792  0.000524 58.020958    113.84     55.68     -6.50
   631359.861027 15.674269  0.000379 59.326416     89.40   -162.30     28.31
   631452.984031 15.674395  0.000365 60.121314     64.64    -82.68      9.69
   631546.107036 15.674739  0.000370 60.854763     39.06   -125.15     -0.68
   631639.230040 15.675242  0.000366 61.468201     13.53     36.89     27.92
   631732.353045 15.676222  0.000491 61.042166    -12.23    135.68      4.89
   631825.476049 15.675768  0.000343 60.790329    -37.90    122.61    -21.68
   631918.599053 15.675831  0.000305 59.872656    -62.94    -46.67     -8.96
   632011.722058 15.676852  0.000421 58.732514    -87.86     32.21      0.86
   632104.845062 15.680406  0.000670 58.156219   -112.05      1.55      3.42
   632197.968067 15.679200  0.000592 57.220987   -135.84   -134.68     -4.35
   632291.091071 15.680225  0.000617 57.171746   -159.66    -33.10     -4.75
   632384.214076 15.677623  0.000295 57.492472    176.89    -32.23    -21.10
   632477.337080 15.678880  0.000451 57.844523    152.89    174.44      2.63
   632570.460084 15.678838  0.000361 59.036858    128.57    -41.32    -26.36
   632663.583089 15.678987  0.000359 59.790156    103.97    -73.28      5.29
   632756.706093 15.680734  0.000535 60.554860     78.59    168.54      9.51
   632849.829098 15.679849  0.000355 61.342050     53.20    -21.58    -30.42
   632942.952102 15.680776  0.000485 61.138552     27.51    -41.13      4.44
   633036.075107 15.680754  0.000379 61.190943      1.76   -161.89     25.55
   633129.198111 15.683030  0.000600 60.476600    -23.50     15.00     -7.45
   633222.321115 15.681443  0.000411 59.531281    -48.78     36.00      1.14
   633315.444120 15.682116  0.000402 58.922285    -73.37    -23.03    -26.79
   633408.567124 15.682709  0.000481 57.801717    -97.58     99.73      7.94
   633501.690129 15.684915  0.000621 57.389080   -121.69    151.56     -1.12
   633594.813133 15.682523  0.000342 57.250938   -145.23     49.89     26.73
   633687.936138 15.684253  0.000546 57.128254   -169.09   -104.89     -6.37
   633781.059142 15.684229  0.000439 57.965817    166.98    -28.80    -25.57
   633874.182146 15.685305  0.000557 58.486114    142.91   -121.85      9.02
   633967.305151 15.684264  0.000402 59.348632    118.12     84.11     -8.84
   634060.428155 15.685913  0.000497 60.391867     93.29    168.30    -20.74
   634153.551160 15.686066  0.000555 60.703622     67.97    100.80      4.89
   634246.674164 15.686771  0.000525 61.350667     42.33    -33.82    -16.74
   634339.797168 15.687924  0.000618 61.310955     16.90     32.24      4.94
   634432.920173 15.686457  0.000473 60.886517     -8.84      3.14      8.13
   634526.043177 15.687106  0.000443 60.630370    -34.12   -157.76     27.01
   634619.166182 15.686855  0.000437 59.541190    -59.18    -27.54     -0.19
   634712.289186 15.689231  0.000592 58.929336    -84.08    -31.35     -7.97
   634805.412191 15.690076  0.000633 58.187128   -108.27   -164.75     -2.61
   634898.535195 15.689083  0.000562 57.355547   -132.50    -54.31      4.85
   634991.658199 15.689369  0.000496 57.352154   -156.40    -24.50    -22.47
   635084.781204 15.690376  0.000588 57.097849    179.92   -152.72     -7.21
   635177.904208 15.691020  0.000613 57.395472    155.81    -30.71      4.30
   635271.027213 15.691969  0.000623 58.140690    131.89      1.79    -10.46
   635364.150217 15.691010  0.000584 58.518238    107.49   -103.40     -1.31
   635457.273222 15.689865  0.000373 59.587146     82.72     21.43     23.62
   635550.396226 15.690660  0.000434 60.218552     57.92     63.34     16.14
   635643.519230 15.691304  0.000490 60.674671     32.51     -6.50      7.24
   635736.642235 15.693886  0.000645 61.370488      7.16    174.70     -8.05
   635829.765239 15.692803  0.000586 61.160652    -18.32   -138.37     -3.55
   635922.888244 15.694297  0.000639 61.223430    -44.00    157.13     -1.45
   636016.011248 15.693117  0.000503 60.851973    -69.23     -4.52    -18.19
   636109.134253 15.692688  0.000454 60.045652    -94.61     49.88     -4.52
   636202.257257 15.695837  0.000648 59.680103   -119.57     -2.78      0.76
   636295.380261 15.694491  0.000556 58.675161   -144.16   -156.98     -7.50
   636388.503266 15.694103  0.000467 58.076612   -168.78    -66.49    -14.24
   636481.626270 15.693791  0.000365 57.711548    167.18   -139.02     26.05
   636574.749275 15.695567  0.000576 57.056598    143.09     97.67      3.27
   636667.872279 15.696316  0.000550 57.264519    119.04   -177.73     18.12
   636760.995283 15.696715  0.000579 57.264122     95.25   -165.35    -10.12
   636854.118288 15.695107  0.000394 57.534836     70.97     60.81     -5.17
   636947.241292 15.698545  0.000634 58.347078     46.82    178.05     -6.50
   637040.364297 15.696321  0.000453 58.671722     22.38    179.04     -5.51
   637133.487301 15.695565  0.000286 59.539794     -2.50     57.52      4.59
   637226.610306 15.699359  0.000643 60.229914    -27.27   -164.51     -0.11
   637319.733310 15.697290  0.000463 60.513388    -52.57   -140.50     -3.80
   637412.856314 15.697434  0.000380 61.255508    -77.90    151.36    -29.95
   637505.979319 15.698434  0.000500 61.168982   -103.22    -96.32      8.86
   637599.102323 15.699903  0.000584 61.271532   -128.85    -41.60     -7.82
   637692.225328 15.699547  0.000497 61.210650   -154.10   -147.04     20.02
   637785.348332 15.699489  0.000505 60.540058   -179.49     46.80     -4.74
   637878.471337 15.698255  0.000257 60.355689    155.29    117.45    -20.77
   637971.594341 15.701649  0.000617 59.588316    130.46     33.97      2.21
   638064.717345 15.699671  0.000386 58.903873    105.47   -139.97      2.56
   638157.840350 15.699073  0.000232 58.567958     81.00    -35.57    -30.86
   638250.963354 15.702124  0.000593 57.695315     56.59   -108.89     -0.45
   638344.086359 15.700246  0.000301 57.551268     32.20    114.75    -20.79
   638437.209363 15.703368  0.000583 57.249530      8.26   -168.50     -9.53
   638530.332368 15.702664  0.000528 56.981918    -16.00    149.37      7.69
   638623.455372 15.704483  0.000597 57.390480    -40.07      5.57     11.93
   638716.578376 15.702195  0.000388 57.378223    -64.12    118.94      4.83
   638809.701381 15.704176  0.000549 57.837738    -88.61    127.73    -10.52
   638902.824385 15.705783  0.000637 58.490796   -112.86      4.44     -8.86
   638995.947390 15.704613  0.000563 58.720179   -137.55    116.16      4.89
   639089.070394 15.705130  0.000516 59.616077   -162.38    154.08    -21.34
   639182.193398 15.706130  0.000605 59.973584    172.85     30.95     -1.04
   639275.316403 15.705593  0.000531 60.400758    147.59    166.15      8.43
   639368.439407 15.707272  0.000603 61.047447    122.52   -166.91     11.35
   639461.562412 15.705749  0.000500 60.976845     97.25    114.83      6.10
   639554.685416 15.705471  0.000379 61.360379     71.78    -54.86    -20.93
   639647.808421 15.706465  0.000452 61.325636     46.61     -8.34    -19.17
   639740.931425 15.707207  0.000537 61.006698     21.12    -84.26     -7.43
   639834.054429 15.705028  0.000164 61.087208     -4.10     85.29      4.15
   639927.177434 15.707040  0.000435 60.411370    -29.23    159.69     -2.91
   640020.300438 15.708039  0.000476 60.146105    -54.47    127.43    -16.32
   640113.423443 15.707240  0.000328 59.745365    -79.25    -27.45    -22.17
   640206.546447 15.708432  0.000476 58.966918   -104.19     41.70     -4.83
   640299.669452 15.711058  0.000632 58.809634   -128.93     -0.90     10.18
   640392.792456 15.710716  0.000611 58.124779   -153.36   -135.17      2.51
   640485.915460 15.711097  0.000610 57.742898   -178.06    -31.17      4.05
   640579.038465 15.710146  0.000447 57.634571    157.72    -11.77    -24.73
   640672.161469 15.710267  0.000479 57.086799    133.35   -152.27     -6.61
   640765.284474 15.712410  0.000601 57.242466    108.97    -24.71     -9.91
   640858.407478 15.711039  0.000449 57.155060     84.90     -7.61    -17.28
   640951.530483 15.710937  0.000431 57.082176     60.44   -121.28     -6.18
   641044.653487 15.713954  0.000623 57.583870     36.16      5.68     10.10
   641137.776491 15.713204  0.000597 57.543085     11.85     48.13     -2.59
   641230.899496 15.714245  0.000626 58.027339    -12.83    -31.51     -5.65
   641324.022500 15.711508  0.000285 58.493186    -37.20    146.72    -21.20
   641417.145505 15.712873  0.000461 58.633818    -61.99    171.43      4.52
   641510.268509 15.712657  0.000344 59.386931    -86.76    140.86    -28.08
   641603.391513 15.713017  0.000370 59.590071   -111.47    -69.97      5.71
   641696.514518 15.714439  0.000503 59.971138   -136.60     -4.49     11.12
   641789.637522 15.714934  0.000480 60.564882   -161.49    -12.85    -24.01
   641882.760527 15.714504  0.000457 60.523436    173.39    167.15     -0.21
   641975.883531 15.713372  0.000212 61.070645    148.14   -101.92     -0.24
   642069.006536 15.716631  0.000570 61.129948    123.12   -136.38     10.82
   642162.129540 15.716467  0.000540 61.126467     97.74    106.27     -7.09
   642255.252544 15.717796  0.000568 61.466443     72.62   -166.11     15.77
   642348.375549 15.717216  0.000548 61.112062     47.45   -147.67     -5.18
   642441.498553 15.716121  0.000356 61.213654     22.11    109.15    -17.00
   642534.621558 15.718730  0.000581 61.103851     -2.89   -150.63     13.30
   642627.744562 15.717779  0.000507 60.647539    -28.16   -112.21     -6.55
   642720.867567 15.719440  0.000561 60.754665    -53.25    164.42    -18.33
   642813.990571 15.717860  0.000423 60.179304    -78.19    -68.62      6.04
   642907.113575 15.720360  0.000613 59.972388   -103.37    -25.58      2.25
   643000.236580 15.717827  0.000291 59.785146   -128.12   -121.68     23.19
   643093.359584 15.720190  0.000566 59.147948   -153.07     77.00     -2.85
   643186.482589 15.720697  0.000519 59.130101   -177.94    151.90    -18.24
   643279.605593 15.720180  0.000461 58.655297    157.46     63.68     15.58
   643372.728598 15.720800  0.000510 58.274624    132.55    -76.82    -10.05
   643465.851602 15.723313  0.000645 58.269523    108.00      0.27     -7.39
   643558.974606 15.720852  0.000450 57.678491     83.37    -45.84      5.89
   643652.097611 15.723534  0.000618 57.709601     58.63    167.78      6.94
   643745.220615 15.720707  0.000305 57.495130     34.27    -98.77     14.12
   643838.343620 15.722760  0.000532 57.154812      9.57    -89.49     -6.26
   643931.466624 15.723481  0.000516 57.372190    -14.92    160.58    -20.92
   644024.589628 15.723449  0.000525 57.035499    -39.33   -107.96      9.89
   644117.712633 15.722882  0.000414 57.095077    -64.07    -70.35    -17.21
   644210.835637 15.725436  0.000592 57.249650    -88.42   -177.25    -13.89
   644303.958642 15.724441  0.000535 56.987844   -113.06    -53.42      6.84
   644397.081646 15.726793  0.000644 57.385817   -137.68    -12.41     -2.47
   644490.204651 15.724672  0.000460 57.310739   -162.09   -110.85     14.21
   644583.327655 15.724552  0.000413 57.384629    173.12     78.79     -8.67
   644676.450659 15.724495  0.000324 57.796983    148.62    152.92    -29.76
   644769.573664 15.726711  0.000588 57.634135    123.99     64.08     -0.23
   644862.696668 15.724400  0.000237 58.047662     99.15   -105.61     -1.88
   644955.819673 15.726169  0.000407 58.220987     74.64    -11.09    -21.55
   645048.942677 15.727834  0.000591 58.215780     49.72    -66.65     -2.48
   645142.065682 15.728034  0.000508 58.748260     25.00    162.53    -21.44
   645235.188686 15.728541  0.000580 58.655950      0.30   -123.53      2.11
   645328.311690 15.726916  0.000350 58.975507    -24.69   -147.39     11.87
   645421.434695 15.726451  0.000218 59.304998    -49.35     89.25      7.38
   645514.557699 15.728535  0.000496 59.192488    -74.29   -136.67     -6.15
   645607.680704 15.728366  0.000378 59.712293    -99.23   -163.07     28.23
   645700.803708 15.728216  0.000337 59.692477   -123.98    117.10      2.81
   645793.926713 15.729278  0.000440 59.836562   -149.10    -85.51    -10.97
   645887.049717 15.728340  0.000239 60.233520   -173.89    -41.94    -24.59
   645980.172721 15.730551  0.000525 60.045069    161.15   -142.38     -6.04
   646073.295726 15.731614  0.000540 60.450439    136.09      2.03     15.59
   646166.418730 15.731042  0.000457 60.517079    111.31     52.46     17.76
   646259.541735 15.731039  0.000452 60.452046     86.19      6.43      5.31
   646352.664739 15.733740  0.000622 60.888524     61.27   -173.11     13.23
   646445.787743 15.732335  0.000521 60.651754     36.35    -92.03      8.17
   646538.910748 15.731007  0.000279 60.912581     11.20   -126.40      7.14
   646632.033752 15.731337  0.000278 61.040219    -13.61     74.63     17.11
   646725.156757 15.732762  0.000458 60.841788    -38.70   -170.46      2.09
   646818.279761 15.735808  0.000650 61.230881    -63.69    176.14      2.70
   646911.402766 15.734913  0.000583 61.040499    -88.54     48.55      4.77
   647004.525770 15.734917  0.000546 61.092562   -113.70    167.49      9.28
   647097.648774 15.737024  0.000658 61.343700   -138.53   -172.23     -0.97
   647190.771779 15.735670  0.000591 61.019681   -163.56     84.87      0.50
   647283.894783 15.734143  0.000332 61.362029    171.38   -154.84     26.81
   647377.017788 15.735195  0.000428 61.227919    146.57   -109.47     14.94
   647470.140792 15.735911  0.000480 61.146048    121.43    179.45      8.73
   647563.263797 15.738666  0.000653 61.439519     96.58      0.49     -2.71
   647656.386801 15.737499  0.000590 61.111673     71.66     56.16     -0.65
   647749.509805 15.738358  0.000584 61.316517     46.56     -8.09     10.00
   647842.632810 15.739415  0.000649 61.346100     21.80   -164.39     -0.60
   647935.755814 15.738414  0.000581 61.094618     -3.29    -78.99     -3.67
   648028.878819 15.736379  0.000247 61.446995    -28.21   -144.80     31.86
   648122.001823 15.738143  0.000466 61.143145    -53.05     95.74      8.80
   648215.124828 15.738319  0.000424 61.245146    -78.15   -163.47     14.57
   648308.247832 15.741043  0.000627 61.379434   -102.91   -162.75      7.19
   648401.370836 15.740145  0.000576 61.061760   -127.89     87.26     -0.50
   648494.493841 15.739766  0.000438 61.381369   -152.87   -166.47     23.64
   648587.616845 15.741162  0.000575 61.209531   -177.62   -133.60      8.46
   648680.739850 15.741704  0.000613 61.139740    157.28    141.59      0.44
   648773.862854 15.739238  0.000259 61.410976    132.49    -33.37    -30.42
   648866.985858 15.740753  0.000457 61.059217    107.59    -21.98      1.02
   648960.108863 15.740135  0.000284 61.323832     82.58    -71.54    -17.94
   649053.231867 15.740910  0.000349 61.275003     57.87     72.89     16.19
   649146.354872 15.742615  0.000543 61.084663     32.85    150.89      6.26
   649239.477876 15.741254  0.000301 61.421043      8.01    143.81    -31.02
   649332.600881 15.742195  0.000406 61.120372    -16.78    -43.54      0.05
   649425.723885 15.742102  0.000336 61.254744    -41.83     37.36     12.20
   649518.846889 15.745546  0.000632 61.359504    -66.52     21.00      8.58
   649611.969894 15.744506  0.000563 61.070712    -91.50    -97.00     -3.96
   649705.092898 15.745994  0.000590 61.417605   -116.38      3.08     13.46
   649798.215903 15.745830  0.000589 61.197132   -141.08     25.83     -3.99
   649891.338907 15.745127  0.000497 61.183966   -166.11    -72.60    -10.66
   649984.461912 15.744882  0.000395 61.427565    169.18     30.10     28.78
   650077.584916 15.746378  0.000579 61.076358    144.33     86.95      3.08
   650170.707920 15.747579  0.000588 61.360465    119.37     -3.29     13.30
   650263.830925 15.747508  0.000579 61.260986     94.72   -171.71    -10.90
   650356.953929 15.746156  0.000425 61.105943     69.71   -120.87     -4.53
   650450.076934 15.749542  0.000650 61.401097     44.97   -179.73     -0.88
   650543.199938 15.747700  0.000526 61.058043     20.21     20.02     -7.21
   650636.322943 15.747139  0.000391 61.197914     -4.75    112.26    -16.66
   650729.445947 15.747859  0.000419 61.245762    -29.39     43.92     21.76
   650822.568951 15.749262  0.000591 60.921854    -54.31    -74.67      0.16
   650915.691956 15.749446  0.000507 61.232464    -79.14      9.99     23.58
   651008.814960 15.750386  0.000609 60.919392   -103.82     32.35     -2.59
   651101.937965 15.749337  0.000455 60.901835   -128.82    -71.39    -12.80
   651195.060969 15.750396  0.000489 61.018614   -153.48     28.20     21.03
   651288.183973 15.750900  0.000570 60.609792   -178.33     73.86     -1.71
   651381.306978 15.752672  0.000642 60.812955    156.78    -14.58     -1.49
   651474.429982 15.750288  0.000386 60.607812    132.14    159.82    -16.33
   651567.552987 15.750915  0.000458 60.356797    107.14   -174.78      7.89
   651660.675991 15.751272  0.000413 60.545744     82.40    160.90    -30.30
   651753.798996 15.751477  0.000442 60.064831     57.59    -46.98      4.01
   651846.922000 15.751993  0.000428 60.139617     32.59     12.77     20.23
   651940.045004 15.754078  0.000592 59.987937      7.92      7.24    -10.61
   652033.168009 15.752498  0.000440 59.591038    -17.08   -148.55     -1.18
   652126.291013 15.753695  0.000466 59.743313    -41.95    -24.34    -23.36
   652219.414018 15.752871  0.000379 59.301476    -66.73    -61.41      4.25
   652312.537022 15.754632  0.000525 59.161074    -91.85    171.40     12.05
   652405.660027 15.753547  0.000358 59.142216   -116.63    -19.32    -28.91
   652498.783031 15.754641  0.000490 58.611628   -141.68    -36.41      6.30
   652591.906035 15.753661  0.000291 58.738067   -166.74   -151.40     28.40
   652685.029040 15.756867  0.000603 58.352361    168.42     32.96     -0.61
   652778.152044 15.755401  0.000436 58.098673    143.18     87.68     -9.70
   652871.275049 15.758450  0.000645 58.163483    118.24      7.25      4.36
   652964.398053 15.756483  0.000488 57.652294     93.16   -157.76     -7.56
   653057.521058 15.755360  0.000280 57.713962     67.88    -75.06    -17.53
   653150.644062 15.758417  0.000575 57.533104     42.93   -144.65     12.74
   653243.767066 15.757672  0.000513 57.206722     17.57     87.69     -8.48
   653336.890071 15.760479  0.000657 57.419104     -7.58    179.13     -0.46
   653430.013075 15.757791  0.000429 57.025078    -32.72    174.02     -6.74
   653523.136080 15.757447  0.000320 57.122418    -58.14     32.38     13.54
   653616.259084 15.760480  0.000590 57.182699    -83.19   -175.92    -11.52
   653709.382088 15.758766  0.000432 56.922087   -108.56   -170.39     -0.22
   653802.505093 15.757623  0.000203 57.304268   -133.85    119.33    -24.10
   653895.628097 15.760670  0.000550 57.162891   -158.96   -119.47      9.16
   653988.751102 15.761048  0.000549 57.315517    175.57    -55.26    -10.09
   654081.874106 15.761406  0.000517 57.671618    150.51   -153.39     20.96
   654174.997111 15.761350  0.000531 57.551977    125.25     56.63     -6.03
   654268.120115 15.761444  0.000452 58.089392    100.00    144.61    -21.64
   654361.243119 15.761300  0.000423 58.225615     75.05     67.70     16.05
   654454.366124 15.762907  0.000573 58.405897     49.78    -60.99     -3.89
   654547.489128 15.763539  0.000542 59.012987     24.83     15.47     19.38
   654640.612133 15.763091  0.000536 58.996313     -0.13     31.62     -7.45
   654733.735137 15.761487  0.000264 59.552323    -25.23    -80.17    -16.31
   654826.858142 15.765236  0.000632 59.862879    -49.92     25.90      5.10
   654919.981146 15.763352  0.000453 59.964157    -74.90     54.46     -5.30
   655013.104150 15.764518  0.000477 60.586656    -99.64    -21.04    -22.88
   655106.227155 15.763901  0.000425 60.565743   -124.25    105.58      6.60
   655199.350159 15.766165  0.000602 60.862757   -149.10    155.54      3.27
   655292.473164 15.763141  0.000195 61.204327   -173.58     80.63     13.04
   655385.596168 15.766178  0.000587 60.988147    161.75    -82.66      1.60
   655478.719173 15.768219  0.000656 61.382070    137.09     -8.71      2.46
   655571.842177 15.765214  0.000362 61.189702    112.67    -33.43     -9.24
   655664.965181 15.767121  0.000545 61.056488     87.90    163.37      8.45
   655758.088186 15.764780  0.000176 61.175005     63.42    -82.59     -2.57
   655851.211190 15.767781  0.000557 60.626229     38.81    -96.03      3.96
   655944.334195 15.769332  0.000627 60.578206     14.01    155.68     -4.36
   656037.457199 15.766246  0.000248 60.258236    -10.54    -84.22      7.48
   656130.580203 15.769112  0.000592 59.654704    -35.49    -55.78      2.00
   656223.703208 15.769057  0.000483 59.602978    -60.35   -166.91     25.26
   656316.826212 15.769549  0.000557 58.878229    -85.23     27.42     -7.27
   656409.949217 15.767927  0.000299 58.589222   -110.49     81.46     -8.68
   656503.072221 15.771741  0.000630 58.296781   -135.46     14.19     -0.16
   656596.195226 15.769587  0.000455 57.647854   -160.80   -148.61     -5.24
   656689.318230 15.769205  0.000324 57.658906    173.82    -43.70    -28.25
   656782.441234 15.770753  0.000483 57.230992    148.57   -113.93     13.08
   656875.564239 15.772114  0.000587 57.051450    122.89    127.88     -6.42
   656968.687243 15.771507  0.000461 57.228629     97.53   -154.05     26.52
   657061.810248 15.772215  0.000553 56.936419     71.98   -120.15     -5.77
   657154.933252 15.772413  0.000479 57.383356     46.39    146.31    -20.53
   657248.056257 15.771856  0.000403 57.507114     21.13   -108.96     15.36
   657341.179261 15.773642  0.000573 57.730092     -4.42    -58.80     -3.00
   657434.302265 15.773860  0.000513 58.430128    -29.60   -163.19     22.11
   657527.425270 15.774019  0.000553 58.563643    -54.72     36.20     -6.49
   657620.548274 15.772594  0.000327 59.255442    -79.94    109.65    -18.53
   657713.671279 15.775625  0.000601 59.760755   -104.68     29.75     11.41
   657806.794283 15.774340  0.000492 59.991109   -129.63   -110.78     -6.82
   657899.917288 15.776455  0.000588 60.742102   -154.29    -12.85    -14.19
   657993.040292 15.774354  0.000400 60.784694   -178.78    -47.74      0.97
   658086.163296 15.776095  0.000529 61.089403    156.54    173.68     10.91
   658179.286301 15.774630  0.000319 61.366741    132.23    -28.66    -26.52
   658272.409305 15.776177  0.000510 61.013974    107.73    -49.31      5.27
   658365.532310 15.776337  0.000438 61.179938     83.18   -167.94     25.34
   658458.655314 15.778102  0.000591 60.750016     58.82     16.69     -8.51
   658551.778318 15.776298  0.000391 60.274661     34.01     51.95     -1.35
   658644.901323 15.779373  0.000609 60.074996      9.39     -4.27    -13.45
   658738.024327 15.777388  0.000438 59.203010    -15.46    166.61     -1.91
   658831.147332 15.776748  0.000281 58.870604    -40.63   -135.21     13.33
   658924.270336 15.780476  0.000630 58.331570    -65.63   -159.88      0.74
   659017.393341 15.778638  0.000465 57.628966    -91.13     62.37     -7.10
   659110.516345 15.781466  0.000625 57.583719   -116.61    170.35    -10.79
   659203.639349 15.778873  0.000392 57.037581   -142.12    160.16     -6.09
   659296.762354 15.778952  0.000337 57.078409   -168.00     22.07     17.95
   659389.885358 15.781966  0.000601 57.234572    166.53   -173.67    -11.24
   659483.008363 15.780149  0.000433 57.204160    140.77   -155.97     -2.49
   659576.131367 15.780314  0.000368 57.918637    115.23    145.42    -27.42
   659669.254372 15.780607  0.000396 58.203177     89.98    -85.81      9.99
   659762.377376 15.782753  0.000579 58.791347     64.57    -24.70      6.51
   659855.500380 15.779950  0.000188 59.627294     39.70    -49.49    -21.98
   659948.623385 15.782477  0.000526 59.868581     14.83    120.07      6.13
   660041.746389 15.782729  0.000446 60.693272     -9.92   -170.35     24.76
   660134.869394 15.784414  0.000597 60.943937    -34.25   -161.88     -6.07
   660227.992398 15.782818  0.000429 61.055168    -58.83     67.58     -6.14
   660321.115403 15.786112  0.000654 61.391995    -83.10   -179.08     -0.53
   660414.238407 15.784234  0.000518 60.913294   -107.41   -162.42     -7.50
   660507.361411 15.783508  0.000359 60.738408   -132.02    106.94    -15.67
   660600.484416 15.784736  0.000450 60.315452   -156.42   -139.70     21.63
   660693.607420 15.785938  0.000593 59.426441    178.68    -75.10     -0.29
   660786.730425 15.785721  0.000475 59.117655    153.68   -167.92     25.66
   660879.853429 15.786953  0.000595 58.199185    128.58     42.42     -1.03
   660972.976433 15.786907  0.000541 57.694792    102.93    127.17    -10.06
   661066.099438 15.784857  0.000259 57.442812     77.46     57.20     25.31
   661159.222442 15.787207  0.000533 56.907175     51.63    -66.14      5.73
   661252.345447 15.786238  0.000338 57.218615     25.73     20.65     26.91
   661345.468451 15.788964  0.000605 57.293907      0.14     40.93      4.49
   661438.591456 15.788741  0.000573 57.678109    -25.74    -57.19     -7.55
   661531.714460 15.786585  0.000267 58.540225    -51.06     41.73     32.78
   661624.837464 15.788987  0.000554 58.890957    -76.29     99.73      5.17
   661717.960469 15.789275  0.000482 59.875218   -101.34      6.21     19.98
   661811.083473 15.790876  0.000621 60.438873   -125.84   -160.49     -2.45
   661904.206478 15.789723  0.000521 60.745129   -150.47    -93.04     -7.12
   661997.329482 15.790861  0.000527 61.351165   -174.76   -167.55     20.19
   662090.452487 15.791222  0.000596 61.068517    161.06     53.51      2.68
   662183.575491 15.792275  0.000633 60.966717    136.56    153.12     -1.38
   662276.698495 15.790235  0.000383 60.619111    112.30    163.27    -26.22
   662369.821500 15.790746  0.000448 59.679379     87.55     15.25     -0.63
   662462.944504 15.792927  0.000557 59.269463     62.60    159.21    -15.97
   662556.067509 15.791779  0.000444 58.312202     37.54    175.01    -12.45
   662649.190513 15.791597  0.000401 57.644537     11.83     85.54    -11.08
   662742.313518 15.792331  0.000412 57.415702    -13.78   -151.82     28.37
   662835.436522 15.793361  0.000539 56.879341    -39.71    -76.10      6.58
   662928.559526 15.791762  0.000261 57.270516    -65.77   -150.60     26.45
   663021.682531 15.793964  0.000497 57.520704    -91.42     55.61     15.60
   663114.805535 15.794848  0.000569 58.046537   -117.25    152.05      6.77
   663207.928540 15.794205  0.000431 59.086398   -142.46    163.64    -27.42
   663301.051544 15.794488  0.000472 59.550153   -167.42     10.44     -5.70
   663394.174548 15.795682  0.000516 60.478948    167.77    139.61    -14.89
   663487.297553 15.794427  0.000344 61.022993    143.55    156.25    -21.79
   663580.420557 15.795259  0.000456 61.022853    119.17     39.99     -3.53
   663673.543562 15.798377  0.000652 61.311510     94.96   -179.21      8.35
   663766.666566 15.797472  0.000601 60.648251     70.78   -130.32      3.15
   663859.789571 15.798013  0.000591 60.098021     46.07    161.52      7.62
   663952.912575 15.799016  0.000623 59.454870     21.44      4.63     -8.83
   664046.035579 15.798047  0.000570 58.305459     -3.81     77.84     -2.82
   664139.158584 15.796959  0.000353 57.878090    -29.42     19.96     26.04
   664232.281588 15.797598  0.000411 57.213056    -55.08   -108.65     16.51
   664325.404593 15.797831  0.000408 56.953684    -81.31     12.62      9.96
   664418.527597 15.800738  0.000613 57.385058   -107.21     13.89     13.72
   664511.650602 15.799620  0.000555 57.545352   -133.11    -80.96      5.37
   664604.773606 15.797522  0.000197 58.591108   -158.80     68.15      4.50
   664697.896610 15.798421  0.000298 59.361073    176.20    107.43      3.47
   664791.019615 15.799480  0.000413 60.054940    151.25     41.63     -0.14
   664884.142619 15.800827  0.000468 61.010669    126.88   -161.46     23.79
   664977.265624 15.800440  0.000453 61.036676    102.74    -72.00      6.49
   665070.388628 15.799914  0.000320 61.150584     78.43    -90.95    -10.03
   665163.511633 15.799656  0.000232 60.849058     54.37    130.40    -16.51
   665256.634637 15.801576  0.000477 59.845544     29.76   -132.62     -5.69
   665349.757641 15.802082  0.000427 59.308442      4.86   -166.70     27.83
   665442.880646 15.801737  0.000385 58.168872    -20.30    102.86      9.27
   665536.003650 15.802033  0.000375 57.463271    -46.22    -92.92    -10.69
   665629.126655 15.801349  0.000210 57.246046    -72.08    -48.44    -20.14
   665722.249659 15.803744  0.000514 56.916061    -98.27   -133.83     -7.23
   665815.372663 15.803602  0.000414 57.629205   -124.42     12.08     26.12
   665908.495668 15.802945  0.000314 58.230259   -149.98     97.44     10.48
   666001.618672 15.803932  0.000407 59.080172   -175.50     80.22     -9.99
   666094.741677 15.802742  0.000171 60.269939    159.78    -60.94    -16.43
   666187.864681 15.805461  0.000521 60.638689    135.36     32.58     -5.77
   666280.987686 15.806010  0.000498 61.246723    111.07      5.43     17.55
   666374.110690 15.804692  0.000310 61.166627     87.17   -106.00     15.73
   666467.233694 15.805994  0.000474 60.440141     62.82     55.51     -5.88
   666560.356699 15.804386  0.000159 59.961176     38.29     71.61      9.54
   666653.479703 15.807307  0.000517 58.704196     13.39     15.55    -10.86
   666746.602708 15.808202  0.000546 57.882831    -12.36    168.71     13.03
   666839.725712 15.806934  0.000371 57.367470    -38.12   -136.42     26.26
   666932.848717 15.807588  0.000446 56.864759    -64.44   -143.76     -5.09
   667025.971721 15.806675  0.000241 57.468012    -90.66     37.87     26.24
   667119.094725 15.808628  0.000469 57.951132   -116.43   -179.37    -12.49
   667212.217730 15.809962  0.000565 58.911204   -142.08    157.55      7.24
   667305.340734 15.809506  0.000460 60.135612   -166.86     25.43     26.24
   667398.463739 15.809380  0.000476 60.583763    168.68   -164.32     -4.99
   667491.586743 15.809417  0.000395 61.286058    144.44   -164.19     25.87
   667584.709748 15.809649  0.000392 61.087827    120.58    160.67    -17.07
   667677.832752 15.811654  0.000591 60.373166     96.20    -43.06      2.11
   667770.955756 15.812588  0.000582 59.766046     71.68     11.04     15.03
   667864.078761 15.810935  0.000436 58.407682     46.60     -7.09     -7.04
   667957.201765 15.811898  0.000475 57.660880     20.71   -177.96     17.15
   668050.324770 15.810508  0.000257 57.199123     -5.24    -34.80    -21.30
   668143.447774 15.813219  0.000580 56.932263    -31.71    -60.85      2.92
   668236.570778 15.815066  0.000634 57.808761    -57.86   -178.20      9.94
   668329.693783 15.812309  0.000402 58.440419    -83.49    -21.09     -6.08
   668422.816787 15.814146  0.000531 59.627313   -108.83     -6.71     13.20
   668515.939792 15.811946  0.000222 60.690450   -133.21    -57.59    -11.90
   668609.062796 15.814689  0.000563 60.929037   -157.42    104.88      2.34
   668702.185801 15.816582  0.000633 61.257730    178.54    172.16      3.86
   668795.308805 15.813766  0.000346 60.574980    154.59    148.99    -12.59
   668888.431809 15.815568  0.000531 59.528881    129.85    -18.49      9.30
   668981.554814 15.813104  0.000143 58.715399    104.81    107.43    -10.29
   669074.677818 15.816365  0.000557 57.416563     79.03     91.55      5.31
   669167.800823 15.818257  0.000637 57.163524     52.64    -13.32      3.26
   669260.923827 15.815317  0.000317 57.179199     26.45    148.89    -14.43
   669354.046832 15.816901  0.000495 57.677475      0.11    163.19      9.16
   669447.169836 15.815111  0.000196 59.032611    -25.44    125.79    -24.51
   669540.292840 15.817472  0.000491 59.831400    -50.33    -86.75      8.63
   669633.415845 15.819280  0.000606 60.857492    -74.86    -12.91      8.10
   669726.538849 15.817550  0.000394 61.289374    -98.67    -15.65    -25.05
   669819.661854 15.818144  0.000469 60.736600   -122.76    172.69      4.29
   669912.784858 15.817397  0.000279 60.265009   -147.06    -43.85    -29.01
   670005.907863 15.818418  0.000389 58.900280   -171.81    -79.49      9.37
   670099.030867 15.819732  0.000483 57.819473    162.41    175.06     12.05
   670192.153871 15.821021  0.000545 57.314925    136.39     -5.66    -17.94
   670285.276876 15.819961  0.000464 56.894918    109.88     25.72     -6.51
   670378.399880 15.821543  0.000534 57.769096     83.47    -27.17    -18.17
   670471.522885 15.819838  0.000357 58.658806     57.88    154.30    -13.13
   670564.645889 15.820308  0.000372 59.771625     32.62   -143.31      4.18
   670657.768893 15.823953  0.000645 60.971409      8.37   -172.69      4.07
   670750.891898 15.822599  0.000581 61.012256    -15.58     56.81     -2.27
   670844.014902 15.823973  0.000621 60.946070    -39.64    166.31      4.58
   670937.137907 15.824141  0.000601 60.071362    -63.74   -171.89     -8.94
   671030.260911 15.823378  0.000545 58.635009    -88.83     87.38     -5.34
   671123.383916 15.821952  0.000302 57.879873   -114.56   -156.05     34.00
   671216.506920 15.823207  0.000448 56.961447   -140.80    -83.55     10.57
   671309.629924 15.822553  0.000300 57.182494   -167.55   -142.43     12.54
   671402.752929 15.824194  0.000434 58.032568    166.41     42.28     22.05
   671495.875933 15.824696  0.000505 58.947801    140.73    145.45      6.29
   671588.998938 15.825230  0.000465 60.456743    115.96    153.79    -23.03
   671682.121942 15.825886  0.000542 60.990413     91.99     11.05     -9.67
   671775.244947 15.826656  0.000592 61.031963     67.96    130.78     -4.95
   671868.367951 15.826219  0.000474 60.630728     44.05    167.85    -25.66
   671961.490955 15.826889  0.000568 59.124957     19.39     57.18     -4.57
   672054.613960 15.826208  0.000398 58.180075     -6.20   -169.18     26.41
   672147.736964 15.825980  0.000350 57.211073    -32.23   -101.12     15.69
   672240.859969 15.826453  0.000379 56.950689    -59.02   -131.32     -2.08
   672333.982973 15.826153  0.000265 57.865108    -85.34     40.94     29.48
   672427.105978 15.827450  0.000434 58.707470   -111.06    171.27     -4.49
   672520.228982 15.830169  0.000622 60.173668   -136.11    157.35     -1.49
   672613.351986 15.830321  0.000611 61.062494   -160.09     26.09      9.89
   672706.474991 15.828871  0.000495 60.961731    175.94    163.69      6.33
   672799.597995 15.831312  0.000621 60.677284    151.97   -175.89     12.62
   672892.721000 15.828987  0.000406 59.203408    127.47    110.16      6.70
   672985.844004 15.830497  0.000512 58.005218    101.78    -54.42    -13.44
   673078.967008 15.832418  0.000626 57.292693     75.67      6.90     -6.75
   673172.090013 15.830707  0.000491 56.916068     48.92    -44.23      6.82
   673265.213017 15.833334  0.000646 57.986560     22.45    173.16      4.69
   673358.336022 15.830420  0.000364 59.052666     -3.04    -87.01     11.71
   673451.459026 15.832101  0.000524 60.286528    -27.97    -63.43    -11.51
   673544.582031 15.834401  0.000645 61.269368    -51.85   -177.11     -6.25
   673637.705035 15.832085  0.000475 60.835400    -75.65    -42.59      4.41
   673730.828039 15.834451  0.000604 60.229518    -99.87     -7.89      8.84
   673823.951044 15.831570  0.000274 58.843095   -124.59    -68.02      1.15
   673917.074048 15.834356  0.000578 57.452320   -150.63    120.90     -0.01
   674010.197053 15.835574  0.000592 57.200708   -177.15   -171.46     13.43
   674103.320057 15.833758  0.000448 57.214925    156.23   -174.59     -8.91
   674196.443062 15.833303  0.000323 58.506372    129.92     23.45     21.10
   674289.566066 15.835490  0.000533 59.902017    104.96   -179.39    -16.95
   674382.689070 15.834846  0.000477 60.713966     80.56    170.14      6.25
   674475.812075 15.833255  0.000175 61.323768     56.82     69.84     11.62
   674568.935079 15.836634  0.000566 60.421942     33.04   -125.68      5.37
   674662.058084 15.836738  0.000532 59.184480      8.26    -56.99     -9.77
   674755.181088 15.835997  0.000402 58.034556    -17.20   -148.39     28.50
   674848.304093 15.837536  0.000580 56.898762    -43.76     83.13     -0.95
   674941.427097 15.839490  0.000644 57.351389    -70.64    172.31      5.83
   675034.550101 15.837379  0.000460 58.169485    -96.78   -179.14    -14.60
   675127.673106 15.836737  0.000351 59.559991   -122.34     45.61      2.51
   675220.796110 15.840446  0.000651 60.956619   -146.53   -175.62     -3.11
   675313.919115 15.838624  0.000527 60.986005   -170.28   -146.03     -6.09
   675407.042119 15.839600  0.000527 60.629398    165.76    143.53    -14.90
   675500.165123 15.837636  0.000281 59.318351    141.39    -43.45    -13.96
   675593.288128 15.838863  0.000422 57.712844    115.59      7.92      4.64
   675686.411132 15.841749  0.000602 57.244412     89.07     -9.13    -14.35
   675779.534137 15.840366  0.000512 57.111770     62.30   -156.71     -8.96
   675872.657141 15.841298  0.000537 58.403307     35.83    -38.46    -15.48
   675965.780146 15.839525  0.000311 59.896547     10.80    -30.09    -20.88
   676058.903150 15.840654  0.000447 60.743019    -13.51   -153.59     -0.64
   676152.026154 15.843797  0.000641 61.275015    -37.19     -5.66      0.94
   676245.149159 15.843082  0.000600 60.237965    -60.96     37.73      0.52
   676338.272163 15.843389  0.000600 58.812034    -85.97    -27.77      4.92
   676431.395168 15.844538  0.000615 57.702974   -111.77   -178.05    -12.10
   676524.518172 15.843571  0.000579 56.823099   -138.63    -99.60     -2.40
   676617.641177 15.841521  0.000260 57.694940   -165.50   -148.38     28.40
   676710.764181 15.842336  0.000337 58.855321    168.70    109.02      5.15
   676803.887185 15.843032  0.000391 60.246250    143.74   -111.83     -6.03
   676897.010190 15.842186  0.000201 61.299565    119.99   -119.00     20.92
   676990.133194 15.844157  0.000461 60.689675     96.36   -178.78     -5.49
   677083.256199 15.846755  0.000627 59.699985     71.95    -18.08      2.77
   677176.379203 15.846349  0.000564 58.192725     46.75     34.70     12.86
   677269.502208 15.845046  0.000437 56.972326     20.04     -0.25      7.16
   677362.625212 15.846424  0.000484 57.366532     -6.86   -164.93     24.84
   677455.748216 15.845415  0.000404 58.154863    -33.22    -33.52     -0.16
   677548.871221 15.848083  0.000602 59.861957    -58.63    -29.42     -4.34
   677641.994225 15.848276  0.000584 61.059118    -82.56   -154.49     12.20
   677735.117230 15.846727  0.000457 60.872361   -106.26      2.06      1.68
   677828.240234 15.847008  0.000398 60.221560   -130.27     14.84     29.12
   677921.363238 15.847469  0.000433 58.461272   -155.17     -7.45    -13.80
   678014.486243 15.849197  0.000568 57.223085    178.29    160.99      9.25
   678107.609247 15.847133  0.000296 57.213566    151.46   -135.75     31.08
   678200.732252 15.849215  0.000536 57.842059    124.75   -118.74     -6.29
   678293.855256 15.848126  0.000326 59.718584     99.19    133.67    -26.17
   678386.978261 15.850555  0.000564 60.833420     75.12   -136.43      8.41
   678480.101265 15.849504  0.000450 60.977122     51.36   -101.40     -7.35
   678573.224269 15.852338  0.000631 60.367444     27.57    174.64    -10.59
   678666.347274 15.849846  0.000410 58.459087      2.65    -26.69     -0.96
   678759.470278 15.850147  0.000379 57.376346    -23.82     13.65     23.42
   678852.593283 15.852411  0.000568 57.104505    -50.64      8.63    -12.98
   678945.716287 15.850848  0.000406 57.896347    -77.52   -152.72      2.09
   679038.839292 15.852018  0.000448 59.815971   -102.93    -19.39    -25.34
   679131.962296 15.851489  0.000410 60.770952   -127.03    -48.12      2.10
   679225.085300 15.852200  0.000426 61.055670   -150.74   -167.80     15.11
   679318.208305 15.854802  0.000621 60.160693   -174.50      3.65     -9.54
   679411.331309 15.852988  0.000478 58.219992    160.28     44.23     -6.76
   679504.454314 15.855805  0.000629 57.343217    133.74    -14.40     -9.04
   679597.577318 15.853792  0.000463 57.073524    106.79   -177.11    -12.81
   679690.700323 15.853310  0.000362 58.299052     80.03    -88.18    -13.23
   679783.823327 15.854368  0.000418 60.123892     55.01   -146.04     24.79
   679876.946331 15.855250  0.000548 60.870229     31.04    108.03      4.77
   679970.069336 15.853610  0.000261 60.992816      7.43   -138.68     19.74
   680063.192340 15.854855  0.000383 59.589178    -16.58   -116.15     19.64
   680156.315345 15.855686  0.000459 57.794942    -42.35    173.28      9.97
   680249.438349 15.858900  0.000667 57.197579    -69.11      1.18     -3.22
   680342.561353 15.857460  0.000587 57.294566    -96.18     68.14     -0.41
   680435.684358 15.856810  0.000431 59.052518   -122.43      8.99     22.51
   680528.807362 15.857280  0.000465 60.578371   -146.86   -130.97     18.06
   680621.930367 15.857362  0.000480 60.984439   -170.61     -9.16      6.58
   680715.053371 15.860274  0.000650 60.571345    165.75     -1.95      3.77
   680808.176376 15.858557  0.000516 58.665477    141.09   -108.00      9.67
   680901.299380 15.857060  0.000282 57.314807    114.58     59.17     -0.22
   680994.422384 15.856789  0.000191 57.187946     87.59    122.75    -12.21
   681087.545389 15.859287  0.000503 58.010848     60.73     64.66     -7.29
   681180.668393 15.857440  0.000169 60.072026     35.41   -119.04     15.99
   681273.791398 15.859931  0.000485 60.975350     11.63      0.86    -11.61
   681366.914402 15.861321  0.000580 60.771446    -12.02    -27.31      4.28
   681460.037407 15.861548  0.000532 59.592296    -36.12   -160.99     20.08
   681553.160411 15.860415  0.000434 57.573389    -61.90      2.34     -4.17
   681646.283415 15.861074  0.000430 57.101938    -89.08      8.54     25.27
   681739.406420 15.860581  0.000357 57.704929   -115.95    -20.59    -16.17
   681832.529424 15.862990  0.000594 59.291705   -141.98    144.32      3.12
   681925.652429 15.862774  0.000495 61.019863   -166.11   -160.02     23.69
   682018.775433 15.862638  0.000510 60.874932    170.48   -158.67     -7.05
   682111.898438 15.861397  0.000277 59.876852    146.41     52.07      8.80
   682205.021442 15.865033  0.000604 58.150138    121.20   -169.11     -8.13
   682298.144446 15.862927  0.000414 56.860587     94.15   -157.46     -0.21
   682391.267451 15.862672  0.000318 57.663470     66.96    152.25    -35.58
   682484.390455 15.864021  0.000466 58.978690     40.94    -85.60     10.02
   682577.513460 15.866202  0.000620 60.708683     16.31    -18.04      4.39
   682670.636464 15.863341  0.000269 61.207186     -6.97    -35.74    -23.35
   682763.759468 15.865176  0.000495 59.814362    -30.85    145.73      6.07
   682856.882473 15.863496  0.000182 58.346695    -56.16   -105.00      4.13
   682950.005477 15.865840  0.000462 56.998564    -82.84   -111.98     14.50
   683043.128482 15.867292  0.000568 57.359942   -110.33    154.97      7.73
   683136.251486 15.866039  0.000396 59.219807   -136.36    -14.70    -29.78
   683229.374491 15.866430  0.000456 60.498139   -160.87      4.56     -2.35
   683322.497495 15.867414  0.000464 61.202125    175.60    -34.55    -22.30
   683415.620499 15.866619  0.000357 59.952585    151.98    154.45    -15.88
   683508.743504 15.867126  0.000396 57.996466    126.46   -122.41     -5.51
   683601.866508 15.868788  0.000478 57.190685     99.60   -161.37     22.95
   683694.989513 15.868641  0.000500 57.375269     72.36     98.58      8.25
   683788.112517 15.867228  0.000248 59.310555     46.16   -118.72      5.27
   683881.235522 15.867548  0.000247 60.882849     22.06    -95.44     13.78
   683974.358526 15.868965  0.000435 60.836559     -1.45   -154.51      0.16
   684067.481530 15.871127  0.000555 59.850443    -25.40      8.41     19.79
   684160.604535 15.869841  0.000439 57.722861    -50.94     96.87     10.69
   684253.727539 15.869537  0.000342 56.983943    -78.32    101.76    -16.85
   684346.850544 15.870085  0.000350 57.932985   -105.30    -18.78    -24.94
   684439.973548 15.871864  0.000560 59.487047   -131.07     85.33     -3.06
   684533.096553 15.869947  0.000255 61.167547   -155.04    129.20    -27.67
   684626.219557 15.873131  0.000597 60.733378   -178.23     20.68     -5.87
   684719.342561 15.872332  0.000492 59.059257    157.22    173.94     11.86
   684812.465566 15.871043  0.000282 57.585380    131.16   -141.62     34.59
   684905.588570 15.873009  0.000504 56.885797    103.70   -134.86     -7.57
   684998.711575 15.871235  0.000194 58.512852     76.76     74.60      2.51
   685091.834579 15.874815  0.000579 60.252753     51.92   -163.63     -7.20
   685184.957583 15.873475  0.000446 61.002962     28.22   -171.30      7.64
   685278.080588 15.872025  0.000169 60.452398      4.77    118.44    -20.35
   685371.203592 15.875307  0.000568 58.231005    -20.20   -108.43      5.41
   685464.326597 15.876319  0.000584 57.106917    -47.27    -33.55    -12.19
   685557.449601 15.874117  0.000331 57.513315    -74.51   -114.68     21.05
   685650.572606 15.876430  0.000583 59.096325   -100.83    116.23     -2.34
   685743.695610 15.876770  0.000523 61.040622   -124.99   -167.06     21.15
   685836.818614 15.877101  0.000579 60.809234   -148.18   -146.87     -4.36
   685929.941619 15.876500  0.000455 59.346636   -172.46    114.77    -13.88
   686023.064623 15.875987  0.000348 57.664291    161.68   -138.14     27.58
   686116.187628 15.877860  0.000563 56.851081    134.13    -68.34      4.48
   686209.310632 15.876113  0.000288 58.502960    107.12   -156.32     34.07
   686302.433637 15.878442  0.000537 60.189593     82.20     62.88      9.43
   686395.556641 15.879396  0.000589 61.064363     58.53    156.20      5.88
   686488.679645 15.879007  0.000477 60.306460     35.14    169.25    -22.85
   686581.802650 15.878904  0.000500 58.008725      9.91     36.12     -7.30
   686674.925654 15.881375  0.000635 57.098609    -17.31    166.68      2.69
   686768.048659 15.881282  0.000620 57.690609    -44.53   -154.10     -0.89
   686861.171663 15.880944  0.000593 59.510356    -70.55    134.59      1.36
   686954.294668 15.880507  0.000476 61.221493    -94.31    -13.29    -27.14
   687047.417672 15.881192  0.000570 60.474088   -117.57     43.05     -4.45
   687140.540676 15.881561  0.000512 58.843709   -142.31     -1.93     17.43
   687233.663681 15.881046  0.000438 57.223805   -168.77   -131.49     20.79
   687326.786685 15.880925  0.000411 57.163046    163.48     18.14      3.10
   687419.909690 15.881690  0.000420 59.270454    137.14     18.63     28.37
   687513.032694 15.881439  0.000405 60.708347    112.96    -29.49     -4.32
   687606.155698 15.884011  0.000615 60.880714     89.55    145.49     -4.28
   687699.278703 15.884700  0.000612 59.371109     65.58   -160.38     12.15
   687792.401707 15.882623  0.000427 57.202539     39.21    179.33      2.26
   687885.524712 15.882809  0.000368 57.288097     11.55     17.77     30.88
   687978.647716 15.883748  0.000458 58.639706    -15.07   -178.64    -11.18
   688071.770721 15.884531  0.000511 60.575906    -39.86    174.62     11.84
   688164.893725 15.882400  0.000176 61.176413    -62.95     96.23     -0.10
   688258.016729 15.885579  0.000577 59.336544    -86.85    -98.90      2.01
   688351.139734 15.887162  0.000624 57.648317   -112.99    -22.80     -8.42
   688444.262738 15.883968  0.000284 57.046111   -140.39    -75.96      7.17
   688537.385743 15.886920  0.000590 58.427303   -167.58    146.08      4.31
   688630.508747 15.884082  0.000194 60.690926    167.76   -125.41     27.56
   688723.631752 15.887051  0.000562 60.882896    144.51    -95.80      4.58
   688816.754756 15.888520  0.000602 59.670579    120.59    166.31      6.36
   688909.877760 15.887309  0.000460 57.670407     94.87     -6.11    -20.04
   689003.000765 15.886865  0.000412 56.877823     67.10     37.96     -3.69
   689096.123769 15.890315  0.000644 58.690187     40.11     -4.97     -5.46
   689189.246774 15.888726  0.000553 60.383820     15.41   -154.53     -7.04
   689282.369778 15.889308  0.000546 61.043337     -8.01    -43.48    -13.66
   689375.492783 15.887278  0.000271 59.669143    -31.65    -31.72    -25.48
   689468.615787 15.888606  0.000430 57.356179    -57.78   -154.59     -2.98
   689561.738791 15.891851  0.000632 57.223808    -85.49     -4.37      4.27
   689654.861796 15.890976  0.000582 58.574930   -112.27     48.68      3.58
   689747.984800 15.890715  0.000536 60.579247   -137.07    -11.09     10.64
   689841.107805 15.892691  0.000631 61.136735   -160.10   -167.35      7.77
   689934.230809 15.891020  0.000526 59.129283    175.89    -67.48      6.62
   690027.353813 15.890893  0.000417 57.478639    149.46    -37.26    -25.69
   690120.476818 15.892775  0.000588 57.150592    121.88   -159.89     -8.18
   690213.599822 15.892623  0.000563 58.888138     95.00    -24.08      7.37
   690306.722827 15.893826  0.000593 61.007586     70.86     13.58     13.76
   690399.845831 15.891897  0.000432 60.640393     47.76    -33.57      0.54
   690492.968836 15.894643  0.000626 58.949152     23.28    161.80      3.14
   690586.091840 15.892153  0.000346 57.199861     -3.28   -124.09     24.90
   690679.214844 15.893529  0.000497 57.281540    -31.25    -94.97     -9.44
   690772.337849 15.894678  0.000517 59.660779    -57.37    167.15    -22.85
   690865.460853 15.893951  0.000480 60.890737    -81.13    -80.73      7.62
   690958.583858 15.896055  0.000609 60.457949   -104.49    -30.41     -3.33
   691051.706862 15.893378  0.000290 58.435261   -129.23   -122.13     24.86
   691144.829867 15.895859  0.000564 56.799524   -156.64     99.86     -0.41
   691237.952871 15.897391  0.000601 58.075153    175.74   -178.77     11.54
   691331.075875 15.896127  0.000513 60.010026    150.44   -168.96    -11.27
   691424.198880 15.894919  0.000338 61.047482    126.89     66.46     -4.13
   691517.321884 15.898717  0.000646 59.996570    103.53   -167.22      7.63
   691610.444889 15.897212  0.000547 57.486951     77.68   -116.14     -5.49
   691703.567893 15.899422  0.000635 57.168883     49.83    171.06      4.22
   691796.690898 15.898363  0.000561 58.629017     22.96     16.44     -9.20
   691889.813902 15.897879  0.000501 60.608006     -1.75    104.30     -9.93
   691982.936906 15.896221  0.000225 61.044520    -24.72     47.09     28.52
   692076.059911 15.897869  0.000430 58.797032    -48.90    -50.08      5.20
   692169.182915 15.897460  0.000310 57.195012    -75.88    118.23    -23.36
   692262.305920 15.897615  0.000283 57.525525   -103.54    148.08    -16.74
   692355.428924 15.898916  0.000435 59.509062   -129.80     72.19     -8.26
   692448.551928 15.898014  0.000255 61.266991   -153.33   -143.15     32.90
   692541.674933 15.899394  0.000412 60.039935   -176.51    -24.86     -3.08
   692634.797937 15.901746  0.000587 57.941803    157.92    -37.71     -7.92
   692727.920942 15.902897  0.000629 57.070307    130.44   -163.91     -1.27
   692821.043946 15.901116  0.000503 58.271215    102.99    -34.59      7.40
   692914.166951 15.903819  0.000646 60.774244     78.25     -1.73      6.18
   693007.289955 15.900884  0.000390 60.824145     55.31    -78.24      8.97
   693100.412959 15.902808  0.000546 58.976034     30.99    126.51    -10.25
   693193.535964 15.904601  0.000628 57.258868      4.36   -164.58      4.92
   693286.658968 15.902158  0.000428 57.338584    -23.65   -177.40      0.92
   693379.781973 15.901441  0.000254 59.870333    -49.71     36.27     25.20
   693472.904977 15.904604  0.000593 61.066770    -73.04   -161.21     -5.86
   693566.027982 15.902768  0.000383 59.888652    -96.54   -137.78      0.23
   693659.150986 15.905156  0.000533 57.905525   -122.09    172.13    -21.63
   693752.273990 15.903676  0.000418 56.857736   -149.97    -23.90      2.31
   693845.396995 15.902832  0.000218 58.902522   -177.18     41.81     21.13
   693938.519999 15.906433  0.000594 60.833607    158.68     34.28      6.17
   694031.643004 15.905765  0.000542 60.534325    135.52    -78.44     -6.62
   694124.766008 15.905440  0.000420 58.688870    110.96     19.20     28.21
   694217.889013 15.906599  0.000550 56.833421     83.69     73.55      6.47
   694311.012017 15.907104  0.000521 58.038167     55.76     -4.53     15.61
   694404.135021 15.908760  0.000646 60.384260     30.70   -164.21     -0.53
   694497.258026 15.907649  0.000577 60.837791      7.45    -81.30     -3.21
   694590.381030 15.905105  0.000173 59.441679    -16.38   -135.24     28.41
   694683.504035 15.906664  0.000363 57.095221    -42.89    127.19      3.56
   694776.627039 15.907111  0.000367 57.440467    -71.13    -76.01    -15.76
   694869.750043 15.906655  0.000251 59.822996    -97.06    -38.52    -21.96
   694962.873048 15.908703  0.000519 60.904143   -120.58   -128.12     -5.79
   695055.996052 15.907833  0.000331 60.013449   -143.97     20.38     29.38
   695149.119057 15.907995  0.000305 57.538931   -169.69    141.33     -8.63
   695242.242061 15.910520  0.000565 57.051477    162.04    125.39     -8.71
   695335.365066 15.912167  0.000630 59.300352    135.39      3.43     -8.09
   695428.488070 15.910271  0.000507 60.807646    111.44    123.34      5.53
   695521.611074 15.912618  0.000625 60.417889     88.29    161.93     -2.82
   695614.734079 15.909995  0.000357 57.985748     63.21     69.21     18.86
   695707.857083 15.911787  0.000535 56.853649     35.16    -74.56     -6.83
   695800.980088 15.914111  0.000648 58.870778      7.96      3.29      1.72
   695894.103092 15.911348  0.000437 60.664544    -16.35     -9.01     -5.23
   695987.226097 15.911161  0.000336 60.650480    -39.46   -158.10     21.31
   696080.349101 15.914214  0.000604 58.380930    -64.07      9.33    -10.47
   696173.472105 15.912174  0.000403 56.789147    -91.89     40.12     -3.76
   696266.595110 15.914598  0.000555 58.543681   -119.45    -12.50    -16.83
   696359.718114 15.912988  0.000429 60.531254   -144.07    166.63     -7.53
   696452.841119 15.912589  0.000319 60.747973   -167.17   -112.86     -3.01
   696545.964123 15.914913  0.000507 58.689962    168.53   -152.77     19.88
   696639.087128 15.915205  0.000567 56.769281    140.96    108.09      3.82
   696732.210132 15.912560  0.000163 58.331720    113.11   -128.52     23.02
   696825.333136 15.914284  0.000381 60.446251     88.29    -78.16      9.06
   696918.456141 15.914458  0.000352 60.788806     65.17   -142.89      6.87
   697011.579145 15.915693  0.000431 58.850457     41.01     28.25     26.66
   697104.702150 15.915806  0.000450 56.791842     13.61    141.03      6.51
   697197.825154 15.917691  0.000557 58.196590    -14.37    154.06    -15.40
   697290.948158 15.918422  0.000613 60.468769    -39.25     25.36     -2.02
   697384.071163 15.917600  0.000537 60.738266    -62.36    156.83      7.92
   697477.194167 15.919362  0.000598 58.900341    -86.54   -170.15     14.47
   697570.317172 15.917136  0.000412 56.801168   -113.90    140.92      4.38
   697663.440176 15.920250  0.000631 58.184901   -141.96    -16.66      1.90
   697756.563181 15.917907  0.000395 60.540295   -166.79     60.28     18.28
   697849.686185 15.918713  0.000487 60.676467    170.17     75.08     -6.43
   697942.809189 15.919714  0.000494 58.794015    145.86    -19.30    -23.26
   698035.932194 15.919008  0.000434 56.831555    118.46     96.07     11.19
   698129.055198 15.921546  0.000626 58.240499     90.41    155.43      0.94
   698222.178203 15.918088  0.000209 60.717165     65.77     89.21      9.42
   698315.301207 15.921107  0.000578 60.549490     42.78    -64.62      2.40
   698408.424212 15.920971  0.000466 58.578132     18.17     10.83     25.47
   698501.547216 15.922305  0.000594 56.849222     -9.40     38.34     -2.66
   698594.670220 15.921934  0.000515 58.437286    -37.28    -54.31    -11.59
   698687.793225 15.919873  0.000223 60.919601    -61.61     64.96     20.69
   698780.916229 15.921963  0.000492 60.363607    -84.51    128.59      5.60
   698874.039234 15.920291  0.000189 58.222850   -109.58     95.31    -12.14
   698967.162238 15.921254  0.000301 56.946573   -137.38    -75.43      7.91
   699060.285243 15.922009  0.000351 58.757052   -164.97     34.54      5.94
   699153.408247 15.924205  0.000513 61.118208    171.11     19.89     21.76
   699246.531251 15.923648  0.000498 60.062775    148.17    -66.66      6.86
   699339.654256 15.923048  0.000339 57.797473    122.49    121.98    -21.90
   699432.777260 15.924509  0.000458 57.140821     94.47    178.00    -18.11
   699525.900265 15.925548  0.000584 59.188901     67.45    119.57     -2.08
   699619.023269 15.926301  0.000551 61.252524     43.97    -11.49    -19.71
   699712.146273 15.925959  0.000560 59.624467     20.84     71.58      6.21
   699805.269278 15.924431  0.000325 57.357906     -5.65    108.58    -19.33
   699898.392282 15.927602  0.000599 57.489790    -33.78     10.21    -10.39
   699991.515287 15.926251  0.000494 59.747067    -60.03    159.70      7.55
   700084.638291 15.926050  0.000386 61.208660    -83.08   -160.29     29.32
   700177.761296 15.927591  0.000543 59.037793   -106.67   -161.52     -9.13
   700270.884300 15.925939  0.000308 56.984711   -134.00     49.72      3.04
   700364.007304 15.929573  0.000608 58.092246   -161.99   -174.70    -11.00
   700457.130309 15.927395  0.000449 60.303164    172.78   -166.77     -1.60
   700550.253313 15.926741  0.000281 60.910942    149.91    137.90    -33.25
   700643.376318 15.927838  0.000387 58.307785    125.50    -97.91     14.95
   700736.499322 15.929651  0.000540 56.870404     97.36    -17.49     10.26
   700829.622327 15.929454  0.000463 58.892115     69.96    -10.50    -24.27
   700922.745331 15.929310  0.000472 60.758817     45.84   -162.67     -4.55
   701015.868335 15.931207  0.000565 60.248402     22.83    -29.39    -12.85
   701108.991340 15.930617  0.000484 57.613527     -2.72      1.74    -18.64
   701202.114344 15.930814  0.000513 57.100564    -31.32    -78.54    -10.33
   701295.237349 15.928400  0.000126 59.848859    -57.73     96.13     -1.68
   701388.360353 15.930746  0.000450 60.894116    -80.90    177.92     -5.06
   701481.483358 15.933352  0.000621 59.293472   -104.60    155.25     -4.51
   701574.606362 15.933686  0.000606 57.097652   -131.45     25.46      4.22
   701667.729366 15.932095  0.000473 57.805495   -159.87    161.85      7.82
   701760.852371 15.934021  0.000568 60.715142    175.09   -172.22     16.21
   701853.975375 15.931885  0.000375 60.574055    152.43    134.58     -0.52
   701947.098380 15.934850  0.000618 58.141413    127.44    -33.04     -1.04
   702040.221384 15.933665  0.000459 57.085963     99.48     35.63     23.05
   702133.344388 15.933604  0.000476 58.885242     72.04     56.87     -6.68
   702226.467393 15.933166  0.000344 61.204135     48.34    -32.10    -32.00
   702319.590397 15.934593  0.000492 59.687317     25.39     66.77     12.22
   702412.713402 15.935916  0.000581 57.175170     -1.25    130.94     -5.36
   702505.836406 15.933847  0.000302 57.746755    -29.54     42.32     29.49
   702598.959411 15.936106  0.000576 60.047429    -55.28    -87.67      1.98
   702692.082415 15.937265  0.000589 60.984021    -78.18     -1.90     14.42
   702785.205419 15.937489  0.000598 58.451645   -102.35     17.87     -7.79
   702878.328424 15.936448  0.000485 56.833621   -130.54    -76.84    -11.46
   702971.451428 15.935360  0.000284 58.994911   -158.02     38.55     31.92
   703064.574433 15.936916  0.000483 60.819726    178.08    118.87      5.47
   703157.697437 15.935695  0.000248 59.948099    154.98     81.89     -5.45
   703250.820442 15.935927  0.000236 57.355840    128.90    -71.31      1.06
   703343.943446 15.937352  0.000407 57.402413    100.19     51.22     -5.61
   703437.066450 15.937452  0.000346 60.406237     74.50     22.01     34.34
   703530.189455 15.937886  0.000403 60.706874     51.78    -36.93     -0.39
   703623.312459 15.940254  0.000571 58.413997     27.19    140.86    -10.39
   703716.435464 15.941444  0.000625 57.019360     -0.68   -160.50      0.33
   703809.558468 15.939502  0.000479 58.807038    -28.34    160.92      7.69
   703902.681473 15.940745  0.000504 61.201703    -52.03     10.27     21.27
   703995.804477 15.939659  0.000405 59.593458    -74.98    163.41    -11.14
   704088.927481 15.941398  0.000532 57.107459   -101.84    165.24     11.74
   704182.050486 15.938657  0.000151 57.923209   -130.16     98.73      2.67
   704275.173490 15.942001  0.000584 60.287216   -155.55    -79.10      1.19
   704368.296495 15.943942  0.000641 60.786076   -178.29     -6.65      5.46
   704461.419499 15.941495  0.000409 57.946221    156.92     -9.17    -14.66
   704554.542503 15.941287  0.000349 56.992075    128.29   -149.08      6.75
   704647.665508 15.944734  0.000629 59.645414    101.51      2.18     -6.85
   704740.788512 15.943043  0.000520 60.868912     78.31     34.69     -6.25
   704833.911517 15.944833  0.000588 59.152629     54.62    -27.93    -10.65
   704927.034521 15.943446  0.000443 56.966168     27.35    176.07    -19.46
   705020.157526 15.943449  0.000434 58.288230     -1.02    -95.89    -11.11
   705113.280530 15.943007  0.000313 61.065902    -25.25   -151.72     34.90
   705206.403534 15.944020  0.000439 59.908220    -48.00    125.43      5.66
   705299.526539 15.944240  0.000383 57.409372    -74.26    -57.27    -20.31
   705392.649543 15.945177  0.000439 57.591518   -102.69     -5.57    -19.94
   705485.772548 15.946213  0.000574 60.118056   -128.57    -73.43     -2.92
   705578.895552 15.945681  0.000421 60.925651   -151.23    156.93    -28.84
   705672.018557 15.947274  0.000592 58.003771   -175.83   -128.64      2.21
   705765.141561 15.944802  0.000263 57.037121    155.53   -115.46     -1.03
   705858.264565 15.946777  0.000451 59.561143    128.68    173.33    -23.59
   705951.387570 15.947569  0.000554 60.853787    105.40    -52.61      4.65
   706044.510574 15.949169  0.000594 59.122883     81.76      1.20     12.56
   706137.633579 15.947294  0.000412 56.853752     54.25     -8.31    -13.05
   706230.756583 15.947619  0.000416 58.568577     26.01   -169.85     14.25
   706323.879588 15.948594  0.000453 61.130862      2.16    -10.04    -26.17
   706417.002592 15.948171  0.000438 59.573053    -20.79    -19.47      1.46
   706510.125596 15.946837  0.000169 57.265622    -47.57    -78.23    -17.91
   706603.248601 15.949044  0.000432 57.854142    -75.98     69.93     16.34
   706696.371605 15.950514  0.000564 60.545751   -101.21    158.19      7.22
   706789.494610 15.950247  0.000460 60.551648   -123.71    166.37    -26.15
   706882.617614 15.950380  0.000483 57.412377   -149.29     25.68     -7.68
   706975.740618 15.952722  0.000619 57.446829   -178.16    160.30     -1.04
   707068.863623 15.952815  0.000618 60.181419    156.00   -160.58     -3.65
   707161.986627 15.952190  0.000588 60.622009    133.15    127.70      1.66
   707255.109632 15.952685  0.000522 58.293382    108.53    -13.35    -22.84
   707348.232636 15.952982  0.000586 56.898608     80.08     61.79      0.15
   707441.355641 15.950708  0.000267 59.658410     52.97     45.26     13.38
   707534.478645 15.951387  0.000314 61.079560     30.18    -28.28    -22.46
   707627.601649 15.953712  0.000576 58.477897      6.16    102.26     -0.74
   707720.724654 15.955355  0.000616 57.082495    -21.94    167.68    -10.12
   707813.847658 15.952860  0.000403 58.973152    -49.47    103.75      8.46
   707906.970663 15.955395  0.000616 61.012436    -73.09    -34.10     -2.97
   708000.093667 15.953001  0.000317 59.293646    -96.27     38.22     33.60
   708093.216672 15.955309  0.000571 56.738758   -123.95     88.31     -2.36
   708186.339676 15.957299  0.000638 58.778226   -152.15     -4.85      5.04
   708279.462680 15.955266  0.000484 60.929390   -175.92   -178.72    -12.55
   708372.585685 15.954549  0.000365 59.476003    160.92   -118.57     -4.35
   708465.708689 15.957623  0.000582 57.176216    134.00   -164.52     12.99
   708558.831694 15.956965  0.000577 58.060089    105.48     81.13      0.60
   708651.954698 15.956661  0.000468 60.989888     80.96   -173.08     23.52
   708745.077703 15.957679  0.000544 59.900771     58.40   -138.43     14.46
   708838.200707 15.957632  0.000522 57.024671     31.60    156.54     10.40
   708931.323711 15.959991  0.000652 58.130091      3.02      2.76     -3.84
   709024.446716 15.958389  0.000565 60.566801    -21.80     82.82      3.87
   709117.569720 15.956457  0.000250 60.175739    -44.55     76.25     -3.83
   709210.692725 15.957703  0.000355 57.350610    -70.55    -16.30    -23.01
   709303.815729 15.959625  0.000574 57.598215    -99.52    113.99     -1.07
   709396.938733 15.961236  0.000618 60.800874   -124.65    171.99    -11.74
   709490.061738 15.959073  0.000450 60.157419   -147.12     94.15     10.26
   709583.184742 15.961178  0.000588 57.400710   -173.24    -38.66     -8.20
   709676.307747 15.960089  0.000442 57.707477    158.11     41.81     21.85
   709769.430751 15.960604  0.000519 60.343053    132.56     77.24     -5.82
   709862.553756 15.962644  0.000611 60.537087    110.02    -13.78    -10.68
   709955.676760 15.960077  0.000350 57.399613     84.44    150.17     -7.64
   710048.799764 15.960474  0.000364 57.513029     55.34   -159.13     13.36
   710141.922769 15.964005  0.000649 60.616044     29.97   -174.20     -4.93
   710235.045773 15.962183  0.000529 60.222532      7.39     51.19     -6.18
   710328.168778 15.964791  0.000646 57.625805    -18.38    169.56      3.10
   710421.291782 15.964015  0.000590 57.484081    -47.10   -151.73     -5.18
   710514.414787 15.964081  0.000589 60.389098    -72.87    134.99     -3.90
   710607.537791 15.962984  0.000402 60.572319    -95.25    -17.30    -28.02
   710700.660795 15.964117  0.000537 57.296380   -120.95     47.97     -5.73
   710793.783800 15.963677  0.000417 57.675382   -150.01      9.33     24.64
   710886.906804 15.962784  0.000294 60.536572   -175.28    -90.54     11.35
   710980.029809 15.964202  0.000454 60.183185    162.03     74.30     -8.43
   711073.152813 15.963160  0.000253 57.572372    136.22    152.97    -39.11
   711166.275818 15.966135  0.000579 57.510798    107.33     65.85     -0.35
   711259.398822 15.964312  0.000313 60.671925     81.93    -64.77    -21.33
   711352.521826 15.967809  0.000628 60.281026     59.59     17.84      0.44
   711445.644831 15.965532  0.000414 57.107881     33.31     31.37     -3.37
   711538.767835 15.965597  0.000341 58.016436      4.43    -26.34    -33.18
   711631.890840 15.966304  0.000435 60.610934    -20.41     99.81      8.62
   711725.013844 15.968268  0.000570 59.983221    -43.18    164.80     10.36
   711818.136848 15.967293  0.000415 57.256503    -69.54    172.18    -27.03
   711911.259853 15.967174  0.000419 57.903061    -98.48     19.77     -0.75
   712004.382857 15.969630  0.000576 61.029457   -123.00    164.26    -16.22
   712097.505862 15.968724  0.000503 59.662235   -145.57   -172.93    -12.21
   712190.628866 15.969276  0.000514 56.937852   -172.81    118.34    -10.39
   712283.751871 15.967508  0.000274 58.556439    158.76    -27.15    -30.92
   712376.874875 15.969390  0.000506 60.784353    134.69     37.89     -6.04
   712469.997879 15.970576  0.000518 59.471912    111.61      0.99     20.22
   712563.120884 15.969094  0.000359 56.888271     84.20   -103.11     18.19
   712656.243888 15.969566  0.000388 58.736276     55.73     81.33     -9.87
   712749.366893 15.969369  0.000296 61.202232     32.38    153.64    -31.84
   712842.489897 15.971770  0.000575 58.728649      9.00     71.42      1.47
   712935.612902 15.970938  0.000400 56.979862    -19.32    -47.22    -22.49
   713028.735906 15.972944  0.000572 59.338937    -46.80     36.66      9.74
   713121.858910 15.971574  0.000456 60.817305    -69.94     65.45     -6.33
   713214.981915 15.974040  0.000590 58.554093    -93.93    -10.17    -17.12
   713308.104919 15.971770  0.000385 56.878834   -122.56    152.73     -0.80
   713401.227924 15.971582  0.000303 59.909273   -149.64   -149.54     20.05
   713494.350928 15.975209  0.000630 60.844809   -172.04   -159.67      3.29
   713587.473933 15.974026  0.000533 57.649340    162.94     86.27     -5.30
   713680.596937 15.973859  0.000420 57.509346    133.94   -164.23     27.25
   713773.719941 15.974537  0.000515 60.262002    108.14   -106.99      8.82
   713866.842946 15.974384  0.000458 60.323148     85.51   -176.61     15.14
   713959.965950 15.976338  0.000567 57.456244     59.73     22.86     15.55
   714053.088955 15.975319  0.000512 57.672884     30.59    135.56      7.81
   714146.211959 15.976847  0.000556 60.961735      5.75    161.55    -17.52
   714239.334963 15.977105  0.000599 59.688494    -16.72     39.71      2.62
   714332.457968 15.975425  0.000384 56.910202    -44.05   -164.67     12.19
   714425.580972 15.974318  0.000169 58.719553    -72.47    -98.31     12.17
   714518.703977 15.977325  0.000562 60.825646    -96.21   -120.06     -3.79
   714611.826981 15.975807  0.000298 59.063866   -119.57    124.54    -25.58
   714704.949986 15.978886  0.000591 56.889785   -147.59   -140.14      7.09
   714798.072990 15.977232  0.000428 59.301953   -175.48    -92.71    -10.78
   714891.195994 15.980650  0.000662 61.099396    161.80   -177.17     -2.45
   714984.318999 15.978126  0.000456 57.942887    137.48     14.39     -7.33
   715077.442003 15.977631  0.000326 57.266696    108.36    124.00    -23.71
   715170.565008 15.977907  0.000327 60.254378     82.25     72.19     18.00
   715263.688012 15.979592  0.000515 60.281284     59.69    -28.66      6.56
   715356.811017 15.979524  0.000423 57.532379     33.91    159.55    -29.98
   715449.934021 15.979955  0.000480 57.715390      4.89   -165.02     -9.36
   715543.057025 15.981809  0.000595 60.860463    -20.04    147.25     -8.63
   715636.180030 15.981967  0.000572 59.702492    -42.51      3.71    -14.76
   715729.303034 15.981788  0.000574 56.749172    -70.08    107.53     -0.90
   715822.426039 15.980835  0.000396 59.020325    -98.47    156.11    -30.24
   715915.549043 15.982698  0.000584 60.912558   -121.67     40.40     -0.36
   716008.672048 15.980923  0.000351 58.495750   -145.54   -153.87     10.55
   716101.795052 15.980357  0.000231 57.138203   -174.08    -32.82    -28.50
   716194.918056 15.983303  0.000582 59.723816    158.88    -80.34      0.92
   716288.041061 15.985175  0.000644 60.787185    136.35    166.46     -7.98
   716381.164065 15.981914  0.000312 57.477835    111.14    -65.43      5.23
   716474.287070 15.984561  0.000567 57.630228     81.73    -20.65      8.46
   716567.410074 15.981893  0.000211 60.904925     56.86    -44.22    -24.81
   716660.533078 15.983958  0.000476 59.526183     34.28    126.63      6.49
   716753.656083 15.982624  0.000223 57.031267      6.83   -137.79     19.78
   716846.779087 15.984917  0.000469 58.824565    -21.46   -124.99     17.21
   716939.902092 15.985780  0.000555 60.874877    -44.94    151.99      7.17
   717033.025096 15.986436  0.000528 58.634076    -68.61     -9.76    -23.47
   717126.148101 15.986337  0.000547 56.879387    -97.45     47.95     -6.49
   717219.271105 15.987099  0.000535 60.167235   -124.29     -1.43     16.92
   717312.394109 15.986491  0.000465 60.534363   -146.49   -134.12     18.92
   717405.517114 15.986023  0.000403 57.173955   -172.46     17.47      2.89
   717498.640118 15.985846  0.000310 58.145692    158.43     25.32     34.86
   717591.763123 15.987187  0.000475 60.767664    134.04      4.76     -8.86
   717684.886127 15.988107  0.000507 59.282269    111.03    176.27     15.73
   717778.009132 15.985902  0.000184 56.972170     83.21    -53.98    -12.19
   717871.132136 15.989145  0.000582 59.190678     55.14    -62.65      0.67
   717964.255140 15.990486  0.000593 61.042717     32.41   -176.75     13.99
   718057.378145 15.989173  0.000494 57.770279      7.91     11.29    -11.79
   718150.501149 15.987982  0.000307 57.406173    -21.53     78.64     -9.27
   718243.624154 15.991123  0.000574 60.735535    -46.89     21.82     13.32
   718336.747158 15.990625  0.000577 59.669918    -69.38    -99.19     -1.08
   718429.870163 15.990579  0.000472 57.087748    -96.64      5.66     25.32
   718522.993167 15.991414  0.000556 58.743343   -125.08     54.31     10.13
   718616.116171 15.991561  0.000543 60.916908   -148.53    -15.68     10.32
   718709.239176 15.993688  0.000652 58.465273   -172.28   -173.21     -1.03
   718802.362180 15.992041  0.000550 56.970027    158.63    -79.96      4.69
   718895.485185 15.990571  0.000307 60.432103    132.25    -50.98    -26.71
   718988.608189 15.993166  0.000547 60.212652    110.11   -171.72    -12.29
   719081.731193 15.993108  0.000536 56.938448     83.35    -31.03      8.18
   719174.854198 15.993514  0.000496 58.659580     54.50     17.16     24.38
   719267.977202 15.992792  0.000466 60.832802     30.90      8.76     -6.97
   719361.100207 15.992256  0.000316 58.627912      7.23   -160.82     24.90
   719454.223211 15.994707  0.000540 57.074749    -21.46      7.40    -14.67
   719547.346216 15.993441  0.000416 60.008851    -48.32     17.50      4.24
   719640.469220 15.993974  0.000390 60.502410    -70.57    -23.95    -29.27
   719733.592224 15.993809  0.000371 57.015132    -96.78    136.88      0.78
   719826.715229 15.993542  0.000273 58.393457   -126.05   -136.08     10.36
   719919.838233 15.996442  0.000547 61.103074   -149.60   -150.94     16.18
   720012.961238 15.996420  0.000573 58.420948   -173.14    115.37      3.27
   720106.084242 15.993719  0.000175 57.207534    157.95    -47.93    -32.63
   720199.207247 15.995686  0.000414 60.047137    131.36    -12.93     -8.05
   720292.330251 15.997261  0.000530 60.250976    108.88    -51.75    -11.73
   720385.453255 15.998033  0.000525 57.229691     82.63    177.32    -18.30
   720478.576260 15.997902  0.000558 58.287554     53.52    -75.35      2.43
   720571.699264 15.998105  0.000486 61.142444     29.90    -27.02    -22.25
   720664.822269 15.998932  0.000565 58.407635      6.46   -135.07     10.43
   720757.945273 15.997163  0.000357 57.046614    -22.85     80.21    -10.94
   720851.068278 15.999993  0.000565 60.498539    -49.03    177.86    -17.26
   720944.191282 15.998410  0.000451 59.889960    -71.36    145.49      4.46
   721037.314286 15.998113  0.000319 57.089351    -98.39     18.56     27.92
   721130.437291 16.001057  0.000608 58.777882   -126.98   -152.67     -1.34
   721223.560295 15.999750  0.000487 60.834280   -150.30    -88.62     -9.04
   721316.683300 16.000604  0.000475 58.246520   -174.36   -164.17     24.89
   721409.806304 16.001097  0.000556 57.189147    156.36     81.66      5.33
   721502.929308 16.000560  0.000437 60.712237    130.60   -171.72     23.34
   721596.052313 16.001902  0.000534 59.697974    108.36   -143.24     16.71
   721689.175317 16.001643  0.000500 56.722603     80.45    154.76      9.69
   721782.298322 16.004202  0.000649 59.517954     52.35     -0.42     -2.50
   721875.421326 16.002381  0.000529 60.646560     29.80     77.88      7.58
   721968.544331 16.001045  0.000309 57.557391      4.53     94.27    -14.81
   722061.667335 16.003277  0.000493 57.934835    -24.69     -0.64    -20.33
   722154.790339 16.003425  0.000549 60.728107    -49.32    130.93      5.25
   722247.913344 16.005346  0.000608 59.121649    -72.28   -179.65     12.93
   722341.036348 16.002893  0.000386 56.836257   -100.84    168.57    -10.21
   722434.159353 16.003680  0.000427 60.037270   -128.12      6.66     18.13
   722527.282357 16.004398  0.000457 60.436442   -150.20    171.16    -24.46
   722620.405362 16.004027  0.000420 56.874075   -176.79    175.15      1.13
   722713.528366 16.003753  0.000314 58.798643    154.15    141.26    -30.53
   722806.651370 16.003935  0.000325 60.927689    131.06    -60.00      0.11
   722899.774375 16.004510  0.000357 57.958995    106.77     26.98      6.84
   722992.897379 16.007510  0.000575 57.566159     77.50     18.26     16.22
   723086.020384 16.006555  0.000547 60.516689     52.05    -71.65      5.09
   723179.143388 16.004664  0.000234 59.524762     29.43    113.47    -21.84
   723272.266393 16.006497  0.000413 56.850373      1.45    174.15    -16.83
   723365.389397 16.008116  0.000582 59.598579    -26.47    129.09     -3.06
   723458.512401 16.009705  0.000624 60.706621    -48.71     -2.38     -7.64
   723551.635406 16.007424  0.000448 57.036175    -74.64    112.04      8.38
   723644.758410 16.010164  0.000627 58.484311   -104.07    159.33     -1.80
   723737.881415 16.007048  0.000304 61.034012   -127.40     67.51     21.72
   723831.004419 16.009556  0.000577 58.032047   -151.40    -71.71     -3.39
   723924.127423 16.010640  0.000565 57.512443    179.26     10.46     17.83
   724017.250428 16.009881  0.000543 60.520179    153.76     35.25     -5.52
   724110.373432 16.009774  0.000467 59.441272    131.13    -51.89    -17.21
   724203.496437 16.008043  0.000209 56.952177    103.13     85.85     13.68
   724296.619441 16.010003  0.000467 59.589443     75.31    164.28      6.82
   724389.742446 16.011513  0.000525 60.621709     53.02    160.93    -22.29
   724482.865450 16.011639  0.000539 57.011513     26.91     23.28    -10.82
   724575.988454 16.012988  0.000618 58.598272     -2.48    152.07      1.12
   724669.111459 16.013835  0.000637 61.080034    -25.52   -169.17     -2.48
   724762.234463 16.012285  0.000535 57.738375    -49.84    121.84      6.21
   724855.357468 16.014201  0.000601 57.719619    -79.42    -14.46     -9.52
   724948.480472 16.012525  0.000471 60.776490   -104.21     68.71     11.90
   725041.603477 16.012596  0.000448 58.914748   -127.17     97.87    -11.31
   725134.726481 16.015680  0.000650 57.111255   -155.82      4.78     -4.23
   725227.849485 16.012863  0.000438 60.004510    177.23    176.19     -0.63
   725320.972490 16.011661  0.000196 60.146414    154.92   -130.44     18.57
   725414.095494 16.015465  0.000590 56.873291    127.84   -139.13      7.01
   725507.218499 16.015138  0.000546 59.149410     99.10    120.69     -7.66
   725600.341503 16.013019  0.000242 60.901955     76.66   -138.77     31.71
   725693.464508 16.014878  0.000463 57.187480     51.25    -68.87      7.89
   725786.587512 16.013434  0.000207 58.323097     21.64   -107.78      0.62
   725879.710516 16.013993  0.000261 61.025853     -1.84     92.07      9.54
   725972.833521 16.015139  0.000392 57.993979    -25.81   -143.55     -1.98
   726065.956525 16.015576  0.000358 57.602258    -55.27   -159.42     35.00
   726159.079530 16.015933  0.000418 60.620989    -80.47    156.06     -1.41
   726252.202534 16.018794  0.000615 59.112850   -103.30    -24.96     -0.73
   726345.325538 16.017470  0.000457 57.010578   -131.87     42.72     19.51
   726438.448543 16.017248  0.000454 60.051139   -158.92     57.46     -5.47
   726531.571547 16.017097  0.000361 60.111186    178.91    -29.50    -31.77
   726624.694552 16.018053  0.000458 56.762937    151.54     80.60     13.09
   726717.817556 16.020259  0.000624 59.438461    122.99    153.62     -0.05
   726810.940561 16.016658  0.000180 60.708964    100.79    122.54    -14.32
   726904.063565 16.019145  0.000486 56.970018     74.69    -37.15      7.85
   726997.186569 16.017426  0.000199 58.770362     45.38    128.48    -29.02
   727090.309574 16.018729  0.000353 60.848561     22.39    121.29      2.30
   727183.432578 16.018893  0.000328 57.643533     -2.33     55.35     -2.05
   727276.555583 16.019266  0.000315 57.992646    -31.82   -142.06     32.48
   727369.678587 16.020206  0.000446 60.761657    -56.13    -16.69      1.77
   727462.801592 16.023447  0.000651 58.533036    -79.59    -15.39     -2.80
   727555.924596 16.022011  0.000525 57.235248   -108.85   -124.96     12.27
   727649.047600 16.020591  0.000348 60.624771   -134.63     53.47     -0.73
   727742.170605 16.020336  0.000254 59.319658   -157.07    151.74    -35.13
   727835.293609 16.022970  0.000550 56.763368    174.14     87.57      3.29
   727928.416614 16.024282  0.000596 60.366869    147.16    -23.67     -9.97
   728021.539618 16.021423  0.000270 59.852935    125.16     83.75     14.76
   728114.662623 16.024162  0.000570 56.700570     97.16    136.15      5.12
   728207.785627 16.021077  0.000123 59.889346     69.22     69.60     16.78
   728300.908631 16.023789  0.000482 60.185445     47.05    -80.53      8.69
   728394.031636 16.023291  0.000352 57.020694     20.15     15.06     23.71
   728487.154640 16.025441  0.000540 59.132181     -8.53     39.03     14.59
   728580.277645 16.025322  0.000539 60.547618    -31.25    -39.44      5.18
   728673.400649 16.026276  0.000531 57.419793    -56.82    163.86    -20.18
   728766.523653 16.026561  0.000587 58.371119    -86.17   -130.81     -0.36
   728859.646658 16.025187  0.000393 60.911429   -109.53   -165.83     16.90
   728952.769662 16.023881  0.000165 57.770208   -133.94     79.01     17.70
   729045.892667 16.026758  0.000531 57.797325   -163.79   -100.48     -7.13
   729139.015671 16.026323  0.000397 61.143212    172.26    -25.28    -30.36
   729232.138676 16.027361  0.000507 58.017272    148.66   -112.88     11.64
   729325.261680 16.028341  0.000548 57.524443    118.76    133.48     -9.20
   729418.384684 16.026919  0.000358 61.029633     94.16   -141.29     27.44
   729511.507689 16.028718  0.000563 58.380974     71.04    -91.32      1.51
   729604.630693 16.029191  0.000516 57.368612     41.50   -176.89     21.61
   729697.753698 16.030109  0.000609 60.672717     16.05     35.81      1.51
   729790.876702 16.030221  0.000600 58.910105     -6.76    132.71     -1.53
   729883.999707 16.028554  0.000362 57.171782    -35.68    166.64    -32.29
   729977.122711 16.029685  0.000515 60.294828    -62.14     44.72     -6.25
   730070.245715 16.030546  0.000507 59.513076    -84.54   -177.25     18.81
   730163.368720 16.029133  0.000337 56.888842   -112.91   -103.96     17.98
   730256.491724 16.030046  0.000434 60.092686   -140.22   -101.39     -9.10
   730349.614729 16.029759  0.000321 59.940284   -162.29    157.50    -35.62
   730442.737733 16.031836  0.000560 56.674417    169.70   -100.66      5.02
   730535.860738 16.032426  0.000536 60.019238    141.81    -32.93    -16.45
   730628.983742 16.031348  0.000411 60.093234    119.88   -130.29     23.03
   730722.106746 16.032900  0.000562 56.697490     92.17    109.67     -3.98
   730815.229751 16.032812  0.000464 59.846004     64.02   -163.54     25.56
   730908.352755 16.033652  0.000572 60.134350     41.93   -126.33      1.36
   731001.475760 16.034815  0.000614 56.902192     14.70    155.42      2.43
   731094.598764 16.034346  0.000531 59.507298    -13.71      2.24    -17.58
   731187.721769 16.033948  0.000534 60.251270    -36.11     74.78     -5.82
   731280.844773 16.032215  0.000255 57.135174    -62.74     21.84     39.37
   731373.967777 16.033299  0.000375 59.076750    -91.56    -39.88     -0.89
   731467.090782 16.035091  0.000511 60.546131   -114.14    128.74    -14.17
   731560.213786 16.036902  0.000609 57.159321   -140.19   -173.84     -9.73
   731653.336791 16.035262  0.000492 58.833525   -169.45    139.86      6.28
   731746.459795 16.037282  0.000595 60.807005    167.99     -0.94     12.79
   731839.582799 16.034885  0.000339 57.067129    142.23    157.64    -13.39
   731932.705804 16.036463  0.000500 58.811088    112.69    172.07     13.34
   732025.828808 16.034898  0.000277 60.891269     90.19    157.56    -36.07
   732118.951813 16.036495  0.000453 56.984978     64.44    -41.89      7.18
   732212.074817 16.034885  0.000163 58.908552     34.92     69.76      7.39
   732305.197822 16.036973  0.000417 60.742792     12.35     68.18     16.10
   732398.320826 16.037824  0.000469 57.104186    -13.38    -11.08     10.61
   732491.443830 16.040547  0.000646 58.869450    -42.75   -176.59     -1.51
   732584.566835 16.039050  0.000567 60.609098    -65.54   -102.79      3.62
   732677.689839 16.036645  0.000194 57.312379    -91.16   -117.82      4.89
   732770.812844 16.037901  0.000329 58.691757   -120.49    160.91    -20.46
   732863.935848 16.040153  0.000577 60.638818   -143.50    -64.86     -3.72
   732957.058853 16.042061  0.000627 57.414193   -168.89     -3.70     -8.09
   733050.181857 16.039388  0.000430 58.525683    161.62    -52.94      6.48
   733143.304861 16.041765  0.000585 60.814979    138.68    167.77      8.05
   733236.427866 16.038971  0.000256 57.294506    113.36    -35.52    -20.71
   733329.550870 16.040944  0.000492 58.574298     83.70    -26.77      8.04
   733422.673875 16.038815  0.000142 60.928780     61.00    -61.66    -23.88
   733515.796879 16.040773  0.000399 57.049434     35.44    104.19     10.28
   733608.919884 16.040649  0.000311 58.855595      5.78   -156.33     20.10
   733702.042888 16.043026  0.000520 60.805564    -16.65   -150.20     18.15
   733795.165892 16.042770  0.000518 56.922015    -42.65    133.39      7.38
   733888.288897 16.043728  0.000514 59.128940    -71.98    -18.59    -20.29
   733981.411901 16.044342  0.000589 60.549004    -94.34     37.07      0.13
   734074.534906 16.042841  0.000402 56.968493   -120.72      7.79     14.76
   734167.657910 16.041447  0.000164 59.273404   -149.71   -100.02     14.03
   734260.780914 16.044540  0.000557 60.318716   -172.14     66.90     -4.24
   734353.903919 16.044033  0.000408 57.089992    161.23    150.51    -30.47
   734447.026923 16.044646  0.000466 59.269506    132.47     70.58     12.71
   734540.149928 16.045995  0.000577 60.278414    110.06    -50.30     -5.32
   734633.272932 16.043659  0.000261 57.038738     83.22     39.87     33.78
   734726.395937 16.045952  0.000537 59.390614     54.60    103.94      5.48
   734819.518941 16.045047  0.000350 60.269663     32.39     17.16     25.18
   734912.641945 16.046689  0.000497 56.842777      5.12   -133.28     17.57
   735005.764950 16.046869  0.000520 59.719713    -23.27    -17.12      9.67
   735098.887954 16.049515  0.000663 60.113400    -45.23      0.72     -3.68
   735192.010959 16.047736  0.000545 56.652887    -73.22    -92.76      5.41
   735285.133963 16.045953  0.000270 60.200949   -100.99    115.86    -23.28
   735378.256968 16.048752  0.000540 59.677480   -122.88   -175.95    -14.72
   735471.379972 16.048411  0.000502 56.721653   -151.61    150.37      8.40
   735564.502976 16.047996  0.000398 60.568551   -178.54     17.71     32.18
   735657.625981 16.049355  0.000544 59.127826    159.32   -151.85     -8.29
   735750.748985 16.047475  0.000276 57.029590    130.00    -78.99    -18.25
   735843.871990 16.050607  0.000568 60.705989    103.97   -149.69     14.95
   735936.994994 16.050297  0.000558 58.658776     81.29     93.28     -4.14
   736030.117999 16.049872  0.000411 57.387061     51.74   -164.87     29.53
   736123.241003 16.050698  0.000518 60.704380     26.46   -108.48      7.95
   736216.364007 16.050471  0.000448 58.349954      3.24   -178.54     15.54
   736309.487012 16.051994  0.000528 57.650774    -26.45     27.76     17.54
   736402.610016 16.051047  0.000484 60.735790    -51.06    146.94      5.90
   736495.733021 16.054097  0.000645 58.068258    -74.85    167.72     -3.97
   736588.856025 16.051927  0.000480 57.868395   -104.70     72.11     13.27
   736681.979029 16.051479  0.000398 60.868049   -128.56    -81.51    -12.97
   736775.102034 16.054438  0.000594 57.626973   -153.02      1.60    -11.74
   736868.225038 16.052285  0.000436 58.290319    177.06    -19.28      4.61
   736961.348043 16.051564  0.000263 60.895319    154.10   -147.93     25.39
   737054.471047 16.055040  0.000604 57.101570    128.60     32.97      3.31
   737147.594052 16.054257  0.000531 58.961212     98.98    115.29    -10.16
   737240.717056 16.052399  0.000264 60.640083     76.78     31.72     37.60
   737333.840060 16.054277  0.000479 56.695292     49.90    -65.25      8.83
   737426.963065 16.052586  0.000192 59.781820     21.17     98.90    -14.14
   737520.086069 16.053474  0.000273 59.999398     -0.69    128.82     -6.83
   737613.209074 16.054914  0.000437 56.692261    -28.92     82.81    -10.99
   737706.332078 16.053485  0.000178 60.404330    -56.33    -47.66    -27.68
   737799.455083 16.056670  0.000558 59.210441    -78.40     40.97     -4.81
   737892.578087 16.054391  0.000227 57.040356   -107.67     49.61     11.26
   737985.701091 16.057370  0.000534 60.725720   -133.65      2.14    -16.54
   738078.824096 16.056641  0.000468 58.475989   -156.48    164.31      7.95
   738171.947100 16.054601  0.000112 57.574216    173.75    -87.48     -1.60
   738265.070105 16.057809  0.000528 60.764053    149.04    -99.16      7.59
   738358.193109 16.059257  0.000579 57.927415    125.22    162.44      7.77
   738451.316114 16.058915  0.000518 58.105859     95.37      0.16    -17.51
   738544.439118 16.058364  0.000498 60.700882     71.78     59.92     -6.51
   738637.562122 16.059435  0.000491 57.463814     46.74      6.57     23.69
   738730.685127 16.058795  0.000451 58.689885     17.15    -95.72     12.39
   738823.808131 16.057905  0.000304 60.529217     -5.54     60.99     -0.17
   738916.931136 16.057520  0.000176 57.026761    -31.98    133.14    -20.12
   739010.054140 16.060418  0.000544 59.439800    -60.85     78.77     -5.37
   739103.177144 16.059242  0.000324 60.084539    -82.90    -40.03    -29.18
   739196.300149 16.061582  0.000550 56.766559   -110.94     51.53      7.68
   739289.423153 16.060717  0.000447 60.282579   -138.41    104.97    -12.30
   739382.546158 16.063296  0.000615 59.266547   -160.51     11.80     12.29
   739475.669162 16.061935  0.000532 56.949192    169.97   -123.54     -7.30
   739568.792167 16.064019  0.000626 60.959512    144.38    -17.33     -7.91
   739661.915171 16.062130  0.000445 58.159689    121.37     -0.57    -17.73
   739755.038175 16.062039  0.000423 57.734038     91.07    -83.77    -13.55
   739848.161180 16.060753  0.000202 61.083275     67.44     50.74     29.49
   739941.284184 16.062460  0.000405 57.194484     42.68    165.97     -1.70
   740034.407189 16.065492  0.000630 58.852805     12.73    161.53     -2.06
   740127.530193 16.064741  0.000547 60.583974     -9.56     36.94     13.21
   740220.653198 16.063098  0.000370 56.726769    -36.49   -148.45      0.38
   740313.776202 16.061832  0.000132 59.943163    -65.03    -51.09    -29.02
   740406.899206 16.065527  0.000579 59.595616    -86.98   -116.00      1.51
   740500.022211 16.065639  0.000507 56.933131   -115.79    142.66    -18.31
   740593.145215 16.064196  0.000334 60.607178   -142.30   -116.28     21.03
   740686.268220 16.066343  0.000567 58.534867   -164.95    -56.73      3.42
   740779.391224 16.063513  0.000137 57.595082    165.19   -114.56     15.97
   740872.514229 16.065535  0.000409 60.795248    140.70    106.91      8.03
   740965.637233 16.064897  0.000272 57.658943    116.48   -133.75      7.69
   741058.760237 16.065386  0.000287 58.490658     86.61   -125.24     28.75
   741151.883242 16.066539  0.000433 60.514825     63.64   -170.59      1.76
   741245.006246 16.068566  0.000532 57.119420     37.43      6.85     20.42
   741338.129251 16.066791  0.000369 59.441498      8.56    128.87      2.42
   741431.252255 16.069332  0.000588 59.852693    -13.62    138.49     -4.84
   741524.375259 16.069167  0.000499 56.973576    -41.86     26.85     20.27
   741617.498264 16.068726  0.000505 60.311434    -68.87   -128.67     -6.34
   741710.621268 16.069037  0.000444 58.871685    -91.40    -29.50    -27.51
   741803.744273 16.068072  0.000332 57.360315   -121.15    -75.44      9.22
   741896.867277 16.069954  0.000509 60.854110   -145.89    173.02     12.01
   741989.990282 16.071414  0.000553 57.730203   -169.91     -2.78    -17.36
   742083.113286 16.070484  0.000509 58.363863    160.00     53.47     -6.17
   742176.236290 16.071972  0.000571 60.708817    137.30     -2.02     13.78
   742269.359295 16.071337  0.000495 56.865218    110.84   -129.39     14.48
   742362.482299 16.070420  0.000389 59.709731     82.02     19.64      7.66
   742455.605304 16.069925  0.000274 59.774207     60.14     28.07     38.20
   742548.728308 16.071707  0.000473 56.773805     31.14     27.96     -9.10
   742641.851313 16.070582  0.000267 60.831393      4.88   -153.73     27.72
   742734.974317 16.073204  0.000525 58.282608    -17.89      5.63    -15.82
   742828.097321 16.072090  0.000396 57.727748    -48.27     13.26      7.23
   742921.220326 16.072506  0.000376 61.045930    -71.75    -20.95    -30.89
   743014.343330 16.072531  0.000380 57.002708    -96.98    142.50      0.71
   743107.466335 16.071857  0.000227 59.273382   -126.68   -109.00     -1.68
   743200.589339 16.073332  0.000382 60.193303   -148.58   -133.91     25.05
   743293.712344 16.074244  0.000476 56.642771   -176.83    157.12      9.33
   743386.835348 16.077005  0.000632 60.630925    155.99     -5.76     -8.69
   743479.958352 16.075804  0.000566 58.612252    133.67     60.41      4.08
   743573.081357 16.073620  0.000259 57.497715    103.49     50.33      8.17
   743666.204361 16.074351  0.000318 61.021457     79.36    -23.72    -25.99
   743759.327366 16.076590  0.000567 57.209744     54.74    106.48      2.35
   743852.450370 16.078696  0.000651 59.028746     24.81    175.58      3.15
   743945.573374 16.075515  0.000373 60.266773      2.65    154.54     -9.52
   744038.696379 16.076244  0.000403 56.760956    -25.12      6.49     17.50
   744131.819383 16.078625  0.000573 60.390679    -52.69   -177.50    -15.06
   744224.942388 16.077050  0.000459 58.770968    -74.98   -142.72     -6.13
   744318.065392 16.080147  0.000640 57.486175   -104.88    170.96     -1.97
   744411.188397 16.079286  0.000585 60.852846   -129.38     28.63     -2.81
   744504.311401 16.079551  0.000576 57.390005   -153.84    145.16      3.94
   744597.434405 16.081116  0.000639 58.923988    176.30   -173.25     -3.38
   744690.557410 16.079139  0.000521 60.189327    153.92    108.73      6.48
   744783.680414 16.080694  0.000560 56.912185    126.32    -25.10    -16.04
   744876.803419 16.080054  0.000513 60.234660     98.72     54.67     12.79
   744969.926423 16.079427  0.000433 58.796585     76.30     87.33    -10.45
   745063.049428 16.082641  0.000640 57.551676     46.50      3.85     -4.25
   745156.172432 16.080115  0.000452 60.734861     22.03   -173.18     -4.52
   745249.295436 16.079340  0.000276 57.440034     -2.62    -67.15    -21.56
   745342.418441 16.079946  0.000321 58.970369    -32.32   -109.10     20.07
   745435.541445 16.081475  0.000495 60.067422    -54.68    160.42      8.61
   745528.664450 16.083738  0.000603 56.977244    -82.55     -6.04    -15.42
   745621.787454 16.082859  0.000581 60.287327   -109.80     55.23     -2.05
   745714.910459 16.082047  0.000411 58.637308   -132.45      6.12     22.82
   745808.033463 16.081067  0.000266 57.703208   -162.40    -99.06     17.06
   745901.156467 16.082871  0.000479 60.703546    173.63     73.53     -6.56
   745994.279472 16.082621  0.000359 57.275688    148.35    154.85    -32.01
   746087.402476 16.083844  0.000509 59.260123    118.99     79.88      9.17
   746180.525481 16.085277  0.000585 59.811037     96.83    -38.80     -7.48
   746273.648485 16.082272  0.000224 57.002253     68.21     65.72     24.95
   746366.771489 16.085123  0.000564 60.556760     41.85    127.38      4.39
   746459.894494 16.082459  0.000158 58.185629     18.68     47.53     27.36
   746553.017498 16.084490  0.000405 58.101319    -11.51    -77.41      9.08
   746646.140503 16.084263  0.000326 60.609919    -34.56     38.97      8.08
   746739.263507 16.084610  0.000315 56.966956    -61.06     41.64     29.81
   746832.386512 16.085477  0.000434 59.854309    -89.56      4.29      0.45
   746925.509516 16.087796  0.000558 59.242480   -111.70    179.74     17.03
   747018.632520 16.085292  0.000314 57.239142   -141.37    -61.01      3.87
   747111.755525 16.088199  0.000589 60.837950   -166.19    -44.67     -4.97
   747204.878529 16.088261  0.000524 57.467158    169.38   -158.54     21.10
   747298.001534 16.087754  0.000504 58.910859    139.47     53.85     -6.20
   747391.124538 16.088561  0.000494 60.140525    117.34    149.74    -19.69
   747484.247543 16.086729  0.000275 56.825846     89.04    127.61     -2.71
   747577.370547 16.087854  0.000402 60.574701     62.29     16.71      8.27
   747670.493551 16.091526  0.000658 58.261829     39.37   -176.17      2.29
   747763.616556 16.089970  0.000575 58.003172      9.02    -99.45      1.58
   747856.739560 16.087758  0.000247 60.722731    -13.97   -150.27     26.51
   747949.862565 16.088064  0.000246 56.823742    -40.60    121.50     -1.62
   748042.985569 16.090254  0.000497 60.030937    -69.04    -78.15     -9.16
   748136.108574 16.091154  0.000493 59.076994    -91.10    -13.21    -22.96
   748229.231578 16.090630  0.000481 57.323524   -121.12    -78.56      8.86
   748322.354582 16.092889  0.000615 60.926238   -145.37    158.05     -1.13
   748415.477587 16.089253  0.000199 57.163021   -170.40    -68.93     -1.24
   748508.600591 16.092050  0.000535 59.344301    159.97    -32.90      7.99
   748601.723596 16.089459  0.000136 59.793783    138.08    -54.16    -28.48
   748694.846600 16.091401  0.000389 56.889813    108.86    128.68      5.47
   748787.969604 16.090883  0.000252 60.896109     83.25    -99.34     -6.93
   748881.092609 16.090935  0.000209 57.625066     59.48    -97.78     14.45
   748974.215613 16.092587  0.000421 58.697170     29.23   -143.00     -2.89
   749067.338618 16.092713  0.000358 60.307317      7.07     16.68     31.69
   749160.461622 16.092964  0.000380 56.721449    -21.12    165.76    -10.20
   749253.584627 16.095519  0.000593 60.661489    -48.00    160.75      7.61
   749346.707631 16.092580  0.000243 58.137304    -70.89     48.05     34.08
   749439.830635 16.095414  0.000564 58.147595   -101.39    -85.26     -3.06
   749532.953640 16.097414  0.000634 60.650923   -124.04     -5.52      4.04
   749626.076644 16.095543  0.000473 56.701683   -151.27      9.29    -12.71
   749719.199649 16.094875  0.000388 60.362643   -179.10    -84.14    -13.29
   749812.322653 16.094679  0.000309 58.598659    158.55     32.65     35.33
   749905.445658 16.095859  0.000452 57.733159    128.13    142.62      6.92
   749998.568662 16.097107  0.000497 60.832781    104.86    153.32    -23.79
   750091.691666 16.098354  0.000592 56.785564     78.46     25.97     -7.04
   750184.814671 16.097690  0.000520 60.078722     49.88    166.49     11.76
   750277.937675 16.097062  0.000390 58.953052     27.83   -154.70     30.57
   750371.060680 16.097759  0.000476 57.455524     -2.42   -143.30     -6.91
   750464.183684 16.096179  0.000214 60.906571    -26.19     96.53    -13.46
   750557.306689 16.099826  0.000580 56.920850    -51.96   -144.61      9.09
   750650.429693 16.099084  0.000524 59.811307    -80.99    -73.63     -9.27
   750743.552697 16.098921  0.000425 59.214887   -102.95   -163.38     30.98
   750836.675702 16.099895  0.000549 57.282601   -133.00     88.37      5.74
   750929.798706 16.098804  0.000368 60.937072   -157.18   -164.43     25.38
   751022.921711 16.099520  0.000410 57.013079    177.43   -126.92     21.92
   751116.044715 16.099592  0.000407 59.659762    148.14   -164.26      5.32
   751209.167719 16.100451  0.000427 59.343457    126.23     15.70     29.15
   751302.290724 16.100178  0.000397 57.227246     96.35    170.71     -6.33
   751395.413728 16.102227  0.000560 60.894201     71.94    172.04     12.90
   751488.536733 16.099318  0.000185 57.100086     46.72    121.93     -9.68
   751581.659737 16.102574  0.000574 59.577653     17.33    -51.06      2.95
   751674.782742 16.101415  0.000378 59.378160     -4.61     15.53     33.84
   751767.905746 16.103403  0.000579 57.225355    -34.46     60.03      2.45
   751861.028750 16.104321  0.000602 60.864261    -58.89    -24.49      1.31
   751954.151755 16.103808  0.000507 57.108443    -84.14    177.96    -19.91
   752047.274759 16.103665  0.000534 59.603564   -113.43   -102.69     -5.97
   752140.397764 16.101688  0.000219 59.284564   -135.44   -150.07     33.06
   752233.520768 16.102932  0.000352 57.332484   -165.33    160.28    -10.22
   752326.643773 16.105683  0.000603 60.800968    170.39    -37.98     -3.64
   752419.766777 16.106321  0.000582 57.069964    144.85     20.72     13.35
   752512.889781 16.104319  0.000436 59.731556    115.79     23.79     -2.47
   752606.012786 16.103014  0.000173 59.090237     93.70    -74.43    -18.13
   752699.135790 16.106079  0.000524 57.511631     63.67     57.92     11.08
   752792.258795 16.106899  0.000590 60.696409     39.77    134.35     -3.01
   752885.381799 16.103600  0.000134 57.017846     13.72    121.42    -19.18
   752978.504804 16.105779  0.000434 59.933866    -14.88    -18.85      2.25
   753071.627808 16.107070  0.000472 58.784081    -37.21    147.81    -23.22
   753164.750812 16.107765  0.000526 57.787097    -67.41   -166.28    -12.71
   753257.873817 16.108446  0.000591 60.556655    -90.83    137.85     -0.25
   753350.996821 16.110169  0.000633 56.944016   -117.58      4.85     -0.63
   753444.119826 16.107495  0.000446 60.204387   -145.50    135.03      4.46
   753537.242830 16.110012  0.000593 58.359144   -168.19    168.11      8.04
   753630.365834 16.106934  0.000260 58.216231    161.52    141.87    -14.10
   753723.488839 16.109275  0.000533 60.285311    138.66    -29.00      7.83
   753816.611843 16.106592  0.000134 56.953675    110.97    138.80    -36.93
   753909.734848 16.108971  0.000447 60.468928     83.98    125.64      5.63
   754002.857852 16.107849  0.000224 57.890681     60.65     56.00      8.10
   754095.980857 16.108820  0.000306 58.732007     30.45   -107.18     18.22
   754189.103861 16.109732  0.000418 59.895592      8.13     14.90      2.08
   754282.226865 16.111314  0.000477 57.068557    -20.60     12.47     24.41
   754375.349870 16.110104  0.000385 60.698198    -46.36    -38.92     -0.64
   754468.472874 16.113190  0.000617 57.360888    -70.70    150.70     -0.49
   754561.595879 16.110966  0.000380 59.381017   -100.46   -132.83     25.25
   754654.718883 16.112197  0.000529 59.320775   -122.52    -99.70     -6.40
   754747.841888 16.114803  0.000646 57.394543   -152.24    175.32     -4.38
   754840.964892 16.112238  0.000446 60.748447   -176.64     -1.59     -9.48
   754934.087896 16.111571  0.000313 56.933174    157.68     88.85    -12.54
   755027.210901 16.112049  0.000325 60.070061    128.84     44.20     29.47
   755120.333905 16.113188  0.000463 58.587919    106.66    -34.90      6.29
   755213.456910 16.115292  0.000572 57.961309     76.20    163.59    -17.85
   755306.579914 16.115412  0.000606 60.551706     53.15   -142.78      1.20
   755399.702919 16.113770  0.000385 56.715463     25.78   -173.57     17.77
   755492.825923 16.112440  0.000168 60.663762     -1.59     84.22     12.20
   755585.948927 16.115581  0.000549 57.773178    -24.57   -105.30     -3.13
   755679.071932 16.116591  0.000544 58.757960    -55.13    -20.90    -16.36
   755772.194936 16.114229  0.000300 60.036396    -77.17    -76.28      7.23
   755865.317941 16.116319  0.000500 56.822542   -106.23    163.44     12.00
   755958.440945 16.116406  0.000464 61.025887   -131.74     -9.64    -27.85
   756051.563949 16.116172  0.000452 57.028681   -156.23     24.00     -7.84
   756144.686954 16.119206  0.000639 59.693158    173.93    -14.21     -2.22
   756237.809958 16.118775  0.000613 59.160389    152.18   -151.95      0.44
   756330.932963 16.117883  0.000516 57.411122    121.80    -18.99     10.62
   756424.055967 16.118941  0.000543 60.920102     98.23     14.34     19.40
   756517.178972 16.117368  0.000402 56.616806     71.66     -8.70     -4.33
   756610.301976 16.118266  0.000442 60.494998     43.52   -173.50     23.37
   756703.424980 16.118535  0.000426 58.139915     21.00     -3.26    -23.66
   756796.547985 16.118355  0.000418 58.384258     -9.75      5.03      9.06
   756889.670989 16.119015  0.000418 60.276528    -31.93    -14.84    -32.89
   756982.793994 16.118838  0.000395 56.750687    -60.73    169.34     -3.75
   757075.916998 16.119125  0.000370 60.910984    -86.48    -54.98    -21.51
   757169.040003 16.118636  0.000257 57.214646   -110.92    -33.40    -19.94
   757262.163007 16.120287  0.000471 59.538872   -140.64   -107.58     -8.15
   757355.286011 16.118319  0.000129 59.130880   -162.60     59.17     21.04
   757448.409016 16.121429  0.000508 57.581961    167.13   -156.44    -10.46
   757541.532020 16.121042  0.000429 60.620786    143.68   -172.91     19.40
   757634.655025 16.120214  0.000282 56.842429    116.56    159.81    -28.98
   757727.778029 16.122413  0.000541 60.450094     89.17    -41.85      5.78
   757820.901034 16.120719  0.000272 57.843311     65.85     24.15     35.55
   757914.024038 16.123343  0.000551 58.904726     35.64     64.02      6.80
   758007.147042 16.124219  0.000578 59.565118     13.50    -24.05      5.21
   758100.270047 16.124747  0.000570 57.349324    -16.05   -178.21    -14.97
   758193.393051 16.124091  0.000562 60.623142    -40.49   -101.50     -3.55
   758286.516056 16.121349  0.000132 56.986001    -66.61   -133.42     26.08
   758379.639060 16.123610  0.000415 60.213124    -94.86    172.77    -12.65
   758472.762064 16.125920  0.000597 58.092690   -117.65    -32.99      2.94
   758565.885069 16.124911  0.000442 58.645709   -148.07     30.79     24.65
   758659.008073 16.125116  0.000498 59.830831   -170.35     45.77     -5.79
   758752.131078 16.125107  0.000414 57.104682    160.50    -32.42    -27.34
   758845.254082 16.124448  0.000323 60.833411    135.46     90.74     12.23
   758938.377087 16.126310  0.000503 56.868160    110.04    163.14     11.75
   759031.500091 16.127703  0.000566 60.199589     81.12    176.98    -19.05
   759124.623095 16.126906  0.000529 58.291252     58.84     48.62     -7.04
   759217.746100 16.127781  0.000509 58.343254     28.10   -178.68     21.69
   759310.869104 16.126652  0.000396 60.225479      5.79   -115.31     17.34
   759403.992109 16.126578  0.000365 56.760589    -23.04   -116.02     -6.66
   759497.115113 16.126154  0.000263 61.027577    -48.62    151.53    -35.41
   759590.238118 16.128783  0.000554 56.901345    -73.39   -103.01      5.08
   759683.361122 16.130014  0.000593 59.980812   -102.90    -26.29    -11.83
   759776.484126 16.126891  0.000239 58.656467   -124.85    -94.48     14.63
   759869.607131 16.129651  0.000544 57.980403   -155.66    149.65      7.83
   759962.730135 16.127500  0.000237 60.463309   -178.17    -29.68    -37.62
   760055.853140 16.128890  0.000391 56.696438    153.34    -14.30     -2.89
   760148.976144 16.130186  0.000476 60.892562    127.42    -42.70    -18.76
   760242.099149 16.130803  0.000481 57.131089    102.81    179.88    -19.94
   760335.222153 16.131352  0.000570 59.760567     73.33    -63.98     -0.23
   760428.345157 16.132636  0.000578 58.709495     51.17    -12.41    -16.65
   760521.468162 16.130952  0.000462 58.065207     20.63    -87.31     10.89
   760614.591166 16.132908  0.000590 60.188148     -2.04    143.93     -7.94
   760707.714171 16.130429  0.000297 56.992893    -30.65   -124.44     26.82
   760800.837175 16.132793  0.000567 60.671896    -56.21    -66.36      0.57
   760893.960179 16.131233  0.000321 57.113211    -81.43   -160.72     34.16
   760987.083184 16.132853  0.000493 60.010131   -110.26     75.16      9.56
   761080.206188 16.132699  0.000426 58.218519   -132.86   -177.55     15.31
   761173.329193 16.134226  0.000519 58.621396   -163.33   -152.32     19.44
   761266.452197 16.133246  0.000464 59.723194    174.38    150.12      5.83
   761359.575202 16.136514  0.000643 57.244404    144.93     -4.86      5.91
   761452.698206 16.133288  0.000376 60.741173    120.41     99.32      8.98
   761545.821210 16.135692  0.000567 56.749192     94.12    133.08     -6.45
   761638.944215 16.134914  0.000450 60.563156     66.11     29.18     25.13
   761732.067219 16.135685  0.000544 57.633835     43.13   -111.36     -3.59
   761825.190224 16.137775  0.000630 59.139460     12.56     -9.33      2.15
   761918.313228 16.136559  0.000535 59.424767     -9.21     11.66    -13.49
   762011.436233 16.136354  0.000504 57.366692    -39.54    -64.33    -13.11
   762104.559237 16.133922  0.000148 60.820521    -63.02    135.88    -29.32
   762197.682241 16.136375  0.000455 56.550920    -90.41   -148.14     -8.06
   762290.805246 16.137300  0.000478 60.855135   -117.42   -173.64     22.74
   762383.928250 16.135658  0.000263 57.283589   -141.24    119.75     -1.29
   762477.051255 16.138510  0.000577 59.559273   -171.27    -52.46     -3.33
   762570.174259 16.139378  0.000567 58.899621    166.80     10.41     17.93
   762663.297264 16.138445  0.000518 57.926307    136.18     38.53     -7.46
   762756.420268 16.138248  0.000426 60.251897    113.49    -43.34    -23.17
   762849.543272 16.136883  0.000236 56.959452     84.78    103.60      6.80
   762942.666277 16.138566  0.000432 60.703048     59.42   -176.07      8.90
   763035.789281 16.142009  0.000639 57.011486     33.77   -177.91      1.33
   763128.912286 16.140207  0.000552 60.205557      5.40     80.83      4.88
   763222.035290 16.138178  0.000236 57.859149    -17.65   -105.33     -3.80
   763315.158294 16.140086  0.000421 59.108931    -47.94     -5.48    -22.52
   763408.281299 16.141237  0.000561 59.140524    -70.02    -51.58      4.59
   763501.404303 16.142109  0.000531 57.778135   -100.28   -170.87     22.39
   763594.527308 16.141411  0.000515 60.378901   -123.47     19.27     -8.92
   763687.650312 16.139895  0.000267 56.807758   -151.64    105.94    -21.88
   763780.773317 16.141756  0.000437 60.898155   -177.62     41.02     21.89
   763873.896321 16.142740  0.000550 56.833533    157.43    -55.28      5.25
   763967.019325 16.140771  0.000256 60.273869    128.30    144.99    -34.87
   764060.142330 16.142561  0.000446 58.052661    105.97   -176.14    -13.07
   764153.265334 16.144662  0.000613 58.724249     75.07    151.05     -0.39
   764246.388339 16.145373  0.000613 59.714428     53.24     18.22      9.63
   764339.511343 16.142922  0.000409 57.216772     23.08   -179.94      3.89
   764432.634348 16.142141  0.000243 60.786721     -0.58   -156.90     37.93
   764525.757352 16.145431  0.000574 56.650609    -28.04   -144.54     -4.66
   764618.880356 16.143851  0.000395 60.750131    -54.75    104.28    -15.10
   764712.003361 16.144969  0.000449 57.197747    -79.18   -153.08     25.85
   764805.126365 16.145635  0.000554 59.856597   -108.54    -72.49      3.81
   764898.249370 16.143129  0.000159 58.291322   -131.04   -124.42     15.16
   764991.372374 16.144286  0.000296 58.688609   -161.56    129.26     -1.73
   765084.495379 16.145581  0.000432 59.436171    176.22    -82.99    -12.57
   765177.618383 16.145775  0.000378 57.618644    146.25    -10.21    -31.59
   765270.741387 16.147266  0.000567 60.359137    122.73    -88.59      2.34
   765363.864392 16.148491  0.000562 56.889508     94.73    156.87    -13.47
   765456.987396 16.146114  0.000333 60.803009     68.78    -93.40     12.24
   765550.110401 16.148635  0.000568 56.816826     43.54    -40.86      4.05
   765643.233405 16.145345  0.000119 60.427549     14.79    -62.77    -17.52
   765736.356409 16.147537  0.000421 57.695387     -7.96    132.22      6.20
   765829.479414 16.146665  0.000245 59.202224    -38.66    -52.35    -32.15
   765922.602418 16.147284  0.000288 59.180136    -60.40    -32.85    -16.77
   766015.725423 16.148939  0.000462 57.698114    -91.12    -83.32    -11.29
   766108.848427 16.147990  0.000295 60.460425   -113.83    155.96    -36.52
   766201.971432 16.150508  0.000569 56.759705   -142.62   -111.41      0.92
   766295.094436 16.149315  0.000386 60.872901   -167.83    -52.41    -22.71
   766388.217440 16.151392  0.000542 56.811677    166.16   -144.79     14.03
   766481.340445 16.150830  0.000521 60.434931    138.21     93.72     -8.02
   766574.463449 16.152533  0.000576 57.529388    114.57   -173.01     18.63
   766667.586454 16.152086  0.000584 59.557209     84.69   -118.77      0.49
   766760.709458 16.152871  0.000569 58.477559     62.37    167.33     11.35
   766853.832463 16.153572  0.000606 58.577444     31.81     26.80      6.48
   766946.955467 16.152328  0.000519 59.469629      9.57    141.23      6.91
   767040.078471 16.154962  0.000645 57.591684    -20.46    177.84      2.79
   767133.201476 16.151868  0.000393 60.420901    -43.85    106.65      7.68
   767226.324480 16.154745  0.000612 56.784850    -72.13    -32.57     -3.98
   767319.447485 16.151937  0.000305 60.938347    -97.78     46.27     31.42
   767412.570489 16.154419  0.000570 56.642791   -123.46    102.86     -1.02
   767505.693494 16.154235  0.000459 60.642768   -151.79     10.37     27.48
   767598.816498 16.155218  0.000572 57.405205   -174.98   -127.92      4.73
   767691.939502 16.155594  0.000564 59.555799    154.65    -15.54      9.47
   767785.062507 16.157184  0.000638 58.702472    132.76      9.59     -0.00
   767878.185511 16.155482  0.000533 58.255092    101.88    -60.42      5.75
   767971.308516 16.156723  0.000558 59.816446     79.69    159.19    -18.96
   768064.431520 16.156287  0.000524 57.344202     49.79   -119.30     11.92
   768157.554524 16.155427  0.000407 60.434815     26.13    -76.75    -15.28
   768250.677529 16.158766  0.000630 56.950112     -1.95   -166.67      3.36
   768343.800533 16.156414  0.000482 60.632871    -27.60     38.65     -6.21
   768436.923538 16.158093  0.000538 56.895373    -53.60    155.58    -17.74
   768530.046542 16.156700  0.000413 60.547842    -81.34    169.47    -15.53
   768623.169547 16.156955  0.000413 57.177816   -105.29     87.52    -11.69
   768716.292551 16.155267  0.000122 60.029204   -134.96    -97.66     10.48
   768809.415555 16.157693  0.000447 58.007225   -157.31     18.25     -7.21
   768902.538560 16.158878  0.000473 58.990008    171.81      3.17     25.45
   768995.661564 16.157189  0.000272 59.232570    150.04    -49.47     -6.16
   769088.784569 16.160179  0.000576 57.743305    119.29    138.96      1.74
   769181.907573 16.158634  0.000362 60.319083     96.70   -155.88     32.13
   769275.030578 16.160464  0.000562 56.898357     67.44   -110.53     -0.36
   769368.153582 16.161963  0.000631 60.774899     42.95    163.86      2.35
   769461.276586 16.161369  0.000542 56.754172     15.81     10.53    -15.58
   769554.399591 16.160874  0.000529 60.654590    -10.83    101.19     -7.76
   769647.522595 16.158191  0.000111 57.045225    -35.98    126.38    -27.41
   769740.645600 16.161133  0.000498 60.268354    -64.45     25.54     -7.62
   769833.768604 16.161667  0.000467 57.486980    -87.98   -178.73     19.78
   769926.891609 16.160037  0.000246 59.763978   -117.83    -50.12     -9.73
   770020.014613 16.162878  0.000572 58.118276   -140.20    -61.01      1.93
   770113.137617 16.162734  0.000461 58.984665   -170.95   -166.47     26.85
   770206.260622 16.163667  0.000583 59.098961    167.17     41.55     -2.50
   770299.383626 16.164505  0.000591 57.926419    136.37    148.51    -10.35
   770392.506631 16.162189  0.000340 60.149985    113.95    164.55    -28.34
   770485.629635 16.163052  0.000429 56.998034     84.26     61.19     -8.18
   770578.752639 16.162965  0.000343 60.795918     60.29   -161.83     34.20
   770671.875644 16.163144  0.000355 56.645865     32.54    -30.81     -3.69
   770764.998648 16.165969  0.000594 60.805059      6.52    -30.81     -2.29
   770858.121653 16.164875  0.000448 56.867871    -19.24   -149.32     26.03
   770951.244657 16.165125  0.000511 60.449939    -47.09     65.68     -6.43
   771044.367662 16.167097  0.000574 57.269294    -71.29    163.79    -16.78
   771137.490666 16.164717  0.000374 60.033926   -100.53    157.68     -7.85
   771230.613670 16.164388  0.000273 57.711943   -123.53     54.70      1.21
   771323.736675 16.166238  0.000440 59.531378   -153.80   -145.82     24.97
   771416.859679 16.166452  0.000480 58.358102   -175.93    -43.99      7.32
   771509.982684 16.168419  0.000572 58.744662    153.17    -17.64    -15.08
   771603.105688 16.168330  0.000572 59.320927    131.30   -136.64      6.60
   771696.228693 16.166086  0.000299 57.746318    100.56     54.26     -0.75
   771789.351697 16.167272  0.000399 60.237541     78.02    169.15    -32.67
   771882.474701 16.167983  0.000486 56.988966     48.40    129.33      8.48
   771975.597706 16.167729  0.000385 60.709074     24.42     12.62     29.86
   772068.720710 16.170138  0.000587 56.752160     -3.54   -141.02      1.96
   772161.843715 16.169980  0.000569 60.702960    -29.19    -48.78     -3.82
   772254.966719 16.167884  0.000282 56.871738    -55.56    -20.70    -35.60
   772348.089724 16.169662  0.000511 60.560236    -82.67   -142.37     -6.61
   772441.212728 16.170102  0.000463 56.996340   -107.70      1.87     24.12
   772534.335732 16.168503  0.000262 60.429788   -136.15    110.30      3.74
   772627.458737 16.171250  0.000552 57.201644   -159.87    115.17     -7.73
   772720.581741 16.173176  0.000629 60.097432    170.40      9.25      7.62
   772813.704746 16.170716  0.000449 57.755178    147.88   -163.56     -8.28
   772906.827750 16.170002  0.000296 59.376443    117.13    -53.43    -27.39
   772999.950754 16.170368  0.000303 58.654541     95.30   -111.15     20.18
   773093.073759 16.171746  0.000459 58.447674     64.25    169.94     10.39
   773186.196763 16.174861  0.000640 59.480049     42.28     -3.20     -6.30
   773279.319768 16.173333  0.000568 57.753222     11.72     76.66      3.91
   773372.442772 16.170860  0.000217 59.957036    -10.97     74.52     -2.49
   773465.565777 16.173339  0.000466 57.401622    -40.68      0.94    -20.23
   773558.688781 16.173871  0.000534 60.215682    -64.26    146.48      6.67
   773651.811785 16.172426  0.000296 57.136008    -93.08   -155.52     36.66
   773744.934790 16.174972  0.000579 60.545349   -117.56   -126.91      1.01
   773838.057794 16.176022  0.000589 56.756470   -145.36    147.24     -5.70
   773931.180799 16.173620  0.000344 60.902077   -171.04    -16.70    -27.62
   774024.303803 16.174326  0.000414 56.531427    162.53     49.07     -7.55
   774117.426808 16.175715  0.000472 60.930566    135.34      9.79     28.15
   774210.549812 16.174670  0.000374 56.736564    110.44    -67.88      9.50
   774303.672816 16.176420  0.000506 60.528793     81.81    135.12    -14.69
   774396.795821 16.178291  0.000610 57.271975     58.14   -161.65      4.32
   774489.918825 16.175847  0.000425 59.971987     28.55   -156.51     -0.88
   774583.041830 16.175066  0.000257 57.742547      5.57    140.47    -35.62
   774676.164834 16.176343  0.000396 59.596655    -24.54    -86.76     11.83
   774769.287839 16.177587  0.000487 58.033275    -47.10     -7.40     14.94
   774862.410843 16.180064  0.000648 59.306116    -77.64     11.41     -2.89
   774955.533847 16.178704  0.000570 58.413858    -99.77    -88.56     -0.81
   775048.656852 16.175903  0.000150 58.823820   -130.71    121.26    -28.27
   775141.779856 16.178811  0.000492 59.069370   -152.57   -171.95    -13.40
   775234.902861 16.179512  0.000515 58.100152    176.45    166.22     11.67
   775328.025865 16.177116  0.000206 59.770739    154.34     45.20     35.10
   775421.148869 16.180222  0.000569 57.499167    123.90    -95.74     -1.18
   775514.271874 16.182228  0.000643 60.155035    101.04    -12.52     -0.04
   775607.394878 16.180048  0.000453 57.253592     71.43      5.75    -16.48
   775700.517883 16.179533  0.000383 60.267168     47.76    -92.68    -11.89
   775793.640887 16.178863  0.000245 57.164901     18.88     41.50     35.57
   775886.763892 16.180353  0.000431 60.409996     -5.43    162.56      1.64
   775979.886896 16.183539  0.000630 56.923530    -33.70    165.89      0.53
   776073.009900 16.181342  0.000435 60.741889    -58.68     57.34     17.15
   776166.132905 16.181422  0.000431 56.589805    -86.13    -90.33    -12.96
   776259.255909 16.184437  0.000631 60.982742   -112.11     -1.84    -11.28
   776352.378914 16.181674  0.000396 56.515026   -138.45    -10.07     -1.85
   776445.501918 16.180551  0.000183 60.875093   -165.59    -90.05     -9.02
   776538.624923 16.182441  0.000385 56.774545    169.14     61.05     20.23
   776631.747927 16.183432  0.000486 60.535563    141.11    167.03      9.15
   776724.870931 16.186213  0.000631 57.078273    116.54    179.90     -3.06
   776817.993936 16.184312  0.000532 60.327382     87.97     86.31      6.39
   776911.116940 16.183021  0.000313 57.149600     63.86    -61.84    -23.80
   777004.239945 16.186434  0.000616 60.325200     34.79     17.27     -5.90
   777097.362949 16.184072  0.000399 57.179628     11.25      7.28      6.08
   777190.485954 16.183158  0.000229 60.221150    -18.51    -24.72    -42.76
   777283.608958 16.185070  0.000442 57.457769    -41.31    103.96     10.20
   777376.731962 16.185117  0.000384 59.817014    -71.75   -167.34     23.06
   777469.854967 16.187585  0.000579 57.971801    -94.03   -153.51     11.06
   777562.977971 16.186874  0.000540 59.306015   -124.77    135.30      5.21
   777656.100976 16.187893  0.000543 58.353091   -146.98    -15.37    -20.83
   777749.223980 16.187847  0.000572 59.043790   -177.67     62.44      4.83
   777842.346984 16.185518  0.000253 58.465854    160.05     83.95    -11.64
   777935.469989 16.189132  0.000579 58.984716    129.35      8.90    -12.10
   778028.592993 16.187205  0.000420 58.557556    107.19    178.73      4.07
   778121.715998 16.186335  0.000245 58.813866     76.27    -32.47    -38.24
   778214.839002 16.187485  0.000362 58.904423     54.37    -71.45      7.17
   778307.962007 16.187472  0.000312 58.375763     23.27   -150.50     14.72
   778401.085011 16.189329  0.000464 59.376131      1.35     27.55     24.33
   778494.208015 16.188959  0.000454 57.964906    -29.54    153.32      7.97
   778587.331020 16.192278  0.000650 59.616907    -51.83    171.47     -0.20
   778680.454024 16.189397  0.000421 57.840419    -82.32     87.77     13.29
   778773.577029 16.190776  0.000517 59.598630   -104.94    -55.10    -11.62
   778866.700033 16.191610  0.000523 57.880459   -135.20     26.17     18.03
   778959.823038 16.191137  0.000523 59.627760   -157.89     62.61     -4.89
   779052.946042 16.193555  0.000639 57.741421    171.81     -9.75      0.56
   779146.069046 16.192387  0.000551 59.930465    149.15   -163.91    -10.80
   779239.192051 16.192700  0.000560 57.385323    118.90    -51.85     -7.90
   779332.315055 16.191540  0.000389 60.262919     95.99     -9.96    -33.37
   779425.438060 16.192965  0.000557 57.139868     66.13   -103.39     -4.17
   779518.561064 16.190509  0.000197 60.334248     42.77    115.06    -23.46
   779611.684069 16.194390  0.000586 57.184174     13.38   -149.09     -2.91
   779704.807073 16.192152  0.000358 60.186157    -10.33   -130.32     -0.16
   779797.930077 16.195537  0.000603 57.310952    -39.55    179.22    -11.62
   779891.053082 16.193481  0.000462 60.180954    -63.28     17.25     -6.79
   779984.176086 16.194956  0.000512 57.189828    -92.59    150.99    -19.96
   780077.299091 16.194109  0.000423 60.429381   -116.30    175.82    -20.57
   780170.422095 16.194966  0.000499 56.916521   -145.52    109.92    -12.18
   780263.545099 16.193756  0.000309 60.649941   -169.46    -19.71    -35.99
   780356.668104 16.196076  0.000557 56.802584    161.69     69.33     -1.56
   780449.791108 16.194292  0.000301 60.583022    137.37    120.40    -23.11
   780542.914113 16.197433  0.000585 56.969545    108.84     33.41      8.48
   780636.037117 16.196022  0.000473 60.374724     84.35    -98.25     -8.07
   780729.160122 16.198706  0.000607 57.106306     55.78      7.71     12.90
   780822.283126 16.197639  0.000582 60.379574     31.42     55.44     -1.69
   780915.406130 16.198710  0.000585 56.983801      2.66     -8.87     12.39
   781008.529135 16.198934  0.000585 60.605104    -21.59   -150.27      8.55
   781101.652139 16.197694  0.000470 56.755906    -50.30    -19.90     10.06
   781194.775144 16.199327  0.000544 60.743339    -74.71      9.02     18.55
   781287.898148 16.197469  0.000381 56.758710   -103.16    -13.64     -5.60
   781381.021153 16.198575  0.000450 60.576981   -127.81   -177.39     18.57
   781474.144157 16.199091  0.000465 56.986892   -156.16     -1.20    -22.63
   781567.267161 16.198402  0.000414 60.363998    179.24     16.91      1.78
   781660.390166 16.201474  0.000592 57.104603    150.64     -8.77    -14.62
   781753.513170 16.200296  0.000544 60.390977    126.36   -152.08     -7.40
   781846.636175 16.201854  0.000608 56.966137     97.46    -21.65      3.25
   781939.759179 16.202252  0.000610 60.601743     73.39     19.98      7.43
   782032.882184 16.200213  0.000430 56.800705     44.46    -16.01      6.79
   782126.005188 16.200870  0.000434 60.630748     20.30   -170.26     29.81
   782219.128192 16.201534  0.000492 56.913009     -8.52     17.48    -12.84
   782312.251197 16.199956  0.000288 60.385065    -32.74     51.94      4.43
   782405.374201 16.204170  0.000637 57.183073    -61.67     18.59      5.30
   782498.497206 16.202601  0.000547 60.156283    -85.62    -98.07     -4.33
   782591.620210 16.201663  0.000347 57.308491   -114.96     14.89     33.73
   782684.743214 16.201902  0.000377 60.199082   -138.45     93.43     10.36
   782777.866219 16.201948  0.000337 57.186043   -168.16     92.21    -13.91
   782870.989223 16.202703  0.000383 60.340027    168.58    -13.09    -31.16
   782964.112228 16.204169  0.000549 57.134342    138.77    107.97      4.68
   783057.235232 16.206458  0.000656 60.222380    115.49    171.26      2.06
   783150.358237 16.203253  0.000365 57.373247     85.70    165.79    -13.43
   783243.481241 16.203436  0.000357 59.875811     62.50     25.46     10.50
   783336.604245 16.207164  0.000622 57.727086     32.48   -166.54      4.54
   783429.727250 16.205766  0.000555 59.606134      9.67    -96.96      0.52
   783522.850254 16.203217  0.000173 57.884440    -20.82   -131.77     21.30
   783615.973259 16.204468  0.000324 59.615825    -43.20    152.52    -15.64
   783709.096263 16.207132  0.000582 57.843029    -74.02    -49.08     -4.55
   783802.219268 16.208788  0.000645 59.608128    -96.26      8.24      8.28
   783895.342272 16.205966  0.000424 57.951003   -127.07     12.88     -4.42
   783988.465276 16.204647  0.000176 59.322318   -149.41    -85.99    -11.81
   784081.588281 16.207180  0.000452 58.342626    179.88     61.11     15.35
   784174.711285 16.208258  0.000546 58.843760    157.57    147.28      6.07
   784267.834290 16.208717  0.000508 58.795059    126.71    173.03    -22.03
   784360.957294 16.208805  0.000565 58.542062    104.65     53.28     -3.17
   784454.080299 16.206803  0.000275 58.988778     73.50   -157.39     29.12
   784547.203303 16.207215  0.000279 58.474213     51.59    -23.68    -22.96
   784640.326307 16.210042  0.000587 59.042580     20.44    -43.15      1.34
   784733.449312 16.209544  0.000454 58.333288     -1.69   -165.23     28.63
   784826.572316 16.210196  0.000560 59.273891    -32.43     54.57     -4.15
   784919.695321 16.211405  0.000582 57.914106    -55.01    149.96    -10.04
   785012.818325 16.209663  0.000404 59.774405    -85.31    170.50    -21.28
   785105.941329 16.210113  0.000450 57.413991   -108.22     71.02     -8.64
   785199.064334 16.208406  0.000171 60.194684   -138.32   -143.24     38.26
   785292.187338 16.210467  0.000418 57.166878   -161.43      0.91     -9.73
   785385.310343 16.212575  0.000557 60.313068    168.71     -7.78     15.18
   785478.433347 16.209521  0.000189 57.142011    145.17    -80.49      7.55
   785571.556352 16.212734  0.000568 60.301861    115.94    124.88      1.01
   785664.679356 16.211518  0.000357 57.051756     91.59   -163.18     33.42
   785757.802360 16.213197  0.000548 60.489919     63.33   -114.34      5.11
   785850.925365 16.213855  0.000546 56.739299     37.98    167.17     13.09
   785944.048369 16.215273  0.000627 60.832437     10.63     18.99      3.97
   786037.171374 16.213908  0.000537 56.482554    -15.51    129.20      7.55
   786130.294378 16.216126  0.000631 60.947850    -42.20    171.79     -9.16
   786223.417383 16.213723  0.000450 56.549586    -68.99     87.54     12.61
   786316.540387 16.215346  0.000554 60.705265    -94.97    -40.64    -10.11
   786409.663391 16.213771  0.000350 56.874653   -122.59     43.70     27.41
   786502.786396 16.215532  0.000557 60.374252   -147.57    102.02      0.44
   786595.909400 16.214211  0.000338 57.130797   -176.30     14.32     35.47
   786689.032405 16.215422  0.000471 60.248201    159.82   -109.74     12.67
   786782.155409 16.214666  0.000326 57.230331    130.08     17.59     17.99
   786875.278414 16.214763  0.000308 60.144461    107.00     37.46     33.96
   786968.401418 16.215743  0.000419 57.443217     76.69     33.11     -4.87
   787061.524422 16.214479  0.000179 59.750527     53.99   -143.14     31.04
   787154.647427 16.218122  0.000580 57.990687     23.45     32.78     -4.57
   787247.770431 16.216245  0.000361 59.047071      0.99     82.96    -11.16
   787340.893436 16.219051  0.000559 58.720578    -29.83     20.58     15.64
   787434.016440 16.218574  0.000570 58.412398    -52.00    -97.54      0.56
   787527.139444 16.216747  0.000302 59.253498    -83.09     15.35     36.88
   787620.262449 16.217207  0.000324 58.043633   -105.18     85.96     16.40
   787713.385453 16.217650  0.000345 59.547974   -136.12     89.00    -13.32
   787806.508458 16.218028  0.000327 57.745818   -158.67    -15.89    -33.75
   787899.631462 16.219800  0.000540 59.873467    171.17    102.80      3.56
   787992.754467 16.221890  0.000619 57.267433    147.63    165.85      0.93
   788085.877471 16.218992  0.000356 60.413506    118.57    161.82    -16.78
   788179.000475 16.219119  0.000345 56.727246     93.92     25.54      5.55
   788272.123480 16.223127  0.000656 60.852211     65.89   -172.92      5.32
   788365.246484 16.221573  0.000566 56.484600     40.22    -98.72      2.07
   788458.369489 16.218869  0.000170 60.872877     13.20   -131.00     19.20
   788551.492493 16.220304  0.000326 56.666618    -13.57    161.62    -17.46
   788644.615498 16.222670  0.000572 60.532121    -39.33    -47.66     -0.42
   788737.738502 16.223281  0.000532 57.038659    -67.49     14.83     19.07
   788830.861506 16.222459  0.000509 60.208617    -91.77     30.79     -7.09
   788923.984511 16.222144  0.000406 57.328343   -121.38    -41.01    -26.71
   789017.107515 16.220927  0.000216 59.974321   -144.42     93.23     11.29
   789110.230520 16.222385  0.000394 57.644806   -175.00   -170.56      9.22
   789203.353524 16.225865  0.000636 59.531722    162.60   -174.24      9.01
   789296.476529 16.223710  0.000484 58.239056    131.71    105.50      7.65
   789389.599533 16.224040  0.000444 58.726989    109.41    -44.44    -21.42
   789482.722537 16.225970  0.000595 59.133041     78.61     29.36      7.07
   789575.845542 16.223877  0.000406 57.827610     56.14     48.45     -6.34
   789668.968546 16.226198  0.000537 59.937041     25.58     -9.70    -21.30
   789762.091551 16.224367  0.000384 57.238242      2.67    166.24     -7.10
   789855.214555 16.223964  0.000278 60.340742    -27.25    -64.76    -24.86
   789948.337559 16.223646  0.000185 56.983689    -51.15    -80.72      6.66
   790041.460564 16.225338  0.000409 60.474666    -79.75   -137.35     -2.49
   790134.583568 16.224742  0.000254 56.844562   -105.27     24.06     38.55
   790227.706573 16.226552  0.000472 60.614458   -132.04   -171.29     -9.93
   790320.829577 16.226411  0.000377 56.706166   -159.41   -171.69     20.30
   790413.952582 16.227164  0.000425 60.692657    175.54    173.97    -26.75
   790507.075586 16.226888  0.000405 56.825229    146.64     -2.61      6.03
   790600.198590 16.227445  0.000404 60.330733    122.86    160.27    -34.53
   790693.321595 16.227516  0.000408 57.434283     92.92    177.63    -10.27
   790786.444599 16.228842  0.000493 59.483826     70.03    128.58    -14.71
   790879.567604 16.229454  0.000506 58.402431     39.38      0.48    -19.50
   790972.690608 16.229704  0.000561 58.518553     17.07    108.51      2.92
   791065.813613 16.231697  0.000632 59.289666    -13.97    170.54     -6.16
   791158.936617 16.228351  0.000322 57.826204    -36.20    113.09      6.00
   791252.059621 16.230901  0.000558 59.851148    -66.93    -14.12     11.13
   791345.182626 16.229484  0.000357 57.346362    -90.01    171.51    -33.91
   791438.305630 16.229845  0.000428 60.254232   -119.44   -159.49     -1.81
   791531.428635 16.233382  0.000642 56.913959   -144.21    170.72     -3.98
   791624.551639 16.232188  0.000570 60.641405   -171.71     46.19      3.87
   791717.674644 16.230682  0.000369 56.596950    161.53   -168.89     14.76
   791810.797648 16.229340  0.000152 60.803379    135.93   -102.57     14.61
   791903.920652 16.232666  0.000556 56.725408    107.46   -101.93     -3.42
   791997.043657 16.233953  0.000587 60.347897     83.36    160.12    -15.37
   792090.166661 16.231084  0.000290 57.466408     53.57    -41.41     -5.12
   792183.289666 16.231979  0.000381 59.392440     30.62     15.29     12.38
   792276.412670 16.235434  0.000627 58.522774     -0.11     15.07      7.66
   792369.535674 16.234018  0.000542 58.377556    -22.36    -83.02      4.00
   792462.658679 16.232137  0.000266 59.439420    -53.43    134.61    -32.31
   792555.781683 16.235219  0.000561 57.658442    -75.81   -164.22    -10.30
   792648.904688 16.234049  0.000440 60.011717   -106.20    179.33     12.22
   792742.027692 16.231956  0.000102 57.149463   -129.88    129.77    -28.07
   792835.150697 16.235213  0.000536 60.425352   -158.51    -75.25      5.88
   792928.273701 16.235408  0.000444 56.765141    175.68      2.05     27.12
   793021.396705 16.236949  0.000588 60.700364    149.30     35.42      5.01
   793114.519710 16.236920  0.000574 56.680322    121.30    -37.14      4.33
   793207.642714 16.237939  0.000581 60.533261     96.92    175.79    -14.02
   793300.765719 16.236886  0.000532 57.195652     67.28    -89.72      5.16
   793393.888723 16.236561  0.000426 59.667927     44.21    -42.59    -22.85
   793487.011728 16.238026  0.000547 58.294104     13.59   -139.67     14.11
   793580.134732 16.237144  0.000476 58.454826     -8.84     88.46    -10.01
   793673.257736 16.239660  0.000600 59.489263    -39.74   -169.59     14.08
   793766.380741 16.238634  0.000560 57.443507    -62.34   -122.97     -3.19
   793859.503745 16.239708  0.000582 60.271354    -92.56    173.70     11.63
   793952.626750 16.239928  0.000568 56.926760   -116.41     32.46      8.95
   794045.749754 16.238565  0.000465 60.525260   -144.84    168.56      7.97
   794138.872759 16.239360  0.000452 56.813372   -170.97   -166.53     27.80
   794231.995763 16.239013  0.000455 60.493653    163.12   -171.95     -9.40
   794325.118767 16.237830  0.000231 57.007492    134.44     28.67     24.01
   794418.241772 16.241962  0.000630 60.147994    110.80   -163.75     -3.40
   794511.364776 16.240031  0.000461 57.606172     80.34    -94.38    -10.82
   794604.487781 16.240814  0.000454 59.295158     57.92   -167.93     27.64
   794697.610785 16.240600  0.000468 58.687401     26.94     98.25      9.30
   794790.733789 16.239569  0.000277 58.012377      4.45    -87.15    -13.87
   794883.856794 16.241341  0.000434 59.969286    -25.91     -4.05    -24.24
   794976.979798 16.242342  0.000552 56.895260    -49.53    -55.27      5.56
   795070.102803 16.243358  0.000548 60.771092    -78.41   -173.58     21.26
   795163.225807 16.242619  0.000508 56.507375   -103.92     24.60    -10.64
   795256.348812 16.241594  0.000351 60.713040   -130.63    117.05    -21.75
   795349.471816 16.241070  0.000238 56.936955   -158.52     66.10     24.03
   795442.594820 16.242661  0.000443 59.992612    177.22    -11.32      5.84
   795535.717825 16.245987  0.000630 57.837764    147.09    176.65      1.89
   795628.840829 16.243653  0.000464 59.069614    124.66   -106.08     12.37
   795721.963834 16.243483  0.000402 58.817127     93.39    -62.64    -19.07
   795815.086838 16.246839  0.000649 58.099359     71.23   -168.05     -0.20
   795908.209843 16.243923  0.000425 59.752533     40.58     32.35     -3.39
   796001.332847 16.245134  0.000447 57.169832     16.93    158.35    -27.49
   796094.455851 16.244342  0.000381 60.526704    -11.59    158.98     -7.75
   796187.578856 16.244441  0.000345 56.593874    -37.78    100.31    -17.51
   796280.701860 16.243505  0.000157 60.776925    -63.65    -59.74    -13.96
   796373.824865 16.246036  0.000479 56.806762    -92.34     54.93     -8.08
   796466.947869 16.243878  0.000137 60.085259   -116.04     55.05     19.62
   796560.070874 16.247872  0.000582 57.911878   -146.42     28.95     -5.97
   796653.193878 16.245453  0.000304 58.690616   -168.99   -122.50     -1.32
   796746.316882 16.249669  0.000633 59.395668    160.15     11.78     -0.35
   796839.439887 16.247665  0.000500 57.336498    137.37     58.07     -7.05
   796932.562891 16.249605  0.000589 60.460450    107.43     -0.77     13.00
   797025.685896 16.248989  0.000533 56.692676     82.99   -130.06      9.79
   797118.808900 16.247698  0.000393 60.637612     55.34     13.91     11.19
   797211.931904 16.246385  0.000176 56.886619     28.11     45.92     36.51
   797305.054909 16.249372  0.000542 60.121594      3.39     56.24     -5.71
   797398.177913 16.248677  0.000384 57.668543    -26.58    -27.82    -33.96
   797491.300918 16.248816  0.000382 59.206421    -49.11     71.49     18.34
   797584.423922 16.250781  0.000555 58.737630    -80.37    157.58      8.38
   797677.546927 16.250527  0.000462 58.065143   -102.63    170.82    -26.76
   797770.669931 16.250760  0.000520 59.855769   -133.05     50.85     -5.43
   797863.792935 16.250423  0.000397 56.979272   -157.13   -173.52     26.43
   797956.915940 16.249329  0.000266 60.690515    174.92    -60.00     -2.35
   798050.038944 16.252315  0.000568 56.536355    147.96    -59.15     -5.33
   798143.161949 16.253749  0.000616 60.636973    122.86   -169.77     13.62
   798236.284953 16.251926  0.000483 57.159272     93.35     39.45     -8.34
   798329.407958 16.252622  0.000475 59.498437     70.31    145.11    -20.69
   798422.530962 16.251295  0.000317 58.654415     39.51    155.36    -15.82
   798515.653966 16.252069  0.000404 57.863597     16.97     68.38     -9.09
   798608.776971 16.250694  0.000153 60.164899    -13.45   -134.70     35.82
   798701.899975 16.253160  0.000452 56.735496    -37.28     19.29    -10.44
   798795.022980 16.253073  0.000394 60.772207    -65.67      9.04     26.81
   798888.145984 16.253524  0.000404 56.679056    -92.23     -3.66    -22.97
   798981.268989 16.253924  0.000455 60.276409   -117.58    174.54      9.33
   799074.391993 16.253961  0.000372 57.593370   -147.12    -14.61    -33.20
   799167.514997 16.254176  0.000408 59.130208   -169.89     -8.58     -5.23
   799260.638002 16.255639  0.000494 58.883728    158.90    -36.91    -18.95
   799353.761006 16.256222  0.000504 57.891930    136.66   -176.59    -19.12
   799446.884011 16.256557  0.000572 59.981541    106.20    -53.45      1.94
   799540.007015 16.258878  0.000652 56.962286     81.94     -1.25     -0.26
   799633.130019 16.255397  0.000391 60.553958     54.34    -33.97     -0.07
   799726.253024 16.256366  0.000409 56.795481     26.71   -177.60     25.25
   799819.376028 16.258425  0.000586 60.276874      2.43      9.28    -11.08
   799912.499033 16.257007  0.000466 57.594585    -27.91     80.17     -9.84
   800005.622037 16.257000  0.000383 59.038017    -50.37     14.58     31.78
   800098.745042 16.256894  0.000388 59.129656    -81.32    -60.73      6.66
   800191.868046 16.258259  0.000468 57.387505   -104.36    127.79    -17.27
   800284.991050 16.260601  0.000634 60.545599   -133.71   -163.38     -1.34
   800378.114055 16.257831  0.000393 56.451154   -159.25   -173.78      3.89
   800471.237059 16.256449  0.000151 60.825548    174.34    139.52    -40.22
   800564.360064 16.258892  0.000448 56.912604    145.75    -87.00     11.57
   800657.483068 16.259471  0.000454 59.684083    122.13      1.13     17.26
   800750.606073 16.261594  0.000594 58.514175     91.48     23.43      9.91
   800843.729077 16.260412  0.000515 57.935037     69.01    -53.33      6.47
   800936.852081 16.262469  0.000612 60.120451     38.38    168.62    -12.49
   801029.975086 16.260746  0.000476 56.767985     14.59   -109.67     14.13
   801123.098090 16.261252  0.000490 60.682245    -13.67    -50.23    -17.08
   801216.221095 16.261904  0.000488 56.814917    -40.69   -149.49     21.77
   801309.344099 16.262091  0.000555 60.023090    -65.43     87.30     -3.55
   801402.467104 16.262269  0.000469 57.945943    -95.64   -170.87     26.12
   801495.590108 16.262581  0.000514 58.685536   -117.99   -120.35     11.37
   801588.713112 16.261570  0.000362 59.379004   -149.22   -163.50     15.38
   801681.836117 16.260928  0.000252 57.368720   -172.12     36.21     39.74
   801774.959121 16.262819  0.000486 60.366949    158.65   -131.30     -6.78
   801868.082126 16.260975  0.000182 56.768906    132.54    -42.43    -39.51
   801961.205130 16.264213  0.000537 60.415067    107.02   -123.79     10.69
   802054.328134 16.265255  0.000580 57.327693     77.34    139.91     -4.45
   802147.451139 16.261912  0.000167 59.359444     54.65    -45.51    -25.66
   802240.574143 16.263791  0.000417 58.805735     23.51      8.42     -1.79
   802333.697148 16.267139  0.000625 57.661463      0.76    -12.15      0.66
   802426.820152 16.265303  0.000491 60.344478    -28.85   -122.63     14.48
   802519.943157 16.264066  0.000331 56.540540    -54.37     76.08    -10.79
   802613.066161 16.266557  0.000514 60.778896    -80.60    176.52    -23.78
   802706.189165 16.265324  0.000424 56.951782   -109.60    151.22      6.68
   802799.312170 16.263890  0.000154 59.594329   -132.88     50.81     19.60
   802892.435174 16.266195  0.000435 58.694359   -163.71   -110.18     15.41
   802985.558179 16.266614  0.000451 57.620752    173.56     -7.19     12.63
   803078.681183 16.268926  0.000592 60.453762    143.62     13.09     14.34
   803171.804188 16.266861  0.000429 56.466340    118.65    -49.95      7.95
   803264.927192 16.270025  0.000647 60.759979     91.80    165.85     -0.73
   803358.050196 16.266339  0.000274 57.042694     63.30    -87.33     14.85
   803451.173201 16.269414  0.000590 59.421176     39.74    -41.71      0.84
   803544.296205 16.265978  0.000116 58.850771      8.89   -100.84     13.48
   803637.419210 16.268475  0.000449 57.575586    -13.65    122.53      8.30
   803730.542214 16.267282  0.000230 60.387102    -43.88    -63.70    -23.76
   803823.665219 16.268272  0.000313 56.659377    -68.65    -17.79    -20.98
   803916.788223 16.270358  0.000556 60.491094    -95.51    -66.52     -6.07
   804009.911227 16.272433  0.000623 57.289786   -124.22    179.62    -10.35
   804103.034232 16.269549  0.000417 59.273269   -147.45    -46.12      5.15
   804196.157236 16.270392  0.000416 58.914750   -178.64      4.36     28.40
   804289.280241 16.272477  0.000585 57.643581    158.95     17.63     -8.01
   804382.403245 16.271229  0.000494 60.245631    128.87    -79.57     -9.81
   804475.526249 16.269028  0.000157 56.786859    103.60     43.47     36.05
   804568.649254 16.271030  0.000412 60.399428     77.43    168.32     -4.44
   804661.772258 16.274090  0.000623 57.357214     48.02    162.82      3.96
   804754.895263 16.271486  0.000367 59.246173     25.27     49.94     25.31
   804848.018267 16.272803  0.000505 58.958921     -6.00    -80.97    -10.04
   804941.141272 16.275632  0.000654 57.527543    -28.82      2.45      3.96
   805034.264276 16.273422  0.000522 60.367521    -58.12     33.14     -7.26
   805127.387280 16.274871  0.000559 56.661056    -84.42    -32.16    -11.21
   805220.510285 16.274168  0.000486 60.442819   -109.62    179.03    -19.43
   805313.633289 16.274740  0.000555 57.487474   -139.69    -72.10     -4.41
   805406.756294 16.274413  0.000443 58.903945   -162.25    -17.70    -29.87
   805499.879298 16.275074  0.000536 59.406977    166.84   -101.69      7.11
   805593.002303 16.275899  0.000537 57.010118    143.15    140.89    -15.94
   805686.125307 16.273830  0.000305 60.744761    114.97   -124.08     27.34
   805779.248311 16.276258  0.000556 56.569142     87.49    -48.94      4.99
   805872.371316 16.273403  0.000155 60.170469     63.22    -46.34    -34.63
   805965.494320 16.275323  0.000392 58.084575     32.68    170.26     -6.57
   806058.617325 16.277744  0.000569 58.071932     10.03    -38.30     -7.62
   806151.740329 16.278682  0.000613 60.194242    -20.25     21.31      5.77
   806244.863334 16.276135  0.000393 56.492209    -45.01      6.25      2.57
   806337.986338 16.274437  0.000086 60.825426    -71.94    -82.37    -10.32
   806431.109342 16.278019  0.000528 56.989606   -100.63     72.97      9.15
   806524.232347 16.279375  0.000598 59.314034   -124.03    160.39      5.46
   806617.355351 16.279456  0.000563 59.111716   -154.89   -173.92    -14.04
   806710.478356 16.278944  0.000536 57.158210   -177.89     88.10     -3.90
   806803.601360 16.276415  0.000179 60.729156    152.79    -48.57    -33.27
   806896.724364 16.279997  0.000561 56.516720    126.56     29.95     -7.26
   806989.847369 16.277970  0.000317 60.216290    101.25     28.30     13.17
   807082.970373 16.280360  0.000505 58.006002     71.19      1.83    -22.32
   807176.093378 16.279060  0.000407 58.175207     48.55   -177.71      1.75
   807269.216382 16.280302  0.000454 60.087250     17.78    -17.66    -29.70
   807362.339387 16.280046  0.000422 56.649693     -6.31      1.82    -14.21
   807455.462391 16.281510  0.000534 60.624620    -33.85    -47.96     -9.98
   807548.585395 16.282768  0.000584 57.169982    -62.19   -176.19    -12.58
   807641.708400 16.281386  0.000507 59.189096    -85.61    -57.20      6.96
   807734.831404 16.283618  0.000608 59.154523   -116.73     -1.52     13.57
   807827.954409 16.281250  0.000398 57.264784   -139.47     -5.00    -16.35
   807921.077413 16.280701  0.000308 60.529719   -168.96   -139.63      8.38
   808014.200418 16.284528  0.000599 56.763296    164.66     18.44     10.53
   808107.323422 16.283329  0.000553 59.954289    139.71    100.57      2.26
   808200.446426 16.280921  0.000196 58.225242    109.21    129.97    -32.05
   808293.569431 16.283853  0.000510 58.091280     86.88     11.13    -13.54
   808386.692435 16.283867  0.000500 60.043603     56.16    169.94     12.83
   808479.815440 16.281160  0.000094 56.799294     31.52   -103.46     18.17
   808572.938444 16.284689  0.000554 60.372184      4.85    -79.82      4.10
   808666.061449 16.284811  0.000457 57.485584    -24.51   -176.54     28.41
   808759.184453 16.286069  0.000587 58.895986    -47.22     40.01      5.86
   808852.307457 16.286031  0.000562 59.403630    -78.48    157.85      7.79
   808945.430462 16.287834  0.000635 57.107796   -101.85   -171.68      1.77
   809038.553466 16.285342  0.000464 60.486818   -130.07    129.84      5.69
   809131.676471 16.288192  0.000627 56.975437   -158.03    -10.44      6.11
   809224.799475 16.284521  0.000253 59.610601    178.40    134.02     -9.19
   809317.922479 16.286754  0.000501 58.700519    147.19    166.39     12.39
   809411.045484 16.286437  0.000405 57.601160    124.52    170.96    -34.21
   809504.168488 16.286661  0.000456 60.348041     95.06     23.80     -5.82
   809597.291493 16.289713  0.000622 56.741645     68.45    167.48      3.47
   809690.414497 16.288441  0.000524 60.102124     43.80   -136.37     12.24
   809783.537502 16.286817  0.000341 58.080442     13.06   -138.00      1.82
   809876.660506 16.286429  0.000251 58.127299     -9.37    156.54    -40.37
   809969.783510 16.288537  0.000501 60.080081    -39.62    -74.43      7.35
   810062.906515 16.289543  0.000506 56.683437    -65.13     -2.23     21.61
   810156.029519 16.290880  0.000621 60.428792    -90.85     22.33     -1.99
   810249.152524 16.290410  0.000571 57.587124   -120.97    -53.80     -3.78
   810342.275528 16.288946  0.000365 58.610222   -143.49    165.41    -35.64
   810435.398533 16.290636  0.000565 59.756543   -174.22   -115.90     -2.04
   810528.521537 16.288244  0.000213 56.744099    161.15    -77.28    -20.19
   810621.644541 16.292396  0.000611 60.625419    134.50   -158.86     -1.46
   810714.767546 16.289963  0.000381 57.202465    105.08     65.18     -9.14
   810807.890550 16.293929  0.000663 59.022159     82.27    179.88     -0.86
   810901.013555 16.292031  0.000558 59.438012     51.31   -128.64     -4.56
   810994.136559 16.293356  0.000577 56.879614     27.26    168.97     12.95
   811087.259564 16.292680  0.000523 60.688382     -0.14     39.78     15.55
   811180.382568 16.291351  0.000369 56.961594    -28.94   -158.73      5.14
   811273.505572 16.289962  0.000113 59.319954    -52.06   -111.85     17.18
   811366.628577 16.293652  0.000568 59.190730    -83.06   -113.71      2.39
   811459.751581 16.294795  0.000585 56.984159   -106.73    147.57     -8.51
   811552.874586 16.291754  0.000275 60.735997   -134.67    -26.83    -24.38
   811645.997590 16.292672  0.000357 56.795848   -163.01     36.31     -1.26
   811739.120594 16.295242  0.000533 59.532296    173.56      8.08     22.04
   811832.243599 16.293600  0.000419 59.000504    142.55    -58.05      7.43
   811925.366603 16.295975  0.000562 57.089985    119.12    145.14     -9.75
   812018.489608 16.294901  0.000445 60.734262     90.84   -139.49     21.01
   812111.612612 16.295473  0.000513 56.700353     62.85    -89.19     -7.39
   812204.735617 16.297548  0.000612 59.641374     39.19   -178.37     13.33
   812297.858621 16.296748  0.000585 58.905603      8.24     51.92     -1.68
   812390.981625 16.297639  0.000587 57.135128    -15.14    162.24     10.20
   812484.104630 16.298031  0.000593 60.730330    -43.57   -154.27      9.32
   812577.227634 16.296256  0.000444 56.674726    -71.46    163.42      9.73
   812670.350639 16.296832  0.000423 59.665468    -95.18     11.58     29.61
   812763.473643 16.297408  0.000506 58.906111   -126.10   -157.68     -9.39
   812856.596648 16.295795  0.000269 57.104355   -149.47    -95.72    -12.60
   812949.719652 16.298355  0.000497 60.762557   -177.89   -149.67     20.54
   813042.842656 16.298699  0.000555 56.675208    154.18    121.10      4.54
   813135.965661 16.296550  0.000257 59.612532    130.48    -27.84    -41.72
   813229.088665 16.299079  0.000525 58.977441     99.54     27.67     -8.77
   813322.211670 16.299012  0.000463 57.043406     76.04     -3.12     17.73
   813415.334674 16.297019  0.000186 60.769646     47.83    -55.55    -13.95
   813508.457679 16.300045  0.000548 56.747948     19.68    118.00      4.45
   813601.580683 16.299116  0.000380 59.454337     -3.86   -168.99     33.08
   813694.703687 16.300736  0.000542 59.164938    -34.78   -119.23      8.78
   813787.826692 16.300897  0.000503 56.897207    -58.51    167.20     15.52
   813880.949696 16.302309  0.000591 60.786138    -86.36     20.61     14.75
   813974.072701 16.300479  0.000441 56.879513   -114.95    156.62      8.45
   814067.195705 16.302373  0.000540 59.221010   -138.22   -176.12     19.83
   814160.318709 16.300997  0.000427 59.410089   -169.11    178.74    -12.22
   814253.441714 16.300523  0.000320 56.744267    166.80     23.87     13.66
   814346.564718 16.304416  0.000629 60.764187    139.52   -170.61     -2.34
   814439.687723 16.302895  0.000546 57.096379    110.41   -100.31     -4.84
   814532.810727 16.301185  0.000303 58.875955     87.39   -167.46     38.32
   814625.933732 16.301547  0.000329 59.724348     56.65    132.47     -1.37
   814719.056736 16.304179  0.000548 56.599857     31.95    -48.29    -11.09
   814812.179740 16.305486  0.000611 60.650858      5.44     16.73     10.24
   814905.302745 16.303337  0.000440 57.437264    -24.32     40.75     -7.35
   814998.425749 16.304303  0.000448 58.430735    -47.11    -28.18    -24.75
   815091.548754 16.303282  0.000355 60.079008    -77.49    156.97    -12.14
   815184.671758 16.303547  0.000350 56.493413   -103.01    -91.71    -14.95
   815277.794763 16.302210  0.000106 60.444006   -128.59    -83.44      0.18
   815370.917767 16.305086  0.000482 57.891423   -158.99   -129.69     -8.31
   815464.040771 16.302896  0.000115 57.936618    178.23     56.80     17.07
   815557.163776 16.307076  0.000595 60.371049    148.47   -148.46     -2.38
   815650.286780 16.305090  0.000358 56.544170    121.85    -87.27    -15.43
   815743.409785 16.307446  0.000522 60.046903     97.33   -162.01     19.85
   815836.532789 16.307171  0.000550 58.482588     66.45     98.37      3.69
   815929.655794 16.304471  0.000142 57.392013     43.36   -116.62      9.48
   816022.778798 16.306197  0.000349 60.600073     14.60    -16.42    -18.08
   816115.901802 16.308848  0.000592 56.764656    -13.34    -43.74     -2.42
   816209.024807 16.309425  0.000567 59.477065    -36.87   -165.64     17.50
   816302.147811 16.307914  0.000480 59.145202    -67.96     42.40     -7.32
   816395.270816 16.308673  0.000462 56.942199    -91.80    150.11    -24.54
   816488.393820 16.307362  0.000319 60.600964   -119.20    149.78    -14.32
   816581.516824 16.307925  0.000354 57.238739   -148.48     73.52     -9.22
   816674.639829 16.306734  0.000152 58.741051   -171.29   -136.40     36.90
   816767.762833 16.309283  0.000476 59.798654    157.95     29.41     -7.15
   816860.885838 16.307917  0.000232 56.687875    132.79     18.02     35.43
   816954.008842 16.311105  0.000549 60.306065    107.01     12.98    -12.40
   817047.131847 16.309097  0.000319 57.982799     76.51   -128.34     -1.59
   817140.254851 16.313229  0.000641 57.908538     53.90      4.86      0.43
   817233.377855 16.311582  0.000565 60.298593     24.10     66.83     -1.59
   817326.500860 16.310493  0.000354 56.752301     -2.77     10.19     27.72
   817419.623864 16.309696  0.000236 59.698181    -26.91    -91.75     14.25
   817512.746869 16.311933  0.000496 58.864531    -58.09    102.74    -10.43
   817605.869873 16.314591  0.000625 57.182030    -81.35    178.63    -10.72
   817698.992878 16.311598  0.000414 60.459572   -109.52    167.55     -2.04
   817792.115882 16.310308  0.000151 57.274933   -138.32     96.38    -16.21
   817885.238886 16.312009  0.000357 58.753163   -161.23   -119.61     22.64
   817978.361891 16.312699  0.000425 59.767959    167.73      2.04     10.40
   818071.484895 16.314950  0.000549 56.759026    142.97     10.23     19.51
   818164.607900 16.312930  0.000397 60.158258    116.92    -36.26      0.95
   818257.730904 16.315834  0.000596 58.174841     86.47    169.88     11.48
   818350.853909 16.312428  0.000212 57.720964     63.90    -37.26    -18.89
   818443.976913 16.314741  0.000499 60.380014     34.02    -17.49      9.45
   818537.099917 16.314344  0.000380 56.891238      7.07    -11.97    -35.98
   818630.222922 16.314921  0.000450 59.317382    -16.97   -167.01     -8.19
   818723.345926 16.317510  0.000608 59.309544    -48.16    -18.06      0.68
   818816.468931 16.316987  0.000541 56.880279    -71.66     33.42     13.14
   818909.591935 16.315232  0.000400 60.423896    -99.37     32.63     -0.16
   819002.714939 16.314513  0.000258 57.666462   -128.63    -19.22    -44.97
   819095.837944 16.316341  0.000448 58.124039   -151.44     96.25     11.28
   819188.960948 16.317007  0.000459 60.301737    177.90   -177.29     22.62
   819282.083953 16.319163  0.000612 56.609723    152.26   -152.66      5.12
   819375.206957 16.318214  0.000553 59.767406    127.05    132.17      3.88
   819468.329962 16.319829  0.000600 58.902744     96.29     -5.75    -12.33
   819561.452966 16.318085  0.000478 56.981905     73.19     83.70     11.10
   819654.575970 16.319469  0.000558 60.667496     44.52    143.64    -12.49
   819747.698975 16.317279  0.000302 57.209842     16.20     54.61     27.75
   819840.821979 16.319745  0.000569 58.493706     -7.13    -58.35      2.98
   819933.944984 16.316378  0.000081 60.170860    -37.88     99.86     -8.28
   820027.067988 16.318455  0.000352 56.410241    -62.99    148.22     -0.25
   820120.190993 16.320406  0.000508 60.176428    -88.85    138.57    -16.45
   820213.313997 16.322108  0.000608 58.496130   -119.23     18.45     -1.46
   820306.437001 16.319720  0.000406 57.128700   -142.36    175.55      4.73
   820399.560006 16.317967  0.000103 60.811379   -171.27    -90.19     -3.35
   820492.683010 16.321160  0.000502 56.868909    160.71   -102.52     10.17
   820585.806015 16.322230  0.000551 58.843318    137.14    167.66     12.84
   820678.929019 16.323738  0.000629 59.949113    106.47     17.80     -0.58
   820772.052024 16.322585  0.000558 56.385309     81.34    120.50      4.00
   820865.175028 16.323546  0.000551 60.384492     55.49    166.66    -17.99
   820958.298032 16.322345  0.000480 58.238771     25.07     83.90     10.46
   821051.421037 16.323848  0.000553 57.305364      1.89    -42.67     -8.84
   821144.544041 16.321058  0.000235 60.740189    -26.86     57.35     27.43
   821237.667046 16.323545  0.000520 56.832824    -55.15    129.86      7.80
   821330.790050 16.321196  0.000182 58.958582    -78.49    142.99    -42.21
   821423.913054 16.323264  0.000432 59.805650   -109.21     -0.21    -11.04
   821517.036059 16.325887  0.000608 56.543426   -134.59    149.82     -2.25
   821610.159063 16.325551  0.000548 60.224681   -160.02   -154.81     16.82
   821703.282068 16.324109  0.000430 58.363865    169.20   -133.24     -6.76
   821796.405072 16.324725  0.000403 57.324873    146.05    154.85    -29.74
   821889.528077 16.323982  0.000339 60.541914    117.64    -44.77     -2.65
   821982.651081 16.323784  0.000250 57.176023     88.79     58.13     -0.22
   822075.774085 16.324374  0.000300 58.630753     65.86     35.64     36.10
   822168.897090 16.325298  0.000417 59.960157     35.14     11.45      0.62
   822262.020094 16.325964  0.000387 56.724039      9.30   -171.45     34.31
   822355.143099 16.326383  0.000448 59.741282    -15.53      2.31    -13.61
   822448.266103 16.325783  0.000322 58.930455    -46.65     23.99     15.32
   822541.389108 16.329349  0.000599 57.019321    -70.01      5.97     -9.57
   822634.512112 16.327662  0.000520 60.376103    -97.80   -117.96     -6.15
   822727.635116 16.328085  0.000462 57.761152   -127.31      5.22     28.72
   822820.758121 16.327077  0.000355 57.907343   -150.04     82.97     17.07
   822913.881125 16.327673  0.000393 60.404219    179.70    111.18    -18.58
   823007.004130 16.330776  0.000602 56.828829    152.95      7.09    -10.41
   823100.127134 16.328220  0.000417 59.100154    128.81    173.22      1.61
   823193.250139 16.327019  0.000190 59.708837     97.76    -47.44    -34.74
   823286.373143 16.328227  0.000319 56.547933     73.46    -82.92     11.88
   823379.496147 16.328575  0.000340 60.222924     46.89   -148.37      8.66
   823472.619152 16.328607  0.000289 58.431341     16.67     36.07     35.70
   823565.742156 16.329638  0.000412 57.107558     -6.44   -162.56     -5.46
   823658.865161 16.328906  0.000259 60.783550    -35.37   -164.22     40.11
   823751.988165 16.331907  0.000548 57.079417    -63.69   -155.22     -9.52
   823845.111169 16.329915  0.000322 58.389518    -87.08     76.09     -9.85
   823938.234174 16.332509  0.000527 60.348996   -117.46   -158.48     19.95
   824031.357178 16.332213  0.000535 56.384804   -143.59    -76.61      5.54
   824124.480183 16.329954  0.000204 59.761347   -168.36    -60.12    -28.30
   824217.603187 16.332812  0.000504 59.178377    160.84   -168.10    -14.37
   824310.726192 16.333133  0.000508 56.611727    136.60    -19.82     13.15
   824403.849196 16.330279  0.000127 60.594688    109.81     57.92     30.27
   824496.972200 16.333804  0.000555 57.861651     79.64    101.18      3.16
   824590.095205 16.333750  0.000463 57.579610     56.58      3.99     24.85
   824683.218209 16.334620  0.000538 60.565489     27.64   -132.77      9.40
   824776.341214 16.334190  0.000467 56.994457     -0.83    -11.49     13.08
   824869.464218 16.335444  0.000522 58.701536    -23.95     15.48     20.72
   824962.587223 16.333888  0.000420 59.987846    -54.55     -0.61     -2.40
   825055.710227 16.333347  0.000272 56.696666    -80.75   -167.13     36.69
   825148.833231 16.336728  0.000602 59.573042   -105.21     21.67     -5.38
   825241.956236 16.335030  0.000424 59.227072   -136.43    104.27    -15.37
   825335.079240 16.334172  0.000271 56.816651   -160.48     29.56     39.45
   825428.202245 16.335426  0.000432 60.153010    172.85    -35.23      4.82
   825521.325249 16.338234  0.000590 58.381925    142.43    160.76     -8.98
   825614.448254 16.337136  0.000497 57.251983    119.51   -134.00     15.23
   825707.571258 16.336332  0.000425 60.496197     90.64    -94.21    -10.12
   825800.694262 16.339976  0.000658 57.492066     61.94   -174.53      0.65
   825893.817267 16.337428  0.000490 57.972225     38.85     36.32     -9.22
   825986.940271 16.339868  0.000616 60.520479      8.52    161.56     -7.53
   826080.063276 16.339426  0.000569 56.684429    -18.21   -158.65     -8.39
   826173.186280 16.339223  0.000566 59.009904    -42.40    142.28      4.41
   826266.309284 16.340519  0.000586 59.941094    -73.21     11.82     12.84
   826359.432289 16.338127  0.000395 56.359875    -98.28    178.69     -5.58
   826452.555293 16.337137  0.000211 60.044968   -123.97   -140.59     20.25
   826545.678298 16.340775  0.000574 58.899542   -154.60   -141.07      9.40
   826638.801302 16.340896  0.000584 56.669276   -178.53    127.86     -0.86
   826731.924307 16.338796  0.000318 60.661931    154.23    -14.87    -39.07
   826825.047311 16.340708  0.000524 57.807472    124.27     52.08     -6.40
   826918.170315 16.338730  0.000241 57.499621    101.09     29.15     25.40
   827011.293320 16.341311  0.000498 60.632462     72.30      3.04    -16.48
   827104.416324 16.340392  0.000390 57.092908     43.53   -173.39      9.93
   827197.539329 16.341503  0.000431 58.405106     20.46    -12.23    -31.54
   827290.662333 16.341195  0.000441 60.205474     -9.73      9.37     -7.74
   827383.785338 16.343686  0.000586 56.800609    -36.87    -25.69    -13.29
   827476.908342 16.344087  0.000603 59.086201    -60.60   -161.30     -6.01
   827570.031346 16.342767  0.000498 59.741343    -91.69    -18.99     10.23
   827663.154351 16.341706  0.000315 56.702717   -116.99     21.84     37.57
   827756.277355 16.343799  0.000548 59.613205   -142.13     48.16     -3.41
   827849.400360 16.344561  0.000550 59.249045   -173.22    -30.49    -14.65
   827942.523364 16.342120  0.000261 56.709686    162.86    159.16    -26.34
   828035.646369 16.343213  0.000415 60.134277    136.02   -121.24     -6.41
   828128.769373 16.341996  0.000204 58.607982    105.66   -155.43     48.17
   828221.892377 16.344071  0.000430 56.882294     82.36   -168.09     -9.85
   828315.015382 16.344202  0.000390 60.642491     54.09      9.93     25.15
   828408.138386 16.345496  0.000474 57.740191     24.80   -176.27    -17.94
   828501.261391 16.344428  0.000374 57.454540      1.58   -153.95      1.25
   828594.384395 16.348207  0.000641 60.775373    -27.69    177.19     -4.25
   828687.507399 16.346935  0.000571 56.975563    -55.95     56.50     -1.84
   828780.630404 16.345686  0.000389 58.300531    -79.39   -175.77     24.20
   828873.753408 16.344381  0.000203 60.437875   -109.44    -78.31      4.91
   828966.876413 16.347425  0.000544 56.585757   -136.68    -73.84     -6.45
   829059.999417 16.349712  0.000645 59.104242   -160.48   -178.36      3.83
   829153.122422 16.347414  0.000487 59.841764    168.79     24.62     -7.72
   829246.245426 16.348122  0.000479 56.585715    142.79    138.36    -17.75
   829339.368430 16.347010  0.000340 59.591179    118.25    166.94    -27.79
   829432.491435 16.348465  0.000517 59.344423     87.13     91.68     -7.91
   829525.614439 16.347008  0.000286 56.724822     62.38    -18.90    -43.38
   829618.737444 16.349544  0.000564 59.834513     36.67     65.21      4.95
   829711.860448 16.349870  0.000519 59.024080      5.66    143.87    -16.83
   829804.983453 16.347501  0.000243 56.771512    -18.10     64.51     27.25
   829898.106457 16.349706  0.000494 60.151375    -45.13    -28.61      7.36
   829991.229461 16.350948  0.000521 58.601811    -75.47    168.69    -21.98
   830084.352466 16.351218  0.000572 56.860726    -98.79   -134.20     -2.17
   830177.475470 16.349106  0.000301 60.541275   -126.88   -153.50     17.95
   830270.598475 16.349934  0.000355 57.994183   -156.45    173.70    -30.06
   830363.721479 16.351119  0.000492 57.173194   -179.76    -36.02      9.61
   830456.844484 16.348455  0.000073 60.793958    151.46     86.88      0.44
   830549.967488 16.350915  0.000408 57.324622    122.51    109.19      9.47
   830643.090492 16.350005  0.000236 57.781581     99.20     57.42      3.95
   830736.213497 16.350030  0.000188 60.653690     69.86    -66.89     -5.06
   830829.336501 16.352559  0.000497 56.942153     41.49     80.70     -8.74
   830922.459506 16.352515  0.000416 58.364755     18.20    158.79    -31.79
   831015.582510 16.352379  0.000421 60.308664    -11.80     97.25     10.14
   831108.705514 16.354345  0.000543 56.863782    -39.47    -11.45     14.83
   831201.828519 16.355165  0.000568 58.707955    -62.89   -173.52    -15.46
   831294.951523 16.354230  0.000530 60.067272    -93.56    -88.23     -6.02
   831388.074528 16.351452  0.000106 56.842524   -120.24    -64.57    -22.47
   831481.197532 16.354962  0.000528 58.865337   -144.18   -156.24     -9.40
   831574.320537 16.353455  0.000318 60.019974   -175.16     24.20     18.38
   831667.443541 16.355940  0.000507 56.668196    159.03   -177.41    -21.14
   831760.566545 16.354477  0.000412 59.108990    134.35   -160.56     -2.18
   831853.689550 16.357805  0.000621 59.949526    103.42    171.10    -13.01
   831946.812554 16.356857  0.000562 56.393636     78.11     36.89     -7.26
   832039.935559 16.357091  0.000541 59.572243     52.83    166.59     12.97
   832133.058563 16.355492  0.000343 59.600881     22.09   -134.80     27.64
   832226.181568 16.356572  0.000466 56.337771     -2.95   -113.76     -8.38
   832319.304572 16.358042  0.000528 59.978618    -28.53    161.94    -20.89
   832412.427576 16.356152  0.000350 59.151188    -59.28    -24.48     -7.72
   832505.550581 16.355788  0.000260 56.530999    -84.02     74.41     -8.48
   832598.673585 16.355780  0.000224 60.133298   -109.87     43.95     38.36
   832691.796590 16.357270  0.000400 58.841633   -140.79     24.80     -1.51
   832784.919594 16.356970  0.000303 56.792446   -165.02   -165.97     39.74
   832878.042599 16.358951  0.000497 60.043474    168.67     14.91    -10.58
   832971.165603 16.357297  0.000262 58.816661    137.81     54.84      4.10
   833064.288607 16.361465  0.000617 56.821512    114.04     15.74      6.28
   833157.411612 16.360125  0.000557 60.051744     87.13    -91.37     -1.29
   833250.534616 16.357151  0.000118 58.823395     56.56     44.09     30.73
   833343.657621 16.359003  0.000348 56.685956     32.92    164.50    -13.04
   833436.780625 16.361939  0.000606 60.291848      5.56    149.70      1.59
   833529.903629 16.359630  0.000344 58.619021    -24.64     39.57     31.91
   833623.026634 16.361496  0.000541 56.647231    -48.41    -93.85     -3.57
   833716.149638 16.362861  0.000567 60.546286    -75.81      0.61     15.25
   833809.272643 16.362658  0.000571 58.299408   -105.93     47.24      2.66
   833902.395647 16.362446  0.000523 56.833252   -129.72    -17.45     12.51
   833995.518652 16.363100  0.000526 60.572067   -157.09   -158.76     20.46
   834088.641656 16.361498  0.000401 58.118689    172.63     10.62     -0.21
   834181.764660 16.360014  0.000137 57.093909    149.04     27.84     41.07
   834274.887665 16.364022  0.000576 60.355724    121.53     45.96      3.76
   834368.010669 16.364419  0.000572 58.238686     91.18    -39.54     -7.67
   834461.133674 16.361789  0.000250 57.096931     67.87    159.04    -34.48
   834554.256678 16.363571  0.000477 60.255415     40.07   -133.72     -5.97
   834647.379683 16.362315  0.000260 58.407245      9.91   -162.05     38.95
   834740.502687 16.363930  0.000420 56.905928    -13.42   -179.80    -17.32
   834833.625691 16.364375  0.000456 60.382587    -41.39     -1.78     15.12
   834926.748696 16.364454  0.000397 58.403992    -71.32    175.11    -31.75
   835019.871700 16.364314  0.000393 56.746942    -94.95   -174.47     -1.09
   835112.994705 16.367128  0.000581 60.587135   -122.68    164.01    -15.42
   835206.117709 16.366975  0.000574 58.230227   -152.67     35.44     -2.41
   835299.240714 16.365840  0.000435 56.829424   -176.46    174.57     14.35
   835392.363718 16.363836  0.000155 60.566827    156.15   -121.69     28.24
   835485.486722 16.367257  0.000565 58.192264    125.85    -92.77     -0.93
   835578.609727 16.369384  0.000643 56.988650    102.10    171.08      5.24
   835671.732731 16.368023  0.000551 60.303614     74.90     18.82    -10.68
   835764.855736 16.368349  0.000552 58.452918     44.33    132.25     -9.16
   835857.978740 16.367883  0.000440 56.932677     20.73    174.25    -27.28
   835951.101744 16.368533  0.000561 60.098632     -6.47     92.25      1.64
   836044.224749 16.369568  0.000540 58.789809    -37.00    -19.77    -17.12
   836137.347753 16.367185  0.000313 56.674521    -60.74     85.98     15.82
   836230.470758 16.369604  0.000547 60.108405    -87.81    155.37      8.25
   836323.593762 16.369269  0.000449 58.977169   -118.25    176.41    -29.52
   836416.716767 16.369330  0.000485 56.437207   -142.46     50.26     -8.86
   836509.839771 16.369330  0.000417 60.227368   -169.05   -172.65     29.80
   836602.962775 16.368516  0.000308 58.955289    160.40    -39.15     -5.50
   836696.085780 16.371515  0.000583 56.481568    135.77    -36.94      2.50
   836789.208784 16.368551  0.000227 60.092136    109.83   -141.87     36.79
   836882.331789 16.371138  0.000536 59.051824     78.98    103.79      5.10
   836975.454793 16.369177  0.000243 56.639033     54.11   -162.62     36.73
   837068.577798 16.369982  0.000311 59.701717     28.65   -100.91     18.68
   837161.700802 16.370299  0.000320 59.416175     -2.46   -101.82    -10.68
   837254.823806 16.370378  0.000281 56.655099    -27.51    167.22    -39.77
   837347.946811 16.372574  0.000533 59.278951    -52.73    -78.55      4.96
   837441.069815 16.374168  0.000574 59.885463    -83.70     -2.89     13.67
   837534.192820 16.373755  0.000535 56.488935   -109.23     17.81    -11.34
   837627.315824 16.373368  0.000516 59.059108   -134.13    -69.62     -9.79
   837720.438829 16.371353  0.000233 60.169619   -164.78    162.10    -42.80
   837813.561833 16.374026  0.000535 56.409382    168.86   -121.03     -7.28
   837906.684837 16.371289  0.000136 58.950661    144.49    -89.62    -10.12
   837999.807842 16.375630  0.000606 60.179745    114.11   -147.13      0.97
   838092.930846 16.373746  0.000398 56.672487     86.86     97.89    -14.82
   838186.053851 16.375018  0.000455 58.614396     63.18   -161.20     26.86
   838279.176855 16.375086  0.000503 60.219940     32.94    -70.81      5.82
   838372.299859 16.373570  0.000258 57.109063      5.07    -46.71    -33.05
   838465.422864 16.376516  0.000542 58.035600    -18.26   -168.70    -13.52
   838558.545868 16.375743  0.000478 60.424502    -48.22     -9.20     11.92
   838651.668873 16.373247  0.000092 57.486141    -76.62    134.33    -30.76
   838744.791877 16.376429  0.000495 57.416879   -100.03    108.68      8.58
   838837.914882 16.374819  0.000237 60.698265   -129.22     23.33     33.41
   838931.037886 16.375942  0.000356 57.691843   -158.31   -104.12     18.08
   839024.160890 16.375978  0.000334 57.086987    178.08     44.54     -0.54
   839117.283895 16.374813  0.000100 60.679208    149.92    111.08    -13.62
   839210.406899 16.378537  0.000565 58.013750    119.98     72.74     -0.83
   839303.529904 16.379556  0.000560 56.953542     96.15    -27.10    -15.05
   839396.652908 16.376554  0.000262 60.297290     69.00    137.05    -11.36
   839489.775913 16.377380  0.000327 58.640416     38.31   -150.33      7.71
   839582.898917 16.379883  0.000506 56.775636     14.23   -164.19     23.13
   839676.021921 16.378555  0.000429 59.773811    -12.13    136.45      5.80
   839769.144926 16.381632  0.000613 59.395413    -43.03    -12.51      2.46
   839862.267930 16.377866  0.000238 56.498585    -67.82     97.99     10.28
   839955.390935 16.380813  0.000555 59.345307    -93.38    141.65      5.39
   840048.513939 16.377810  0.000162 59.979974   -124.11    156.26    -46.19
   840141.636944 16.379638  0.000381 56.360468   -150.11    -13.03     -0.60
   840234.759948 16.382400  0.000574 59.002648   -174.72    155.29    -15.27
   840327.882952 16.382623  0.000599 60.201281    154.90   -146.09      4.63
   840421.005957 16.380286  0.000334 56.686219    127.56   -152.35      5.48
   840514.128961 16.380255  0.000282 58.437705    103.89    159.91    -38.57
   840607.251966 16.381354  0.000428 60.309940     73.94    -49.11      5.16
   840700.374970 16.379908  0.000155 57.337586     45.48     58.32      9.83
   840793.497974 16.380956  0.000285 57.638533     22.23     68.71     23.21
   840886.620979 16.381647  0.000364 60.428908     -7.02     42.61      0.08
   840979.743983 16.380227  0.000080 58.030403    -36.33   -106.12     17.73
   841072.866988 16.383987  0.000549 56.856807    -59.88     57.33     -4.69
   841165.989992 16.383495  0.000429 60.482571    -87.85    143.50    -25.29
   841259.112997 16.382283  0.000267 58.574848   -117.94     92.66     11.68
   841352.236001 16.383771  0.000425 56.494137   -142.25     -8.30     11.55
   841445.359005 16.387175  0.000641 60.157701   -168.65   -177.86      0.84
   841538.482010 16.384859  0.000509 59.129464    160.61    -80.70      7.60
   841631.605014 16.385489  0.000478 56.567935    135.29    -34.10    -22.32
   841724.728019 16.385954  0.000514 59.348752    110.33   -139.56     17.48
   841817.851023 16.385895  0.000509 59.843809     79.35    108.77     -9.38
   841910.974028 16.385403  0.000378 56.811262     52.96   -160.06     33.56
   842004.097032 16.386202  0.000483 58.361466     28.87    -84.16      8.13
   842097.220036 16.384360  0.000198 60.498247     -1.49    -85.54    -13.07
   842190.343041 16.386265  0.000404 57.137395    -29.28    176.30    -22.44
   842283.466045 16.387831  0.000562 57.543612    -53.03    -44.19      5.38
   842376.589050 16.386576  0.000383 60.752286    -82.11     15.23     38.16
   842469.712054 16.388379  0.000570 57.664364   -111.48     66.72     -1.61
   842562.835059 16.390002  0.000614 57.067820   -135.25    -16.09      5.46
   842655.958063 16.389837  0.000607 60.363980   -162.73   -160.11     -3.50
   842749.081067 16.389171  0.000557 58.607943    166.69    -38.24      5.30
   842842.204072 16.391252  0.000634 56.730881    142.39      3.12      5.41
   842935.327076 16.388007  0.000386 59.591053    116.38    -26.89     -1.91
   843028.450081 16.388263  0.000353 59.692372     85.39   -169.77     29.18
   843121.573085 16.391583  0.000617 56.543714     59.83     23.12     -3.78
   843214.696089 16.390327  0.000542 58.733087     35.01    105.04     -6.76
   843307.819094 16.387399  0.000122 60.458106      4.59    135.85    -33.41
   843400.942098 16.390333  0.000479 56.746323    -22.86     31.90     -9.56
   843494.065103 16.389653  0.000348 57.972817    -46.71   -168.44     25.74
   843587.188107 16.390940  0.000446 60.598763    -75.95     -2.00    -20.85
   843680.311112 16.390337  0.000385 57.570348   -105.28      9.07      8.04
   843773.434116 16.392803  0.000544 57.237280   -128.82     -9.19    -22.19
   843866.557120 16.392014  0.000522 60.184137   -156.59   -147.19     -8.38
   843959.680125 16.393751  0.000584 58.819824    172.87     -9.98     13.23
   844052.803129 16.391906  0.000405 56.572319    148.62     49.89     22.93
   844145.926134 16.392025  0.000428 59.524222    122.46     73.16     -8.38
   844239.049138 16.394726  0.000588 59.896170     91.74     -4.82    -14.36
   844332.172143 16.392384  0.000387 56.392712     65.74    177.38     -6.89
   844425.295147 16.392397  0.000338 58.704362     41.17    -58.26    -23.63
   844518.418151 16.392044  0.000264 60.439655     11.08    -23.91    -25.36
   844611.541156 16.393922  0.000475 56.979661    -17.12    -87.04    -11.71
   844704.664160 16.393188  0.000332 57.767090    -40.65    165.10    -40.32
   844797.787165 16.394797  0.000520 60.357011    -69.50    -92.60      6.64
   844890.910169 16.396898  0.000611 58.219406    -99.39    -17.63      1.95
   844984.033174 16.394319  0.000352 56.801213   -123.08     -9.55    -24.84
   845077.156178 16.394663  0.000419 59.893215   -150.18   -121.76     -7.12
   845170.279182 16.394282  0.000306 59.476322    179.19     18.03     41.63
   845263.402187 16.394941  0.000362 56.318295    153.93    167.49     -6.41
   845356.525191 16.397529  0.000571 59.113422    128.74    169.31     12.93
   845449.648196 16.394675  0.000258 60.246039     98.38    149.74    -21.63
   845542.771200 16.396730  0.000472 56.746911     70.80    -20.37     11.27
   845635.894204 16.396347  0.000362 58.045850     47.12    162.68    -34.92
   845729.017209 16.397204  0.000473 60.388144     17.86   -161.35     -7.90
   845822.140213 16.399324  0.000594 57.960988    -11.69    165.74      8.24
   845915.263218 16.397391  0.000396 56.930909    -35.27     43.21     25.35
   846008.386222 16.397928  0.000475 59.985357    -62.71   -103.13     -8.82
   846101.509227 16.401073  0.000648 59.349082    -93.28     -2.34     -7.45
   846194.632231 16.398351  0.000440 56.306161   -118.38     16.10    -10.87
   846287.755235 16.399399  0.000485 59.178284   -143.71    -40.81    -18.73
   846380.878240 16.399450  0.000471 60.224367   -174.09   -179.48    -20.17
   846474.001244 16.400374  0.000563 56.737057    158.37    -61.52     -1.30
   846567.124249 16.402293  0.000630 58.005235    134.65     -5.19     -6.47
   846660.247253 16.399092  0.000380 60.394080    105.49    -32.87     -1.64
   846753.370258 16.398993  0.000302 58.053398     75.81   -163.48     26.85
   846846.493262 16.402650  0.000607 56.849204     52.12     25.82      6.80
   846939.616266 16.401755  0.000576 59.876096     24.92    124.23      2.26
   847032.739271 16.401808  0.000481 59.536855     -5.71    170.19    -26.70
   847125.862275 16.402238  0.000556 56.321620    -31.18     70.01      3.80
   847218.985280 16.401139  0.000382 58.892398    -56.15    -54.75    -21.65
   847312.108284 16.402351  0.000471 60.394987    -86.33     39.02     19.34
   847405.231289 16.403105  0.000555 56.957650   -114.43    112.75     -1.68
   847498.354293 16.399803  0.000115 57.661667   -138.08     32.39     45.08
   847591.477297 16.401830  0.000382 60.329634   -166.64    -27.76     -2.92
   847684.600302 16.404900  0.000598 58.502618    163.15    153.45    -10.08
   847777.723306 16.404561  0.000545 56.626183    139.03   -146.95     15.72
   847870.846311 16.403133  0.000432 59.495603    112.70   -114.42     -8.23
   847963.969315 16.406397  0.000619 59.994337     82.00    176.82     -6.52
   848057.092319 16.404498  0.000496 56.487494     55.60     27.92    -10.18
   848150.215324 16.406204  0.000599 58.249483     31.25    148.33     -5.50
   848243.338328 16.406951  0.000629 60.599938      1.70   -165.06     -1.90
   848336.461333 16.405063  0.000481 57.534369    -27.49    152.52     10.84
   848429.584337 16.404945  0.000404 57.107812    -51.26     10.17     36.09
   848522.707342 16.406293  0.000549 60.009276    -78.59   -140.95     -5.88
   848615.830346 16.406471  0.000493 59.276069   -109.37    -37.33    -18.12
   848708.953350 16.404402  0.000234 56.531539   -134.56    -29.11    -22.88
   848802.076355 16.405936  0.000437 58.696181   -159.62   -119.97     -8.22
   848895.199359 16.404053  0.000110 60.534123    170.05     49.88     31.46
   848988.322364 16.407685  0.000536 57.044432    142.08   -143.74     -8.56
   849081.445368 16.405199  0.000211 57.356402    118.14   -103.52     -7.03
   849174.568373 16.409365  0.000603 60.488967     90.00   -155.39     10.64
   849267.691377 16.408549  0.000554 58.551421     59.59    109.18     -4.74
   849360.814381 16.405270  0.000074 56.663316     34.91   -109.21     15.14
   849453.937386 16.407787  0.000415 59.179996      9.39     -1.58    -10.17
   849547.060390 16.410098  0.000566 60.152281    -21.42    -12.40      9.76
   849640.183395 16.406729  0.000176 56.969566    -48.53    -96.62     17.61
   849733.306399 16.410010  0.000558 57.498980    -72.54    117.96      3.45
   849826.429404 16.407256  0.000202 60.697828   -101.48   -159.88     47.22
   849919.552408 16.409258  0.000436 58.202570   -131.27    -76.13     10.13
   850012.675412 16.407940  0.000207 56.592803   -155.84    -91.94    -13.27
   850105.798417 16.409132  0.000320 59.662310    178.25    165.17    -28.89
   850198.921421 16.411380  0.000566 59.763261    147.38    -56.69      1.13
   850292.044426 16.412312  0.000544 56.923945    120.55      7.14     20.04
   850385.167430 16.411924  0.000547 57.772559     96.65     33.29     -7.12
   850478.290434 16.412662  0.000557 60.542787     67.18    -36.49    -11.00
   850571.413439 16.411956  0.000468 58.252457     37.76   -179.26    -22.95
   850664.536443 16.412729  0.000553 56.432336     13.35    -77.61     -4.64
   850757.659448 16.412905  0.000490 59.877605    -13.00    -12.02    -28.33
   850850.782452 16.412316  0.000459 59.690067    -43.64    -82.23      8.76
   850943.905457 16.414605  0.000594 56.738364    -70.55    162.68      6.84
   851037.028461 16.412836  0.000400 58.047477    -94.41     -5.77    -26.26
   851130.151465 16.412964  0.000446 60.345808   -123.87     60.50     -6.53
   851223.274470 16.412077  0.000281 58.348614   -153.45     15.47     44.24
   851316.397474 16.412964  0.000365 56.472436   -177.60    -12.20     -9.02
   851409.520479 16.415379  0.000561 59.676264    155.82    168.75     12.72
   851502.643483 16.412697  0.000245 59.957238    125.33    -26.80    -25.19
   851595.766488 16.414503  0.000448 56.577869     98.30    -19.26     10.55
   851688.889492 16.414880  0.000414 58.027758     74.30    -17.13    -32.36
   851782.012496 16.415646  0.000508 60.375828     45.25   -156.13     -8.07
   851875.135501 16.416704  0.000536 58.343996     15.30    -10.61     13.52
   851968.258505 16.414190  0.000266 56.635125     -8.92     50.73     31.56
   852061.381510 16.416625  0.000544 59.294921    -35.13     90.17     -5.21
   852154.504514 16.418944  0.000639 60.234941    -65.76      2.44     10.28
   852247.627519 16.417540  0.000552 56.729451    -92.95   -136.91     -6.71
   852340.750523 16.418910  0.000607 57.611602   -117.08    -24.86      1.83
   852433.873527 16.419275  0.000607 60.536599   -145.62     19.51      2.76
   852526.996532 16.417236  0.000455 58.467121   -175.85    -18.98      9.56
   852620.119536 16.416748  0.000324 56.639556    159.37   -165.38     37.40
   852713.242541 16.419079  0.000572 59.024430    133.97     37.89     -3.63
   852806.365545 16.419101  0.000524 60.284901    103.29    140.50    -16.70
   852899.488549 16.416728  0.000243 57.249089     75.54    159.12    -30.08
   852992.611554 16.418263  0.000422 57.037789     51.51     59.93     -9.17
   853085.734558 16.416560  0.000124 60.473838     23.49   -142.49     39.70
   853178.857563 16.419948  0.000531 58.958784     -6.86     34.21     -7.62
   853271.980567 16.417799  0.000220 56.481980    -32.54     82.15    -11.01
   853365.103572 16.421735  0.000577 58.720975    -57.17     23.23     10.60
   853458.226576 16.420975  0.000566 60.277536    -87.35    -73.80     -1.90
   853551.349580 16.417639  0.000075 57.856535   -116.18    125.11    -32.07
   853644.472585 16.420455  0.000425 56.665405   -140.10   -170.20    -13.86
   853737.595589 16.422180  0.000551 59.928222   -167.34    170.44     13.40
   853830.718594 16.419246  0.000194 59.757456    162.20    127.21    -12.19
   853923.841598 16.422177  0.000529 56.487107    135.49    -44.50      7.36
   854016.964603 16.419237  0.000095 58.094880    111.33     90.21     -2.71
   854110.087607 16.421148  0.000361 60.374443     82.23    138.28      0.03
   854203.210611 16.422438  0.000448 58.421545     52.24    132.49    -21.22
   854296.333616 16.424652  0.000585 56.581894     27.81     10.38    -13.46
   854389.456620 16.422722  0.000458 59.053507      1.88    156.68      8.83
   854482.579625 16.420531  0.000102 60.427163    -28.59   -142.21     41.86
   854575.702629 16.423875  0.000503 57.026462    -56.45    -97.77      8.71
   854668.825634 16.423891  0.000446 57.168247    -80.57    178.68     19.93
   854761.948638 16.424867  0.000498 60.301586   -108.23     31.45     18.78
   854855.071642 16.423731  0.000408 59.118133   -138.88   -178.48      5.15
   854948.194647 16.423171  0.000277 56.682279   -164.74   -164.20     41.53
   855041.317651 16.425857  0.000556 58.169566    170.80   -145.90     -7.53
   855134.440656 16.424640  0.000394 60.533534    140.93    127.79    -24.21
   855227.563660 16.423342  0.000193 58.156879    111.73   -102.28     21.55
   855320.686664 16.424954  0.000383 56.388170     87.15      5.21      5.43
   855413.809669 16.427588  0.000558 59.630531     61.01      5.76     18.28
   855506.932673 16.425344  0.000370 59.981235     30.54    -35.44     -1.51
   855600.055678 16.427841  0.000552 57.079523      2.70    166.99     13.04
   855693.178682 16.425446  0.000274 57.346906    -21.06    -14.41    -33.88
   855786.301687 16.426379  0.000412 60.061511    -49.25      6.92      3.14
   855879.424691 16.430240  0.000656 59.437295    -79.70     -3.54     -5.13
   855972.547695 16.428681  0.000566 56.351207   -105.47   -116.11      3.46
   856065.670700 16.425978  0.000205 58.278649   -130.28     61.19      2.18
   856158.793704 16.429109  0.000520 60.590812   -159.66   -177.03    -18.29
   856251.916709 16.427859  0.000400 58.021371    170.68   -178.28      6.01
   856345.039713 16.428163  0.000358 56.687085    146.17    159.95    -35.25
   856438.162718 16.428445  0.000406 59.165549    120.33     -4.70    -11.59
   856531.285722 16.430489  0.000556 60.256073     89.66    143.35    -13.39
   856624.408726 16.431953  0.000632 57.322683     61.83   -163.94     -3.61
   856717.531731 16.429480  0.000430 56.839925     37.64    161.96      9.94
   856810.654735 16.427589  0.000145 60.252885     10.10     33.40     42.35
   856903.777740 16.430933  0.000521 59.410549    -20.39   -102.99      6.71
   856996.900744 16.431577  0.000503 56.661015    -47.05     -8.25     16.54
   857090.023749 16.432955  0.000590 57.923387    -71.12     21.89      7.69
   857183.146753 16.431191  0.000485 60.275719   -100.26    -29.36      7.85
   857276.269757 16.432906  0.000533 58.885436   -130.27   -173.49     22.26
   857369.392762 16.431329  0.000414 56.294052   -155.33      5.77    -12.13
   857462.515766 16.430090  0.000206 58.732886    179.26     53.29      6.98
   857555.638771 16.433171  0.000507 60.529680    149.44     33.79     18.31
   857648.761775 16.433200  0.000534 57.668585    120.27    -42.08      6.86
   857741.884780 16.434641  0.000554 56.790907     95.99    168.85    -17.06
   857835.007784 16.433526  0.000500 59.381411     69.68   -107.26      9.16
   857928.130788 16.433922  0.000483 60.140778     38.95    -43.99    -17.13
   858021.253793 16.433016  0.000364 57.201001     11.39   -139.05     30.91
   858114.376797 16.434890  0.000566 56.905991    -12.83    118.39      3.94
   858207.499802 16.431548  0.000117 60.283909    -40.51    -35.11    -47.36
   858300.622806 16.434089  0.000434 59.400089    -70.98      6.28     -9.52
   858393.745810 16.436603  0.000580 56.687427    -97.71    -16.51      9.39
   858486.868815 16.433440  0.000257 57.817440   -121.78   -123.91     29.68
   858579.991819 16.436106  0.000551 60.237235   -150.75    107.71     -1.42
   858673.114824 16.435133  0.000373 59.074624    179.12   -166.23     34.87
   858766.237828 16.436268  0.000505 56.304961    153.74   -104.05     10.05
   858859.360833 16.434631  0.000281 58.422142    128.61   -156.58     21.12
   858952.483837 16.434190  0.000170 60.579540     99.12    111.77     -3.37
   859045.606841 16.437292  0.000531 58.056280     69.46    -78.24     -7.49
   859138.729846 16.439808  0.000642 56.647134     44.79     -2.42     -3.13
   859231.852850 16.437023  0.000443 58.911874     19.15      8.21    -11.54
   859324.975855 16.437180  0.000399 60.400392    -11.29    -52.75    -20.91
   859418.098859 16.436381  0.000286 57.702682    -39.73    162.37    -28.75
   859511.221864 16.438444  0.000513 56.498024    -64.17    -94.13     -8.14
   859604.344868 16.437747  0.000378 59.763980    -90.79    -16.43    -38.39
   859697.467872 16.438708  0.000490 59.941785   -121.24    -91.15      9.18
   859790.590877 16.440963  0.000609 57.196468   -149.23    163.52      6.04
   859883.713881 16.439455  0.000442 57.085001   -173.14     -0.34    -23.41
   859976.836886 16.439441  0.000474 59.801371    159.22     76.79     -7.47
   860069.959890 16.437102  0.000093 59.926484    128.69     73.34     13.12
   860163.082895 16.440556  0.000514 56.657547    101.81     29.70     -9.53
   860256.205899 16.438472  0.000237 57.407721     77.39   -142.44     14.87
   860349.328903 16.442870  0.000624 60.341494     49.35     14.58     -5.20
   860442.451908 16.440703  0.000470 59.177389     18.75     80.85     -9.54
   860535.574912 16.440762  0.000395 56.761534     -7.48     12.82     35.66
   860628.697917 16.440605  0.000379 57.653718    -31.84    -63.28      7.71
   860721.820921 16.442608  0.000528 60.443394    -60.91    142.81    -14.94
   860814.943925 16.442809  0.000512 59.018012    -90.85   -145.35     17.87
   860908.066930 16.442343  0.000489 56.287132   -116.71    -96.21     -9.60
   861001.189934 16.444724  0.000596 58.354284   -141.47   -178.00     13.20
   861094.312939 16.443722  0.000571 60.331461   -170.74     58.97      3.75
   861187.435943 16.442431  0.000382 58.656867    159.22   -173.64     26.61
   861280.558948 16.441272  0.000207 56.481940    134.17   -108.14     25.55
   861373.681952 16.443942  0.000514 58.330175    108.85    -88.17     -7.64
   861466.804956 16.446539  0.000632 60.676253     79.17    178.28     -1.26
   861559.927961 16.444149  0.000472 58.138248     49.75     20.78    -10.10
   861653.050965 16.445116  0.000504 56.456290     24.63    137.83    -17.01
   861746.173970 16.444751  0.000441 58.875079     -0.67    177.08    -25.50
   861839.296974 16.445805  0.000571 60.278239    -30.82    111.88     -1.60
   861932.419979 16.447949  0.000642 58.230568    -59.96     -2.75     -8.73
   862025.542983 16.444472  0.000348 56.322209    -84.61    139.00      3.47
   862118.665987 16.444636  0.000326 59.038972   -110.64   -164.32     24.25
   862211.788992 16.447450  0.000565 60.464102   -140.58   -149.58     12.14
   862304.911996 16.446897  0.000521 57.686852   -169.66    139.64      6.68
   862398.035001 16.449165  0.000625 56.704500    165.82     -6.42     -8.30
   862491.158005 16.446416  0.000422 59.023802    139.82     95.62     11.61
   862584.281010 16.449243  0.000627 60.399460    109.36    158.02     -1.39
   862677.404014 16.445371  0.000211 57.759640     80.86    145.26    -21.23
   862770.527018 16.446971  0.000389 56.410545     56.17      0.86      8.04
   862863.650023 16.450738  0.000636 59.457616     29.95    178.01     -1.43
   862956.773027 16.448598  0.000509 60.150960     -0.30    -96.41      6.86
   863049.896032 16.447801  0.000359 57.674270    -29.04    -50.52    -25.06
   863143.019036 16.450727  0.000594 56.675873    -53.28   -155.17      8.56
   863236.142040 16.448988  0.000475 59.148724    -79.83     75.55     -8.16
   863329.265045 16.451024  0.000559 60.486722   -110.14   -173.11     20.01
   863422.388049 16.450256  0.000543 57.414991   -138.60   -100.74      6.30
   863515.511054 16.447693  0.000186 56.666707   -163.24   -131.44     12.87
   863608.634058 16.449147  0.000335 59.401146    170.55    167.40    -27.52
   863701.757063 16.451100  0.000547 60.134400    140.04    -39.70      5.54
   863794.880067 16.448682  0.000211 57.778544    111.59     26.37     43.82
   863888.003071 16.451236  0.000496 56.454012     87.19     80.81     10.24
   863981.126076 16.450247  0.000333 59.329593     60.61     12.78     23.83
   864074.249080 16.449970  0.000273 60.372267     30.51   -121.76     28.80
   864167.372085 16.451084  0.000400 57.505519      1.70     68.24     -9.91
   864260.495089 16.451066  0.000329 56.751808    -22.76    165.82    -40.63
   864353.618094 16.451946  0.000436 59.048830    -48.97    105.90      9.80
   864446.741098 16.452136  0.000382 60.420022    -79.38      8.04     25.39
   864539.864102 16.454083  0.000542 57.809692   -107.94   -144.35     13.94
   864632.987107 16.453219  0.000472 56.353233   -132.75    -27.13     10.62
   864726.110111 16.455459  0.000592 59.255726   -158.77      3.88     16.12
   864819.233116 16.452918  0.000402 60.236965    171.16    -11.38     -5.68
   864912.356120 16.452473  0.000280 58.016742    141.98   -163.53     30.45
   865005.479125 16.456437  0.000613 56.504437    117.41     25.07      0.93
   865098.602129 16.455403  0.000559 58.708721     91.41    112.56     -3.27
   865191.725133 16.453224  0.000267 60.636341     61.50    158.95    -40.55
   865284.848138 16.455884  0.000555 57.994431     32.29     52.54     -4.18
   865377.971142 16.453284  0.000192 56.470105      7.11    -92.65    -11.93
   865471.094147 16.457779  0.000613 58.685845    -18.18     21.70      1.77
   865564.217151 16.455927  0.000490 60.310405    -48.11     88.39     -8.70
   865657.340155 16.455241  0.000350 58.636180    -77.61     15.02     41.43
   865750.463160 16.455746  0.000401 56.235378   -102.90    -59.66      9.50
   865843.586164 16.457499  0.000504 58.365526   -128.25    145.26    -19.82
   865936.709169 16.458214  0.000556 60.498097   -157.46   -145.75     12.32
   866029.832173 16.456869  0.000433 58.638156    172.48    -97.71    -10.89
   866122.955178 16.460117  0.000615 56.624980    146.82   -175.55      7.47
   866216.078182 16.458777  0.000568 57.790311    122.04     53.95     -0.83
   866309.201186 16.458337  0.000470 60.447972     92.88    179.59     22.37
   866402.324191 16.456820  0.000278 59.179283     62.92   -112.31     24.92
   866495.447195 16.458515  0.000456 56.427542     36.41    -85.22    -13.04
   866588.570200 16.461509  0.000621 57.736475     11.92    177.70     -8.21
   866681.693204 16.458802  0.000447 60.045178    -16.44     12.44     -8.55
   866774.816209 16.459794  0.000470 59.627842    -46.96    145.11    -21.96
   866867.939213 16.459721  0.000436 56.826332    -73.69   -179.72    -21.50
   866961.062217 16.460976  0.000561 56.992717    -98.30    115.70     -1.32
   867054.185222 16.463121  0.000656 60.127453   -125.95     -1.46     -3.47
   867147.308226 16.459664  0.000391 59.739919   -156.37    163.24     -2.29
   867240.431231 16.458437  0.000157 57.241021    175.76   -132.35     18.37
   867333.554235 16.461154  0.000451 56.816963    151.54   -133.88     21.53
   867426.677240 16.461257  0.000459 59.378144    124.41    165.61      9.99
   867519.800244 16.463260  0.000562 60.419627     94.16     10.65     17.93
   867612.923248 16.461018  0.000376 57.451078     65.70    162.47     -1.01
   867706.046253 16.461592  0.000378 56.585329     40.85   -175.70     27.80
   867799.169257 16.464254  0.000599 59.036082     14.95   -166.26     -8.54
   867892.292262 16.462737  0.000487 60.286955    -15.26     96.34     -9.98
   867985.415266 16.460156  0.000085 58.402502    -44.44   -128.79     36.26
   868078.538270 16.462738  0.000414 56.219063    -69.63     14.73     -8.86
   868171.661275 16.463513  0.000424 58.431611    -95.14      1.74     25.16
   868264.784279 16.463501  0.000407 60.473790   -124.34     -5.74    -20.59
   868357.907284 16.463206  0.000369 58.753451   -154.44   -162.35      6.74
   868451.030288 16.466989  0.000631 56.668350    179.66     -1.34     -7.38
   868544.153293 16.465536  0.000567 57.499934    154.93     59.59     -0.80
   868637.276297 16.463033  0.000231 60.330194    126.21     22.82     30.87
   868730.399301 16.464471  0.000374 59.540498     96.09     -6.39    -22.17
   868823.522306 16.465903  0.000500 56.715543     68.82    156.43     12.20
   868916.645310 16.463119  0.000124 57.218485     44.47    -35.43    -40.99
   869009.768315 16.465253  0.000400 59.599809     17.01    -38.13      2.69
   869102.891319 16.465639  0.000369 60.187803    -13.52    -40.78    -27.48
   869196.014324 16.467527  0.000532 57.437529    -41.47   -168.97    -13.98
   869289.137328 16.467281  0.000512 56.431210    -66.34    -29.02     10.42
   869382.260332 16.465006  0.000235 59.267745    -92.57     18.21     50.73
   869475.383337 16.468046  0.000562 60.222788   -122.60     80.68      2.73
   869568.506341 16.468658  0.000512 58.347967   -151.98     -2.53     21.99
   869661.629346 16.469108  0.000554 56.385272   -177.08   -139.02     10.69
   869754.752350 16.467705  0.000421 58.087535    157.42     -4.21     11.53
   869847.875355 16.466630  0.000248 60.596708    128.31     26.12     42.77
   869940.998359 16.469370  0.000550 58.917435     98.28     58.10     -4.16
   870034.121363 16.470416  0.000547 56.693105     71.73    -26.82    -16.00
   870127.244368 16.467882  0.000299 57.367554     47.29    162.65    -23.46
   870220.367372 16.468712  0.000387 59.886935     19.05    -99.78    -11.23
   870313.490377 16.467071  0.000105 60.068638    -11.23    -44.38    -32.98
   870406.613381 16.470631  0.000528 57.010826    -39.02   -118.54     -5.61
   870499.736385 16.469380  0.000338 56.770380    -63.73    139.04    -31.42
   870592.859390 16.469766  0.000360 59.251231    -90.15   -119.40     22.42
   870685.982394 16.471344  0.000524 60.258957   -120.47    -23.03      9.37
   870779.105399 16.473541  0.000620 58.306552   -149.45      0.33    -10.84
   870872.228403 16.472120  0.000554 56.198529   -174.74    -93.70      4.31
   870965.351408 16.471227  0.000391 58.329475    159.75    146.39    -31.84
   871058.474412 16.472458  0.000505 60.380525    130.74   -131.24     15.51
   871151.597416 16.473122  0.000550 59.082078    100.46    -53.32     -7.88
   871244.720421 16.469865  0.000106 56.811257     74.04   -113.85     23.91
   871337.843425 16.471965  0.000382 57.030234     49.40    160.83      0.90
   871430.966430 16.475307  0.000615 59.974297     21.49    -17.27     -2.71
   871524.089434 16.472708  0.000394 60.030352     -8.68     63.55     19.02
   871617.212439 16.474152  0.000521 57.344066    -37.06    116.93    -10.65
   871710.335443 16.474251  0.000465 56.693314    -61.69     16.66     30.17
   871803.458447 16.474797  0.000553 58.681806    -87.90    -91.33      3.39
   871896.581452 16.472211  0.000178 60.583035   -117.83     33.03     31.39
   871989.704456 16.473293  0.000302 58.549382   -147.21    150.93    -13.13
   872082.827461 16.476162  0.000562 56.335716   -173.25    131.97     -1.67
   872175.950465 16.475763  0.000475 57.860112    161.93     14.98     27.94
   872269.073470 16.476172  0.000559 59.982670    133.42   -114.60     -2.59
   872362.196474 16.477796  0.000594 59.851861    102.98     -5.86     13.53
   872455.319478 16.477468  0.000578 57.020995     75.66     43.94      6.53
   872548.442483 16.475823  0.000408 56.619911     50.77     -1.59     15.11
   872641.565487 16.474285  0.000173 59.417035     24.18   -140.34     40.72
   872734.688492 16.477460  0.000557 60.190711     -5.93     76.33     -1.95
   872827.811496 16.479542  0.000628 58.386136    -35.21    168.82      1.13
   872920.934500 16.478340  0.000530 56.358563    -60.51   -164.57    -12.94
   873014.057505 16.478721  0.000561 57.831590    -85.95    123.69     -5.22
   873107.180509 16.479658  0.000577 60.463073   -114.64     -1.35    -18.43
   873200.303514 16.478303  0.000504 59.334148   -144.93    119.64      7.15
   873293.426518 16.480423  0.000587 57.079702   -172.25    177.37     14.94
   873386.549523 16.479174  0.000489 56.756637    163.28   -167.96    -15.75
   873479.672527 16.478595  0.000418 59.267576    136.11    100.02    -13.05
   873572.795531 16.476732  0.000124 60.521176    106.14    -57.67    -19.55
   873665.918536 16.479563  0.000484 57.984302     76.99     48.74     -8.12
   873759.041540 16.477127  0.000100 56.515824     51.42     77.31     -0.65
   873852.164545 16.481788  0.000601 57.918648     26.35     33.79      0.25
   873945.287549 16.480409  0.000470 60.190765     -2.70    -65.20    -14.95
   874038.410554 16.478171  0.000155 59.725698    -32.77     52.54     35.97
   874131.533558 16.480115  0.000389 56.791920    -60.19    174.31      2.85
   874224.656562 16.483317  0.000600 56.869675    -84.96    174.80     10.26
   874317.779567 16.479927  0.000278 59.191002   -111.57    114.41      2.96
   874410.902571 16.482858  0.000575 60.321580   -141.81    -27.96      5.57
   874504.025576 16.479793  0.000192 58.529825   -170.93    161.66    -43.39
   874597.148580 16.481398  0.000380 56.208263    163.27    178.31     -0.34
   874690.271585 16.485136  0.000640 57.845547    138.07    166.49     -6.88
   874783.394589 16.483389  0.000517 60.069629    109.76     55.82     11.37
   874876.517593 16.481931  0.000331 59.773084     79.26    -82.38    -16.57
   874969.640598 16.485836  0.000630 57.382181     51.64     12.41      0.74
   875062.763602 16.483593  0.000480 56.355733     26.73     54.16     -9.03
   875155.886607 16.486105  0.000603 58.982862      0.35     -6.60      8.29
   875249.009611 16.484819  0.000524 60.378975    -29.19   -127.98     12.22
   875342.132615 16.482821  0.000278 58.785636    -59.13     45.11      5.83
   875435.255620 16.483528  0.000316 56.687088    -85.25    174.01    -39.22
   875528.378624 16.484904  0.000473 57.037123   -110.20    131.68      8.76
   875621.501629 16.482684  0.000125 59.947670   -138.03     39.82     32.60
   875714.624633 16.484486  0.000360 60.080280   -168.14    -81.73     11.18
   875807.747638 16.484280  0.000278 57.760435    163.06     77.52     -9.00
   875900.870642 16.484291  0.000239 56.523952    138.02    164.54    -39.67
   875993.993646 16.486935  0.000548 57.975190    112.35    101.02      4.26
   876087.116651 16.488580  0.000588 60.488674     83.23     -2.22     15.01
   876180.239655 16.487957  0.000573 59.398565     53.25   -150.33     -6.01
   876273.362660 16.488641  0.000582 56.948670     25.70    -37.43     -7.38
   876366.485664 16.488869  0.000551 56.818320      1.11      3.52    -18.49
   876459.608669 16.488123  0.000525 58.894269    -25.69    -63.97      5.01
   876552.731673 16.490307  0.000623 60.592333    -55.61    176.49      7.16
   876645.854677 16.487814  0.000417 58.565862    -84.97      2.04    -13.98
   876738.977682 16.486961  0.000283 56.456046   -111.36     86.84    -14.41
   876832.100686 16.486840  0.000245 57.440694   -136.12     32.15     44.63
   876925.223691 16.488196  0.000406 59.604229   -164.08      8.74     -0.08
   877018.346695 16.488650  0.000382 60.354701    165.64   -170.56     36.65
   877111.469700 16.489636  0.000466 57.729595    137.14     15.95    -11.97
   877204.592704 16.488016  0.000239 56.351449    111.57     64.25     -2.42
   877297.715708 16.491257  0.000530 58.151320     86.26     22.60     18.89
   877390.838713 16.490657  0.000515 60.049039     57.33    -56.32      5.51
   877483.961717 16.491712  0.000525 59.866418     27.11    164.24    -22.95
   877577.084722 16.491603  0.000529 57.075229     -0.44   -117.58     10.26
   877670.207726 16.491135  0.000445 56.504264    -25.61    -54.64    -20.50
   877763.330730 16.491192  0.000409 58.844154    -51.70   -149.38     29.65
   877856.453735 16.492320  0.000553 60.230652    -81.37    120.36      3.49
   877949.576739 16.490096  0.000235 59.293380   -111.23    -27.59    -42.04
   878042.699744 16.492832  0.000505 56.612723   -137.91     25.79    -10.03
   878135.822748 16.491953  0.000389 56.841294   -162.97      2.75     20.05
   878228.945753 16.491693  0.000331 59.438658    170.13    -11.38    -34.24
   878322.068757 16.492465  0.000433 60.197766    140.03    167.73      5.86
   878415.191761 16.493571  0.000448 58.725727    110.65    -13.91    -31.38
   878508.314766 16.494033  0.000500 56.339160     84.65     26.38    -11.88
   878601.437770 16.495090  0.000552 57.283223     59.40    -14.66     11.71
   878694.560775 16.492323  0.000234 59.855818     31.78   -124.78     29.60
   878787.683779 16.495048  0.000556 60.040680      1.47    102.30     -2.56
   878880.806784 16.495234  0.000473 58.209149    -27.33   -172.40     27.97
   878973.929788 16.495731  0.000538 56.249265    -52.81   -118.05      8.27
   879067.052792 16.494336  0.000353 57.699218    -78.38   -173.38     22.12
   879160.175797 16.493156  0.000171 60.160946   -106.60     61.82     31.01
   879253.298801 16.496066  0.000523 59.808092   -136.98    -89.36     -7.11
   879346.421806 16.498808  0.000635 57.804475   -165.25     -3.01     -2.65
   879439.544810 16.496205  0.000444 56.241095    169.57     16.18    -11.77
   879532.667815 16.497204  0.000504 58.091417    143.67    -45.21    -15.65
   879625.790819 16.497541  0.000491 60.339796    115.01   -179.22    -21.14
   879718.913823 16.497789  0.000551 59.560132     84.70    -57.09      3.18
   879812.036828 16.499925  0.000618 57.496425     56.87      1.65     10.69
   879905.159832 16.497304  0.000425 56.304243     31.87     12.29    -14.13
   879998.282837 16.496486  0.000293 58.420303      5.61    -64.75    -25.84
   880091.405841 16.495926  0.000173 60.418382    -23.38    100.96      5.38
   880184.528845 16.497678  0.000395 59.356621    -53.60   -125.49     -5.58
   880277.651850 16.495914  0.000078 57.276395    -81.05    -82.42     -6.72
   880370.774854 16.500026  0.000567 56.388348   -105.97   -127.20      0.05
   880463.897859 16.499973  0.000504 58.637699   -132.49    136.18    -15.46
   880557.020863 16.497221  0.000179 60.476674   -161.69    -48.98    -16.76
   880650.143868 16.498788  0.000370 59.181380    168.18     33.79     -0.66
   880743.266872 16.499441  0.000367 57.146127    140.97     11.90     39.28
   880836.389876 16.499576  0.000381 56.442264    116.04     -1.19     -9.09
   880929.512881 16.499742  0.000349 58.816619     89.34   -171.16     25.47
   881022.635885 16.502617  0.000594 60.471164     60.03     12.66     -8.02
   881115.758890 16.501179  0.000489 59.081679     30.00     89.36     -9.32
   881208.881894 16.498869  0.000148 57.070594      2.92     29.15     45.49
   881302.004899 16.500962  0.000385 56.488182    -21.99      1.34    -11.45
   881395.127903 16.502698  0.000506 58.882546    -48.82    172.32     19.13
   881488.250907 16.500966  0.000324 60.466116    -78.18    -13.91    -27.43
   881581.373912 16.501841  0.000405 59.063962   -108.21      0.43     10.56
   881674.496916 16.504855  0.000583 57.050812   -135.23     -4.06    -13.52
   881767.619921 16.503896  0.000560 56.478209   -160.18   -123.35     -1.89
   881860.742925 16.501471  0.000241 58.873215    173.02     32.67     20.65
   881953.865930 16.503740  0.000452 60.466390    143.69   -179.74    -22.65
   882046.988934 16.503225  0.000420 59.094867    113.65    177.11      9.98
   882140.111938 16.503897  0.000419 57.099483     86.55    171.49    -35.65
   882233.234943 16.503924  0.000424 56.426789     61.54     16.83    -11.34
   882326.357947 16.506850  0.000619 58.802981     34.82    160.19      1.03
   882419.480952 16.505174  0.000466 60.417823      5.58   -135.72     18.44
   882512.603956 16.504573  0.000406 59.222500    -24.52   -100.58     -9.69
   882605.726960 16.508084  0.000633 57.188875    -51.77   -179.85     -4.08
   882698.849965 16.505933  0.000489 56.360511    -76.82     33.40    -10.10
   882791.972969 16.508147  0.000615 58.619185   -103.36    157.82     -1.45
   882885.095974 16.508049  0.000602 60.382216   -132.44   -150.80      6.06
   882978.218978 16.505653  0.000388 59.403002   -162.65   -170.24     10.29
   883071.341983 16.503972  0.000111 57.362639    169.83    151.59    -47.22
   883164.464987 16.507104  0.000487 56.260833    144.64    -79.94      9.51
   883257.587991 16.506260  0.000335 58.384507    118.39     11.29     28.75
   883350.710996 16.506968  0.000387 60.287476     89.58     53.75     22.74
   883443.834000 16.506742  0.000351 59.622452     59.31     38.91      0.35
   883536.957005 16.505240  0.000089 57.623588     31.41    -32.78    -45.21
   883630.080009 16.509097  0.000554 56.183545      6.05     81.11      4.31
   883723.203014 16.510925  0.000617 58.061680    -19.93    166.15      7.42
   883816.326018 16.510335  0.000570 60.104989    -48.38   -162.94     -9.39
   883909.449022 16.510255  0.000573 59.887388    -78.72    131.84     -3.16
   884002.572027 16.511665  0.000594 57.963788   -107.03      0.90    -10.81
   884095.695031 16.509208  0.000417 56.169078   -132.70    123.53      8.65
   884188.818036 16.510652  0.000483 57.657682   -158.34    177.24     20.93
   884281.941040 16.511903  0.000588 59.850402    173.70   -161.57     -8.40
   884375.064045 16.511183  0.000539 60.106364    143.40    118.59     -9.20
   884468.187049 16.509520  0.000312 58.425832    114.57     -8.02    -42.13
   884561.310053 16.511817  0.000554 56.239173     88.42     73.90     -2.83
   884654.433058 16.510820  0.000379 57.250792     63.05    144.45    -29.22
   884747.556062 16.510824  0.000375 59.426462     35.70     64.60     20.32
   884840.679067 16.512566  0.000530 60.271892      5.60    -24.98      7.66
   884933.802071 16.513892  0.000574 58.962330    -23.71    178.54    -16.10
   885026.925075 16.513177  0.000557 56.476724    -50.46    -98.23      1.38
   885120.048080 16.511340  0.000309 56.848498    -75.74    -36.19    -37.82
   885213.171084 16.514036  0.000552 58.871746   -102.40   -137.13     10.77
   885306.294089 16.513734  0.000519 60.297684   -132.14    121.36    -11.48
   885399.417093 16.510938  0.000141 59.530380   -161.84   -123.84     32.81
   885492.540098 16.512929  0.000389 56.908343    170.61    -13.67      3.42
   885585.663102 16.516424  0.000623 56.554391    145.25    -11.74      3.41
   885678.786106 16.512922  0.000304 58.206669    119.31   -100.19     17.75
   885771.909111 16.515724  0.000585 60.084991     90.19    134.49     -2.35
   885865.032115 16.512011  0.000101 60.080118     60.26   -126.94     37.66
   885958.155120 16.514515  0.000429 57.531782     31.84    -36.13      7.95
   886051.278124 16.516118  0.000494 56.488439      6.04    -20.58    -25.87
   886144.401129 16.517090  0.000579 57.444781    -19.32   -143.14      1.20
   886237.524133 16.514479  0.000305 59.647124    -47.58     50.60      0.37
   886330.647137 16.518066  0.000590 60.452473    -77.43   -178.26    -12.86
   886423.770142 16.516054  0.000448 58.326170   -106.66   -141.76     -7.78
   886516.893146 16.519332  0.000629 56.700135   -133.24    169.95      2.73
   886610.016151 16.518058  0.000554 56.781047   -158.28     45.70     10.67
   886703.139155 16.515638  0.000295 58.919754    174.43   -136.66      4.36
   886796.262160 16.517393  0.000421 60.544642    145.04     -4.74    -30.55
   886889.385164 16.517136  0.000426 59.163094    115.13    -19.49      6.38
   886982.508168 16.516416  0.000275 57.287252     87.56    -28.66    -41.25
   887075.631173 16.517391  0.000345 56.338921     62.37    169.23    -15.38
   887168.754177 16.519667  0.000553 57.994896     36.08    -49.69     -6.53
   887261.877182 16.521254  0.000622 60.247457      7.53     12.92      6.76
   887355.000186 16.518409  0.000425 59.853147    -22.62     27.13     -5.01
   887448.123190 16.519087  0.000415 58.190841    -51.32    -17.69    -35.56
   887541.246195 16.518446  0.000324 56.297753    -77.22    163.59    -12.12
   887634.369199 16.519730  0.000436 57.100445   -102.85    -62.43    -16.89
   887727.492204 16.520904  0.000487 59.493129   -130.21     -1.95    -22.77
   887820.615208 16.520487  0.000503 60.195307   -160.09    -49.35      6.98
   887913.738213 16.520163  0.000374 59.228571    170.30   -170.17     33.77
   888006.861217 16.522286  0.000579 56.809647    143.27     46.61      3.50
   888099.984221 16.522799  0.000590 56.438156    117.71    153.23      6.33
   888193.107226 16.524133  0.000647 58.428308     91.57   -167.95      0.99
   888286.230230 16.521525  0.000471 59.978323     62.53    147.03      7.84
   888379.353235 16.521872  0.000422 60.147241     32.48      9.40     32.43
   888472.476239 16.523259  0.000547 57.778280      4.10   -143.79     -5.58
   888565.599244 16.523407  0.000515 56.352097    -22.10    -46.11    -12.38
   888658.722248 16.521728  0.000312 57.307374    -47.36     -9.91    -35.53
   888751.845252 16.523554  0.000540 59.159268    -75.07    -99.69     -4.89
   888844.968257 16.522622  0.000364 60.572743   -104.86    160.85    -37.95
   888938.091261 16.523499  0.000468 58.979610   -134.35    -97.80     11.58
   889031.214266 16.525682  0.000592 56.984535   -161.87    -21.12      8.31
   889124.337270 16.524939  0.000487 56.532418    172.97      2.91    -21.91
   889217.460275 16.524849  0.000529 57.933090    146.61    -93.08     -5.74
   889310.583279 16.522780  0.000229 60.252153    117.88    149.42    -41.10
   889403.706283 16.525855  0.000555 59.966344     87.98   -123.38      4.17
   889496.829288 16.525655  0.000482 58.175143     59.00    -45.49    -17.37
   889589.952292 16.523116  0.000169 56.549623     32.93   -122.12     35.31
   889683.075297 16.525133  0.000410 56.726132      7.37    164.54      9.04
   889776.198301 16.528874  0.000654 59.199761    -19.83     -2.10      2.11
   889869.321305 16.525645  0.000416 60.228292    -49.23    103.13     10.11
   889962.444310 16.528408  0.000604 59.539175    -79.24    155.44     -3.28
   890055.567314 16.524541  0.000169 57.430925   -106.86    118.11     -6.54
   890148.690319 16.526565  0.000415 56.154746   -132.67    -15.76      9.51
   890241.813323 16.529759  0.000607 57.761871   -158.47    171.41    -11.48
   890334.936328 16.528279  0.000544 59.553472    173.52   -114.18      7.12
   890428.059332 16.526477  0.000303 60.367606    143.41    -61.54    -24.83
   890521.182336 16.530015  0.000603 58.867787    114.28   -152.45      8.91
   890614.305341 16.528502  0.000483 56.634446     87.08     92.28    -10.10
   890707.428345 16.528069  0.000363 56.680629     61.74   -167.38     36.76
   890800.551350 16.528127  0.000377 58.117173     35.40    -65.61      7.81
   890893.674354 16.529879  0.000498 60.143864      6.38    -40.32    -16.31
   890986.797359 16.530512  0.000531 60.135109    -23.40   -148.73     17.62
   891079.920363 16.529752  0.000482 58.016620    -52.35     88.75    -10.03
   891173.043367 16.531625  0.000547 56.660568    -78.66   -172.71     21.82
   891266.166372 16.530893  0.000538 56.658432   -104.04   -103.89      6.66
   891359.289376 16.528337  0.000191 58.890020   -131.29   -127.69     11.44
   891452.412381 16.530385  0.000405 60.369908   -160.41    174.74    -24.09
   891545.535385 16.531281  0.000501 59.575706    169.52    -25.44      9.47
   891638.658390 16.528574  0.000094 57.851060    141.41    134.45    -35.55
   891731.781394 16.530613  0.000361 56.179122    115.51    127.95      7.58
   891824.904398 16.530596  0.000314 57.231581     89.69    127.05    -30.03
   891918.027403 16.532724  0.000489 59.319092     62.30      5.67    -21.55
   892011.150407 16.532894  0.000528 60.235276     32.47    150.67      8.99
   892104.273412 16.530167  0.000151 59.564221      2.87   -148.40     47.14
   892197.396416 16.533273  0.000508 57.113303    -24.87    -86.38      6.66
   892290.519420 16.531838  0.000292 56.403460    -50.74   -166.17     30.48
   892383.642425 16.531846  0.000263 57.541253    -76.38     68.48     23.42
   892476.765429 16.533249  0.000434 59.407687   -104.57   -101.57    -10.36
   892569.888434 16.535210  0.000535 60.557666   -134.27     -6.31    -23.64
   892663.011438 16.533324  0.000392 58.905546   -163.77    -25.66      2.14
   892756.134443 16.532029  0.000152 57.164737    168.66    -66.31    -28.23
   892849.257447 16.532793  0.000212 56.358239    143.26    112.09      3.50
   892942.380451 16.534414  0.000403 57.608884    116.98    -95.18    -12.54
   893035.503456 16.535004  0.000401 59.923852     88.82    -10.99    -33.71
   893128.626460 16.535260  0.000450 60.135252     58.98    -61.79      6.96
   893221.749465 16.535056  0.000359 59.017338     29.50   -172.65     32.23
   893314.872469 16.537256  0.000544 56.907336      2.48     42.93     11.92
   893407.995474 16.536564  0.000473 56.271293    -23.33    159.84     14.24
   893501.118478 16.537758  0.000513 58.055813    -49.42   -166.90     24.54
   893594.241482 16.536326  0.000426 59.631837    -77.85   -164.64     -6.25
   893687.364487 16.534788  0.000151 60.422631   -107.83    114.34    -26.94
   893780.487491 16.536725  0.000381 58.785843   -136.92   -109.92     18.49
   893873.610496 16.537219  0.000404 56.771396   -164.28     -1.88     15.07
   893966.733500 16.538950  0.000505 56.575886    170.28     14.12     25.25
   894059.856505 16.537376  0.000388 57.709312    144.00     -5.10     -3.30
   894152.979509 16.536762  0.000268 59.957386    115.44   -166.74     38.43
   894246.102513 16.540335  0.000596 60.247457     85.76     35.42      1.74
   894339.225518 16.540223  0.000567 58.777542     56.24    133.94     -5.79
   894432.348522 16.538789  0.000373 57.052543     29.21    173.04    -33.11
   894525.471527 16.540244  0.000549 56.192169      3.54     77.57     -2.35
   894618.594531 16.539340  0.000375 57.933669    -22.78    -33.75    -30.02
   894711.717535 16.539500  0.000393 59.726284    -50.92     65.28     18.35
   894804.840540 16.541458  0.000563 60.236617    -80.96    152.25      6.89
   894897.963544 16.541797  0.000522 59.141537   -110.17   -179.18    -23.29
   894991.086549 16.541602  0.000551 56.816780   -137.64     82.77     -3.66
   895084.209553 16.539144  0.000227 56.492799   -163.42    -34.35    -42.29
   895177.332558 16.542594  0.000554 57.561471    170.67     45.58      6.54
   895270.455562 16.542146  0.000497 59.513851    142.33    121.12    -11.51
   895363.578566 16.539407  0.000125 60.512608    112.77     68.67     23.93
   895456.701571 16.541422  0.000401 59.021149     83.18      1.06     -0.01
   895549.824575 16.544549  0.000594 57.396145     55.45    176.83     15.17
   895642.947580 16.541058  0.000256 56.238507     29.76    -59.68      4.48
   895736.070584 16.544330  0.000571 57.274767      3.59    -24.22      8.12
   895829.193589 16.541767  0.000287 59.455078    -24.01    -11.32    -39.80
   895922.316593 16.542844  0.000415 60.168328    -53.67   -155.15     -2.96
   896015.439597 16.545407  0.000550 59.704082    -83.39      1.78     17.98
   896108.562602 16.542758  0.000317 57.488592   -111.31    112.72      7.26
   896201.685606 16.545949  0.000582 56.293742   -137.66    144.20     -0.32
   896294.808611 16.541947  0.000124 57.128434   -163.21     50.05     40.87
   896387.931615 16.544687  0.000471 58.692405    169.35    -42.64      8.49
   896481.054620 16.544977  0.000424 60.460581    140.04    162.87    -34.85
   896574.177624 16.546470  0.000577 59.760582    110.33   -141.36     -3.45
   896667.300628 16.544085  0.000258 58.073975     81.55   -151.19     18.19
   896760.423633 16.546669  0.000481 56.599073     55.23   -178.31    -21.80
   896853.546637 16.545348  0.000381 56.441471     29.45     21.59     -3.90
   896946.669642 16.548949  0.000626 58.505968      2.63    169.01     -7.31
   897039.792646 16.547841  0.000573 59.933084    -26.04   -132.06      4.68
   897132.915650 16.545222  0.000246 60.195586    -56.11   -143.62     14.77
   897226.038655 16.547203  0.000427 58.776340    -85.00   -179.82    -27.88
   897319.161659 16.546909  0.000406 56.669058   -112.32    -12.28      9.60
   897412.284664 16.547081  0.000364 56.543116   -138.04    163.61    -38.56
   897505.407668 16.547866  0.000446 57.558453   -164.17   -168.46    -13.38
   897598.530673 16.549952  0.000584 59.565502    167.46    156.44      3.41
   897691.653677 16.547927  0.000375 60.460323    138.00     36.63     30.44
   897784.776681 16.549148  0.000517 59.174842    108.30    -92.48     -7.00
   897877.899686 16.551491  0.000605 57.635775     80.41      2.44     13.94
   897971.022690 16.550518  0.000577 56.172993     54.39     55.50     -0.58
   898064.145695 16.549670  0.000445 57.021192     28.33     -2.56     21.77
   898157.268699 16.548028  0.000228 58.936258      1.19   -118.49     27.66
   898250.391704 16.550509  0.000524 60.069381    -28.17     94.46     -6.59
   898343.514708 16.552841  0.000619 60.162212    -57.93   -177.50      9.25
   898436.637712 16.551547  0.000555 58.123595    -86.58   -135.87     -4.76
   898529.760717 16.552823  0.000587 56.659940   -113.60    162.06      8.60
   898622.883721 16.552681  0.000558 56.537502   -139.10     28.35     16.05
   898716.006726 16.550390  0.000366 57.767723   -165.82   -154.49      0.17
   898809.129730 16.549725  0.000230 59.939260    165.81    -18.33    -47.89
   898902.252735 16.551311  0.000414 60.163421    136.14    -58.88      7.52
   898995.375739 16.550072  0.000169 59.294860    106.54   -114.64      3.84
   899088.498743 16.550411  0.000187 57.381389     78.98    107.66      3.98
   899181.621748 16.552781  0.000465 56.150095     52.69    -91.13    -10.35
   899274.744752 16.554575  0.000536 57.201218     26.84     -8.18    -22.20
   899367.867757 16.552264  0.000357 58.678797     -0.48    -31.49     -0.72
   899460.990761 16.551203  0.000151 60.299114    -29.84    -97.72     -7.94
   899554.113765 16.551915  0.000226 60.040364    -59.43     91.81     13.74
   899647.236770 16.553170  0.000366 58.280177    -88.46   -108.30     -9.35
   899740.359774 16.552684  0.000256 56.896042   -115.33    -15.82    -43.13
   899833.482779 16.554734  0.000486 56.216252   -141.11    -85.89      9.73
   899926.605783 16.555717  0.000496 57.756302   -167.66    174.67     18.65
   900019.728788 16.557122  0.000609 59.555297    164.40     24.54      4.57
   900112.851792 16.556153  0.000551 60.211352    134.61    146.83      6.60
   900205.974796 16.558099  0.000622 59.721861    105.12   -171.05     13.05
   900299.097801 16.555081  0.000386 57.529634     76.92    177.41     -2.75
   900392.220805 16.553663  0.000129 56.512690     50.35     56.46     14.37
   900485.343810 16.556508  0.000437 56.673345     24.73   -128.70     19.22
   900578.466814 16.556618  0.000445 58.172177     -2.40    -12.71     11.06
   900671.589819 16.558366  0.000531 60.125146    -31.00     12.22     20.56
   900764.712823 16.556523  0.000408 60.083162    -60.74     -1.78     -3.98
   900857.835827 16.555279  0.000177 59.172913    -90.16   -155.36     36.37
   900950.958832 16.559257  0.000576 57.199962   -117.62     40.92      9.15
   901044.081836 16.559467  0.000582 56.197022   -144.00    141.41      2.63
   901137.204841 16.560181  0.000573 57.174224   -169.84    179.96    -17.87
   901230.327845 16.558930  0.000510 58.574993    162.75    101.68      6.19
   901323.450850 16.561161  0.000621 60.288339    133.56    -14.92     -3.51
   901416.573854 16.557858  0.000310 60.084408    103.99    156.64    -16.13
   901509.696858 16.558007  0.000307 58.567375     74.79   -138.67      4.09
   901602.819863 16.559684  0.000432 57.090656     47.65   -161.05     33.45
   901695.942867 16.559050  0.000382 56.104587     21.60    159.24      4.70
   901789.065872 16.561211  0.000518 57.418089     -4.70     -0.99     22.39
   901882.188876 16.560269  0.000429 59.021727    -32.22   -177.37    -17.25
   901975.311880 16.559279  0.000303 60.194710    -61.71   -119.71     -2.08
   902068.434885 16.560780  0.000413 60.118693    -91.27   -154.81     30.58
   902161.557889 16.560597  0.000413 58.206742   -120.11    152.87      5.69
   902254.680894 16.563827  0.000613 56.913064   -147.28     -6.12     10.91
   902347.803898 16.560093  0.000252 56.279156   -173.04    143.27     -8.96
   902440.926903 16.561774  0.000433 57.370672    160.38    174.39     16.85
   902534.049907 16.564609  0.000620 59.369445    132.66   -174.65    -10.96
   902627.172911 16.563168  0.000551 60.096157    103.22     88.08     -2.24
   902720.295916 16.560681  0.000207 60.062331     73.49    -33.03    -43.81
   902813.418920 16.564354  0.000579 58.204515     44.96     43.36      0.84
   902906.541925 16.562585  0.000377 56.674300     17.72    109.88    -19.86
   902999.664929 16.563236  0.000392 56.484971     -8.05     27.14     31.62
   903092.787934 16.563930  0.000487 57.269163    -34.53    -54.04      8.64
   903185.910938 16.565159  0.000510 59.391200    -62.51    162.45    -24.47
   903279.033942 16.565101  0.000538 60.186982    -91.71   -120.40      8.42
   903372.156947 16.564393  0.000424 59.904434   -121.61    -55.17    -19.35
   903465.279951 16.564445  0.000390 58.454630   -150.13   -143.13     29.06
   903558.402956 16.565618  0.000512 56.575927   -177.35    124.86      6.35
   903651.525960 16.564628  0.000354 56.486153    156.63    -22.71    -36.87
   903744.648965 16.567004  0.000578 57.266642    130.45     37.51     -2.30
   903837.771969 16.564130  0.000241 59.065950    102.41     59.03     -0.20
   903930.894973 16.568717  0.000631 60.368982     73.36     12.77     -4.26
   904024.017978 16.566368  0.000475 59.826356     43.51   -105.60     -8.70
   904117.140982 16.566346  0.000395 58.745242     14.66     11.03     35.97
   904210.263987 16.565875  0.000345 56.778849    -12.54    124.73      7.18
   904303.386991 16.569000  0.000587 56.292940    -38.86    147.41     -5.39
   904396.509995 16.566127  0.000287 57.231940    -64.87     43.64     33.07
   904489.633000 16.568505  0.000554 58.620311    -92.55    -63.59      3.60
   904582.756004 16.565105  0.000064 60.324214   -121.60    118.55    -28.01
   904675.879009 16.567614  0.000401 60.022523   -151.20    177.84    -10.54
   904769.002013 16.570595  0.000611 58.955775    179.49    164.10      6.09
   904862.125018 16.566885  0.000217 57.271124    152.05     71.65     24.01
   904955.248022 16.570026  0.000557 56.132739    125.56    -56.10      2.71
   905048.371026 16.566564  0.000090 56.987652     99.52     49.47     32.91
   905141.494031 16.568566  0.000345 58.233403     72.44    146.63     -1.41
   905234.617035 16.571381  0.000577 59.907336     43.54    147.01    -10.17
   905327.740040 16.570859  0.000500 60.374285     14.13     34.81     19.20
   905420.863044 16.570333  0.000468 59.204585    -15.44    -90.87    -10.93
   905513.986049 16.572721  0.000588 57.886417    -43.50      7.97     17.79
   905607.109053 16.571767  0.000554 56.269620    -70.13     73.99      3.56
   905700.232057 16.569185  0.000197 56.545889    -96.34     30.07     25.04
   905793.355062 16.570260  0.000297 57.828907   -122.85    -15.67    -26.10
   905886.478066 16.572220  0.000515 59.261033   -151.22    143.62      6.80
   905979.601071 16.569093  0.000069 60.506147    179.45    -94.64      3.86
   906072.724075 16.571475  0.000406 59.683198    149.89    -52.11      6.40
   906165.847080 16.571325  0.000320 58.466408    121.03    -42.03    -33.04
   906258.970084 16.573884  0.000538 56.838514     94.02   -166.62    -14.99
   906352.093088 16.572969  0.000449 56.153443     67.61    -15.26     13.14
   906445.216093 16.570589  0.000106 57.280872     41.42    141.00    -38.49
   906538.339097 16.572918  0.000408 58.538976     13.92    127.43      7.51
   906631.462102 16.572217  0.000267 60.136544    -15.17    125.38    -29.61
   906724.585106 16.574238  0.000452 60.256405    -44.60      2.52    -20.32
   906817.708110 16.575191  0.000545 59.052304    -74.05    147.82      7.80
   906910.831115 16.572520  0.000220 57.715769   -101.90   -157.28     49.60
   907003.954119 16.575562  0.000549 56.199953   -128.54    -90.49      4.36
   907097.077124 16.574141  0.000338 56.625433   -154.79   -173.23     34.36
   907190.200128 16.574162  0.000308 57.787172    178.62     74.29     19.99
   907283.323133 16.575054  0.000405 59.286997    150.20    -90.81    -12.51
   907376.446137 16.577980  0.000592 60.474648    120.98     -1.06    -13.54
   907469.569141 16.575480  0.000412 59.731331     91.37      5.33     -4.33
   907562.692146 16.576314  0.000414 58.659001     62.47    -27.68    -30.26
   907655.815150 16.576587  0.000437 56.935995     35.26   -174.76    -18.82
   907748.938155 16.578490  0.000588 56.183463      8.69    -41.84     -1.24
   907842.061159 16.579056  0.000573 57.029755    -17.40     15.16     17.02
   907935.184164 16.577346  0.000470 58.172254    -44.74     44.11     -8.52
   908028.307168 16.579531  0.000567 59.951849    -73.49    -19.32    -13.63
   908121.430172 16.578859  0.000534 60.271112   -102.84   -164.21    -11.03
   908214.553177 16.579612  0.000584 59.503983   -132.49    -32.91      2.81
   908307.676181 16.580012  0.000546 58.196416   -160.72     17.43     21.16
   908400.799186 16.578417  0.000433 56.463128    172.14     41.65     -9.03
   908493.922190 16.579658  0.000470 56.453792    145.85    -20.97    -27.30
   908587.045195 16.578524  0.000367 57.112236    119.56    173.96    -17.41
   908680.168199 16.580075  0.000497 58.681242     91.70    -55.59    -14.00
   908773.291203 16.581790  0.000588 60.170136     62.96      3.76    -13.04
   908866.414208 16.579646  0.000434 60.066106     33.30    -26.32      5.30
   908959.537212 16.577782  0.000125 59.491643      3.98   -144.82     37.79
   909052.660217 16.580289  0.000428 57.670677    -24.04     76.36     14.79
   909145.783221 16.579604  0.000295 56.490301    -51.16   -165.40     20.64
   909238.906225 16.578953  0.000202 56.482795    -77.16   -139.11     42.41
   909332.029230 16.581440  0.000486 57.161394   -103.90   -112.10     -8.69
   909425.152234 16.582960  0.000530 59.086358   -131.73    165.32    -22.66
   909518.275239 16.581043  0.000364 59.996026   -160.61    -17.00     -9.71
   909611.398243 16.581318  0.000351 60.209168    169.61    110.85    -18.69
   909704.521248 16.581283  0.000308 59.340986    140.60    170.21    -34.75
   909797.644252 16.583532  0.000559 57.489887    112.37    105.31     -0.49
   909890.767256 16.585993  0.000645 56.670164     85.51     -4.08      2.57
   909983.890261 16.583014  0.000434 56.237927     59.40   -168.47    -14.22
   910077.013265 16.583207  0.000409 57.364817     32.51    -52.41    -23.45
   910170.136270 16.582695  0.000326 59.002860      4.91     -9.67    -32.96
   910263.259274 16.584708  0.000542 59.892421    -24.22    -77.70     -2.66
   910356.382279 16.586876  0.000629 60.425461    -53.76    174.40     -5.96
   910449.505283 16.583755  0.000381 59.161493    -82.89     -7.94     -9.13
   910542.628287 16.583077  0.000247 57.816530   -111.28    105.85    -22.30
   910635.751292 16.582523  0.000120 56.635262   -138.02    100.82      6.78
   910728.874296 16.584810  0.000416 56.139953   -164.49     70.11    -11.61
   910821.997301 16.583831  0.000254 57.388242    168.96    -17.11    -47.37
   910915.120305 16.585793  0.000461 58.542498    141.38     89.96     10.21
   911008.243310 16.586766  0.000489 59.996932    112.35    175.31     18.38
   911101.366314 16.588190  0.000583 60.353085     83.05   -154.21      7.32
   911194.489318 16.586822  0.000498 59.371562     53.54    150.94      9.18
   911287.612323 16.588266  0.000525 58.279302     25.19      8.71     22.89
   911380.735327 16.586897  0.000439 56.582180     -1.96   -161.02    -10.87
   911473.858332 16.585543  0.000237 56.328272    -28.55    -53.84    -35.34
   911566.981336 16.585687  0.000213 56.937319    -54.79   -103.82     22.59
   911660.104340 16.586820  0.000350 58.135151    -82.35   -143.96     -0.25
   911753.227345 16.585607  0.000124 59.858673   -110.82     37.37     42.53
   911846.350349 16.589199  0.000556 60.131863   -140.16   -125.39     -2.91
   911939.473354 16.589665  0.000520 59.954099   -169.78    -30.75    -18.41
   912032.596358 16.587363  0.000272 58.612102    161.66    -23.58    -22.07
   912125.719363 16.588379  0.000376 57.013340    133.82   -103.58    -11.99
   912218.842367 16.586410  0.000059 56.491740    107.31    147.45    -48.76
   912311.965371 16.590571  0.000552 56.343731     80.96   -116.96     -3.51
   912405.088376 16.590815  0.000494 57.783257     53.84    -29.01    -22.72
   912498.211380 16.588528  0.000238 59.159846     25.96    -44.95    -11.22
   912591.334385 16.589435  0.000344 60.032586     -3.34   -129.88     -1.46
   912684.457389 16.588374  0.000157 60.375822    -32.74     37.46     42.02
   912777.580394 16.591269  0.000502 59.054463    -61.90   -135.51     -7.55
   912870.703398 16.589446  0.000245 57.933721    -90.22    -37.48    -42.32
   912963.826402 16.590836  0.000374 56.573209   -117.10   -113.53     21.11
   913056.949407 16.591935  0.000457 56.178147   -143.75    167.20     14.97
   913150.072411 16.594485  0.000599 57.149788   -170.17     11.48     10.92
   913243.195416 16.591749  0.000405 58.161695    162.32    146.21      4.83
   913336.318420 16.592962  0.000449 59.806341    133.63   -177.43     25.45
   913429.441425 16.594178  0.000559 60.267051    104.47   -159.95     -8.45
   913522.564429 16.593431  0.000492 59.828100     74.81    116.66    -13.23
   913615.687433 16.591237  0.000203 58.882129     46.14    -11.56    -48.60
   913708.810438 16.594149  0.000529 57.097537     18.29     69.66     -7.20
   913801.933442 16.592402  0.000282 56.525023     -8.58    152.84    -42.31
   913895.056447 16.594027  0.000438 56.328267    -34.81     66.62     17.38
   913988.179451 16.595533  0.000537 57.294376    -61.87    -23.68      9.78
   914081.302455 16.597005  0.000608 58.928980    -89.51   -175.53     -9.55
   914174.425460 16.595425  0.000534 59.735639   -118.43    -72.57      5.11
   914267.548464 16.597633  0.000622 60.454725   -147.93    -13.28     -9.03
   914360.671469 16.594006  0.000302 59.600133   -177.11    -50.95     -0.39
   914453.794473 16.595013  0.000374 58.376395    154.05   -174.20     21.08
   914546.917478 16.598343  0.000605 57.169820    126.69     19.70      9.40
   914640.040482 16.596561  0.000497 56.102556     99.87    129.32      8.79
   914733.163486 16.599307  0.000625 56.658631     73.39    172.74      0.55
   914826.286491 16.595480  0.000299 57.464389     46.56    137.51     -2.11
   914919.409495 16.596265  0.000360 58.906908     18.36      9.34     17.49
   915012.532500 16.599602  0.000614 60.150871    -10.39   -164.46      9.38
   915105.655504 16.597998  0.000532 60.076123    -39.94    -54.17      5.70
   915198.778509 16.600576  0.000642 59.801261    -69.24     -6.63     -8.92
   915291.901513 16.597071  0.000364 58.187063    -97.69    -65.81      8.70
   915385.024517 16.599255  0.000513 57.038979   -125.44    170.97     17.03
   915478.147522 16.600421  0.000563 56.373323   -151.92     10.07    -12.52
   915571.270526 16.599591  0.000532 56.305505   -178.56     98.24     -3.36
   915664.393531 16.598127  0.000319 57.688388    154.45    158.73    -39.42
   915757.516535 16.600087  0.000531 58.759023    126.62     62.42      8.99
   915850.639540 16.601056  0.000563 59.972316     97.52    -36.69    -10.50
   915943.762544 16.597716  0.000195 60.374960     68.32    147.16    -26.89
   916036.885548 16.599193  0.000367 59.546689     38.82   -142.40     -1.67
   916130.008553 16.599336  0.000316 58.689210     10.23   -166.18     43.03
   916223.131557 16.600312  0.000417 57.015227    -17.39   -166.83     -9.57
   916316.254562 16.598964  0.000194 56.394817    -44.41     40.27     16.69
   916409.377566 16.603091  0.000584 56.442535    -70.69   -153.78      9.38
   916502.500570 16.602417  0.000562 57.078189    -97.75    -59.61      2.58
   916595.623575 16.602198  0.000467 58.766071   -125.46    -11.23    -31.00
   916688.746579 16.602645  0.000546 59.585327   -154.08   -105.42      6.00
   916781.869584 16.603402  0.000536 60.364328    176.42    150.91    -18.78
   916874.992588 16.600542  0.000214 59.980605    147.24    -79.29      8.65
   916968.115593 16.602122  0.000396 58.776977    118.16      2.90     11.58
   917061.238597 16.605106  0.000583 57.756913     90.27      9.42     15.04
   917154.361601 16.602431  0.000373 56.371314     63.19    -45.55      6.19
   917247.484606 16.605192  0.000565 56.327781     36.43    169.31     14.50
   917340.607610 16.603421  0.000385 56.864576      9.96      0.45    -27.48
   917433.730615 16.602939  0.000354 57.869197    -17.66     58.87     -7.40
   917526.853619 16.603369  0.000351 59.488867    -45.88     14.98     42.21
   917619.976624 16.603813  0.000403 59.954514    -74.96     -5.61     -3.07
   917713.099628 16.604699  0.000418 60.339778   -104.49   -174.87     28.27
   917806.222632 16.606035  0.000521 59.470576   -133.46     13.50    -12.30
   917899.345637 16.604708  0.000383 58.154317   -162.15     89.49    -12.84
   917992.468641 16.603341  0.000187 57.200112    170.42     26.10     50.78
   918085.591646 16.605157  0.000388 56.113294    143.56     10.32     -6.46
   918178.714650 16.605419  0.000364 56.515691    116.82   -177.22     35.23
   918271.837655 16.607236  0.000511 57.226704     90.06     15.00    -16.27
   918364.960659 16.605528  0.000342 58.417343     62.06     80.79    -11.74
   918458.083663 16.605600  0.000306 59.836964     33.58     26.38     39.99
   918551.206668 16.606463  0.000406 60.065238      4.31     -7.14     -0.55
   918644.329672 16.608185  0.000491 60.211104    -25.14   -178.47     24.22
   918737.452677 16.607476  0.000422 59.109697    -53.95      2.79    -17.77
   918830.575681 16.606397  0.000275 57.838860    -82.42     50.37      1.58
   918923.698685 16.609380  0.000520 56.933344   -109.63     19.14     24.47
   919016.821690 16.608314  0.000458 56.048055   -136.49    -47.78     10.41
   919109.944694 16.611584  0.000642 56.662243   -163.23    170.79     -2.12
   919203.067699 16.607543  0.000284 57.384834    169.83    -64.90      6.68
   919296.190703 16.609533  0.000477 58.649114    141.68    -10.27     14.75
   919389.313708 16.611708  0.000603 59.931786    113.13      4.43    -10.29
   919482.436712 16.610469  0.000551 60.073186     83.79    -87.30     -0.11
   919575.559716 16.609065  0.000347 60.184460     54.41    158.09    -39.75
   919668.682721 16.611053  0.000533 58.977770     25.61   -120.08     10.25
   919761.805725 16.611873  0.000559 57.845696     -2.83    -38.19    -12.12
   919854.928730 16.608292  0.000136 56.875193    -30.00    -39.91    -26.08
   919948.051734 16.610222  0.000371 56.061118    -56.95   -150.20     -3.75
   920041.174739 16.610736  0.000358 56.654007    -83.66      8.53     36.32
   920134.297743 16.611313  0.000424 57.286711   -110.63   -173.88    -15.04
   920227.420747 16.610239  0.000264 58.580682   -138.72   -144.71     11.51
   920320.543752 16.614247  0.000599 59.812259   -167.19   -160.38      9.84
   920413.666756 16.613101  0.000559 60.054698    163.47    118.53      2.79
   920506.789761 16.613380  0.000484 60.292136    134.14    -11.35    -28.44
   920599.912765 16.613335  0.000515 59.126775    105.20     77.88      7.92
   920693.035770 16.614725  0.000564 58.145052     76.65    148.89     -9.94
   920786.158774 16.611186  0.000168 57.040387     49.31    129.66    -12.54
   920879.281778 16.612726  0.000356 56.135506     22.20     23.78     -0.62
   920972.404783 16.614517  0.000469 56.521178     -4.48   -173.65     29.32
   921065.527787 16.613152  0.000340 56.924134    -31.37    -15.65     -8.58
   921158.650792 16.614066  0.000408 58.229526    -59.24      0.28     24.88
   921251.773796 16.616599  0.000598 59.421433    -87.44     12.03    -10.48
   921344.896800 16.615201  0.000505 59.951219   -116.66    -84.03     -8.42
   921438.019805 16.612463  0.000107 60.435805   -145.90    146.83    -46.37
   921531.142809 16.616069  0.000539 59.516234   -175.04   -133.43     -5.77
   921624.265814 16.613856  0.000228 58.727986    156.14    -63.57    -27.74
   921717.388818 16.616451  0.000471 57.502647    128.41   -137.04     18.91
   921810.511823 16.617151  0.000550 56.409923    100.96    136.80      6.26
   921903.634827 16.617896  0.000523 56.413151     74.23     -4.98    -24.75
   921996.757831 16.617491  0.000547 56.404665     47.43     79.87      5.28
   922089.880836 16.617978  0.000506 57.591870     19.98    148.51    -19.67
   922183.003840 16.615587  0.000253 58.688683     -7.78     79.45     20.21
   922276.126845 16.617388  0.000445 59.558586    -36.65    -10.63     10.99
   922369.249849 16.620493  0.000635 60.419120    -65.70   -175.33      3.48
   922462.372854 16.617772  0.000456 59.945469    -94.98    -64.16      8.17
   922555.495858 16.620801  0.000634 59.541211   -124.16    -13.89      1.53
   922648.618862 16.616963  0.000278 58.318395   -152.45    -25.16    -17.84
   922741.741867 16.617539  0.000314 57.123316    179.53   -155.30      9.82
   922834.864871 16.620576  0.000531 56.596327    152.53     15.96     21.58
   922927.987876 16.618762  0.000403 56.043513    125.66    140.54      7.88
   923021.110880 16.621507  0.000566 56.812611     98.63    173.38     13.86
   923114.233885 16.619217  0.000363 57.623395     71.46    173.64    -20.32
   923207.356889 16.618800  0.000316 58.672602     43.18     52.28     -3.03
   923300.479893 16.620188  0.000413 59.919375     14.59   -162.93     35.38
   923393.602898 16.619874  0.000407 60.036092    -14.61    -17.91      2.41
   923486.725902 16.621971  0.000523 60.286700    -43.97      0.52     23.98
   923579.848907 16.621024  0.000449 59.356512    -72.84      6.52    -15.51
   923672.971911 16.619787  0.000264 58.346735   -101.57   -106.70     -7.41
   923766.094915 16.620859  0.000338 57.420537   -129.22     32.34     33.85
   923859.217920 16.621163  0.000379 56.292381   -156.54    171.55      2.84
   923952.340924 16.622708  0.000453 56.371614    176.51   -177.40     27.11
   924045.463929 16.622498  0.000441 56.509955    149.78   -169.77    -18.15
   924138.586933 16.621026  0.000262 57.377300    122.21     74.89    -10.89
   924231.709938 16.622228  0.000369 58.675418     94.45   -154.69     37.73
   924324.832942 16.622562  0.000415 59.334742     65.76    -13.70      5.36
   924417.955946 16.624526  0.000515 60.337288     36.68      4.45     23.89
   924511.078951 16.623462  0.000440 60.110042      7.56      5.51    -13.01
   924604.201955 16.622233  0.000238 59.714001    -21.76   -112.93     -1.62
   924697.324960 16.623858  0.000387 58.896715    -50.26     35.63     28.59
   924790.447964 16.623938  0.000411 57.514014    -78.51    162.85      8.36
   924883.570969 16.626407  0.000542 56.952209   -106.00   -177.29     22.03
   924976.693973 16.624199  0.000363 56.129802   -132.93    178.62    -13.49
   925069.816977 16.623219  0.000190 56.342406   -160.07     37.97     16.27
   925162.939982 16.626472  0.000511 57.026764    173.03   -149.97     20.01
   925256.062986 16.625858  0.000477 57.734623    145.26    -33.76      9.30
   925349.185991 16.628527  0.000616 59.160868    117.05      0.23      8.88
   925442.308995 16.625315  0.000360 59.698479     88.37    -22.29     -6.79
   925535.432000 16.625227  0.000304 60.273325     59.03   -162.71     24.81
   925628.555004 16.628525  0.000576 60.185351     30.02     27.91     11.89
   925721.678008 16.627762  0.000543 59.310023      0.82    139.23      7.29
   925814.801013 16.630335  0.000643 58.695639    -27.65   -179.21     -1.14
   925907.924017 16.626691  0.000376 57.284527    -55.58    132.93      7.14
   926001.047022 16.627698  0.000398 56.697950    -83.16      1.19     27.16
   926094.170026 16.630226  0.000605 56.265257   -109.96   -156.69     -0.48
   926187.293030 16.629394  0.000562 56.215837   -137.12    -55.81      2.25
   926280.416035 16.630769  0.000588 57.206880   -164.26     -6.29    -16.20
   926373.539039 16.628425  0.000428 57.816554    168.10    -73.55     10.67
   926466.662044 16.630686  0.000567 59.087625    139.64    171.30     14.97
   926559.785048 16.630862  0.000562 59.849468    111.07     14.71    -12.05
   926652.908053 16.630359  0.000535 60.105622     81.74    116.17     -7.25
   926746.031057 16.630121  0.000434 60.317676     52.66    172.22    -30.12
   926839.154061 16.630517  0.000520 59.362683     23.65     97.15      6.31
   926932.277066 16.632750  0.000605 58.751222     -5.08    -12.01      4.76
   927025.400070 16.630972  0.000467 57.612015    -32.94   -173.51    -18.24
   927118.523075 16.630982  0.000463 56.647778    -60.71    -72.69    -14.80
   927211.646079 16.629322  0.000255 56.445698    -87.71     -6.74    -50.19
   927304.769084 16.632303  0.000558 56.079605   -114.75    -98.24      0.27
   927397.892088 16.633909  0.000597 56.899298   -142.03    161.84    -12.30
   927491.015092 16.630834  0.000310 57.605238   -169.38    -17.69    -17.74
   927584.138097 16.631236  0.000348 58.530928    162.33     80.68    -10.96
   927677.261101 16.629791  0.000092 59.701104    133.88    130.50    -28.12
   927770.384106 16.633350  0.000547 59.907915    104.87     67.79     -3.59
   927863.507110 16.633926  0.000500 60.392497     75.60    -21.45    -23.96
   927956.630115 16.631690  0.000289 59.837295     46.66    138.07     -6.08
   928049.753119 16.631797  0.000244 59.128211     17.59   -120.23     -1.15
   928142.876123 16.631301  0.000139 58.351526    -10.62   -121.23     32.55
   928235.999128 16.633988  0.000461 57.072673    -38.59   -118.96     -8.51
   928329.122132 16.633627  0.000364 56.700577    -66.04    157.14    -36.11
   928422.245137 16.633116  0.000289 56.136299    -92.99    -75.27     11.89
   928515.368141 16.633257  0.000273 56.306409   -120.29     29.07     12.50
   928608.491145 16.633338  0.000265 57.082840   -147.38     27.44     46.16
   928701.614150 16.634776  0.000424 57.608065   -175.17     43.72     -8.44
   928794.737154 16.633434  0.000212 58.947419    156.60    -26.05    -48.37
   928887.860159 16.635139  0.000390 59.494204    128.09     91.70     12.30
   928980.983163 16.635219  0.000348 60.125420     98.89   -169.04     21.34
   929074.106168 16.635648  0.000357 60.344337     69.95   -142.27     29.80
   929167.229172 16.635888  0.000401 59.716471     40.74   -144.57     -3.34
   929260.352176 16.634474  0.000184 59.394007     11.92    153.91    -49.85
   929353.475181 16.636672  0.000419 58.160226    -16.39    -89.92     13.29
   929446.598185 16.636591  0.000360 57.402574    -44.57      4.53     26.89
   929539.721190 16.637504  0.000421 56.704802    -71.85     37.58     28.12
   929632.844194 16.636837  0.000342 56.070671    -99.25     30.57     -1.39
   929725.967199 16.635415  0.000114 56.459249   -126.31    -33.24    -46.69
   929819.090203 16.638290  0.000444 56.589812   -153.46     87.72     11.52
   929912.213207 16.638054  0.000367 57.525142    178.75   -175.56     23.64
   930005.336212 16.638660  0.000405 58.504113    150.95   -142.34     26.75
   930098.459216 16.638190  0.000377 59.112476    122.31   -147.32     -1.76
   930191.582221 16.636776  0.000161 60.137947     93.50    163.99    -58.52
   930284.705225 16.639541  0.000467 60.059468     64.48    -81.17      9.72
   930377.828230 16.638900  0.000337 60.216606     35.20     10.06     30.76
   930470.951234 16.639482  0.000373 59.656288      6.43     56.52     23.40
   930564.074238 16.639387  0.000346 58.736254    -22.43     53.42     -4.98
   930657.197243 16.639285  0.000283 58.152416    -50.58    -12.48    -43.78
   930750.320247 16.640396  0.000414 56.940406    -78.38    117.59      9.51
   930843.443252 16.638951  0.000165 56.583327   -106.00   -151.35     30.31
   930936.566256 16.639710  0.000255 56.216353   -133.00   -106.43     24.09
   931029.689260 16.640734  0.000363 56.196207   -160.42   -100.36    -13.49
   931122.812265 16.642238  0.000442 56.988736    172.37    175.11    -33.00
   931215.935269 16.641531  0.000393 57.381491    144.71    -39.20      6.49
   931309.058274 16.640137  0.000148 58.553852    116.51     97.95    -16.08
   931402.181278 16.641004  0.000234 59.279421     88.24    132.74     -8.50
   931495.304283 16.643254  0.000494 59.785919     59.22    108.13    -11.23
   931588.427287 16.646052  0.000633 60.402955     30.31      3.80     -6.72
   931681.550291 16.642814  0.000414 59.960574      1.18   -169.49     -4.16
   931774.673296 16.643646  0.000421 59.906599    -27.90    -21.79    -34.01
   931867.796300 16.643888  0.000443 58.995170    -56.46      5.80    -16.58
   931960.919305 16.645812  0.000578 58.165642    -85.07    -36.05     -0.29
   932054.042309 16.645538  0.000503 57.519041   -112.86   -158.13     22.82
   932147.165314 16.645061  0.000488 56.491993   -140.55     62.43     -7.79
   932240.288318 16.647784  0.000622 56.419686   -167.97    170.39      2.30
   932333.411322 16.646980  0.000588 56.148193    164.99   -141.24     -0.46
   932426.534327 16.645260  0.000415 56.448931    137.44    175.10     18.76
   932519.657331 16.642963  0.000079 57.256237    110.11     74.40     22.48
   932612.780336 16.646835  0.000550 57.695905     82.15    -73.63      3.42
   932705.903340 16.644997  0.000304 58.905393     53.87     10.81     40.75
   932799.026345 16.645839  0.000382 59.389025     25.44     87.51     14.17
   932892.149349 16.645671  0.000325 59.974892     -3.63     99.25    -17.25
   932985.272353 16.648894  0.000566 60.364367    -32.47      5.15    -15.49
   933078.395358 16.646570  0.000399 59.925561    -61.64   -175.13      2.13
   933171.518362 16.647744  0.000444 59.888012    -90.59    -13.48    -34.08
   933264.641367 16.647897  0.000473 58.889538   -119.18     17.36    -11.64
   933357.764371 16.650061  0.000593 58.259367   -147.78    -19.41      7.73
   933450.887375 16.647318  0.000328 57.498069   -175.58   -133.16     30.79
   933544.010380 16.649310  0.000525 56.578681    156.57    101.57     -5.11
   933637.133384 16.648844  0.000402 56.495359    129.18   -170.19     33.06
   933730.256389 16.648985  0.000442 56.055126    101.99    -95.07     12.65
   933823.379393 16.647628  0.000243 56.408770     74.45    -74.78    -23.23
   933916.502398 16.651360  0.000569 56.966580     47.18   -170.88    -15.25
   934009.625402 16.648921  0.000366 57.404348     19.23     11.86      4.19
   934102.748406 16.651429  0.000515 58.563315     -8.82    171.22    -24.58
   934195.871411 16.650826  0.000505 58.971078    -37.19   -145.63     -8.14
   934288.994415 16.651338  0.000493 59.810070    -66.09    176.46     19.29
   934382.117420 16.648859  0.000191 60.185749    -94.80    118.70     -5.81
   934475.240424 16.651994  0.000555 60.068847   -124.00    -44.26      4.50
   934568.363429 16.648462  0.000052 60.219672   -152.91    129.00    -33.64
   934661.486433 16.650758  0.000376 59.368043    178.25    160.78     -1.57
   934754.609437 16.654268  0.000618 58.993239    149.46    160.93     -8.77
   934847.732442 16.652300  0.000444 58.109714    121.33     53.03     19.18
   934940.855446 16.652900  0.000498 57.259313     93.10    -65.90    -11.99
   935033.978451 16.651901  0.000346 56.912152     65.52     20.73     38.42
   935127.101455 16.652709  0.000444 56.141175     38.03    114.76     10.44
   935220.224460 16.653313  0.000433 56.283473     10.52    147.42    -27.13
   935313.347464 16.655182  0.000577 56.329404    -16.64     36.17      6.84
   935406.470468 16.653093  0.000393 56.624454    -44.39    -88.12    -15.73
   935499.593473 16.655327  0.000532 57.539857    -71.99     12.87     24.32
   935592.716477 16.654726  0.000523 57.890397   -100.04    101.20      6.79
   935685.839482 16.653208  0.000298 58.963875   -128.47    147.59    -39.30
   935778.962486 16.656296  0.000574 59.442877   -156.87     34.59      2.13
   935872.085490 16.654118  0.000365 59.871782    174.11    -90.84    -13.46
   935965.208495 16.656183  0.000500 60.369399    145.31     17.10     25.28
   936058.331499 16.655816  0.000516 59.978881    116.26    112.39      6.36
   936151.454504 16.655548  0.000413 60.069959     87.25    158.81    -34.80
   936244.577508 16.657226  0.000565 59.321355     58.62     50.61      6.45
   936337.700513 16.655949  0.000409 58.732786     29.82    -58.31    -21.55
   936430.823517 16.655546  0.000333 58.162156      1.71     35.07     35.19
   936523.946521 16.656690  0.000463 57.151526    -26.43    140.42      9.64
   936617.069526 16.659410  0.000602 56.918579    -54.21    168.63    -10.51
   936710.192530 16.656875  0.000406 56.254045    -81.62     78.92     15.32
   936803.315535 16.659321  0.000593 56.147041   -109.31    -36.55     -3.04
   936896.438539 16.655205  0.000117 56.395167   -136.54    154.51    -40.42
   936989.561544 16.657127  0.000368 56.397674   -164.21   -159.12     -2.97
   937082.684548 16.659268  0.000500 57.294299    168.07   -176.22     26.76
   937175.807552 16.657538  0.000341 57.642770    140.26    161.14     -9.14
   937268.930557 16.658435  0.000399 58.462325    111.85      2.30     21.59
   937362.053561 16.661272  0.000594 59.228469     83.61   -168.94     -7.37
   937455.176566 16.660033  0.000538 59.483234     54.80    -82.92     -3.15
   937548.299570 16.657828  0.000249 60.241702     25.97    -18.92    -48.19
   937641.422575 16.660883  0.000567 60.067736     -2.87   -123.11      3.72
   937734.545579 16.660454  0.000467 60.196623    -32.03    139.59    -21.10
   937827.668583 16.658178  0.000181 59.924047    -60.71    -88.03     11.84
   937920.791588 16.659765  0.000372 59.248729    -89.66     12.14      7.31
   938013.914592 16.661267  0.000442 58.987586   -118.14     12.44     30.49
   938107.037597 16.660477  0.000392 57.965136   -146.42      2.29     -6.94
   938200.160601 16.659390  0.000193 57.548489   -174.69   -145.02     22.23
   938293.283605 16.663165  0.000557 56.933272    157.67     32.87     13.69
   938386.406610 16.662805  0.000545 56.315452    129.76    139.06      7.09
   938479.529614 16.665159  0.000647 56.404644    102.30   -179.37     -6.94
   938572.652619 16.661850  0.000412 56.002592     74.80    119.93     10.56
   938665.775623 16.663636  0.000505 56.464851     47.09     -3.96     20.98
   938758.898628 16.664608  0.000566 56.752116     19.67   -160.08     -8.30
   938852.021632 16.664219  0.000546 57.132533     -8.36    -59.33     -3.74
   938945.144636 16.664685  0.000509 58.065435    -36.27     -5.37    -24.00
   939038.267641 16.663633  0.000469 58.340333    -64.50    -75.57      9.57
   939131.390645 16.665696  0.000566 59.238656    -93.13    172.11     15.31
   939224.513650 16.665685  0.000578 59.628224   -121.58     18.13     -9.13
   939317.636654 16.665534  0.000560 59.902783   -150.61    128.86     -7.43
   939410.759659 16.666424  0.000565 60.363517   -179.35   -179.26    -18.92
   939503.882663 16.664908  0.000473 59.988554    151.69    125.41      6.71
   939597.005667 16.665481  0.000448 60.142963    122.73      3.75     27.95
   939690.128672 16.666961  0.000577 59.575691     94.13   -142.54      2.02
   939783.251676 16.667021  0.000563 59.068216     65.25    -28.49      6.16
   939876.374681 16.668515  0.000616 58.707215     36.95     14.70      8.78
   939969.497685 16.665364  0.000384 57.739354      8.57     -2.95      2.16
   940062.620690 16.663466  0.000041 57.524779    -19.56    -79.93    -16.34
   940155.743694 16.666260  0.000410 56.737213    -47.30     80.53     16.10
   940248.866698 16.665611  0.000284 56.427804    -75.28   -158.51     18.31
   940341.989703 16.664856  0.000156 56.347045   -102.70   -125.34     36.06
   940435.112707 16.667964  0.000519 55.977491   -130.40   -101.36     -6.77
   940528.235712 16.670472  0.000617 56.460257   -158.06    169.25     -7.16
   940621.358716 16.668275  0.000473 56.495529    174.42     15.70    -14.65
   940714.481720 16.669822  0.000575 56.994797    146.35    140.43     -9.66
   940807.604725 16.671100  0.000633 57.661873    118.59   -167.10     -4.37
   940900.727729 16.668115  0.000400 57.934467     90.28    169.83      7.16
   940993.850734 16.666290  0.000100 58.884607     61.95    131.69    -37.13
   941086.973738 16.668301  0.000350 59.109015     33.56    -65.73      7.00
   941180.096743 16.667886  0.000260 59.683830      4.70     95.99    -17.35
   941273.219747 16.669235  0.000381 60.101326    -23.86    173.98    -29.93
   941366.342751 16.670578  0.000532 59.990457    -52.86    133.68      6.48
   941459.465756 16.668175  0.000234 60.398429    -81.70     10.41     54.60
   941552.588760 16.670653  0.000491 59.892004   -110.49    -89.84      8.95
   941645.711765 16.668573  0.000162 59.860309   -139.46     44.72     18.66
   941738.834769 16.669593  0.000283 59.422523   -167.94    161.00    -25.44
   941831.957774 16.672229  0.000544 58.753088    163.31    135.00      3.38
   941925.080778 16.669533  0.000218 58.546618    135.00     19.95     49.49
   942018.203782 16.671711  0.000461 57.633011    106.79    -79.76      9.66
   942111.326787 16.669658  0.000148 57.375481     78.52    106.29    -26.03
   942204.449791 16.672098  0.000415 56.848079     50.80   -177.57    -23.82
   942297.572796 16.673056  0.000495 56.355382     22.73    154.16     13.50
   942390.695800 16.669956  0.000094 56.429507     -4.88    154.28    -49.36
   942483.818805 16.672268  0.000371 55.974998    -32.58    -32.88      4.90
   942576.941809 16.674134  0.000488 56.316053    -60.40    151.31    -22.29
   942670.064813 16.675429  0.000590 56.406061    -87.91   -148.91      3.31
   942763.187818 16.672570  0.000318 56.595947   -115.94   -121.60     -7.62
   942856.310822 16.676996  0.000631 57.312139   -143.74   -177.06     -7.24
   942949.433827 16.674886  0.000528 57.412005   -171.81     57.05     -6.33
   943042.556831 16.674192  0.000396 58.254791    159.84   -177.58     33.40
   943135.679835 16.673219  0.000252 58.597705    131.69    -43.48     -6.94
   943228.802840 16.676397  0.000569 59.029240    102.98    -30.43      4.88
   943321.925844 16.672830  0.000129 59.696314     74.55    -35.40    -36.90
   943415.048849 16.674880  0.000401 59.664243     45.81    169.48      1.86
   943508.171853 16.678484  0.000622 60.233702     16.95    -11.93     -3.31
   943601.294858 16.675669  0.000412 60.126932    -11.68     70.35     16.50
   943694.417862 16.677313  0.000538 60.122499    -40.73    130.91    -10.92
   943787.540866 16.674556  0.000220 60.180586    -69.35     37.18     43.99
   943880.663871 16.676753  0.000468 59.600879    -98.22    -35.27      8.26
   943973.786875 16.679199  0.000584 59.642089   -126.91    169.77    -15.81
   944066.909880 16.677612  0.000485 58.935428   -155.36   -107.69     11.57
   944160.032884 16.678614  0.000530 58.584087    175.97    -42.64    -12.87
   944253.155889 16.675538  0.000158 58.227254    147.83   -114.40     27.52
   944346.278893 16.677545  0.000408 57.450708    119.46    164.07      8.33
   944439.401897 16.681481  0.000644 57.385274     91.36     -2.84      3.52
   944532.524902 16.677736  0.000371 56.669924     63.46    106.12     12.02
   944625.647906 16.680991  0.000596 56.533310     35.32    159.04      7.15
   944718.770911 16.678168  0.000317 56.358188      7.71    173.00    -30.58
   944811.893915 16.678723  0.000389 56.000193    -20.27     59.86    -10.34
   944905.016920 16.677550  0.000210 56.343324    -48.02   -164.94     50.55
   944998.139924 16.680127  0.000465 56.119445    -75.72     23.84    -12.59
   945091.262928 16.677927  0.000171 56.486393   -103.79     71.78     -4.15
   945184.385933 16.681383  0.000510 56.808935   -131.48     31.02     21.36
   945277.508937 16.681363  0.000528 56.921714   -159.68    -40.90      9.24
   945370.631942 16.683890  0.000644 57.683188    172.28    179.37     -6.07
   945463.754946 16.680538  0.000398 57.757040    144.13    -61.28      9.44
   945556.877950 16.682308  0.000504 58.434066    115.65     -5.17     18.84
   945650.000955 16.683505  0.000586 58.837789     87.47     15.71     -7.94
   945743.123959 16.682880  0.000549 59.033834     58.77    -63.74     -3.14
   945836.246964 16.683322  0.000516 59.731972     30.27    173.19    -25.76
   945929.369968 16.682417  0.000474 59.630521      1.63    -77.43      9.17
   946022.492973 16.684609  0.000589 60.138861    -27.24     -7.11     13.68
   946115.615977 16.684430  0.000578 60.138785    -55.79     18.84     -8.84
   946208.738981 16.684315  0.000558 60.085007    -84.76    -50.67     -4.60
   946301.861986 16.685646  0.000595 60.318937   -113.38   -178.88    -13.12
   946394.984990 16.683264  0.000436 59.820434   -142.14    -45.70      7.35
   946488.107995 16.682875  0.000323 59.946883   -170.94      8.42     36.94
   946581.230999 16.685243  0.000537 59.499148    160.60     45.36     12.46
   946674.354004 16.684814  0.000480 59.142513    131.78    -14.02     15.54
   946767.477008 16.684880  0.000442 59.010165    103.43   -158.72     32.27
   946860.600012 16.684597  0.000436 58.265189     74.90     44.41     -8.11
   946953.723017 16.685265  0.000419 58.236039     46.50    159.88    -31.22
   947046.846021 16.684360  0.000323 57.591232     18.40    161.37    -11.29
   947139.969026 16.685694  0.000442 57.265661    -10.01    120.64    -18.08
   947233.092030 16.687437  0.000527 57.105894    -37.92      3.62    -20.14
   947326.215035 16.685823  0.000425 56.483548    -66.08    145.56      9.60
   947419.338039 16.683495  0.000064 56.621012    -94.12   -151.55     48.05
   947512.461043 16.685840  0.000367 56.165950   -121.93    -88.41     15.50
   947605.584048 16.684985  0.000212 56.170178   -150.10    -99.55    -11.61
   947698.707052 16.686206  0.000322 56.248189   -177.80    174.62    -35.57
   947791.830057 16.687890  0.000502 55.997179    154.13    -48.51      8.86
   947884.953061 16.685183  0.000141 56.462502    126.19     21.61     49.58
   947978.076065 16.687092  0.000354 56.341567     98.36     97.19     14.44
   948071.199070 16.686769  0.000282 56.674195     70.11    107.46    -24.21
   948164.322074 16.689652  0.000510 57.050537     42.26      6.51    -23.03
   948257.445079 16.688216  0.000407 57.068021     13.94    164.70     10.31
   948350.568083 16.687294  0.000266 57.773478    -14.23    -12.43    -51.55
   948443.691088 16.688507  0.000380 57.776688    -42.41     -3.17     -9.92
   948536.814092 16.691532  0.000590 58.313984    -70.94    -26.95     -4.20
   948629.937096 16.690063  0.000456 58.686649    -99.11   -143.60     23.11
   948723.060101 16.690260  0.000488 58.771650   -127.73     89.67     -8.06
   948816.183105 16.691374  0.000503 59.439402   -156.20   -172.42     25.47
   948909.306110 16.690813  0.000506 59.340220    175.30    -94.21      8.78
   949002.429114 16.688649  0.000199 59.819809    146.51    -65.04    -27.90
   949095.552119 16.692774  0.000591 59.945497    118.07   -163.13     -8.60
   949188.675123 16.690117  0.000339 59.929218     89.20     39.65      1.41
   949281.798127 16.694339  0.000627 60.330294     60.63   -176.54     -0.62
   949374.921132 16.692542  0.000542 59.989787     31.95   -105.98      1.08
   949468.044136 16.689629  0.000134 60.271575      3.13    -96.30     -5.74
   949561.167141 16.693862  0.000579 60.093540    -25.34   -162.34     -7.94
   949654.290145 16.691232  0.000321 59.877938    -54.23     56.32     -3.25
   949747.413150 16.695204  0.000603 60.011071    -82.74   -168.06     13.28
   949840.536154 16.693603  0.000539 59.436852   -111.41    -76.57      4.77
   949933.659158 16.692867  0.000382 59.574053   -140.08    -25.20    -33.42
   950026.782163 16.694376  0.000528 59.103360   -168.44   -127.16     10.89
   950119.905167 16.694631  0.000516 58.835737    162.84    128.01    -10.42
   950213.028172 16.691331  0.000091 58.770977    134.56    -73.56     -6.24
   950306.151176 16.693582  0.000395 58.126062    106.08     18.18     -4.39
   950399.274180 16.694504  0.000409 58.201712     77.64      2.69     34.75
   950492.397185 16.694519  0.000417 57.653475     49.48      7.79    -17.28
   950585.520189 16.693200  0.000211 57.452515     20.95   -131.71      6.73
   950678.643194 16.696361  0.000511 57.324344     -7.08     26.51     21.71
   950771.766198 16.695472  0.000459 56.783848    -35.42    142.63     10.10
   950864.889203 16.698396  0.000614 56.928323    -63.60    177.87      9.15
   950958.012207 16.694919  0.000323 56.462843    -91.59    161.31    -10.27
   951051.135211 16.694638  0.000244 56.405395   -119.94     29.01     17.42
   951144.258216 16.697489  0.000494 56.399663   -147.83   -151.80     22.43
   951237.381220 16.696469  0.000425 56.018003   -176.09    -25.47     11.75
   951330.504225 16.698242  0.000500 56.337341    155.84      4.28     27.34
   951423.627229 16.697295  0.000441 55.986720    127.86     19.82    -12.81
   951516.750234 16.696314  0.000300 56.176133     99.56    -57.50    -28.85
   951609.873238 16.695472  0.000138 56.269928     71.70    106.37      2.85
   951702.996242 16.697601  0.000408 56.096451     43.42   -113.46    -10.18
   951796.119247 16.696426  0.000231 56.560978     15.34    -15.06    -51.74
   951889.242251 16.698520  0.000452 56.353175    -12.72    -93.05     13.23
   951982.365256 16.699211  0.000452 56.712595    -41.11    173.42     25.07
   952075.488260 16.700624  0.000561 56.877977    -69.08     31.87     13.90
   952168.611265 16.698810  0.000402 56.872240    -97.52    173.24     11.60
   952261.734269 16.697216  0.000182 57.410408   -125.67   -158.45     51.79
   952354.857273 16.700687  0.000551 57.264568   -153.90   -110.02      2.43
   952447.980278 16.701745  0.000552 57.726880    177.62    169.52     13.05
   952541.103282 16.701993  0.000571 57.908869    149.51     30.88     10.97
   952634.226287 16.699820  0.000383 57.956314    120.93   -178.22     11.23
   952727.349291 16.697719  0.000026 58.510476     92.64   -102.20     15.73
   952820.472295 16.701519  0.000515 58.336409     64.21    -82.69      7.53
   952913.595300 16.699959  0.000283 58.864465     35.63   -172.65     39.70
   953006.718304 16.700302  0.000304 58.916757      7.36     79.30     19.28
   953099.841309 16.701355  0.000399 59.020719    -21.33    -84.91    -13.08
   953192.964313 16.704681  0.000610 59.473534    -49.70      3.08     -8.42
   953286.087318 16.701942  0.000433 59.260778    -78.24     25.81     -7.46
   953379.210322 16.704977  0.000616 59.741985   -106.90    -16.61    -10.57
   953472.333326 16.704516  0.000595 59.676745   -135.26   -143.97      0.67
   953565.456331 16.701978  0.000324 59.783166   -164.07     14.89     17.67
   953658.579335 16.702592  0.000358 60.088621    167.54    174.70    -37.23
   953751.702340 16.702943  0.000406 59.817912    138.87    170.71      3.10
   953844.825344 16.705035  0.000508 60.243785    110.25    162.59    -22.07
   953937.948349 16.705455  0.000578 60.034023     81.82     37.50     -0.49
   954031.071353 16.702882  0.000284 60.114917     53.03   -148.39     13.73
   954124.194357 16.706019  0.000534 60.298447     24.63      3.99    -21.23
   954217.317362 16.704158  0.000412 59.960571     -4.09     37.28     -5.49
   954310.440366 16.707791  0.000631 60.336103    -32.68      0.14     10.81
   954403.563371 16.705114  0.000439 59.971553    -61.16    -90.76     11.01
   954496.686375 16.706238  0.000491 60.091043    -89.93    139.71    -18.49
   954589.809380 16.705139  0.000359 60.097225   -118.28   -138.24     29.49
   954682.932384 16.706783  0.000543 59.766356   -146.99    -51.59      4.75
   954776.055388 16.705555  0.000356 60.064235   -175.51    -14.84    -40.16
   954869.178393 16.707693  0.000570 59.628525    156.04   -130.32     -2.49
   954962.301397 16.704727  0.000186 59.751190    127.30    105.75    -24.78
   955055.424402 16.708735  0.000573 59.637891     98.98   -149.11     12.99
   955148.547406 16.708390  0.000562 59.339804     70.26    -57.86     -3.25
   955241.670410 16.706225  0.000295 59.571155     41.84    -10.86    -45.66
   955334.793415 16.708726  0.000543 59.085885     13.38   -119.28     -1.82
   955427.916419 16.707146  0.000335 59.236910    -15.26    136.72    -31.13
   955521.039424 16.707511  0.000344 59.051928    -43.53   -124.64     26.28
   955614.162428 16.708890  0.000490 58.778191    -72.22    -21.67     11.46
   955707.285433 16.711964  0.000657 58.979671   -100.57      4.99      2.49
   955800.408437 16.708668  0.000434 58.472272   -129.05    -52.43      8.71
   955893.531441 16.710887  0.000546 58.685172   -157.62    177.02     19.08
   955986.654446 16.710657  0.000523 58.394891    174.14     17.33    -11.77
   956079.777450 16.710394  0.000491 58.225365    145.48    118.59    -11.49
   956172.900455 16.709676  0.000370 58.368117    117.22    173.96    -35.88
   956266.023459 16.711014  0.000537 57.889555     88.75     96.03      4.38
   956359.146464 16.713382  0.000626 58.124029     60.23    -10.18      3.83
   956452.269468 16.711259  0.000481 57.812230     32.01   -167.65    -15.68
   956545.392472 16.711733  0.000499 57.715792      3.35    -52.35    -15.82
   956638.515477 16.712226  0.000494 57.812517    -24.86      1.94    -25.63
   956731.638481 16.711912  0.000494 57.381459    -53.38    -55.03      7.54
   956824.761486 16.711798  0.000408 57.652794    -81.80   -173.94     33.19
   956917.884490 16.713371  0.000551 57.305119   -110.03     50.95      5.20
   957011.007495 16.712897  0.000473 57.284346   -138.66    168.41     16.65
   957104.130499 16.712159  0.000375 57.364643   -166.84   -149.65     33.00
   957197.253503 16.712726  0.000457 56.967528    164.64   -116.21    -10.25
   957290.376508 16.715372  0.000592 57.278984    136.23    171.33    -17.19
   957383.499512 16.713402  0.000448 56.891136    107.96     18.28    -13.16
   957476.622517 16.715614  0.000589 56.984657     79.35    150.90     -2.89
   957569.745521 16.715606  0.000552 56.986413     51.19   -152.67     12.98
   957662.868525 16.713484  0.000385 56.675184     22.65   -127.70     -7.59
   957755.991530 16.716768  0.000599 56.983258     -5.71    172.17    -12.83
   957849.114534 16.715365  0.000520 56.604324    -34.00     34.81    -10.22
   957942.237539 16.716453  0.000551 56.752129    -62.62    165.95     15.74
   958035.360543 16.713476  0.000259 56.720193    -90.78   -123.11     31.36
   958128.483548 16.716285  0.000545 56.474937   -119.39    -67.61     -5.26
   958221.606552 16.714752  0.000341 56.779081   -147.70   -165.33     41.24
   958314.729556 16.715614  0.000429 56.390285   -176.05    105.56     10.23
   958407.852561 16.715381  0.000356 56.607162    155.38    -42.33    -30.42
   958500.975565 16.718553  0.000604 56.533136    127.21     25.82      2.51
   958594.098570 16.715814  0.000368 56.340193     98.58     74.78    -13.02
   958687.221574 16.719230  0.000587 56.644693     70.28      8.86     16.20
   958780.344579 16.717684  0.000521 56.245812     41.85    -87.57      7.25
   958873.467583 16.715946  0.000287 56.541363     13.29    144.50    -38.78
   958966.590587 16.719388  0.000575 56.376836    -14.92   -142.72      4.28
   959059.713592 16.717699  0.000424 56.292473    -43.57    -75.33    -14.88
   959152.836596 16.716627  0.000275 56.544859    -71.84   -156.87     44.63
   959245.959601 16.717574  0.000372 56.175636   -100.30    152.66      4.67
   959339.082605 16.721229  0.000622 56.489175   -128.85    -10.03      8.18
   959432.205610 16.717027  0.000219 56.305392   -157.08    134.54     -5.59
   959525.328614 16.718934  0.000419 56.277243    174.21    173.63     18.57
   959618.451618 16.722227  0.000637 56.483904    145.95   -170.21     -4.70
   959711.574623 16.720360  0.000533 56.138800    117.40    105.94      3.95
   959804.697627 16.721554  0.000546 56.491805     88.90    -15.45    -18.94
   959897.820632 16.718883  0.000311 56.250469     60.62     96.84     14.80
   959990.943636 16.720512  0.000445 56.291247     31.93    171.11     18.90
   960084.066640 16.723409  0.000632 56.466460      3.67   -166.32      4.39
   960177.189645 16.721118  0.000493 56.140781    -24.93    128.30      9.91
   960270.312649 16.723932  0.000629 56.523356    -53.43     -1.67     10.78
   960363.435654 16.720815  0.000383 56.221005    -81.77   -175.04    -14.32
   960456.558658 16.720003  0.000259 56.371136   -110.48    -71.59    -24.05
   960549.681663 16.719428  0.000128 56.453566   -138.74    -76.10      3.86
   960642.804667 16.722001  0.000452 56.197692   -167.38   -105.55    -10.96
   960735.927671 16.722121  0.000385 56.569172    164.16    166.29    -36.53
   960829.050676 16.721499  0.000338 56.260564    135.78    -62.38      9.25
   960922.173680 16.720733  0.000172 56.456396    107.06     36.77     19.39
   961015.296685 16.721015  0.000201 56.493920     78.79     65.19     29.96
   961108.419689 16.722864  0.000410 56.298463     50.07     79.42    -12.72
   961201.542694 16.724784  0.000507 56.661690     21.65     -5.25    -26.27
   961294.665698 16.722931  0.000351 56.328714     -6.81    162.97     -1.43
   961387.788702 16.723304  0.000337 56.601932    -35.49    -43.46    -30.07
   961480.911707 16.724545  0.000429 56.585148    -63.77      4.67    -23.34
   961574.034711 16.725513  0.000539 56.445118    -92.51    -39.02      7.76
   961667.157716 16.723049  0.000248 56.809255   -120.92   -165.07     51.39
   961760.280720 16.725784  0.000531 56.465213   -149.44     89.31      6.17
   961853.403725 16.723280  0.000207 56.824134   -178.12   -165.51     41.81
   961946.526729 16.723783  0.000224 56.716442    153.57    -48.17     -4.60
   962039.649733 16.727191  0.000567 56.696228    124.81    -46.41     -2.80
   962132.772738 16.724993  0.000303 57.006269     96.45   -155.64     39.97
   962225.895742 16.726770  0.000511 56.701563     67.89    102.58      7.18
   962319.018747 16.723982  0.000111 57.092180     39.25    -58.10    -35.23
   962412.141751 16.727173  0.000460 56.965243     10.92     12.69    -18.84
   962505.264755 16.726882  0.000418 57.020600    -17.87     -5.08     18.79
   962598.387760 16.727014  0.000394 57.298204    -46.21     -0.97    -35.55
   962691.510764 16.726945  0.000390 57.029926    -74.84   -148.74     -5.82
   962784.633769 16.729679  0.000547 57.471403   -103.41     -0.33     18.82
   962877.756773 16.726738  0.000294 57.295006   -131.77    116.00      6.22
   962970.879778 16.729974  0.000567 57.440749   -160.52    153.19      5.31
   963064.002782 16.726607  0.000210 57.693919    171.17    169.11    -44.40
   963157.125786 16.728039  0.000376 57.462020    142.52     27.09     -3.80
   963250.248791 16.730002  0.000494 57.944139    113.99   -176.57     29.38
   963343.371795 16.728208  0.000329 57.721969     85.59    -19.53     -7.19
   963436.494800 16.729282  0.000398 57.991528     56.87      1.46     24.70
   963529.617804 16.732067  0.000605 58.148733     28.60     15.10     -6.12
   963622.740809 16.730921  0.000535 58.006975     -0.06    -72.57     -3.00
   963715.863813 16.730065  0.000397 58.484394    -28.50    166.41    -35.83
   963808.986817 16.730986  0.000498 58.259136    -56.90   -102.12     10.02
   963902.109822 16.733115  0.000620 58.577200    -85.58    -22.06     -0.34
   963995.232826 16.731158  0.000440 58.702581   -113.82      2.36    -25.10
   964088.355831 16.731643  0.000497 58.613275   -142.49    -80.16    -10.08
   964181.478835 16.731046  0.000377 59.079126   -170.86    172.90    -40.24
   964274.601840 16.731963  0.000488 58.823228    160.72    -81.58      8.75
   964367.724844 16.733232  0.000520 59.212368    132.14     -5.05     18.80
   964460.847848 16.734301  0.000597 59.256131    103.94     26.90      3.60
   964553.970853 16.733173  0.000511 59.212001     75.31    -29.07      9.19
   964647.093857 16.733764  0.000497 59.649272     47.01   -169.13     29.22
   964740.216862 16.733211  0.000491 59.361960     18.61     40.84     -8.91
   964833.339866 16.734546  0.000520 59.789515     -9.92    156.61    -20.94
   964926.462870 16.733825  0.000457 59.717822    -38.11   -173.08    -17.20
   965019.585875 16.735170  0.000575 59.741656    -66.71    138.42     -1.70
   965112.708879 16.735718  0.000540 60.076981    -94.92     15.23     18.65
   965205.831884 16.734522  0.000499 59.774314   -123.31   -129.33     -7.43
   965298.954888 16.737232  0.000634 60.169766   -151.76    -13.13     -2.57
   965392.077893 16.736516  0.000595 60.019967   -179.92     33.65      2.21
   965485.200897 16.734522  0.000388 60.036010    151.50      1.60     18.82
   965578.323901 16.732845  0.000150 60.274643    123.33    -19.16    -45.75
   965671.446906 16.735588  0.000480 59.918927     94.90    134.66      7.59
   965764.569910 16.733542  0.000180 60.282067     66.53    -30.71    -48.49
   965857.692915 16.735914  0.000438 59.994202     38.35      5.14    -14.94
   965950.815919 16.737430  0.000533 60.000803      9.80    -17.72     10.19
   966043.938924 16.733916  0.000090 60.119205    -18.34    -60.39    -14.70
   966137.061928 16.736705  0.000467 59.699761    -46.79    141.66      8.32
   966230.184932 16.736714  0.000399 59.996507    -75.17    -14.69    -38.93
   966323.307937 16.738447  0.000569 59.569658   -103.41     37.98     -4.15
   966416.430941 16.735674  0.000212 59.588563   -131.99     37.18     16.92
   966509.553946 16.739972  0.000591 59.522791   -160.16     12.16     -7.61
   966602.676950 16.738026  0.000472 59.090648    171.30   -103.13     -8.99
   966695.799955 16.736410  0.000238 59.289497    142.92     13.09     49.18
   966788.922959 16.737947  0.000389 58.778905    114.60    179.80    -11.73
   966882.045963 16.738382  0.000396 58.754600     85.94   -179.45     26.03
   966975.168968 16.740710  0.000567 58.588235     57.69   -169.96    -14.69
   967068.291972 16.739242  0.000467 58.139124     28.99     88.03    -10.84
   967161.414977 16.736495  0.000030 58.280296      0.55   -107.29     17.14
   967254.537981 16.740253  0.000513 57.691779    -27.95     42.59     -8.24
   967347.660985 16.738256  0.000232 57.722011    -56.69    123.13    -31.86
   967440.783990 16.739542  0.000350 57.457770    -85.07     53.08     25.55
   967533.906994 16.740287  0.000428 57.072266   -113.90    -13.83     12.98
   967627.029999 16.742535  0.000545 57.199948   -142.46   -170.28     20.70
   967720.153003 16.740170  0.000370 56.630558   -171.14     -1.54     -4.70
   967813.276008 16.738517  0.000086 56.767671    159.99     38.57     30.79
   967906.399012 16.741568  0.000436 56.456248    131.46     56.51     19.08
   967999.522016 16.741266  0.000386 56.264070    102.45     -1.65     16.69
   968092.645021 16.740852  0.000300 56.400606     73.84   -155.83     40.81
   968185.768025 16.742516  0.000490 55.962268     45.00     56.55     -9.13
   968278.891030 16.744209  0.000551 56.239037     16.09    159.84    -18.04
   968372.014034 16.742602  0.000417 56.019756    -12.53   -174.02    -18.95
   968465.137039 16.744423  0.000561 56.029367    -41.63    133.28     -7.82
   968558.260043 16.746195  0.000643 56.263676    -70.26     13.31      0.96
   968651.383047 16.742632  0.000362 56.013025    -99.21   -162.27     -1.82
   968744.506052 16.743665  0.000400 56.491051   -128.05    -17.21    -33.76
   968837.629056 16.743712  0.000403 56.347478   -156.70      7.31    -13.88
   968930.752061 16.746130  0.000592 56.625004    174.30    -29.69      0.48
   969023.875065 16.744692  0.000428 56.942713    145.77   -148.24     26.78
   969116.998070 16.745237  0.000513 56.875967    116.90     87.36     -8.06
   969210.121074 16.746237  0.000517 57.506740     88.22   -176.05     27.35
   969303.244078 16.745427  0.000479 57.426225     59.66    -96.77     11.66
   969396.367083 16.743828  0.000250 57.916430     30.84    -55.44    -33.29
   969489.490087 16.747961  0.000598 58.198435      2.50   -159.70     -2.25
   969582.613092 16.745350  0.000394 58.279811    -26.21     68.17    -10.13
   969675.736096 16.747844  0.000541 58.909165    -54.61   -172.60     21.57
   969768.859100 16.746200  0.000438 58.823786    -82.99    -78.66     10.49
   969861.982105 16.747626  0.000508 59.319457   -111.56    -32.10    -20.54
   969955.105109 16.746594  0.000397 59.508457   -139.70   -131.18     24.52
   970048.228114 16.748441  0.000575 59.542415   -168.24    132.83     -0.08
   970141.351118 16.745831  0.000266 60.041893    163.57     -9.23    -47.87
   970234.474123 16.748189  0.000514 59.784670    135.31     51.33     -5.97
   970327.597127 16.745551  0.000132 60.178552    106.94     90.90    -10.69
   970420.720131 16.749634  0.000562 60.098711     78.90     36.36      9.46
   970513.843136 16.749591  0.000555 59.970901     50.47    -52.02     -3.12
   970606.966140 16.748196  0.000382 60.223293     22.36    173.08    -38.38
   970700.089145 16.749795  0.000559 59.721121     -5.91   -103.07      0.11
   970793.212149 16.750035  0.000494 59.909589    -34.30    -21.29    -26.97
   970886.335154 16.747824  0.000261 59.518239    -62.42    -67.32      4.71
   970979.458158 16.748446  0.000314 59.250731    -90.97   -156.06     12.63
   971072.581162 16.748777  0.000302 59.201447   -119.18     26.81     39.62
   971165.704167 16.749830  0.000437 58.536998   -147.66   -142.20     -8.59
   971258.827171 16.748670  0.000246 58.554615   -176.22    -32.87    -42.99
   971351.950176 16.749298  0.000294 57.998584    155.42    -82.81     13.09
   971445.073180 16.749156  0.000247 57.669500    126.56   -136.68      6.67
   971538.196185 16.748341  0.000074 57.520180     98.08     88.87     11.50
   971631.319189 16.752122  0.000533 56.867099     69.21    -90.78     -5.24
   971724.442193 16.754642  0.000637 56.950988     40.39     -3.30      2.68
   971817.565198 16.752896  0.000539 56.403659     11.68     34.79     -8.33
   971910.688202 16.753916  0.000563 56.317505    -17.45    -21.35      8.17
   972003.811207 16.752671  0.000439 56.270625    -46.17   -149.78     27.70
   972096.934211 16.752515  0.000447 55.903013    -75.30     73.34    -10.95
   972190.057215 16.756156  0.000645 56.255270   -104.27    178.01      0.38
   972283.180220 16.754300  0.000562 55.953543   -133.18   -128.54     -5.14
   972376.303224 16.753250  0.000406 56.300598   -162.37    179.24     28.01
   972469.426229 16.751466  0.000171 56.450328    168.92    129.23    -10.27
   972562.549233 16.754862  0.000543 56.517206    139.80    -42.13      6.25
   972655.672238 16.751328  0.000081 57.139566    111.06    146.42    -46.04
   972748.795242 16.753542  0.000364 57.116202     82.31    173.57     -4.63
   972841.918246 16.757094  0.000620 57.757851     53.43    165.06      5.14
   972935.041251 16.753056  0.000238 58.052999     25.01     83.21     19.06
   973028.164255 16.756414  0.000571 58.326389     -3.78    -36.32      4.25
   973121.287260 16.753646  0.000255 58.998570    -32.11    172.77    -48.36
   973214.410264 16.755547  0.000459 58.970690    -60.55   -138.49     -7.90
   973307.533269 16.754125  0.000244 59.623719    -88.97   -164.87     40.00
   973400.656273 16.757258  0.000544 59.702962   -117.05   -161.73    -10.45
   973493.779277 16.755441  0.000348 59.844628   -145.48     86.31    -12.24
   973586.902282 16.754833  0.000248 60.227855   -173.51   -154.01     45.21
   973680.025286 16.756091  0.000398 59.888850    158.27      2.83     -1.53
   973773.148291 16.756313  0.000348 60.216501    130.01      2.85     40.87
   973866.271295 16.758548  0.000553 59.845033    101.99     26.09     -8.53
   973959.394300 16.757708  0.000450 59.672009     73.55    -56.95    -17.96
   974052.517304 16.756004  0.000222 59.580872     45.47    162.80    -39.29
   974145.640308 16.758660  0.000519 58.899647     17.06   -100.36     -4.39
   974238.763313 16.759533  0.000502 58.874889    -11.40    -17.09    -23.66
   974331.886317 16.757187  0.000280 58.199378    -39.74    -41.07     -3.99
   974425.009322 16.756916  0.000216 57.832329    -68.58   -107.04     -8.56
   974518.132326 16.756344  0.000079 57.546642    -97.08     99.70      5.11
   974611.255330 16.759736  0.000510 56.840830   -126.05    -93.01     -8.09
   974704.378335 16.762374  0.000614 56.861828   -154.94     -6.28     -8.85
   974797.501339 16.759661  0.000422 56.248670    176.19     15.41    -12.40
   974890.624344 16.761655  0.000557 56.214702    146.93    -33.98    -11.43
   974983.747348 16.762721  0.000602 56.143242    118.08   -160.30     -2.51
   975076.870353 16.759675  0.000350 55.898383     88.77      6.88      6.59
   975169.993357 16.759274  0.000290 56.350083     59.73    171.74    -50.39
   975263.116361 16.760013  0.000346 56.173905     30.70    163.91     -2.33
   975356.239366 16.762714  0.000533 56.733182      1.50    152.58    -17.72
   975449.362370 16.763452  0.000593 56.995488    -27.20     33.80      5.30
   975542.485375 16.760651  0.000319 57.307759    -56.26   -115.25     -7.65
   975635.608379 16.764904  0.000621 58.056646    -84.84      5.65      0.52
   975728.731384 16.763148  0.000543 58.158486   -113.45     69.86     -1.87
   975821.854388 16.760233  0.000165 58.933298   -142.06     24.56     37.90
   975914.977392 16.763013  0.000464 59.203870   -170.24      6.38    -18.26
   976008.100397 16.762031  0.000351 59.494533    161.24   -166.88     14.45
   976101.223401 16.766034  0.000624 60.023844    133.20      5.77     -7.77
   976194.346406 16.764262  0.000547 59.819746    104.98     83.51     -1.89
   976287.469410 16.761508  0.000175 60.241851     76.80    138.63    -40.93
   976380.592415 16.765393  0.000572 59.964607     48.86     40.95      4.41
   976473.715419 16.764654  0.000476 59.782421     20.52    -59.84    -13.23
   976566.838423 16.761687  0.000077 59.734344     -7.51    107.19     -7.51
   976659.961428 16.764194  0.000419 58.994425    -35.86   -146.95     -7.15
   976753.084432 16.762481  0.000162 58.928194    -64.32   -172.06     56.76
   976846.207437 16.766643  0.000574 58.160110    -92.67   -141.04     -3.51
   976939.330441 16.766441  0.000514 57.736077   -121.55    135.80    -15.61
   977032.453445 16.764621  0.000298 57.377716   -150.12     -8.49    -35.33
   977125.576450 16.766626  0.000517 56.633443   -179.17     90.94     -4.94
   977218.699454 16.767990  0.000537 56.633320    151.80    168.09    -19.98
   977311.822459 16.765198  0.000296 56.073777    122.80    144.38     -1.92
   977404.945463 16.764513  0.000172 56.087120     93.37     86.70    -16.10
   977498.068468 16.764373  0.000106 56.139244     64.39    -74.44      4.31
   977591.191472 16.767403  0.000482 56.044014     34.98     94.36    -11.28
   977684.314476 16.770193  0.000609 56.662183      5.92    178.05    -10.17
   977777.437481 16.767245  0.000401 56.680668    -23.09   -165.70     -9.00
   977870.560485 16.769332  0.000536 57.407983    -52.17    152.07    -16.27
   977963.683490 16.770209  0.000587 57.865705    -80.72     22.12     -4.66
   978056.806494 16.767780  0.000379 58.250299   -109.55   -178.52     11.46
   978149.929499 16.766765  0.000251 59.096044   -137.91     -8.08    -52.12
   978243.052503 16.768042  0.000384 59.164427   -166.25    -22.64      2.09
   978336.175507 16.770099  0.000496 59.856414    165.40    -24.46    -23.46
   978429.298512 16.771153  0.000596 59.938202    137.47   -146.56      2.61
   978522.421516 16.768332  0.000304 59.981478    109.18     55.84     -1.73
   978615.544521 16.772682  0.000621 60.201642     81.26   -174.20     -2.29
   978708.667525 16.770847  0.000533 59.634446     53.14   -110.95     -2.79
   978801.790530 16.768119  0.000176 59.637890     24.87   -159.47     41.51
   978894.913534 16.770885  0.000464 59.019642     -3.22   -172.71    -17.67
   978988.036538 16.769670  0.000322 58.454739    -31.89     16.27     15.25
   979081.159543 16.774046  0.000632 58.119293    -60.31   -170.77     -4.26
   979174.282547 16.772254  0.000551 57.198756    -89.17    -87.07     -0.68
   979267.405552 16.770205  0.000276 57.052765   -118.16    -24.87    -42.78
   979360.528556 16.772822  0.000533 56.373550   -147.09   -124.00      8.67
   979453.651560 16.773641  0.000551 56.148260   -176.53    138.70     -7.54
   979546.774565 16.770653  0.000249 56.169450    154.41    -10.44    -40.47
   979639.897569 16.772609  0.000461 55.896080    124.96     71.74    -10.85
   979733.020574 16.770247  0.000174 56.487451     95.69    169.59    -64.63
   979826.143578 16.773824  0.000526 56.508507     66.61     73.21      8.11
   979919.266583 16.775470  0.000597 57.198506     37.36    -16.24      7.53
   980012.389587 16.775743  0.000589 57.766130      8.73   -162.03     -5.58
   980105.512591 16.774508  0.000515 58.156302    -20.13    -39.52      6.92
   980198.635596 16.775242  0.000497 59.082163    -48.53      9.19     24.89
   980291.758600 16.774990  0.000524 59.225691    -76.78     40.49     -7.08
   980384.881605 16.776642  0.000601 59.853424   -105.13    -24.64     -9.18
   980478.004609 16.776856  0.000597 60.046825   -132.99   -161.61     -8.14
   980571.127614 16.775408  0.000494 59.925355   -161.23    -23.15     11.74
   980664.250618 16.772689  0.000139 60.129928    170.84     20.62     58.03
   980757.373622 16.775959  0.000506 59.440127    142.74     95.50      6.52
   980850.496627 16.773719  0.000196 59.282734    114.39     26.26     32.63
   980943.619631 16.774326  0.000234 58.619971     86.22    -36.66    -15.69
   981036.742636 16.777602  0.000574 57.864918     57.42    131.09     -0.13
   981129.865640 16.774840  0.000270 57.556340     28.76   -165.92     52.17
   981222.988645 16.777093  0.000494 56.616489     -0.27    -73.91      9.14
   981316.111649 16.774698  0.000187 56.524878    -29.58    -28.59    -53.76
   981409.234653 16.778421  0.000529 56.044740    -58.70   -155.74    -12.13
   981502.357658 16.776018  0.000255 55.987739    -88.33     27.34     13.66
   981595.480662 16.780322  0.000611 56.305164   -117.50   -171.06     -7.54
   981688.603667 16.778635  0.000527 56.305030   -146.89    -98.63     -5.83
   981781.726671 16.775351  0.000055 57.161384   -176.07    -93.54     -4.25
   981874.849675 16.779613  0.000543 57.487011    155.14   -149.46     -9.59
   981967.972680 16.776894  0.000221 58.240910    126.18     92.04    -18.44
   982061.095684 16.779362  0.000458 58.979614     97.89   -150.40     27.79
   982154.218689 16.779379  0.000486 59.238859     69.43    -33.74      8.92
   982247.341693 16.782374  0.000637 60.018103     41.33      0.20      4.86
   982340.464698 16.778710  0.000349 59.895832     13.41    -27.98     -4.46
   982433.587702 16.778577  0.000284 60.062561    -14.76   -160.35     24.36
   982526.710706 16.780985  0.000485 59.910035    -42.57     31.04     21.02
   982619.833711 16.780018  0.000420 59.226160    -70.86    165.66      8.91
   982712.956715 16.780010  0.000359 59.043559    -99.12   -173.00     42.60
   982806.079720 16.781773  0.000543 58.019441   -127.56   -135.04     -7.13
   982899.202724 16.783117  0.000577 57.577210   -156.52    153.55    -13.26
   982992.325729 16.782586  0.000511 56.919942    174.70     11.49    -16.76
   983085.448733 16.782770  0.000538 56.260723    145.27    137.90      6.00
   983178.571737 16.782194  0.000423 56.283372    116.00   -166.46     31.76
   983271.694742 16.783095  0.000540 55.851645     86.57   -116.41     -3.40
   983364.817746 16.784237  0.000563 56.317239     56.98    171.57     17.05
   983457.940751 16.783137  0.000477 56.579061     27.87     51.20     17.61
   983551.063755 16.781485  0.000280 57.086962     -1.53   -103.88    -12.80
   983644.186760 16.785387  0.000593 58.010695    -30.25      4.47    -15.23
   983737.309764 16.782962  0.000424 58.350049    -58.97     36.68     -7.97
   983830.432768 16.786225  0.000607 59.348855    -87.41     -6.38      7.30
   983923.555773 16.783632  0.000421 59.623020   -115.41   -111.50     16.65
   984016.678777 16.784309  0.000455 59.925263   -143.64    118.49    -14.79
   984109.801782 16.784429  0.000421 60.206619   -171.42   -157.42     31.27
   984202.924786 16.785175  0.000536 59.648746    160.52    -67.55      5.67
   984296.047791 16.783610  0.000306 59.614590    132.37    -19.81    -44.62
   984389.170795 16.786483  0.000579 58.731391    104.24   -135.77      1.44
   984482.293799 16.784372  0.000335 58.114681     75.48    112.14    -21.56
   984575.416804 16.784867  0.000343 57.522182     46.88   -146.03     33.55
   984668.539808 16.785652  0.000428 56.577938     17.67    -29.85      9.01
   984761.662813 16.788954  0.000616 56.466294    -11.66     -2.26      6.13
   984854.785817 16.785027  0.000293 55.915561    -41.01    -37.98     -0.45
   984947.908821 16.785593  0.000317 56.108523    -70.77   -177.24     30.88
   985041.031826 16.788976  0.000597 56.428053   -100.00     27.29     10.07
   985134.154830 16.787671  0.000512 56.746148   -129.51    145.80      9.69
   985227.277835 16.789468  0.000580 57.772151   -158.45   -171.49     17.00
   985320.400839 16.787178  0.000425 58.153337    172.84   -161.55     -9.85
   985413.523844 16.786766  0.000314 59.130115    144.24    136.71    -31.54
   985506.646848 16.786466  0.000265 59.637261    116.26    -23.37    -23.27
   985599.769852 16.788695  0.000505 59.820308     88.05    106.14    -10.13
   985692.892857 16.791390  0.000638 60.243464     60.23   -179.91     -9.36
   985786.015861 16.788056  0.000402 59.650802     32.28   -175.46     -5.44
   985879.138866 16.789037  0.000420 59.511054      4.07    150.89    -29.47
   985972.261870 16.789982  0.000503 58.713596    -24.02     12.34    -16.25
   986065.384875 16.790326  0.000520 57.873410    -52.83    155.51     10.39
   986158.507879 16.787026  0.000102 57.388846    -81.58   -137.31     45.50
   986251.630883 16.790062  0.000470 56.385623   -110.82    -65.12      9.92
   986344.753888 16.787866  0.000176 56.299512   -140.37    -36.31    -48.41
   986437.876892 16.790953  0.000470 55.954784   -169.75   -163.43    -18.28
   986530.999897 16.790494  0.000400 56.148171    160.40     -6.93     22.95
   986624.122901 16.790594  0.000388 56.770476    131.18   -179.61    -34.93
   986717.245906 16.790432  0.000374 57.123184    101.85   -145.49     -5.51
   986810.368910 16.793018  0.000525 58.276705     72.99   -177.18     22.21
   986903.491914 16.790476  0.000319 58.746244     44.58    130.69      2.88
   986996.614919 16.793268  0.000539 59.511178     16.15    -15.28     11.50
   987089.737923 16.792273  0.000433 60.037512    -11.66    178.55    -28.01
   987182.860928 16.792237  0.000455 59.851542    -39.70   -111.61     -9.10
   987275.983932 16.789573  0.000057 60.049755    -67.61   -164.37     65.26
   987369.106936 16.793855  0.000549 59.211650    -95.57   -138.16     -6.03
   987462.229941 16.792595  0.000369 58.706737   -124.07    134.09    -28.62
   987555.352945 16.791173  0.000156 57.922906   -152.48    -81.68      9.22
   987648.475950 16.792708  0.000352 56.912470    178.36     51.17     -6.33
   987741.598954 16.790939  0.000053 56.632780    149.11    140.95    -45.74
   987834.721959 16.794981  0.000536 55.908822    119.62     73.61      5.73
   987927.844963 16.796629  0.000588 56.125801     89.78    -13.77     11.62
   988020.967967 16.796858  0.000612 56.342657     60.42   -152.02      0.42
   988114.090972 16.795303  0.000485 56.823906     30.78    -19.95     13.57
   988207.213976 16.793384  0.000258 57.881241      1.87     22.90     47.72
   988300.336981 16.796179  0.000553 58.341845    -26.87     81.91     -0.64
   988393.459985 16.796379  0.000472 59.424796    -55.30      0.22     24.87
   988486.582990 16.795524  0.000407 59.778571    -83.17   -118.48     19.55
   988579.705994 16.795059  0.000339 59.945963   -111.27     83.70    -11.92
   988672.828998 16.799063  0.000620 60.089637   -138.99   -175.05    -10.32
   988765.952003 16.796275  0.000450 59.253154   -167.05   -139.30     -8.80
   988859.075007 16.799541  0.000629 58.915013    164.61    174.60      8.50
   988952.198012 16.796852  0.000420 57.829470    136.18     71.09     16.34
   989045.321016 16.797612  0.000460 57.042730    106.95    -55.16    -17.65
   989138.444021 16.797331  0.000397 56.555318     77.80     27.38     32.14
   989231.567025 16.798341  0.000515 55.866312     48.08    119.16      7.64
   989324.690029 16.797856  0.000402 56.231639     18.35    163.58    -36.08
   989417.813034 16.799549  0.000564 56.292566    -11.14     57.22      3.86
   989510.936038 16.798390  0.000417 57.111850    -40.75    -44.25    -26.63
   989604.059043 16.796932  0.000236 57.999641    -69.53     53.07     35.64
   989697.182047 16.798496  0.000409 58.623406    -98.32    172.25     10.52
   989790.305051 16.800869  0.000543 59.697909   -126.47   -172.39     21.46
   989883.428056 16.798815  0.000392 59.781502   -154.36    177.41     -8.74
   989976.551060 16.797655  0.000184 60.075929    177.63     47.68     14.87
   990069.674065 16.799632  0.000392 59.782517    149.96   -137.61     26.35
   990162.797069 16.799471  0.000381 58.929496    121.67      1.22      9.02
   990255.920074 16.798493  0.000240 58.456215     93.30      9.19     55.71
   990349.043078 16.801588  0.000550 57.183541     64.47     58.62     -4.67
   990442.166082 16.803601  0.000622 56.707334     35.02    -17.59     -4.60
   990535.289087 16.802926  0.000561 56.110522      5.65   -157.18     -8.27
   990628.412091 16.802165  0.000494 55.913484    -24.34    -25.19     11.78
   990721.535096 16.799876  0.000234 56.492136    -53.89     24.52     46.52
   990814.658100 16.802771  0.000543 56.774646    -83.39     87.56      1.89
   990907.781105 16.801491  0.000360 57.986371   -112.57      2.22     39.01
   991000.904109 16.801118  0.000313 58.670814   -141.02    -90.61     15.78
   991094.027113 16.802736  0.000448 59.438648   -169.49    122.71    -18.96
   991187.150118 16.804850  0.000578 60.089556    162.76   -161.66     15.81
   991280.273122 16.803754  0.000538 59.804374    134.85    -96.70     -4.15
   991373.396127 16.801578  0.000232 59.828755    106.94   -167.54     45.28
   991466.519131 16.802623  0.000328 58.889272     78.98    163.06    -13.33
   991559.642136 16.804752  0.000505 58.034538     50.23    -16.36     13.61
   991652.765140 16.803209  0.000337 57.300815     21.46    176.08    -38.33
   991745.888144 16.803543  0.000373 56.239301     -8.09   -138.25     -8.11
   991839.011149 16.804423  0.000394 56.229360    -37.81   -176.29     39.56
   991932.134153 16.804000  0.000350 55.930522    -67.53    176.91    -10.37
   992025.257158 16.803606  0.000252 56.594008    -97.42     13.59     30.76
   992118.380162 16.807395  0.000590 57.383519   -126.53   -153.05      7.19
   992211.503166 16.806413  0.000543 58.109925   -155.60    -46.85      5.31
   992304.626171 16.808800  0.000640 59.347480    176.05     -1.51     -3.38
   992397.749175 16.805070  0.000366 59.611742    148.07    -37.05      2.17
   992490.872180 16.804543  0.000252 60.112752    120.07   -165.59     35.07
   992583.995184 16.806722  0.000446 59.852106     92.47     44.52     21.74
   992677.118189 16.805943  0.000363 59.086970     64.25   -172.96     11.62
   992770.241193 16.804229  0.000092 58.528561     35.98   -149.44     53.69
   992863.364197 16.808056  0.000528 57.195033      7.13    -98.77      3.48
   992956.487202 16.808308  0.000480 56.667387    -22.36    176.34     23.81
   993049.610206 16.808092  0.000456 56.061779    -51.84     50.36     18.45
   993142.733211 16.806492  0.000269 55.946718    -81.96   -119.80     -7.19
   993235.856215 16.808851  0.000468 56.640322   -111.54      0.08    -30.43
   993328.979220 16.807599  0.000368 57.067826   -141.05     -1.19      1.67
   993422.102224 16.810360  0.000538 58.412102   -170.04    -15.09    -20.38
   993515.225228 16.810391  0.000580 59.057814    161.69   -138.75     -0.18
   993608.348233 16.807611  0.000256 59.768526    133.47     43.60      8.69
   993701.471237 16.811722  0.000588 60.164439    105.87   -173.32    -10.95
   993794.594242 16.809772  0.000478 59.568876     77.99   -118.64     -7.28
   993887.717246 16.809012  0.000344 59.273712     49.91   -176.49     42.99
   993980.840251 16.809114  0.000336 58.051674     21.60    165.63    -12.85
   994073.963255 16.810583  0.000445 57.172724     -7.64     -6.50     21.47
   994167.086259 16.812230  0.000533 56.486600    -36.90   -171.14    -18.54
   994260.209264 16.811228  0.000485 55.839019    -66.91    -89.32     -9.33
   994353.332268 16.808632  0.000149 56.318518    -96.76    -18.96    -55.27
   994446.455273 16.812483  0.000556 56.567144   -126.38   -117.68      1.47
   994539.578277 16.813190  0.000543 57.700808   -155.83    149.44    -13.34
   994632.701281 16.810615  0.000306 58.700106    175.67    -10.02    -29.68
   994725.824286 16.811997  0.000449 59.341912    147.25     91.66    -12.37
   994818.947290 16.811603  0.000364 60.167521    119.48    174.79    -43.99
   994912.070295 16.812533  0.000466 59.752601     91.75    107.83      8.59
   995005.193299 16.812209  0.000365 59.535118     63.72      5.02     31.83
   995098.316304 16.813107  0.000422 58.555529     35.68   -130.24     20.81
   995191.439308 16.812062  0.000309 57.398141      6.68     41.38     -0.90
   995284.562312 16.812078  0.000278 56.796896    -22.53    170.90    -46.82
   995377.685317 16.813200  0.000393 55.880220    -52.33    133.32      9.41
   995470.808321 16.811659  0.000174 56.186520    -82.43    146.87    -50.79
   995563.931326 16.813739  0.000381 56.479116   -112.05      2.15    -19.88
   995657.054330 16.816079  0.000569 57.388209   -141.72    155.60      7.81
   995750.177335 16.812143  0.000107 58.611156   -170.36   -111.62     28.05
   995843.300339 16.815041  0.000476 59.191619    161.25    -44.70      8.54
   995936.423343 16.814944  0.000390 60.104524    133.35    -20.25    -35.15
   996029.546348 16.816935  0.000571 59.871048    105.79   -141.04     -0.39
   996122.669352 16.814090  0.000254 59.424542     77.72     80.11    -11.94
   996215.792357 16.818265  0.000599 58.697069     49.68   -162.71     13.63
   996308.915361 16.817229  0.000557 57.307629     20.74    -71.54      1.23
   996402.038366 16.815582  0.000340 56.768108     -8.65    -11.29    -45.74
   996495.161370 16.817695  0.000535 55.904888    -38.39   -114.61      5.23
   996588.284374 16.818471  0.000546 56.109336    -68.61    147.03    -13.34
   996681.407379 16.815343  0.000210 56.702439    -98.19    -21.68    -29.04
   996774.530383 16.816901  0.000394 57.436031   -127.73     69.95    -10.20
   996867.653388 16.814847  0.000108 58.864331   -156.40    168.49    -65.75
   996960.776392 16.818765  0.000546 59.363297    175.46     74.24      4.98
   997053.899396 16.820687  0.000619 60.080165    147.49    -15.41      5.60
   997147.022401 16.820373  0.000601 59.884449    120.00   -160.14     -5.99
   997240.145405 16.819593  0.000541 59.077970     91.86    -33.38      6.93
   997333.268410 16.819060  0.000430 58.388458     63.58     14.17     32.76
   997426.391414 16.819883  0.000537 56.944569     34.56     60.48     -4.70
   997519.514419 16.821640  0.000580 56.414014      4.80    -10.49     10.60
   997612.637423 16.820739  0.000523 55.961538    -24.97   -136.54     14.58
   997705.760427 16.818258  0.000261 56.179943    -55.24     54.71     -2.99
   997798.883432 16.821404  0.000511 57.224718    -84.72   -177.07    -25.10
   997892.006436 16.819587  0.000386 57.943349   -113.90   -157.16     -4.57
   997985.129441 16.823525  0.000639 59.352846   -142.38    173.28     -1.27
   998078.252445 16.821111  0.000466 59.764590   -170.15     66.01     12.63
   998171.375450 16.820905  0.000426 59.939014    161.97    -61.28    -18.14
   998264.498454 16.821330  0.000419 59.652915    134.37     23.49     32.01
   998357.621458 16.822020  0.000516 58.372390    106.08    119.22      7.05
   998450.744463 16.822267  0.000457 57.636692     77.21    164.60    -32.61
   998543.867467 16.822900  0.000532 56.380820     47.86     63.27      8.99
   998636.990472 16.823701  0.000541 56.026908     17.66    -35.94    -15.30
   998730.113476 16.820147  0.000139 56.212839    -12.19    136.53    -18.29
   998823.236481 16.821852  0.000348 56.696334    -42.19   -131.25     -5.71
   998916.359485 16.820240  0.000100 58.124069    -71.34   -153.11     53.69
   999009.482489 16.824268  0.000557 58.859273    -99.80   -126.36     -2.07
   999102.605494 16.825084  0.000551 59.854658   -127.95    150.42    -13.39
   999195.728498 16.823681  0.000428 60.047102   -155.42      0.35    -25.28
   999288.851503 16.824918  0.000550 59.406557    176.63    115.07     -6.03
   999381.974507 16.827333  0.000650 58.827981    148.57   -178.21     -4.89
   999475.097511 16.823759  0.000386 57.304073    119.78   -171.67     -8.05
   999568.220516 16.824740  0.000410 56.606673     90.13    147.52    -27.98
   999661.343520 16.825550  0.000476 55.990608     60.36     11.19    -18.48
   999754.466525 16.826105  0.000525 56.055348     30.00    151.00     10.87
   999847.589529 16.822743  0.000130 57.095001      0.36   -156.04     59.84
   999940.712534 16.825952  0.000498 57.836806    -28.89    -67.87      7.88
  1000000.000136 16.826527  0.000473 57.913452    -42.85   -151.48     24.33
