    
        0.000000  3.244355  0.012248 61.999920   -180.00     -0.00    180.00
        0.931260  3.257257  0.015789 61.934958    179.80   -177.86    -20.76
        1.862520  3.276517  0.016655 62.047763   -179.87     88.63     -0.55
        2.793780  3.294821  0.015301 62.147863    179.88    -51.13      0.90
        3.725040  3.312682  0.014655 62.153466    179.89   -108.83     -0.08
        4.656300  3.330104  0.014552 61.987876   -179.93     49.59     -0.09
        5.587560  3.347032  0.014383 61.998008    179.68   -167.30     -0.00
        6.518820  3.363496  0.014176 61.821740    179.85     78.25     -0.00
        7.450080  3.379535  0.014010 61.832765    179.90    176.19      0.02
        8.381340  3.395169  0.013841 61.842354    179.71   -131.27      0.04
        9.312600  3.410413  0.013664 62.130418    179.69    -28.97      0.00
       10.243860  3.425302  0.013522 61.841133    179.82   -147.89      0.00
       11.175120  3.439837  0.013360 62.095829    179.86    -44.42     -0.03
       12.106380  3.454049  0.013220 62.150004    179.70     -0.30      0.01
       13.037640  3.467942  0.013083 62.141547    179.72     58.06     -0.02
       13.968900  3.481543  0.012959 62.017759    179.84   -160.08     -0.01
       14.900160  3.494854  0.012811 61.831286    179.59    130.96      0.01
       15.831420  3.507897  0.012698 62.145484    179.65    -87.32      0.01
       16.762680  3.520685  0.012587 61.889642    179.45    -36.21      0.00
       17.693940  3.533225  0.012477 61.868123    179.68    -20.72      0.01
       18.625200  3.545518  0.012361 61.973394    179.72     11.86      0.06
       19.556460  3.557583  0.012232 61.967819    179.69    111.49     -0.00
       20.487720  3.569431  0.012140 61.860668    179.61    -34.63      0.01
       21.418980  3.581065  0.012034 61.870069    179.35    -21.27      0.03
       22.350240  3.592505  0.011946 62.143630    179.42   -165.65      0.01
       23.281500  3.603734  0.011843 61.846262    179.50    -66.62     -0.04
       24.212760  3.614788  0.011742 62.149946    179.39    -45.08     -0.01
       25.144020  3.625656  0.011661 61.905221    179.22    -63.61     -0.01
       26.075280  3.636349  0.011570 61.846008    179.43    -86.72     -0.02
       27.006540  3.646877  0.011489 61.948954    179.50    -79.97     -0.02
       27.937800  3.657235  0.011412 61.994695    179.48    -10.57     -0.01
       28.869060  3.667437  0.011321 61.953926    179.46    152.89      0.03
       29.800320  3.677485  0.011251 61.855450    179.35     80.72      0.00
       30.731580  3.687396  0.011173 61.885076    179.10    161.78      0.04
       31.662840  3.697146  0.011102 62.132978    179.12     63.82      0.00
       32.594100  3.706773  0.011015 61.922594    179.33    173.52      0.02
       33.525360  3.716257  0.010952 62.011221    178.97    157.06     -0.00
       34.456620  3.725612  0.010887 61.918195    179.29     38.63     -0.01
       35.387880  3.734843  0.010819 62.126260    179.03   -157.23     -0.04
       36.319140  3.743942  0.010742 61.873899    178.96    -47.88     -0.03
       37.250400  3.752938  0.010683 61.878384    179.17     28.86      0.02
       38.181660  3.761797  0.010619 62.031897    179.19     94.78     -0.01
       39.112920  3.770567  0.010562 62.111350    179.10    170.42     -0.02
       40.044180  3.779210  0.010503 62.123931    179.04    -84.26     -0.03
       40.975440  3.787753  0.010449 62.108029    179.05     70.03      0.01
       41.906700  3.796186  0.010375 62.039042    179.09    -67.88      0.04
       42.837960  3.804526  0.010331 61.900292    179.05   -119.76      0.01
       43.769220  3.812756  0.010274 61.847209    178.81    -68.10     -0.01
       44.700480  3.820897  0.010205 62.071065    178.69    103.91      0.03
       45.631740  3.828948  0.010164 62.064023    178.97     52.65      0.03
       46.563000  3.836911  0.010107 61.840194    178.73    154.46      0.04
       47.494260  3.844776  0.010064 62.135552    178.78     64.46      0.00
       48.425520  3.852554  0.010002 61.826860    178.74    157.79      0.03
       49.356780  3.860250  0.009958 62.127169    178.79     89.03      0.03
       50.288040  3.867866  0.009908 61.914180    178.54   -127.45     -0.01
       51.219300  3.875392  0.009863 61.918954    178.82   -118.42      0.03
       52.150560  3.882851  0.009822 62.139106    178.68    130.09     -0.01
       53.081820  3.890222  0.009767 62.029995    178.44    -89.21     -0.05
       54.013080  3.897526  0.009724 61.859859    178.48    -44.01      0.04
       54.944340  3.904751  0.009676 61.832474    178.61    -81.65      0.01
       55.875600  3.911904  0.009636 61.884238    178.68    169.78     -0.01
       56.806860  3.918993  0.009598 61.932186    178.68      1.93     -0.01
       57.738120  3.926004  0.009556 61.940593    178.65    146.16     -0.03
       58.669380  3.932939  0.009508 61.908491    178.60   -106.55     -0.03
       59.600640  3.939832  0.009469 61.850866    178.51    -25.44     -0.04
       60.531900  3.946637  0.009423 61.834953    178.35     39.94     -0.02
       61.463160  3.953393  0.009388 61.943764    178.21     99.82     -0.00
       62.394420  3.960079  0.009350 62.116220    178.27    164.10     -0.01
       63.325680  3.966709  0.009314 62.064371    178.48   -117.47      0.01
       64.256940  3.973282  0.009281 61.843442    178.35    -15.14     -0.00
       65.188200  3.979781  0.009236 62.020410    178.10    120.18      0.02
       66.119460  3.986234  0.009194 62.079744    178.37    -62.69     -0.01
       67.050720  3.992633  0.009169 61.837378    178.16    165.39      0.01
       67.981980  3.998971  0.009130 62.131551    178.18     92.83     -0.03
       68.913240  4.005255  0.009096 61.832625    178.20     88.08     -0.02
       69.844500  4.011486  0.009064 62.137405    178.13    159.49     -0.00
       70.775760  4.017661  0.009017 61.840936    178.08    -44.93     -0.01
       71.707020  4.023798  0.008994 62.104119    178.20   -157.45      0.04
       72.638280  4.029874  0.008962 61.976013    177.88   -170.03      0.03
       73.569540  4.035896  0.008922 61.866984    178.13    -75.65     -0.00
       74.500800  4.041877  0.008897 62.114442    178.08    133.37      0.02
       75.432060  4.047807  0.008865 62.025884    177.81    104.27      0.02
       76.363320  4.053694  0.008829 61.839331    177.90   -156.11     -0.01
       77.294580  4.059522  0.008796 61.911166    178.07     79.16      0.01
       78.225840  4.065309  0.008765 62.077654    178.03     97.08      0.00
       79.157100  4.071056  0.008736 62.140327    177.86    -95.82     -0.02
       80.088360  4.076764  0.008710 62.094260    177.71   -133.22      0.02
       81.019620  4.082430  0.008682 62.016627    177.64     -8.68     -0.02
       81.950880  4.088050  0.008658 61.957657    177.61    -76.10      0.01
       82.882140  4.093628  0.008624 61.930323    177.60     30.80     -0.04
       83.813400  4.099154  0.008598 61.933912    177.58    -42.11     -0.01
       84.744660  4.104645  0.008565 61.960058    177.53     71.15     -0.02
       85.675920  4.110113  0.008545 62.010938    177.50     16.16      0.05
       86.607180  4.115529  0.008522 62.079149    177.50    158.72      0.01
       87.538440  4.120901  0.008481 62.129265    177.57    144.17      0.00
       88.469700  4.126234  0.008456 62.101029    177.69    -22.00     -0.01
       89.400960  4.131538  0.008433 61.967429    177.74     25.57      0.01
       90.332220  4.136794  0.008403 61.841159    177.59    -67.76     -0.00
       91.263480  4.142025  0.008380 61.918911    177.36     63.04      0.02
       92.194740  4.147212  0.008351 62.119371    177.39     62.87      0.01
       93.126000  4.152376  0.008332 62.048476    177.60    -63.31     -0.01
       94.057260  4.157493  0.008308 61.834511    177.44     49.52      0.01
       94.988520  4.162585  0.008283 62.020258    177.23     46.07     -0.03
       95.919780  4.167639  0.008259 62.077455    177.50    -69.37      0.03
       96.851040  4.172662  0.008233 61.834798    177.34     68.41      0.04
       97.782300  4.177639  0.008208 62.106961    177.21    103.71      0.01
       98.713560  4.182606  0.008186 61.936331    177.44     40.77      0.00
       99.644820  4.187520  0.008162 61.986183    177.08   -115.69      0.03
      100.576080  4.192424  0.008142 62.022287    177.38     -1.90      0.04
      101.507340  4.197280  0.008120 61.927771    177.03     26.95      0.02
      102.438600  4.202111  0.008099 62.025668    177.33    -25.57     -0.02
      103.369860  4.206918  0.008072 61.962763    176.98   -154.86      0.00
      104.301120  4.211693  0.008056 61.958820    177.29      2.62     -0.02
      105.232380  4.216415  0.008028 62.080467    176.95     91.30      0.02
      106.163640  4.221135  0.008010 61.848119    177.10    114.64     -0.00
      107.094900  4.225816  0.007990 62.121998    177.08     76.66     -0.01
      108.026160  4.230482  0.007968 61.936518    176.83    -18.85     -0.03
      108.957420  4.235105  0.007942 61.883902    177.10   -168.62      0.02
      109.888680  4.239709  0.007928 62.126522    176.99     -8.40     -0.03
      110.819940  4.244274  0.007901 61.975181    176.75    105.08      0.03
      111.751200  4.248841  0.007884 61.845575    176.93    175.33     -0.01
      112.682460  4.253355  0.007865 62.039182    177.01   -154.16      0.01
      113.613720  4.257847  0.007847 62.130045    176.77   -159.80      0.02
      114.544980  4.262317  0.007831 61.968552    176.62    161.55      0.01
      115.476240  4.266759  0.007812 61.834477    176.73     93.13     -0.00
      116.407500  4.271174  0.007791 61.892139    176.88     -1.69     -0.03
      117.338760  4.275571  0.007771 62.041914    176.88   -119.61     -0.02
      118.270020  4.279925  0.007741 62.131332    176.73    102.58     -0.03
      119.201280  4.284279  0.007723 62.118639    176.57    -52.09     -0.03
      120.132540  4.288609  0.007712 62.041582    176.46    139.36      0.00
      121.063800  4.292906  0.007698 61.954699    176.42    -40.00     -0.00
      121.995060  4.297176  0.007677 61.890577    176.43    132.78     -0.02
      122.926320  4.301422  0.007655 61.856463    176.45    -59.35     -0.00
      123.857580  4.305645  0.007635 61.844978    176.46    106.56      0.02
      124.788840  4.309846  0.007617 61.844597    176.45    -86.59      0.02
      125.720100  4.314027  0.007599 61.846693    176.41     84.02      0.00
      126.651360  4.318189  0.007582 61.849408    176.36    -98.88     -0.02
      127.582620  4.322335  0.007567 61.858389    176.29     87.40     -0.03
      128.513880  4.326460  0.007554 61.884353    176.23    -74.47     -0.03
      129.445140  4.330553  0.007537 61.937050    176.17    138.20     -0.01
      130.376400  4.334631  0.007523 62.015246    176.15      8.08     -0.02
      131.307660  4.338680  0.007503 62.096989    176.17   -102.33      0.04
      132.238920  4.342729  0.007487 62.137613    176.25    169.69      0.02
      133.170180  4.346721  0.007460 62.087382    176.33    106.61     -0.03
      134.101440  4.350715  0.007451 61.957109    176.34     70.81     -0.00
      135.032700  4.354693  0.007432 61.842432    176.20     64.86     -0.00
      135.963960  4.358655  0.007425 61.873569    176.01     91.12      0.01
      136.895220  4.362582  0.007404 62.041877    175.95    151.95     -0.03
      137.826480  4.366500  0.007386 62.129643    176.11   -110.40      0.01
      138.757740  4.370407  0.007375 61.986759    176.21     26.63      0.01
      139.689000  4.374281  0.007359 61.842051    176.01   -154.61      0.02
      140.620260  4.378123  0.007340 61.984598    175.80     68.01      0.01
      141.551520  4.381978  0.007328 62.128563    175.96    -23.50      0.02
      142.482780  4.385798  0.007315 61.931111    176.07    -66.70     -0.01
      143.414040  4.389596  0.007295 61.861839    175.80    -59.27      0.00
      144.345300  4.393388  0.007283 62.110234    175.79      0.69     -0.01
      145.276560  4.397141  0.007263 61.993885    176.01    115.32     -0.01
      146.207820  4.400890  0.007247 61.863497    175.72    -72.92     -0.01
      147.139080  4.404648  0.007241 62.124826    175.70    157.64     -0.00
      148.070340  4.408347  0.007223 61.928254    175.88     89.07     -0.02
      149.001600  4.412052  0.007210 61.929194    175.55     83.71     -0.01
      149.932860  4.415729  0.007195 62.101212    175.78    143.05     -0.00
      150.864120  4.419395  0.007182 61.835678    175.66    -90.46      0.02
      151.795380  4.423034  0.007163 62.117985    175.56    105.01      0.01
      152.726640  4.426692  0.007157 61.891774    175.72     11.26      0.00
      153.657900  4.430308  0.007142 62.048623    175.40     -9.52      0.00
      154.589160  4.433889  0.007123 61.956312    175.68     44.04      0.02
      155.520420  4.437480  0.007114 61.988270    175.33    174.38      0.02
      156.451680  4.441046  0.007099 61.980080    175.64     22.76     -0.00
      157.382940  4.444596  0.007085 61.982871    175.28    -48.41      0.00
      158.314200  4.448134  0.007071 61.968365    175.59    -37.88     -0.03
      159.245460  4.451659  0.007059 62.029935    175.23     56.65      0.04
      160.176720  4.455159  0.007041 61.913059    175.49   -123.55      0.04
      161.107980  4.458670  0.007038 62.098771    175.20    143.79     -0.02
      162.039240  4.462144  0.007025 61.839770    175.32    139.77     -0.01
      162.970500  4.465599  0.007012 62.120918    175.29   -133.57     -0.01
      163.901760  4.469052  0.006995 61.875341    175.12     45.45      0.01
      164.833020  4.472474  0.006982 62.004692    175.38    -41.70     -0.01
      165.764280  4.475902  0.006972 62.067006    175.04    -32.92     -0.03
      166.695540  4.479291  0.006952 61.846800    175.17     72.79      0.05
      167.626800  4.482687  0.006941 62.101738    175.20    -82.45     -0.04
      168.558060  4.486066  0.006928 61.985252    174.90   -137.28      0.00
      169.489320  4.489438  0.006922 61.853820    175.12    -90.33     -0.02
      170.420580  4.492789  0.006912 62.103207    175.11     60.20      0.01
      171.351840  4.496114  0.006896 62.001979    174.83    -43.99     -0.02
      172.283100  4.499438  0.006884 61.843902    175.00    -41.77     -0.04
      173.214360  4.502741  0.006868 62.056725    175.07     68.51      0.05
      174.145620  4.506040  0.006858 62.099699    174.78    -71.26     -0.05
      175.076880  4.509322  0.006847 61.876794    174.73   -100.23     -0.03
      176.008140  4.512601  0.006842 61.886365    174.95    -16.91      0.03
      176.939400  4.515853  0.006826 62.090661    174.91   -179.41     -0.03
      177.870660  4.519094  0.006812 62.081557    174.66    133.50     -0.03
      178.801920  4.522344  0.006810 61.894684    174.62   -156.91      0.01
      179.733180  4.525559  0.006791 61.858171    174.78     30.83      0.02
      180.664440  4.528769  0.006782 62.014691    174.83    -21.77     -0.02
      181.595700  4.531944  0.006768 62.128056    174.66     46.57      0.01
      182.526960  4.535127  0.006755 62.057070    174.47   -122.78     -0.01
      183.458220  4.538299  0.006746 61.903368    174.44   -168.65     -0.01
      184.389480  4.541460  0.006738 61.835015    174.56    -89.67      0.02
      185.320740  4.544596  0.006722 61.902092    174.67    115.65     -0.01
      186.252000  4.547725  0.006710 62.031551    174.66     88.56      0.01
      187.183260  4.550876  0.006707 62.121009    174.52   -169.62      0.03
      188.114520  4.553959  0.006689 62.120534    174.36     62.35      0.02
      189.045780  4.557063  0.006680 62.049325    174.24     65.63      0.01
      189.977040  4.560154  0.006673 61.954740    174.20   -158.52     -0.02
      190.908300  4.563232  0.006663 61.880045    174.23    111.09     -0.01
      191.839560  4.566296  0.006651 61.843065    174.27    155.81     -0.00
      192.770820  4.569358  0.006644 61.843774    174.31    -23.10     -0.05
      193.702080  4.572385  0.006628 61.868502    174.33    -64.55     -0.03
      194.633340  4.575425  0.006616 61.901800    174.33     32.64      0.03
      195.564600  4.578442  0.006606 61.934593    174.32    -90.24     -0.01
      196.495860  4.581460  0.006602 61.963239    174.31    -72.17     -0.01
      197.427120  4.584458  0.006591 61.987868    174.29     88.04      0.00
      198.358380  4.587450  0.006583 62.007519    174.26     31.60     -0.01
      199.289640  4.590409  0.006564 62.018683    174.23    119.63     -0.01
      200.220900  4.593403  0.006564 62.021105    174.19     -6.72     -0.01
      201.152160  4.596356  0.006552 62.011538    174.14     13.58      0.03
      202.083420  4.599298  0.006543 61.990615    174.11   -178.32      0.03
      203.014680  4.602232  0.006533 61.961335    174.08    138.63      0.01
      203.945940  4.605156  0.006524 61.928692    174.05   -114.50     -0.01
      204.877200  4.608062  0.006511 61.893456    174.01    143.40     -0.01
      205.808460  4.610986  0.006505 61.863824    173.94   -166.58     -0.00
      206.739720  4.613877  0.006493 61.845763    173.84     36.59      0.04
      207.670980  4.616758  0.006482 61.847914    173.72     34.02      0.04
      208.602240  4.619639  0.006475 61.880172    173.61   -173.35      0.02
      209.533500  4.622504  0.006468 61.946134    173.54    135.48      0.00
      210.464760  4.625355  0.006456 62.029962    173.52   -118.52     -0.01
      211.396020  4.628197  0.006446 62.103648    173.57    145.68      0.00
      212.327280  4.631049  0.006439 62.124565    173.66   -150.84     -0.00
      213.258540  4.633858  0.006422 62.068665    173.73     72.88      0.03
      214.189800  4.636669  0.006411 61.955618    173.71     97.95     -0.01
      215.121060  4.639487  0.006406 61.856343    173.58    -74.75     -0.03
      216.052320  4.642292  0.006399 61.852587    173.40    -84.35     -0.02
      216.983580  4.645086  0.006392 61.960465    173.29     70.07     -0.00
      217.914840  4.647869  0.006384 62.091867    173.33     29.47     -0.01
      218.846100  4.650637  0.006373 62.112144    173.47    154.83     -0.02
      219.777360  4.653391  0.006359 61.986733    173.54     87.12      0.02
      220.708620  4.656176  0.006361 61.854477    173.39   -172.57      0.01
      221.639880  4.658892  0.006342 61.891193    173.16     96.52     -0.01
      222.571140  4.661648  0.006342 62.059306    173.11    175.10      0.01
      223.502400  4.664367  0.006332 62.115070    173.27     64.13     -0.01
      224.433660  4.667089  0.006323 61.957252    173.36    124.58     -0.00
      225.364920  4.669801  0.006316 61.835703    173.18     -2.49     -0.02
      226.296180  4.672511  0.006305 61.972414    172.99     43.59      0.02
      227.227440  4.675180  0.006289 62.129637    173.09    -96.32      0.01
      228.158700  4.677876  0.006283 62.001046    173.23    -61.28     -0.04
      229.089960  4.680572  0.006282 61.838633    173.03    149.59     -0.01
      230.021220  4.683229  0.006272 61.987928    172.83    177.03      0.02
      230.952480  4.685886  0.006264 62.118889    173.01     21.76      0.00
      231.883740  4.688548  0.006258 61.922184    173.11     44.81     -0.01
      232.815000  4.691185  0.006247 61.868927    172.83   -112.89      0.03
      233.746260  4.693804  0.006230 62.102784    172.79    -90.66      0.00
      234.677520  4.696438  0.006225 62.026282    173.00    112.22     -0.04
      235.608780  4.699077  0.006223 61.841839    172.78    136.77     -0.03
      236.540040  4.701687  0.006216 62.054804    172.63    -16.43      0.01
      237.471300  4.704281  0.006206 62.054054    172.88     13.33     -0.00
      238.402560  4.706885  0.006201 61.834633    172.73   -132.82     -0.00
      239.333820  4.709466  0.006189 62.054821    172.56    -94.28      0.02
      240.265080  4.712041  0.006178 62.045143    172.82    129.64     -0.03
      241.196340  4.714642  0.006181 61.845052    172.58    179.98     -0.01
      242.127600  4.717176  0.006162 62.099312    172.48     57.24      0.04
      243.058860  4.719752  0.006163 61.966947    172.70    122.17     -0.02
      243.990120  4.722292  0.006151 61.886311    172.39     15.70      0.02
      244.921380  4.724841  0.006147 62.120035    172.52     98.30      0.02
      245.852640  4.727381  0.006137 61.857905    172.56     10.97     -0.02
      246.783900  4.729887  0.006122 62.035093    172.29    114.49     -0.01
      247.715160  4.732421  0.006120 62.022077    172.55     49.17      0.05
      248.646420  4.734952  0.006119 61.881091    172.24    176.40      0.01
      249.577680  4.737450  0.006108 62.122955    172.35    136.26     -0.03
      250.508940  4.739945  0.006101 61.839756    172.33    -70.32     -0.02
      251.440200  4.742436  0.006093 62.087363    172.16    -82.57      0.00
      252.371460  4.744914  0.006084 61.914621    172.39     99.98      0.02
      253.302720  4.747381  0.006071 62.000246    172.05    118.54     -0.01
      254.233980  4.749871  0.006070 62.014426    172.33    -26.78     -0.04
      255.165240  4.752337  0.006064 61.918492    171.98     25.15      0.04
      256.096500  4.754773  0.006050 62.076595    172.20    -85.34     -0.02
      257.027760  4.757234  0.006049 61.865855    171.95      2.64      0.03
      257.959020  4.759680  0.006044 62.103011    172.11    -70.46     -0.00
      258.890280  4.762118  0.006037 61.845986    171.95     56.27     -0.00
      259.821540  4.764553  0.006029 62.118334    172.04     23.31     -0.01
      260.752800  4.766981  0.006024 61.846228    171.90   -168.48      0.00
      261.684060  4.769390  0.006014 62.124220    171.94   -158.66      0.03
      262.615320  4.771775  0.006001 61.849167    171.80     53.57      0.04
      263.546580  4.774191  0.006001 62.111550    171.89    108.71     -0.02
      264.477840  4.776581  0.005990 61.854133    171.71      7.45      0.00
      265.409100  4.778973  0.005985 62.087355    171.88    110.25      0.01
      266.340360  4.781362  0.005980 61.892084    171.63     58.11      0.03
      267.271620  4.783746  0.005974 62.045031    171.87   -148.72      0.02
      268.202880  4.786113  0.005966 61.962653    171.52   -149.18      0.05
      269.134140  4.788452  0.005951 61.961336    171.79     56.81      0.03
      270.065400  4.790823  0.005950 62.051491    171.44    110.42     -0.03
      270.996660  4.793169  0.005944 61.866037    171.66     11.53      0.02
      271.927920  4.795517  0.005938 62.117052    171.51    121.34      0.01
      272.859180  4.797856  0.005931 61.840297    171.49     80.19      0.01
      273.790440  4.800183  0.005921 62.089424    171.60   -111.31      0.05
      274.721700  4.802494  0.005909 61.942293    171.29    -92.23      0.01
      275.652960  4.804839  0.005910 61.946901    171.55    137.46     -0.04
      276.584220  4.807139  0.005901 62.093576    171.25   -141.29      0.03
      277.515480  4.809460  0.005901 61.835757    171.33    151.84      0.02
      278.446740  4.811758  0.005892 62.090986    171.41    -62.49      0.01
      279.378000  4.814046  0.005884 61.950933    171.13    -63.51      0.01
      280.309260  4.816336  0.005875 61.907219    171.40    148.99     -0.03
      281.240520  4.818634  0.005875 62.124089    171.19   -144.10      0.04
      282.171780  4.820905  0.005865 61.866708    171.08    137.77     -0.06
      283.103040  4.823160  0.005853 61.996487    171.28    -85.27     -0.03
      284.034300  4.825435  0.005852 62.081744    170.98    -92.15     -0.03
      284.965560  4.827703  0.005848 61.837665    171.05    117.16      0.01
      285.896820  4.829952  0.005841 62.040057    171.20   -176.52     -0.02
      286.828080  4.832190  0.005830 62.056324    170.89    107.52      0.01
      287.759340  4.834436  0.005822 61.840617    170.98   -110.53      0.05
      288.690600  4.836666  0.005814 62.050009    171.08   -109.90      0.03
      289.621860  4.838907  0.005811 62.069753    170.76    110.08     -0.04
      290.553120  4.841142  0.005811 61.841017    170.82   -170.65      0.02
      291.484380  4.843365  0.005807 62.004025    170.99    128.79      0.00
      292.415640  4.845576  0.005798 62.099120    170.73    -70.96      0.01
      293.346900  4.847775  0.005789 61.871219    170.69    -49.60     -0.00
      294.278160  4.850004  0.005789 61.928848    170.91   -166.64     -0.02
      295.209420  4.852173  0.005773 62.125142    170.74    -61.27     -0.03
      296.140680  4.854360  0.005765 61.969235    170.50    -93.19     -0.01
      297.071940  4.856561  0.005763 61.844371    170.66     97.89     -0.02
      298.003200  4.858755  0.005762 62.041452    170.74    152.61      0.01
      298.934460  4.860931  0.005757 62.097062    170.49     71.67      0.00
      299.865720  4.863108  0.005753 61.888870    170.43   -144.70     -0.00
      300.796980  4.865275  0.005745 61.876625    170.64   -136.05      0.04
      301.728240  4.867405  0.005729 62.083447    170.59     98.45      0.00
      302.659500  4.869594  0.005733 62.086437    170.32   -160.87      0.03
      303.590760  4.871747  0.005730 61.886249    170.27    166.33     -0.00
      304.522020  4.873879  0.005719 61.868692    170.46      0.37      0.02
      305.453280  4.876020  0.005717 62.056589    170.47     62.05     -0.02
      306.384540  4.878150  0.005709 62.106535    170.24     -8.21     -0.02
      307.315800  4.880279  0.005700 61.939539    170.14    149.96     -0.03
      308.247060  4.882426  0.005702 61.842049    170.27    176.96     -0.03
      309.178320  4.884510  0.005683 61.968594    170.36     73.33      0.02
      310.109580  4.886651  0.005686 62.114785    170.21   -160.36      0.06
      311.040840  4.888752  0.005678 62.064450    169.98   -163.70      0.03
      311.972100  4.890858  0.005675 61.896310    169.96     63.57     -0.01
      312.903360  4.892954  0.005669 61.841859    170.12    161.86     -0.01
      313.834620  4.895043  0.005661 61.965574    170.22    131.83     -0.01
      314.765880  4.897149  0.005657 62.106204    170.09    -25.95     -0.07
      315.697140  4.899227  0.005651 62.098006    169.87     48.65      0.07
      316.628400  4.901328  0.005653 61.960245    169.76     -3.69      0.03
      317.559660  4.903394  0.005644 61.846312    169.83    177.18      0.01
      318.490920  4.905452  0.005635 61.871623    169.96   -128.21      0.00
      319.422180  4.907519  0.005630 62.001373    169.99    160.61      0.01
      320.353440  4.909578  0.005624 62.110575    169.88    -35.82     -0.01
      321.284700  4.911656  0.005622 62.105004    169.70      2.86     -0.00
      322.215960  4.913673  0.005605 61.997014    169.58    -82.99      0.02
      323.147220  4.915723  0.005602 61.879189    169.57     67.08      0.01
      324.078480  4.917774  0.005602 61.839036    169.65     93.40     -0.01
      325.009740  4.919824  0.005602 61.896006    169.73     -3.65      0.03
      325.941000  4.921856  0.005592 62.004981    169.75    136.50      0.00
      326.872260  4.923879  0.005588 62.095552    169.67    154.25     -0.03
      327.803520  4.925918  0.005585 62.119254    169.52     49.93      0.02
      328.734780  4.927950  0.005580 62.072798    169.38   -175.93      0.01
      329.666040  4.929960  0.005574 61.983902    169.29   -163.07      0.02
      330.597300  4.931942  0.005559 61.895607    169.27     88.95     -0.04
      331.528560  4.933954  0.005561 61.842206    169.33   -139.68      0.04
      332.459820  4.935962  0.005554 61.844139    169.40   -128.31      0.01
      333.391080  4.937958  0.005550 61.895078    169.46    123.32      0.05
      334.322340  4.939955  0.005549 61.972556    169.47   -104.20      0.00
      335.253600  4.941927  0.005537 62.046000    169.41    -90.66      0.06
      336.184860  4.943948  0.005546 62.097426    169.31    164.56     -0.02
      337.116120  4.945907  0.005525 62.119335    169.18    -58.36     -0.09
      338.047380  4.947897  0.005534 62.114580    169.07    -39.17     -0.05
      338.978640  4.949850  0.005523 62.085615    168.99   -137.38     -0.07
      339.909900  4.951819  0.005510 62.040839    168.94      7.29      0.02
      340.841160  4.953797  0.005514 61.988979    168.91     35.50     -0.07
      341.772420  4.955731  0.005498 61.943020    168.87    -52.54     -0.11
      342.703680  4.957678  0.005487 61.906329    168.84    103.37      0.04
      343.634940  4.959661  0.005495 61.877821    168.82    144.06     -0.12
      344.566200  4.961582  0.005483 61.855017    168.81     69.37     -0.09
      345.497460  4.963531  0.005478 61.839534    168.82   -120.28      0.05
      346.428720  4.965477  0.005484 61.835540    168.83    -64.10     -0.10
      347.359980  4.967416  0.005485 61.841287    168.84   -122.14     -0.09
      348.291240  4.969337  0.005460 61.849706    168.84     66.05     -0.01
      349.222500  4.971264  0.005478 61.854298    168.82    141.03     -0.05
      350.153760  4.973167  0.005463 61.858194    168.77    102.87      0.07
      351.085020  4.975113  0.005474 61.863138    168.73    -47.68     -0.10
      352.016280  4.977005  0.005434 61.870309    168.70     49.06      0.07
      352.947540  4.978921  0.005436 61.873389    168.69     34.15     -0.14
      353.878800  4.980831  0.005427 61.871041    168.68    -92.74      0.01
      354.810060  4.982748  0.005458 61.866226    168.65     29.18      0.10
      355.741320  4.984638  0.005424 61.864141    168.59     40.19      0.21
      356.672580  4.986514  0.005417 61.862575    168.53    -59.18      0.12
      357.603840  4.988398  0.005436 61.856722    168.47     91.26     -0.06
      358.535100  4.990307  0.005414 61.844870    168.41    131.33      0.15
      359.466360  4.992178  0.005403 61.836310    168.37     62.02      0.10
      360.397620  4.994064  0.005423 61.837007    168.32   -116.65      0.13
      361.328880  4.995921  0.005391 61.845812    168.27    -44.00     -0.10
      362.260140  4.997783  0.005394 61.857640    168.20    -80.12     -0.12
      363.191400  4.999667  0.005387 61.872388    168.12    135.53     -0.15
      364.122660  5.001513  0.005384 61.898057    168.02   -117.09      0.13
      365.053920  5.003375  0.005374 61.939087    167.96   -116.96     -0.02
      365.985180  5.005251  0.005379 61.989397    167.93    135.63     -0.03
      366.916440  5.007100  0.005379 62.035911    167.93    -78.96      0.10
      367.847700  5.008934  0.005367 62.074936    167.95    -39.89     -0.10
      368.778960  5.010781  0.005368 62.104371    167.96   -107.39     -0.06
      369.710220  5.012607  0.005347 62.121228    167.97     79.10     -0.03
      370.641480  5.014485  0.005373 62.112276    167.99    159.81      0.05
      371.572740  5.016308  0.005354 62.067031    168.00    135.12      0.06
      372.504000  5.018125  0.005350 61.996454    168.00      5.23      0.11
      373.435260  5.019954  0.005354 61.922734    167.97    130.69     -0.01
      374.366520  5.021767  0.005338 61.869218    167.90    151.47      0.04
      375.297780  5.023592  0.005332 61.846468    167.80     68.13      0.06
      376.229040  5.025401  0.005328 61.858444    167.67   -119.11      0.13
      377.160300  5.027217  0.005328 61.911707    167.54    -49.60     -0.14
      378.091560  5.029013  0.005327 61.998095    167.46    -83.82     -0.03
      379.022820  5.030842  0.005332 62.086188    167.48    138.99     -0.03
      379.954080  5.032634  0.005313 62.126739    167.57   -100.97     -0.05
      380.885340  5.034428  0.005318 62.092893    167.67    -83.47      0.02
      381.816600  5.036234  0.005314 62.000666    167.70   -167.95      0.02
      382.747860  5.038033  0.005313 61.900963    167.62      5.85      0.00
      383.679120  5.039775  0.005283 61.849400    167.47     78.16     -0.01
      384.610380  5.041570  0.005293 61.868834    167.30     49.22     -0.02
      385.541640  5.043358  0.005291 61.950556    167.20    -80.68     -0.10
      386.472900  5.045131  0.005280 62.052247    167.20     48.49     -0.02
      387.404160  5.046915  0.005289 62.114649    167.29     77.26      0.00
      388.335420  5.048685  0.005280 62.086245    167.40      5.92      0.02
      389.266680  5.050464  0.005282 61.970162    167.42   -165.18      0.04
      390.197940  5.052185  0.005258 61.851865    167.29    -75.58     -0.09
      391.129200  5.053946  0.005262 61.839260    167.07    -85.41     -0.02
      392.060460  5.055739  0.005269 61.956281    166.92    165.73      0.04
      392.991720  5.057485  0.005264 62.099410    166.96    -41.89     -0.00
      393.922980  5.059221  0.005248 62.125405    167.12     11.92     -0.02
      394.854240  5.060963  0.005248 62.002047    167.21    -32.38     -0.07
      395.785500  5.062731  0.005249 61.857731    167.11   -174.48     -0.08
      396.716760  5.064442  0.005230 61.848868    166.88    -54.16     -0.05
      397.648020  5.066205  0.005242 61.983785    166.74    -31.20     -0.05
      398.579280  5.067906  0.005226 62.106501    166.79   -105.53      0.04
      399.510540  5.069650  0.005230 62.076839    166.92     83.33      0.02
      400.441800  5.071375  0.005225 61.935228    166.94    175.70     -0.04
      401.373060  5.073099  0.005222 61.856913    166.79    171.71      0.02
      402.304320  5.074823  0.005214 61.935494    166.64     71.72      0.07
      403.235580  5.076540  0.005209 62.062762    166.63   -124.07      0.11
      404.166840  5.078246  0.005206 62.071505    166.72    -55.14     -0.11
      405.098100  5.079950  0.005200 61.956735    166.72    -81.75     -0.00
      406.029360  5.081685  0.005204 61.881561    166.57    156.72      0.04
      406.960620  5.083383  0.005201 61.949006    166.45    -59.55      0.03
      407.891880  5.085073  0.005191 62.053179    166.48    -10.33     -0.06
      408.823140  5.086763  0.005188 62.039377    166.58    -55.50     -0.01
      409.754400  5.088485  0.005190 61.937610    166.55    165.54     -0.04
      410.685660  5.090146  0.005174 61.911554    166.38    -67.08     -0.07
      411.616920  5.091868  0.005176 61.994781    166.28    -33.28     -0.03
      412.548180  5.093529  0.005168 62.040893    166.32    -92.74     -0.07
      413.479440  5.095228  0.005171 61.977624    166.35    114.70     -0.03
      414.410700  5.096904  0.005165 61.928331    166.28   -130.55     -0.02
      415.341960  5.098583  0.005165 61.981599    166.21   -108.37      0.05
      416.273220  5.100267  0.005160 62.026103    166.23   -178.34      0.01
      417.204480  5.101945  0.005157 61.969441    166.23     19.64      0.06
      418.135740  5.103589  0.005147 61.929659    166.10    126.08     -0.05
      419.067000  5.105270  0.005148 61.996818    166.00    140.85     -0.06
      419.998260  5.106910  0.005142 62.032367    166.06     64.18     -0.04
      420.929520  5.108582  0.005143 61.951160    166.08   -103.58     -0.02
      421.860780  5.110232  0.005135 61.921427    165.97     -2.02     -0.06
      422.792040  5.111902  0.005135 62.019565    165.91      8.85      0.02
      423.723300  5.113513  0.005115 62.038550    165.98    -70.53     -0.02
      424.654560  5.115174  0.005117 61.926114    165.94    120.06     -0.07
      425.585820  5.116819  0.005114 61.922999    165.75   -139.39      0.08
      426.517080  5.118458  0.005112 62.040138    165.72   -128.35     -0.02
      427.448340  5.120107  0.005114 62.019712    165.83    153.02      0.03
      428.379600  5.121737  0.005108 61.917393    165.78    -14.67      0.01
      429.310860  5.123369  0.005104 61.970408    165.66     88.71      0.02
      430.242120  5.124984  0.005090 62.034676    165.70    103.35      0.01
      431.173380  5.126647  0.005100 61.948751    165.68     29.47      0.05
      432.104640  5.128246  0.005090 61.940267    165.51   -132.56      0.04
      433.035900  5.129894  0.005094 62.038134    165.50    -22.73     -0.00
      433.967160  5.131494  0.005085 61.981063    165.58     -0.90      0.03
      434.898420  5.133114  0.005082 61.911797    165.47    -66.56     -0.00
      435.829680  5.134717  0.005075 62.021213    165.41    140.39     -0.04
      436.760940  5.136324  0.005069 62.024365    165.50    -99.97      0.03
      437.692200  5.137927  0.005063 61.910004    165.41    -67.02     -0.02
      438.623460  5.139534  0.005059 61.980465    165.24   -120.91      0.04
      439.554720  5.141147  0.005063 62.030790    165.30     98.71     -0.05
      440.485980  5.142745  0.005059 61.929920    165.28   -128.07     -0.03
      441.417240  5.144355  0.005060 61.985633    165.16    -80.97      0.02
      442.348500  5.145952  0.005058 62.037508    165.26   -119.78      0.02
      443.279760  5.147518  0.005045 61.916420    165.23    115.84      0.00
      444.211020  5.149100  0.005037 61.968830    165.05    -93.91      0.03
      445.142280  5.150728  0.005048 62.041059    165.10    -28.85     -0.07
      446.073540  5.152304  0.005042 61.925113    165.06    -48.94     -0.03
      447.004800  5.153867  0.005034 61.978444    164.91   -153.85      0.02
      447.936060  5.155447  0.005032 62.029116    165.01     16.57     -0.02
      448.867320  5.157025  0.005028 61.918628    164.98    102.54      0.04
      449.798580  5.158585  0.005020 62.005083    164.86    104.47      0.02
      450.729840  5.160193  0.005026 62.016946    164.96     22.31      0.05
      451.661100  5.161744  0.005018 61.904720    164.82   -143.52      0.08
      452.592360  5.163321  0.005019 62.017337    164.71    -32.78     -0.03
      453.523620  5.164874  0.005015 61.988958    164.79     -5.74      0.02
      454.454880  5.166433  0.005012 61.934541    164.67    -61.73      0.01
      455.386140  5.167977  0.005004 62.049200    164.69    159.22     -0.01
      456.317400  5.169526  0.004997 61.940698    164.75    -62.64      0.01
      457.248660  5.171107  0.005002 61.955020    164.57     -6.84     -0.05
      458.179920  5.172650  0.004996 62.032707    164.61    -33.52     -0.08
      459.111180  5.174185  0.004989 61.915826    164.53   -142.49      0.07
      460.042440  5.175728  0.004986 62.017370    164.41     26.71      0.06
      460.973700  5.177283  0.004990 61.983716    164.52    114.02     -0.01
      461.904960  5.178814  0.004983 61.930991    164.38    119.73      0.02
      462.836220  5.180364  0.004983 62.049322    164.43     44.01      0.02
      463.767480  5.181882  0.004973 61.927525    164.43   -112.90      0.07
      464.698740  5.183444  0.004977 61.993974    164.27      9.39      0.02
      465.630000  5.184936  0.004963 61.991407    164.34     50.69      0.05
      466.561260  5.186482  0.004966 61.921730    164.17     11.48      0.05
      467.492520  5.187994  0.004960 62.051340    164.18   -108.21     -0.03
      468.423780  5.189523  0.004960 61.932494    164.22     51.72     -0.02
      469.355040  5.191033  0.004953 62.008509    164.10    131.65     -0.00
      470.286300  5.192545  0.004947 61.980908    164.21    131.68     -0.02
      471.217560  5.194076  0.004947 61.931433    164.02     52.09      0.07
      472.148820  5.195562  0.004935 62.037685    164.04   -106.93      0.03
      473.080080  5.197108  0.004944 61.913468    163.97     14.70      0.06
      474.011340  5.198592  0.004934 62.032754    163.88     57.27     -0.01
      474.942600  5.200104  0.004935 61.946834    163.97     20.69     -0.00
      475.873860  5.201618  0.004934 61.985057    163.82    -94.56      0.02
      476.805120  5.203114  0.004928 62.007859    163.95     71.49      0.05
      477.736380  5.204624  0.004927 61.929414    163.79    159.50     -0.07
      478.667640  5.206134  0.004929 62.032137    163.80    169.06     -0.02
      479.598900  5.207588  0.004914 61.905212    163.71    100.71     -0.05
      480.530160  5.209106  0.004920 62.041046    163.63    -45.59     -0.03
      481.461420  5.210587  0.004915 61.939900    163.69     90.33     -0.01
      482.392680  5.212064  0.004910 62.016809    163.58    148.83      0.00
      483.323940  5.213541  0.004903 61.967101    163.70    129.92     -0.01
      484.255200  5.215054  0.004909 61.961205    163.51     34.00      0.03
      485.186460  5.216523  0.004900 62.000707    163.59   -138.98      0.08
      486.117720  5.218014  0.004903 61.933524    163.40    -28.44     -0.04
      487.048980  5.219478  0.004897 62.033218    163.45      5.12      0.05
      487.980240  5.220950  0.004894 61.917235    163.35    -37.63      0.02
      488.911500  5.222409  0.004888 62.046680    163.38   -156.73     -0.02
      489.842760  5.223886  0.004888 61.917403    163.37      8.07     -0.03
      490.774020  5.225327  0.004874 62.043418    163.31     96.93      0.02
      491.705280  5.226787  0.004868 61.913300    163.31    110.18     -0.05
      492.636540  5.228263  0.004871 62.022205    163.16     47.72      0.07
      493.567800  5.229716  0.004866 61.926607    163.20    -90.03     -0.03
      494.499060  5.231178  0.004866 62.025554    163.05     56.87     -0.00
      495.430320  5.232647  0.004868 61.953978    163.17    128.54      0.02
      496.361580  5.234089  0.004863 62.012688    163.03    125.43      0.01
      497.292840  5.235559  0.004863 61.950373    163.14     47.46      0.03
      498.224100  5.236979  0.004850 61.989666    162.95   -104.92      0.05
      499.155360  5.238456  0.004857 61.956384    163.02     28.19      0.08
      500.086620  5.239863  0.004842 61.990547    162.82     87.31     -0.03
      501.017880  5.241315  0.004843 61.966686    162.93     72.04     -0.03
      501.949140  5.242765  0.004846 61.992907    162.76    -17.12      0.02
      502.880400  5.244200  0.004842 61.971214    162.90    179.87     -0.01
      503.811660  5.245624  0.004835 61.996244    162.74    -56.62     -0.00
      504.742920  5.247093  0.004841 61.959636    162.85     -6.58     -0.03
      505.674180  5.248518  0.004835 61.988027    162.64    -29.63     -0.07
      506.605440  5.249917  0.004823 61.945498    162.70   -126.12      0.07
      507.536700  5.251344  0.004822 62.007124    162.52     64.73      0.00
      508.467960  5.252781  0.004824 61.953898    162.63   -177.49      0.02
      509.399220  5.254211  0.004824 62.028787    162.51   -132.22     -0.01
      510.330480  5.255637  0.004823 61.933252    162.61   -159.56     -0.02
      511.261740  5.257026  0.004808 62.023756    162.47    100.88      0.02
      512.193000  5.258437  0.004802 61.910931    162.49    -70.78     -0.05
      513.124260  5.259870  0.004805 62.035480    162.36     45.43      0.09
      514.055520  5.261274  0.004800 61.912129    162.34     89.97     -0.05
      514.986780  5.262690  0.004802 62.045891    162.31     62.61     -0.02
      515.918040  5.264105  0.004802 61.920574    162.27    -36.36      0.02
      516.849300  5.265505  0.004796 62.041177    162.32    153.30     -0.02
      517.780560  5.266901  0.004790 61.932571    162.21    -88.25      0.04
      518.711820  5.268317  0.004789 62.004249    162.27    -40.77     -0.07
      519.643080  5.269706  0.004782 61.949294    162.06    -64.20     -0.07
      520.574340  5.271121  0.004786 61.970089    162.14   -158.72      0.07
      521.505600  5.272503  0.004781 62.005002    161.96     36.40      0.02
      522.436860  5.273905  0.004781 61.950819    162.08    160.80      0.02
      523.368120  5.275304  0.004781 62.040981    161.98   -145.02     -0.02
      524.299380  5.276703  0.004780 61.911820    162.02   -161.12     -0.01
      525.230640  5.278052  0.004763 62.033380    161.96    112.84     -0.02
      526.161900  5.279464  0.004768 61.910846    161.84    -42.97     -0.09
      527.093160  5.280822  0.004757 62.015057    161.87     91.27     -0.03
      528.024420  5.282244  0.004769 61.960703    161.70    155.98      0.01
      528.955680  5.283611  0.004764 61.973974    161.82    151.06      0.02
      529.886940  5.284993  0.004762 62.020682    161.68     76.96      0.01
      530.818200  5.286347  0.004752 61.927468    161.78    -66.40      0.01
      531.749460  5.287718  0.004745 62.039960    161.69     81.28      0.05
      532.680720  5.289129  0.004755 61.904931    161.60    160.29     -0.06
      533.611980  5.290504  0.004754 62.008564    161.61    170.34      0.00
      534.543240  5.291847  0.004744 61.963767    161.43    111.97     -0.05
      535.474500  5.293215  0.004744 61.968209    161.55    -15.16      0.02
      536.405760  5.294573  0.004739 62.040541    161.43    149.56      0.02
      537.337020  5.295947  0.004740 61.918304    161.49   -113.99      0.04
      538.268280  5.297282  0.004727 62.032089    161.47    -85.49      0.04
      539.199540  5.298654  0.004727 61.927563    161.32   -124.81      0.08
      540.130800  5.300013  0.004724 61.970996    161.38    128.24     -0.08
      541.062060  5.301383  0.004728 62.010228    161.18    -46.40     -0.05
      541.993320  5.302713  0.004720 61.921045    161.24     71.32     -0.04
      542.924580  5.304078  0.004723 62.049673    161.22    121.68      0.01
      543.855840  5.305419  0.004716 61.944062    161.14    104.88      0.03
      544.787100  5.306789  0.004720 61.983157    161.25     21.03      0.00
      545.718360  5.308118  0.004710 62.006804    161.07   -129.68      0.08
      546.649620  5.309483  0.004713 61.899632    161.07     12.88      0.04
      547.580880  5.310780  0.004699 62.028489    161.01     88.85     -0.04
      548.512140  5.312139  0.004703 61.954762    160.87     98.22     -0.04
      549.443400  5.313472  0.004701 61.974623    161.00     41.01     -0.01
      550.374660  5.314818  0.004701 62.045182    160.89    -82.36      0.02
      551.305920  5.316143  0.004695 61.913542    160.90     88.13      0.04
      552.237180  5.317506  0.004699 62.005105    160.93   -167.28      0.01
      553.168440  5.318807  0.004686 61.974137    160.72   -128.51      0.09
      554.099700  5.320150  0.004689 61.916745    160.77   -155.47      0.07
      555.030960  5.321470  0.004685 62.042234    160.68    112.13     -0.06
      555.962220  5.322802  0.004686 61.948782    160.59    -45.98      0.01
      556.893480  5.324123  0.004684 61.973031    160.72     90.52      0.02
      557.824740  5.325434  0.004676 62.042680    160.61    162.00     -0.04
      558.756000  5.326772  0.004678 61.912701    160.59    168.41     -0.07
      559.687260  5.328051  0.004661 61.985538    160.62    109.84     -0.06
      560.618520  5.329420  0.004676 61.995682    160.40    -13.43     -0.01
      561.549780  5.330727  0.004672 61.909114    160.41    158.49      0.01
      562.481040  5.332018  0.004664 62.036332    160.43    -94.10     -0.04
      563.412300  5.333333  0.004664 62.001333    160.30    -51.20      0.02
      564.343560  5.334635  0.004658 61.930121    160.42    -72.66      0.04
      565.274820  5.335967  0.004662 62.032286    160.38   -158.15      0.00
      566.206080  5.337255  0.004652 61.949063    160.22     52.31      0.09
      567.137340  5.338580  0.004655 61.918773    160.26   -161.12      0.06
      568.068600  5.339846  0.004644 62.036370    160.15    -78.18     -0.06
      568.999860  5.341170  0.004650 61.956066    160.04    -59.11     -0.03
      569.931120  5.342463  0.004647 61.952046    160.16   -103.72     -0.02
      570.862380  5.343746  0.004640 62.054692    160.10    148.30      0.00
      571.793640  5.345049  0.004638 61.949955    160.02    -22.85     -0.05
      572.724900  5.346317  0.004625 61.933098    160.10    102.70     -0.01
      573.656160  5.347664  0.004640 62.024586    159.96    165.39     -0.04
      574.587420  5.348952  0.004637 61.935694    159.81    165.08      0.00
      575.518680  5.350214  0.004628 61.943065    159.89    101.90     -0.04
      576.449940  5.351505  0.004629 62.059272    159.83    -24.05      0.03
      577.381200  5.352781  0.004623 61.973527    159.76    147.49      0.01
      578.312460  5.354073  0.004622 61.934146    159.87   -103.54      0.05
      579.243720  5.355333  0.004610 62.026903    159.80    -56.65     -0.05
      580.174980  5.356605  0.004605 61.955573    159.63    -71.95     -0.05
      581.106240  5.357918  0.004613 61.906930    159.66   -149.58      0.08
      582.037500  5.359168  0.004604 62.026379    159.61     71.06     -0.01
      582.968760  5.360453  0.004607 62.005629    159.47   -130.25     -0.01
      583.900020  5.361732  0.004607 61.926909    159.55    -33.46      0.02
      584.831280  5.363012  0.004606 62.016167    159.61      1.81     -0.04
      585.762540  5.364281  0.004601 62.019812    159.46    -24.30     -0.07
      586.693800  5.365530  0.004591 61.901041    159.42   -111.97      0.08
      587.625060  5.366789  0.004587 61.951293    159.44     99.33     -0.05
      588.556320  5.368058  0.004586 62.033998    159.28   -110.62      0.01
      589.487580  5.369353  0.004595 61.956472    159.20    -21.65      0.02
      590.418840  5.370598  0.004589 61.953458    159.32      6.29      0.01
      591.350100  5.371857  0.004585 62.048955    159.31    -26.51     -0.01
      592.281360  5.373131  0.004586 61.986674    159.18   -120.01      0.06
      593.212620  5.374356  0.004573 61.894983    159.20     85.97      0.05
      594.143880  5.375628  0.004574 61.977695    159.18   -128.53      0.09
      595.075140  5.376906  0.004580 62.024173    159.00    -43.10     -0.06
      596.006400  5.378158  0.004579 61.936881    158.94    -18.26      0.03
      596.937660  5.379401  0.004576 61.954608    159.04    -53.56      0.01
      597.868920  5.380648  0.004573 62.053361    159.02   -148.82     -0.02
      598.800180  5.381901  0.004571 61.997278    158.91     55.98      0.05
      599.731440  5.383163  0.004571 61.900693    158.93   -158.92      0.02
      600.662700  5.384355  0.004552 61.962157    158.93    -73.43     -0.04
      601.593960  5.385633  0.004561 62.022767    158.75    -47.45     -0.08
      602.525220  5.386860  0.004556 61.953088    158.65    -81.06     -0.05
      603.456480  5.388101  0.004555 61.940225    158.74   -174.20      0.02
      604.387740  5.389344  0.004555 62.038609    158.77     33.53     -0.02
      605.319000  5.390584  0.004553 62.032522    158.66   -177.82     -0.03
      606.250260  5.391796  0.004541 61.916860    158.63    -88.28      0.04
      607.181520  5.393031  0.004538 61.915941    158.66    -57.45     -0.09
      608.112780  5.394252  0.004533 62.013622    158.55    -85.50     -0.04
      609.044040  5.395524  0.004545 62.005032    158.38   -172.30      0.05
      609.975300  5.396729  0.004537 61.929930    158.39     42.31      0.00
      610.906560  5.397962  0.004537 61.969250    158.49   -161.67     -0.01
      611.837820  5.399184  0.004533 62.051409    158.46    -64.02      0.02
      612.769080  5.400418  0.004532 62.000386    158.34    -24.44     -0.06
      613.700340  5.401636  0.004526 61.897026    158.32    -43.09     -0.09
      614.631600  5.402843  0.004519 61.926657    158.32   -119.98      0.08
      615.562860  5.404073  0.004522 62.024839    158.21    105.52     -0.06
      616.494120  5.405298  0.004523 62.016951    158.07    -87.03     -0.05
      617.425380  5.406510  0.004521 61.945039    158.11     22.54     -0.00
      618.356640  5.407741  0.004523 61.962435    158.22     74.44      0.01
      619.287900  5.408950  0.004518 62.029440    158.19     68.87      0.05
      620.219160  5.410187  0.004521 61.999120    158.03      6.09     -0.03
      621.150420  5.411348  0.004502 61.906029    157.95   -114.21      0.07
      622.081680  5.412552  0.004499 61.911889    157.96     68.36      0.03
      623.012940  5.413789  0.004508 62.015593    157.93   -166.28      0.06
      623.944200  5.414997  0.004508 62.053521    157.83    -97.86     -0.02
      624.875460  5.416204  0.004506 61.978083    157.80    -86.54      0.02
      625.806720  5.417417  0.004506 61.922636    157.88   -132.03      0.03
      626.737980  5.418585  0.004490 61.966584    157.90    125.92     -0.06
      627.669240  5.419817  0.004496 62.014047    157.76    -32.70     -0.08
      628.600500  5.420992  0.004488 61.973886    157.58    112.16     -0.08
      629.531760  5.422202  0.004491 61.917910    157.55   -159.65      0.06
      630.463020  5.423389  0.004488 61.956208    157.63   -127.64     -0.01
      631.394280  5.424591  0.004489 62.044990    157.64   -151.93     -0.02
      632.325540  5.425775  0.004483 62.049286    157.56    127.68      0.00
      633.256800  5.426990  0.004485 61.952835    157.49     -8.62     -0.06
      634.188060  5.428187  0.004483 61.884787    157.49    159.13     -0.08
      635.119320  5.429326  0.004467 61.933280    157.47    -88.99     -0.02
      636.050580  5.430569  0.004482 62.023668    157.36    -32.75     -0.02
      636.981840  5.431746  0.004479 62.037041    157.24    -32.24      0.02
      637.913100  5.432925  0.004477 61.972663    157.23    -87.29     -0.00
      638.844360  5.434093  0.004468 61.933383    157.32    162.19     -0.03
      639.775620  5.435295  0.004471 61.968499    157.37     -3.64     -0.04
      640.706880  5.436455  0.004460 62.012323    157.27    135.46     -0.10
      641.638140  5.437646  0.004462 61.990841    157.09   -140.78      0.10
      642.569400  5.438796  0.004452 61.930989    156.99   -111.85      0.02
      643.500660  5.439984  0.004455 61.922152    157.01   -138.05      0.02
      644.431920  5.441177  0.004459 61.990148    157.08    140.85      0.01
      645.363180  5.442342  0.004455 62.056712    157.07      5.00     -0.01
      646.294440  5.443522  0.004454 62.035833    156.99    174.56     -0.05
      647.225700  5.444662  0.004440 61.944087    156.90    -70.49     -0.01
      648.156960  5.445890  0.004455 61.881115    156.87     -9.95     -0.04
      649.088220  5.447057  0.004453 61.915751    156.85     -3.90      0.04
      650.019480  5.448207  0.004448 62.009061    156.80    -52.00     -0.04
      650.950740  5.449350  0.004441 62.063619    156.72   -154.46      0.00
      651.882000  5.450529  0.004443 62.028401    156.67     48.97     -0.01
      652.813260  5.451699  0.004442 61.947341    156.69   -161.61     -0.04
      653.744520  5.452822  0.004427 61.903077    156.73    -66.13     -0.01
      654.675780  5.454026  0.004436 61.931893    156.70    -24.33     -0.07
      655.607040  5.455183  0.004433 61.996047    156.57    -36.27     -0.07
      656.538300  5.456303  0.004422 62.029079    156.42   -101.92     -0.02
      657.469560  5.457491  0.004431 62.006073    156.36    138.82     -0.00
      658.400820  5.458632  0.004426 61.959084    156.41    -34.02      0.03
      659.332080  5.459785  0.004423 61.939351    156.50     99.80      0.02
      660.263340  5.460954  0.004425 61.962172    156.52   -179.56     -0.04
      661.194600  5.462115  0.004424 61.996840    156.42   -152.19      0.07
      662.125860  5.463274  0.004424 62.002928    156.24   -177.69      0.02
      663.057120  5.464374  0.004409 61.974150    156.11    103.81     -0.08
      663.988380  5.465549  0.004417 61.942568    156.10    -27.93      0.02
      664.919640  5.466680  0.004413 61.944575    156.17    147.51      0.03
      665.850900  5.467827  0.004410 61.981610    156.25    -89.82      0.04
      666.782160  5.468966  0.004405 62.017567    156.23    -19.63     -0.07
      667.713420  5.470136  0.004410 62.015938    156.12     -2.04     -0.04
      668.644680  5.471259  0.004402 61.975931    155.96    -36.79     -0.10
      669.575940  5.472367  0.004391 61.932276    155.85   -124.21      0.06
      670.507200  5.473520  0.004397 61.923560    155.84     96.25     -0.04
      671.438460  5.474664  0.004398 61.956881    155.90    -95.69     -0.03
      672.369720  5.475795  0.004395 62.006416    155.96     20.19     -0.02
      673.300980  5.476929  0.004392 62.033235    155.95     84.01      0.05
      674.232240  5.478038  0.004381 62.018229    155.85     96.04      0.04
      675.163500  5.479185  0.004383 61.972101    155.70     56.17      0.12
      676.094760  5.480343  0.004390 61.927371    155.59    -35.22     -0.08
      677.026020  5.481467  0.004387 61.914260    155.55   -178.72      0.04
      677.957280  5.482583  0.004384 61.942912    155.60    -13.80      0.05
      678.888540  5.483712  0.004383 61.993437    155.67     99.59      0.01
      679.819800  5.484824  0.004376 62.030907    155.68    161.57     -0.05
      680.751060  5.485970  0.004379 62.029265    155.61    172.23     -0.07
      681.682320  5.487067  0.004369 61.992179    155.47    131.71     -0.11
      682.613580  5.488197  0.004368 61.948165    155.32     39.77      0.09
      683.544840  5.489294  0.004361 61.927236    155.25   -103.05     -0.01
      684.476100  5.490424  0.004365 61.937476    155.26     62.93     -0.02
      685.407360  5.491547  0.004365 61.965926    155.34    177.85      0.02
      686.338620  5.492679  0.004368 61.991834    155.40   -118.05      0.01
      687.269880  5.493782  0.004360 62.002913    155.38   -104.74      0.06
      688.201140  5.494916  0.004362 62.000325    155.27   -142.00      0.08
      689.132400  5.496006  0.004353 61.991121    155.11    130.40     -0.11
      690.063660  5.497151  0.004363 61.981108    154.97     -8.09      0.03
      690.994920  5.498247  0.004359 61.971963    154.92    163.03      0.02
      691.926180  5.499349  0.004357 61.962369    154.96    -76.30      0.00
      692.857440  5.500441  0.004349 61.951385    155.04     -5.96     -0.02
      693.788700  5.501571  0.004353 61.941122    155.09     14.20     -0.03
      694.719960  5.502675  0.004349 61.939787    155.06    -15.65     -0.07
      695.651220  5.503730  0.004331 61.959250    154.95    -95.62      0.03
      696.582480  5.504877  0.004344 61.999264    154.80    134.68     -0.08
      697.513740  5.505983  0.004344 62.042027    154.69    -45.11     -0.04
      698.445000  5.507069  0.004340 62.057330    154.65     85.23     -0.03
      699.376260  5.508159  0.004336 62.027896    154.67    165.76      0.00
      700.307520  5.509274  0.004338 61.961506    154.70   -163.27     -0.02
      701.238780  5.510380  0.004337 61.893540    154.70    178.17     -0.04
      702.170040  5.511426  0.004319 61.863004    154.65    110.15     -0.04
      703.101300  5.512585  0.004337 61.886705    154.57     -7.28      0.00
      704.032560  5.513658  0.004330 61.954052    154.50   -174.09      0.06
      704.963820  5.514747  0.004329 62.030304    154.48    -30.13      0.03
      705.895080  5.515832  0.004326 62.077929    154.48     64.61     -0.02
      706.826340  5.516907  0.004319 62.074945    154.48    110.15      0.03
      707.757600  5.517980  0.004311 62.026720    154.43    106.82      0.01
      708.688860  5.519088  0.004314 61.963653    154.31     54.51      0.10
      709.620120  5.520181  0.004313 61.922960    154.18    -46.34     -0.11
      710.551380  5.521288  0.004319 61.921548    154.09    163.66      0.01
      711.482640  5.522361  0.004317 61.946749    154.07    -35.02      0.00
      712.413900  5.523432  0.004312 61.967371    154.13     77.63     -0.02
      713.345160  5.524501  0.004307 61.962874    154.21    141.64      0.01
      714.276420  5.525585  0.004305 61.938402    154.24    157.28     -0.05
      715.207680  5.526647  0.004296 61.920198    154.19    124.55     -0.06
      716.138940  5.527749  0.004300 61.933391    154.07     43.38      0.12
      717.070200  5.528797  0.004291 61.981449    153.94    -85.67     -0.06
      718.001460  5.529893  0.004296 62.044084    153.85     96.85     -0.06
      718.932720  5.530967  0.004297 62.088603    153.83   -128.87     -0.02
      719.863980  5.532040  0.004294 62.088464    153.85    -42.66      0.02
      720.795240  5.533125  0.004294 62.039355    153.85     -4.26     -0.05
      721.726500  5.534206  0.004294 61.964995    153.79    -13.72     -0.07
      722.657760  5.535231  0.004277 61.906376    153.68    -70.95     -0.06
      723.589020  5.536357  0.004293 61.892408    153.56   -176.01      0.05
      724.520280  5.537389  0.004282 61.922036    153.49     31.30      0.06
      725.451540  5.538458  0.004283 61.962453    153.51   -169.00      0.03
      726.382800  5.539531  0.004284 61.976343    153.58    -56.90      0.03
      727.314060  5.540597  0.004282 61.951513    153.65      7.84     -0.05
      728.245320  5.541681  0.004285 61.908400    153.65     25.15      0.00
      729.176580  5.542751  0.004284 61.883712    153.56     -4.66     -0.05
      730.107840  5.543747  0.004263 61.904472    153.44    -81.68     -0.06
      731.039100  5.544866  0.004279 61.965874    153.33    154.10     -0.04
      731.970360  5.545908  0.004274 62.039163    153.30    -17.34      0.04
      732.901620  5.546961  0.004273 62.085913    153.32    124.24      0.02
      733.832880  5.548024  0.004271 62.084144    153.36   -141.13     -0.01
      734.764140  5.549054  0.004260 62.038597    153.34    -93.38      0.05
      735.695400  5.550092  0.004252 61.984879    153.24    -92.24      0.03
      736.626660  5.551175  0.004259 61.962833    153.08   -137.86      0.10
      737.557920  5.552237  0.004261 61.989360    152.94    130.12     -0.09
      738.489180  5.553290  0.004261 62.041566    152.88     -8.89      0.04
      739.420440  5.554327  0.004258 62.075085    152.90    165.64      0.04
      740.351700  5.555377  0.004255 62.056416    152.95    -66.29      0.02
      741.282960  5.556440  0.004258 61.990494    152.97     15.51     -0.04
      742.214220  5.557481  0.004252 61.914009    152.92     50.89      0.11
      743.145480  5.558527  0.004248 61.871112    152.79     40.23      0.13
      744.076740  5.559596  0.004254 61.882558    152.66    -16.43     -0.00
      745.008000  5.560584  0.004239 61.932346    152.59   -119.40      0.02
      745.939260  5.561654  0.004248 61.981413    152.61     91.62     -0.04
      746.870520  5.562699  0.004245 61.991399    152.69   -103.47     -0.00
      747.801780  5.563743  0.004246 61.950255    152.74     15.66     -0.03
      748.733040  5.564747  0.004228 61.881430    152.72     88.93      0.07
      749.664300  5.565783  0.004225 61.831430    152.62    116.78     -0.10
      750.595560  5.566817  0.004224 61.838278    152.48     98.81     -0.08
      751.526820  5.567872  0.004229 61.899313    152.38     35.08      0.05
      752.458080  5.568923  0.004233 61.973900    152.38    -74.04     -0.05
      753.389340  5.569952  0.004232 62.009241    152.45    131.11      0.04
      754.320600  5.570977  0.004228 61.982375    152.52    -69.04      0.02
      755.251860  5.572032  0.004230 61.915611    152.52     45.48      0.06
      756.183120  5.573017  0.004213 61.857805    152.42    114.97     -0.07
      757.114380  5.574086  0.004223 61.852450    152.27    139.25     -0.12
      758.045640  5.575104  0.004220 61.905780    152.14    118.30     -0.09
      758.976900  5.576115  0.004215 61.983650    152.10     52.14      0.01
      759.908160  5.577167  0.004223 62.036569    152.16    -59.03      0.01
      760.839420  5.578173  0.004213 62.029892    152.23    144.86     -0.01
      761.770680  5.579189  0.004208 61.967272    152.26    -56.10     -0.00
      762.701940  5.580230  0.004208 61.892958    152.18     58.15      0.09
      763.633200  5.581249  0.004206 61.860488    152.03    128.02     -0.11
      764.564460  5.582304  0.004214 61.898172    151.88    152.95     -0.03
      765.495720  5.583314  0.004211 61.981577    151.81    133.29     -0.03
      766.426980  5.584315  0.004206 62.051070    151.84     68.99     -0.03
      767.358240  5.585330  0.004203 62.056770    151.93    -39.90      0.02
      768.289500  5.586351  0.004202 61.993676    151.98    166.94     -0.04
      769.220760  5.587368  0.004198 61.904962    151.93    -30.48     -0.11
      770.152020  5.588348  0.004184 61.852746    151.78     87.70      0.04
      771.083280  5.589434  0.004204 61.870033    151.62    161.93     -0.05
      772.014540  5.590422  0.004198 61.944902    151.51   -168.25      0.07
      772.945800  5.591425  0.004195 62.024406    151.52    177.52      0.05
      773.877060  5.592440  0.004195 62.051516    151.60    119.18      0.04
      774.808320  5.593459  0.004195 62.004353    151.68     16.93     -0.02
      775.739580  5.594469  0.004191 61.908772    151.66   -129.29      0.06
      776.670840  5.595477  0.004186 61.828168    151.53     40.80      0.11
      777.602100  5.596507  0.004193 61.818948    151.34    167.34     -0.02
      778.533360  5.597454  0.004173 61.888731    151.20   -110.02      0.01
      779.464620  5.598492  0.004184 61.985150    151.17    -71.01     -0.06
      780.395880  5.599498  0.004185 62.036557    151.24    -75.80      0.00
      781.327140  5.600505  0.004184 62.003713    151.34   -124.07      0.01
      782.258400  5.601484  0.004174 61.905982    151.35    144.32     -0.05
      783.189660  5.602532  0.004183 61.811413    151.23      9.33     -0.02
      784.120920  5.603534  0.004179 61.785158    151.04   -168.97      0.05
      785.052180  5.604525  0.004178 61.847108    150.86    -30.40     -0.04
      785.983440  5.605478  0.004164 61.955773    150.79     64.78     -0.02
      786.914700  5.606504  0.004174 62.041268    150.84    116.69      0.00
      787.845960  5.607484  0.004166 62.047036    150.95    125.48      0.04
      788.777220  5.608475  0.004161 61.971351    151.00     91.31      0.07
      789.708480  5.609513  0.004170 61.870096    150.92     14.35      0.02
      790.639740  5.610444  0.004150 61.823607    150.74   -105.53      0.08
      791.571000  5.611440  0.004150 61.876334    150.54     91.94     -0.05
      792.502260  5.612439  0.004150 62.002724    150.44   -113.65     -0.01
      793.433520  5.613449  0.004158 62.124308    150.49     -2.07      0.04
      794.364780  5.614448  0.004158 62.160141    150.62     66.88     -0.01
      795.296040  5.615426  0.004153 62.092850    150.73     93.16      0.04
      796.227300  5.616406  0.004148 61.974441    150.72     77.02      0.08
      797.158560  5.617439  0.004158 61.891124    150.57     18.58      0.06
      798.089820  5.618358  0.004137 61.904762    150.37    -82.14     -0.06
      799.021080  5.619395  0.004151 62.005697    150.25    134.62     -0.08
      799.952340  5.620375  0.004150 62.122032    150.27    -51.14     -0.01
      800.883600  5.621353  0.004149 62.167034    150.41     80.81      0.00
      801.814860  5.622322  0.004141 62.098893    150.54    170.64     -0.05
      802.746120  5.623330  0.004147 61.948428    150.56   -141.72      0.04
      803.677380  5.624298  0.004140 61.807291    150.42   -136.00      0.12
      804.608640  5.625302  0.004144 61.765955    150.17   -172.07      0.06
      805.539900  5.626239  0.004132 61.849875    149.96    109.98     -0.08
      806.471160  5.627235  0.004138 61.992083    149.90    -10.23      0.05
      807.402420  5.628194  0.004133 62.088230    149.99   -172.22      0.01
      808.333680  5.629169  0.004129 62.067343    150.13    -16.01     -0.03
      809.264940  5.630138  0.004125 61.945562    150.18     98.43      0.06
      810.196200  5.631151  0.004132 61.814673    150.06    171.55     -0.08
      811.127460  5.632128  0.004132 61.778600    149.81   -157.14      0.09
      812.058720  5.633094  0.004129 61.877688    149.58   -167.23      0.09
      812.989980  5.634064  0.004129 62.059454    149.51    141.19     -0.02
      813.921240  5.635005  0.004121 62.208400    149.62     47.92     -0.01
      814.852500  5.635989  0.004124 62.228960    149.83    -86.83      0.03
      815.783760  5.636940  0.004115 62.103599    149.99     97.19      0.04
      816.715020  5.637919  0.004114 61.911679    149.95   -119.94      0.10
      817.646280  5.638915  0.004121 61.777996    149.74    -17.92     -0.07
      818.577540  5.639844  0.004108 61.793063    149.46     42.67      0.10
      819.508800  5.640794  0.004105 61.936452    149.30     62.38     -0.00
      820.440060  5.641769  0.004109 62.095600    149.33     40.82     -0.00
      821.371320  5.642738  0.004110 62.146162    149.50    -21.83      0.02
      822.302580  5.643720  0.004113 62.042713    149.65   -125.37      0.02
      823.233840  5.644649  0.004100 61.855545    149.62     90.30      0.05
      824.165100  5.645593  0.004090 61.723376    149.39    -94.65      0.04
      825.096360  5.646589  0.004100 61.753137    149.08     39.59      0.15
      826.027620  5.647563  0.004104 61.946218    148.87    133.40     -0.10
      826.958880  5.648503  0.004101 62.181795    148.90   -174.01      0.06
      827.890140  5.649454  0.004097 62.306114    149.14   -161.93     -0.00
      828.821400  5.650411  0.004095 62.227971    149.41    169.57     -0.04
      829.752660  5.651351  0.004087 61.986966    149.51    100.60      0.03
      830.683920  5.652356  0.004098 61.736227    149.34     -8.44     -0.07
      831.615180  5.653305  0.004095 61.643143    148.98   -157.99      0.10
      832.546440  5.654250  0.004093 61.769896    148.65     12.32      0.08
      833.477700  5.655202  0.004095 62.026685    148.55    142.32     -0.01
      834.408960  5.656128  0.004086 62.227825    148.70   -128.13     -0.02
      835.340220  5.657087  0.004088 62.234091    148.98    -78.85      0.02
      836.271480  5.658017  0.004079 62.043203    149.14    -69.56      0.03
      837.202740  5.658961  0.004074 61.797706    149.04   -100.18      0.09
      838.134000  5.659969  0.004089 61.681665    148.71   -170.53      0.04
      839.065260  5.660839  0.004066 61.794912    148.37     79.17      0.02
      839.996520  5.661822  0.004078 62.062783    148.24    -71.09     -0.07
      840.927780  5.662772  0.004080 62.292031    148.42     98.49     -0.04
      841.859040  5.663716  0.004078 62.306069    148.76   -131.81     -0.02
      842.790300  5.664635  0.004070 62.065608    148.99    -41.76     -0.02
      843.721560  5.665622  0.004077 61.721896    148.90      8.80     -0.02
      844.652820  5.666569  0.004076 61.516761    148.49     19.86      0.06
      845.584080  5.667511  0.004076 61.620551    148.00     -8.48     -0.01
      846.515340  5.668408  0.004063 61.989493    147.74    -76.47     -0.08
      847.446600  5.669358  0.004068 62.379672    147.90    175.63      0.05
      848.377860  5.670288  0.004065 62.514526    148.36     28.33     -0.03
      849.309120  5.671237  0.004066 62.280770    148.79   -158.39     -0.04
      850.240380  5.672162  0.004059 61.813375    148.86    -24.19     -0.08
      851.171640  5.673076  0.004051 61.433493    148.46     70.80      0.10
      852.102900  5.674024  0.004051 61.412127    147.82    127.12     -0.12
      853.034160  5.674990  0.004060 61.788272    147.35    143.94     -0.08
      853.965420  5.675917  0.004060 62.311468    147.37    121.38     -0.05
      854.896680  5.676830  0.004056 62.615303    147.86     59.50     -0.03
      855.827940  5.677748  0.004050 62.473086    148.46    -41.45      0.01
      856.759200  5.678703  0.004053 61.958606    148.71    178.95     -0.08
      857.690460  5.679657  0.004055 61.421517    148.38      0.67     -0.05
      858.621720  5.680564  0.004047 61.264926    147.65    143.86     -0.11
      859.552980  5.681454  0.004035 61.630589    147.00   -112.02      0.04
      860.484240  5.682427  0.004048 62.278084    146.90    -46.73     -0.05
      861.415500  5.683341  0.004046 62.733589    147.43    -20.63      0.02
      862.346760  5.684246  0.004041 62.641249    148.19    -33.27      0.02
      863.278020  5.685179  0.004038 62.031379    148.61    -84.39      0.06
      864.209280  5.686134  0.004044 61.324091    148.29   -173.56     -0.03
      865.140540  5.687013  0.004029 61.063212    147.39     58.82      0.13
      866.071800  5.687920  0.004023 61.490572    146.53   -107.04      0.04
      867.003060  5.688845  0.004025 62.329621    146.36     48.19      0.06
      867.934320  5.689806  0.004035 62.965526    147.03    164.60      0.04
      868.865580  5.690724  0.004035 62.876168    148.06   -117.49     -0.03
      869.796840  5.691629  0.004027 62.063495    148.66    -77.84      0.05
      870.728100  5.692524  0.004017 61.089488    148.26    -75.86      0.02
      871.659360  5.693436  0.004015 60.719922    147.03   -111.75      0.09
      872.590620  5.694407  0.004030 61.326814    145.87    174.28      0.01
      873.521880  5.695265  0.004012 62.517949    145.68     61.55      0.04
      874.453140  5.696190  0.004016 63.384617    146.67    -89.78     -0.05
      875.384400  5.697131  0.004021 63.195287    148.13     80.43     -0.04
      876.315660  5.698037  0.004017 61.986874    148.90   -147.16      0.00
      877.246920  5.698948  0.004009 60.616201    148.24    -52.01     -0.03
      878.178180  5.699921  0.004022 60.226475    146.45      5.71     -0.02
      879.109440  5.700798  0.004013 61.263942    144.93     25.22      0.13
      880.040700  5.701685  0.004010 62.992593    144.95      6.23      0.06
      880.971960  5.702602  0.004009 64.018211    146.56    -51.44      0.00
      881.903220  5.703521  0.004007 63.433576    148.57   -147.32      0.01
      882.834480  5.704444  0.004008 61.538214    149.31     79.43      0.07
      883.765740  5.705266  0.003990 59.808760    147.91    -90.58      0.10
      884.697000  5.706230  0.003994 59.791021    145.30     62.35      0.06
      885.628260  5.707098  0.003991 61.688601    143.72    177.02     -0.02
      886.559520  5.707946  0.003971 63.967447    144.56   -107.38      0.08
      887.490780  5.708859  0.003976 64.678889    147.20    -70.08     -0.06
      888.422040  5.709839  0.003989 63.064857    149.51    -70.48     -0.09
      889.353300  5.710723  0.003984 60.327536    149.37   -107.63      0.06
      890.284560  5.711708  0.003991 58.824967    146.53    179.29     -0.05
      891.215820  5.712600  0.003986 60.123387    143.39     68.64      0.07
      892.147080  5.713464  0.003971 63.160287    142.90    -80.62      0.02
      893.078340  5.714196  0.003944 65.218805    145.48     91.41      0.00
      894.009600  5.715294  0.003976 64.413022    148.88   -134.27      0.05
      894.940860  5.716128  0.003972 61.279451    150.06    -36.16     -0.04
      895.872120  5.716989  0.003962 58.646761    147.63     26.63     -0.13
      896.803380  5.718006  0.003981 59.105810    143.66     53.12     -0.03
      897.734640  5.718778  0.003960 62.285353    142.11     41.46      0.14
      898.665900  5.719803  0.003977 65.129972    144.30     -8.15     -0.12
      899.597160  5.720510  0.003940 64.926819    148.06    -95.17     -0.08
      900.528420  5.721467  0.003960 61.883863    149.86    142.26     -0.14
      901.459680  5.722458  0.003973 58.934223    147.78    -14.98     -0.01
      902.390940  5.723203  0.003951 59.094347    143.81    152.65      0.10
      903.322200  5.724225  0.003971 62.112454    142.14    -76.80      0.02
      904.253460  5.725054  0.003964 64.779685    144.25     16.08     -0.11
      905.184720  5.725915  0.003951 64.445033    147.73     72.32      0.04
      906.115980  5.726831  0.003952 61.570212    149.01     93.92     -0.02
      907.047240  5.727586  0.003934 59.263204    146.66     81.36      0.01
      907.978500  5.728616  0.003959 60.051506    143.29     33.43      0.11
      908.909760  5.729520  0.003968 62.931152    142.75    -51.61     -0.02
      909.841020  5.730391  0.003964 64.556450    145.38   -174.12     -0.04
      910.772280  5.731265  0.003963 63.144157    148.10     27.28      0.05
      911.703540  5.732105  0.003955 60.299147    147.75   -165.75     -0.04
      912.634800  5.732989  0.003949 59.438246    144.51    -33.46     -0.08
      913.566060  5.733886  0.003943 61.714385    142.28     61.87      0.11
      914.497320  5.734786  0.003952 64.410187    143.79    119.44     -0.03
      915.428580  5.735580  0.003939 64.246694    147.23    139.62      0.04
      916.359840  5.736567  0.003951 61.228500    148.58    124.46     -0.02
      917.291100  5.737316  0.003930 58.867162    145.82     74.92      0.03
      918.222360  5.738213  0.003929 60.215144    142.10    -10.17     -0.03
      919.153620  5.739070  0.003921 63.761067    142.07   -133.43      0.16
      920.084880  5.739947  0.003914 65.209309    145.67     66.19      0.03
      921.016140  5.740928  0.003932 62.774407    148.62   -129.89      0.11
      921.947400  5.741789  0.003933 59.299390    147.22      0.64     -0.02
      922.878660  5.742594  0.003925 59.179534    142.99     97.24     -0.05
      923.809920  5.743469  0.003923 62.492142    141.41    157.29     -0.09
      924.741180  5.744473  0.003943 64.933224    144.21   -179.70     -0.08
      925.672440  5.745231  0.003926 63.514144    147.61    168.19     -0.05
      926.603700  5.746182  0.003932 60.166672    147.28    122.97     -0.12
      927.534960  5.747029  0.003929 59.401690    143.50     44.29      0.06
      928.466220  5.747925  0.003936 62.215908    141.60    -70.09     -0.09
      929.397480  5.748773  0.003935 64.598548    144.03    137.98      0.07
      930.328740  5.749549  0.003918 63.251348    147.34    -49.40     -0.02
      931.260000  5.750463  0.003919 59.940793    146.90     89.28      0.12
      932.191260  5.751436  0.003936 59.364925    142.91   -165.49      0.03
      933.122520  5.752224  0.003911 62.583645    141.11    -97.03      0.08
      934.053780  5.753012  0.003901 65.074052    144.02    -66.03     -0.05
      934.985040  5.753935  0.003913 63.293132    147.65    -70.75     -0.15
      935.916300  5.754735  0.003903 59.551557    146.86   -109.00      0.01
      936.847560  5.755689  0.003914 59.147605    142.42    179.83      0.06
      937.778820  5.756564  0.003917 62.705073    140.81     72.49      0.13
      938.710080  5.757293  0.003890 65.018609    144.08    -71.36      0.05
      939.641340  5.758224  0.003898 62.894640    147.37    110.65     -0.14
      940.572600  5.759017  0.003888 59.530734    145.87    -99.78      0.05
      941.503860  5.760004  0.003913 60.018140    141.77     16.92      0.13
      942.435120  5.760859  0.003914 63.501803    141.48     97.43      0.00
      943.366380  5.761646  0.003903 64.502411    145.18    141.35      0.06
      944.297640  5.762509  0.003899 61.424893    147.17    151.43     -0.07
      945.228900  5.763358  0.003891 58.996015    144.03    128.89      0.03
      946.160160  5.764306  0.003901 61.266297    140.51     71.64      0.12
      947.091420  5.765219  0.003914 64.778039    142.27    -22.71     -0.11
      948.022680  5.766022  0.003902 64.033243    146.50   -153.31      0.15
      948.953940  5.766712  0.003876 60.052513    146.68     43.69      0.03
      949.885200  5.767738  0.003902 59.058558    142.20   -151.22     -0.04
      950.816460  5.768482  0.003887 62.630049    140.33    -21.48     -0.07
      951.747720  5.769314  0.003884 64.881241    143.76     71.90      0.05
      952.678980  5.770193  0.003882 62.348770    146.79    132.15     -0.19
      953.610240  5.771170  0.003907 59.265246    144.40    160.76     -0.07
      954.541500  5.771889  0.003887 60.922381    140.54    156.22     -0.05
      955.472760  5.772797  0.003893 64.428350    141.86    114.88     -0.02
      956.404020  5.773674  0.003895 63.773972    146.02     37.86      0.02
      957.335280  5.774523  0.003893 59.848316    145.97    -71.82      0.09
      958.266540  5.775238  0.003868 59.347169    141.32    146.61      0.03
      959.197800  5.776189  0.003882 63.313748    140.09    -30.74     -0.17
      960.129060  5.776897  0.003855 64.985526    144.18    115.41     -0.08
      961.060320  5.777826  0.003868 61.613764    146.65   -131.50      0.17
      961.991580  5.778705  0.003881 58.980674    143.13    -48.52      0.00
      962.922840  5.779470  0.003869 61.698620    139.88      0.77      0.06
      963.854100  5.780419  0.003885 64.699016    142.56     13.95     -0.05
      964.785360  5.781160  0.003867 62.630005    146.14     -6.94     -0.05
      965.716620  5.782047  0.003866 59.198118    144.04    -59.03      0.02
      966.647880  5.782958  0.003880 60.860054    139.79   -144.06      0.17
      967.579140  5.783673  0.003850 64.701636    141.32     94.38      0.02
      968.510400  5.784542  0.003860 63.710658    145.77    -62.30     -0.15
      969.441660  5.785475  0.003876 59.528364    145.13    109.29      0.01
      970.372920  5.786320  0.003875 59.784716    140.24   -109.96     -0.10
      971.304180  5.787100  0.003866 63.914450    140.27     -4.86     -0.09
      972.235440  5.787982  0.003873 64.194378    144.72     65.29      0.04
      973.166700  5.788783  0.003857 60.255177    145.24    104.38      0.02
      974.097960  5.789521  0.003843 59.726018    140.62    112.97     -0.13
      975.029220  5.790417  0.003848 63.711272    139.94     85.78      0.04
      975.960480  5.791342  0.003867 64.444549    144.42     22.71      0.09
      976.891740  5.792197  0.003872 60.307023    145.53    -72.46      0.03
      977.823000  5.792926  0.003851 59.183994    140.69    161.86      0.05
      978.754260  5.793740  0.003851 63.347083    139.32      1.53     -0.11
      979.685520  5.794648  0.003860 64.687050    143.77    165.68     -0.05
      980.616780  5.795488  0.003853 60.762304    145.33    -61.32     -0.12
      981.548040  5.796321  0.003856 59.435461    140.77     41.77      0.10
      982.479300  5.797164  0.003861 63.366078    139.43    110.76     -0.07
      983.410560  5.797892  0.003847 64.439578    143.86    143.65      0.07
      984.341820  5.798804  0.003855 60.333755    145.11    144.84     -0.03
      985.273080  5.799495  0.003831 59.319048    140.20    115.70      0.03
      986.204340  5.800363  0.003838 63.629147    139.13     51.56      0.13
      987.135600  5.801157  0.003826 64.548449    143.85    -47.38     -0.13
      988.066860  5.802071  0.003846 60.310134    144.77   -177.37     -0.01
      988.998120  5.802952  0.003850 59.699463    139.87     23.21      0.15
      989.929380  5.803689  0.003839 63.883577    139.57   -170.64      0.00
      990.860640  5.804469  0.003833 63.876755    144.23    -39.60      0.04
      991.791900  5.805307  0.003833 59.598517    143.96     60.76      0.06
      992.723160  5.806094  0.003818 60.205426    138.88    130.77     -0.09
      993.654420  5.807102  0.003849 64.599491    139.87    164.90     -0.13
      994.585680  5.807801  0.003832 63.517639    144.64    164.84     -0.02
      995.516940  5.808729  0.003847 59.275553    143.12    135.64     -0.05
      996.448200  5.809522  0.003839 61.003981    138.47     76.04     -0.04
      997.379460  5.810353  0.003844 64.711787    140.87    -19.20      0.05
      998.310720  5.811101  0.003832 62.220277    144.78   -147.38      0.03
      999.241980  5.811921  0.003830 58.940730    141.39     55.32     -0.01
     1000.173240  5.812740  0.003825 62.355857    137.98   -134.85      0.17
     1001.104500  5.813679  0.003845 65.009246    142.08     -0.60      0.03
     1002.035760  5.814430  0.003826 61.088860    144.65    102.22     -0.09
     1002.967020  5.815249  0.003834 59.261750    139.87    176.47      0.12
     1003.898280  5.815929  0.003814 63.511402    138.57   -142.44      0.01
     1004.829540  5.816898  0.003837 64.034546    143.39   -136.13     -0.03
     1005.760800  5.817624  0.003822 59.616876    143.25   -159.75     -0.10
     1006.692060  5.818367  0.003804 60.496472    138.10    146.74     -0.13
     1007.623320  5.819176  0.003798 64.835086    139.81     57.31      0.11
     1008.554580  5.820072  0.003810 62.766050    144.37    -64.78     -0.18
     1009.485841  5.820950  0.003827 58.984830    141.34    144.51      0.03
     1010.417101  5.821707  0.003820 62.209360    137.70    -37.03     -0.05
     1011.348361  5.822447  0.003810 64.658897    141.81    106.02      0.02
     1012.279621  5.823267  0.003809 60.573393    143.83   -141.81      0.02
     1013.210881  5.824024  0.003790 59.613733    138.64    -58.13     -0.05
     1014.142141  5.825004  0.003821 64.299788    138.52     -9.03     -0.14
     1015.073401  5.825766  0.003814 63.618313    143.63      5.68      0.12
     1016.004661  5.826644  0.003824 59.172926    141.93     -7.55      0.03
     1016.935921  5.827369  0.003813 61.552164    137.40    -50.54     -0.09
     1017.867181  5.828159  0.003809 64.767724    140.93   -128.87     -0.08
     1018.798441  5.829017  0.003811 60.978856    143.75    121.35      0.00
     1019.729701  5.829761  0.003800 59.375412    138.68    -16.33     -0.02
     1020.660961  5.830626  0.003810 64.110254    138.01    172.10     -0.15
     1021.592221  5.831322  0.003791 63.724848    143.22    -33.66     -0.12
     1022.523481  5.832106  0.003783 59.223305    141.64     92.51     -0.03
     1023.454741  5.832929  0.003792 61.664797    137.10   -170.85      0.11
     1024.386001  5.833748  0.003795 64.760248    140.86   -109.06     -0.08
     1025.317261  5.834656  0.003808 60.682564    143.36    -78.61      0.06
     1026.248521  5.835324  0.003783 59.586063    137.99    -75.77      0.00
     1027.179781  5.836111  0.003777 64.406054    138.13   -107.31      0.15
     1028.111041  5.836998  0.003796 63.176252    143.23   -171.82      0.09
     1029.042301  5.837687  0.003770 59.086604    140.48     96.62     -0.05
     1029.973561  5.838595  0.003797 62.538953    136.87    -25.47     -0.05
     1030.904821  5.839409  0.003796 64.498545    141.57    177.18      0.09
     1031.836080  5.840189  0.003789 59.774399    142.43     -9.63     -0.07
     1032.767340  5.840888  0.003771 60.461645    136.86    135.24     -0.05
     1033.698600  5.841695  0.003773 64.888503    139.11   -114.75      0.08
     1034.629860  5.842555  0.003781 61.802733    143.15    -35.66     -0.19
     1035.561120  5.843451  0.003799 59.330825    138.47     16.46      0.11
     1036.492380  5.844074  0.003769 63.961807    137.38     36.26      0.08
     1037.423640  5.844951  0.003782 63.391981    142.67     21.88      0.09
     1038.354900  5.845806  0.003789 58.898876    140.35    -20.18      0.05
     1039.286160  5.846606  0.003791 62.295086    136.22    -92.21      0.06
     1040.217420  5.847328  0.003779 64.603855    140.98    161.29     -0.03
     1041.148680  5.848094  0.003778 59.901264    141.83     26.12      0.04
     1042.079940  5.848946  0.003779 60.910582    136.40   -136.66      0.20
     1043.011200  5.849741  0.003780 64.966921    139.36     25.81      0.08
     1043.942460  5.850483  0.003775 61.041220    142.74    157.04     -0.04
     1044.873720  5.851279  0.003775 59.505343    137.26    -98.16     -0.10
     1045.804980  5.852115  0.003781 64.402750    137.58    -26.62     -0.01
     1046.736240  5.852824  0.003771 62.460175    142.48     12.82      0.01
     1047.667500  5.853731  0.003785 59.113263    138.44     26.01      0.04
     1048.598760  5.854421  0.003769 63.749887    136.45      7.49     -0.03
     1049.530020  5.855147  0.003757 63.690539    141.97    -45.15     -0.13
     1050.461280  5.855911  0.003749 59.018360    139.86   -124.90     -0.02
     1051.392540  5.856832  0.003776 62.486561    135.83    126.45     -0.04
     1052.323800  5.857534  0.003762 64.287449    140.86    -16.64      0.05
     1053.255060  5.858391  0.003769 59.382958    140.72    172.48     -0.11
     1054.186320  5.859065  0.003750 61.599962    135.52    -26.63     -0.16
     1055.117580  5.859786  0.003732 64.909550    139.75     99.20     -0.03
     1056.048840  5.860661  0.003755 60.159041    141.51   -163.80      0.07
     1056.980100  5.861492  0.003757 60.707239    135.82    -92.64     -0.11
     1057.911360  5.862237  0.003759 64.824642    138.77    -56.07      0.04
     1058.842620  5.863092  0.003766 60.638765    141.83    -49.78      0.01
     1059.773880  5.863760  0.003746 59.975087    136.00    -69.62     -0.00
     1060.705140  5.864535  0.003745 64.833740    137.72   -123.25      0.06
     1061.636400  5.865363  0.003752 61.500453    141.85    152.80     -0.20
     1062.567660  5.866208  0.003757 59.703767    136.49     43.14      0.13
     1063.498920  5.866828  0.003730 64.647292    137.14    -99.08      0.01
     1064.430180  5.867769  0.003759 61.895217    141.91     86.42     -0.04
     1065.361440  5.868492  0.003751 59.217613    136.82   -113.49     -0.10
     1066.292700  5.869237  0.003748 64.300390    136.44     14.61     -0.10
     1067.223960  5.870033  0.003744 62.347270    141.57    110.75     -0.04
     1068.155220  5.870889  0.003759 59.243781    137.02   -178.21     -0.01
     1069.086480  5.871509  0.003730 64.297029    136.09   -139.15      0.13
     1070.017740  5.872367  0.003739 62.698953    141.53   -132.84      0.15
     1070.949000  5.873170  0.003746 59.060349    137.27   -151.46      0.04
     1071.880260  5.873938  0.003750 63.964710    135.82    159.18     -0.00
     1072.811520  5.874741  0.003754 62.680345    141.26     77.06      0.02
     1073.742780  5.875416  0.003733 59.031414    137.13    -30.38      0.00
     1074.674040  5.876210  0.003740 64.075330    135.54   -168.87     -0.08
     1075.605300  5.876992  0.003739 62.908544    141.12     19.66      0.16
     1076.536560  5.877842  0.003752 59.149921    137.09   -176.14      0.09
     1077.467820  5.878602  0.003749 64.065215    135.60    -42.41     -0.07
     1078.399080  5.879331  0.003740 62.619368    141.11     58.11      0.00
     1079.330340  5.880000  0.003725 59.009521    136.73    133.48      0.10
     1080.261600  5.880827  0.003734 64.136718    135.49    178.28     -0.11
     1081.192860  5.881566  0.003730 62.498574    140.89   -169.19      0.02
     1082.124120  5.882435  0.003744 59.306212    136.28    179.09      0.00
     1083.055380  5.883191  0.003734 64.481953    135.74    135.96     -0.13
     1083.986640  5.883895  0.003721 62.127632    140.98     60.26      0.08
     1084.917900  5.884608  0.003723 59.339722    135.82    -39.50      0.06
     1085.849160  5.885419  0.003729 64.503826    136.02   -170.64     -0.06
     1086.780420  5.886131  0.003721 61.542324    140.71     26.95      0.01
     1087.711680  5.887014  0.003736 59.720080    135.06   -159.83      0.02
     1088.642940  5.887794  0.003734 64.895053    136.43    -19.29     -0.10
     1089.574200  5.888477  0.003713 61.104230    140.50     90.95     -0.01
     1090.505460  5.889222  0.003722 60.265724    134.57    177.26      0.11
     1091.436720  5.889946  0.003711 64.866185    137.20   -129.29     -0.03
     1092.367980  5.890734  0.003717 60.238174    140.03   -105.52      0.02
     1093.299240  5.891585  0.003730 60.824187    133.90   -106.50      0.00
     1094.230500  5.892322  0.003727 64.791002    137.83   -141.01     -0.02
     1095.161760  5.893085  0.003723 59.731719    139.15    157.34     -0.16
     1096.093020  5.893796  0.003707 61.907445    133.63     69.63      0.17
     1097.024280  5.894465  0.003699 64.496802    138.78    -51.68     -0.13
     1097.955540  5.895388  0.003726 59.143197    138.16    160.24      0.02
     1098.886800  5.896016  0.003708 62.752661    133.71    -14.24     -0.00
     1099.818060  5.896726  0.003699 63.603714    139.46    137.91      0.00
     1100.749320  5.897482  0.003696 58.944593    136.61    -94.91      0.06
     1101.680580  5.898321  0.003708 63.887619    134.11      3.34     -0.10
     1102.611840  5.899105  0.003702 62.723531    139.91     68.90      0.11
     1103.543100  5.899731  0.003686 59.372393    135.18    111.60     -0.14
     1104.474360  5.900609  0.003709 64.629647    135.24    123.06     -0.03
     1105.405620  5.901410  0.003716 61.238951    139.90    103.54     -0.04
     1106.336880  5.902153  0.003713 60.055085    133.79     60.44     -0.06
     1107.268140  5.902880  0.003708 64.840813    136.50    -15.23     -0.01
     1108.199400  5.903535  0.003692 60.035807    138.92   -119.01      0.15
     1109.130660  5.904331  0.003689 61.614832    133.01    113.06     -0.11
     1110.061920  5.905012  0.003683 64.567631    138.05    -49.02     -0.15
     1110.993180  5.905860  0.003699 59.166963    137.43    123.05     -0.07
     1111.924440  5.906617  0.003701 63.059330    133.23    -91.12     -0.03
     1112.855700  5.907327  0.003695 63.200968    139.18     21.57      0.04
     1113.786960  5.907996  0.003680 59.006754    135.24    110.28      0.06
     1114.718220  5.908882  0.003700 64.413661    134.22    169.39     -0.14
     1115.649480  5.909548  0.003691 61.643486    139.34   -162.58      0.06
     1116.580740  5.910384  0.003700 60.155494    133.42   -157.19      0.17
     1117.512000  5.911169  0.003706 64.959634    136.17    175.81      0.06
     1118.443260  5.911891  0.003700 59.848921    138.43    120.49     -0.02
     1119.374520  5.912538  0.003684 61.774320    132.57     40.98      0.05
     1120.305780  5.913251  0.003682 64.104805    137.97    -71.57     -0.01
     1121.237040  5.914076  0.003687 58.963346    136.11    151.05     -0.01
     1122.168300  5.914823  0.003689 63.824867    133.10    -13.98     -0.18
     1123.099560  5.915494  0.003676 62.504938    139.00    148.79     -0.19
     1124.030820  5.916190  0.003664 59.632028    133.72    -70.83     -0.17
     1124.962080  5.916993  0.003674 64.853945    135.14     38.17      0.03
     1125.893340  5.917843  0.003694 60.208586    138.44    118.15      0.01
     1126.824600  5.918413  0.003667 61.348234    132.23    174.69      0.01
     1127.755860  5.919310  0.003692 64.341978    137.31   -161.67     -0.02
     1128.687120  5.920053  0.003690 59.055373    135.99   -162.69     -0.06
     1129.618380  5.920760  0.003683 63.784968    132.72    169.18     -0.16
     1130.549640  5.921466  0.003669 62.484854    138.70    108.74     -0.17
     1131.480900  5.922254  0.003680 59.644372    133.28     25.82      0.13
     1132.412160  5.922861  0.003663 64.826174    135.01    -87.61     -0.05
     1133.343420  5.923745  0.003684 59.929301    137.83    130.14      0.04
     1134.274680  5.924362  0.003663 61.811663    131.80    -35.56     -0.06
     1135.205940  5.925048  0.003653 64.042644    137.41    125.72     -0.06
     1136.137200  5.925775  0.003646 59.066558    134.91    -96.63      0.06
     1137.068460  5.926640  0.003673 64.325586    132.99     13.08      0.02
     1137.999720  5.927389  0.003664 61.593376    138.40     91.60     -0.07
     1138.930980  5.928036  0.003662 60.311389    132.20    148.08      0.01
     1139.862240  5.928855  0.003673 64.712381    135.80    172.59      0.06
     1140.793500  5.929599  0.003669 59.211426    136.38    170.99     -0.08
     1141.724760  5.930299  0.003662 63.105990    131.73    144.11     -0.13
     1142.656020  5.931037  0.003656 62.946314    137.91     84.74      0.04
     1143.587280  5.931825  0.003674 59.519728    132.97      3.65      0.06
     1144.518540  5.932370  0.003635 64.919210    134.26   -107.94      0.02
     1145.449800  5.933274  0.003668 60.003067    137.29    112.00     -0.04
     1146.381060  5.933970  0.003665 61.995554    131.31    -50.94     -0.06
     1147.312320  5.934633  0.003655 63.689744    137.16    113.37     -0.01
     1148.243580  5.935367  0.003652 59.023338    133.72   -105.39      0.02
     1149.174840  5.936187  0.003666 64.637319    133.00      7.18     -0.11
     1150.106100  5.936854  0.003643 60.810629    137.50     90.12      0.06
     1151.037360  5.937559  0.003649 61.375660    131.17    151.66     -0.15
     1151.968620  5.938348  0.003658 64.285206    136.45    179.78      0.13
     1152.899880  5.939104  0.003659 58.917213    134.33   -175.74      0.04
     1153.831140  5.939808  0.003658 64.216596    132.28    161.80     -0.01
     1154.762400  5.940543  0.003654 61.150499    137.44    108.97      0.04
     1155.693660  5.941268  0.003656 60.873664    131.00     34.38      0.10
     1156.624920  5.941833  0.003622 64.554447    135.79    -72.49     -0.07
     1157.556180  5.942756  0.003660 59.083511    134.46    156.60     -0.05
     1158.487440  5.943431  0.003652 64.181821    131.90     -0.59     -0.01
     1159.418700  5.944063  0.003637 61.348482    137.35    171.16      0.03
     1160.349960  5.944777  0.003636 60.671447    130.90    -38.42      0.01
     1161.281220  5.945552  0.003644 64.437463    135.51     80.11     -0.02
     1162.212480  5.946360  0.003652 58.988421    134.17    174.66     -0.08
     1163.143740  5.946927  0.003624 64.238312    131.64   -117.68      0.17
     1164.075000  5.947747  0.003632 61.351044    137.06    -79.97     -0.08
     1165.006260  5.948432  0.003632 60.988489    130.63    -63.24     -0.20
     1165.937520  5.949114  0.003630 64.349694    135.62    -79.05     -0.13
     1166.868780  5.949839  0.003630 58.910024    133.65   -118.67     -0.10
     1167.800040  5.950629  0.003640 64.334191    131.78    175.08     -0.08
     1168.731300  5.951345  0.003636 60.819419    136.64     79.08      0.15
     1169.662560  5.951990  0.003621 61.470591    130.18    -37.83     -0.16
     1170.593820  5.952785  0.003638 64.104174    135.82    172.23      0.01
     1171.525080  5.953576  0.003647 59.127293    132.71      0.14      0.07
     1172.456340  5.954289  0.003647 64.726324    132.33    160.39      0.02
     1173.387600  5.954986  0.003641 60.107971    136.09    -68.28      0.01
     1174.318860  5.955601  0.003627 62.154178    129.97     41.14      0.02
     1175.250120  5.956296  0.003620 63.255640    136.16    118.60     -0.03
     1176.181380  5.957089  0.003631 59.444508    131.40    174.69     -0.03
     1177.112640  5.957863  0.003639 64.972346    133.13   -159.15      0.05
     1178.043900  5.958488  0.003625 59.517383    134.94   -159.25      0.08
     1178.975160  5.959198  0.003626 63.345872    130.21    177.72      0.01
     1179.906420  5.959947  0.003630 62.109248    136.41    122.89     -0.09
     1180.837680  5.960690  0.003631 60.216581    130.19     47.20     -0.02
     1181.768940  5.961255  0.003610 64.546117    134.31    -59.49      0.04
     1182.700200  5.962127  0.003630 59.001051    133.14    170.33     -0.10
     1183.631460  5.962793  0.003624 64.447281    130.98     13.85     -0.03
     1184.562720  5.963449  0.003617 60.776696    135.86   -172.12      0.04
     1185.493980  5.964160  0.003617 61.835700    129.49    -18.52     -0.06
     1186.425240  5.964889  0.003617 63.536871    135.55    102.77     -0.13
     1187.356500  5.965657  0.003621 59.267339    131.08   -157.70      0.02
     1188.287760  5.966247  0.003609 64.807834    132.58    -86.84      0.04
     1189.219020  5.967056  0.003614 59.349872    134.22    -41.91     -0.02
     1190.150280  5.967761  0.003616 63.616626    129.75    -20.32     -0.20
     1191.081540  5.968427  0.003610 61.811421    135.83    -29.91     -0.21
     1192.012800  5.969116  0.003603 60.890674    129.39    -59.34     -0.22
     1192.944060  5.969874  0.003609 64.217761    134.56   -120.65     -0.03
     1193.875320  5.970580  0.003613 58.986531    131.68    155.52      0.11
     1194.806580  5.971230  0.003608 64.708831    131.49     44.94     -0.07
     1195.737840  5.971940  0.003602 59.723817    134.51    -93.34      0.15
     1196.669100  5.972703  0.003602 63.105819    129.12    106.55      0.01
     1197.600360  5.973389  0.003596 62.284499    135.50    -85.06     -0.03
     1198.531620  5.974109  0.003600 60.543613    129.26     63.54      0.09
     1199.462880  5.974830  0.003611 64.422715    133.96   -179.02      0.14
     1200.394140  5.975414  0.003592 58.976696    131.62    -84.13     -0.07
     1201.325400  5.976245  0.003611 64.679503    131.05    -15.97      0.01
     1202.256660  5.976851  0.003597 59.733450    134.24     24.90     -0.10
     1203.187920  5.977557  0.003597 63.107579    128.84     43.52      0.10
     1204.119180  5.978300  0.003600 62.162074    135.19     31.11      0.18
     1205.050440  5.978995  0.003601 60.733441    128.84     -0.54      0.06
     1205.981700  5.979625  0.003585 64.259714    133.91    -63.42     -0.16
     1206.912960  5.980433  0.003598 59.057892    130.88   -148.77      0.01
     1207.844220  5.981046  0.003592 64.766800    131.24     99.04      0.03
     1208.775480  5.981842  0.003598 59.382927    133.45    -39.69      0.03
     1209.706740  5.982512  0.003594 63.643467    128.87    159.18     -0.16
     1210.638000  5.983185  0.003589 61.434487    134.82    -32.39     -0.20
     1211.569260  5.983879  0.003582 61.497283    128.24    116.55     -0.20
     1212.500520  5.984626  0.003589 63.650655    134.26   -126.57      0.11
     1213.431780  5.985263  0.003589 59.497830    129.58    -29.83      0.04
     1214.363040  5.986005  0.003593 64.756257    132.09     38.28     -0.05
     1215.294300  5.986609  0.003581 58.970656    131.94     81.79      0.02
     1216.225560  5.987347  0.003583 64.422107    129.55    100.78      0.11
     1217.156820  5.988049  0.003576 60.242282    133.94     91.59      0.13
     1218.088080  5.988731  0.003574 62.844737    128.03     61.82      0.23
     1219.019340  5.989423  0.003582 62.310554    134.51      0.83      0.09
     1219.950600  5.990152  0.003581 60.689627    128.14    -79.12     -0.17
     1220.881860  5.990816  0.003581 64.032681    133.37    169.64      0.10
     1221.813120  5.991594  0.003590 59.154704    129.68     37.42     -0.07
     1222.744380  5.992213  0.003582 64.833147    131.14   -122.66     -0.01
     1223.675640  5.992877  0.003572 59.150221    131.89     52.61      0.08
     1224.606900  5.993606  0.003579 64.399395    128.97   -155.68      0.04
     1225.538160  5.994369  0.003586 60.370301    133.67    -32.61     -0.16
     1226.469420  5.994971  0.003567 62.771569    127.67     70.18      0.07
     1227.400680  5.995667  0.003576 62.118114    134.13    142.06     -0.04
     1228.331940  5.996335  0.003569 60.775702    127.62   -165.46      0.07
     1229.263200  5.997130  0.003587 63.829852    133.14   -143.39      0.01
     1230.194460  5.997843  0.003588 59.420778    128.84   -141.81      0.02
     1231.125720  5.998550  0.003589 64.874709    131.30   -168.72      0.02
     1232.056980  5.999162  0.003574 59.084234    130.85    141.13     -0.11
     1232.988240  5.999700  0.003545 64.701081    129.31     66.24      0.06
     1233.919500  6.000592  0.003585 59.654837    132.68    -36.09      0.00
     1234.850760  6.001111  0.003559 63.503601    127.69   -159.31     -0.02
     1235.782020  6.001852  0.003567 61.085203    133.58     47.41      0.05
     1236.713280  6.002595  0.003573 61.941418    126.95   -125.10      0.12
     1237.644540  6.003285  0.003572 62.875507    133.41     31.43      0.17
     1238.575800  6.003916  0.003565 60.447747    127.41    169.48     -0.03
     1239.507060  6.004549  0.003546 64.219942    132.38    -82.85     -0.13
     1240.438320  6.005359  0.003572 59.281485    128.73      3.62      0.13
     1241.369580  6.005952  0.003559 64.774348    130.69     63.31     -0.09
     1242.300840  6.006607  0.003555 58.940796    130.38     98.68      0.06
     1243.232100  6.007320  0.003556 64.657065    128.83    109.91      0.10
     1244.163360  6.007981  0.003546 59.588897    131.91     94.56      0.13
     1245.094620  6.008636  0.003542 63.918543    127.41     57.91      0.21
     1246.025880  6.009407  0.003562 60.763630    132.93     -7.93     -0.04
     1246.957140  6.010098  0.003554 62.569428    126.63    -92.86     -0.04
     1247.888400  6.010720  0.003553 62.051557    133.15    151.30     -0.01
     1248.819660  6.011394  0.003549 61.067151    126.53     16.82      0.04
     1249.750920  6.012170  0.003565 63.388997    132.52   -147.94      0.03
     1250.682180  6.012879  0.003566 59.954770    127.14     28.06      0.06
     1251.613440  6.013533  0.003562 64.465118    131.39    174.86     -0.01
     1252.544700  6.014070  0.003533 59.276939    128.36    -59.11     -0.13
     1253.475960  6.014848  0.003549 64.882439    130.04     39.85      0.05
     1254.407220  6.015484  0.003548 58.979137    129.77    115.16     -0.01
     1255.338480  6.016246  0.003559 64.695406    128.53    166.58      0.03
     1256.269740  6.016872  0.003549 59.294557    130.98   -168.05     -0.11
     1257.201000  6.017535  0.003548 64.192658    127.21   -164.52     -0.09
     1258.132260  6.018251  0.003552 60.189084    131.92    170.96     -0.16
     1259.063520  6.018940  0.003544 63.385554    126.33    126.95     -0.18
     1259.994780  6.019519  0.003530 61.218938    132.46     52.40      0.18
     1260.926040  6.020268  0.003550 62.227057    125.90    -39.65     -0.10
     1261.857300  6.020853  0.003534 62.199717    132.44   -162.70      0.04
     1262.788560  6.021657  0.003553 61.085391    125.83     56.11      0.02
     1263.719820  6.022336  0.003552 63.252266    131.94   -115.27      0.08
     1264.651080  6.023015  0.003548 60.257547    126.22     54.81      0.13
     1265.582340  6.023693  0.003552 64.155104    131.19   -164.56      0.13
     1266.513600  6.024234  0.003529 59.589487    127.01    -43.34     -0.12
     1267.444860  6.024974  0.003536 64.615713    130.27     49.79      0.00
     1268.376120  6.025581  0.003533 59.066775    127.90    121.21      0.02
     1269.307380  6.026337  0.003543 64.785781    129.14    166.96      0.05
     1270.238640  6.027039  0.003544 58.952611    128.80   -170.49     -0.08
     1271.169900  6.027723  0.003547 64.850781    128.05   -172.21     -0.07
     1272.101160  6.028405  0.003546 59.223031    129.70    161.25     -0.13
     1273.032420  6.028953  0.003518 64.637401    127.13    112.51     -0.08
     1273.963680  6.029570  0.003515 59.554054    130.50     36.58      0.09
     1274.894940  6.030383  0.003543 64.089740    126.33    -59.30     -0.01
     1275.826200  6.030968  0.003526 59.980226    131.03    176.42     -0.06
     1276.757460  6.031594  0.003523 63.511582    125.63     32.70     -0.02
     1277.688720  6.032287  0.003525 60.687825    131.34   -140.01      0.09
     1278.619980  6.032952  0.003522 63.000020    125.18     29.00      0.11
     1279.551240  6.033649  0.003528 61.395907    131.53    168.32     -0.09
     1280.482500  6.034364  0.003525 62.351803    124.96    -70.06     -0.16
     1281.413760  6.034924  0.003514 61.943563    131.54     20.96      0.10
     1282.345020  6.035723  0.003536 61.627103    124.82     94.73     -0.06
     1283.276280  6.036270  0.003516 62.483802    131.31    138.42     -0.03
     1284.207540  6.036903  0.003509 61.103428    124.80    164.37     -0.07
     1285.138800  6.037597  0.003513 63.120442    131.01    160.56     -0.12
     1286.070060  6.038252  0.003507 60.705933    124.96    139.08     -0.21
     1287.001320  6.038962  0.003507 63.573558    130.72     87.85     -0.10
     1287.932580  6.039658  0.003520 60.198956    125.19     18.07      0.18
     1288.863840  6.040294  0.003520 63.824817    130.30    -79.79     -0.08
     1289.795100  6.040907  0.003508 59.793351    125.39    162.75      0.05
     1290.726360  6.041690  0.003528 64.158664    129.81     17.50      0.01
     1291.657620  6.042386  0.003531 59.623027    125.61   -147.24      0.07
     1292.588880  6.043050  0.003528 64.483186    129.40     20.42      0.12
     1293.520140  6.043658  0.003523 59.462417    125.93    168.27      0.04
     1294.451400  6.044194  0.003498 64.579016    129.03    -70.51     -0.13
     1295.382660  6.044978  0.003515 59.208807    126.16     29.41      0.02
     1296.313920  6.045532  0.003507 64.607711    128.61    103.64      0.00
     1297.245180  6.046236  0.003506 59.102069    126.32    156.45      0.05
     1298.176440  6.046994  0.003523 64.775289    128.22   -176.21     -0.03
     1299.107700  6.047678  0.003526 59.145885    126.49   -170.41      0.01
     1300.038960  6.048324  0.003522 64.886505    127.95    170.31       NaN
     1300.970220  6.048859  0.003503 59.083584    126.67    128.93     -0.08
     1301.901480  6.049495  0.003497 64.802340    127.71     63.11     -0.08
     1302.832740  6.050220  0.003509 58.953441    126.72    -25.63      0.12
     1303.764000  6.050882  0.003512 64.795070    127.43   -138.07     -0.08
     1304.695260  6.051425  0.003488 59.016343    126.70     86.63      0.07
     1305.626520  6.052056  0.003479 64.907607    127.23    -72.58      0.00
     1306.557780  6.052713  0.003477 59.091605    126.72    105.65     -0.07
     1307.489040  6.053369  0.003476 64.905237    127.17   -100.01     -0.02
     1308.420300  6.054149  0.003499 58.998850    126.67     31.27      0.02
     1309.351560  6.054790  0.003504 64.803246    127.06    139.07      0.09
     1310.282820  6.055454  0.003501 58.944930    126.50   -135.83     -0.10
     1311.214080  6.056008  0.003484 64.826310    126.97    -74.85      0.07
     1312.145340  6.056733  0.003491 59.051697    126.33    -35.91     -0.08
     1313.076600  6.057468  0.003506 64.925576    127.00    -21.10     -0.10
     1314.007860  6.058104  0.003504 59.089703    126.16    -28.69     -0.06
     1314.939120  6.058653  0.003488 64.831445    127.10    -60.10     -0.06
     1315.870380  6.059312  0.003487 59.007462    125.89   -113.86     -0.13
     1316.801640  6.060032  0.003498 64.732488    127.16    168.04      0.05
     1317.732900  6.060644  0.003491 59.064248    125.53     68.45     -0.00
     1318.664160  6.061216  0.003473 64.765418    127.26    -55.93     -0.03
     1319.595420  6.061985  0.003494 59.235003    125.20    158.79     -0.08
     1320.526680  6.062674  0.003499 64.736258    127.49    -11.87      0.02
     1321.457940  6.063280  0.003495 59.301793    124.86    156.84      0.04
     1322.389200  6.063845  0.003482 64.504817    127.72    -59.75     -0.06
     1323.320460  6.064578  0.003492 59.361409    124.40     63.31     -0.12
     1324.251720  6.065164  0.003482 64.321796    127.90    160.13      0.02
     1325.182980  6.065915  0.003494 59.630175    123.94   -122.24      0.04
     1326.114240  6.066393  0.003459 64.195037    128.14    -71.34     -0.11
     1327.045500  6.067082  0.003473 59.982916    123.56    -38.97     -0.17
     1327.976760  6.067748  0.003480 63.883074    128.43    -34.24     -0.07
     1328.908020  6.068391  0.003479 60.236248    123.17    -47.52     -0.08
     1329.839280  6.069113  0.003490 63.408934    128.65    -88.62     -0.06
     1330.770540  6.069758  0.003487 60.601820    122.75   -147.37     -0.01
     1331.701800  6.070308  0.003466 63.016330    128.76    125.71     -0.08
     1332.633060  6.071028  0.003481 61.199858    122.46     21.73      0.09
     1333.564320  6.071682  0.003473 62.588713    128.89   -111.05      0.14
     1334.495580  6.072322  0.003472 61.778581    122.31    100.14     -0.12
     1335.426840  6.073000  0.003480 61.927573    128.91    -78.04     -0.12
     1336.358100  6.073647  0.003484 62.274870    122.24     87.26     -0.05
     1337.289360  6.074200  0.003472 61.249770    128.71   -136.21      0.00
     1338.220620  6.074839  0.003468 62.917683    122.29    -16.21     -0.14
     1339.151880  6.075507  0.003467 60.709430    128.36     74.99      0.18
     1340.083140  6.076213  0.003476 63.629605    122.58    149.95     -0.22
     1341.014400  6.076778  0.003467 60.138298    127.88   -163.75      0.10
     1341.945660  6.077346  0.003454 64.114779    123.07   -134.71      0.11
     1342.876920  6.077988  0.003456 59.518097    127.18   -132.54     -0.06
     1343.808180  6.078682  0.003465 64.465703    123.65   -149.37     -0.08
     1344.739440  6.079415  0.003475 59.137909    126.24    168.45     -0.09
     1345.670700  6.079925  0.003449 64.809960    124.35    105.59      0.05
     1346.601960  6.080725  0.003481 59.071507    125.21     19.41      0.03
     1347.533220  6.081156  0.003436 64.917738    125.24    -88.91     -0.01
     1348.464480  6.081923  0.003467 59.124100    124.16    140.81     -0.06
     1349.395740  6.082587  0.003473 64.630966    126.12    -13.39      0.10
     1350.327000  6.083195  0.003464 59.375769    123.08    172.21      0.15
     1351.258260  6.083766  0.003453 64.124298    126.87    -27.53      0.05
     1352.189520  6.084393  0.003446 60.061845    122.13    114.38      0.01
     1353.120780  6.085173  0.003466 63.508181    127.48   -131.16      0.20
     1354.052040  6.085695  0.003451 61.004488    121.53    -32.82     -0.19
     1354.983300  6.086371  0.003454 62.573832    127.86     36.35      0.27
     1355.914560  6.087054  0.003463 61.930599    121.27     90.22     -0.07
     1356.845820  6.087714  0.003471 61.416343    127.82    115.20     -0.06
     1357.777080  6.088332  0.003463 62.922180    121.37    123.89     -0.00
     1358.708340  6.088944  0.003457 60.438219    127.28    104.64      0.13
     1359.639600  6.089490  0.003442 63.942271    121.92     68.53      0.13
     1360.570860  6.090229  0.003462 59.676341    126.35      5.84      0.02
     1361.502120  6.090763  0.003437 64.638912    122.90    -75.21     -0.10
     1362.433380  6.091527  0.003467 59.101839    125.08    178.38      0.11
     1363.364640  6.092041  0.003444 64.813318    124.09     51.89     -0.06
     1364.295900  6.092662  0.003446 58.991434    123.56    -97.24     -0.11
     1365.227160  6.093290  0.003448 64.610551    125.28     90.30      0.01
     1366.158420  6.093966  0.003447 59.543506    122.12   -101.72      0.09
     1367.089680  6.094688  0.003460 64.030897    126.36     40.45      0.25
     1368.020940  6.095226  0.003450 60.541805    121.09    165.70      0.02
     1368.952200  6.095894  0.003447 62.880885    127.08    -96.73     -0.03
     1369.883460  6.096450  0.003447 61.706803    120.59    -15.49      0.08
     1370.814720  6.097085  0.003445 61.472620    127.12     37.86     -0.02
     1371.745980  6.097783  0.003450 63.013157    120.72     75.05      0.03
     1372.677240  6.098374  0.003434 60.262275    126.44     84.64      0.20
     1373.608500  6.098938  0.003428 64.227179    121.56     77.43      0.19
     1374.539760  6.099581  0.003427 59.395027    125.14     44.48      0.07
     1375.471020  6.100375  0.003459 64.842766    122.95     -7.66      0.08
     1376.402280  6.100822  0.003426 59.004409    123.44    -82.96     -0.16
     1377.333540  6.101568  0.003451 64.681240    124.46    179.29      0.12
     1378.264800  6.102198  0.003444 59.400424    121.65     61.80     -0.06
     1379.196060  6.102737  0.003430 63.935169    125.76    -80.97     -0.07
     1380.127320  6.103338  0.003425 60.635121    120.39    119.16     -0.10
     1381.058580  6.104006  0.003425 62.676396    126.53    -68.12     -0.14
     1381.989840  6.104668  0.003426 62.177678    119.99     88.83      0.04
     1382.921100  6.105203  0.003419 61.031664    126.42   -142.26      0.16
     1383.852360  6.105954  0.003443 63.575938    120.52    -28.99      0.05
     1384.783620  6.106471  0.003427 59.625796    125.27     57.40      0.05
     1385.714880  6.107161  0.003433 64.604002    121.80    125.84      0.09
     1386.646140  6.107864  0.003448 59.052805    123.40    170.71     -0.12
     1387.577400  6.108513  0.003450 64.882905    123.57   -165.89      0.00
     1388.508660  6.109115  0.003441 59.404231    121.41   -162.95      0.17
     1389.439920  6.109665  0.003437 64.062443    125.21    175.67      0.17
     1390.371180  6.110230  0.003427 60.549689    119.94    137.05     -0.07
     1391.302440  6.110961  0.003442 62.463090    126.06     71.19      0.03
     1392.233700  6.111443  0.003418 62.271896    119.48    -10.14     -0.13
     1393.164960  6.112122  0.003426 60.766470    125.74   -119.46      0.22
     1394.096220  6.112766  0.003415 63.990456    120.27    115.87     -0.05
     1395.027480  6.113464  0.003438 59.456180    124.30    -34.91     -0.22
     1395.958740  6.114093  0.003443 64.841888    122.01    155.57     -0.02
     1396.890000  6.114642  0.003432 59.013130    122.11    -36.80      0.13
     1397.821260  6.115181  0.003419 64.483668    123.96    108.93      0.05
     1398.752520  6.115934  0.003435 59.852355    120.02   -124.27      0.01
     1399.683780  6.116403  0.003410 63.209123    125.33    -23.23     -0.04
     1400.615040  6.117129  0.003421 61.711760    119.04     61.65      0.25
     1401.546300  6.117738  0.003419 61.352517    125.55    119.69     -0.17
     1402.477560  6.118388  0.003433 63.617941    119.57    161.95     -0.12
     1403.408820  6.118980  0.003423 59.599271    124.27    177.51     -0.00
     1404.340080  6.119617  0.003425 64.687595    121.26    175.54      0.07
     1405.271340  6.120193  0.003421 58.955025    121.92    150.45      0.10
     1406.202600  6.120714  0.003402 64.578414    123.37    103.73      0.02
     1407.133860  6.121508  0.003433 59.898068    119.65     38.17      0.13
     1408.065120  6.121964  0.003397 63.243846    124.96    -52.61     -0.27
     1408.996380  6.122624  0.003413 61.845667    118.67   -159.83      0.19
     1409.927640  6.123234  0.003402 61.096271    125.11     66.05      0.09
     1410.858900  6.123901  0.003418 63.745058    119.34    -83.45     -0.04
     1411.790160  6.124485  0.003415 59.340569    123.48    100.87      0.07
     1412.721420  6.125034  0.003406 64.785865    121.30    -92.99      0.09
     1413.652680  6.125752  0.003416 59.123467    120.85     51.39      0.10
     1414.583940  6.126380  0.003420 64.367375    123.57    173.03      0.03
     1415.515200  6.126911  0.003395 60.511426    118.77    -82.73     -0.07
     1416.446460  6.127516  0.003406 62.450664    124.85     -5.16      0.10
     1417.377720  6.128137  0.003404 62.632202    118.37     57.43      0.04
     1418.308980  6.128818  0.003416 60.164104    124.20     93.08      0.00
     1419.240240  6.129402  0.003407 64.406564    119.78    112.29      0.09
     1420.171500  6.129925  0.003389 59.041412    121.81    107.63      0.14
     1421.102760  6.130522  0.003385 64.786932    122.23     82.69      0.05
     1422.034020  6.131299  0.003409 59.769453    119.15     38.34      0.21
     1422.965280  6.131803  0.003403 63.302868    124.20    -30.57     -0.07
     1423.896540  6.132458  0.003398 61.820472    117.93   -115.52      0.01
     1424.827800  6.133112  0.003414 60.834256    124.29    132.66     -0.02
     1425.759060  6.133645  0.003399 63.988054    118.85      5.37     -0.05
     1426.690320  6.134283  0.003402 59.179188    122.19   -146.81     -0.09
     1427.621580  6.134919  0.003404 64.883377    121.28     41.81      0.04
     1428.552839  6.135583  0.003414 59.474363    119.30   -149.76      0.16
     1429.484099  6.136109  0.003402 63.696950    123.60     -5.15      0.11
     1430.415359  6.136723  0.003401 61.474994    117.65    123.60     -0.13
     1431.346619  6.137263  0.003388 61.158644    124.07   -134.85      0.08
     1432.277879  6.137984  0.003408 63.805432    118.33    -48.27      0.06
     1433.209139  6.138558  0.003402 59.227878    122.07     13.33     -0.13
     1434.140399  6.139121  0.003394 64.867944    120.82     55.98      0.06
     1435.071659  6.139686  0.003376 59.447957    119.03     78.57      0.03
     1436.002919  6.140337  0.003377 63.696497    123.29     77.35      0.02
     1436.934179  6.140958  0.003387 61.546840    117.31     60.10      0.13
     1437.865439  6.141473  0.003378 61.030473    123.71     16.38      0.02
     1438.796699  6.142225  0.003402 63.946181    118.17    -42.64      0.08
     1439.727959  6.142730  0.003388 59.129205    121.47   -126.23     -0.07
     1440.659219  6.143316  0.003377 64.825347    120.85    131.03     -0.01
     1441.590479  6.144056  0.003399 59.647145    118.33      8.76      0.04
     1442.521739  6.144625  0.003391 63.323899    123.22   -137.99      0.21
     1443.452999  6.145170  0.003378 62.081028    116.97     60.21      0.15
     1444.384259  6.145711  0.003370 60.518130    123.14   -128.21      0.08
     1445.315519  6.146340  0.003378 64.344457    118.43     27.99     -0.07
     1446.246779  6.147031  0.003387 58.967815    120.36    160.27      0.00
     1447.178039  6.147522  0.003370 64.586787    121.35    -87.62      0.00
     1448.109299  6.148228  0.003390 60.226695    117.33      6.55     -0.03
     1449.040559  6.148807  0.003370 62.477112    123.22     75.13      0.10
     1449.971819  6.149455  0.003384 63.032073    116.87    129.58     -0.20
     1450.903079  6.150076  0.003394 59.718831    122.09    157.31      0.02
     1451.834339  6.150657  0.003393 64.743449    119.21    168.69      0.05
     1452.765599  6.151191  0.003377 59.105524    118.72    158.39      0.03
     1453.696859  6.151708  0.003362 63.886104    122.11    125.83     -0.03
     1454.628119  6.152442  0.003380 61.377258    116.42     76.98      0.12
     1455.559379  6.152985  0.003376 61.150992    122.80      2.21     -0.02
     1456.490639  6.153540  0.003360 64.165676    117.44    -87.45      0.01
     1457.421899  6.154289  0.003390 59.088995    120.27    158.42      0.07
     1458.353159  6.154838  0.003382 64.662959    120.56     25.39     -0.01
     1459.284419  6.155455  0.003386 59.996213    116.90   -126.42     -0.04
     1460.215679  6.156046  0.003385 62.430785    122.64     56.85      0.10
     1461.146939  6.156559  0.003369 63.031481    116.30   -134.43      0.13
     1462.078199  6.157226  0.003381 59.691648    121.35      8.92     -0.07
     1463.009459  6.157796  0.003369 64.896541    118.94    135.47     -0.17
     1463.940719  6.158351  0.003360 59.336829    117.78   -119.19     -0.04
     1464.871979  6.158920  0.003368 63.498992    121.94    -36.50     -0.02
     1465.803239  6.159519  0.003362 61.864126    115.84     30.54      0.01
     1466.734499  6.160160  0.003369 60.410603    121.94     71.61      0.12
     1467.665759  6.160701  0.003355 64.545037    117.57     97.42      0.14
     1468.597019  6.161233  0.003342 59.092215    118.63    100.83      0.01
     1469.528279  6.161886  0.003347 64.289540    120.97     83.28     -0.07
     1470.459539  6.162553  0.003360 61.076525    115.77     48.81      0.18
     1471.390799  6.163101  0.003364 61.234639    122.09    -10.97      0.01
     1472.322059  6.163732  0.003366 64.039617    116.63    -85.52      0.01
     1473.253319  6.164370  0.003371 58.997900    119.30    176.03     -0.04
     1474.184579  6.164945  0.003370 64.576962    120.02     58.19      0.04
     1475.115839  6.165460  0.003347 60.448726    115.82    -77.07     -0.07
     1476.047099  6.166093  0.003354 61.950520    121.92    122.58     -0.22
     1476.978359  6.166751  0.003366 63.709844    115.95    -52.15     -0.18
     1477.909619  6.167264  0.003354 59.207121    119.73    108.21     -0.07
     1478.840879  6.167836  0.003356 64.705146    119.29   -109.17     -0.13
     1479.772139  6.168472  0.003360 59.964596    115.91     14.42      0.00
     1480.703399  6.169054  0.003355 62.282191    121.64    113.92     -0.05
     1481.634659  6.169613  0.003356 63.356008    115.45   -161.01     -0.06
     1482.565919  6.170129  0.003332 59.413805    119.82   -100.98      0.13
     1483.497179  6.170760  0.003339 64.871865    118.72    -57.83     -0.13
     1484.428439  6.171381  0.003352 59.871937    115.91    -34.28     -0.04
     1485.359699  6.171968  0.003354 62.478444    121.40    -34.53     -0.02
     1486.290959  6.172648  0.003365 63.133829    115.15    -49.29     -0.03
     1487.222219  6.173143  0.003348 59.364778    119.71    -89.11      0.14
     1488.153479  6.173829  0.003365 64.830148    118.38   -145.80      0.01
     1489.084739  6.174269  0.003333 59.876910    115.67    138.53     -0.16
     1490.015999  6.174956  0.003350 62.578336    121.15     38.32      0.28
     1490.947259  6.175557  0.003347 63.268077    114.97    -75.24     -0.12
     1491.878519  6.176204  0.003365 59.328901    119.41    145.64      0.00
     1492.809779  6.176739  0.003358 64.748239    118.32    -10.53      0.10
     1493.741039  6.177254  0.003342 59.896029    115.29    174.46      0.03
     1494.672299  6.177811  0.003336 62.282566    120.93    -24.33     -0.15
     1495.603559  6.178488  0.003342 63.509804    114.84    122.52     -0.14
     1496.534819  6.178942  0.003324 59.299757    118.83   -115.36      0.14
     1497.466079  6.179711  0.003359 64.778335    118.48    -10.46      0.03
     1498.397339  6.180229  0.003343 60.262378    114.80     76.16     -0.11
     1499.328599  6.180805  0.003349 61.799137    120.77    138.28     -0.04
     1500.259859  6.181346  0.003339 63.789662    114.95   -173.73     -0.08
     1501.191119  6.181997  0.003348 59.051127    117.99   -149.48     -0.08
     1502.122379  6.182642  0.003355 64.553053    118.79   -144.12      0.11
     1503.053639  6.183178  0.003349 60.850995    114.23   -155.57      0.19
     1503.984899  6.183723  0.003343 61.260817    120.43    168.39     -0.08
     1504.916159  6.184337  0.003343 64.314518    115.31    117.96     -0.07
     1505.847419  6.184866  0.003334 58.985777    116.94     44.60     -0.09
     1506.778679  6.185394  0.003332 64.018510    119.28    -48.79      0.06
     1507.709939  6.186019  0.003337 61.543011    113.75   -157.92     -0.03
     1508.641199  6.186600  0.003330 60.440906    119.81     67.63      0.22
     1509.572459  6.187114  0.003312 64.756274    115.94    -81.18      0.05
     1510.503719  6.187685  0.003314 59.311598    115.64    108.92     -0.18
     1511.434979  6.188363  0.003329 63.338051    119.76    -82.90     -0.16
     1512.366239  6.188949  0.003333 62.581721    113.63     70.35      0.02
     1513.297499  6.189486  0.003326 59.559676    118.78   -160.99     -0.04
     1514.228759  6.190078  0.003328 64.782670    116.91    -48.68      0.08
     1515.160019  6.190781  0.003347 59.879408    114.28     44.80      0.06
     1516.091279  6.191250  0.003319 62.225227    119.88    114.94     -0.12
     1517.022539  6.191905  0.003340 63.779771    114.00    171.06     -0.11
     1517.953799  6.192454  0.003333 59.121307    117.21   -156.83      0.12
     1518.885059  6.193043  0.003334 64.445851    118.12   -142.60      0.03
     1519.816319  6.193580  0.003328 60.997410    113.29   -145.38      0.02
     1520.747579  6.194095  0.003319 60.748823    119.43   -172.57     -0.09
     1521.678839  6.194777  0.003332 64.574033    114.99    145.70     -0.06
     1522.610099  6.195239  0.003308 59.211031    115.24     82.56      0.05
     1523.541359  6.195907  0.003330 63.473338    119.05     -1.62      0.05
     1524.472619  6.196455  0.003312 62.660841    113.02   -100.40      0.07
     1525.403879  6.197132  0.003340 59.554224    118.09    136.24     -0.03
     1526.335139  6.197674  0.003333 64.770736    116.59     -3.36      0.08
     1527.266399  6.198207  0.003325 60.077088    113.44   -161.46      0.02
     1528.197659  6.198724  0.003321 61.715759    119.28     16.94     -0.05
     1529.128919  6.199376  0.003328 64.123305    113.78   -178.55     -0.12
     1530.060179  6.199933  0.003319 59.086562    115.84    -36.67     -0.15
     1530.991439  6.200441  0.003300 64.059488    118.17     85.68     -0.06
     1531.922699  6.201026  0.003314 61.931538    112.56   -167.58      0.15
     1532.853959  6.201662  0.003323 59.943084    118.26    -85.12     -0.02
     1533.785219  6.202258  0.003326 64.776204    115.56    -18.04      0.06
     1534.716479  6.202861  0.003329 59.720756    113.45     29.74     -0.01
     1535.647739  6.203404  0.003322 62.199303    118.89     54.47      0.20
     1536.578999  6.203867  0.003301 63.885895    113.12     65.65      0.21
     1537.510259  6.204450  0.003301 59.104523    115.82     53.89      0.10
     1538.441519  6.205140  0.003321 64.205010    117.60     23.32      0.17
     1539.372779  6.205624  0.003314 61.726755    112.19    -22.85     -0.01
     1540.304039  6.206231  0.003317 60.013470    117.96    -93.62      0.01
     1541.235299  6.206844  0.003322 64.781432    115.13   -179.33     -0.02
     1542.166559  6.207393  0.003317 59.768043    113.05     75.59      0.03
     1543.097819  6.207906  0.003301 62.136733    118.53    -51.92     -0.21
     1544.029079  6.208582  0.003322 64.016802    112.87    166.65     -0.16
     1544.960339  6.209181  0.003328 59.068247    115.21      2.22      0.09
     1545.891599  6.209655  0.003314 63.972689    117.45    179.10      0.15
     1546.822859  6.210169  0.003306 62.033968    111.81    -19.34      0.05
     1547.754119  6.210828  0.003314 59.711046    117.25    117.90      0.10
     1548.685379  6.211341  0.003309 64.797986    115.27   -120.15      0.01
     1549.616639  6.211879  0.003300 60.211152    112.28    -16.47     -0.10
     1550.547899  6.212481  0.003296 61.564810    118.14     63.53      0.20
     1551.479159  6.213111  0.003309 64.426674    113.08    130.60     -0.17
     1552.410419  6.213705  0.003318 59.128167    114.00    175.20      0.14
     1553.341679  6.214185  0.003303 63.314353    117.62   -160.01      0.13
     1554.272939  6.214688  0.003296 62.858742    111.63   -149.66      0.01
     1555.204199  6.215345  0.003308 59.224322    115.95   -162.87     -0.13
     1556.135459  6.215922  0.003306 64.583463    115.94    166.90     -0.07
     1557.066719  6.216415  0.003287 61.187005    111.38    120.30     -0.16
     1557.997979  6.216952  0.003285 60.509383    117.36     49.24      0.25
     1558.929239  6.217663  0.003313 64.818998    113.93    -35.27     -0.04
     1559.860499  6.218195  0.003302 59.650504    112.33   -139.96      0.02
     1560.791759  6.218796  0.003312 62.040964    117.66     93.36      0.00
     1561.723019  6.219333  0.003305 64.005765    112.08    -47.07      0.03
     1562.654279  6.219856  0.003295 59.041641    113.94    150.59     -0.07
     1563.585539  6.220358  0.003286 63.678775    116.85    -31.10     -0.14
     1564.516799  6.221011  0.003295 62.749203    111.02    132.76     -0.26
     1565.448059  6.221470  0.003277 59.382174    115.64    -87.45     -0.04
     1566.379319  6.222145  0.003298 64.593290    115.40     36.26      0.03
     1567.310579  6.222632  0.003294 61.096460    110.88    143.16      0.01
     1568.241839  6.223182  0.003290 60.310875    116.77   -133.52     -0.01
     1569.173099  6.223742  0.003284 64.792132    113.57    -64.63      0.06
     1570.104359  6.224342  0.003291 59.893197    111.57    -14.48     -0.13
     1571.035619  6.224912  0.003294 61.806788    117.12     12.86      0.10
     1571.966879  6.225465  0.003287 64.378227    111.99     27.01      0.15
     1572.898139  6.226106  0.003297 59.145483    112.84     19.67      0.16
     1573.829399  6.226545  0.003285 63.048802    116.72     -7.60      0.10
     1574.760659  6.227221  0.003300 63.275971    110.80    -48.97      0.02
     1575.691919  6.227680  0.003285 59.057387    114.22   -113.26      0.05
     1576.623179  6.228283  0.003288 64.164174    115.66    165.00     -0.11
     1577.554439  6.228858  0.003280 62.154459    110.24     67.58      0.21
     1578.485699  6.229459  0.003289 59.646621    115.45    -52.77     -0.16
     1579.416959  6.230044  0.003300 64.744858    114.35    170.90      0.11
     1580.348219  6.230502  0.003281 60.865901    110.32     17.50      0.13
     1581.279479  6.231009  0.003275 60.431190    116.21   -158.90     -0.04
     1582.210739  6.231696  0.003295 64.769188    112.88     10.46     -0.09
     1583.141999  6.232153  0.003275 59.917541    110.84    160.84     -0.06
     1584.073259  6.232766  0.003272 61.606828    116.45    -70.89     -0.12
     1585.004519  6.233264  0.003270 64.538169    111.60     43.70      0.19
     1585.935779  6.233862  0.003279 59.325260    111.75    138.12     -0.11
     1586.867039  6.234414  0.003276 62.593033    116.26   -148.49      0.10
     1587.798299  6.235013  0.003288 63.776648    110.55    -88.50      0.02
     1588.729559  6.235511  0.003274 58.990638    112.72    -50.68      0.11
     1589.660819  6.236028  0.003266 63.505091    115.62    -31.30     -0.08
     1590.592079  6.236677  0.003278 63.064219    109.82    -26.20     -0.20
     1591.523339  6.237251  0.003277 59.193913    113.68    -44.11     -0.14
     1592.454599  6.237701  0.003258 64.229593    114.83    -78.90     -0.17
     1593.385859  6.238300  0.003267 62.149961    109.47   -129.41      0.15
     1594.317119  6.238954  0.003287 59.435752    114.47    157.26      0.05
     1595.248379  6.239448  0.003281 64.555190    113.86     68.39     -0.07
     1596.179639  6.239929  0.003263 61.300359    109.35    -37.05     -0.09
     1597.110899  6.240556  0.003277 60.038924    115.00   -165.61     -0.05
     1598.042159  6.241098  0.003267 64.868834    112.88     51.22      0.16
     1598.973419  6.241665  0.003263 60.664495    109.51   -109.23      0.07
     1599.904679  6.242163  0.003258 60.638320    115.36     67.46      0.06
     1600.835939  6.242719  0.003265 64.766430    111.97   -129.42     -0.08
     1601.767199  6.243329  0.003272 59.970518    109.79     14.56      0.04
     1602.698459  6.243873  0.003267 61.217410    115.44    136.89     -0.09
     1603.629719  6.244358  0.003260 64.669891    111.10   -114.55      0.13
     1604.560979  6.244956  0.003264 59.662503    110.17    -25.07     -0.11
     1605.492239  6.245514  0.003261 61.913744    115.39     42.59      0.25
     1606.423499  6.246031  0.003255 64.446522    110.42     97.72     -0.06
     1607.354759  6.246600  0.003267 59.303450    110.60    131.84     -0.00
     1608.286019  6.247143  0.003264 62.314841    115.21    145.80      0.00
     1609.217279  6.247780  0.003272 64.080445    109.78    146.30      0.00
     1610.148539  6.248198  0.003248 59.141085    110.95    125.80      0.04
     1611.079799  6.248842  0.003256 62.865636    114.93     85.78      0.08
     1612.011059  6.249348  0.003258 63.880361    109.32     32.30      0.18
     1612.942319  6.249951  0.003266 59.099545    111.31    -42.43     -0.09
     1613.873579  6.250507  0.003263 63.172965    114.65   -136.25      0.07
     1614.804839  6.251109  0.003275 63.475774    108.92    116.24      0.00
     1615.736099  6.251626  0.003266 58.977106    111.55    -13.20      0.01
     1616.667359  6.252173  0.003270 63.457180    114.28   -160.67      0.01
     1617.598619  6.252649  0.003255 63.296004    108.59     37.74      0.14
     1618.529879  6.253265  0.003264 59.107771    111.72   -145.72      0.13
     1619.461139  6.253825  0.003265 63.730700    114.01     13.22      0.18
     1620.392399  6.254363  0.003267 63.073444    108.37    158.16     -0.04
     1621.323659  6.254831  0.003252 59.038479    111.85    -79.43     -0.02
     1622.254919  6.255457  0.003264 63.767697    113.72     25.90     -0.01
     1623.186179  6.256014  0.003262 62.869579    108.11    116.68      0.04
     1624.117439  6.256603  0.003269 59.111270    111.84   -174.46     -0.11
     1625.048699  6.257105  0.003253 63.968908    113.48   -122.93      0.18
     1625.979959  6.257605  0.003242 62.868508    107.96    -85.31     -0.05
     1626.911219  6.258122  0.003247 59.137166    111.82    -70.24     -0.10
     1627.842479  6.258674  0.003254 63.907384    113.32    -71.82     -0.11
     1628.773739  6.259311  0.003267 62.721384    107.80    -88.27      0.01
     1629.704999  6.259764  0.003252 59.081757    111.65   -126.67     -0.05
     1630.636259  6.260354  0.003256 63.948823    113.15    178.21     -0.05
     1631.567519  6.260896  0.003242 62.865541    107.66    108.66     -0.07
     1632.498779  6.261498  0.003260 59.165662    111.46     16.80      0.08
     1633.430039  6.261937  0.003236 63.909930    113.11    -91.37     -0.12
     1634.361299  6.262561  0.003259 62.907339    107.59    145.67     -0.06
     1635.292559  6.263106  0.003254 59.025151    111.18      0.66      0.00
     1636.223819  6.263627  0.003254 63.720625    113.05   -161.18      0.02
     1637.155079  6.264101  0.003245 63.049849    107.49     22.78     -0.05
     1638.086339  6.264792  0.003262 59.085364    110.80   -175.02     -0.08
     1639.017599  6.265194  0.003241 63.658840    113.05    -29.93     -0.20
     1639.948859  6.265779  0.003236 63.327616    107.48    100.96     -0.08
     1640.880119  6.266324  0.003242 59.030868    110.37   -149.90      0.05
     1641.811379  6.266835  0.003246 63.307569    113.10    -58.06     -0.03
     1642.742639  6.267334  0.003236 63.482347    107.51     19.81     -0.05
     1643.673899  6.267892  0.003236 59.032181    109.83     76.37      0.07
     1644.605159  6.268427  0.003226 63.077791    113.10    115.12     -0.13
     1645.536419  6.269082  0.003246 63.895147    107.61    140.37     -0.23
     1646.467679  6.269580  0.003244 59.172201    109.27    144.51     -0.11
     1647.398939  6.270098  0.003242 62.671801    113.15    130.15     -0.17
     1648.330199  6.270660  0.003245 64.100354    107.83    102.27     -0.02
     1649.261459  6.271211  0.003245 59.202678    108.60     54.24     -0.12
     1650.192719  6.271649  0.003229 62.153345    113.08    -13.25     -0.11
     1651.123979  6.272199  0.003225 64.421748    108.11    -94.08      0.16
     1652.055239  6.272829  0.003241 59.554429    107.93    166.08     -0.09
     1652.986499  6.273316  0.003227 61.712663    112.96     45.45      0.30
     1653.917759  6.273790  0.003217 64.679699    108.58    -87.32     -0.08
     1654.849019  6.274377  0.003232 59.861681    107.27    120.52     -0.11
     1655.780279  6.275010  0.003245 60.989069    112.69    -52.52      0.02
     1656.711539  6.275465  0.003231 64.752245    109.08    121.32      0.08
     1657.642799  6.276018  0.003229 60.393840    106.63    -82.60      0.04
     1658.574059  6.276524  0.003223 60.484657    112.21     51.90      0.23
     1659.505319  6.277216  0.003250 64.873125    109.72    173.41     -0.02
     1660.436579  6.277640  0.003221 61.096732    106.19    -82.13     -0.14
     1661.367839  6.278189  0.003233 59.839935    111.57      0.26      0.02
     1662.299099  6.278703  0.003232 64.571553    110.41     68.81     -0.12
     1663.230359  6.279274  0.003236 61.770808    105.88    121.14      0.00
     1664.161619  6.279830  0.003232 59.348892    110.66    151.96     -0.07
     1665.092879  6.280338  0.003231 64.251568    111.03    167.50     -0.07
     1666.024139  6.280868  0.003231 62.724376    105.87    168.47     -0.16
     1666.955399  6.281477  0.003239 59.132679    109.58    147.75     -0.11
     1667.886659  6.281903  0.003222 63.575602    111.62    110.72     -0.19
     1668.817919  6.282406  0.003218 63.444630    106.15     59.44      0.02
     1669.749179  6.283028  0.003229 59.010174    108.34    -12.53      0.07
     1670.680439  6.283593  0.003235 62.696749    111.91   -102.41      0.08
     1671.611699  6.284120  0.003230 64.228191    106.72    154.85     -0.19
     1672.542959  6.284694  0.003236 59.444232    107.10     31.84      0.14
     1673.474219  6.285124  0.003212 61.774466    111.92   -110.35      0.15
     1674.405479  6.285584  0.003206 64.705283    107.63     94.88     -0.07
     1675.336739  6.286182  0.003219 60.051117    106.03    -78.61     -0.17
     1676.267999  6.286774  0.003232 60.614585    111.47     86.98      0.03
     1677.199259  6.287252  0.003223 64.765667    108.67   -120.44     -0.03
     1678.130519  6.287793  0.003224 61.049574    105.26     15.27     -0.02
     1679.061779  6.288354  0.003215 59.797806    110.52    129.77     -0.15
     1679.993039  6.288884  0.003215 64.569086    109.78   -130.32      0.16
     1680.924299  6.289425  0.003224 62.278141    105.02    -45.02     -0.24
     1681.855559  6.289929  0.003217 59.141061    109.17     18.11      0.07
     1682.786819  6.290505  0.003227 63.686050    110.71     65.90     -0.07
     1683.718079  6.291031  0.003226 63.362282    105.31     99.36      0.08
     1684.649339  6.291420  0.003198 59.070733    107.54    112.49      0.06
     1685.580599  6.292018  0.003202 62.625697    111.18    107.94     -0.11
     1686.511859  6.292485  0.003191 64.408608    106.20     90.11      0.05
     1687.443119  6.293120  0.003209 59.638230    105.99     53.16      0.10
     1688.374379  6.293595  0.003210 61.237037    111.07     -3.39      0.04
     1689.305639  6.294126  0.003211 64.757401    107.50    -72.86     -0.01
     1690.236899  6.294680  0.003211 60.604660    104.82   -159.95      0.03
     1691.168159  6.295219  0.003212 59.962086    110.17     92.01      0.17
     1692.099419  6.295728  0.003207 64.625567    108.89    -29.37     -0.13
     1693.030679  6.296269  0.003212 62.146569    104.38   -166.66      0.08
     1693.961939  6.296785  0.003204 59.233325    108.60     34.97      0.18
     1694.893199  6.297364  0.003210 63.723545    110.12   -138.81      0.12
     1695.824459  6.297774  0.003196 63.485047    104.80     33.47      0.06
     1696.755719  6.298432  0.003214 59.058932    106.68   -174.55     -0.01
     1697.686979  6.298863  0.003200 62.243717    110.63    -40.54     -0.06
     1698.618239  6.299364  0.003193 64.548380    105.95     80.33      0.15
     1699.549499  6.300017  0.003217 59.966297    104.93   -176.86      0.01
     1700.480759  6.300467  0.003191 60.748461    110.23    -94.34      0.07
     1701.412019  6.301085  0.003216 64.828749    107.63    -24.67     -0.01
     1702.343279  6.301513  0.003199 61.376927    103.95     28.24      0.14
     1703.274539  6.301999  0.003197 59.392835    108.79     60.54     -0.06
     1704.205799  6.302621  0.003213 64.059599    109.18     77.90     -0.01
     1705.137059  6.303139  0.003206 63.079837    104.02     80.82      0.17
     1706.068319  6.303604  0.003193 59.095837    106.67     63.58      0.15
     1706.999579  6.304195  0.003205 62.690857    110.08     28.94      0.28
     1707.930839  6.304802  0.003220 64.457545    105.23    -18.07     -0.06
     1708.862099  6.305183  0.003195 59.768224    104.64    -84.17     -0.19
     1709.793359  6.305665  0.003190 60.764436    109.81   -170.22     -0.02
     1710.724619  6.306210  0.003196 64.743751    107.05     90.88      0.03
     1711.655879  6.306713  0.003187 61.375906    103.45    -24.22     -0.09
     1712.587139  6.307347  0.003208 59.440051    108.22   -160.21     -0.05
     1713.518399  6.307890  0.003199 64.084538    108.82     48.95      0.19
     1714.449659  6.308291  0.003179 63.326980    103.67   -115.73      0.20
     1715.380919  6.308828  0.003184 59.105332    105.89     59.61     -0.04
     1716.312179  6.309378  0.003191 62.255670    109.69   -142.90      0.09
     1717.243439  6.309949  0.003201 64.541048    105.15      1.98     -0.06
     1718.174699  6.310363  0.003183 60.090114    103.76    128.58      0.02
     1719.105959  6.310934  0.003189 60.350169    109.02   -124.87      0.20
     1720.037219  6.311494  0.003193 64.731413    107.23    -30.94     -0.17
     1720.968479  6.311990  0.003185 62.129733    102.95     46.68      0.31
     1721.899739  6.312478  0.003180 59.151442    106.96    104.50     -0.10
     1722.830999  6.313006  0.003190 63.343362    108.92    146.23      0.01
     1723.762259  6.313570  0.003193 63.932837    103.78    174.63     -0.05
     1724.693519  6.314125  0.003196 59.379641    104.35   -176.19     -0.05
     1725.624779  6.314579  0.003188 61.270849    109.13    174.44     -0.19
     1726.556039  6.315181  0.003195 64.866364    105.83    152.23     -0.16
     1727.487299  6.315624  0.003177 61.227330    102.70    113.55     -0.23
     1728.418559  6.316067  0.003168 59.511806    107.55     53.97      0.08
     1729.349819  6.316674  0.003189 64.010146    108.01    -19.60      0.07
     1730.281079  6.317197  0.003187 63.321355    102.91   -107.29      0.01
     1731.212339  6.317697  0.003183 59.091086    104.81    145.11      0.11
     1732.143599  6.318224  0.003188 61.936098    108.87     20.11     -0.02
     1733.074859  6.318697  0.003172 64.761858    104.80   -117.80      0.15
     1734.006119  6.319258  0.003170 60.669991    102.60     87.37      0.03
     1734.937379  6.319747  0.003168 59.848943    107.72    -87.67     -0.06
     1735.868639  6.320276  0.003174 64.320244    107.25     83.64     -0.13
     1736.799899  6.320803  0.003181 62.922386    102.36   -119.91      0.00
     1737.731159  6.321400  0.003189 59.007888    104.93     16.81     -0.05
     1738.662419  6.321818  0.003172 62.273339    108.51    136.58     -0.12
     1739.593679  6.322315  0.003171 64.665115    104.14   -116.66      0.15
     1740.524939  6.322854  0.003173 60.441520    102.41    -26.79     -0.17
     1741.456199  6.323336  0.003164 60.012031    107.54     42.55      0.18
     1742.387459  6.323859  0.003167 64.426361    106.75     99.17     -0.18
     1743.318719  6.324495  0.003191 62.838390    101.98    140.57     -0.05
     1744.249979  6.324993  0.003183 59.000707    104.68    162.05      0.11
     1745.181239  6.325401  0.003169 62.282476    108.16    167.07     -0.06
     1746.112499  6.326051  0.003185 64.660500    103.82    159.29     -0.11
     1747.043759  6.326424  0.003159 60.493181    102.03    134.21     -0.20
     1747.975019  6.326952  0.003155 59.931804    107.12     88.99      0.05
     1748.906279  6.327590  0.003181 64.357619    106.57     30.42      0.20
     1749.837539  6.328112  0.003189 63.039578    101.73    -42.26     -0.07
     1750.768799  6.328573  0.003177 59.041961    104.04   -134.83     -0.13
     1751.700059  6.329097  0.003176 61.973377    107.87    115.37      0.00
     1752.631319  6.329658  0.003184 64.746229    103.85     -6.81     -0.10
     1753.562579  6.330159  0.003184 60.832378    101.49   -146.23      0.17
     1754.493839  6.330526  0.003153 59.649208    106.38     54.75      0.18
     1755.425099  6.331131  0.003164 64.067955    106.66   -118.05      0.09
     1756.356359  6.331556  0.003156 63.519530    101.69     55.11      0.07
     1757.287619  6.332191  0.003174 59.218490    103.06   -150.91      0.02
     1758.218879  6.332604  0.003163 61.337153    107.48    -14.65     -0.07
     1759.150139  6.333099  0.003160 64.782990    104.26    108.75      0.10
     1760.081399  6.333719  0.003175 61.509801    100.93   -143.77      0.17
     1761.012659  6.334182  0.003159 59.280588    105.26    -55.76     -0.18
     1761.943919  6.334746  0.003174 63.447322    106.88     16.69      0.25
     1762.875179  6.335135  0.003149 64.158029    101.99     76.59      0.02
     1763.806439  6.335687  0.003164 59.711310    101.84    117.93     -0.07
     1764.737699  6.336276  0.003171 60.439821    106.79    140.42     -0.00
     1765.668959  6.336718  0.003161 64.598608    105.00    150.12     -0.02
     1766.600219  6.337245  0.003160 62.550786    100.64    145.07     -0.21
     1767.531479  6.337690  0.003146 59.107477    103.67    120.22     -0.13
     1768.462739  6.338282  0.003154 62.391196    106.97     79.04      0.01
     1769.393999  6.338798  0.003163 64.725653    102.82     25.37      0.09
     1770.325259  6.339271  0.003162 60.713256    100.67    -45.15     -0.09
     1771.256519  6.339733  0.003153 59.508349    105.47   -135.36     -0.07
     1772.187779  6.340245  0.003155 63.861033    105.89    120.45      0.03
     1773.119039  6.340819  0.003165 63.742474    100.98      2.91     -0.17
     1774.050299  6.341402  0.003168 59.485378    101.77   -133.68      0.16
     1774.981559  6.341793  0.003143 60.960053    106.46     71.96      0.20
     1775.912819  6.342240  0.003137 64.760993    104.11    -94.55     -0.11
     1776.844079  6.342880  0.003159 62.228400    100.07     83.16     -0.05
     1777.775339  6.343312  0.003154 59.003213    103.40   -118.54     -0.13
     1778.706599  6.343846  0.003158 62.435984    106.40     23.73      0.02
     1779.637859  6.344417  0.003162 64.664815    102.16    153.62     -0.10
     1780.569119  6.344887  0.003152 60.757213    100.12    -93.62      0.09
     1781.500379  6.345463  0.003169 59.580613    104.87      0.16     -0.06
     1782.431639  6.345865  0.003142 63.855198    105.48     79.98     -0.08
     1783.362899  6.346484  0.003172 63.912946    100.62    146.25     -0.07
     1784.294159  6.346933  0.003158 59.559817    100.98   -166.07      0.13
     1785.225419  6.347353  0.003149 60.525498    105.77   -136.18     -0.01
     1786.156679  6.347938  0.003160 64.573953    104.00   -119.21      0.01
     1787.087939  6.348423  0.003151 62.733937     99.64   -117.09      0.22
     1788.019199  6.348947  0.003151 59.138688    102.20   -133.79      0.17
     1788.950459  6.349411  0.003150 61.901450    105.93   -167.05      0.17
     1789.881719  6.350000  0.003163 64.818575    102.42    147.51     -0.03
     1790.812979  6.350487  0.003157 61.435491     99.36     85.72     -0.10
     1791.744239  6.350970  0.003154 59.105088    103.45      4.49     -0.03
     1792.675499  6.351484  0.003158 62.999038    105.47    -91.55      0.05
     1793.606759  6.352007  0.003157 64.500714    100.94    159.90     -0.18
     1794.538019  6.352524  0.003158 60.422232     99.61     33.64      0.19
     1795.469279  6.352851  0.003124 59.764858    104.42   -111.15      0.19
     1796.400539  6.353411  0.003135 63.979775    104.60     90.98     -0.17
     1797.331799  6.353973  0.003147 63.810495     99.82    -81.03     -0.05
     1798.263059  6.354449  0.003149 59.554507    100.25     88.94     -0.11
     1799.194319  6.354946  0.003147 60.452578    104.99   -119.27      0.06
     1800.125579  6.355553  0.003163 64.524238    103.46     20.09     -0.04
     1801.056839  6.355980  0.003142 63.030566     99.02    145.17     -0.23
     1801.988099  6.356393  0.003123 59.232855    101.05   -108.94      0.08
     1802.919359  6.356986  0.003151 61.407748    105.16    -19.42     -0.08
     1803.850619  6.357423  0.003133 64.773469    102.34     57.51     -0.01
     1804.781879  6.358024  0.003153 62.090324     98.60    119.09     -0.07
     1805.713139  6.358503  0.003145 58.995958    101.85    161.54      0.02
     1806.644399  6.358934  0.003140 62.193613    104.98   -171.46     -0.08
     1807.575659  6.359540  0.003155 64.807088    101.22   -157.04     -0.02
     1808.506919  6.359988  0.003146 61.405358     98.46   -158.75      0.17
     1809.438179  6.360571  0.003157 59.212858    102.53   -179.18      0.05
     1810.369439  6.360946  0.003141 62.925629    104.62    145.77     -0.07
     1811.300699  6.361438  0.003139 64.551019    100.29     97.80     -0.03
     1812.231959  6.361985  0.003142 60.640915     98.50     33.01     -0.01
     1813.163219  6.362487  0.003137 59.386603    103.04    -50.51      0.05
     1814.094479  6.363043  0.003150 63.499010    104.08   -147.92      0.13
     1815.025739  6.363403  0.003117 64.349430     99.48    101.88      0.05
     1815.956999  6.363948  0.003137 60.257337     98.65    -25.43     -0.15
     1816.888259  6.364471  0.003137 59.763938    103.37   -171.60      0.07
     1817.819519  6.364987  0.003138 63.872963    103.54     29.16      0.11
     1818.750779  6.365385  0.003128 63.925043     98.87   -143.40     -0.07
     1819.682039  6.366013  0.003144 59.789269     98.80     26.20     -0.02
     1820.613299  6.366463  0.003138 60.077105    103.52    178.13     -0.20
     1821.544559  6.366871  0.003117 64.231646    102.96    -43.06     -0.15
     1822.475819  6.367380  0.003112 63.737831     98.36     81.87      0.10
     1823.407079  6.368012  0.003144 59.627412     98.97   -170.95      0.20
     1824.338338  6.368474  0.003134 60.356237    103.60    -80.99     -0.07
     1825.269598  6.368942  0.003134 64.330161    102.48     -4.13      0.08
     1826.200858  6.369403  0.003133 63.369462     97.97     58.87      0.01
     1827.132118  6.369846  0.003118 59.421094     99.03    103.80      0.07
     1828.063378  6.370439  0.003125 60.617341    103.53    131.80     -0.17
     1828.994638  6.370904  0.003124 64.546984    102.05    147.11     -0.17
     1829.925898  6.371480  0.003137 63.300513     97.67    148.33     -0.22
     1830.857158  6.371876  0.003125 59.354677     99.04    131.19     -0.09
     1831.788418  6.372462  0.003137 60.687280    103.43     97.11     -0.01
     1832.719678  6.372936  0.003136 64.491428    101.73     50.68     -0.06
     1833.650938  6.373358  0.003123 63.127264     97.40    -10.03     -0.12
     1834.582198  6.373802  0.003110 59.339526     98.91    -88.96      0.08
     1835.513458  6.374392  0.003131 60.840620    103.24    175.64     -0.12
     1836.444718  6.374820  0.003107 64.612812    101.51     67.54      0.03
     1837.375978  6.375429  0.003130 63.170034     97.22    -54.50     -0.18
     1838.307238  6.375883  0.003130 59.293077     98.72    164.80      0.16
     1839.238498  6.376277  0.003114 60.693013    103.04      7.88     -0.06
     1840.169758  6.376906  0.003134 64.493476    101.36   -161.77     -0.03
     1841.101018  6.377307  0.003123 63.221303     97.06     14.54     -0.10
     1842.032278  6.377893  0.003131 59.413244     98.40    172.94     -0.06
     1842.963538  6.378374  0.003126 60.675367    102.77    -45.31     -0.30
     1843.894798  6.378738  0.003101 64.481688    101.35     83.62     -0.09
     1844.826058  6.379237  0.003111 63.368268     96.99   -161.53      0.07
     1845.757318  6.379744  0.003118 59.430699     97.99    -64.27      0.02
     1846.688578  6.380232  0.003113 60.371525    102.44     16.02     -0.08
     1847.619838  6.380747  0.003111 64.317189    101.38     83.53      0.05
     1848.551098  6.381304  0.003117 63.666151     96.94    137.74     -0.22
     1849.482358  6.381813  0.003129 59.714070     97.51    174.00     -0.01
     1850.413618  6.382236  0.003117 60.181165    102.03   -166.96      0.14
     1851.344878  6.382780  0.003121 64.113580    101.53   -160.53      0.19
     1852.276138  6.383187  0.003111 63.874985     97.05   -167.48      0.04
     1853.207398  6.383672  0.003109 59.874951     96.96    168.17      0.09
     1854.138658  6.384233  0.003115 59.793931    101.50    126.39      0.05
     1855.069918  6.384718  0.003113 63.814229    101.67     71.48      0.15
     1856.001178  6.385259  0.003128 64.289772     97.25      3.87     -0.07
     1856.932438  6.385624  0.003096 60.382098     96.40    -80.57     -0.21
     1857.863698  6.386224  0.003122 59.496620    100.83    176.70      0.04
     1858.794958  6.386697  0.003117 63.301813    101.86     60.89     -0.03
     1859.726218  6.387152  0.003119 64.467127     97.59    -67.98      0.10
     1860.657478  6.387545  0.003098 60.831995     95.88    147.22     -0.07
     1861.588738  6.388188  0.003118 59.231232     99.97    -15.61     -0.14
     1862.519998  6.388587  0.003111 62.798746    101.92    167.47     -0.14
     1863.451258  6.389196  0.003123 64.801624     98.11    -21.86     -0.11
     1864.382518  6.389588  0.003111 61.574078     95.52    133.28     -0.23
     1865.313778  6.389993  0.003096 59.051317     98.97    -89.90     -0.09
     1866.245038  6.390515  0.003104 61.961440    101.89     32.13     -0.00
     1867.176298  6.391031  0.003108 64.749712     98.75    141.89      0.09
     1868.107558  6.391554  0.003111 62.316211     95.31   -123.21      0.16
     1869.038818  6.391956  0.003092 59.157082     97.82    -45.69     -0.17
     1869.970078  6.392489  0.003108 61.234410    101.58     15.44      0.16
     1870.901338  6.392934  0.003089 64.656472     99.51     64.89      0.05
     1871.832598  6.393513  0.003108 63.166120     95.43    100.10     -0.09
     1872.763858  6.393909  0.003101 59.403247     96.64    117.57     -0.01
     1873.695118  6.394495  0.003110 60.271020    100.96    118.46      0.06
     1874.626378  6.394853  0.003089 64.137063    100.22    107.00     -0.01
     1875.557638  6.395358  0.003087 63.997683     95.86     81.94      0.17
     1876.488898  6.395969  0.003108 60.161604     95.56     40.31      0.23
     1877.420158  6.396484  0.003116 59.622269     99.94    -18.34     -0.10
     1878.351418  6.396871  0.003096 63.359795    100.82    -90.42     -0.14
     1879.282678  6.397379  0.003107 64.532387     96.69   -175.53      0.06
     1880.213938  6.397905  0.003115 61.025977     94.77     83.69     -0.04
     1881.145198  6.398335  0.003098 59.087917     98.55    -34.90     -0.02
     1882.076458  6.398799  0.003101 62.294165    101.01   -167.76      0.02
     1883.007718  6.399284  0.003096 64.852541     97.75     47.08      0.20
     1883.938978  6.399743  0.003083 62.320411     94.48   -112.73      0.17
     1884.870238  6.400173  0.003078 59.145253     96.94     69.95     -0.04
     1885.801498  6.400696  0.003092 61.010136    100.72   -123.20     -0.01
     1886.732758  6.401266  0.003105 64.478804     98.92     31.49     -0.03
     1887.664018  6.401676  0.003094 63.438161     94.78    172.36     -0.14
     1888.595278  6.402083  0.003077 59.713970     95.37    -63.94      0.00
     1889.526538  6.402619  0.003086 59.950547     99.72     42.95      0.19
     1890.457798  6.403091  0.003086 63.752222     99.90    137.77     -0.25
     1891.389058  6.403567  0.003082 64.450528     95.73   -141.17      0.18
     1892.320318  6.404122  0.003093 60.831654     94.25    -75.41     -0.18
     1893.251578  6.404649  0.003102 59.115084     98.13    -27.77      0.08
     1894.182838  6.405008  0.003087 62.328950    100.36      6.26     -0.06
     1895.114098  6.405612  0.003106 64.785749     97.07     27.94     -0.07
     1896.045358  6.406032  0.003096 62.344525     93.85     34.65      0.17
     1896.976618  6.406614  0.003107 59.211166     96.16     24.23      0.18
     1897.907878  6.406998  0.003096 60.884654     99.99     -1.67      0.06
     1898.839138  6.407453  0.003093 64.391918     98.56    -39.76     -0.01
     1899.770398  6.407962  0.003095 63.709813     94.39    -91.63     -0.02
     1900.701658  6.408458  0.003094 59.948231     94.38   -160.12     -0.03
     1901.632918  6.408909  0.003083 59.552141     98.64    114.41      0.08
     1902.564178  6.409432  0.003095 63.238087     99.60     16.00      0.08
     1903.495438  6.409752  0.003061 64.727505     95.74    -94.92      0.13
     1904.426698  6.410342  0.003086 61.609076     93.41    139.27     -0.28
     1905.357958  6.410922  0.003100 59.070115     96.55     -4.74      0.08
     1906.289218  6.411227  0.003075 61.459774     99.75   -163.14      0.11
     1907.220478  6.411829  0.003095 64.598173     97.49     26.52     -0.07
     1908.151738  6.412208  0.003081 63.254360     93.58   -158.01     -0.05
     1909.082998  6.412780  0.003092 59.657347     94.37      0.82     -0.10
     1910.014258  6.413274  0.003086 59.907065     98.60    143.29     -0.23
     1910.945518  6.413643  0.003064 63.601340     98.94    -87.07     -0.15
     1911.876778  6.414150  0.003078 64.577345     94.95     29.63      0.17
     1912.808038  6.414652  0.003085 61.238066     93.02    131.29     -0.12
     1913.739298  6.415123  0.003082 59.014627     96.38   -144.56     -0.14
     1914.670558  6.415650  0.003090 61.642763     99.32    -75.03      0.07
     1915.601818  6.416106  0.003084 64.694156     96.88    -17.22     -0.05
     1916.533078  6.416535  0.003079 63.256861     93.10     26.38      0.10
     1917.464338  6.417063  0.003076 59.693335     93.96     53.39      0.17
     1918.395598  6.417406  0.003057 59.895404     98.15     64.22      0.08
     1919.326858  6.418008  0.003079 63.488379     98.56     62.46     -0.04
     1920.258118  6.418395  0.003072 64.548614     94.62     47.88     -0.09
     1921.189378  6.418888  0.003074 61.364724     92.53     17.81     -0.02
     1922.120638  6.419416  0.003075 59.036201     95.69    -29.21     -0.06
     1923.051898  6.419889  0.003067 61.443476     98.84    -90.99      0.11
     1923.983158  6.420477  0.003093 64.648963     96.79   -164.54      0.12
     1924.914418  6.420842  0.003066 63.587544     92.88    108.49     -0.14
     1925.845678  6.421336  0.003081 59.921392     93.16      4.39      0.23
     1926.776938  6.421706  0.003066 59.511460     97.28   -115.53     -0.08
     1927.708198  6.422260  0.003077 62.969487     98.38    111.21     -0.01
     1928.639458  6.422747  0.003076 64.726501     94.77    -34.40      0.02
     1929.570718  6.423161  0.003068 62.074541     92.05    165.47     -0.22
     1930.501978  6.423757  0.003083 59.196497     94.45    -11.88     -0.08
     1931.433238  6.424202  0.003083 60.759564     98.15    155.86     -0.19
     1932.364498  6.424579  0.003065 64.216057     97.12    -48.64     -0.14
     1933.295758  6.425080  0.003071 64.124883     93.08     93.58     -0.06
     1934.227018  6.425596  0.003074 60.593017     92.12   -140.04      0.02
     1935.158278  6.426070  0.003072 59.110040     95.84    -30.29     -0.01
     1936.089538  6.426559  0.003077 62.068217     98.18     65.49      0.21
     1937.020798  6.427003  0.003068 64.790431     95.48    149.89     -0.15
     1937.952058  6.427409  0.003058 63.166405     91.92   -140.45      0.26
     1938.883318  6.427857  0.003051 59.680719     92.82    -86.39     -0.21
     1939.814578  6.428487  0.003085 59.730723     96.90    -49.08     -0.02
     1940.745838  6.428805  0.003063 63.200933     97.56    -24.32      0.08
     1941.677098  6.429386  0.003075 64.673058     93.90    -11.87     -0.01
     1942.608358  6.429753  0.003058 61.951901     91.35    -14.19     -0.12
     1943.539618  6.430269  0.003059 59.179130     93.78    -33.28     -0.11
     1944.470878  6.430768  0.003056 60.710236     97.43    -67.33     -0.13
     1945.402138  6.431210  0.003053 64.152751     96.55   -113.66      0.08
     1946.333398  6.431719  0.003070 64.290375     92.59   -172.85      0.10
     1947.264658  6.432183  0.003072 60.894882     91.30    112.64     -0.11
     1948.195918  6.432659  0.003068 59.026796     94.71     21.30     -0.13
     1949.127178  6.433149  0.003066 61.577152     97.49    -84.28      0.09
     1950.058438  6.433589  0.003063 64.619028     95.36    158.64     -0.10
     1950.989698  6.434028  0.003063 63.691444     91.58     27.63      0.16
     1951.920958  6.434520  0.003052 60.185094     91.56   -119.04      0.13
     1952.852218  6.434881  0.003040 59.343589     95.45     78.07     -0.02
     1953.783478  6.435506  0.003071 62.415637     97.21    -98.04     -0.10
     1954.714738  6.435883  0.003059 64.722896     94.24     73.58     -0.05
     1955.645998  6.436375  0.003064 62.906398     90.88   -128.95      0.05
     1956.577258  6.436931  0.003071 59.607905     91.94     12.50     -0.00
     1957.508518  6.437371  0.003060 59.781366     95.92    138.43     -0.25
     1958.439778  6.437794  0.003047 63.187922     96.70   -108.84      0.13
     1959.371038  6.438365  0.003073 64.795644     93.25     -7.90      0.02
     1960.302298  6.438744  0.003058 62.295318     90.46     78.44     -0.06
     1961.233558  6.439174  0.003057 59.239721     92.34    148.05      0.15
     1962.164818  6.439609  0.003051 60.123552     96.14   -157.09     -0.08
     1963.096078  6.440186  0.003063 63.612923     96.11   -114.93      0.12
     1964.027338  6.440492  0.003031 64.663250     92.39    -84.96      0.06
     1964.958598  6.441047  0.003042 61.855643     90.17    -69.47     -0.24
     1965.889858  6.441438  0.003038 59.177988     92.63    -70.77     -0.22
     1966.821118  6.442020  0.003058 60.547994     96.20    -86.93     -0.09
     1967.752378  6.442499  0.003063 63.898015     95.56   -115.01     -0.11
     1968.683638  6.442907  0.003055 64.420828     91.74   -155.92     -0.13
     1969.614898  6.443319  0.003041 61.403202     89.96    148.21     -0.15
     1970.546158  6.443781  0.003035 59.113815     92.77     75.79      0.11
     1971.477418  6.444345  0.003055 60.911582     96.08    -10.47     -0.14
     1972.408678  6.444755  0.003036 64.192889     95.07   -109.12      0.06
     1973.339938  6.445336  0.003066 64.351428     91.25    139.66     -0.08
     1974.271198  6.445668  0.003044 61.145099     89.79     12.92      0.11
     1975.202458  6.446170  0.003049 59.011246     92.78   -129.68     -0.11
     1976.133718  6.446673  0.003057 61.002383     95.91     73.08      0.15
     1977.064978  6.447064  0.003036 64.250079     94.66    -95.69      0.06
     1977.996238  6.447475  0.003025 64.308897     90.86     82.45      0.20
     1978.927498  6.448038  0.003036 61.131831     89.56   -114.30      0.15
     1979.858758  6.448505  0.003044 59.080235     92.62     32.61      0.17
     1980.790018  6.448941  0.003046 61.043354     95.69    165.66      0.01
     1981.721278  6.449387  0.003048 64.193630     94.40    -73.37     -0.01
     1982.652538  6.449853  0.003045 64.224680     90.62     34.64     -0.05
     1983.583798  6.450293  0.003032 61.118404     89.30    127.70     -0.14
     1984.515058  6.450903  0.003061 59.108847     92.30   -155.58      0.05
     1985.446318  6.451256  0.003029 61.056641     95.41    -92.74      0.07
     1986.377578  6.451705  0.003038 64.216418     94.26    -41.51     -0.14
     1987.308838  6.452252  0.003052 64.339267     90.52     -3.58      0.02
     1988.240098  6.452616  0.003037 61.225984     89.02     19.48      0.06
     1989.171358  6.453168  0.003051 59.022370     91.83     26.71     -0.14
     1990.102618  6.453554  0.003043 60.772836     95.06     19.51     -0.09
     1991.033878  6.454103  0.003054 64.058937     94.20      0.46     -0.05
     1991.965138  6.454593  0.003052 64.540881     90.53    -30.96     -0.26
     1992.896398  6.454968  0.003032 61.623512     88.71    -77.33     -0.23
     1993.827658  6.455430  0.003035 59.123734     91.20   -140.02      0.02
     1994.758918  6.455945  0.003049 60.414472     94.64    143.15     -0.00
     1995.690178  6.456418  0.003051 63.694167     94.27     54.28     -0.02
     1996.621438  6.456816  0.003038 64.615473     90.69    -47.18      0.06
     1997.552698  6.457258  0.003042 62.036293     88.44   -162.86     -0.01
     1998.483958  6.457700  0.003024 59.321341     90.43     65.43      0.12
     1999.415218  6.458167  0.003022 60.114241     94.07    -80.74     -0.04
     2000.346478  6.458626  0.003035 63.324887     94.36    120.96     -0.22
     2001.277738  6.459133  0.003042 64.731563     91.05    -50.06      0.01
     2002.208998  6.459619  0.003048 62.535570     88.28    124.99      0.02
     2003.140258  6.459970  0.003027 59.508373     89.56    -75.64      0.03
     2004.071518  6.460430  0.003028 59.638049     93.28     68.46      0.22
     2005.002778  6.460984  0.003040 62.764032     94.38   -159.62      0.17
     2005.934038  6.461421  0.003035 64.830261     91.55    -39.29     -0.21
     2006.865298  6.461792  0.003014 63.269993     88.33     66.61      0.16
     2007.796558  6.462297  0.003032 60.014848     88.69    157.46      0.07
     2008.727818  6.462718  0.003027 59.208828     92.26   -127.04     -0.13
     2009.659078  6.463260  0.003037 61.888785     94.27    -64.86      0.04
     2010.590338  6.463716  0.003034 64.582945     92.16    -14.26     -0.04
     2011.521598  6.464152  0.003032 63.963310     88.63     23.07      0.04
     2012.452858  6.464651  0.003030 60.826306     87.91     45.36      0.26
     2013.384118  6.465003  0.003014 59.113756     90.99     52.35      0.07
     2014.315378  6.465451  0.003016 61.021413     93.88     45.51      0.07
     2015.246638  6.466011  0.003035 64.053138     92.84     26.88      0.01
     2016.177898  6.466461  0.003034 64.438842     89.26     -4.44     -0.09
     2017.109158  6.466863  0.003021 61.721082     87.39    -50.24     -0.09
     2018.040418  6.467326  0.003019 59.234351     89.55   -111.85      0.13
     2018.971678  6.467869  0.003037 60.149221     93.04    172.63     -0.14
     2019.902938  6.468237  0.003011 63.300872     93.34     84.73     -0.04
     2020.834198  6.468808  0.003044 64.787160     90.20    -15.37      0.08
     2021.765458  6.469119  0.003019 62.820298     87.34   -129.18      0.00
     2022.696718  6.469605  0.003025 59.746880     88.15    101.58     -0.03
     2023.627978  6.470102  0.003025 59.331207     91.73    -42.83      0.05
     2024.559238  6.470492  0.003019 62.116270     93.45    160.46     -0.25
     2025.490498  6.471075  0.003035 64.667737     91.29     -8.50     -0.05
     2026.421758  6.471525  0.003039 63.988071     87.85    169.73     -0.11
     2027.353018  6.471885  0.003022 60.883640     87.09    -26.95     -0.10
     2028.284278  6.472343  0.003026 59.048807     90.01    120.78     -0.02
     2029.215538  6.472828  0.003027 60.730037     92.98   -105.12      0.02
     2030.146798  6.473294  0.003031 63.815880     92.30     17.25     -0.05
     2031.078058  6.473698  0.003015 64.641985     88.89    127.07      0.04
     2032.009318  6.474175  0.003019 62.289110     86.62   -137.21      0.25
     2032.940578  6.474534  0.003002 59.518828     88.14    -56.09     -0.28
     2033.871838  6.475103  0.003026 59.653404     91.68      9.38      0.15
     2034.803098  6.475550  0.003018 62.527157     92.85     63.06      0.03
     2035.734358  6.475934  0.003016 64.662352     90.33    104.73     -0.01
     2036.665618  6.476479  0.003025 63.630343     87.04    133.04      0.00
     2037.596878  6.476799  0.003003 60.592123     86.65    146.73     -0.14
     2038.528138  6.477354  0.003015 59.108589     89.70    145.13     -0.19
     2039.459398  6.477821  0.003016 60.985974     92.49    130.21     -0.31
     2040.390658  6.478173  0.003000 63.971859     91.69    103.38     -0.25
     2041.321918  6.478594  0.002998 64.634830     88.33     63.95     -0.03
     2042.253178  6.479076  0.003007 62.229716     86.09     10.58      0.06
     2043.184438  6.479538  0.003009 59.444761     87.52    -57.93      0.04
     2044.115698  6.480025  0.003014 59.525525     91.01   -140.96     -0.03
     2045.046958  6.480457  0.003001 62.375895     92.32    123.69     -0.13
     2045.978218  6.481073  0.003035 64.712834     90.04     16.30      0.11
     2046.909478  6.481307  0.002988 63.946764     86.72   -103.84      0.09
     2047.840738  6.481847  0.003009 60.949237     85.95    121.68     -0.24
     2048.771998  6.482348  0.003023 59.044870     88.67    -28.79      0.15
     2049.703258  6.482731  0.003009 60.445639     91.71    167.73     -0.08
     2050.634518  6.483160  0.003007 63.493219     91.49     -7.87     -0.00
     2051.565778  6.483720  0.003021 64.775271     88.38    164.62     -0.17
     2052.497038  6.484122  0.003008 62.942781     85.70    -36.52     -0.24
     2053.428298  6.484468  0.002989 60.002464     86.35    107.38     -0.24
     2054.359558  6.484903  0.002988 59.250962     89.68   -123.95      0.13
     2055.290818  6.485412  0.003005 61.529738     91.81     -7.59      0.03
     2056.222078  6.485879  0.003013 64.221733     90.36     97.02     -0.07
     2057.153338  6.486357  0.003012 64.402467     86.99   -171.09     -0.07
     2058.084598  6.486847  0.003011 61.878479     85.19    -93.38      0.11
     2059.015858  6.487220  0.003001 59.390382     86.96    -30.18     -0.22
     2059.947118  6.487725  0.003015 59.725766     90.34     18.12      0.13
     2060.878378  6.488140  0.002997 62.506775     91.46     54.51      0.24
     2061.809638  6.488527  0.002993 64.646772     89.18     79.55     -0.09
     2062.740898  6.489047  0.003008 63.897183     85.92     91.09      0.00
     2063.672158  6.489552  0.003016 61.027664     85.03     88.35     -0.01
     2064.603418  6.489913  0.003001 59.097417     87.53     70.57      0.06
     2065.534678  6.490355  0.003000 60.258797     90.65     39.12      0.16
     2066.465938  6.490847  0.003007 63.224498     90.88     -3.86     -0.00
     2067.397198  6.491225  0.002988 64.828375     88.10    -58.79     -0.15
     2068.328458  6.491639  0.002985 63.430496     85.16   -127.50      0.20
     2069.259718  6.492132  0.003003 60.455524     85.04    149.65      0.08
     2070.190978  6.492596  0.003003 59.021122     87.95     52.05     -0.15
     2071.122238  6.493096  0.003002 60.691615     90.69    -59.16      0.00
     2072.053498  6.493523  0.003004 63.646315     90.25    178.18     -0.04
     2072.984758  6.493960  0.003001 64.805663     87.22     43.19      0.21
     2073.916018  6.494350  0.002980 63.032848     84.60   -104.85      0.12
     2074.847278  6.494810  0.002985 60.128609     85.03     92.59     -0.16
     2075.778538  6.495241  0.002996 59.107599     88.15    -85.01     -0.09
     2076.709798  6.495794  0.003008 61.056005     90.55     84.47      0.03
     2077.641058  6.496248  0.003014 63.874852     89.69   -117.55     -0.00
     2078.572318  6.496667  0.003005 64.696481     86.54     28.18     -0.02
     2079.503578  6.497076  0.002999 62.737185     84.18    160.70     -0.28
     2080.434838  6.497437  0.002974 59.960209     84.94    -81.85     -0.08
     2081.366098  6.497992  0.002998 59.226799     88.13     21.12      0.11
     2082.297358  6.498474  0.003008 61.303726     90.32    111.84     -0.15
     2083.228618  6.498861  0.002998 63.995960     89.24   -169.63      0.13
     2084.159878  6.499249  0.002993 64.591496     86.08   -103.06      0.02
     2085.091138  6.499741  0.002991 62.548795     83.84    -49.98     -0.10
     2086.022398  6.500189  0.002997 59.852884     84.72    -11.51     -0.17
     2086.953658  6.500719  0.003012 59.263998     87.89     12.33      0.06
     2087.884918  6.501032  0.002989 61.394918     90.00     23.58      0.29
     2088.816178  6.501552  0.002997 64.045921     88.94     23.54      0.23
     2089.747438  6.501975  0.002997 64.619400     85.82     11.25      0.06
     2090.678698  6.502349  0.002988 62.572953     83.56    -14.72      0.01
     2091.609958  6.502754  0.002979 59.868622     84.34    -55.25      0.05
     2092.541218  6.503212  0.002981 59.205967     87.46   -110.18      0.20
     2093.472478  6.503732  0.002997 61.265849     89.66   -177.30     -0.04
     2094.403738  6.504090  0.002971 63.973077     88.78    103.98     -0.25
     2095.334998  6.504672  0.002997 64.733714     85.74     12.54      0.07
     2096.266258  6.505083  0.002990 62.820305     83.34    -91.87     -0.05
     2097.197518  6.505433  0.002985 60.034366     83.85    148.96      0.13
     2098.128778  6.505980  0.002997 59.067379     86.83     15.93     -0.18
     2099.060038  6.506371  0.002987 60.905896     89.25   -130.56      0.20
     2099.991298  6.506820  0.002980 63.700770     88.73     71.81      0.20
     2100.922558  6.507126  0.002956 64.819268     85.85    -97.57     -0.00
     2101.853818  6.507655  0.002969 63.252983     83.23     79.59      0.07
     2102.785078  6.508166  0.002987 60.432900     83.24   -117.34     -0.08
     2103.716338  6.508593  0.002986 59.022181     85.97     31.11     -0.05
     2104.647598  6.509005  0.002983 60.397685     88.71    166.67     -0.16
     2105.578858  6.509419  0.002976 63.198181     88.74    -69.70      0.01
     2106.510118  6.509944  0.002987 64.803388     86.17     42.19      0.12
     2107.441378  6.510407  0.002990 63.786225     83.29    141.81     -0.31
     2108.372638  6.510795  0.002979 61.062680     82.66   -133.60      0.31
     2109.303898  6.511180  0.002975 59.155888     84.93    -62.43     -0.12
     2110.235158  6.511666  0.002983 59.854263     87.93     -5.22     -0.02
     2111.166418  6.512120  0.002991 62.485124     88.73     40.21     -0.03
     2112.097678  6.512528  0.002985 64.560548     86.66     73.88      0.07
     2113.028938  6.512921  0.002967 64.260896     83.61     95.06      0.18
     2113.960198  6.513401  0.002965 61.865165     82.19    103.01     -0.04
     2114.891458  6.513755  0.002954 59.517407     83.72     96.43     -0.12
     2115.822718  6.514196  0.002959 59.400987     86.82     75.83     -0.00
     2116.753978  6.514693  0.002973 61.614823     88.50     43.07      0.08
     2117.685238  6.515165  0.002981 64.086449     87.24     -1.18      0.09
     2118.616498  6.515596  0.002978 64.625989     84.24    -57.68      0.12
     2119.547758  6.516046  0.002982 62.784387     82.05   -127.39      0.20
     2120.479018  6.516434  0.002970 60.179543     82.55    149.36     -0.26
     2121.410278  6.516871  0.002962 59.149272     85.37     51.16      0.14
     2122.341538  6.517426  0.002981 60.646101     87.88    -59.05     -0.19
     2123.272798  6.517769  0.002976 63.281906     87.74    178.43      0.20
     2124.204058  6.518236  0.002981 64.709017     85.20     44.74     -0.13
     2125.135318  6.518669  0.002978 63.723099     82.38   -102.29      0.09
     2126.066578  6.519124  0.002976 61.173762     81.63     97.20      0.10
     2126.997838  6.519419  0.002946 59.267276     83.67    -77.33     -0.06
     2127.929098  6.519904  0.002950 59.724591     86.66     94.52      0.04
     2128.860358  6.520414  0.002964 62.123690     87.85   -105.31     -0.03
     2129.791618  6.520877  0.002973 64.340586     86.26     43.10      0.09
     2130.722878  6.521319  0.002979 64.507234     83.28    179.40     -0.03
     2131.654138  6.521764  0.002982 62.489315     81.31    -57.79      0.06
     2132.585398  6.522247  0.002984 59.967260     82.02     51.11      0.06
     2133.516658  6.522623  0.002972 59.139008     84.86    146.42     -0.22
     2134.447918  6.522983  0.002962 60.744288     87.23   -131.63      0.34
     2135.379178  6.523423  0.002958 63.343443     87.08    -60.03     -0.25
     2136.310438  6.523988  0.002983 64.766322     84.62     -1.16      0.08
     2137.241698  6.524252  0.002960 63.831851     81.84     45.44     -0.03
     2138.172958  6.524844  0.002986 61.313413     80.93     78.30     -0.04
     2139.104218  6.525146  0.002964 59.290192     82.74     96.95      0.10
     2140.035478  6.525583  0.002954 59.502440     85.70    102.30      0.17
     2140.966738  6.526060  0.002953 61.761018     87.18     95.93      0.04
     2141.897998  6.526453  0.002947 64.140867     85.99     78.02      0.05
     2142.829258  6.526875  0.002953 64.717933     83.17     47.95      0.15
     2143.760518  6.527327  0.002963 63.045730     80.88      4.93      0.13
     2144.691778  6.527770  0.002967 60.450521     80.95    -51.86      0.05
     2145.623038  6.528250  0.002974 59.056950     83.38   -122.52     -0.06
     2146.554298  6.528708  0.002968 60.051099     86.10    154.08     -0.27
     2147.485558  6.529142  0.002962 62.590069     86.75     58.37      0.24
     2148.416818  6.529487  0.002950 64.573729     84.89    -47.91     -0.19
     2149.348078  6.530017  0.002973 64.478123     82.03   -167.24      0.16
     2150.279338  6.530381  0.002957 62.362138     80.29     60.69      0.01
     2151.210598  6.530842  0.002965 59.893693     81.07    -85.29     -0.12
     2152.141858  6.531241  0.002963 59.055787     83.82    114.58      0.17
     2153.073118  6.531721  0.002958 60.549119     86.16    -57.46     -0.07
     2154.004378  6.532063  0.002943 63.128315     86.17    118.89     -0.14
     2154.935638  6.532439  0.002932 64.748482     83.94    -76.34     -0.18
     2155.866898  6.532893  0.002935 64.188292     81.17     75.64      0.14
     2156.798158  6.533387  0.002952 61.876966     79.88   -145.41      0.14
     2157.729418  6.533842  0.002962 59.589729     81.12    -20.42      0.19
     2158.660678  6.534255  0.002956 59.153695     83.94     91.27      0.08
     2159.591938  6.534688  0.002960 60.910198     85.98   -169.11     -0.16
     2160.523199  6.535110  0.002946 63.441252     85.63    -81.32      0.04
     2161.454459  6.535701  0.002973 64.815931     83.23     -4.90     -0.04
     2162.385719  6.535919  0.002936 64.008585     80.57     58.77      0.17
     2163.316979  6.536470  0.002960 61.644098     79.55    109.74     -0.26
     2164.248239  6.536863  0.002962 59.475082     80.99    146.06      0.12
     2165.179499  6.537348  0.002963 59.200425     83.81    169.46      0.07
     2166.110759  6.537685  0.002951 61.039194     85.69   -179.13     -0.09
     2167.042019  6.538183  0.002960 63.531293     85.19   -179.30     -0.02
     2167.973279  6.538701  0.002969 64.813395     82.77    169.03     -0.10
     2168.904539  6.539112  0.002962 63.974164     80.16    145.01     -0.25
     2169.835799  6.539471  0.002949 61.622893     79.19    107.51     -0.21
     2170.767059  6.539891  0.002950 59.484709     80.62     56.06     -0.02
     2171.698319  6.540355  0.002960 59.192731     83.40     -8.57      0.08
     2172.629579  6.540795  0.002965 60.973000     85.32    -85.23      0.14
     2173.560839  6.541191  0.002962 63.439731     84.90   -172.97     -0.08
     2174.492099  6.541489  0.002927 64.785755     82.57     87.35      0.02
     2175.423359  6.542118  0.002961 64.098462     79.95    -24.34     -0.21
     2176.354619  6.542438  0.002949 61.837522     78.83   -149.94      0.34
     2177.285879  6.542864  0.002945 59.641377     80.04     71.84     -0.16
     2178.217139  6.543285  0.002948 59.124854     82.76    -80.38     -0.01
     2179.148399  6.543799  0.002963 60.671283     84.84    115.26      0.11
     2180.079659  6.544111  0.002938 63.113933     84.74    -60.16     -0.10
     2181.010919  6.544481  0.002926 64.694829     82.61    112.62      0.01
     2181.942179  6.544932  0.002923 64.330111     79.94    -86.65     -0.01
     2182.873439  6.545416  0.002934 62.275430     78.49     60.80      0.30
     2183.804699  6.545912  0.002951 59.956890     79.29   -164.91      0.17
     2184.735959  6.546336  0.002959 59.047226     81.82    -44.10      0.13
     2185.667219  6.546710  0.002947 60.218466     84.17     64.41      0.05
     2186.598479  6.547087  0.002939 62.584197     84.59    161.61     -0.18
     2187.529739  6.547584  0.002947 64.479118     82.88   -113.18      0.16
     2188.460999  6.548055  0.002946 64.628504     80.20    -39.26     -0.16
     2189.392259  6.548417  0.002942 62.934320     78.32     21.31      0.17
     2190.323519  6.548864  0.002938 60.543772     78.46     69.07     -0.05
     2191.254779  6.549233  0.002943 59.110620     80.62    103.21     -0.13
     2192.186039  6.549775  0.002959 59.649879     83.23    124.33      0.12
     2193.117299  6.550121  0.002943 61.771701     84.35    134.18      0.02
     2194.048559  6.550469  0.002927 63.980960     83.27    132.70     -0.05
     2194.979819  6.550915  0.002923 64.801757     80.77    119.46     -0.05
     2195.911079  6.551362  0.002922 63.709410     78.44     93.72      0.07
     2196.842339  6.551832  0.002933 61.416673     77.75     54.79      0.27
     2197.773599  6.552307  0.002950 59.451907     79.23      2.59      0.25
     2198.704859  6.552708  0.002952 59.180943     81.87    -62.49      0.11
     2199.636119  6.553079  0.002944 60.784828     83.76   -139.49     -0.05
     2200.567379  6.553462  0.002926 63.131440     83.61    132.16     -0.18
     2201.498639  6.554054  0.002951 64.685146     81.61     31.94      0.11
     2202.429899  6.554309  0.002917 64.442753     79.02    -79.95      0.05
     2203.361159  6.554846  0.002951 62.586540     77.45    155.61     -0.19
     2204.292419  6.555254  0.002940 60.275775     77.88     17.29      0.17
     2205.223679  6.555642  0.002933 59.057095     80.11   -133.74     -0.04
     2206.154939  6.556040  0.002941 59.753658     82.59     62.53     -0.03
     2207.086199  6.556558  0.002945 61.875152     83.59   -112.90      0.15
     2208.017459  6.556974  0.002945 64.012032     82.51     60.56      0.21
     2208.948719  6.557362  0.002933 64.817630     80.08   -137.51      0.18
     2209.879979  6.557795  0.002945 63.805388     77.78     12.12      0.15
     2210.811239  6.558202  0.002938 61.601481     76.97    149.03     -0.13
     2211.742499  6.558595  0.002938 59.591716     78.20    -87.61     -0.19
     2212.673759  6.559050  0.002936 59.087284     80.72     22.61     -0.05
     2213.605019  6.559497  0.002935 60.429196     82.79    120.92     -0.00
     2214.536279  6.559926  0.002948 62.717471     83.04   -152.10      0.09
     2215.467539  6.560190  0.002908 64.484133     81.40    -76.26     -0.01
     2216.398799  6.560849  0.002949 64.694694     78.88    -12.25     -0.10
     2217.330059  6.561080  0.002919 63.202503     76.95     38.94      0.17
     2218.261319  6.561599  0.002936 60.925754     76.72     77.69     -0.15
     2219.192579  6.561952  0.002936 59.262283     78.43    102.77     -0.04
     2220.123839  6.562413  0.002936 59.273486     80.97    115.06      0.19
     2221.055099  6.562848  0.002929 60.949378     82.65    115.99      0.06
     2221.986359  6.563194  0.002912 63.209081     82.42    105.71     -0.03
     2222.917619  6.563562  0.002902 64.674380     80.51     83.86      0.08
     2223.848879  6.564008  0.002912 64.497464     78.03     50.01      0.25
     2224.780139  6.564482  0.002930 62.793512     76.36      3.82      0.18
     2225.711399  6.564922  0.002936 60.563539     76.48    -55.31     -0.01
     2226.642659  6.565391  0.002941 59.149885     78.37   -127.56     -0.14
     2227.573919  6.565813  0.002930 59.440885     80.86    147.64     -0.16
     2228.505179  6.566196  0.002924 61.247581     82.32     50.84      0.24
     2229.436439  6.566546  0.002909 63.425791     81.90    -56.25     -0.22
     2230.367699  6.567150  0.002949 64.729547     79.91   -175.60      0.16
     2231.298959  6.567359  0.002910 64.401129     77.48     53.59      0.02
     2232.230219  6.567921  0.002931 62.655464     75.90    -89.83     -0.05
     2233.161479  6.568290  0.002934 60.481635     76.11    113.63      0.02
     2234.092739  6.568638  0.002912 59.150088     78.03    -55.82      0.03
     2235.023999  6.569116  0.002916 59.469434     80.46    122.36      0.05
     2235.955259  6.569544  0.002912 61.226565     81.90    -70.69     -0.22
     2236.886519  6.569937  0.002907 63.361006     81.53     84.63      0.02
     2237.817779  6.570377  0.002917 64.663247     79.61   -131.22      0.01
     2238.749039  6.570844  0.002933 64.434551     77.20      0.83      0.13
     2239.680299  6.571289  0.002934 62.809861     75.55    120.69     -0.02
     2240.611559  6.571712  0.002940 60.681919     75.59   -132.41     -0.03
     2241.542819  6.572002  0.002911 59.268117     77.34    -38.42      0.01
     2242.474079  6.572460  0.002916 59.377690     79.75     43.10      0.15
     2243.405339  6.572912  0.002916 60.931807     81.39    113.59     -0.28
     2244.336599  6.573314  0.002929 63.027537     81.30    172.07      0.12
     2245.267859  6.573754  0.002921 64.499059     79.62   -140.43      0.14
     2246.199119  6.574089  0.002914 64.565858     77.23   -104.56     -0.03
     2247.130379  6.574619  0.002929 63.222522     75.35    -81.20      0.06
     2248.061639  6.574972  0.002914 61.175617     75.00    -70.30     -0.04
     2248.992899  6.575283  0.002893 59.531262     76.37    -72.24     -0.12
     2249.924159  6.575688  0.002889 59.206933     78.72    -86.81     -0.07
     2250.855419  6.576146  0.002897 60.377434     80.66   -113.22      0.06
     2251.786679  6.576614  0.002912 62.375500     81.09   -150.77      0.11
     2252.717939  6.577041  0.002917 64.116780     79.84    160.50      0.06
     2253.649199  6.577437  0.002914 64.704030     77.58    100.10      0.05
     2254.580459  6.577867  0.002915 63.855767     75.45     27.74     -0.02
     2255.511719  6.578293  0.002908 61.999685     74.49    -57.05     -0.05
     2256.442979  6.578817  0.002934 60.081265     75.25   -154.84      0.21
     2257.374239  6.579020  0.002890 59.153046     77.32     95.37     -0.18
     2258.305499  6.579660  0.002929 59.691233     79.56    -26.97     -0.08
     2259.236759  6.579896  0.002905 61.422130     80.70   -160.88      0.18
     2260.168019  6.580446  0.002930 63.398484     80.16     54.55     -0.09
     2261.099279  6.580778  0.002912 64.611953     78.27   -101.75      0.02
     2262.030539  6.581148  0.002904 64.476401     75.96     90.14      0.23
     2262.961799  6.581607  0.002897 63.053374     74.34    -89.70      0.05
     2263.893059  6.582031  0.002898 61.037622     74.20     77.61      0.17
     2264.824319  6.582454  0.002904 59.452973     75.64   -127.56      0.02
     2265.755579  6.582894  0.002915 59.140988     77.92     14.59      0.16
     2266.686839  6.583331  0.002917 60.276315     79.79    145.36     -0.03
     2267.618099  6.583767  0.002928 62.256136     80.24    -95.35      0.09
     2268.549359  6.584181  0.002921 64.061729     79.09     12.96      0.04
     2269.480619  6.584425  0.002887 64.803081     76.96    109.98     -0.12
     2270.411879  6.584982  0.002923 64.151757     74.85   -165.19      0.09
     2271.343139  6.585346  0.002895 62.399288     73.68    -92.36      0.04
     2272.274399  6.585750  0.002908 60.403472     74.07    -32.10     -0.07
     2273.205659  6.586222  0.002914 59.148165     75.84     15.37     -0.02
     2274.136919  6.586551  0.002911 59.305946     78.09     50.86     -0.13
     2275.068179  6.587024  0.002916 60.773545     79.61     74.42      0.22
     2275.999439  6.587417  0.002901 62.791211     79.65     87.36      0.18
     2276.930699  6.587730  0.002881 64.372588     78.24     89.27      0.07
     2277.861959  6.588114  0.002877 64.780071     76.07     79.55      0.11
     2278.793219  6.588560  0.002887 63.838020     74.08     57.82      0.19
     2279.724479  6.589005  0.002898 61.991868     73.17     23.81      0.20
     2280.655739  6.589414  0.002900 60.115035     73.79    -22.71      0.16
     2281.586999  6.589821  0.002901 59.115840     75.66    -81.68      0.15
     2282.518259  6.590325  0.002917 59.475785     77.83   -152.39     -0.04
     2283.449519  6.590728  0.002900 61.005071     79.22    125.68     -0.34
     2284.380779  6.591157  0.002903 62.953503     79.14     31.85      0.24
     2285.312039  6.591462  0.002886 64.388803     77.70    -72.17     -0.17
     2286.243299  6.592023  0.002920 64.711410     75.55    171.53      0.17
     2287.174559  6.592288  0.002900 63.766079     73.61     43.93     -0.11
     2288.105819  6.592839  0.002912 62.002974     72.71    -96.32      0.05
     2289.037079  6.593111  0.002891 60.209791     73.28    111.16      0.08
     2289.968339  6.593502  0.002882 59.199056     75.08    -53.35     -0.25
     2290.899599  6.594032  0.002896 59.440606     77.23    129.84     -0.19
     2291.830859  6.594473  0.002912 60.808119     78.68    -58.15     -0.28
     2292.762119  6.594855  0.002902 62.661685     78.76    102.55     -0.14
     2293.693379  6.595250  0.002912 64.178427     77.48   -107.78     -0.15
     2294.624639  6.595668  0.002905 64.715988     75.41     30.32     -0.04
     2295.555899  6.596083  0.002905 64.053355     73.41    157.03     -0.24
     2296.487159  6.596467  0.002895 62.461560     72.30    -88.93      0.21
     2297.418419  6.596923  0.002904 60.623601     72.58     13.36      0.13
     2298.349679  6.597174  0.002879 59.353358     74.12    103.64     -0.28
     2299.280939  6.597760  0.002912 59.204180     76.24   -179.01      0.19
     2300.212199  6.598057  0.002890 60.277867     77.93   -112.53      0.03
     2301.143459  6.598521  0.002899 62.057494     78.42    -57.25     -0.05
     2302.074719  6.598874  0.002895 63.791895     77.51    -12.96     -0.16
     2303.005979  6.599429  0.002920 64.734804     75.66     19.90     -0.03
     2303.937239  6.599707  0.002896 64.491597     73.59     41.08      0.28
     2304.868499  6.600071  0.002881 63.165039     72.10     50.57      0.41
     2305.799759  6.600537  0.002887 61.299380     71.81     48.05      0.30
     2306.731019  6.600985  0.002896 59.685090     72.85     33.19      0.16
     2307.662279  6.601402  0.002899 59.034016     74.80      6.14      0.08
     2308.593539  6.601802  0.002897 59.637800     76.77    -32.60      0.05
     2309.524799  6.602191  0.002892 61.217048     77.86    -82.64      0.19
     2310.456059  6.602646  0.002906 63.076175     77.64   -143.59      0.30
     2311.387319  6.602981  0.002895 64.435577     76.24    145.08     -0.24
     2312.318579  6.603305  0.002873 64.771742     74.24     61.61     -0.03
     2313.249839  6.603893  0.002904 63.971839     72.36    -33.29     -0.09
     2314.181099  6.604164  0.002884 62.341110     71.33   -140.46      0.11
     2315.112359  6.604640  0.002903 60.562532     71.56    100.44      0.06
     2316.043619  6.604975  0.002882 59.339042     73.01    -30.68     -0.17
     2316.974879  6.605541  0.002904 59.179501     75.02   -173.99     -0.06
     2317.906139  6.605812  0.002891 60.135962     76.73     31.07      0.31
     2318.837399  6.606207  0.002877 61.782106     77.43   -134.36      0.17
     2319.768659  6.606670  0.002887 63.456918     76.86     49.08      0.17
     2320.699919  6.607082  0.002897 64.530369     75.27   -138.35     -0.15
     2321.631179  6.607472  0.002891 64.617184     73.25     22.33     -0.02
     2322.562439  6.607870  0.002892 63.693200     71.54    171.73     -0.27
     2323.493699  6.608252  0.002878 62.095835     70.76    -51.17     -0.07
     2324.424959  6.608677  0.002875 60.416681     71.22     73.94      0.05
     2325.356219  6.609193  0.002909 59.306589     72.76   -173.06      0.20
     2326.287479  6.609461  0.002876 59.218499     74.75    -71.42     -0.09
     2327.218739  6.609825  0.002877 60.173846     76.35     18.54     -0.07
     2328.149999  6.610370  0.002906 61.806020     76.94     97.37      0.04
     2329.081259  6.610646  0.002879 63.488874     76.29    165.37      0.05
     2330.012519  6.611182  0.002892 64.592826     74.71   -137.72      0.10
     2330.943779  6.611388  0.002855 64.705882     72.74    -91.90      0.01
     2331.875039  6.611947  0.002885 63.798742     71.06    -57.41     -0.35
     2332.806299  6.612355  0.002898 62.182431     70.26    -35.34     -0.19
     2333.737559  6.612694  0.002889 60.454030     70.63    -25.54      0.14
     2334.668819  6.613110  0.002886 59.278155     72.05    -27.56      0.23
     2335.600079  6.613538  0.002885 59.113923     73.98    -41.16      0.18
     2336.531339  6.613937  0.002879 60.014169     75.64    -66.08      0.16
     2337.462599  6.614337  0.002876 61.612210     76.39   -102.12      0.30
     2338.393859  6.614797  0.002892 63.298700     75.98   -148.92      0.37
     2339.325119  6.615177  0.002895 64.466319     74.59    153.76     -0.04
     2340.256379  6.615460  0.002872 64.728740     72.71     84.86     -0.18
     2341.187639  6.615940  0.002881 64.029718     70.93      4.22     -0.10
     2342.118899  6.616419  0.002889 62.601372     69.84    -88.22      0.03
     2343.050159  6.616689  0.002870 60.953568     69.85    167.61     -0.01
     2343.981419  6.617231  0.002894 59.646953     70.93     51.25      0.23
     2344.912679  6.617435  0.002851 59.145559     72.72    -76.18     -0.21
     2345.843939  6.618065  0.002887 59.598066     74.53    144.50     -0.17
     2346.775199  6.618359  0.002885 60.857859     75.67     -6.17      0.16
     2347.706459  6.618711  0.002872 62.481014     75.76   -167.23     -0.03
     2348.637719  6.619201  0.002883 63.914505     74.79     20.43      0.09
     2349.568979  6.619645  0.002896 64.691650     73.11   -162.62     -0.17
     2350.500239  6.620048  0.002885 64.562053     71.24      2.71     -0.07
     2351.431499  6.620430  0.002889 63.559451     69.78    156.97     -0.35
     2352.362759  6.620777  0.002864 61.997290     69.17    -60.92     -0.21
     2353.294019  6.621172  0.002868 60.385384     69.63     69.37     -0.12
     2354.225279  6.621625  0.002883 59.280042     71.02   -172.58      0.29
     2355.156539  6.621973  0.002873 59.088664     72.85    -65.51      0.05
     2356.087799  6.622345  0.002880 59.869135     74.45     30.29     -0.18
     2357.019059  6.622780  0.002869 61.341788     75.27    114.70      0.09
     2357.950320  6.623222  0.002877 62.998589     75.03   -171.35      0.08
     2358.881580  6.623530  0.002853 64.271285     73.88   -108.13     -0.04
     2359.812840  6.623958  0.002875 64.777290     72.14    -55.96     -0.22
     2360.744100  6.624458  0.002892 64.384828     70.36    -15.72      0.14
     2361.675360  6.624712  0.002865 63.220712     69.05     13.31      0.13
     2362.606620  6.625166  0.002869 61.664381     68.60     30.68      0.08
     2363.537880  6.625664  0.002880 60.204474     69.17     36.27      0.09
     2364.469140  6.626083  0.002881 59.295537     70.59     30.17      0.09
     2365.400400  6.626477  0.002880 59.217739     72.38     12.67      0.03
     2366.331660  6.626867  0.002879 59.981879     73.92    -15.89     -0.11
     2367.262920  6.627242  0.002874 61.336189     74.71    -55.46     -0.17
     2368.194180  6.627629  0.002873 62.863775     74.51   -106.09     -0.02
     2369.125440  6.628000  0.002873 64.109435     73.39   -167.61      0.12
     2370.056700  6.628305  0.002862 64.706935     71.72    119.91      0.19
     2370.987960  6.628782  0.002880 64.495556     69.97     36.44      0.10
     2371.919220  6.629184  0.002862 63.514671     68.61    -57.99     -0.36
     2372.850480  6.629568  0.002864 62.029033     68.04   -164.99      0.14
     2373.781740  6.629965  0.002855 60.492664     68.40     76.89      0.03
     2374.713000  6.630335  0.002875 59.381411     69.63    -53.11      0.04
     2375.644260  6.630803  0.002870 59.048299     71.34    165.53     -0.09
     2376.575520  6.631165  0.002865 59.616185     72.95     12.85     -0.05
     2377.506780  6.631549  0.002876 60.885190     73.96   -150.77      0.05
     2378.438040  6.631992  0.002863 62.443256     74.08     34.81      0.23
     2379.369300  6.632425  0.002878 63.822579     73.30   -150.36      0.40
     2380.300560  6.632836  0.002872 64.636666     71.86     14.02      0.08
     2381.231820  6.633230  0.002884 64.677729     70.13    166.82      0.20
     2382.163080  6.633613  0.002872 63.956504     68.57    -51.34     -0.04
     2383.094340  6.633992  0.002883 62.684805     67.60     78.68      0.10
     2384.025600  6.634347  0.002862 61.219432     67.50   -162.66      0.06
     2384.956860  6.634630  0.002841 59.959757     68.27    -55.19     -0.36
     2385.888120  6.635179  0.002870 59.227101     69.72     39.64      0.37
     2386.819380  6.635551  0.002856 59.245349     71.41    124.38     -0.13
     2387.750640  6.635875  0.002852 60.005824     72.80   -162.47     -0.05
     2388.681900  6.636372  0.002879 61.307566     73.51   -100.07     -0.07
     2389.613160  6.636674  0.002862 62.779533     73.33    -48.64      0.12
     2390.544420  6.637113  0.002859 64.041347     72.34     -7.73      0.06
     2391.475680  6.637615  0.002870 64.735642     70.83     22.24      0.06
     2392.406940  6.637893  0.002849 64.673725     69.17     41.13      0.12
     2393.338200  6.638217  0.002839 63.872272     67.76     48.90      0.11
     2394.269460  6.638637  0.002847 62.540965     66.94     45.32      0.04
     2395.200720  6.639072  0.002857 61.038195     66.93     30.19     -0.04
     2396.131980  6.639479  0.002859 59.781076     67.75      3.47     -0.10
     2397.063240  6.639845  0.002850 59.123135     69.18    -34.72     -0.14
     2397.994500  6.640184  0.002834 59.234119     70.81    -84.28      0.02
     2398.925760  6.640650  0.002847 60.046756     72.15   -144.72      0.18
     2399.857020  6.641111  0.002855 61.315531     72.86    144.71     -0.25
     2400.788280  6.641464  0.002847 62.720004     72.76     62.55      0.22
     2401.719540  6.641826  0.002865 63.896595     71.87    -29.90      0.18
     2402.650800  6.642273  0.002870 64.594279     70.46   -132.92     -0.21
     2403.582060  6.642610  0.002847 64.648194     68.82    112.45     -0.01
     2404.513320  6.643077  0.002856 64.059089     67.37    -13.02     -0.06
     2405.444580  6.643423  0.002865 62.932136     66.43   -150.00      0.20
     2406.375840  6.643827  0.002842 61.543674     66.21     62.06      0.10
     2407.307100  6.644184  0.002834 60.227258     66.77    -97.39      0.06
     2408.238360  6.644550  0.002852 59.315020     67.99     92.01     -0.28
     2409.169620  6.644957  0.002842 59.060286     69.55    -90.44     -0.04
     2410.100880  6.645372  0.002864 59.545025     71.01     76.18      0.09
     2411.032140  6.645783  0.002846 60.638889     71.99   -127.89      0.16
     2411.963400  6.646205  0.002869 62.041368     72.25     17.61      0.07
     2412.894660  6.646563  0.002842 63.385201     71.76    152.68     -0.17
     2413.825920  6.646879  0.002836 64.352004     70.65    -83.04     -0.35
     2414.757180  6.647382  0.002853 64.743243     69.15     29.49      0.30
     2415.688440  6.647809  0.002855 64.482335     67.59    131.93     -0.03
     2416.619700  6.648095  0.002856 63.654469     66.33   -136.99     -0.16
     2417.550960  6.648554  0.002854 62.462842     65.61    -57.57      0.17
     2418.482220  6.648943  0.002846 61.142493     65.62     11.03      0.06
     2419.413480  6.649326  0.002836 60.000494     66.33     68.30      0.02
     2420.344740  6.649624  0.002836 59.283644     67.62    114.65     -0.37
     2421.276000  6.650201  0.002874 59.150009     69.13    149.06      0.03
     2422.207260  6.650532  0.002858 59.656558     70.49    172.73      0.24
     2423.138520  6.650823  0.002838 60.696706     71.38   -174.06      0.14
     2424.069780  6.651234  0.002839 62.030803     71.58   -171.51      0.07
     2425.001040  6.651684  0.002844 63.348493     71.08   -179.55      0.04
     2425.932300  6.652098  0.002844 64.342835     69.99    161.87     -0.07
     2426.863560  6.652438  0.002831 64.787340     68.57    132.49     -0.13
     2427.794820  6.652755  0.002820 64.593803     67.07     91.91      0.06
     2428.726080  6.653150  0.002830 63.828248     65.80     40.21      0.27
     2429.657340  6.653609  0.002851 62.674762     65.01    -22.42      0.20
     2430.588600  6.654089  0.002868 61.373784     64.85    -96.22      0.10
     2431.519860  6.654403  0.002853 60.209764     65.40    179.01     -0.24
     2432.451120  6.654729  0.002822 59.424136     66.50     82.60     -0.08
     2433.382380  6.655271  0.002845 59.150899     67.93    -24.66     -0.11
     2434.313640  6.655526  0.002835 59.457737     69.32   -143.38      0.41
     2435.244900  6.655960  0.002849 60.266599     70.40     88.27     -0.20
     2436.176160  6.656407  0.002845 61.410749     70.89    -51.40     -0.14
     2437.107420  6.656670  0.002835 62.682264     70.71    158.04      0.21
     2438.038680  6.657138  0.002852 63.819977     69.93     -2.29     -0.26
     2438.969940  6.657633  0.002849 64.581501     68.70   -173.98      0.03
     2439.901200  6.658047  0.002874 64.801100     67.27      3.91      0.02
     2440.832460  6.658417  0.002849 64.428767     65.88    171.04     -0.12
     2441.763720  6.658778  0.002867 63.545771     64.78    -33.08     -0.04
     2442.694980  6.659150  0.002842 62.343170     64.18    111.81     -0.13
     2443.626240  6.659538  0.002864 61.073104     64.20   -114.59     -0.10
     2444.557500  6.659873  0.002836 59.997432     64.84      7.69      0.13
     2445.488760  6.660139  0.002817 59.325780     65.97    119.57     -0.27
     2446.420020  6.660666  0.002852 59.153908     67.34   -140.48      0.32
     2447.351280  6.661066  0.002828 59.509438     68.68    -50.28     -0.13
     2448.282540  6.661345  0.002824 60.312388     69.67     28.73     -0.04
     2449.213800  6.661861  0.002860 61.403062     70.16     97.32     -0.16
     2450.145060  6.662126  0.002837 62.595933     70.02    154.79      0.28
     2451.076320  6.662618  0.002838 63.691405     69.31   -157.72      0.13
     2452.007580  6.662997  0.002831 64.469232     68.18   -120.86      0.03
     2452.938840  6.663228  0.002805 64.784254     66.82    -94.55     -0.13
     2453.870100  6.663643  0.002815 64.565989     65.45    -78.96     -0.32
     2454.801360  6.664122  0.002839 63.845998     64.31    -74.47     -0.32
     2455.732620  6.664558  0.002853 62.765739     63.57    -81.13     -0.21
     2456.663880  6.664963  0.002859 61.540494     63.37    -98.85     -0.12
     2457.595140  6.665360  0.002861 60.405689     63.75   -127.57     -0.11
     2458.526400  6.665741  0.002857 59.568597     64.65   -167.15     -0.21
     2459.457660  6.666035  0.002833 59.170474     65.89    142.47     -0.40
     2460.388920  6.666321  0.002804 59.257024     67.21     80.87     -0.16
     2461.320180  6.666872  0.002830 59.783600     68.36      8.78     -0.08
     2462.251440  6.667269  0.002824 60.671476     69.15    -73.81     -0.09
     2463.182700  6.667531  0.002822 61.770069     69.41   -167.42      0.37
     2464.113960  6.668048  0.002859 62.902396     69.12     89.20      0.08
     2465.045220  6.668315  0.002828 63.896168     68.32    -24.53     -0.35
     2465.976480  6.668865  0.002834 64.574470     67.18   -149.63      0.06
     2466.907740  6.669032  0.002808 64.793470     65.87     74.72      0.46
     2467.839000  6.669483  0.002825 64.522699     64.58    -70.41     -0.38
     2468.770260  6.670002  0.002828 63.806247     63.50    132.58     -0.20
     2469.701520  6.670346  0.002852 62.776244     62.80    -35.57      0.17
     2470.632780  6.670652  0.002822 61.623568     62.58    146.11     -0.26
     2471.564040  6.670997  0.002821 60.546742     62.90    -44.14      0.30
     2472.495300  6.671358  0.002808 59.714371     63.68    115.93     -0.33
     2473.426560  6.671742  0.002808 59.242620     64.81    -96.20      0.41
     2474.357820  6.672213  0.002815 59.186486     66.06     42.15     -0.05
     2475.289080  6.672712  0.002857 59.546629     67.24    169.11      0.21
     2476.220340  6.673052  0.002820 60.279939     68.12    -73.92     -0.10
     2477.151600  6.673318  0.002831 61.276809     68.56     32.38     -0.25
     2478.082860  6.673741  0.002830 62.384680     68.51    127.52      0.30
     2479.014120  6.674229  0.002825 63.456768     67.97   -146.96      0.09
     2479.945380  6.674416  0.002802 64.279462     67.04    -71.54     -0.44
     2480.876640  6.675038  0.002861 64.741498     65.87     -7.58      0.02
     2481.807900  6.675249  0.002812 64.741657     64.62     45.69      0.53
     2482.739160  6.675631  0.002800 64.311192     63.43     89.21      0.06
     2483.670420  6.676141  0.002825 63.546606     62.47    121.69     -0.19
     2484.601680  6.676449  0.002823 62.567307     61.90    143.26     -0.35
     2485.532940  6.676766  0.002821 61.516303     61.77    153.97     -0.45
     2486.464200  6.677157  0.002827 60.534908     62.12    153.80     -0.44
     2487.395460  6.677554  0.002830 59.747112     62.88    142.82     -0.41
     2488.326720  6.677916  0.002825 59.254352     63.93    121.07     -0.37
     2489.257980  6.678269  0.002821 59.129282     65.11     88.58     -0.30
     2490.189240  6.678667  0.002823 59.403358     66.23     45.53     -0.31
     2491.120500  6.679118  0.002826 60.055888     67.12     -7.95     -0.41
     2492.051760  6.679549  0.002818 61.009489     67.64    -72.10     -0.25
     2492.983020  6.679928  0.002811 62.107012     67.71   -146.69      0.04
     2493.914280  6.680210  0.002789 63.150871     67.35    128.85     -0.08
     2494.845540  6.680726  0.002832 64.007773     66.62     33.12      0.69
     2495.776800  6.680969  0.002828 64.535640     65.60    -71.36     -0.27
     2496.708060  6.681488  0.002829 64.723494     64.43    172.62     -0.29
     2497.639320  6.681762  0.002799 64.546886     63.25     45.61      0.05
     2498.570580  6.682180  0.002837 64.061431     62.19    -92.05      0.42
     2499.501840  6.682585  0.002820 63.328415     61.39    120.89     -0.43
     2500.433100  6.682940  0.002794 62.410668     60.96    -37.98     -0.09
     2501.364360  6.683322  0.002838 61.405633     60.93    152.95     -0.22
     2502.295620  6.683709  0.002802 60.438068     61.31    -26.85     -0.37
     2503.226880  6.684083  0.002835 59.645496     62.04    141.72      0.32
     2504.158140  6.684443  0.002805 59.156706     63.03    -59.10     -0.33
     2505.089400  6.684810  0.002831 59.057306     64.14     88.09      0.39
     2506.020660  6.685223  0.002800 59.357235     65.20   -133.90     -0.20
     2506.951920  6.685676  0.002849 59.990970     66.07     -6.83     -0.21
     2507.883180  6.685988  0.002782 60.851833     66.64    109.69      0.06
     2508.814440  6.686343  0.002811 61.808472     66.82   -143.59     -0.16
     2509.745700  6.686760  0.002837 62.735667     66.63    -47.79      0.18
     2510.676960  6.687162  0.002797 63.578107     66.08     37.90      0.23
     2511.608220  6.687464  0.002806 64.227540     65.22    113.89     -0.44
     2512.539480  6.687949  0.002848 64.649416     64.17    178.57     -0.22
     2513.470740  6.688264  0.002823 64.755165     63.06   -127.75      0.61
     2514.402000  6.688556  0.002769 64.530855     61.98    -83.49      0.42
     2515.333260  6.689087  0.002788 63.989428     61.05    -49.06     -0.42
     2516.264520  6.689480  0.002813 63.181239     60.37    -25.84     -0.63
     2517.195780  6.689772  0.002820 62.216570     60.00    -13.65     -0.49
     2518.127040  6.690101  0.002823 61.234479     59.99    -12.12     -0.37
     2519.058300  6.690471  0.002825 60.365271     60.34    -21.15     -0.33
     2519.989560  6.690837  0.002820 59.702421     61.01    -40.69     -0.37
     2520.920820  6.691178  0.002807 59.293238     61.91    -70.77     -0.38
     2521.852080  6.691579  0.002807 59.152710     62.92   -111.45     -0.27
     2522.783340  6.692098  0.002827 59.286867     63.93   -162.31     -0.41
     2523.714600  6.692533  0.002820 59.705455     64.83    136.54     -0.65
     2524.645860  6.692797  0.002783 60.386847     65.48     64.56     -0.41
     2525.577120  6.693151  0.002771 61.244510     65.81    -18.01      0.13
     2526.508380  6.693628  0.002813 62.204709     65.82   -111.03      0.90
     2527.439640  6.693902  0.002832 63.121759     65.48    147.45     -0.05
     2528.370900  6.694411  0.002829 63.900919     64.87     35.10     -0.40
     2529.302160  6.694614  0.002747 64.428444     64.03    -87.93     -0.37
     2530.233420  6.695107  0.002816 64.689164     63.03    137.56      0.76
     2531.164680  6.695519  0.002853 64.676112     61.99     -5.16     -0.32
     2532.095940  6.695830  0.002770 64.411321     60.98   -159.28     -0.44
     2533.027200  6.696198  0.002829 63.936752     60.10     34.87      0.75
     2533.958460  6.696584  0.002811 63.285385     59.43   -138.74     -0.71
     2534.889720  6.696970  0.002785 62.489828     59.04     33.87      1.17
     2535.820980  6.697359  0.002836 61.606736     58.94   -160.47     -0.50
     2536.752240  6.697723  0.002778 60.727709     59.15     -8.52      0.97
     2537.683500  6.698072  0.002829 59.963715     59.65    136.24     -0.93
     2538.614760  6.698469  0.002802 59.410258     60.39    -93.37      1.04
     2539.546020  6.698925  0.002793 59.125739     61.29     30.76     -1.15
     2540.477280  6.699231  0.002851 59.138393     62.25    140.86      0.36
     2541.408540  6.699524  0.002732 59.414437     63.15   -118.31      0.86
     2542.339800  6.700085  0.002818 59.886063     63.93    -24.83     -1.52
     2543.271060  6.700276  0.002847 60.529283     64.48     53.93      0.57
     2544.202320  6.700805  0.002786 61.264553     64.78    123.92      1.18
     2545.133580  6.701035  0.002727 62.080199     64.78   -174.01     -0.53
     2546.064840  6.701561  0.002828 62.906578     64.50   -122.92     -1.46
     2546.996100  6.701828  0.002867 63.663100     63.96    -84.01     -0.36
     2547.927360  6.702138  0.002841 64.274206     63.22    -55.31      0.84
     2548.858620  6.702630  0.002808 64.659521     62.34    -36.29      1.50
     2549.789880  6.703077  0.002770 64.776714     61.39    -26.92      1.52
     2550.721140  6.703448  0.002739 64.635735     60.44    -27.50      1.12
     2551.652400  6.703800  0.002721 64.279976     59.55    -38.49      0.74
     2552.583660  6.704157  0.002711 63.759900     58.80    -60.14      0.64
     2553.514920  6.704507  0.002703 63.117445     58.24    -92.56      0.98
     2554.446180  6.704870  0.002715 62.389034     57.92   -135.62      1.66
     2555.377440  6.705243  0.002755 61.614703     57.86    171.32      2.02
     2556.308701  6.705573  0.002809 60.833196     58.03    108.20      2.08
     2557.239961  6.706015  0.002902 60.102768     58.45     35.29      1.48
     2558.171221  6.706336  0.002915 59.529841     59.08    -46.09     -1.08
     2559.102481  6.706773  0.002799 59.163787     59.85   -138.64     -2.85
     2560.033741  6.707033  0.002647 59.066454     60.71    114.17     -0.29
     2560.965001  6.707574  0.002789 59.206246     61.55     -3.65      2.71
     2561.896261  6.707790  0.002931 59.563137     62.32   -126.25      0.35
     2562.827521  6.708186  0.002735 60.058608     62.95    102.23     -3.21
     2563.758781  6.708680  0.002699 60.658569     63.40    -48.47      2.28
     2564.690041  6.708972  0.002964 61.348916     63.62    158.15      0.28
     2565.621301  6.709268  0.002667 62.098958     63.61     -4.51     -2.60
     2566.552561  6.709672  0.002841 62.860557     63.36    173.83      3.39
     2567.483821  6.710083  0.002816 63.569273     62.90     -4.71     -3.84
     2568.415081  6.710457  0.002748 64.153111     62.28    152.01      3.60
     2569.346341  6.710781  0.002835 64.550824     61.52    -46.27     -4.07
     2570.277601  6.711102  0.002762 64.732842     60.69     89.54      4.00
     2571.208861  6.711532  0.002731 64.708747     59.82   -128.68     -4.13
     2572.140121  6.712007  0.002963 64.507289     58.96    -12.22      2.82
     2573.071381  6.712333  0.002578 64.156354     58.17    103.74      0.03
     2574.002641  6.712692  0.002945 63.700047     57.52   -149.90     -3.38
     2574.933901  6.713075  0.002872 63.141161     57.02    -64.59      4.09
     2575.865161  6.713442  0.002559 62.474165     56.72     21.52      0.55
     2576.796421  6.713809  0.002809 61.744276     56.60     99.34     -4.98
     2577.727681  6.714185  0.003037 61.001174     56.71    156.05      0.28
     2578.658941  6.714569  0.002838 60.316199     57.01   -157.03      5.01
     2579.590201  6.714973  0.002586 59.774627     57.49   -113.42      2.80
     2580.521461  6.715226  0.002551 59.402728     58.12    -76.96     -2.45
     2581.452721  6.715573  0.002707 59.202071     58.84    -53.03     -5.31
     2582.383981  6.716027  0.002885 59.161800     59.61    -42.36     -5.05
     2583.315241  6.716466  0.002996 59.265458     60.35    -43.05     -3.53
     2584.246501  6.716855  0.003043 59.504981     61.03    -53.73     -2.16
     2585.177761  6.717212  0.003056 59.884734     61.61    -73.85     -1.49
     2586.109021  6.717551  0.003051 60.407380     62.04   -103.19     -1.70
     2587.040281  6.717889  0.003021 61.050770     62.28   -141.67     -2.80
     2587.971541  6.718248  0.002944 61.760841     62.35    170.60     -4.60
     2588.902801  6.718598  0.002784 62.473733     62.24    112.22     -5.70
     2589.834061  6.719039  0.002611 63.125989     61.95     41.04     -3.97
     2590.765321  6.719350  0.002518 63.657936     61.51    -42.80      0.37
     2591.696581  6.719769  0.002700 64.092416     60.95   -137.28      5.22
     2592.627841  6.720085  0.002997 64.412964     60.26    125.05      3.15
     2593.559101  6.720557  0.002984 64.642909     59.52     21.97     -3.60
     2594.490361  6.720787  0.002588 64.739980     58.75    -97.96     -3.55
     2595.421621  6.721201  0.002662 64.704312     57.99    124.07      4.53
     2596.352881  6.721725  0.003044 64.502132     57.28    -11.60      0.28
     2597.284141  6.721974  0.002682 64.126834     56.64   -157.03     -4.29
     2598.215401  6.722249  0.002701 63.616530     56.08     33.78      4.77
     2599.146661  6.722654  0.002966 63.028373     55.65   -129.40     -2.37
     2600.077921  6.723059  0.002570 62.418506     55.36     47.23      0.52
     2601.009181  6.723474  0.002996 61.823471     55.24   -143.68      0.83
     2601.940441  6.723838  0.002601 61.252810     55.27     17.88     -1.41
     2602.871701  6.724199  0.002969 60.702581     55.46    164.79      0.95
     2603.802961  6.724490  0.002585 60.178034     55.78    -54.34     -0.77
     2604.734221  6.724894  0.002940 59.705858     56.22     74.94     -1.03
     2605.665481  6.725317  0.002670 59.338817     56.77   -169.94      2.73
     2606.596741  6.725611  0.002789 59.134824     57.39    -55.22     -3.18
     2607.528001  6.726068  0.002904 59.085557     58.04     38.40      1.99
     2608.459261  6.726353  0.002624 59.191087     58.70    128.35      0.86
     2609.390521  6.726795  0.002798 59.411508     59.29   -149.13     -2.80
     2610.321781  6.727063  0.002893 59.718642     59.84    -83.67      0.65
     2611.253041  6.727585  0.002758 60.079392     60.28    -26.74      2.65
     2612.184301  6.727774  0.002630 60.518950     60.60     25.16     -0.31
     2613.115561  6.728237  0.002760 61.030313     60.81     66.56     -2.77
     2614.046821  6.728658  0.002894 61.607081     60.88     94.40     -1.61
     2614.978081  6.728946  0.002903 62.223677     60.80    111.43      0.50
     2615.909341  6.729271  0.002846 62.825125     60.59    119.28      1.97
     2616.840601  6.729639  0.002781 63.356150     60.27    118.12      2.58
     2617.771861  6.730014  0.002734 63.789463     59.86    107.51      2.69
     2618.703121  6.730403  0.002715 64.130268     59.35     86.99      2.70
     2619.634381  6.730815  0.002725 64.398527     58.78     56.34      2.82
     2620.565641  6.731220  0.002757 64.603664     58.14     15.62      3.06
     2621.496901  6.731530  0.002800 64.729942     57.48    -34.83      3.08
     2622.428161  6.731791  0.002853 64.754558     56.84    -94.63      2.57
     2623.359421  6.732352  0.002942 64.667981     56.21   -162.92      0.66
     2624.290681  6.732632  0.002890 64.436947     55.60    119.80     -2.18
     2625.221941  6.732948  0.002743 64.092399     55.06     30.55     -3.05
     2626.153201  6.733410  0.002632 63.670738     54.57    -72.00     -0.63
     2627.084461  6.733681  0.002721 63.221669     54.18    174.28      2.93
     2628.015721  6.734114  0.002919 62.759652     53.87     55.98      1.12
     2628.946981  6.734455  0.002793 62.306384     53.68    -70.05     -2.88
     2629.878241  6.734808  0.002627 61.826382     53.60    147.13     -0.01
     2630.809501  6.735214  0.002858 61.310188     53.62     -5.10      2.31
     2631.740761  6.735560  0.002814 60.786423     53.74   -160.39     -2.31
     2632.672021  6.735923  0.002655 60.299135     53.97     25.90      1.48
     2633.603281  6.736325  0.002903 59.889960     54.28   -152.69      0.19
     2634.534541  6.736705  0.002669 59.581641     54.68     19.07     -1.38
     2635.465801  6.737080  0.002872 59.372347     55.14    176.40      1.62
     2636.397061  6.737382  0.002682 59.243517     55.63    -29.25     -2.27
     2637.328321  6.737644  0.002843 59.173433     56.14    107.47      1.61
     2638.259581  6.738008  0.002624 59.149560     56.65   -118.97     -1.26
     2639.190841  6.738537  0.002918 59.187082     57.15      0.39      0.15
     2640.122101  6.738859  0.002658 59.331757     57.63    109.47      1.91
     2641.053361  6.739175  0.002792 59.582566     58.04   -144.41     -3.21
     2641.984621  6.739575  0.002883 59.932370     58.40    -58.45      2.01
     2642.915881  6.739935  0.002627 60.347259     58.67     23.27      1.74
     2643.847141  6.740260  0.002711 60.774074     58.88    100.18     -3.48
     2644.778401  6.740710  0.002944 61.187541     59.00    159.39     -0.78
     2645.709661  6.740960  0.002818 61.608329     59.05   -152.80      3.47
     2646.640921  6.741432  0.002637 62.033751     59.02   -109.35      2.21
     2647.572181  6.741776  0.002616 62.478912     58.89    -73.16     -1.63
     2648.503441  6.742046  0.002724 62.939912     58.68    -48.58     -3.64
     2649.434701  6.742405  0.002845 63.383743     58.40    -36.26     -3.14
     2650.365961  6.742802  0.002909 63.769962     58.06    -34.71     -1.61
     2651.297221  6.743174  0.002920 64.071395     57.67    -42.79     -0.25
     2652.228481  6.743525  0.002910 64.286864     57.24    -60.15      0.58
     2653.159741  6.743894  0.002904 64.440851     56.76    -86.82      0.87
     2654.091001  6.744308  0.002909 64.565955     56.26   -122.83      0.67
     2655.022261  6.744725  0.002912 64.673615     55.73   -168.20      0.03
     2655.953521  6.744991  0.002877 64.738199     55.20    137.08     -0.97
     2656.884781  6.745274  0.002820 64.732852     54.69     72.37     -1.72
     2657.816041  6.745867  0.002783 64.644557     54.19     -2.08     -2.51
     2658.747301  6.746017  0.002653 64.448086     53.72    -87.95     -1.71
     2659.678561  6.746497  0.002659 64.205536     53.27    174.46      0.92
     2660.609821  6.746795  0.002763 63.921847     52.87     68.16      2.42
     2661.541081  6.747224  0.002883 63.650023     52.50    -44.49      0.46
     2662.472341  6.747540  0.002789 63.360902     52.21   -165.81     -2.57
     2663.403601  6.747882  0.002628 63.043834     51.96     57.28      0.29
     2664.334861  6.748248  0.002785 62.689911     51.76    -88.63      2.43
     2665.266121  6.748666  0.002844 62.287395     51.62    122.47     -2.23
     2666.197381  6.749021  0.002638 61.854275     51.54    -42.92     -0.21
     2667.128641  6.749342  0.002860 61.431039     51.52    141.94      1.69
     2668.059901  6.749658  0.002713 61.054648     51.55    -36.90     -2.50
     2668.991161  6.750004  0.002744 60.735937     51.64    125.26      2.54
     2669.922421  6.750368  0.002766 60.454635     51.78    -72.20     -2.51
     2670.853681  6.750775  0.002712 60.178804     51.96     70.49      2.59
     2671.784941  6.751220  0.002779 59.896871     52.19   -146.83     -2.05
     2672.716201  6.751545  0.002781 59.632035     52.46    -23.05      2.43
     2673.647461  6.751848  0.002697 59.411837     52.76     99.98     -2.12
     2674.578721  6.752297  0.002867 59.248744     53.09   -154.16      0.76
     2675.509981  6.752522  0.002638 59.175578     53.44    -55.32      0.97
     2676.441241  6.753042  0.002799 59.151379     53.78     37.25     -2.21
     2677.372501  6.753230  0.002823 59.167650     54.14    113.34      1.42
     2678.303761  6.753797  0.002671 59.181654     54.47   -176.78      1.59
     2679.235021  6.753927  0.002670 59.217650     54.80   -112.48     -2.39
     2680.166281  6.754436  0.002873 59.271886     55.13    -62.78     -1.52
     2681.097541  6.754811  0.002867 59.381837     55.42    -25.29      1.84
     2682.028801  6.755128  0.002723 59.572436     55.68      5.04      2.67
     2682.960061  6.755484  0.002625 59.824877     55.91     28.15      1.12
     2683.891321  6.755807  0.002617 60.098861     56.10     42.19     -0.94
     2684.822581  6.756130  0.002666 60.360798     56.27     45.87     -2.25
     2685.753841  6.756479  0.002727 60.603324     56.40     39.01     -2.66
     2686.685101  6.756843  0.002770 60.844408     56.50     22.02     -2.62
     2687.616361  6.757222  0.002789 61.109814     56.56     -4.73     -2.53
     2688.547621  6.757629  0.002788 61.415359     56.59    -41.11     -2.47
     2689.478881  6.758022  0.002765 61.755936     56.58    -87.23     -2.28
     2690.410141  6.758382  0.002732 62.096869     56.52   -142.97     -2.04
     2691.341401  6.758703  0.002679 62.396525     56.43    151.95     -2.05
     2692.272661  6.759054  0.002633 62.661661     56.32     75.61     -0.43
     2693.203921  6.759403  0.002667 62.883804     56.16    -10.60      1.41
     2694.135181  6.759836  0.002763 63.097907     55.99   -105.29      2.03
     2695.066441  6.760073  0.002840 63.330113     55.76    152.23      0.82
     2695.997701  6.760589  0.002829 63.593887     55.53     41.50     -1.70
     2696.928961  6.760779  0.002643 63.845199     55.27    -81.53     -1.46
     2697.860221  6.761186  0.002684 64.067776     54.99    143.02      1.68
     2698.791481  6.761667  0.002869 64.233143     54.71      2.01      0.78
     2699.722741  6.761970  0.002732 64.340543     54.42   -146.70     -2.09
     2700.654001  6.762301  0.002674 64.421652     54.12     48.36      1.60
     2701.585261  6.762673  0.002862 64.507871     53.80   -120.80     -0.14
     2702.516521  6.763025  0.002669 64.608626     53.48     59.81     -1.25
     2703.447781  6.763402  0.002801 64.708889     53.16   -133.41      1.94
     2704.379041  6.763807  0.002744 64.779885     52.85     30.86     -1.88
     2705.310301  6.764207  0.002767 64.795332     52.53    177.80      2.10
     2706.241561  6.764491  0.002757 64.747606     52.21    -36.55     -2.22
     2707.172821  6.764729  0.002757 64.661821     51.90     90.96      2.00
     2708.104081  6.765121  0.002693 64.585354     51.59   -142.89     -2.06
     2709.035341  6.765531  0.002847 64.531556     51.27    -33.54      1.11
     2709.966601  6.765798  0.002623 64.488996     50.98     69.84      0.73
     2710.897861  6.766313  0.002813 64.452362     50.70    166.49     -2.42
     2711.829121  6.766457  0.002787 64.355867     50.44   -114.26      2.31
     2712.760381  6.767021  0.002637 64.222790     50.18    -38.05      0.51
     2713.691641  6.767226  0.002723 64.046573     49.95     29.69     -2.46
     2714.622901  6.767634  0.002866 63.871119     49.71     82.70     -0.29
     2715.554161  6.768042  0.002785 63.729621     49.50    125.62      2.38
     2716.485421  6.768355  0.002650 63.607905     49.32    162.93      1.16
     2717.416681  6.768719  0.002654 63.484579     49.15   -168.06     -1.22
     2718.347941  6.769054  0.002732 63.336957     48.99   -150.20     -1.90
     2719.279201  6.769371  0.002795 63.149747     48.83   -143.21     -1.20
     2720.210461  6.769706  0.002820 62.929445     48.69   -146.09     -0.17
     2721.141721  6.770056  0.002820 62.705053     48.56   -158.32      0.62
     2722.072981  6.770415  0.002810 62.510912     48.44   -179.77      1.05
     2723.004241  6.770800  0.002804 62.360814     48.34    149.55      1.20
     2723.935501  6.771185  0.002802 62.233436     48.25    109.49      1.27
     2724.866761  6.771547  0.002815 62.094073     48.18     59.99      1.32
     2725.798021  6.771924  0.002842 61.931214     48.12      2.01      0.39
     2726.729281  6.772287  0.002830 61.737461     48.06    -65.03     -1.02
     2727.660541  6.772580  0.002777 61.528279     48.03   -142.41     -1.64
     2728.591801  6.772963  0.002707 61.359822     48.00    130.25     -1.83
     2729.523061  6.773333  0.002653 61.213120     47.99     31.77     -0.34
     2730.454321  6.773654  0.002681 61.110503     47.99    -76.61      1.63
     2731.385581  6.774024  0.002799 61.000278     48.01    168.05      1.17
     2732.316841  6.774422  0.002809 60.866269     48.01     44.77     -0.77
     2733.248101  6.774706  0.002659 60.711247     48.02    -89.03     -1.66
     2734.179361  6.775080  0.002685 60.537806     48.04    123.53      1.55
     2735.110621  6.775397  0.002834 60.376685     48.06    -29.03      0.38
     2736.041881  6.775732  0.002679 60.259078     48.09    170.09     -1.98
     2736.973141  6.776135  0.002706 60.187782     48.12     -6.63      2.08
     2737.904401  6.776534  0.002826 60.135908     48.16    174.97     -1.56
     2738.835661  6.776878  0.002633 60.068982     48.19    -18.47      0.45
     2739.766921  6.777199  0.002841 59.971480     48.23    141.31     -0.21
     2740.698181  6.777524  0.002626 59.854639     48.26    -68.73     -0.50
     2741.629441  6.777941  0.002836 59.743219     48.31     70.95      0.01
     2742.560701  6.778306  0.002645 59.663856     48.36   -158.44      0.16
     2743.491961  6.778545  0.002802 59.631709     48.43    -36.11     -0.78
     2744.423221  6.778958  0.002672 59.611923     48.47     73.51      1.62
     2745.354481  6.779419  0.002752 59.577107     48.53    179.60     -1.80
     2746.285741  6.779576  0.002763 59.525304     48.57    -90.07      1.15
     2747.217001  6.780101  0.002659 59.431444     48.61     -5.53      0.45
     2748.148261  6.780362  0.002752 59.345940     48.64     71.18     -1.88
     2749.079521  6.780697  0.002805 59.283674     48.69    133.18      1.03
     2750.010781  6.781145  0.002690 59.260562     48.72   -171.70      1.43
     2750.942041  6.781480  0.002661 59.280617     48.74   -123.32     -0.76
     2751.873301  6.781665  0.002725 59.300026     48.77    -85.55     -1.68
     2752.804561  6.782068  0.002795 59.285000     48.80    -59.28     -0.43
     2753.735822  6.782516  0.002783 59.236719     48.82    -42.84      1.26
     2754.667082  6.782875  0.002717 59.180098     48.85    -34.62      1.77
     2755.598342  6.783192  0.002661 59.144035     48.88    -34.65      1.14
     2756.529602  6.783502  0.002635 59.143375     48.91    -43.71      0.18
     2757.460862  6.783804  0.002625 59.170358     48.93    -62.29     -0.57
     2758.392122  6.784136  0.002621 59.198516     48.94    -90.63     -0.88
     2759.323382  6.784588  0.002634 59.198457     48.95   -128.69     -0.77
     2760.254642  6.785065  0.002651 59.162945     48.95   -176.22     -0.56
     2761.185902  6.785305  0.002631 59.114755     48.95    126.63     -0.11
     2762.117162  6.785618  0.002636 59.068543     48.94     59.58      0.83
     2763.048422  6.786027  0.002690 59.052216     48.94    -16.93      1.84
     2763.979682  6.786306  0.002752 59.089108     48.92   -101.77      1.89
     2764.910942  6.786792  0.002818 59.128062     48.90    165.78      0.26
     2765.842202  6.786987  0.002762 59.162530     48.86     63.68     -0.97
     2766.773462  6.787408  0.002689 59.153373     48.84    -48.19     -1.73
     2767.704722  6.787826  0.002659 59.114335     48.81   -172.50      0.62
     2768.635982  6.788066  0.002738 59.086872     48.78     55.38      1.43
     2769.567242  6.788420  0.002796 59.081745     48.77    -83.25     -0.58
     2770.498502  6.788755  0.002661 59.102798     48.74    127.42     -1.17
     2771.429762  6.789161  0.002694 59.139308     48.71    -34.36      1.43
     2772.361022  6.789592  0.002808 59.166364     48.67    159.35     -0.72
     2773.292282  6.789967  0.002670 59.162238     48.62    -18.25     -0.83
     2774.223542  6.790303  0.002777 59.125053     48.56    152.54      1.36
     2775.154802  6.790598  0.002729 59.076934     48.51    -40.96     -1.52
     2776.086062  6.790881  0.002706 59.050146     48.44    110.18      1.62
     2777.017322  6.791222  0.002752 59.061158     48.37   -101.78     -1.42
     2777.948582  6.791680  0.002708 59.098548     48.30     30.98      1.58
     2778.879842  6.792031  0.002744 59.141924     48.22    161.10     -1.98
     2779.811102  6.792168  0.002713 59.164724     48.14    -85.23      1.68
     2780.742362  6.792693  0.002657 59.137966     48.05     25.61     -1.07
     2781.673622  6.793005  0.002815 59.106461     47.98    123.38     -0.06
     2782.604882  6.793354  0.002666 59.079858     47.89   -148.57      1.41
     2783.536142  6.793645  0.002683 59.092513     47.82    -65.37     -1.55
     2784.467402  6.794126  0.002813 59.120209     47.74      4.28     -0.16
     2785.398662  6.794347  0.002692 59.167424     47.64     64.14      1.82
     2786.329922  6.794652  0.002627 59.187437     47.55    119.33     -0.73
     2787.261182  6.795197  0.002756 59.166641     47.44    163.45     -1.45
     2788.192442  6.795497  0.002794 59.124710     47.33   -164.18      0.30
     2789.123702  6.795780  0.002737 59.088117     47.21   -140.40      1.35
     2790.054962  6.796140  0.002676 59.083637     47.09   -124.54      1.05
     2790.986222  6.796489  0.002649 59.120607     46.97   -117.24      0.10
     2791.917482  6.796827  0.002657 59.179842     46.85   -119.23     -0.73
     2792.848742  6.797197  0.002688 59.227124     46.71   -130.82     -1.12
     2793.780002  6.797599  0.002725 59.240550     46.58   -151.89     -1.20
     2794.711262  6.797956  0.002747 59.228067     46.45    177.76     -1.22
     2795.642522  6.798218  0.002744 59.219048     46.32    138.22     -1.30
     2796.573782  6.798541  0.002737 59.232765     46.19     89.59     -1.50
     2797.505042  6.798988  0.002729 59.270829     46.06     31.76     -1.68
     2798.436302  6.799200  0.002669 59.342580     45.94    -35.42     -1.65
     2799.367562  6.799577  0.002631 59.408401     45.79   -112.72     -0.63
     2800.298822  6.800016  0.002645 59.444491     45.65    160.80      0.40
     2801.230082  6.800244  0.002671 59.455513     45.49     64.87      1.69
     2802.161342  6.800650  0.002777 59.449729     45.34    -38.51      1.19
     2803.092602  6.801030  0.002785 59.458570     45.18   -149.68     -0.76
     2804.023862  6.801335  0.002696 59.522634     45.03     88.68     -1.44
     2804.955122  6.801584  0.002627 59.620924     44.88    -44.52      0.30
     2805.886382  6.802095  0.002747 59.728089     44.72    174.03      1.19
     2806.817642  6.802478  0.002779 59.820050     44.56     26.03     -0.48
     2807.748902  6.802740  0.002649 59.883465     44.40   -132.77     -0.50
     2808.680162  6.803074  0.002709 59.930495     44.25     57.33      1.39
     2809.611422  6.803456  0.002764 59.988981     44.10   -117.37     -1.12
     2810.542682  6.803830  0.002658 60.080413     43.97     54.98      0.18
     2811.473942  6.804194  0.002788 60.206378     43.84   -140.75      0.45
     2812.405202  6.804516  0.002673 60.350066     43.71     16.01     -0.83
     2813.336462  6.804800  0.002752 60.486779     43.59    160.74      0.84
     2814.267722  6.805091  0.002657 60.593676     43.45    -59.62     -1.51
     2815.198982  6.805485  0.002748 60.665989     43.31     65.94      1.05
     2816.130242  6.805795  0.002642 60.743181     43.19   -173.50     -0.58
     2817.061502  6.806188  0.002791 60.860836     43.07    -64.36      0.03
     2817.992762  6.806567  0.002658 61.012519     42.96     35.28      1.01
     2818.924022  6.806802  0.002700 61.215033     42.85    129.64     -1.80
     2819.855282  6.807261  0.002774 61.399395     42.76   -150.93      1.26
     2820.786542  6.807530  0.002626 61.569323     42.67    -76.68      0.43
     2821.717802  6.807904  0.002703 61.701144     42.60    -10.60     -1.37
     2822.649062  6.808214  0.002764 61.821248     42.54     43.01      0.15
     2823.580322  6.808661  0.002716 61.972046     42.48     87.88      1.26
     2824.511582  6.808940  0.002646 62.158853     42.46    125.97      0.06
     2825.442842  6.809244  0.002681 62.367616     42.44    155.37     -1.48
     2826.374102  6.809634  0.002754 62.574545     42.44    173.88     -1.12
     2827.305362  6.809999  0.002775 62.754483     42.45   -177.62      0.22
     2828.236622  6.810326  0.002746 62.896661     42.46   -177.80      1.18
     2829.167882  6.810655  0.002707 63.014931     42.47    173.66      1.38
     2830.099142  6.811010  0.002679 63.140867     42.50    156.43      1.13
     2831.030402  6.811378  0.002664 63.300689     42.54    130.12      0.85
     2831.961662  6.811687  0.002646 63.494648     42.60     94.51      0.81
     2832.892922  6.811993  0.002639 63.701686     42.68     49.71      0.95
     2833.824182  6.812454  0.002662 63.889770     42.77     -3.78      0.79
     2834.755442  6.812723  0.002658 64.019725     42.87    -66.76      1.06
     2835.686702  6.812971  0.002686 64.113686     43.00   -139.18      1.65
     2836.617962  6.813475  0.002760 64.207428     43.13    140.32      1.22
     2837.549222  6.813702  0.002769 64.307922     43.29     51.42      0.09
     2838.480482  6.814097  0.002744 64.440313     43.45    -46.58     -0.96
     2839.411742  6.814481  0.002693 64.569815     43.64   -154.35     -1.21
     2840.343002  6.814645  0.002613 64.664380     43.82     87.38      0.09
     2841.274262  6.815177  0.002695 64.716663     44.01    -39.40      0.94
     2842.205522  6.815545  0.002770 64.711435     44.21   -173.90      0.46
     2843.136782  6.815769  0.002704 64.672009     44.41     43.76     -1.24
     2844.068042  6.816112  0.002646 64.640473     44.60   -110.71      0.14
     2844.999302  6.816437  0.002733 64.638552     44.79     86.30      1.04
     2845.930562  6.816723  0.002699 64.651841     44.99    -82.68     -1.02
     2846.861822  6.817031  0.002616 64.642239     45.19     95.87      0.46
     2847.793082  6.817390  0.002725 64.577608     45.40    -92.89      0.28
     2848.724342  6.817792  0.002639 64.454941     45.60     70.38     -0.96
     2849.655602  6.818214  0.002729 64.297985     45.80   -138.86      1.23
     2850.586862  6.818543  0.002680 64.133764     45.98      7.57     -1.29
     2851.518122  6.818803  0.002715 63.976180     46.15    139.84      1.35
     2852.449382  6.819200  0.002656 63.831354     46.32    -91.75     -1.10
     2853.380642  6.819653  0.002762 63.676547     46.46     23.23      0.98
     2854.311902  6.819842  0.002625 63.462231     46.58    132.98     -0.63
     2855.243162  6.820251  0.002740 63.206411     46.69   -128.26     -0.20
     2856.174422  6.820577  0.002677 62.895199     46.76    -39.21      0.94
     2857.105682  6.820924  0.002676 62.592644     46.80     43.95     -1.04
     2858.036942  6.821285  0.002756 62.301861     46.82    114.98      0.15
     2858.968202  6.821564  0.002669 62.057895     46.78    177.57      0.89
     2859.899462  6.821969  0.002653 61.827186     46.73   -126.70     -0.35
     2860.830722  6.822259  0.002711 61.568206     46.64    -80.47     -0.95
     2861.761982  6.822681  0.002744 61.274173     46.52    -45.01      0.33
     2862.693242  6.822995  0.002682 60.960602     46.37    -18.01      1.09
     2863.624502  6.823257  0.002633 60.655228     46.20      1.80      0.07
     2864.555762  6.823589  0.002655 60.384241     45.99     12.84     -1.15
     2865.487022  6.823970  0.002708 60.157236     45.75     14.04     -1.44
     2866.418282  6.824367  0.002748 59.963266     45.47      5.70     -1.06
     2867.349542  6.824762  0.002767 59.780620     45.15    -11.60     -0.59
     2868.280802  6.825097  0.002763 59.593946     44.81    -37.66     -0.23
     2869.212062  6.825327  0.002740 59.405994     44.43    -72.60      0.07
     2870.143322  6.825597  0.002729 59.233303     44.02   -116.34      0.22
     2871.074582  6.826045  0.002744 59.105784     43.60   -168.85      0.19
     2872.005842  6.826342  0.002738 59.066891     43.18    129.75      0.13
     2872.937102  6.826705  0.002740 59.099001     42.72     59.82     -0.25
     2873.868362  6.827114  0.002730 59.170066     42.28    -18.49     -1.09
     2874.799622  6.827288  0.002662 59.265842     41.83   -106.60     -0.96
     2875.730882  6.827781  0.002662 59.357899     41.41    156.26     -0.71
     2876.662142  6.828061  0.002636 59.475397     40.99     49.40      0.34
     2877.593402  6.828370  0.002685 59.645597     40.62    -66.06      1.05
     2878.524662  6.828706  0.002734 59.868753     40.28    170.91      0.44
     2879.455922  6.829168  0.002731 60.156144     39.96     39.86     -1.00
     2880.387182  6.829426  0.002629 60.486544     39.69   -102.17     -0.28
     2881.318442  6.829690  0.002661 60.822073     39.45    106.33      1.07
     2882.249702  6.830079  0.002738 61.139943     39.26    -50.85     -0.77
     2883.180962  6.830448  0.002649 61.442949     39.11    141.37     -0.93
     2884.112222  6.830776  0.002697 61.754833     39.00    -37.59      1.12
     2885.043482  6.831108  0.002724 62.102661     38.95    138.47     -0.78
     2885.974742  6.831455  0.002639 62.492557     38.96    -57.31      0.27
     2886.906002  6.831780  0.002724 62.898425     39.03     99.07      0.33
     2887.837262  6.832063  0.002626 63.279221     39.15   -112.80     -0.17
     2888.768522  6.832445  0.002721 63.608478     39.33     24.92      0.90
     2889.699782  6.832892  0.002664 63.876567     39.55    156.42     -0.71
     2890.631042  6.833140  0.002730 64.090016     39.81    -83.72      0.40
     2891.562302  6.833433  0.002637 64.294845     40.13     29.03     -0.29
     2892.493562  6.833824  0.002734 64.488073     40.46    132.17     -0.20
     2893.424822  6.834150  0.002656 64.651852     40.84   -134.57      0.97
     2894.356082  6.834462  0.002666 64.761880     41.22    -46.53     -1.38
     2895.287342  6.834895  0.002743 64.784368     41.63     28.30      0.72
     2896.218602  6.835053  0.002620 64.700382     42.02     96.51      0.64
     2897.149862  6.835537  0.002669 64.550708     42.39    157.37     -0.93
     2898.081122  6.835869  0.002738 64.357274     42.75   -152.74     -0.38
     2899.012382  6.836212  0.002711 64.147503     43.08   -112.44      0.95
     2899.943642  6.836438  0.002627 63.930747     43.37    -79.05      0.47
     2900.874902  6.836747  0.002632 63.680389     43.62    -53.31     -1.04
     2901.806162  6.837151  0.002696 63.363405     43.83    -37.64     -1.21
     2902.737422  6.837522  0.002731 62.971880     43.99    -31.84     -0.28
     2903.668682  6.837854  0.002721 62.529458     44.09    -34.80      0.59
     2904.599942  6.838199  0.002694 62.075652     44.12    -46.08      0.93
     2905.531202  6.838565  0.002671 61.643914     44.08    -65.79      0.93
     2906.462462  6.838896  0.002650 61.246232     43.97    -94.18      0.88
     2907.393722  6.839188  0.002637 60.868746     43.76   -131.28      0.85
     2908.324982  6.839579  0.002644 60.488697     43.47   -176.75      0.53
     2909.256242  6.839932  0.002642 60.112095     43.13    128.83      0.41
     2910.187502  6.840097  0.002629 59.757323     42.70     64.97      0.99
     2911.118762  6.840582  0.002679 59.437547     42.21     -7.27      1.16
     2912.050022  6.840858  0.002702 59.224399     41.68    -87.93      0.97
     2912.981282  6.841267  0.002727 59.108754     41.10   -176.78      0.24
     2913.912542  6.841455  0.002701 59.112910     40.51     85.32     -0.12
     2914.843802  6.841953  0.002697 59.176960     39.90    -20.62     -1.12
     2915.775062  6.842245  0.002642 59.297227     39.30   -137.08     -0.29
     2916.706322  6.842471  0.002624 59.466744     38.75     97.97      0.26
     2917.637582  6.842877  0.002699 59.688485     38.24    -35.85      0.87
     2918.568842  6.843206  0.002713 59.989278     37.80   -176.67     -0.30
     2919.500102  6.843607  0.002662 60.379312     37.42     33.10     -0.81
     2920.431362  6.843970  0.002662 60.840499     37.13   -128.11      0.94
     2921.362622  6.844263  0.002723 61.335684     36.93     64.26      0.42
     2922.293882  6.844545  0.002634 61.824502     36.81   -111.52     -0.64
     2923.225142  6.844852  0.002652 62.280804     36.78     60.95      1.31
     2924.156402  6.845164  0.002693 62.703992     36.84   -131.51     -0.63
     2925.087662  6.845487  0.002625 63.114598     36.99     24.21      0.44
     2926.018922  6.845879  0.002717 63.529804     37.22    172.80     -0.15
     2926.950182  6.846246  0.002632 63.934300     37.52    -47.93     -0.16
     2927.881442  6.846482  0.002695 64.288699     37.91     82.11      0.40
     2928.812702  6.846956  0.002641 64.561256     38.36   -155.66      0.11
     2929.743962  6.847294  0.002720 64.704656     38.84    -41.96     -0.36
     2930.675222  6.847486  0.002623 64.725205     39.36     61.71      0.45
     2931.606482  6.847939  0.002701 64.661721     39.87    158.50     -0.64
     2932.537742  6.848249  0.002690 64.524283     40.39   -115.93      0.78
     2933.469002  6.848503  0.002624 64.334805     40.86    -36.34     -0.47
     2934.400262  6.849007  0.002727 64.079872     41.30     33.32     -0.40
     2935.331522  6.849160  0.002660 63.722831     41.66     93.11      0.96
     2936.262782  6.849557  0.002622 63.270617     41.94    146.81     -0.19
     2937.194042  6.849897  0.002669 62.736332     42.12   -168.75     -0.71
     2938.125302  6.850215  0.002708 62.154847     42.19   -134.16     -0.06
     2939.056562  6.850621  0.002695 61.581416     42.14   -108.42      0.79
     2939.987822  6.850948  0.002647 61.059006     41.97    -90.28      0.67
     2940.919082  6.851223  0.002625 60.597918     41.67    -79.89     -0.22
     2941.850342  6.851514  0.002641 60.185368     41.26    -78.30     -0.81
     2942.781602  6.851815  0.002666 59.811305     40.75    -85.92     -0.71
     2943.712862  6.852121  0.002682 59.486576     40.16   -102.48     -0.28
     2944.644122  6.852485  0.002693 59.240984     39.51   -127.63      0.11
     2945.575382  6.852913  0.002706 59.110901     38.84   -161.32      0.39
     2946.506642  6.853234  0.002702 59.127151     38.16    156.41      0.62
     2947.437902  6.853470  0.002689 59.287574     37.48    105.71      0.68
     2948.369162  6.853970  0.002719 59.550085     36.84     46.54      0.62
     2949.300422  6.854250  0.002716 59.900984     36.27    -20.57     -0.12
     2950.231682  6.854510  0.002686 60.306263     35.76    -96.77     -0.41
     2951.162942  6.854889  0.002692 60.751617     35.38    178.06     -0.48
     2952.094203  6.855273  0.002672 61.254388     35.10     84.54     -0.92
     2953.025463  6.855486  0.002631 61.820437     34.98    -18.62     -0.47
     2953.956723  6.855904  0.002640 62.425271     34.99   -130.87      0.40
     2954.887983  6.856205  0.002654 63.044667     35.13    108.77      0.78
     2955.819243  6.856624  0.002711 63.601261     35.41    -18.96     -0.07
     2956.750503  6.856879  0.002681 64.041874     35.80   -155.77     -0.47
     2957.681763  6.857102  0.002609 64.357534     36.29     58.15     -0.26
     2958.613023  6.857483  0.002651 64.561649     36.84    -97.47      0.79
     2959.544283  6.857841  0.002710 64.670492     37.45    100.22     -0.12
     2960.475543  6.858134  0.002625 64.686628     38.07    -71.13     -0.59
     2961.406803  6.858424  0.002640 64.593784     38.69    107.01      0.94
     2962.338063  6.858747  0.002664 64.366828     39.26    -80.20     -0.66
     2963.269323  6.859125  0.002602 63.991364     39.76     81.73      0.11
     2964.200583  6.859529  0.002687 63.479630     40.15   -124.43      0.42
     2965.131843  6.859830  0.002633 62.870609     40.41     21.92     -0.32
     2966.063103  6.860130  0.002679 62.222686     40.53    158.00      0.65
     2966.994363  6.860557  0.002649 61.603357     40.50    -72.25     -0.53
     2967.925623  6.860857  0.002688 61.036032     40.29     46.62      0.78
     2968.856883  6.861227  0.002640 60.501743     39.93    160.02     -0.83
     2969.788143  6.861411  0.002670 60.028215     39.43    -97.78      0.35
     2970.719403  6.861923  0.002637 59.604618     38.80     -2.85      0.34
     2971.650663  6.862093  0.002670 59.299093     38.10     84.79     -0.91
     2972.581923  6.862546  0.002686 59.124730     37.33    160.78      0.95
     2973.513183  6.862844  0.002626 59.135979     36.55   -128.77     -0.19
     2974.444443  6.863067  0.002662 59.322497     35.79    -67.52     -0.64
     2975.375703  6.863500  0.002688 59.650808     35.09    -16.19      0.32
     2976.306963  6.863911  0.002646 60.092408     34.47     27.17      0.73
     2977.238223  6.864135  0.002626 60.609614     33.98     63.46     -0.36
     2978.169483  6.864476  0.002676 61.173106     33.64     90.35     -0.69
     2979.100743  6.864863  0.002699 61.774532     33.47    107.36      0.18
     2980.032003  6.865189  0.002669 62.412066     33.47    116.01      0.74
     2980.963263  6.865487  0.002631 63.065127     33.66    116.92      0.44
     2981.894523  6.865770  0.002611 63.681282     34.00    109.64     -0.19
     2982.825783  6.866025  0.002606 64.190497     34.48     93.62     -0.58
     2983.757043  6.866322  0.002618 64.538401     35.09     68.78     -0.66
     2984.688303  6.866761  0.002653 64.706969     35.76     35.29     -0.67
     2985.619563  6.867166  0.002676 64.702233     36.46     -6.81     -0.64
     2986.550823  6.867395  0.002666 64.543754     37.16    -57.45     -0.63
     2987.482083  6.867809  0.002675 64.270368     37.82   -116.51     -0.67
     2988.413343  6.868108  0.002662 63.876655     38.36    176.12     -0.80
     2989.344603  6.868353  0.002624 63.349236     38.79    100.19     -0.72
     2990.275863  6.868786  0.002640 62.712566     39.04     15.49     -0.23
     2991.207123  6.869085  0.002616 61.974969     39.11    -76.97     -0.39
     2992.138383  6.869361  0.002624 61.216255     38.97   -178.94      0.55
     2993.069643  6.869732  0.002657 60.513525     38.63     71.44      0.72
     2994.000903  6.870095  0.002692 59.923474     38.10    -46.09      0.41
     2994.932163  6.870432  0.002688 59.503309     37.39   -170.99     -0.83
     2995.863423  6.870681  0.002620 59.257300     36.57     54.01     -0.31
     2996.794683  6.870897  0.002595 59.168343     35.68    -89.70      0.58
     2997.725943  6.871314  0.002668 59.232100     34.79    119.50      0.13
     2998.657203  6.871701  0.002669 59.458291     33.95    -39.47     -0.65
     2999.588463  6.871993  0.002622 59.855804     33.23    151.49      0.11
     3000.519723  6.872279  0.002659 60.417035     32.67    -25.84      0.63
     3001.450983  6.872602  0.002652 61.107533     32.29    150.16     -0.70
     3002.382243  6.872963  0.002613 61.865042     32.13    -44.36      0.03
     3003.313503  6.873317  0.002668 62.610748     32.17    113.51     -0.07
     3004.244763  6.873591  0.002601 63.273556     32.42    -96.91     -0.35
     3005.176023  6.873900  0.002658 63.815401     32.85     42.70      0.82
     3006.107283  6.874352  0.002637 64.223769     33.42    176.32     -0.56
     3007.038543  6.874654  0.002684 64.487982     34.09    -61.21      0.68
     3007.969803  6.874971  0.002630 64.623041     34.84     55.18     -0.45
     3008.901063  6.875330  0.002685 64.605690     35.58    161.63      0.02
     3009.832323  6.875532  0.002595 64.385068     36.29    -99.96      0.20
     3010.763583  6.876013  0.002685 63.963971     36.90     -9.13     -0.36
     3011.694843  6.876258  0.002631 63.351358     37.39     71.80      0.57
     3012.626103  6.876586  0.002636 62.614683     37.67    146.36     -0.51
     3013.557363  6.876882  0.002674 61.845420     37.75   -149.02     -0.03
     3014.488623  6.877301  0.002646 61.093930     37.59    -92.99      0.74
     3015.419883  6.877584  0.002617 60.417560     37.19    -43.10     -0.58
     3016.351143  6.877976  0.002682 59.856991     36.56     -2.56     -0.78
     3017.282403  6.878254  0.002680 59.435591     35.75     28.10      0.64
     3018.213663  6.878471  0.002617 59.178403     34.82     51.60      0.91
     3019.144923  6.878795  0.002598 59.119425     33.85     67.93     -0.04
     3020.076183  6.879187  0.002631 59.292274     32.90     75.52     -0.72
     3021.007443  6.879575  0.002669 59.709597     32.07     73.85     -0.61
     3021.938703  6.879937  0.002686 60.343804     31.40     63.29     -0.06
     3022.869963  6.880249  0.002681 61.125230     30.97     44.29      0.50
     3023.801223  6.880533  0.002668 61.962499     30.80     17.24      0.68
     3024.732483  6.880884  0.002661 62.766750     30.88    -17.85      0.45
     3025.663743  6.881219  0.002651 63.466520     31.21    -61.68      0.45
     3026.595003  6.881414  0.002634 64.032478     31.77   -114.25      0.67
     3027.526263  6.881815  0.002650 64.460156     32.49   -175.07      0.68
     3028.457523  6.882083  0.002650 64.697288     33.31    115.62      0.80
     3029.388783  6.882524  0.002678 64.730213     34.18     38.34      0.59
     3030.320043  6.882710  0.002655 64.511359     35.00    -46.69     -0.10
     3031.251303  6.883161  0.002671 64.048190     35.72   -140.93      0.16
     3032.182563  6.883403  0.002651 63.353833     36.25    117.79     -0.80
     3033.113823  6.883703  0.002629 62.534050     36.55      6.81     -0.36
     3034.045083  6.884117  0.002627 61.672213     36.59   -112.21     -0.11
     3034.976343  6.884427  0.002631 60.860129     36.33    120.17      0.56
     3035.907603  6.884751  0.002665 60.172842     35.79    -14.47      0.14
     3036.838863  6.885098  0.002675 59.645998     35.02   -157.16     -0.34
     3037.770123  6.885301  0.002598 59.302330     34.08     51.32     -0.15
     3038.701383  6.885581  0.002604 59.169946     33.06   -109.06      0.66
     3039.632643  6.885958  0.002661 59.278015     32.05     83.93     -0.25
     3040.563903  6.886341  0.002628 59.639427     31.14    -91.99     -0.64
     3041.495163  6.886712  0.002643 60.234890     30.42     82.12      0.54
     3042.426423  6.887058  0.002674 61.007369     29.94   -110.34     -0.09
     3043.357683  6.887348  0.002620 61.869974     29.74     47.93      0.18
     3044.288943  6.887655  0.002664 62.723090     29.83   -162.23      0.54
     3045.220203  6.888046  0.002644 63.469148     30.17    -19.16     -0.71
     3046.151463  6.888312  0.002647 64.033357     30.74    113.15      0.40
     3047.082723  6.888534  0.002627 64.402124     31.50   -120.74     -0.72
     3048.013983  6.888960  0.002656 64.580806     32.34     -5.48      0.64
     3048.945243  6.889173  0.002609 64.539325     33.21    103.97     -0.46
     3049.876503  6.889690  0.002685 64.287591     34.02   -156.69      0.39
     3050.807763  6.889795  0.002585 63.780715     34.70    -64.02     -0.25
     3051.739023  6.890260  0.002662 63.071239     35.17     19.63     -0.03
     3052.670283  6.890562  0.002633 62.203250     35.38     94.95      0.31
     3053.601543  6.890848  0.002621 61.298786     35.29    163.04     -0.30
     3054.532803  6.891135  0.002657 60.474767     34.89   -137.74     -0.21
     3055.464063  6.891505  0.002635 59.809895     34.22    -87.48      0.72
     3056.395323  6.891830  0.002604 59.369668     33.31    -43.36     -0.30
     3057.326583  6.892267  0.002662 59.190347     32.25     -7.92     -0.77
     3058.257843  6.892594  0.002682 59.277336     31.16     17.75      0.32
     3059.189103  6.892835  0.002640 59.617143     30.15     35.60      0.94
     3060.120363  6.893129  0.002608 60.186727     29.33     46.13      0.46
     3061.051623  6.893462  0.002614 60.951793     28.78     48.44     -0.24
     3061.982883  6.893772  0.002635 61.854396     28.57     41.88     -0.53
     3062.914143  6.894076  0.002651 62.801179     28.69     26.59     -0.45
     3063.845403  6.894458  0.002666 63.667687     29.13      2.96     -0.33
     3064.776663  6.894828  0.002668 64.324745     29.82    -28.94     -0.22
     3065.707923  6.894999  0.002640 64.683760     30.71    -69.34      0.07
     3066.639183  6.895302  0.002639 64.732019     31.69   -118.04      0.35
     3067.570443  6.895722  0.002659 64.489067     32.65   -174.92      0.53
     3068.501703  6.895956  0.002654 63.979548     33.49    120.29      0.42
     3069.432963  6.896416  0.002675 63.283060     34.11     47.43      0.27
     3070.364223  6.896607  0.002648 62.425314     34.42    -32.88     -0.42
     3071.295483  6.896954  0.002638 61.500904     34.39   -122.34      0.04
     3072.226743  6.897375  0.002646 60.570985     33.98    141.51     -0.80
     3073.158003  6.897533  0.002605 59.778094     33.23     35.90     -0.25
     3074.089263  6.897931  0.002611 59.223685     32.23    -77.38     -0.15
     3075.020523  6.898287  0.002619 59.001803     31.07    160.69      0.47
     3075.951783  6.898662  0.002656 59.167133     29.89     31.32      0.35
     3076.883043  6.898905  0.002652 59.688350     28.84   -106.07      0.03
     3077.814303  6.899131  0.002596 60.471415     28.04    108.79     -0.77
     3078.745563  6.899527  0.002598 61.398330     27.58    -46.14     -0.11
     3079.676823  6.899904  0.002658 62.355953     27.51    150.87      0.23
     3080.608083  6.900214  0.002646 63.248650     27.81    -19.48     -0.48
     3081.539343  6.900530  0.002613 63.996413     28.45    160.52      0.10
     3082.470603  6.900852  0.002648 64.525956     29.34    -27.41      0.33
     3083.401863  6.901113  0.002622 64.767770     30.36    137.59     -0.54
     3084.333123  6.901335  0.002585 64.669401     31.40    -67.12      0.21
     3085.264383  6.901698  0.002624 64.219859     32.34     81.17     -0.08
     3086.195643  6.902120  0.002598 63.459310     33.04   -139.22      0.25
     3087.126903  6.902389  0.002653 62.476577     33.40     -7.39      0.31
     3088.058163  6.902805  0.002614 61.430909     33.40    116.94     -0.17
     3088.989423  6.903040  0.002657 60.483688     32.97   -127.38      0.05
     3089.920683  6.903406  0.002603 59.732739     32.19    -19.18     -0.15
     3090.851943  6.903589  0.002622 59.286833     31.11     80.77      0.00
     3091.783203  6.904149  0.002634 59.152063     29.90    172.59      0.29
     3092.714463  6.904236  0.002601 59.366694     28.69   -102.64     -0.48
     3093.645723  6.904660  0.002644 59.887068     27.67    -27.77      0.39
     3094.576983  6.904978  0.002602 60.668504     26.95     40.01      0.03
     3095.508243  6.905354  0.002651 61.636516     26.61     99.54     -0.42
     3096.439503  6.905583  0.002637 62.658946     26.70    149.58      0.32
     3097.370763  6.905943  0.002608 63.590520     27.17   -167.73      0.19
     3098.302023  6.906207  0.002602 64.294352     27.94   -132.95     -0.18
     3099.233283  6.906434  0.002612 64.661296     28.92   -106.65     -0.19
     3100.164543  6.906782  0.002620 64.641056     29.97    -88.83      0.13
     3101.095803  6.907166  0.002615 64.257082     30.96    -78.93      0.23
     3102.027063  6.907522  0.002611 63.589392     31.75    -76.73     -0.03
     3102.958323  6.907860  0.002618 62.739404     32.24    -82.49     -0.28
     3103.889583  6.908168  0.002625 61.804846     32.35    -96.44     -0.18
     3104.820843  6.908433  0.002629 60.878801     32.03   -118.43      0.15
     3105.752103  6.908767  0.002642 60.061887     31.33   -148.08      0.32
     3106.683363  6.909209  0.002663 59.471124     30.32    174.57      0.26
     3107.614623  6.909456  0.002653 59.220219     29.15    129.16      0.22
     3108.545883  6.909732  0.002645 59.355842     27.96     75.73      0.10
     3109.477143  6.910087  0.002646 59.865571     26.93     13.96      0.15
     3110.408403  6.910309  0.002627 60.696238     26.19    -55.90      0.11
     3111.339663  6.910740  0.002646 61.685300     25.84   -134.24      0.34
     3112.270923  6.911039  0.002638 62.701905     25.90    140.29     -0.50
     3113.202183  6.911259  0.002619 63.560890     26.36     45.24      0.03
     3114.133443  6.911697  0.002631 64.173887     27.12    -56.84     -0.64
     3115.064703  6.911983  0.002608 64.474677     28.10   -168.13     -0.33
     3115.995963  6.912276  0.002602 64.442923     29.15     72.32      0.12
     3116.927223  6.912511  0.002605 64.101899     30.11    -55.18      0.53
     3117.858483  6.912936  0.002647 63.471377     30.86    170.44     -0.06
     3118.789743  6.913283  0.002634 62.598567     31.28     27.65     -0.07
     3119.721003  6.913501  0.002585 61.588831     31.29   -123.18      0.10
     3120.652263  6.913825  0.002599 60.597715     30.87     78.08      0.31
     3121.583523  6.914182  0.002639 59.796071     30.06    -88.07      0.03
     3122.514783  6.914483  0.002619 59.326874     28.97     97.96     -0.35
     3123.446043  6.914762  0.002595 59.271318     27.74    -85.10      0.41
     3124.377303  6.915088  0.002630 59.631870     26.57     84.73      0.25
     3125.308563  6.915460  0.002594 60.335695     25.63   -113.33     -0.12
     3126.239823  6.915790  0.002622 61.259108     25.05     39.02      0.91
     3127.171083  6.916088  0.002624 62.259522     24.92   -174.67     -0.27
     3128.102343  6.916471  0.002623 63.192522     25.23    -38.38      0.29
     3129.033603  6.916720  0.002636 63.937392     25.92     90.77     -0.28
     3129.964863  6.917040  0.002610 64.425640     26.90   -149.23      0.13
     3130.896123  6.917321  0.002623 64.566039     27.99    -36.33     -0.39
     3131.827383  6.917631  0.002590 64.306424     29.05     67.18      0.57
     3132.758643  6.918020  0.002632 63.657215     29.90    164.91     -0.56
     3133.689903  6.918273  0.002607 62.700397     30.42   -107.46      0.51
     3134.621163  6.918623  0.002602 61.592170     30.48    -25.82     -0.28
     3135.552423  6.918865  0.002630 60.544717     30.07     47.10     -0.19
     3136.483683  6.919261  0.002613 59.721368     29.22    111.54      0.57
     3137.414943  6.919603  0.002607 59.268638     28.04    170.02     -0.49
     3138.346203  6.919944  0.002642 59.261998     26.72   -140.96      0.03
     3139.277463  6.920103  0.002588 59.685118     25.48    -99.87      0.49
     3140.208723  6.920437  0.002578 60.452621     24.53    -65.50     -0.46
     3141.139983  6.920835  0.002623 61.438620     24.01    -40.15     -0.63
     3142.071243  6.921137  0.002641 62.500229     23.99    -23.96      0.04
     3143.002503  6.921436  0.002623 63.491396     24.46    -15.76      0.45
     3143.933763  6.921788  0.002604 64.265041     25.33    -15.12      0.26
     3144.865023  6.922127  0.002596 64.680008     26.46    -22.23     -0.21
     3145.796283  6.922377  0.002591 64.632902     27.65    -37.34     -0.59
     3146.727543  6.922624  0.002592 64.105372     28.72    -60.60     -0.72
     3147.658803  6.923007  0.002612 63.187069     29.48    -92.12     -0.48
     3148.590063  6.923311  0.002621 62.043910     29.78   -131.60     -0.13
     3149.521324  6.923581  0.002621 60.873252     29.55   -178.52     -0.09
     3150.452584  6.923986  0.002631 59.898888     28.81    126.73      0.09
     3151.383844  6.924228  0.002625 59.290581     27.62     64.36      0.19
     3152.315104  6.924703  0.002647 59.130510     26.22     -5.20     -0.29
     3153.246364  6.924774  0.002594 59.464647     24.84    -83.06     -0.42
     3154.177624  6.925271  0.002625 60.199175     23.73   -169.50     -0.06
     3155.108884  6.925555  0.002609 61.236363     23.08     96.72     -0.60
     3156.040144  6.925785  0.002594 62.396332     23.01     -6.27     -0.22
     3156.971404  6.926144  0.002597 63.496926     23.48   -117.31     -0.03
     3157.902664  6.926458  0.002588 64.365358     24.41    123.44      0.24
     3158.833924  6.926904  0.002628 64.815622     25.63     -3.48      0.23
     3159.765184  6.927141  0.002627 64.731871     26.93   -138.47      0.38
     3160.696444  6.927348  0.002590 64.115211     28.07     79.75     -0.55
     3161.627704  6.927730  0.002587 63.082080     28.84    -71.04     -0.31
     3162.558964  6.928066  0.002614 61.833533     29.10    129.95      0.39
     3163.490224  6.928362  0.002624 60.607506     28.75    -35.58     -0.06
     3164.421484  6.928689  0.002598 59.632602     27.83    151.24     -0.45
     3165.352744  6.929013  0.002594 59.088388     26.48    -30.45      0.02
     3166.284004  6.929272  0.002612 59.072657     24.95    140.79     -0.21
     3167.215264  6.929519  0.002578 59.581302     23.53    -55.63     -0.72
     3168.146524  6.929889  0.002590 60.511648     22.49     98.44      0.15
     3169.077784  6.930236  0.002613 61.696632     22.04   -114.32     -0.43
     3170.009044  6.930457  0.002580 62.946465     22.23     23.36      0.27
     3170.940304  6.930873  0.002622 64.042171     22.99    154.15     -0.30
     3171.871564  6.931067  0.002568 64.754571     24.17    -84.27      0.31
     3172.802824  6.931571  0.002629 64.947875     25.56     30.24      0.11
     3173.734084  6.931749  0.002580 64.532634     26.88    137.04     -0.20
     3174.665344  6.932107  0.002608 63.597216     27.91   -124.45     -0.04
     3175.596604  6.932399  0.002594 62.310718     28.40    -33.83      0.29
     3176.527864  6.932688  0.002600 60.960575     28.26     50.22     -0.45
     3177.459124  6.933075  0.002618 59.792407     27.46    125.09      0.43
     3178.390384  6.933408  0.002591 59.059356     26.11   -166.14     -0.13
     3179.321644  6.933568  0.002587 58.908146     24.49   -105.59     -0.15
     3180.252904  6.933873  0.002588 59.349631     22.93    -53.00     -0.06
     3181.184164  6.934313  0.002593 60.287902     21.74     -8.61      0.15
     3182.115424  6.934549  0.002591 61.538415     21.16     27.95     -0.03
     3183.046684  6.934863  0.002609 62.866304     21.28     55.96      0.07
     3183.977944  6.935202  0.002601 64.030578     22.05     75.50      0.43
     3184.909204  6.935455  0.002570 64.809897     23.30     87.56      0.23
     3185.840464  6.935699  0.002559 65.030615     24.78     92.07     -0.27
     3186.771724  6.936029  0.002573 64.614612     26.20     88.47     -0.42
     3187.702984  6.936433  0.002596 63.622721     27.27     76.71     -0.12
     3188.634244  6.936761  0.002601 62.254217     27.77     57.21      0.27
     3189.565504  6.936985  0.002587 60.798223     27.54     30.46      0.34
     3190.496764  6.937380  0.002589 59.572931     26.61     -3.58      0.19
     3191.428024  6.937702  0.002580 58.862186     25.14    -45.38      0.26
     3192.359284  6.937913  0.002561 58.815994     23.40    -94.78      0.30
     3193.290544  6.938449  0.002594 59.420897     21.79   -152.05      0.35
     3194.221804  6.938597  0.002570 60.559451     20.68    143.22     -0.20
     3195.153064  6.938921  0.002565 61.947829     20.25     69.20      0.36
     3196.084324  6.939265  0.002591 63.325494     20.60    -12.49      0.34
     3197.015584  6.939527  0.002592 64.404680     21.60   -102.33      0.29
     3197.946844  6.939916  0.002603 65.013566     23.04    159.82      0.24
     3198.878104  6.940220  0.002609 64.991614     24.62     54.01      0.35
     3199.809364  6.940367  0.002580 64.321457     26.00    -58.71     -0.27
     3200.740624  6.940835  0.002611 63.117165     26.89   -179.71     -0.18
     3201.671884  6.941063  0.002568 61.612479     27.09     51.79     -0.11
     3202.603144  6.941461  0.002578 60.144317     26.50    -84.22      0.01
     3203.534404  6.941806  0.002607 59.065856     25.20    131.94      0.50
     3204.465664  6.942078  0.002609 58.641676     23.46    -18.46     -0.01
     3205.396924  6.942418  0.002599 58.974903     21.68   -176.70     -0.41
     3206.328184  6.942745  0.002593 59.979444     20.27     16.19      0.11
     3207.259444  6.943003  0.002602 61.405884     19.54   -158.92      0.55
     3208.190704  6.943255  0.002599 62.915688     19.61     18.77      0.05
     3209.121964  6.943594  0.002576 64.175122     20.45   -172.20      0.07
     3210.053224  6.943970  0.002615 64.930647     21.82    -11.55      0.41
     3210.984484  6.944188  0.002590 65.044187     23.44    142.20     -0.27
     3211.915744  6.944422  0.002569 64.502159     24.96    -73.05      0.37
     3212.847004  6.944879  0.002601 63.407096     26.03     65.11      0.10
     3213.778264  6.945148  0.002582 61.949675     26.39   -164.55      0.29
     3214.709524  6.945529  0.002611 60.440399     25.93    -40.74     -0.33
     3215.640784  6.945634  0.002552 59.261950     24.69     74.83     -0.09
     3216.572044  6.946120  0.002611 58.686405     22.95   -177.10      0.15
     3217.503304  6.946313  0.002569 58.906904     21.13    -76.45      0.09
     3218.434564  6.946707  0.002608 59.841907     19.65     16.61     -0.31
     3219.365824  6.946989  0.002578 61.288883     18.87    100.50      0.42
     3220.297084  6.947303  0.002586 62.864410     18.93    177.94     -0.49
     3221.228344  6.947483  0.002571 64.184093     19.77   -114.45      0.44
     3222.159604  6.947939  0.002577 64.953389     21.16    -53.26     -0.16
     3223.090864  6.948295  0.002604 65.003317     22.80     -0.60     -0.09
     3224.022124  6.948576  0.002607 64.345918     24.30     44.15      0.15
     3224.953384  6.948901  0.002586 63.150589     25.32     81.53      0.25
     3225.884644  6.949136  0.002569 61.684601     25.58    112.30     -0.35
     3226.815904  6.949477  0.002595 60.268771     24.98    135.51     -0.59
     3227.747164  6.949872  0.002611 59.232696     23.63    150.73     -0.10
     3228.678424  6.950183  0.002599 58.839981     21.84    158.67      0.22
     3229.609684  6.950403  0.002582 59.204281     20.07    159.33      0.09
     3230.540944  6.950622  0.002580 60.244365     18.76    152.11     -0.15
     3231.472204  6.950963  0.002594 61.702946     18.21    136.58     -0.20
     3232.403464  6.951326  0.002602 63.216214     18.52    112.65      0.08
     3233.334724  6.951520  0.002583 64.410723     19.58     80.67      0.45
     3234.265984  6.951917  0.002594 64.994015     21.10     41.16      0.57
     3235.197244  6.952334  0.002610 64.801575     22.70     -5.71      0.38
     3236.128504  6.952484  0.002583 63.868705     24.02    -60.00      0.00
     3237.059764  6.952848  0.002587 62.464134     24.72   -122.38      0.23
     3237.991024  6.953078  0.002577 60.923654     24.58    168.17      0.20
     3238.922284  6.953431  0.002582 59.665885     23.61     91.16      0.50
     3239.853544  6.953855  0.002603 58.986524     21.99      7.58      0.12
     3240.784804  6.953906  0.002559 59.079516     20.16    -84.03      0.26
     3241.716064  6.954436  0.002613 59.881365     18.60    176.84      0.15
     3242.647324  6.954661  0.002583 61.194327     17.71     69.89     -0.17
     3243.578584  6.955039  0.002596 62.679305     17.70    -45.31     -0.40
     3244.509844  6.955236  0.002571 63.962410     18.52   -169.02     -0.21
     3245.441104  6.955553  0.002574 64.742085     19.92     59.28      0.05
     3246.372364  6.955787  0.002561 64.827775     21.54    -80.15      0.34
     3247.303624  6.956106  0.002573 64.174181     22.99    133.70     -0.15
     3248.234884  6.956511  0.002593 62.915386     23.89    -19.96     -0.51
     3249.166144  6.956818  0.002571 61.359689     23.96    178.24     -0.02
     3250.097404  6.957088  0.002577 59.924856     23.15      9.16      0.49
     3251.028664  6.957423  0.002593 59.022034     21.62   -166.13     -0.12
     3251.959924  6.957780  0.002579 58.922712     19.78     10.65     -0.29
     3252.891184  6.958052  0.002580 59.661915     18.13    179.14      0.11
     3253.822444  6.958299  0.002585 61.021567     17.13    -19.44     -0.35
     3254.753704  6.958660  0.002564 62.602123     17.00    133.75     -0.59
     3255.684964  6.958906  0.002567 63.961041     17.74    -82.10      0.17
     3256.616224  6.959157  0.002560 64.760667     19.15     55.35     -0.31
     3257.547484  6.959609  0.002585 64.816546     20.81   -176.24      0.45
     3258.478744  6.959803  0.002578 64.109574     22.31    -54.00     -0.24
     3259.410004  6.960252  0.002589 62.846066     23.25     59.55      0.39
     3260.341264  6.960465  0.002581 61.315441     23.31    167.47     -0.52
     3261.272524  6.960698  0.002549 59.935784     22.46    -93.55      0.40
     3262.203784  6.961224  0.002599 59.067739     20.86     -0.23     -0.23
     3263.135044  6.961280  0.002559 58.998271     18.95     84.66      0.10
     3264.066304  6.961687  0.002566 59.738525     17.29    162.14      0.03
     3264.997564  6.962041  0.002598 61.104119     16.34   -128.28     -0.18
     3265.928824  6.962352  0.002581 62.726170     16.33    -67.61      0.39
     3266.860084  6.962657  0.002574 64.140912     17.24    -13.48     -0.47
     3267.791344  6.962973  0.002594 64.941097     18.76     31.39      0.13
     3268.722604  6.963128  0.002547 64.890877     20.49     69.00      0.36
     3269.653864  6.963468  0.002551 63.994843     21.97    100.09     -0.42
     3270.585124  6.963858  0.002591 62.502530     22.77    122.98     -0.41
     3271.516384  6.964176  0.002597 60.836470     22.62    138.09      0.15
     3272.447644  6.964476  0.002577 59.476130     21.52    146.47      0.33
     3273.378904  6.964756  0.002558 58.824284     19.71    148.15      0.02
     3274.310164  6.964985  0.002550 59.078436     17.74    142.48     -0.39
     3275.241424  6.965261  0.002555 60.154885     16.18    128.85     -0.61
     3276.172684  6.965650  0.002570 61.716992     15.48    106.76     -0.40
     3277.103944  6.965912  0.002570 63.307399     15.81     76.27      0.09
     3278.035204  6.966181  0.002571 64.504042     17.02     38.13      0.21
     3278.966464  6.966609  0.002585 64.995675     18.73     -7.83      0.30
     3279.897724  6.966757  0.002557 64.635902     20.49    -61.29      0.34
     3280.828984  6.967238  0.002577 63.523879     21.79   -122.27      0.62
     3281.760244  6.967492  0.002578 61.916162     22.23    170.44      0.08
     3282.691504  6.967751  0.002555 60.278943     21.65     95.56      0.08
     3283.622764  6.968102  0.002572 59.098967     20.13     13.28      0.38
     3284.554024  6.968335  0.002571 58.775633     18.14    -75.78      0.16
     3285.485284  6.968699  0.002581 59.400294     16.26   -172.81      0.26
     3286.416544  6.969064  0.002597 60.804564     15.08     82.51      0.10
     3287.347804  6.969267  0.002574 62.539649     14.93    -29.71     -0.51
     3288.279064  6.969598  0.002570 64.065470     15.77   -150.88     -0.09
     3289.210324  6.969745  0.002525 64.931537     17.32     80.50      0.03
     3290.141584  6.970160  0.002556 64.885504     19.12    -55.46     -0.13
     3291.072844  6.970489  0.002575 63.952270     20.66    160.45      0.36
     3292.004104  6.970736  0.002574 62.422308     21.46      9.86      0.07
     3292.935364  6.971072  0.002572 60.757057     21.25   -147.64     -0.35
     3293.866624  6.971391  0.002556 59.458182     20.02     46.98      0.18
     3294.797884  6.971686  0.002567 58.925292     18.12   -125.33      0.57
     3295.729144  6.972018  0.002565 59.323367     16.15     55.80      0.09
     3296.660404  6.972332  0.002551 60.518013     14.74   -131.54      0.25
     3297.591664  6.972560  0.002559 62.129052     14.33     33.06      0.42
     3298.522924  6.972868  0.002570 63.667786     14.96   -169.67     -0.13
     3299.454184  6.973266  0.002564 64.677432     16.40    -20.96     -0.01
     3300.385444  6.973440  0.002565 64.854645     18.20    120.04      0.19
     3301.316704  6.973820  0.002549 64.145653     19.82   -105.88     -0.03
     3302.247964  6.974181  0.002583 62.731753     20.74     20.27      0.53
     3303.179224  6.974501  0.002570 61.015321     20.66    141.04     -0.56
     3304.110484  6.974632  0.002549 59.572102     19.51   -107.00      0.15
     3305.041744  6.975094  0.002572 58.864461     17.63     -1.27     -0.05
     3305.973004  6.975310  0.002571 59.182096     15.63     96.53      0.19
     3306.904264  6.975628  0.002561 60.396614     14.18   -172.71     -0.30
     3307.835524  6.975956  0.002571 62.119085     13.71    -91.01      0.32
     3308.766784  6.976322  0.002564 63.766562     14.34    -16.07     -0.23
     3309.698044  6.976460  0.002550 64.792115     15.81     50.24      0.04
     3310.629304  6.976770  0.002557 64.891159     17.64    109.24     -0.04
     3311.560564  6.977125  0.002559 64.047583     19.28    160.52      0.11
     3312.491824  6.977416  0.002569 62.526775     20.20   -155.06     -0.12
     3313.423084  6.977765  0.002573 60.805466     20.04   -118.31      0.33
     3314.354344  6.977993  0.002539 59.439283     18.80    -87.91      0.26
     3315.285604  6.978241  0.002535 58.888466     16.82    -63.95     -0.40
     3316.216864  6.978579  0.002559 59.345731     14.78    -47.99     -0.47
     3317.148124  6.978940  0.002569 60.651256     13.37    -40.26     -0.13
     3318.079384  6.979306  0.002569 62.360953     13.04    -40.41      0.01
     3319.010644  6.979636  0.002571 63.922902     13.84    -48.47     -0.02
     3319.941904  6.979836  0.002563 64.854388     15.47    -64.38     -0.03
     3320.873164  6.980063  0.002555 64.864969     17.39    -87.87     -0.02
     3321.804424  6.980498  0.002572 63.928575     18.99   -118.90      0.31
     3322.735684  6.980778  0.002576 62.302534     19.72   -156.80      0.47
     3323.666944  6.981133  0.002584 60.502302     19.32    159.00      0.03
     3324.598204  6.981363  0.002567 59.170810     17.82    107.40      0.05
     3325.529464  6.981634  0.002558 58.773243     15.70     48.71      0.03
     3326.460724  6.981904  0.002554 59.470187     13.73    -17.77      0.27
     3327.391984  6.982312  0.002567 61.016130     12.56    -91.87      0.30
     3328.323244  6.982546  0.002563 62.859090     12.58   -173.69      0.09
     3329.254504  6.982767  0.002538 64.361227     13.67     96.23      0.32
     3330.185764  6.983304  0.002593 65.024699     15.47     -1.14      0.19
     3331.117024  6.983390  0.002553 64.611506     17.36   -105.77     -0.15
     3332.048284  6.983723  0.002568 63.290015     18.70    141.98     -0.13
     3332.979544  6.983983  0.002554 61.517631     19.04     22.82     -0.22
     3333.910804  6.984345  0.002556 59.891888     18.19   -103.52      0.08
     3334.842064  6.984595  0.002532 58.982680     16.38    123.74     -0.03
     3335.773324  6.985024  0.002565 59.118598     14.23    -16.34      0.03
     3336.704584  6.985329  0.002581 60.242752     12.54   -164.35      0.40
     3337.635844  6.985510  0.002549 61.935777     11.90     40.37      0.09
     3338.567104  6.985764  0.002535 63.597997     12.47   -123.16      0.01
     3339.498364  6.986087  0.002554 64.672507     13.99     65.27      0.09
     3340.429624  6.986448  0.002571 64.811247     15.92   -113.70     -0.01
     3341.360884  6.986817  0.002566 63.962763     17.60     59.99     -0.01
     3342.292144  6.987089  0.002552 62.390022     18.43   -133.81      0.51
     3343.223404  6.987330  0.002567 60.614744     18.07     26.29      0.36
     3344.154664  6.987747  0.002564 59.275169     16.57    179.86     -0.08
     3345.085924  6.988002  0.002572 58.896169     14.44    -34.42      0.25
     3346.017184  6.988225  0.002561 59.635607     12.47    104.66     -0.31
     3346.948444  6.988600  0.002563 61.211823     11.39   -125.13      0.09
     3347.879705  6.988803  0.002561 63.069466     11.56     -2.16     -0.26
     3348.810965  6.989083  0.002528 64.511952     12.82    112.41     -0.03
     3349.742225  6.989470  0.002567 65.024869     14.74   -140.67      0.30
     3350.673485  6.989709  0.002540 64.404311     16.60    -40.31     -0.17
     3351.604745  6.990032  0.002556 62.877560     17.78     52.29     -0.05
     3352.536005  6.990381  0.002562 60.971616     17.79    137.87      0.18
     3353.467265  6.990565  0.002549 59.414807     16.54   -142.62     -0.30
     3354.398525  6.990848  0.002545 58.787230     14.46    -71.12      0.32
     3355.329785  6.991261  0.002552 59.335148     12.30     -5.70     -0.26
     3356.261045  6.991579  0.002566 60.852466     10.90     50.82      0.34
     3357.192305  6.991798  0.002532 62.745580     10.76    100.24      0.10
     3358.123565  6.992227  0.002558 64.301381     11.84    141.92     -0.32
     3359.054825  6.992491  0.002571 64.972910     13.71    175.17     -0.03
     3359.986085  6.992751  0.002565 64.548777     15.69   -158.89      0.11
     3360.917345  6.993077  0.002560 63.190037     17.08   -139.89      0.10
     3361.848605  6.993327  0.002553 61.369647     17.32   -127.69      0.15
     3362.779865  6.993525  0.002543 59.742616     16.25   -122.20      0.31
     3363.711125  6.993809  0.002538 58.932489     14.21   -123.44      0.44
     3364.642385  6.994198  0.002541 59.267647     12.00   -131.79      0.46
     3365.573645  6.994489  0.002539 60.618193     10.49   -147.76      0.36
     3366.504905  6.994707  0.002534 62.457975     10.23   -171.50      0.03
     3367.436165  6.995112  0.002552 64.088656     11.22    156.71     -0.17
     3368.367425  6.995318  0.002541 64.901347     13.05    116.96     -0.06
     3369.298685  6.995655  0.002547 64.603847     15.04     69.86      0.12
     3370.229945  6.996048  0.002571 63.280328     16.43     15.86      0.19
     3371.161205  6.996326  0.002566 61.391333     16.68    -44.22     -0.45
     3372.092465  6.996464  0.002538 59.693828     15.60   -112.02     -0.09
     3373.023725  6.996927  0.002564 58.852492     13.56    173.54      0.07
     3373.954985  6.997149  0.002559 59.260320     11.36     92.16     -0.08
     3374.886245  6.997425  0.002552 60.727819      9.90      3.01     -0.17
     3375.817505  6.997758  0.002546 62.670782      9.71    -94.44      0.14
     3376.748765  6.998160  0.002565 64.311003     10.81    161.28     -0.53
     3377.680025  6.998302  0.002528 64.994774     12.72     48.13      0.06
     3378.611285  6.998577  0.002527 64.475307     14.71    -71.47     -0.28
     3379.542545  6.998889  0.002540 62.960379     16.02    160.95      0.25
     3380.473805  6.999163  0.002542 61.027348     16.10     27.27      0.09
     3381.405065  6.999497  0.002552 59.434633     14.83   -113.27      0.17
     3382.336325  6.999714  0.002530 58.838784     12.65     99.63      0.06
     3383.267585  7.000001  0.002515 59.496984     10.45    -54.32     -0.45
     3384.198845  7.000398  0.002532 61.128746      9.14    143.30     -0.26
     3385.130105  7.000791  0.002567 63.052801      9.21    -27.02     -0.11
     3386.061365  7.001115  0.002566 64.506331     10.54    154.97     -0.16
     3386.992625  7.001330  0.002547 64.947661     12.58    -31.04      0.15
     3387.923885  7.001511  0.002536 64.224377     14.53    135.98      0.17
     3388.855145  7.001850  0.002536 62.605445     15.64    -63.48     -0.17
     3389.786405  7.002155  0.002516 60.702744     15.40     89.88      0.12
     3390.717665  7.002378  0.002527 59.270965     13.81   -123.36      0.51
     3391.648925  7.002879  0.002551 58.918943     11.50     17.37      0.07
     3392.580185  7.003068  0.002548 59.824630      9.46    150.09      0.21
     3393.511445  7.003444  0.002558 61.583481      8.51    -84.44     -0.26
     3394.442705  7.003603  0.002536 63.465092      9.01     32.30      0.01
     3395.373965  7.003982  0.002550 64.725623     10.63    141.73     -0.10
     3396.305225  7.004242  0.002529 64.846829     12.74   -116.73      0.30
     3397.236485  7.004556  0.002552 63.774045     14.46    -21.08     -0.41
     3398.167745  7.004813  0.002522 61.913493     15.11     66.24      0.44
     3399.099005  7.005250  0.002558 60.014927     14.32    148.54     -0.27
     3400.030265  7.005373  0.002536 58.921911     12.34   -136.84      0.02
     3400.961525  7.005681  0.002536 59.119652     10.02    -68.99      0.01
     3401.892785  7.005957  0.002540 60.523213      8.37     -8.64     -0.11
     3402.824045  7.006335  0.002542 62.521116      8.05     43.21      0.40
     3403.755305  7.006513  0.002508 64.256340      9.12     88.19     -0.02
     3404.686565  7.006877  0.002539 64.999523     11.09    125.57     -0.39
     3405.617825  7.007229  0.002551 64.446331     13.15    154.69      0.18
     3406.549085  7.007443  0.002530 62.826262     14.45    177.38      0.18
     3407.480345  7.007704  0.002532 60.808306     14.39   -166.25     -0.17
     3408.411605  7.008075  0.002547 59.249701     12.91   -156.77     -0.13
     3409.342865  7.008482  0.002555 58.843746     10.57   -154.22      0.10
     3410.274125  7.008788  0.002548 59.781172      8.43   -158.81      0.20
     3411.205385  7.008994  0.002538 61.636913      7.41   -170.90      0.02
     3412.136645  7.009336  0.002551 63.586322      7.88    169.19     -0.24
     3413.067905  7.009647  0.002559 64.799659      9.57    141.12     -0.14
     3413.999165  7.009802  0.002545 64.798358     11.75    105.57     -0.02
     3414.930425  7.010224  0.002558 63.613566     13.52     62.94      0.12
     3415.861685  7.010417  0.002541 61.711182     14.09     13.87      0.09
     3416.792945  7.010762  0.002533 59.882038     13.15    -41.37     -0.13
     3417.724205  7.010873  0.002503 58.950157     11.02   -103.86      0.40
     3418.655465  7.011421  0.002552 59.325345      8.66   -172.89      0.43
     3419.586725  7.011614  0.002536 60.861430      7.13    111.08     -0.18
     3420.517985  7.011813  0.002525 62.832333      7.08     26.07      0.20
     3421.449245  7.012224  0.002545 64.400256      8.42    -66.46      0.26
     3422.380505  7.012563  0.002552 64.903435     10.54   -166.23      0.06
     3423.311765  7.012730  0.002529 64.109913     12.52     86.56      0.26
     3424.243025  7.013060  0.002543 62.347550     13.49    -26.44     -0.41
     3425.174285  7.013312  0.002529 60.365489     12.97   -147.23      0.23
     3426.105545  7.013542  0.002511 59.056714     11.10     86.63     -0.26
     3427.036805  7.013941  0.002536 59.050839      8.68    -47.13     -0.05
     3427.968065  7.014172  0.002522 60.365742      6.86    171.55      0.16
     3428.899325  7.014490  0.002535 62.391655      6.44     22.58      0.11
     3429.830585  7.014802  0.002545 64.210333      7.53   -134.32      0.16
     3430.761845  7.015049  0.002515 65.010572      9.58     61.40      0.10
     3431.693105  7.015356  0.002506 64.427361     11.70   -110.19      0.21
     3432.624365  7.015700  0.002525 62.702680     12.95     71.57      0.11
     3433.555625  7.015954  0.002530 60.597592     12.72   -113.15     -0.07
     3434.486885  7.016215  0.002522 59.076953     11.00     55.69     -0.24
     3435.418145  7.016641  0.002542 58.868706      8.54   -142.67      0.04
     3436.349405  7.016907  0.002548 60.085113      6.52     12.12     -0.20
     3437.280665  7.017139  0.002520 62.144660      5.84    159.01     -0.32
     3438.211925  7.017450  0.002525 64.067051      6.73    -62.14     -0.21
     3439.143185  7.017609  0.002500 64.988299      8.73     69.04      0.01
     3440.074445  7.018096  0.002539 64.521421     10.92   -167.17      0.37
     3441.005705  7.018321  0.002542 62.862196     12.33    -49.37     -0.14
     3441.936965  7.018633  0.002534 60.789876     12.28     61.09      0.20
     3442.868225  7.018960  0.002540 59.230574     10.68    166.22     -0.43
     3443.799485  7.019099  0.002507 58.963641      8.23    -96.67      0.39
     3444.730745  7.019551  0.002541 60.093768      6.14     -5.40     -0.21
     3445.662005  7.019754  0.002512 62.073979      5.37     77.05      0.21
     3446.593265  7.020181  0.002546 63.956873      6.22    152.46     -0.23
     3447.524525  7.020334  0.002532 64.874056      8.22   -140.53      0.07
     3448.455785  7.020630  0.002524 64.435039     10.41    -80.44      0.03
     3449.387045  7.020865  0.002521 62.839599     11.82    -26.82     -0.32
     3450.318305  7.021240  0.002540 60.795731     11.73     19.66      0.10
     3451.249565  7.021445  0.002505 59.261639     10.07     59.99      0.41
     3452.180825  7.021671  0.002496 59.003461      7.59     94.64     -0.23
     3453.112085  7.022074  0.002525 60.160896      5.51    121.34     -0.28
     3454.043345  7.022448  0.002533 62.156772      4.83    139.82     -0.00
     3454.974605  7.022750  0.002533 64.035313      5.80    150.69     -0.08
     3455.905865  7.023007  0.002535 64.936018      7.88    153.98     -0.19
     3456.837125  7.023218  0.002525 64.442680     10.10    150.08     -0.20
     3457.768385  7.023511  0.002516 62.752926     11.43    139.64     -0.32
     3458.699645  7.023891  0.002518 60.636525     11.19    122.79     -0.34
     3459.630905  7.024073  0.002503 59.122298      9.37     99.56     -0.28
     3460.562165  7.024376  0.002512 58.977598      6.82     69.75     -0.34
     3461.493425  7.024740  0.002529 60.280677      4.85     32.25     -0.14
     3462.424685  7.024950  0.002525 62.383103      4.39    -12.86     -0.20
     3463.355945  7.025309  0.002529 64.237552      5.56    -66.07      0.03
     3464.287205  7.025594  0.002529 64.974723      7.74   -126.64      0.22
     3465.218465  7.025944  0.002540 64.239714      9.87    166.33     -0.08
     3466.149725  7.026158  0.002515 62.353611     10.96     92.36     -0.07
     3467.080985  7.026431  0.002529 60.228515     10.37     11.71      0.30
     3468.012245  7.026748  0.002538 58.938287      8.33    -74.62     -0.01
     3468.943505  7.027082  0.002536 59.152881      5.80   -168.02     -0.08
     3469.874765  7.027379  0.002535 60.784593      4.12     90.88      0.02
     3470.806025  7.027626  0.002527 62.975899      4.08    -17.50     -0.42
     3471.737285  7.027874  0.002517 64.624717      5.59   -134.68      0.23
     3472.668545  7.028069  0.002491 64.934257      7.88    102.09     -0.37
     3473.599805  7.028487  0.002519 63.753355      9.84    -29.08     -0.03
     3474.531065  7.028703  0.002512 61.646735     10.51   -166.85      0.32
     3475.462325  7.029005  0.002524 59.651774      9.44     49.81     -0.02
     3476.393585  7.029314  0.002525 58.797689      7.07   -100.26      0.02
     3477.324845  7.029565  0.002506 59.547641      4.62    102.78     -0.03
     3478.256105  7.029890  0.002499 61.505177      3.37    -61.59     -0.28
     3479.187365  7.030263  0.002516 63.647410      3.87    125.87     -0.21
     3480.118625  7.030538  0.002529 64.897468      5.77    -54.09     -0.34
     3481.049885  7.030764  0.002515 64.656295      8.12    118.48     -0.25
     3481.981145  7.031133  0.002532 63.059597      9.76    -75.98      0.05
     3482.912405  7.031440  0.002537 60.895108      9.84     83.45      0.15
     3483.843665  7.031638  0.002518 59.248032      8.19   -123.05      0.10
     3484.774925  7.032096  0.002538 58.988107      5.62     23.83      0.22
     3485.706185  7.032271  0.002533 60.272990      3.51    164.13     -0.30
     3486.637445  7.032563  0.002509 62.393263      2.92    -63.88     -0.30
     3487.568705  7.032715  0.002507 64.232924      4.09     59.90      0.05
     3488.499965  7.033167  0.002526 64.898892      6.32    176.46      0.08
     3489.431225  7.033373  0.002524 64.046420      8.50    -73.99      0.09
     3490.362485  7.033703  0.002525 62.117317      9.52     29.25     -0.08
     3491.293745  7.033984  0.002514 60.048233      8.77    126.16     -0.04
     3492.225005  7.034304  0.002516 58.951700      6.51   -143.27      0.18
     3493.156265  7.034463  0.002506 59.437713      3.95    -58.73     -0.40
     3494.087525  7.034830  0.002513 61.228709      2.47     16.80      0.41
     3495.018785  7.035141  0.002523 63.371309      2.78     85.73     -0.14
     3495.950045  7.035465  0.002526 64.765473      4.63    146.01      0.19
     3496.881305  7.035791  0.002533 64.714790      7.04   -160.19     -0.23
     3497.812565  7.036049  0.002529 63.230922      8.78   -114.00      0.33
     3498.743825  7.036260  0.002496 61.042418      8.92    -73.12      0.01
     3499.675085  7.036666  0.002523 59.293657      7.27    -38.21     -0.40
     3500.606345  7.036965  0.002538 58.955306      4.64    -10.67      0.10
     3501.537605  7.037136  0.002515 60.220404      2.49      9.86      0.35
     3502.468865  7.037351  0.002503 62.378144      1.97     23.15     -0.02
     3503.400125  7.037684  0.002519 64.272501      3.23     28.52     -0.29
     3504.331385  7.038097  0.002541 64.928820      5.54     26.06     -0.09
     3505.262645  7.038400  0.002539 64.002748      7.69     16.65      0.24
     3506.193905  7.038607  0.002523 61.947826      8.55      1.30      0.15
     3507.125165  7.038982  0.002531 59.845126      7.57    -19.95     -0.13
     3508.056425  7.039197  0.002524 58.871079      5.16    -47.71     -0.17
     3508.987685  7.039433  0.002522 59.585720      2.66    -82.32     -0.30
     3509.918945  7.039777  0.002533 61.576704      1.46   -124.97     -0.12
     3510.850205  7.040008  0.002526 63.762511      2.15   -175.15     -0.28
     3511.781465  7.040247  0.002505 64.952905      4.24    126.94     -0.19
     3512.712725  7.040570  0.002504 64.520457      6.63     61.60      0.30
     3513.643985  7.040887  0.002523 62.670087      8.03     -9.61      0.11
     3514.575245  7.041172  0.002514 60.382398      7.66    -87.08     -0.02
     3515.506505  7.041468  0.002520 58.915196      5.55   -171.00      0.18
     3516.437765  7.041697  0.002521 59.132890      2.87     98.75      0.06
     3517.369025  7.041963  0.002515 60.889232      1.14      1.11     -0.11
     3518.300285  7.042300  0.002513 63.196657      1.26   -104.88      0.24
     3519.231545  7.042643  0.002516 64.791223      3.05    142.54     -0.39
     3520.162805  7.042995  0.002530 64.807692      5.50     21.58      0.21
     3521.094065  7.043152  0.002498 63.234165      7.31   -105.03     -0.21
     3522.025325  7.043539  0.002521 60.920398      7.44    121.57     -0.10
     3522.956585  7.043778  0.002516 59.156149      5.71    -18.06      0.21
     3523.887845  7.044094  0.002528 58.965721      3.02   -163.48     -0.08
     3524.819105  7.044406  0.002531 60.464191      0.96     43.37      0.13
     3525.750365  7.044572  0.002502 62.770596      0.65   -117.54      0.34
     3526.681625  7.044738  0.002473 64.575608      2.16     74.23      0.17
     3527.612885  7.045049  0.002486 64.893138      4.59   -101.38      0.09
     3528.544145  7.045468  0.002517 63.557455      6.63     76.39     -0.23
     3529.475405  7.045760  0.002513 61.290329      7.12   -112.61     -0.10
     3530.406665  7.045976  0.002509 59.348773      5.65     52.43      0.03
     3531.337925  7.046399  0.002529 58.867451      2.98   -148.55     -0.07
     3532.269185  7.046637  0.002518 60.154887      0.68      3.42     -0.19
     3533.200445  7.046894  0.002506 62.446688      0.05    147.66     -0.31
     3534.131705  7.047106  0.002495 64.400497      1.34    -75.96     -0.32
     3535.062965  7.047391  0.002491 64.951894      3.76     52.58      0.11
     3535.994225  7.047700  0.002513 63.810094      5.95    174.61      0.16
     3536.925485  7.048073  0.002517 61.599471      6.71    -69.47      0.03
     3537.856745  7.048283  0.002513 59.571404      5.46     40.40      0.09
     3538.788005  7.048569  0.002498 58.904030      2.86    144.69     -0.37
     3539.719265  7.048894  0.002506 60.017484      0.42   -119.23      0.47
     3540.650525  7.049192  0.002508 62.233951     -0.39    -29.16     -0.40
     3541.581785  7.049326  0.002491 64.228988      0.77     51.65      0.18
     3542.513045  7.049722  0.002511 64.897410      3.14    125.75      0.00
     3543.444305  7.050010  0.002514 63.874727      5.40   -167.24      0.02
     3544.375565  7.050357  0.002514 61.713801      6.24   -106.72      0.25
     3545.306826  7.050582  0.002498 59.641593      5.07    -51.30     -0.26
     3546.238086  7.051000  0.002533 58.904674      2.45     -2.61     -0.11
     3547.169346  7.051218  0.002508 59.972247     -0.03     38.67      0.52
     3548.100606  7.051394  0.002487 62.183323     -0.90     73.35      0.02
     3549.031866  7.051717  0.002509 64.215141      0.26     99.74     -0.08
     3549.963126  7.051975  0.002506 64.917723      2.67    118.31      0.16
     3550.894386  7.052194  0.002490 63.909564      4.97    130.53     -0.08
     3551.825646  7.052524  0.002496 61.744484      5.82    136.66     -0.39
     3552.756906  7.052885  0.002506 59.660889      4.61    136.65     -0.35
     3553.688166  7.053099  0.002494 58.928083      1.97    130.57     -0.26
     3554.619426  7.053357  0.002488 60.012816     -0.51    117.79     -0.40
     3555.550686  7.053742  0.002504 62.224782     -1.31     97.04     -0.32
     3556.481946  7.053923  0.002502 64.226056     -0.07     68.38     -0.20
     3557.413206  7.054308  0.002520 64.872519      2.38     32.47     -0.22
     3558.344466  7.054519  0.002507 63.784100      4.60    -10.25     -0.14
     3559.275726  7.054811  0.002493 61.571854      5.31    -58.98     -0.18
     3560.206986  7.055006  0.002478 59.548362      3.93   -114.13      0.43
     3561.138246  7.055545  0.002521 58.953218      1.21   -174.63      0.29
     3562.069506  7.055657  0.002495 60.203230     -1.16    118.17     -0.22
     3563.000766  7.055901  0.002490 62.476647     -1.73     42.14      0.24
     3563.932026  7.056306  0.002513 64.418473     -0.28    -41.26      0.23
     3564.863286  7.056585  0.002515 64.879995      2.26   -131.82      0.08
     3565.794546  7.056713  0.002481 63.589951      4.39    131.17     -0.21
     3566.725806  7.057107  0.002503 61.284648      4.83     27.25      0.41
     3567.657066  7.057295  0.002479 59.335308      3.18    -81.41     -0.00
     3568.588326  7.057761  0.002524 58.983163      0.37    163.19      0.14
     3569.519586  7.057957  0.002502 60.462606     -1.82     40.85      0.03
     3570.450846  7.058298  0.002514 62.816659     -2.06    -89.32     -0.10
     3571.382106  7.058536  0.002503 64.599853     -0.33    132.51      0.04
     3572.313366  7.058836  0.002503 64.761534      2.24    -12.38     -0.19
     3573.244626  7.059151  0.002510 63.198356      4.14   -164.38      0.24
     3574.175886  7.059322  0.002496 60.826177      4.17     37.83      0.54
     3575.107146  7.059522  0.002476 59.113174      2.15   -124.98      0.08
     3576.038406  7.059883  0.002484 59.176034     -0.69     65.59     -0.16
     3576.969666  7.060264  0.002506 60.975057     -2.51   -111.59     -0.07
     3577.900926  7.060489  0.002508 63.353421     -2.23     63.23      0.11
     3578.832186  7.060766  0.002506 64.851023     -0.15   -129.24     -0.00
     3579.763446  7.061180  0.002510 64.563402      2.43     31.03      0.23
     3580.694706  7.061376  0.002512 62.632436      3.95   -174.76      0.21
     3581.625966  7.061721  0.002513 60.222788      3.42    -25.93     -0.29
     3582.557226  7.061896  0.002496 58.879123      1.00    116.39     -0.13
     3583.488486  7.062194  0.002502 59.475020     -1.78   -107.71     -0.15
     3584.419746  7.062408  0.002490 61.611173     -3.10     20.54     -0.12
     3585.351006  7.062773  0.002502 63.920095     -2.24    140.81      0.08
     3586.282266  7.062948  0.002481 64.957444      0.15   -106.10      0.09
     3587.213526  7.063402  0.002514 64.115159      2.58      0.31      0.10
     3588.144786  7.063575  0.002481 61.869131      3.55    101.00     -0.31
     3589.076046  7.063863  0.002493 59.631900      2.33   -165.07      0.30
     3590.007306  7.064107  0.002496 58.871068     -0.41    -75.98     -0.27
     3590.938566  7.064400  0.002494 60.090743     -2.87      5.08      0.23
     3591.869826  7.064777  0.002504 62.489284     -3.46     79.03      0.06
     3592.801086  7.065034  0.002501 64.519170     -1.93    145.41     -0.24
     3593.732346  7.065412  0.002512 64.904777      0.69   -156.12      0.23
     3594.663606  7.065527  0.002478 63.396481      2.77   -103.50      0.04
     3595.594866  7.065914  0.002502 60.919604      2.96    -56.82     -0.19
     3596.526126  7.066216  0.002503 59.062828      0.99    -16.35      0.06
     3597.457386  7.066442  0.002501 59.070309     -1.92     18.25     -0.09
     3598.388646  7.066739  0.002509 60.933705     -3.82     45.26      0.05
     3599.319906  7.066960  0.002494 63.404972     -3.54     64.37      0.26
     3600.251166  7.067134  0.002473 64.900455     -1.39     76.27      0.21
     3601.182426  7.067426  0.002469 64.485259      1.22     81.39      0.11
     3602.113686  7.067785  0.002477 62.409783      2.65     80.16      0.11
     3603.044946  7.068012  0.002473 59.991361      1.89     73.25      0.02
     3603.976206  7.068310  0.002483 58.836125     -0.70     60.67     -0.22
     3604.907466  7.068719  0.002506 59.743155     -3.40     41.07     -0.15
     3605.838726  7.068895  0.002496 62.095393     -4.37     13.85     -0.09
     3606.769986  7.069279  0.002501 64.319942     -3.13    -20.90     -0.24
     3607.701246  7.069373  0.002464 64.969629     -0.55    -63.13     -0.13
     3608.632506  7.069750  0.002474 63.644609      1.73   -112.22      0.24
     3609.563766  7.069993  0.002483 61.164940      2.17   -167.00      0.30
     3610.495026  7.070413  0.002504 59.152380      0.39    132.82      0.07
     3611.426286  7.070621  0.002495 58.992570     -2.57     66.58     -0.20
     3612.357546  7.070814  0.002480 60.789956     -4.62     -7.18     -0.18
     3613.288806  7.071167  0.002481 63.313116     -4.47    -89.00      0.13
     3614.220066  7.071586  0.002506 64.902101     -2.35   -177.71     -0.15
     3615.151326  7.071612  0.002456 64.518604      0.30     86.35     -0.06
     3616.082586  7.072017  0.002495 62.419134      1.78    -15.81      0.01
     3617.013846  7.072191  0.002472 59.967914      1.03   -123.60     -0.03
     3617.945106  7.072562  0.002490 58.825427     -1.59    122.60      0.19
     3618.876366  7.072835  0.002488 59.805789     -4.30      2.46      0.08
     3619.807626  7.073166  0.002502 62.219395     -5.22   -125.67      0.34
     3620.738886  7.073318  0.002468 64.412973     -3.86     99.05      0.05
     3621.670146  7.073671  0.002483 64.936340     -1.21    -43.27     -0.37
     3622.601406  7.073982  0.002496 63.444691      0.98    167.08     -0.01
     3623.532666  7.074175  0.002475 60.903741      1.24     11.71      0.13
     3624.463926  7.074476  0.002480 59.021880     -0.78   -149.02      0.03
     3625.395186  7.074870  0.002505 59.125075     -3.76     44.14     -0.13
     3626.326446  7.075157  0.002501 61.143136     -5.59   -130.34      0.03
     3627.257706  7.075335  0.002484 63.662498     -5.09     47.31      0.29
     3628.188966  7.075669  0.002487 64.987455     -2.75   -142.24      0.38
     3629.120226  7.076007  0.002503 64.244376     -0.15     21.56      0.38
     3630.051486  7.076167  0.002483 61.912336      0.98    179.51      0.11
     3630.982746  7.076553  0.002501 59.565015     -0.24    -28.51      0.20
     3631.914006  7.076709  0.002487 58.861457     -3.10    117.85      0.10
     3632.845266  7.077098  0.002496 60.299948     -5.57   -102.77      0.10
     3633.776526  7.077316  0.002492 62.852143     -5.92     28.80      0.18
     3634.707786  7.077691  0.002499 64.752447     -4.08    153.51     -0.46
     3635.639046  7.077740  0.002454 64.704161     -1.33    -89.86     -0.02
     3636.570306  7.078131  0.002484 62.757198      0.46     20.62      0.23
     3637.501566  7.078523  0.002501 60.189774      0.01    125.83      0.01
     3638.432826  7.078679  0.002486 58.813681     -2.55   -134.58     -0.18
     3639.364086  7.078885  0.002469 59.625890     -5.40    -41.93      0.06
     3640.295346  7.079294  0.002498 62.029846     -6.53     43.35      0.13
     3641.226606  7.079520  0.002468 64.337674     -5.26    121.20     -0.07
     3642.157866  7.079964  0.002504 64.963294     -2.58   -168.48      0.09
     3643.089126  7.080067  0.002470 63.481477     -0.31   -104.36     -0.01
     3644.020386  7.080456  0.002499 60.896794     -0.05    -46.03     -0.16
     3644.951646  7.080660  0.002488 59.019308     -2.13      6.44      0.03
     3645.882906  7.080997  0.002493 59.221019     -5.13     53.03     -0.02
     3646.814166  7.081235  0.002482 61.354564     -6.86     92.18      0.04
     3647.745426  7.081482  0.002476 63.868260     -6.16    123.91     -0.24
     3648.676686  7.081829  0.002489 65.004169     -3.67    148.04     -0.26
     3649.607946  7.082077  0.002492 63.984772     -1.12    165.25     -0.03
     3650.539206  7.082281  0.002486 61.495949     -0.28    176.54      0.13
     3651.470466  7.082597  0.002485 59.272450     -1.89   -177.54      0.15
     3652.401726  7.082904  0.002482 58.941035     -4.92   -177.42      0.09
     3653.332986  7.083087  0.002472 60.757154     -7.11    175.79     -0.13
     3654.264246  7.083442  0.002483 63.379673     -6.95    161.26     -0.39
     3655.195506  7.083728  0.002480 64.940890     -4.71    138.97     -0.31
     3656.126766  7.083870  0.002457 64.365361     -1.98    109.94     -0.25
     3657.058026  7.084249  0.002470 62.055796     -0.68     74.58      0.07
     3657.989286  7.084436  0.002464 59.621743     -1.85     34.03      0.08
     3658.920546  7.084833  0.002481 58.854771     -4.76    -12.26      0.12
     3659.851806  7.085039  0.002473 60.353282     -7.26    -65.26      0.03
     3660.783066  7.085366  0.002484 62.965105     -7.53   -126.28      0.24
     3661.714326  7.085767  0.002500 64.820869     -5.53    165.96     -0.37
     3662.645586  7.085793  0.002450 64.588049     -2.74     90.59     -0.25
     3663.576846  7.086176  0.002479 62.444824     -1.12      8.72      0.19
     3664.508106  7.086515  0.002487 59.883529     -1.92    -77.94     -0.14
     3665.439366  7.086785  0.002484 58.791827     -4.74   -170.64     -0.02
     3666.370626  7.087055  0.002489 60.017828     -7.47     90.15     -0.04
     3667.301886  7.087260  0.002474 62.614048     -8.08    -16.42     -0.37
     3668.233146  7.087543  0.002470 64.672303     -6.29   -131.51      0.20
     3669.164406  7.087708  0.002442 64.739756     -3.48    107.51     -0.25
     3670.095666  7.088144  0.002484 62.762638     -1.63    -20.28     -0.08
     3671.026926  7.088315  0.002462 60.146567     -2.15   -153.74      0.21
     3671.958186  7.088622  0.002472 58.836852     -4.84     67.86     -0.08
     3672.889446  7.088948  0.002487 59.848609     -7.67    -77.48      0.06
     3673.820706  7.089217  0.002473 62.398595     -8.51    129.95     -0.20
     3674.751966  7.089569  0.002477 64.578372     -6.88    -30.39     -0.35
     3675.683226  7.089870  0.002488 64.814298     -4.05    161.93     -0.17
     3676.614486  7.090078  0.002483 62.928020     -2.06    -12.07      0.08
     3677.545746  7.090377  0.002490 60.267348     -2.43    168.64      0.05
     3678.477006  7.090683  0.002483 58.821673     -5.06    -16.16      0.07
     3679.408266  7.090818  0.002468 59.717239     -7.98    152.47      0.23
     3680.339526  7.091147  0.002475 62.246266     -8.96    -46.04     -0.06
     3681.270786  7.091386  0.002461 64.491539     -7.41    107.34      0.07
     3682.202046  7.091623  0.002448 64.834093     -4.57   -106.30      0.22
     3683.133306  7.092026  0.002480 63.025620     -2.52     33.75      0.51
     3684.064566  7.092323  0.002483 60.357425     -2.82    169.09     -0.03
     3684.995826  7.092552  0.002483 58.872525     -5.42    -61.57      0.01
     3685.927086  7.092872  0.002485 59.726131     -8.36     61.61     -0.19
     3686.858346  7.093016  0.002466 62.248307     -9.34    176.91     -0.13
     3687.789606  7.093310  0.002464 64.498852     -7.77    -75.75      0.16
     3688.720866  7.093774  0.002488 64.831253     -4.92     24.84      0.21
     3689.652126  7.093868  0.002462 62.974694     -2.87    119.99     -0.49
     3690.583386  7.094121  0.002460 60.305335     -3.23   -151.90      0.35
     3691.514646  7.094446  0.002474 58.850387     -5.89    -67.87     -0.13
     3692.445906  7.094734  0.002469 59.764194     -8.83      9.00      0.13
     3693.377166  7.095084  0.002491 62.314376     -9.75     78.64      0.01
     3694.308426  7.095312  0.002472 64.528031     -8.09    140.41      0.03
     3695.239686  7.095701  0.002490 64.766118     -5.22   -164.68     -0.02
     3696.170946  7.095839  0.002461 62.851292     -3.25   -116.27      0.34
     3697.102206  7.096118  0.002460 60.201671     -3.75    -72.25     -0.29
     3698.033466  7.096475  0.002490 58.877801     -6.52    -34.49     -0.07
     3698.964726  7.096637  0.002474 59.949298     -9.38     -3.40      0.30
     3699.895986  7.096863  0.002462 62.541794    -10.08     20.63      0.02
     3700.827246  7.097214  0.002476 64.637610     -8.24     36.79     -0.11
     3701.758506  7.097568  0.002483 64.670103     -5.34     45.60      0.22
     3702.689766  7.097787  0.002466 62.601046     -3.54     48.46      0.51
     3703.621026  7.097935  0.002445 59.978475     -4.32     46.45      0.34
     3704.552286  7.098289  0.002459 58.869711     -7.24     39.14      0.05
     3705.483546  7.098584  0.002470 60.178719     -9.98     24.87      0.10
     3706.414806  7.098781  0.002465 62.827158    -10.39      3.00     -0.02
     3707.346066  7.099163  0.002474 64.733184     -8.33    -26.62     -0.02
     3708.277326  7.099282  0.002445 64.463592     -5.44    -62.96     -0.07
     3709.208586  7.099670  0.002452 62.230611     -3.91   -105.53      0.24
     3710.139846  7.099946  0.002464 59.721550     -5.06   -152.99      0.25
     3711.071106  7.100318  0.002483 58.960539     -8.12    154.42     -0.10
     3712.002366  7.100515  0.002469 60.587038    -10.63     94.82     -0.30
     3712.933626  7.100684  0.002462 63.245170    -10.60     26.84     -0.00
     3713.864886  7.101037  0.002473 64.859812     -8.24    -48.56      0.13
     3714.796146  7.101413  0.002487 64.204027     -5.39   -130.52      0.18
     3715.727406  7.101574  0.002464 61.749943     -4.26    142.57     -0.50
     3716.658666  7.101781  0.002450 59.413163     -5.87     49.02      0.34
     3717.589926  7.102114  0.002464 59.093651     -9.06    -48.68     -0.29
     3718.521186  7.102388  0.002465 61.058197    -11.22   -154.66      0.29
     3719.452446  7.102715  0.002478 63.678128    -10.69     92.49     -0.12
     3720.383706  7.102973  0.002471 64.885973     -8.06    -28.30     -0.03
     3721.314966  7.103305  0.002478 63.762089     -5.39   -155.46     -0.03
     3722.246226  7.103499  0.002457 61.158750     -4.79     71.44      0.40
     3723.177486  7.103703  0.002441 59.139917     -6.91    -65.68     -0.20
     3724.108746  7.104080  0.002470 59.400733    -10.12    150.66     -0.15
     3725.040006  7.104313  0.002473 61.723706    -11.75     -0.70      0.25
     3725.971266  7.104539  0.002461 64.182730    -10.59   -159.29     -0.03
     3726.902526  7.104906  0.002473 64.845080     -7.72     34.69     -0.14
     3727.833786  7.105224  0.002481 63.203753     -5.36   -137.93      0.10
     3728.765046  7.105404  0.002465 60.514811     -5.45     44.18      0.34
     3729.696306  7.105703  0.002468 58.949769     -8.08   -138.52      0.32
     3730.627566  7.106036  0.002467 59.848019    -11.14     32.53      0.34
     3731.558826  7.106197  0.002461 62.443974    -12.07   -164.00      0.38
     3732.490086  7.106570  0.002478 64.584708    -10.30     -7.96      0.08
     3733.421346  7.106737  0.002466 64.571787     -7.33    140.75      0.10
     3734.352606  7.107079  0.002466 62.422324     -5.50    -76.51      0.09
     3735.283866  7.107287  0.002465 59.827815     -6.40     60.90      0.30
     3736.215126  7.107738  0.002481 58.928827     -9.46   -166.40     -0.05
     3737.146386  7.107817  0.002455 60.545748    -12.12    -40.31     -0.43
     3738.077646  7.108059  0.002439 63.276382    -12.20     77.13      0.07
     3739.008906  7.108471  0.002470 64.896983     -9.81   -172.63      0.19
     3739.940166  7.108656  0.002472 64.110175     -6.93    -68.74     -0.08
     3740.871426  7.108920  0.002460 61.555303     -5.84     29.12      0.00
     3741.802686  7.109201  0.002454 59.261784     -7.59    122.10     -0.02
     3742.733946  7.109628  0.002481 59.188305    -10.86   -150.69      0.20
     3743.665207  7.109719  0.002442 61.421545    -12.83    -69.86     -0.29
     3744.596467  7.110108  0.002471 64.041857    -11.96      2.28      0.12
     3745.527727  7.110224  0.002446 64.906138     -9.14     67.82     -0.18
     3746.458987  7.110566  0.002469 63.330234     -6.64    126.49      0.03
     3747.390247  7.110790  0.002452 60.558390     -6.55   -179.92     -0.09
     3748.321507  7.111133  0.002468 58.877431     -9.13   -131.55     -0.04
     3749.252767  7.111345  0.002444 59.762165    -12.26    -89.41      0.14
     3750.184027  7.111653  0.002447 62.459272    -13.26    -53.96     -0.48
     3751.115287  7.112068  0.002481 64.688158    -11.45    -26.97     -0.30
     3752.046547  7.112294  0.002476 64.636828     -8.43     -7.27      0.25
     3752.977807  7.112414  0.002453 62.347064     -6.65      7.06      0.18
     3753.909067  7.112695  0.002455 59.676151     -7.67     16.50     -0.12
     3754.840327  7.113102  0.002472 58.892314    -10.81     20.35     -0.09
     3755.771587  7.113342  0.002466 60.695990    -13.35     17.42      0.03
     3756.702847  7.113610  0.002466 63.518229    -13.16      7.04     -0.12
     3757.634107  7.113985  0.002480 64.986178    -10.59    -10.86     -0.13
     3758.565367  7.114098  0.002462 63.899854     -7.79    -35.30     -0.14
     3759.496627  7.114459  0.002471 61.140715     -7.07    -65.39     -0.09
     3760.427887  7.114597  0.002453 59.005229     -9.25   -100.54     -0.00
     3761.359147  7.114996  0.002467 59.344274    -12.54   -141.32     -0.08
     3762.290407  7.115127  0.002448 61.881177    -14.05    170.63     -0.22
     3763.221667  7.115415  0.002439 64.410054    -12.65    114.59     -0.08
     3764.152927  7.115732  0.002451 64.842183     -9.63     51.31      0.34
     3765.084187  7.116020  0.002469 62.818911     -7.51    -17.10     -0.11
     3766.015447  7.116251  0.002454 60.016654     -8.13    -91.05     -0.21
     3766.946707  7.116578  0.002462 58.837911    -11.16   -170.50      0.02
     3767.877967  7.116826  0.002464 60.352780    -13.95    103.78     -0.01
     3768.809227  7.117050  0.002458 63.188139    -14.07     10.43     -0.17
     3769.740487  7.117224  0.002433 64.922564    -11.64    -90.92      0.21
     3770.671747  7.117656  0.002466 64.125153     -8.72    162.09     -0.26
     3771.603007  7.117835  0.002439 61.437370     -7.77     48.50      0.31
     3772.534267  7.118163  0.002453 59.137583     -9.78    -68.95     -0.22
     3773.465527  7.118445  0.002460 59.270482    -13.12    166.96      0.20
     3774.396787  7.118675  0.002453 61.699949    -14.80     36.27     -0.07
     3775.328047  7.118944  0.002453 64.266798    -13.49   -102.73      0.17
     3776.259307  7.119114  0.002431 64.806593    -10.47    111.56      0.10
     3777.190567  7.119457  0.002445 62.872818     -8.28    -39.59     -0.45
     3778.121827  7.119887  0.002472 60.088496     -8.87    163.45     -0.24
     3779.053087  7.120172  0.002473 58.909022    -11.93      1.18      0.19
     3779.984347  7.120303  0.002448 60.413154    -14.73   -167.27      0.24
     3780.915607  7.120504  0.002445 63.220077    -14.81     16.67      0.09
     3781.846867  7.120905  0.002468 64.881774    -12.29   -166.85     -0.18
     3782.778127  7.121174  0.002462 64.001182     -9.37      2.86     -0.14
     3783.709387  7.121418  0.002457 61.300976     -8.54    167.45     -0.33
     3784.640647  7.121766  0.002463 59.125141    -10.71    -33.05     -0.26
     3785.571907  7.121867  0.002443 59.463987    -14.06    121.00     -0.44
     3786.503167  7.122229  0.002448 61.982180    -15.54    -92.79     -0.14
     3787.434427  7.122393  0.002447 64.404725    -13.99     45.81     -0.06
     3788.365687  7.122761  0.002458 64.651781    -10.92    177.42     -0.02
     3789.296947  7.122960  0.002439 62.498265     -8.93    -56.69     -0.09
     3790.228207  7.123218  0.002443 59.806938     -9.87     63.71      0.42
     3791.159467  7.123700  0.002470 58.986889    -13.10   -179.98     -0.05
     3792.090727  7.123767  0.002435 60.847468    -15.68    -70.48     -0.41
     3793.021987  7.124005  0.002438 63.644320    -15.33     30.14      0.27
     3793.953247  7.124357  0.002458 64.913093    -12.57    124.17      0.07
     3794.884507  7.124662  0.002461 63.575640     -9.79   -148.19     -0.13
     3795.815767  7.124910  0.002450 60.750618     -9.45    -66.26      0.17
     3796.747027  7.125275  0.002465 58.946172    -12.06     11.58     -0.18
     3797.678287  7.125360  0.002428 59.858677    -15.29     82.87      0.11
     3798.609547  7.125748  0.002456 62.635642    -16.18    147.48     -0.43
     3799.540807  7.125972  0.002453 64.748155    -14.12   -156.81      0.24
     3800.472067  7.126224  0.002446 64.353788    -11.03   -106.92     -0.09
     3801.403327  7.126553  0.002459 61.781364     -9.59    -63.08     -0.05
     3802.334587  7.126800  0.002453 59.276072    -11.25    -23.97     -0.10
     3803.265847  7.127135  0.002464 59.153508    -14.65      9.77     -0.12
     3804.197107  7.127356  0.002459 61.555554    -16.63     36.02      0.31
     3805.128367  7.127471  0.002428 64.263722    -15.50     54.76      0.49
     3806.059627  7.127745  0.002423 64.871360    -12.43     66.95      0.13
     3806.990887  7.128132  0.002446 62.853221    -10.13     72.97     -0.13
     3807.922147  7.128363  0.002452 59.971880    -10.72     73.61     -0.04
     3808.853407  7.128634  0.002452 58.850088    -13.86     69.34      0.02
     3809.784667  7.129005  0.002459 60.556927    -16.64     58.48      0.20
     3810.715927  7.129166  0.002444 63.491203    -16.52     40.04      0.26
     3811.647187  7.129581  0.002465 64.993747    -13.81     14.45      0.10
     3812.578447  7.129741  0.002455 63.730992    -10.97    -17.52     -0.02
     3813.509707  7.130071  0.002460 60.809201    -10.54    -54.82     -0.14
     3814.440967  7.130188  0.002440 58.877771    -13.14    -97.15     -0.05
     3815.372227  7.130572  0.002452 59.742993    -16.42   -145.36     -0.01
     3816.303487  7.130737  0.002437 62.596308    -17.29    159.05     -0.14
     3817.234747  7.130947  0.002423 64.780237    -15.15     95.40      0.19
     3818.166007  7.131445  0.002463 64.383626    -12.02     25.41      0.29
     3819.097267  7.131614  0.002445 61.730488    -10.71    -49.11     -0.55
     3820.028527  7.131732  0.002421 59.245058    -12.57   -129.85      0.04
     3820.959787  7.132115  0.002449 59.265030    -16.01    144.52      0.06
     3821.891047  7.132405  0.002450 61.762282    -17.73     51.78     -0.06
     3822.822307  7.132672  0.002447 64.376842    -16.28    -49.01      0.04
     3823.753567  7.133048  0.002466 64.738000    -13.11   -156.59      0.00
     3824.684827  7.133150  0.002421 62.518464    -11.08     90.11     -0.04
     3825.616087  7.133573  0.002456 59.720818    -12.16    -27.74     -0.32
     3826.547347  7.133771  0.002444 58.995977    -15.54   -151.58      0.32
     3827.478607  7.134015  0.002443 61.040920    -17.97     78.93     -0.16
     3828.409867  7.134329  0.002457 63.860596    -17.26    -59.17      0.08
     3829.341127  7.134521  0.002447 64.854421    -14.26    155.68      0.11
     3830.272387  7.134793  0.002452 63.138532    -11.71      4.78     -0.14
     3831.203647  7.135063  0.002446 60.257706    -12.02   -151.51      0.14
     3832.134907  7.135309  0.002433 58.937699    -15.11     47.47      0.37
     3833.066167  7.135573  0.002425 60.492299    -18.05   -119.52      0.23
     3833.997427  7.135773  0.002426 63.388748    -18.05     65.65      0.14
     3834.928687  7.136065  0.002443 64.896300    -15.31   -116.51     -0.19
     3835.859947  7.136468  0.002456 63.653868    -12.40     54.51     -0.05
     3836.791207  7.136650  0.002447 60.769369    -12.01   -139.61      0.15
     3837.722467  7.137024  0.002459 58.941567    -14.71     21.99      0.04
     3838.653727  7.137259  0.002457 59.995365    -17.97    177.72     -0.07
     3839.584987  7.137517  0.002446 62.894092    -18.65    -33.92     -0.35
     3840.516247  7.137669  0.002436 64.839825    -16.29    106.34     -0.18
     3841.447507  7.138009  0.002445 64.057156    -13.18   -119.92     -0.12
     3842.378767  7.138164  0.002431 61.233585    -12.21      8.48     -0.08
     3843.310027  7.138506  0.002438 59.004501    -14.47    132.10      0.12
     3844.241287  7.138805  0.002438 59.576870    -17.93   -109.67      0.17
     3845.172547  7.139070  0.002451 62.402846    -19.15      1.49     -0.09
     3846.103807  7.139211  0.002411 64.748076    -17.18    104.86     -0.20
     3847.035067  7.139642  0.002446 64.440168    -13.96   -159.18      0.36
     3847.966327  7.139914  0.002455 61.740810    -12.49    -67.65     -0.22
     3848.897587  7.140076  0.002435 59.186441    -14.33     18.47     -0.04
     3849.828847  7.140321  0.002434 59.276761    -17.83     99.39      0.04
     3850.760107  7.140597  0.002438 61.920779    -19.51    173.51     -0.23
     3851.691367  7.140821  0.002422 64.534012    -17.90   -120.97      0.38
     3852.622627  7.141060  0.002415 64.662455    -14.68    -60.97     -0.31
     3853.553887  7.141436  0.002440 62.180122    -12.85     -7.73      0.09
     3854.485147  7.141593  0.002422 59.413609    -14.31     41.28     -0.02
     3855.416407  7.141938  0.002440 59.077013    -17.82     85.17     -0.15
     3856.347667  7.142234  0.002442 61.501628    -19.87    121.76      0.03
     3857.278927  7.142523  0.002441 64.279056    -18.60    150.87     -0.13
     3858.210187  7.142851  0.002449 64.782823    -15.39    172.90     -0.12
     3859.141447  7.143070  0.002444 62.548551    -13.27   -170.98      0.13
     3860.072707  7.143286  0.002436 59.687962    -14.39   -159.42      0.27
     3861.003967  7.143588  0.002436 59.034100    -17.85   -152.71      0.26
     3861.935227  7.143770  0.002428 61.243647    -20.17   -152.71      0.10
     3862.866487  7.144033  0.002435 64.079792    -19.16   -160.46     -0.21
     3863.797747  7.144421  0.002453 64.816709    -15.99   -175.68     -0.18
     3864.729007  7.144581  0.002435 62.756822    -13.66    163.51     -0.30
     3865.660267  7.144932  0.002436 59.855546    -14.51    138.04     -0.43
     3866.591527  7.145014  0.002407 59.010337    -17.92    107.56     -0.35
     3867.522787  7.145393  0.002423 61.078834    -20.46     70.22     -0.07
     3868.454047  7.145593  0.002427 63.947010    -19.68     25.21      0.01
     3869.385307  7.145932  0.002440 64.809311    -16.56    -27.04      0.08
     3870.316567  7.146229  0.002441 62.846042    -14.08    -85.13      0.08
     3871.247827  7.146460  0.002439 59.931367    -14.76   -147.89      0.09
     3872.179087  7.146714  0.002426 58.976294    -18.11    145.00     -0.26
     3873.110347  7.146965  0.002415 61.004638    -20.78     70.39      0.35
     3874.041607  7.147350  0.002452 63.940772    -20.13    -11.09      0.01
     3874.972867  7.147436  0.002423 64.877314    -17.02   -100.02     -0.18
     3875.904127  7.147702  0.002426 62.936181    -14.47    164.58      0.08
     3876.835387  7.148032  0.002435 59.959419    -15.02     64.65      0.14
     3877.766647  7.148249  0.002419 58.914900    -18.35    -39.69     -0.02
     3878.697907  7.148648  0.002447 60.914576    -21.07   -150.96      0.31
     3879.629167  7.148745  0.002405 63.907348    -20.49     90.61      0.06
     3880.560427  7.149151  0.002441 64.924544    -17.41    -35.09     -0.14
     3881.491687  7.149337  0.002433 62.982876    -14.83   -167.47      0.31
     3882.422947  7.149554  0.002427 59.944121    -15.38     56.22     -0.12
     3883.354207  7.149842  0.002430 58.857141    -18.73    -85.37      0.01
     3884.285467  7.150084  0.002420 60.865161    -21.45    126.72     -0.02
     3885.216727  7.150454  0.002433 63.898666    -20.84    -28.62     -0.38
     3886.147987  7.150807  0.002448 64.952462    -17.73    168.31     -0.13
     3887.079247  7.150982  0.002444 63.010179    -15.18     -0.70      0.19
     3888.010507  7.151208  0.002433 59.961165    -15.79   -174.10      0.15
     3888.941767  7.151513  0.002435 58.898544    -19.16      7.69      0.18
     3889.873027  7.151658  0.002422 60.930246    -21.81   -176.90      0.02
     3890.804287  7.151996  0.002433 63.926036    -21.09     -9.33     -0.14
     3891.735547  7.152257  0.002430 64.890724    -17.93    151.11     -0.31
     3892.666807  7.152453  0.002408 62.888354    -15.44    -54.28     -0.41
     3893.598067  7.152713  0.002407 59.894959    -16.21     95.28     -0.11
     3894.529327  7.152972  0.002411 58.977509    -19.68   -119.74      0.06
     3895.460587  7.153267  0.002421 61.102164    -22.22     18.61      0.20
     3896.391847  7.153624  0.002443 64.018153    -21.33    149.29      0.12
     3897.323107  7.153782  0.002427 64.770558    -18.09    -87.14      0.03
     3898.254367  7.154151  0.002442 62.651194    -15.75     30.52      0.14
     3899.185627  7.154410  0.002429 59.737685    -16.75    144.34     -0.39
     3900.116887  7.154515  0.002398 59.094865    -20.29   -107.65      0.14
     3901.048147  7.154908  0.002440 61.415821    -22.63     -5.86      0.12
     3901.979407  7.155094  0.002416 64.237639    -21.47     88.26     -0.11
     3902.910667  7.155431  0.002435 64.707452    -18.17    174.78      0.12
     3903.841927  7.155752  0.002444 62.345304    -16.01   -104.06      0.07
     3904.773187  7.155964  0.002428 59.501566    -17.32    -27.11     -0.19
     3905.704447  7.156283  0.002435 59.167903    -20.93     44.37      0.22
     3906.635707  7.156416  0.002409 61.728486    -23.00    109.92     -0.32
     3907.566967  7.156849  0.002447 64.468893    -21.52    166.92     -0.09
     3908.498227  7.157005  0.002428 64.602509    -18.17   -143.06      0.19
     3909.429487  7.157304  0.002436 61.984491    -16.33    -98.10     -0.05
     3910.360747  7.157543  0.002431 59.240293    -18.03    -57.98      0.12
     3911.292007  7.157715  0.002420 59.270471    -21.68    -22.53     -0.08
     3912.223267  7.158018  0.002430 62.062784    -23.36      5.65     -0.14
     3913.154527  7.158347  0.002436 64.677440    -21.50     25.76      0.18
     3914.085787  7.158607  0.002428 64.467761    -18.15     39.29      0.45
     3915.017047  7.158751  0.002410 61.641745    -16.70     47.88      0.34
     3915.948307  7.158976  0.002409 59.084798    -18.84     52.35     -0.07
     3916.879567  7.159392  0.002434 59.522581    -22.44     51.18     -0.15
     3917.810827  7.159598  0.002431 62.467103    -23.62     42.36      0.05
     3918.742087  7.159923  0.002436 64.805106    -21.34     26.10      0.01
     3919.673347  7.160223  0.002438 64.161397    -18.05      3.40      0.02
     3920.604607  7.160440  0.002431 61.178280    -17.12    -23.99     -0.33
     3921.535867  7.160662  0.002424 58.968532    -19.73    -56.18     -0.24
     3922.467127  7.160895  0.002420 59.917496    -23.22    -93.92     -0.21
     3923.398387  7.161095  0.002416 62.952240    -23.82   -139.54      0.07
     3924.329647  7.161464  0.002430 64.858545    -21.13    167.57      0.03
     3925.260907  7.161615  0.002409 63.682759    -18.01    108.41      0.06
     3926.192167  7.161936  0.002422 60.642797    -17.70     44.21      0.40
     3927.123427  7.162319  0.002437 58.936495    -20.76    -23.23     -0.33
     3928.054687  7.162420  0.002399 60.482794    -23.96    -97.58     -0.15
     3928.985947  7.162744  0.002426 63.558520    -23.85   -179.79      0.10
     3929.917207  7.162941  0.002421 64.886851    -20.80     91.01     -0.13
     3930.848467  7.163184  0.002416 63.119792    -17.99     -4.52     -0.02
     3931.779727  7.163501  0.002422 60.045436    -18.40   -104.80      0.29
     3932.710987  7.163780  0.002419 58.952031    -21.83    151.47     -0.34
     3933.642247  7.164088  0.002423 61.087901    -24.56     39.98      0.40
     3934.573507  7.164243  0.002400 64.104179    -23.71    -77.99     -0.16
     3935.504767  7.164622  0.002435 64.801687    -20.41    156.14      0.03
     3936.436027  7.164767  0.002414 62.453248    -18.10     24.69      0.09
     3937.367287  7.165040  0.002419 59.479801    -19.34   -111.06      0.01
     3938.298547  7.165256  0.002412 59.105749    -23.01    108.17      0.19
     3939.229807  7.165538  0.002409 61.769722    -25.06    -38.83     -0.29
     3940.161067  7.165973  0.002435 64.566010    -23.41    165.98     -0.32
     3941.092328  7.166250  0.002442 64.561925    -20.00      3.60      0.15
     3942.023588  7.166344  0.002413 61.759692    -18.39   -163.79      0.31
     3942.954848  7.166595  0.002411 59.110237    -20.47     24.85      0.14
     3943.886108  7.166930  0.002425 59.526168    -24.13   -151.71     -0.04
     3944.817368  7.167111  0.002419 62.525478    -25.29     24.20     -0.07
     3945.748628  7.167504  0.002436 64.831982    -22.90   -167.46     -0.19
     3946.679888  7.167740  0.002427 64.028676    -19.60     -5.66     -0.09
     3947.611148  7.168001  0.002429 60.951135    -18.89    151.67     -0.40
     3948.542408  7.168199  0.002415 58.924971    -21.76    -55.66     -0.28
     3949.473668  7.168450  0.002413 60.214320    -25.15     91.38     -0.31
     3950.404928  7.168648  0.002411 63.328257    -25.30   -129.69      0.05
     3951.336188  7.169019  0.002427 64.878566    -22.30      2.32     -0.14
     3952.267448  7.169149  0.002402 63.222857    -19.39    128.10     -0.04
     3953.198708  7.169442  0.002404 60.126913    -19.73   -110.91      0.38
     3954.129968  7.169916  0.002442 58.983994    -23.21      6.50      0.04
     3955.061228  7.169983  0.002403 61.146872    -25.94    117.62     -0.42
     3955.992488  7.170175  0.002399 64.141088    -24.99   -140.19      0.17
     3956.923748  7.170523  0.002425 64.725460    -21.61    -44.50      0.12
     3957.855008  7.170820  0.002425 62.276553    -19.39     45.70     -0.02
     3958.786268  7.171058  0.002411 59.380818    -20.87    131.53      0.00
     3959.717528  7.171439  0.002438 59.290198    -24.62   -147.45      0.10
     3960.648788  7.171534  0.002395 62.138298    -26.38    -73.11     -0.10
     3961.580048  7.171972  0.002436 64.727608    -24.38     -6.74     -0.08
     3962.511308  7.172086  0.002407 64.266173    -20.95     52.82      0.12
     3963.442568  7.172428  0.002430 61.228572    -19.78    107.75     -0.17
     3964.373828  7.172654  0.002424 58.896907    -22.36    157.86      0.17
     3965.305088  7.172910  0.002421 59.915004    -25.93   -156.95     -0.04
     3966.236348  7.173127  0.002417 63.120702    -26.44   -119.81      0.24
     3967.167608  7.173232  0.002383 64.968276    -23.57    -89.69      0.12
     3968.098868  7.173556  0.002391 63.489750    -20.50    -65.07     -0.48
     3969.030128  7.173999  0.002430 60.271268    -20.62    -45.76     -0.37
     3969.961388  7.174224  0.002430 58.894523    -24.03    -31.17      0.14
     3970.892648  7.174355  0.002411 60.936719    -26.88    -22.43      0.16
     3971.823908  7.174690  0.002418 64.031568    -26.03    -21.35     -0.05
     3972.755168  7.174912  0.002410 64.772164    -22.63    -27.46     -0.13
     3973.686428  7.175145  0.002400 62.366886    -20.38    -38.79     -0.39
     3974.617688  7.175464  0.002403 59.442309    -21.89    -54.60     -0.33
     3975.548948  7.175599  0.002388 59.345507    -25.68    -75.11     -0.33
     3976.480208  7.175959  0.002405 62.172503    -27.38   -103.01     -0.04
     3977.411468  7.176161  0.002407 64.674230    -25.25   -138.50      0.00
     3978.342728  7.176468  0.002413 64.101666    -21.82    179.40      0.09
     3979.273988  7.176732  0.002406 61.056053    -20.82    132.63     -0.04
     3980.205248  7.176891  0.002391 58.942136    -23.62     81.36      0.32
     3981.136508  7.177364  0.002428 60.233555    -27.10     24.90      0.31
     3982.067768  7.177598  0.002421 63.460526    -27.29    -38.39     -0.51
     3982.999028  7.177658  0.002389 64.945878    -24.20   -110.34     -0.10
     3983.930288  7.177981  0.002409 63.079581    -21.31    171.91      0.13
     3984.861548  7.178321  0.002421 59.875153    -21.86     90.02      0.08
     3985.792808  7.178604  0.002419 58.958162    -25.49      3.97     -0.12
     3986.724068  7.178814  0.002407 61.435698    -27.98    -89.15      0.22
     3987.655328  7.179175  0.002430 64.432945    -26.59    170.80     -0.29
     3988.586588  7.179270  0.002391 64.608652    -23.09     62.98      0.19
     3989.517848  7.179625  0.002417 61.769750    -21.35    -49.12     -0.31
     3990.449108  7.179838  0.002411 59.067449    -23.52   -166.32      0.14
     3991.380368  7.180128  0.002419 59.631550    -27.27     72.18     -0.23
     3992.311628  7.180388  0.002416 62.776430    -28.21    -57.36      0.00
     3993.242888  7.180668  0.002416 64.891692    -25.50    165.94     -0.20
     3994.174148  7.180969  0.002427 63.658390    -22.27     22.58      0.22
     3995.105408  7.181039  0.002386 60.445604    -22.16   -125.10      0.46
     3996.036668  7.181228  0.002376 58.943204    -25.55     83.83     -0.06
     3996.967928  7.181651  0.002411 60.939047    -28.52    -73.67     -0.35
     3997.899188  7.181969  0.002424 64.037445    -27.68    120.26       NaN
     3998.830448  7.182084  0.002405 64.706309    -24.21    -52.71      0.12
     3999.761708  7.182352  0.002395 62.202260    -22.00    129.40     -0.19
     4000.692968  7.182645  0.002393 59.330078    -23.69    -52.84     -0.15
     4001.624228  7.182798  0.002382 59.489104    -27.53    120.47     -0.39
     4002.555488  7.183172  0.002394 62.502556    -28.96    -73.72     -0.30
     4003.486748  7.183322  0.002387 64.821391    -26.53     84.30     -0.16
     4004.418008  7.183722  0.002411 63.830921    -23.14   -124.08     -0.01
     4005.349268  7.183870  0.002402 60.601669    -22.64     23.11     -0.15
     4006.280528  7.184237  0.002407 58.833351    -25.84    166.07     -0.09
     4007.211788  7.184369  0.002387 60.680811    -29.05    -56.73     -0.16
     4008.143048  7.184625  0.002385 63.938312    -28.52     72.10      0.41
     4009.074308  7.185112  0.002423 64.884811    -25.11   -165.46      0.27
     4010.005568  7.185254  0.002414 62.436723    -22.71    -48.07     -0.34
     4010.936828  7.185386  0.002391 59.379292    -24.18     64.31     -0.09
     4011.868088  7.185730  0.002404 59.288318    -28.02    172.03      0.13
     4012.799348  7.186064  0.002420 62.275490    -29.62    -87.14      0.14
     4013.730608  7.186344  0.002419 64.800341    -27.29      6.27     -0.16
     4014.661868  7.186414  0.002378 63.997767    -23.84     93.00     -0.06
     4015.593128  7.186824  0.002417 60.784960    -23.23    175.18     -0.05
     4016.524388  7.186886  0.002376 58.904129    -26.42   -106.69     -0.00
     4017.455648  7.187270  0.002407 60.624105    -29.67    -34.36     -0.04
     4018.386908  7.187452  0.002397 63.823840    -29.17     30.14     -0.08
     4019.318168  7.187757  0.002409 64.759111    -25.75     87.24      0.07
     4020.249428  7.187976  0.002391 62.374816    -23.34    139.32     -0.19
     4021.180688  7.188393  0.002418 59.404062    -24.88   -172.85     -0.15
     4022.111948  7.188602  0.002399 59.439133    -28.75   -130.13      0.38
     4023.043208  7.188768  0.002382 62.462233    -30.27    -93.53     -0.09
     4023.974468  7.189063  0.002404 64.832690    -27.84    -65.06     -0.21
     4024.905728  7.189288  0.002407 63.811248    -24.41    -43.36      0.05
     4025.836988  7.189567  0.002403 60.542220    -23.94    -25.96     -0.01
     4026.768248  7.189878  0.002405 58.855034    -27.24    -12.42     -0.11
     4027.699508  7.190084  0.002402 60.840146    -30.37     -4.82     -0.21
     4028.630768  7.190447  0.002417 64.091824    -29.63     -5.04     -0.23
     4029.562028  7.190716  0.002419 64.788695    -26.13    -12.53      0.01
     4030.493288  7.190872  0.002407 62.125035    -23.95    -25.13     -0.04
     4031.424548  7.191206  0.002415 59.179414    -25.80    -41.91      0.05
     4032.355808  7.191328  0.002401 59.504188    -29.68    -63.36     -0.00
     4033.287068  7.191684  0.002413 62.675396    -30.83    -92.33      0.13
     4034.218328  7.191879  0.002404 64.893940    -28.10   -128.80      0.17
     4035.149588  7.192223  0.002415 63.611839    -24.81   -171.16      0.10
     4036.080848  7.192474  0.002407 60.307401    -24.83    142.61     -0.44
     4037.012108  7.192511  0.002372 58.968569    -28.40     91.58     -0.23
     4037.943368  7.192863  0.002393 61.231443    -31.19     33.94      0.26
     4038.874628  7.193215  0.002416 64.293564    -29.90    -31.02      0.10
     4039.805888  7.193419  0.002411 64.507265    -26.28   -102.97      0.04
     4040.737148  7.193641  0.002403 61.636044    -24.57   -179.69     -0.24
     4041.668408  7.193789  0.002370 59.066129    -26.98     99.24      0.06
     4042.599668  7.194277  0.002415 59.995845    -30.74     13.20      0.26
     4043.530928  7.194410  0.002385 63.281224    -31.23    -79.76     -0.16
     4044.462188  7.194771  0.002416 64.914805    -28.11    178.98      0.23
     4045.393448  7.194993  0.002412 62.967958    -25.13     72.57     -0.12
     4046.324708  7.195231  0.002404 59.696602    -25.91    -38.51      0.04
     4047.255968  7.195546  0.002415 59.080083    -29.76   -153.52     -0.09
     4048.187228  7.195712  0.002394 61.923160    -31.91     84.22      0.30
     4049.118488  7.195980  0.002395 64.735854    -29.90    -44.65     -0.43
     4050.049748  7.196305  0.002414 64.192337    -26.31    178.71      0.15
     4050.981008  7.196370  0.002382 60.926808    -25.41     37.78      0.29
     4051.912268  7.196642  0.002390 58.854854    -28.52   -106.36     -0.25
     4052.843528  7.197004  0.002405 60.554186    -31.87    103.03     -0.03
     4053.774788  7.197247  0.002399 63.872766    -31.36    -55.33      0.12
     4054.706048  7.197417  0.002385 64.804482    -27.85    139.73     -0.24
     4055.637308  7.197721  0.002393 62.262020    -25.53    -30.62     -0.44
     4056.568568  7.198122  0.002417 59.284443    -27.35    154.83     -0.30
     4057.499828  7.198273  0.002403 59.593318    -31.27    -24.56     -0.02
     4058.431088  7.198542  0.002409 62.771445    -32.38    148.98     -0.02
     4059.362348  7.198770  0.002405 64.850305    -29.56    -45.32      0.12
     4060.293608  7.198964  0.002395 63.355889    -26.29    114.57      0.05
     4061.224868  7.199233  0.002386 60.061364    -26.55    -89.97      0.25
     4062.156128  7.199493  0.002389 59.034746    -30.30     61.59      0.39
     4063.087388  7.199799  0.002400 61.632490    -32.83   -153.18      0.40
     4064.018648  7.200160  0.002419 64.590301    -31.14    -15.28     -0.10
     4064.949908  7.200233  0.002393 64.296476    -27.48    115.50     -0.19
     4065.881168  7.200521  0.002401 61.105162    -26.26   -118.76     -0.09
     4066.812428  7.200818  0.002398 58.854099    -29.19      3.37     -0.11
     4067.743688  7.200947  0.002380 60.426246    -32.70    119.95     -0.04
     4068.674948  7.201253  0.002392 63.811082    -32.40   -131.50      0.36
     4069.606208  7.201584  0.002397 64.873052    -28.92    -29.03     -0.27
     4070.537468  7.201762  0.002377 62.335936    -26.49     67.04      0.12
     4071.468728  7.202159  0.002413 59.256118    -28.24    159.64      0.07
     4072.399988  7.202307  0.002394 59.513378    -32.20   -112.22     -0.17
     4073.331248  7.202544  0.002395 62.739972    -33.32    -31.82     -0.01
     4074.262508  7.202831  0.002406 64.877223    -30.45     41.19     -0.08
     4075.193768  7.202973  0.002372 63.367369    -27.19    108.18     -0.02
     4076.125028  7.203402  0.002407 60.041616    -27.57    171.45     -0.29
     4077.056288  7.203548  0.002379 59.091200    -31.39   -130.20      0.36
     4077.987548  7.203824  0.002387 61.759803    -33.79    -77.01     -0.40
     4078.918808  7.204161  0.002413 64.606761    -31.89    -33.02      0.08
     4079.850068  7.204313  0.002394 64.127095    -28.23      4.83      0.08
     4080.781328  7.204559  0.002396 60.884061    -27.26     38.18      0.00
     4081.712588  7.204778  0.002383 58.892449    -30.45     67.56      0.26
     4082.643848  7.205028  0.002370 60.761443    -33.80     91.81      0.01
     4083.575108  7.205287  0.002373 64.087447    -33.10    108.33     -0.27
     4084.506368  7.205514  0.002381 64.714880    -29.48    117.59     -0.33
     4085.437628  7.205894  0.002404 61.866550    -27.40    121.44     -0.20
     4086.368888  7.206127  0.002403 59.024391    -29.63    121.32      0.12
     4087.300148  7.206287  0.002389 59.827600    -33.52    116.63      0.12
     4088.231408  7.206609  0.002390 63.230098    -34.05    104.35      0.20
     4089.162668  7.206713  0.002363 64.949969    -30.82     84.74      0.22
     4090.093928  7.207097  0.002379 62.911726    -27.88     59.38      0.45
     4091.025188  7.207301  0.002382 59.616544    -28.99     30.38      0.40
     4091.956448  7.207666  0.002403 59.286973    -32.97     -2.88      0.33
     4092.887708  7.207894  0.002403 62.337032    -34.67    -42.92      0.01
     4093.818968  7.208067  0.002394 64.794770    -32.11    -91.21      0.08
     4094.750228  7.208450  0.002408 63.645076    -28.62   -145.52      0.05
     4095.681488  7.208648  0.002393 60.274821    -28.57    156.51     -0.47
     4096.612748  7.208700  0.002354 59.010726    -32.28     93.85     -0.06
     4097.544008  7.209126  0.002389 61.528487    -34.98     24.84      0.42
     4098.475268  7.209434  0.002398 64.537323    -33.32    -50.97     -0.18
     4099.406528  7.209639  0.002391 64.230901    -29.61   -134.31      0.04
     4100.337788  7.209890  0.002395 60.959863    -28.48    137.82      0.10
     4101.269048  7.210144  0.002398 58.844021    -31.62     46.57     -0.08
     4102.200308  7.210273  0.002369 60.684670    -35.03    -50.31     -0.19
     4103.131568  7.210654  0.002394 64.084083    -34.34   -155.44      0.18
     4104.062828  7.210721  0.002352 64.742952    -30.69     93.13     -0.09
     4104.994088  7.211160  0.002400 61.846282    -28.65    -23.67     -0.09
     4105.925348  7.211308  0.002375 59.024051    -31.00   -144.25      0.01
     4106.856608  7.211660  0.002396 59.956965    -34.86     90.43     -0.11
     4107.787868  7.211898  0.002392 63.383437    -35.16    -42.79      0.05
     4108.719128  7.212219  0.002403 64.897279    -31.78    177.05     -0.22
     4109.650388  7.212443  0.002395 62.628503    -29.01     30.70      0.33
     4110.581648  7.212507  0.002359 59.435722    -30.50   -118.87      0.38
     4111.512908  7.212789  0.002361 59.516633    -34.55     87.85     -0.25
     4112.444168  7.213189  0.002390 62.743444    -35.81    -73.31     -0.21
     4113.375428  7.213382  0.002395 64.857730    -32.90    117.57      0.06
     4114.306688  7.213597  0.002384 63.188410    -29.61    -57.15      0.01
     4115.237948  7.213893  0.002381 59.818210    -30.18    124.11      0.05
     4116.169208  7.214001  0.002357 59.158479    -34.14    -58.26     -0.19
     4117.100468  7.214350  0.002363 62.142881    -36.25    112.51     -0.25
     4118.031728  7.214503  0.002354 64.833691    -33.92    -84.64     -0.17
     4118.962988  7.214872  0.002375 63.810426    -30.31     71.90     -0.09
     4119.894248  7.215050  0.002373 60.334502    -30.03   -135.83     -0.07
     4120.825508  7.215432  0.002389 58.880535    -33.71     12.72     -0.03
     4121.756768  7.215557  0.002374 61.413169    -36.49    155.29     -0.20
     4122.688028  7.215826  0.002365 64.546441    -34.83    -70.41      0.08
     4123.619288  7.216160  0.002375 64.291940    -31.08     57.35      0.36
     4124.550548  7.216428  0.002394 60.970494    -30.04   -178.85      0.08
     4125.481808  7.216631  0.002379 58.892169    -33.32    -58.62     -0.22
     4126.413068  7.216902  0.002381 60.833644    -36.66     55.39     -0.01
     4127.344328  7.217176  0.002392 64.147152    -35.68    161.63      0.06
     4128.275588  7.217391  0.002386 64.508545    -31.92    -98.99      0.06
     4129.206848  7.217622  0.002385 61.481666    -30.20     -4.00     -0.31
     4130.138108  7.217749  0.002350 58.991178    -32.97     86.60      0.28
     4131.069368  7.218203  0.002393 60.434951    -36.68    172.97     -0.07
     4132.000628  7.218275  0.002353 63.863496    -36.40   -108.95      0.13
     4132.931888  7.218667  0.002394 64.752769    -32.75    -37.79      0.01
     4133.863148  7.218837  0.002376 61.949994    -30.47     27.99      0.06
     4134.794408  7.219112  0.002381 59.043768    -32.68     90.21      0.15
     4135.725668  7.219296  0.002366 59.948802    -36.63    148.14     -0.18
     4136.656928  7.219670  0.002391 63.454053    -36.98   -161.96      0.01
     4137.588188  7.219827  0.002362 64.931225    -33.54   -119.52      0.36
     4138.519448  7.220127  0.002366 62.489109    -30.82    -81.49     -0.26
     4139.450709  7.220489  0.002395 59.270333    -32.51    -47.95     -0.10
     4140.381969  7.220623  0.002380 59.585452    -36.59    -19.01      0.20
     4141.313229  7.220821  0.002374 62.970719    -37.52      3.19     -0.12
     4142.244489  7.221219  0.002398 64.895106    -34.33     17.56     -0.17
     4143.175749  7.221465  0.002395 62.899608    -31.26     25.97      0.20
     4144.107009  7.221655  0.002383 59.581702    -32.42     30.98      0.33
     4145.038269  7.221973  0.002387 59.442212    -36.52     31.87      0.47
     4145.969529  7.222081  0.002372 62.678979    -37.96     25.83      0.42
     4146.900789  7.222422  0.002386 64.884579    -35.05     12.23      0.16
     4147.832049  7.222564  0.002373 63.168865    -31.71     -7.46      0.06
     4148.763309  7.222904  0.002378 59.734802    -32.37    -30.90     -0.10
     4149.694569  7.223004  0.002354 59.213637    -36.42    -58.42     -0.01
     4150.625829  7.223354  0.002360 62.353957    -38.32    -92.87      0.24
     4151.557089  7.223593  0.002366 64.904422    -35.70   -134.94      0.40
     4152.488349  7.223912  0.002387 63.519702    -32.20    177.27      0.21
     4153.419609  7.224232  0.002397 59.973182    -32.44    125.54     -0.11
     4154.350869  7.224374  0.002382 59.018567    -36.42     69.84     -0.23
     4155.282129  7.224555  0.002373 61.954889    -38.66      7.30     -0.11
     4156.213389  7.224825  0.002367 64.768338    -36.33    -63.11      0.05
     4157.144649  7.225228  0.002388 63.784200    -32.67   -139.78      0.37
     4158.075909  7.225448  0.002380 60.294240    -32.56    140.69     -0.46
     4159.007169  7.225561  0.002356 59.040286    -36.42     55.97      0.27
     4159.938429  7.225905  0.002388 61.762319    -38.96    -34.02     -0.12
     4160.869689  7.226052  0.002371 64.656013    -36.87   -132.37     -0.13
     4161.800949  7.226305  0.002370 63.870887    -33.13    122.69      0.03
     4162.732209  7.226609  0.002378 60.421097    -32.70     13.99     -0.16
     4163.663469  7.226764  0.002354 58.971297    -36.44    -98.79      0.29
     4164.594729  7.227098  0.002370 61.597610    -39.22    143.56     -0.50
     4165.525989  7.227428  0.002383 64.659627    -37.37     16.52      0.24
     4166.457249  7.227598  0.002366 64.051544    -33.58   -116.07      0.04
     4167.388509  7.227944  0.002392 60.544899    -32.91    106.87     -0.06
     4168.319769  7.228104  0.002376 58.848262    -36.55    -34.01      0.16
     4169.251029  7.228290  0.002369 61.336574    -39.51    179.58     -0.10
     4170.182289  7.228651  0.002389 64.554602    -37.82     24.99     -0.04
     4171.113549  7.228936  0.002379 64.214786    -34.00   -136.40      0.39
     4172.044809  7.229013  0.002350 60.783718    -33.16     58.28      0.45
     4172.976069  7.229225  0.002346 58.927667    -36.71   -109.88     -0.08
     4173.907329  7.229622  0.002374 61.246041    -39.79     75.52     -0.10
     4174.838589  7.229803  0.002378 64.438631    -38.22   -107.13     -0.07
     4175.769849  7.230159  0.002386 64.186367    -34.36     63.51      0.02
     4176.701109  7.230346  0.002377 60.818525    -33.38   -130.35      0.33
     4177.632369  7.230684  0.002385 58.929945    -36.89     32.89      0.23
     4178.563629  7.230885  0.002385 61.242499    -40.05   -169.71      0.22
     4179.494889  7.231217  0.002392 64.489871    -38.58    -19.85     -0.13
     4180.426149  7.231301  0.002375 64.225965    -34.73    123.00     -0.17
     4181.357409  7.231621  0.002382 60.791136    -33.68    -98.83     -0.02
     4182.288669  7.231862  0.002382 58.829026    -37.16     36.35     -0.23
     4183.219929  7.231997  0.002362 61.142392    -40.35    165.48     -0.15
     4184.151189  7.232246  0.002352 64.476552    -38.90    -73.33      0.01
     4185.082449  7.232645  0.002377 64.325212    -35.03     41.03      0.47
     4186.013709  7.232902  0.002385 60.889759    -33.99    152.21     -0.26
     4186.944969  7.232949  0.002351 58.898864    -37.47   -100.73     -0.26
     4187.876229  7.233248  0.002367 61.149950    -40.64      0.02      0.24
     4188.807489  7.233556  0.002378 64.410271    -39.16     93.43      0.09
     4189.738749  7.233833  0.002379 64.220470    -35.27   -179.68     -0.15
     4190.670009  7.234027  0.002359 60.832646    -34.27    -97.82      0.37
     4191.601269  7.234408  0.002383 58.940228    -37.81    -18.07     -0.26
     4192.532529  7.234537  0.002358 61.292571    -40.96     54.63      0.39
     4193.463789  7.234831  0.002374 64.511473    -39.40    120.72     -0.28
     4194.395049  7.235047  0.002376 64.144046    -35.52    178.98      0.24
     4195.326309  7.235259  0.002369 60.659391    -34.63   -126.35     -0.01
     4196.257569  7.235462  0.002362 58.860359    -38.24    -75.41      0.14
     4197.188829  7.235703  0.002358 61.356276    -41.28    -29.74     -0.30
     4198.120089  7.236140  0.002390 64.609681    -39.57      7.44     -0.11
     4199.051349  7.236344  0.002374 64.162260    -35.71     37.77      0.52
     4199.982609  7.236425  0.002345 60.624208    -35.00     64.82      0.20
     4200.913869  7.236688  0.002358 58.912741    -38.71     88.58     -0.24
     4201.845129  7.237080  0.002383 61.467413    -41.60    105.67     -0.07
     4202.776389  7.237257  0.002370 64.587687    -39.69    114.75      0.14
     4203.707649  7.237396  0.002349 63.971143    -35.84    117.95     -0.13
     4204.638909  7.237734  0.002353 60.466867    -35.36    116.97     -0.24
     4205.570169  7.237867  0.002338 59.017039    -39.21    112.63     -0.32
     4206.501429  7.238232  0.002354 61.750893    -41.92    102.09     -0.36
     4207.432689  7.238393  0.002353 64.700739    -39.79     83.37     -0.16
     4208.363949  7.238778  0.002377 63.758163    -36.00     58.46     -0.13
     4209.295209  7.238922  0.002365 60.174304    -35.82     29.60     -0.15
     4210.226469  7.239277  0.002374 58.991076    -39.78     -2.65     -0.19
     4211.157729  7.239428  0.002355 61.981650    -42.21    -41.11     -0.40
     4212.088989  7.239566  0.002331 64.852379    -39.82    -87.99      0.03
     4213.020249  7.240007  0.002364 63.656295    -36.12   -140.92      0.46
     4213.951509  7.240302  0.002381 60.012825    -36.30    163.10      0.05
     4214.882769  7.240421  0.002365 59.096345    -40.39    103.31     -0.15
     4215.814029  7.240667  0.002364 62.195192    -42.47     36.51     -0.00
     4216.745289  7.240950  0.002365 64.837357    -39.77    -38.00      0.02
     4217.676549  7.241258  0.002371 63.357807    -36.20   -118.68      0.35
     4218.607809  7.241539  0.002378 59.813793    -36.82    158.18     -0.44
     4219.539069  7.241611  0.002340 59.321764    -41.03     70.03      0.11
     4220.470329  7.241992  0.002376 62.606650    -42.71    -24.16     -0.18
     4221.401589  7.242112  0.002355 64.879215    -39.70   -126.58     -0.02
     4222.332849  7.242415  0.002372 62.951261    -36.36    125.35      0.02
     4223.264109  7.242658  0.002367 59.473933    -37.45     14.10     -0.26
     4224.195369  7.242918  0.002363 59.467691    -41.69   -101.71      0.15
     4225.126629  7.243161  0.002355 62.989845    -42.88    136.33     -0.40
     4226.057889  7.243573  0.002390 64.982855    -39.57      5.81      0.09
     4226.989149  7.243632  0.002350 62.676277    -36.51   -129.86      0.31
     4227.920409  7.243851  0.002355 59.284397    -38.13     91.72     -0.15
     4228.851669  7.244109  0.002368 59.710671    -42.34    -51.58      0.06
     4229.782929  7.244371  0.002364 63.289022    -42.96    158.04     -0.09
     4230.714189  7.244714  0.002376 64.853652    -39.37      0.13     -0.13
     4231.645449  7.244922  0.002376 62.237062    -36.69   -163.14      0.12
     4232.576709  7.245157  0.002365 59.144391    -38.90     30.51      0.29
     4233.507969  7.245408  0.002361 60.142484    -42.99   -140.36      0.46
     4234.439229  7.245514  0.002344 63.727139    -42.98     41.55      0.21
     4235.370489  7.245877  0.002365 64.686549    -39.17   -143.91      0.04
     4236.301749  7.246049  0.002361 61.651399    -36.99     25.71     -0.09
     4237.233009  7.246408  0.002371 58.910361    -39.76   -167.77     -0.22
     4238.164269  7.246579  0.002363 60.549526    -43.58     -6.28     -0.25
     4239.095529  7.246911  0.002365 64.167324    -42.89    147.62     -0.43
     4240.026789  7.246968  0.002338 64.564317    -38.95    -65.51     -0.45
     4240.958049  7.247289  0.002347 61.197043    -37.37     76.36     -0.02
     4241.889309  7.247544  0.002354 58.857548    -40.69   -144.49     -0.03
     4242.820569  7.247734  0.002355 61.006643    -44.10    -11.01      0.14
     4243.751829  7.248061  0.002362 64.409306    -42.67    114.72      0.11
     4244.683089  7.248383  0.002372 64.193214    -38.70   -126.30      0.28
     4245.614349  7.248605  0.002369 60.673370    -37.87    -10.61     -0.31
     4246.545609  7.248641  0.002326 58.987646    -41.66    101.27     -0.25
     4247.476869  7.249021  0.002357 61.671261    -44.52   -153.51      0.47
     4248.408129  7.249333  0.002369 64.696521    -42.39    -54.96     -0.11
     4249.339389  7.249555  0.002367 63.682615    -38.55     36.65     -0.04
     4250.270649  7.249813  0.002367 60.035359    -38.53    124.31      0.14
     4251.201909  7.250128  0.002376 59.091235    -42.67   -150.96     -0.06
     4252.133169  7.250230  0.002344 62.320399    -44.79    -72.96     -0.08
     4253.064429  7.250669  0.002385 64.950064    -41.99     -2.72     -0.08
     4253.995689  7.250725  0.002344 63.222870    -38.46     61.40      0.26
     4254.926949  7.251078  0.002371 59.594202    -39.36    122.74     -0.15
     4255.858209  7.251240  0.002360 59.401168    -43.65    179.57      0.17
     4256.789469  7.251460  0.002365 62.896052    -44.88   -130.19     -0.04
     4257.720729  7.251640  0.002349 64.885289    -41.50    -88.02      0.19
     4258.651989  7.251897  0.002340 62.537696    -38.47    -50.37     -0.31
     4259.583249  7.252343  0.002374 59.250308    -40.33    -16.38     -0.30
     4260.514509  7.252543  0.002370 59.978119    -44.56     12.79      0.32
     4261.445769  7.252613  0.002343 63.604107    -44.81     35.07      0.29
     4262.377029  7.252931  0.002356 64.725237    -41.01     50.36     -0.12
     4263.308289  7.253220  0.002370 61.709239    -38.71     60.27     -0.04
     4264.239549  7.253399  0.002361 58.912333    -41.47     67.09      0.09
     4265.170809  7.253736  0.002365 60.580944    -45.33     68.99      0.29
     4266.102069  7.253827  0.002339 64.217419    -44.53     63.12      0.47
     4267.033329  7.254166  0.002348 64.494530    -40.53     50.68      0.45
     4267.964589  7.254323  0.002343 61.012833    -39.16     33.88      0.42
     4268.895849  7.254685  0.002360 58.869343    -42.71     14.16      0.21
     4269.827109  7.254811  0.002351 61.305628    -45.90    -11.38      0.14
     4270.758369  7.255148  0.002361 64.576356    -44.05    -44.97      0.12
     4271.689629  7.255316  0.002343 63.896692    -40.10    -84.93      0.15
     4272.620889  7.255576  0.002347 60.273294    -39.84   -128.95      0.49
     4273.552149  7.256011  0.002379 59.116591    -43.95   -175.45      0.11
     4274.483409  7.256144  0.002359 62.245329    -46.23    131.84     -0.48
     4275.414669  7.256238  0.002338 64.857616    -43.45     70.29     -0.12
     4276.345929  7.256536  0.002351 63.118829    -39.89      3.00      0.10
     4277.277189  7.256867  0.002361 59.512586    -40.83    -67.58      0.18
     4278.208449  7.257184  0.002372 59.468144    -45.16   -141.55     -0.01
     4279.139709  7.257314  0.002346 63.100428    -46.26    137.47     -0.31
     4280.070969  7.257565  0.002349 64.951986    -42.75     47.95      0.45
     4281.002229  7.257819  0.002355 62.342814    -39.88    -44.99     -0.50
     4281.933489  7.257970  0.002337 59.103676    -42.06   -142.67      0.15
     4282.864749  7.258287  0.002358 60.148614    -46.20    116.16     -0.14
     4283.796009  7.258486  0.002351 63.817061    -45.98      6.86     -0.05
     4284.727269  7.258787  0.002360 64.596111    -42.02   -109.65      0.13
     4285.658529  7.258989  0.002340 61.358344    -40.17    130.03     -0.35
     4286.589789  7.259414  0.002374 58.935306    -43.43      6.04     -0.02
     4287.521049  7.259495  0.002340 61.110341    -46.96   -123.36      0.45
     4288.452309  7.259688  0.002339 64.506240    -45.46    100.45     -0.22
     4289.383569  7.259962  0.002356 64.020619    -41.44    -43.23     -0.01
     4290.314829  7.260197  0.002351 60.331058    -40.88    169.28      0.04
     4291.246089  7.260538  0.002365 58.963614    -44.92     18.96     -0.18
     4292.177349  7.260749  0.002361 62.066072    -47.37   -138.20      0.15
     4293.108609  7.260900  0.002341 64.900405    -44.68     56.93      0.40
     4294.039869  7.261170  0.002332 63.292014    -41.04   -113.31      0.27
     4294.971129  7.261304  0.002322 59.626383    -41.94     73.11      0.10
     4295.902389  7.261645  0.002343 59.496125    -46.31   -103.96     -0.26
     4296.833649  7.261926  0.002356 63.059153    -47.37     71.18     -0.03
     4297.764909  7.262179  0.002363 64.832161    -43.78   -121.04     -0.08
     4298.696169  7.262461  0.002361 62.193151    -40.97     41.38      0.19
     4299.627429  7.262742  0.002368 59.080552    -43.32   -158.68      0.06
     4300.558689  7.262952  0.002362 60.373727    -47.42     -3.23     -0.03
     4301.489949  7.263241  0.002366 64.058678    -46.97    144.76     -0.37
     4302.421209  7.263311  0.002341 64.497153    -42.94    -74.74     -0.25
     4303.352469  7.263595  0.002350 61.024498    -41.39     61.26     -0.07
     4304.283729  7.263894  0.002354 58.828110    -44.94   -165.46     -0.09
     4305.214989  7.264022  0.002339 61.363272    -48.17    -37.75     -0.13
     4306.146249  7.264242  0.002333 64.674849    -46.22     81.53      0.34
     4307.077509  7.264697  0.002366 63.825198    -42.26   -164.74      0.23
     4308.008769  7.264877  0.002350 60.082802    -42.29    -54.04     -0.48
     4308.940029  7.265031  0.002336 59.212489    -46.57     52.05      0.17
     4309.871289  7.265332  0.002357 62.556023    -48.42    152.21      0.00
     4310.802549  7.265519  0.002355 64.859426    -45.22   -115.53     -0.13
     4311.733809  7.265701  0.002337 62.663444    -41.92    -28.85     -0.13
     4312.665069  7.265997  0.002345 59.259831    -43.63     54.45      0.27
     4313.596329  7.266174  0.002329 59.990911    -47.94    134.90     -0.45
     4314.527589  7.266505  0.002349 63.734866    -48.12   -153.70      0.39
     4315.458849  7.266642  0.002325 64.704714    -44.19    -88.08     -0.21
     4316.390109  7.267015  0.002355 61.419366    -42.15    -27.97      0.01
     4317.321369  7.267230  0.002347 58.834390    -45.35     29.65     -0.16
     4318.252629  7.267557  0.002365 61.007214    -48.94     81.67      0.05
     4319.183889  7.267702  0.002341 64.507691    -47.37    125.98      0.03
     4320.115149  7.267976  0.002350 64.023914    -43.31    164.22     -0.28
     4321.046409  7.268229  0.002352 60.313353    -42.95   -162.08      0.27
     4321.977669  7.268416  0.002332 59.139668    -47.14   -130.91      0.27
     4322.908929  7.268655  0.002337 62.363773    -49.31   -105.88     -0.08
     4323.840189  7.268873  0.002349 64.855831    -46.27    -89.12     -0.10
     4324.771449  7.269194  0.002357 62.807292    -42.82    -78.19      0.07
     4325.702709  7.269362  0.002336 59.304947    -44.31    -70.26      0.23
     4326.633969  7.269517  0.002318 59.879571    -48.68    -65.65     -0.09
     4327.565229  7.269850  0.002326 63.656520    -49.02    -68.67     -0.20
     4328.496489  7.269991  0.002317 64.752419    -45.10    -78.99     -0.24
     4329.427749  7.270370  0.002339 61.498878    -42.97    -94.16     -0.12
     4330.359009  7.270525  0.002334 58.856152    -46.16   -112.02     -0.16
     4331.290269  7.270870  0.002351 60.998514    -49.77   -135.24     -0.03
     4332.221529  7.271099  0.002351 64.493970    -48.17   -166.16     -0.16
     4333.152789  7.271280  0.002337 63.960040    -44.11    156.51     -0.26
     4334.084049  7.271535  0.002324 60.244346    -43.82    115.46     -0.23
     4335.015309  7.271700  0.002315 59.195435    -48.08     70.98      0.20
     4335.946569  7.272010  0.002341 62.513271    -50.11     20.16      0.41
     4336.877830  7.272343  0.002361 64.889823    -46.96    -37.98      0.06
     4337.809090  7.272603  0.002362 62.642543    -43.60   -101.91     -0.06
     4338.740350  7.272784  0.002350 59.181491    -45.35   -168.69     -0.26
     4339.671610  7.272893  0.002322 60.020233    -49.68    120.20     -0.09
     4340.602870  7.273225  0.002340 63.832564    -49.68     41.30      0.35
     4341.534130  7.273448  0.002333 64.661679    -45.66    -43.50     -0.38
     4342.465390  7.273651  0.002326 61.241597    -43.86   -134.25      0.39
     4343.396650  7.274004  0.002354 58.871131    -47.36    133.40     -0.06
     4344.327910  7.274172  0.002339 61.339752    -50.69     35.06      0.01
     4345.259170  7.274439  0.002347 64.629729    -48.66    -71.35      0.12
     4346.190430  7.274673  0.002343 63.632897    -44.67    176.47     -0.15
     4347.121690  7.274869  0.002332 59.903224    -44.95     60.05      0.47
     4348.052950  7.275037  0.002315 59.400281    -49.35    -57.99     -0.45
     4348.984210  7.275463  0.002353 62.981029    -50.80    175.69      0.00
     4349.915470  7.275615  0.002334 64.896400    -47.25     41.95      0.18
     4350.846730  7.275947  0.002355 62.152296    -44.33    -96.46     -0.14
     4351.777990  7.276125  0.002344 58.967670    -46.76    121.65      0.19
     4352.709250  7.276265  0.002328 60.460800    -50.86    -24.05     -0.09
     4353.640510  7.276666  0.002355 64.226061    -50.05   -177.65     -0.24
     4354.571770  7.276969  0.002358 64.353826    -45.91     21.36      0.29
     4355.503030  7.277016  0.002330 60.665428    -44.92   -143.25      0.48
     4356.434290  7.277275  0.002325 58.992976    -48.96     49.85      0.10
     4357.365550  7.277527  0.002333 62.036390    -51.56   -123.52      0.07
     4358.296810  7.277755  0.002343 64.813704    -48.74     55.31     -0.16
     4359.228070  7.278110  0.002355 62.975485    -45.11   -131.99      0.06
     4360.159330  7.278285  0.002349 59.381758    -46.44     37.93      0.10
     4361.090590  7.278641  0.002358 59.868355    -50.88   -155.88      0.21
     4362.021850  7.278832  0.002356 63.692387    -51.22      3.20      0.02
     4362.953110  7.279063  0.002352 64.716934    -47.23    154.89     -0.05
     4363.884370  7.279309  0.002357 61.326775    -45.20    -57.92     -0.18
     4364.815630  7.279424  0.002339 58.841510    -48.61     86.34     -0.09
     4365.746890  7.279752  0.002352 61.282062    -52.03   -134.69     -0.03
     4366.678150  7.280014  0.002350 64.672494    -50.02     -3.43     -0.23
     4367.609410  7.280071  0.002314 63.663686    -46.02    121.70     -0.38
     4368.540670  7.280308  0.002312 59.876430    -46.37   -117.48      0.45
     4369.471930  7.280766  0.002353 59.420886    -50.83      1.18      0.24
     4370.403190  7.280960  0.002346 63.048657    -52.13    113.19     -0.31
     4371.334450  7.281142  0.002340 64.814548    -48.44   -143.34     -0.00
     4372.265710  7.281355  0.002337 61.918808    -45.70    -44.50     -0.02
     4373.196970  7.281619  0.002345 58.930760    -48.44     51.63      0.04
     4374.128230  7.281762  0.002320 60.782070    -52.39    143.54     -0.32
     4375.059490  7.282042  0.002325 64.463528    -51.15   -133.52      0.43
     4375.990750  7.282260  0.002324 64.105967    -46.99    -55.39     -0.51
     4376.922010  7.282515  0.002331 60.264470    -46.53     17.24      0.30
     4377.853270  7.282763  0.002333 59.101658    -50.82     88.27     -0.22
     4378.784530  7.283018  0.002336 62.505996    -52.83    152.03     -0.01
     4379.715790  7.283347  0.002353 64.881082    -49.51   -151.71     -0.13
     4380.647050  7.283536  0.002331 62.484464    -46.28   -101.23      0.33
     4381.578310  7.283735  0.002322 59.141326    -48.43    -52.35     -0.30
     4382.509570  7.284048  0.002345 60.396813    -52.69     -8.53     -0.02
     4383.440830  7.284192  0.002328 64.156378    -52.08     27.49      0.28
     4384.372090  7.284471  0.002334 64.298760    -47.89     57.26     -0.09
     4385.303350  7.284751  0.002348 60.562703    -46.84     82.58     -0.02
     4386.234610  7.284882  0.002332 58.950938    -50.92    105.08      0.17
     4387.165870  7.285162  0.002327 62.169438    -53.45    121.85     -0.01
     4388.097130  7.285374  0.002318 64.936778    -50.48    130.86     -0.28
     4389.028390  7.285626  0.002324 62.866206    -46.95    134.43     -0.53
     4389.959650  7.285991  0.002345 59.273054    -48.64    134.63     -0.29
     4390.890910  7.286126  0.002337 60.079296    -53.04    131.06     -0.19
     4391.822170  7.286451  0.002350 63.877213    -52.86    119.70      0.01
     4392.753430  7.286566  0.002334 64.437327    -48.68    101.35      0.06
     4393.684690  7.286865  0.002333 60.869863    -47.23     78.77      0.30
     4394.615950  7.287105  0.002333 58.967396    -51.15     53.94      0.27
     4395.547210  7.287355  0.002339 61.981218    -53.99     23.23      0.32
     4396.478470  7.287707  0.002354 64.904021    -51.27    -14.95     -0.07
     4397.409730  7.287803  0.002335 62.995401    -47.57    -59.05     -0.28
     4398.340990  7.287965  0.002325 59.292435    -48.98   -106.56     -0.10
     4399.272250  7.288287  0.002335 59.870185    -53.45   -157.68      0.01
     4400.203510  7.288522  0.002334 63.759051    -53.53    143.81     -0.05
     4401.134770  7.288694  0.002322 64.578952    -49.38     77.84      0.27
     4402.066030  7.289030  0.002346 61.068829    -47.75      8.33      0.04
     4402.997290  7.289119  0.002310 58.983159    -51.56    -63.47     -0.43
     4403.928550  7.289411  0.002319 61.850270    -54.55   -142.31      0.41
     4404.859810  7.289748  0.002344 64.817066    -51.91    132.03      0.01
     4405.791070  7.289959  0.002339 63.029679    -48.13     40.15     -0.01
     4406.722330  7.290172  0.002330 59.332487    -49.43    -54.83      0.17
     4407.653590  7.290514  0.002351 59.891823    -53.93   -153.03      0.05
     4408.584850  7.290579  0.002309 63.805360    -54.08    101.26     -0.01
     4409.516110  7.290985  0.002346 64.623067    -49.94    -11.54     -0.06
     4410.447370  7.291030  0.002312 61.033663    -48.29   -129.03      0.34
     4411.378630  7.291312  0.002329 58.903857    -52.12    111.84     -0.22
     4412.309890  7.291529  0.002326 61.802974    -55.09    -13.90      0.08
     4413.241150  7.291832  0.002337 64.798600    -52.40   -147.16     -0.13
     4414.172410  7.292117  0.002338 63.017047    -48.65     73.31      0.27
     4415.103670  7.292220  0.002307 59.370833    -50.05    -68.24     -0.07
     4416.034930  7.292503  0.002322 60.031295    -54.55    146.63     -0.44
     4416.966190  7.292876  0.002350 63.902517    -54.55     -6.82     -0.03
     4417.897450  7.293063  0.002337 64.515497    -50.37   -167.32      0.27
     4418.828710  7.293149  0.002319 60.838773    -48.87     28.54      0.04
     4419.759970  7.293519  0.002340 58.892239    -52.82   -138.11     -0.22
     4420.691230  7.293760  0.002339 61.983775    -55.60     48.80      0.12
     4421.622490  7.293959  0.002332 64.900092    -52.72   -132.00      0.29
     4422.553750  7.294235  0.002329 62.899340    -49.11     41.68      0.49
     4423.485010  7.294398  0.002323 59.269426    -50.82   -147.10      0.39
     4424.416270  7.294691  0.002329 60.152852    -55.26     20.21      0.37
     4425.347530  7.294900  0.002333 63.990940    -54.92   -179.99      0.14
     4426.278790  7.295086  0.002327 64.319962    -50.68    -27.41      0.10
     4427.210050  7.295390  0.002330 60.592571    -49.52    121.25      0.11
     4428.141310  7.295514  0.002311 59.025350    -53.68    -92.66      0.19
     4429.072570  7.295851  0.002328 62.360486    -56.12     47.05      0.53
     4430.003830  7.296244  0.002352 64.973962    -52.94    179.77      0.05
     4430.935090  7.296330  0.002332 62.545495    -49.56    -52.82     -0.44
     4431.866350  7.296444  0.002311 59.065436    -51.72     71.07     -0.12
     4432.797610  7.296742  0.002323 60.398441    -56.00   -169.05      0.07
     4433.728870  7.297042  0.002333 64.223223    -55.13    -56.92      0.15
     4434.660130  7.297349  0.002340 64.141762    -50.84     48.57      0.20
     4435.591390  7.297539  0.002331 60.311563    -50.27    151.31     -0.50
     4436.522650  7.297642  0.002302 59.222483    -54.68   -110.08      0.26
     4437.453910  7.298023  0.002338 62.779347    -56.56    -16.83     -0.14
     4438.385170  7.298108  0.002311 64.873026    -52.98     68.22     -0.13
     4439.316430  7.298411  0.002331 62.006127    -50.03    148.02      0.08
     4440.247690  7.298654  0.002328 58.894229    -52.80   -134.20     -0.17
     4441.178950  7.298850  0.002316 60.883317    -56.77    -61.41     -0.01
     4442.110210  7.299235  0.002344 64.574065    -55.20      3.84     -0.23
     4443.041470  7.299368  0.002312 63.823537    -51.00     61.94      0.45
     4443.972730  7.299634  0.002319 59.893866    -51.21    118.35     -0.39
     4444.903990  7.299906  0.002336 59.461777    -55.78    170.29      0.24
     4445.835250  7.299983  0.002313 63.231822    -56.85   -144.02      0.03
     4446.766510  7.300310  0.002335 64.713061    -52.87   -106.03     -0.08
     4447.697770  7.300567  0.002324 61.438081    -50.56    -72.85      0.15
     4448.629030  7.300741  0.002311 58.905662    -54.03    -41.38     -0.19
     4449.560290  7.301025  0.002326 61.569708    -57.45    -15.31     -0.32
     4450.491550  7.301395  0.002344 64.838864    -55.08      2.30      0.06
     4451.422810  7.301501  0.002326 63.214511    -51.16     14.11      0.34
     4452.354070  7.301663  0.002314 59.366613    -52.35     23.55      0.06
     4453.285330  7.301978  0.002326 59.857414    -56.92     29.33     -0.05
     4454.216590  7.302149  0.002326 63.799132    -56.95     27.57     -0.16
     4455.147850  7.302540  0.002345 64.481748    -52.70     18.50     -0.03
     4456.079110  7.302710  0.002336 60.804064    -51.34      5.82     -0.10
     4457.010370  7.303041  0.002347 59.057130    -55.46     -9.35     -0.10
     4457.941630  7.303193  0.002336 62.334190    -57.99    -30.31     -0.33
     4458.872890  7.303364  0.002329 64.892677    -54.78    -59.67     -0.15
     4459.804150  7.303675  0.002340 62.400222    -51.39    -94.26     -0.10
     4460.735410  7.303818  0.002328 58.996029    -53.71   -131.24     -0.14
     4461.666670  7.304074  0.002328 60.590153    -57.93   -172.38     -0.15
     4462.597930  7.304328  0.002319 64.430719    -56.78    138.85     -0.37
     4463.529190  7.304451  0.002294 63.994686    -52.50     83.03      0.02
     4464.460450  7.304741  0.002315 60.037955    -52.38     23.92      0.34
     4465.391710  7.305018  0.002326 59.352994    -56.94    -37.29     -0.07
     4466.322970  7.305230  0.002321 63.100285    -58.25   -105.84     -0.05
     4467.254230  7.305497  0.002328 64.742227    -54.32    177.88      0.05
     4468.185490  7.305743  0.002325 61.501579    -51.89     97.02      0.22
     4469.116750  7.306073  0.002343 58.908713    -55.34     14.45     -0.12
     4470.048010  7.306113  0.002296 61.591382    -58.79    -73.48     -0.23
     4470.979270  7.306538  0.002338 64.861208    -56.36   -169.94      0.20
     4471.910530  7.306629  0.002311 63.139189    -52.43     88.61     -0.22
     4472.841790  7.306947  0.002333 59.299175    -53.78    -16.49      0.17
     4473.773050  7.307176  0.002333 59.981688    -58.34   -124.38     -0.15
     4474.704310  7.307366  0.002322 63.949148    -58.12    119.55      0.09
     4475.635570  7.307641  0.002329 64.365857    -53.80     -2.99     -0.14
     4476.566830  7.307774  0.002311 60.564823    -52.77   -130.07      0.53
     4477.498090  7.307897  0.002286 59.145113    -57.11    101.90     -0.28
     4478.429350  7.308349  0.002329 62.646904    -59.24    -33.25     -0.29
     4479.360610  7.308584  0.002332 64.872602    -55.69   -176.79      0.23
     4480.291870  7.308709  0.002318 61.992475    -52.67     35.44     -0.04
     4481.223130  7.308957  0.002321 58.886344    -55.55   -114.94     -0.03
     4482.154390  7.309244  0.002321 61.047869    -59.47     89.86      0.21
     4483.085650  7.309346  0.002292 64.681979    -57.61    -72.81     -0.04
     4484.016910  7.309586  0.002293 63.568951    -53.45    118.65     -0.46
     4484.948170  7.309984  0.002324 59.621623    -54.18    -53.31     -0.42
     4485.879430  7.310136  0.002320 59.748853    -58.83    131.39     -0.18
     4486.810690  7.310467  0.002337 63.668253    -59.18    -51.30      0.02
     4487.741950  7.310547  0.002314 64.481276    -54.92    118.86      0.07
     4488.673210  7.310858  0.002314 60.798963    -53.39    -74.95      0.19
     4489.604470  7.310958  0.002291 59.021224    -57.54     89.14      0.16
     4490.535730  7.311280  0.002301 62.382870    -60.08   -113.04      0.47
     4491.466990  7.311560  0.002312 64.948690    -56.76     37.35      0.34
     4492.398250  7.311759  0.002319 62.285453    -53.49   -177.48      0.27
     4493.329510  7.312094  0.002330 58.936492    -56.08    -34.69      0.13
     4494.260770  7.312291  0.002330 60.817091    -60.19    103.77     -0.03
     4495.192030  7.312454  0.002320 64.526722    -58.57   -126.01      0.01
     4496.123290  7.312743  0.002325 63.656329    -54.33     -1.74     -0.18
     4497.054550  7.312913  0.002297 59.728318    -54.83    119.53     -0.27
     4497.985810  7.313167  0.002300 59.728410    -59.52   -122.87      0.36
     4498.917070  7.313500  0.002334 63.668758    -60.03    -11.57     -0.00
     4499.848330  7.313599  0.002312 64.537922    -55.78     92.21     -0.21
     4500.779590  7.313790  0.002307 60.807475    -54.17   -168.39     -0.10
     4501.710850  7.314032  0.002309 58.946328    -58.29    -71.44      0.21
     4502.642110  7.314343  0.002320 62.317395    -60.85     20.18     -0.04
     4503.573370  7.314425  0.002283 64.940654    -57.52    103.72     -0.07
     4504.504630  7.314848  0.002326 62.306235    -54.26   -177.96      0.10
     4505.435890  7.314888  0.002283 58.999869    -56.93   -101.71     -0.00
     4506.367150  7.315273  0.002319 60.938192    -61.00    -29.94     -0.04
     4507.298410  7.315446  0.002310 64.561055    -59.26     33.77     -0.09
     4508.229670  7.315772  0.002327 63.484660    -55.04     91.07      0.04
     4509.160930  7.315985  0.002310 59.560623    -55.73    145.85     -0.15
     4510.092190  7.316320  0.002332 59.802719    -60.42   -162.72      0.03
     4511.023450  7.316338  0.002290 63.836284    -60.68   -118.92      0.48
     4511.954710  7.316538  0.002285 64.514380    -56.37    -80.93     -0.37
     4512.885970  7.316997  0.002332 60.648385    -55.06    -47.82     -0.22
     4513.817230  7.317157  0.002321 59.016854    -59.36    -17.39      0.26
     4514.748490  7.317279  0.002306 62.533658    -61.58      7.58     -0.02
     4515.679750  7.317677  0.002328 64.863247    -57.98     24.48     -0.09
     4516.611010  7.317870  0.002320 61.973002    -55.00     36.18      0.29
     4517.542270  7.318053  0.002306 58.962903    -58.08     46.04      0.37
     4518.473530  7.318283  0.002300 61.331496    -61.88     51.18      0.45
     4519.404790  7.318427  0.002293 64.760642    -59.66     48.66      0.17
     4520.336050  7.318751  0.002311 63.163932    -55.61     39.98      0.06
     4521.267310  7.318932  0.002307 59.276557    -56.93     28.74     -0.18
     4522.198570  7.319227  0.002317 60.061226    -61.53     13.82     -0.12
     4523.129830  7.319490  0.002320 64.109959    -61.11     -8.45     -0.35
     4524.061090  7.319619  0.002300 64.243323    -56.72    -37.59     -0.47
     4524.992350  7.319884  0.002293 60.277996    -56.11    -70.31     -0.37
     4525.923610  7.320046  0.002284 59.314747    -60.71   -105.66     -0.11
     4526.854870  7.320282  0.002297 63.086665    -62.18   -147.80      0.18
     4527.786130  7.320617  0.002317 64.727867    -58.17    162.69      0.12
     4528.717390  7.320882  0.002317 61.318928    -55.82    108.73      0.11
     4529.648650  7.321106  0.002317 58.896483    -59.56     52.73      0.11
     4530.579910  7.321302  0.002312 61.936778    -62.70     -8.22     -0.29
     4531.511170  7.321386  0.002276 64.934377    -59.75    -77.69     -0.12
     4532.442430  7.321766  0.002309 62.606769    -56.14   -152.92      0.47
     4533.373690  7.322069  0.002324 59.033120    -58.43    130.65     -0.13
     4534.304951  7.322239  0.002310 60.684376    -62.73     49.46     -0.05
     4535.236211  7.322498  0.002319 64.474595    -61.25    -39.79      0.07
     4536.167471  7.322785  0.002326 63.626487    -56.93   -135.24      0.10
     4537.098731  7.322902  0.002295 59.660182    -57.47    126.82     -0.17
     4538.029991  7.323282  0.002329 59.810903    -62.21     25.20      0.37
     4538.961251  7.323305  0.002283 63.845957    -62.49    -82.65     -0.19
     4539.892511  7.323669  0.002321 64.446359    -58.12    161.44      0.11
     4540.823771  7.323750  0.002296 60.515387    -56.92     42.11      0.05
     4541.755031  7.324040  0.002313 59.065308    -61.34    -79.53      0.04
     4542.686291  7.324269  0.002304 62.753522    -63.32    152.69     -0.18
     4543.617551  7.324663  0.002328 64.862554    -59.51     16.81     -0.03
     4544.548811  7.324758  0.002300 61.692478    -56.82   -123.98      0.55
     4545.480071  7.324837  0.002272 58.948613    -60.31     94.47     -0.17
     4546.411331  7.325255  0.002308 61.713699    -63.75    -52.66     -0.42
     4547.342591  7.325548  0.002326 64.834580    -61.00    151.38      0.07
     4548.273851  7.325613  0.002301 62.675806    -57.22     -9.65      0.04
     4549.205111  7.325945  0.002310 59.040662    -59.30   -172.80     -0.19
     4550.136371  7.326201  0.002320 60.611588    -63.68     19.86     -0.05
     4551.067631  7.326445  0.002318 64.528057    -62.35   -155.39      0.12
     4551.998891  7.326715  0.002321 63.760449    -58.00     22.90      0.47
     4552.930151  7.326842  0.002305 59.692217    -58.49   -161.21      0.33
     4553.861411  7.327103  0.002311 59.745526    -63.24     11.60      0.37
     4554.792671  7.327283  0.002307 63.762552    -63.49    177.37      0.02
     4555.723931  7.327479  0.002302 64.357910    -59.09    -24.47      0.08
     4556.655191  7.327761  0.002299 60.467141    -57.97    130.41     -0.15
     4557.586451  7.327850  0.002276 59.188839    -62.47    -77.28      0.06
     4558.517711  7.328162  0.002284 62.961431    -64.31     68.50      0.39
     4559.448971  7.328534  0.002314 64.856072    -60.38   -153.06      0.40
     4560.380231  7.328709  0.002313 61.444799    -57.89    -18.72      0.02
     4561.311491  7.328895  0.002310 58.864861    -61.60    113.23     -0.07
     4562.242751  7.329181  0.002313 61.864410    -64.78   -120.31     -0.02
     4563.174011  7.329430  0.002316 64.860432    -61.72     -1.68     -0.20
     4564.105271  7.329546  0.002286 62.466062    -58.15    111.46     -0.06
     4565.036531  7.329842  0.002302 59.051655    -60.68   -137.80      0.39
     4565.967791  7.330077  0.002308 61.020001    -64.85    -29.90     -0.46
     4566.899051  7.330150  0.002276 64.676461    -63.01     68.56      0.10
     4567.830311  7.330491  0.002305 63.321112    -58.78    161.36      0.14
     4568.761571  7.330718  0.002307 59.337097    -59.89   -108.24     -0.07
     4569.692831  7.330897  0.002293 60.056596    -64.58    -21.25      0.00
     4570.624091  7.331179  0.002301 64.144174    -64.12     57.91      0.26
     4571.555351  7.331342  0.002283 64.133340    -59.67    131.33     -0.44
     4572.486611  7.331690  0.002308 60.079530    -59.36   -159.87      0.32
     4573.417871  7.331802  0.002277 59.477953    -64.09    -92.28     -0.19
     4574.349131  7.332220  0.002318 63.437654    -65.06    -32.29     -0.10
     4575.280391  7.332390  0.002309 64.554435    -60.77     20.18      0.00
     4576.211651  7.332623  0.002315 60.778203    -59.08     68.75      0.09
     4577.142911  7.332704  0.002284 59.022870    -63.38    115.36      0.16
     4578.074171  7.333048  0.002299 62.654203    -65.68    156.60     -0.45
     4579.005431  7.333447  0.002326 64.934561    -61.95   -171.12      0.14
     4579.936691  7.333465  0.002289 61.741616    -59.13   -143.20      0.48
     4580.867951  7.333629  0.002281 58.898492    -62.62   -116.36     -0.13
     4581.799211  7.334026  0.002313 61.710032    -66.04    -95.17     -0.18
     4582.730471  7.334159  0.002307 64.817028    -63.14    -82.46      0.11
     4583.661731  7.334414  0.002297 62.530597    -59.43    -74.81      0.12
     4584.592991  7.334551  0.002276 59.037030    -61.85    -69.15      0.07
     4585.524251  7.334802  0.002276 60.966739    -66.10    -67.18     -0.29
     4586.455511  7.335026  0.002277 64.694925    -64.29    -73.62     -0.21
     4587.386771  7.335321  0.002291 63.332413    -60.04    -86.03     -0.26
     4588.318031  7.335505  0.002292 59.322036    -61.24   -101.24     -0.11
     4589.249291  7.335861  0.002311 60.117390    -65.95   -119.51     -0.12
     4590.180551  7.336002  0.002304 64.186010    -65.30   -145.58     -0.09
     4591.111811  7.336313  0.002310 63.995627    -60.82   -178.21     -0.13
     4592.043071  7.336547  0.002301 59.932765    -60.76    146.57     -0.50
     4592.974331  7.336581  0.002268 59.652259    -65.56    108.35     -0.36
     4593.905591  7.336821  0.002273 63.692058    -66.16     62.45      0.28
     4594.836851  7.337208  0.002307 64.447324    -61.75      9.85      0.28
     4595.768111  7.337459  0.002312 60.468878    -60.50    -46.28      0.11
     4596.699371  7.337643  0.002308 59.121653    -65.03   -104.55      0.02
     4597.630631  7.337845  0.002305 62.977496    -66.80   -169.11     -0.19
     4598.561891  7.337954  0.002271 64.806845    -62.75    118.58     -0.26
     4599.493151  7.338286  0.002289 61.297009    -60.46     41.25      0.51
     4600.424411  7.338598  0.002306 58.975795    -64.46    -36.51     -0.21
     4601.355671  7.338720  0.002285 62.266370    -67.29   -121.01      0.17
     4602.286931  7.339035  0.002311 64.848655    -63.82    146.83      0.17
     4603.218191  7.339257  0.002310 61.917239    -60.64     49.94     -0.02
     4604.149451  7.339400  0.002286 58.880821    -63.84    -49.05      0.02
     4605.080711  7.339739  0.002309 61.575025    -67.53   -152.82      0.15
     4606.011971  7.339746  0.002259 64.908122    -64.83     95.63      0.03
     4606.943231  7.340177  0.002308 62.712546    -61.01    -21.21     -0.21
     4607.874491  7.340292  0.002280 59.044114    -63.31   -140.84      0.15
     4608.805751  7.340642  0.002305 60.847634    -67.62     96.31     -0.22
     4609.737011  7.340864  0.002307 64.597442    -65.79    -35.37      0.14
     4610.668271  7.341053  0.002303 63.270027    -61.52   -172.47     -0.14
     4611.599531  7.341268  0.002296 59.332937    -62.81     47.44      0.25
     4612.530791  7.341452  0.002274 60.323806    -67.52    -95.36      0.19
     4613.462051  7.341706  0.002281 64.375530    -66.68    114.60     -0.36
     4614.393311  7.341953  0.002297 63.842637    -62.20    -42.69     -0.24
     4615.324571  7.342275  0.002312 59.672196    -62.48    156.86      0.10
     4616.255831  7.342387  0.002293 59.715224    -67.31     -5.94      0.14
     4617.187091  7.342620  0.002296 63.857270    -67.45   -175.84     -0.15
     4618.118351  7.342955  0.002312 64.271624    -62.94      6.95     -0.13
     4619.049611  7.343172  0.002308 60.235185    -62.25   -173.42     -0.12
     4619.980871  7.343475  0.002319 59.442361    -67.00      3.79      0.14
     4620.912131  7.343634  0.002309 63.459751    -68.10    174.51      0.04
     4621.843391  7.343825  0.002309 64.570790    -63.76    -22.50      0.15
     4622.774651  7.344068  0.002305 60.656411    -62.16    136.85      0.04
     4623.705911  7.344173  0.002290 59.056870    -66.61    -65.98      0.18
     4624.637171  7.344493  0.002296 62.861401    -68.61     85.05      0.25
     4625.568431  7.344743  0.002300 64.821210    -64.58   -131.64      0.34
     4626.499691  7.344963  0.002302 61.315838    -62.22      7.84      0.11
     4627.430951  7.345212  0.002304 58.986444    -66.24    145.62     -0.27
     4628.362211  7.345398  0.002290 62.346039    -69.04    -82.63     -0.23
     4629.293471  7.345589  0.002293 64.844117    -65.44     40.96     -0.09
     4630.224731  7.345764  0.002288 61.748403    -62.40    159.81      0.02
     4631.155991  7.345984  0.002284 58.869427    -65.85    -83.18      0.20
     4632.087251  7.346331  0.002306 61.816140    -69.30     29.15      0.14
     4633.018511  7.346492  0.002280 64.947088    -66.27    133.95     -0.40
     4633.949771  7.346714  0.002277 62.389542    -62.68   -127.76      0.45
     4634.881031  7.347092  0.002314 58.957661    -65.50    -30.09     -0.05
     4635.812291  7.347202  0.002290 61.267629    -69.50     62.69     -0.02
     4636.743551  7.347458  0.002301 64.749559    -67.05    147.21      0.09
     4637.674811  7.347722  0.002309 62.784686    -63.04   -133.80      0.08
     4638.606071  7.347820  0.002275 59.078566    -65.16    -56.71     -0.01
     4639.537331  7.348178  0.002304 60.864151    -69.57     16.44      0.15
     4640.468591  7.348172  0.002256 64.695689    -67.80     81.84      0.10
     4641.399851  7.348557  0.002297 63.267426    -63.52    141.55     -0.29
     4642.331111  7.348758  0.002288 59.240117    -64.95   -162.02      0.18
     4643.262371  7.349062  0.002299 60.355393    -69.63   -108.05     -0.15
     4644.193631  7.349256  0.002298 64.384423    -68.50    -62.60      0.13
     4645.124891  7.349395  0.002284 63.627786    -64.02    -22.85     -0.27
     4646.056151  7.349774  0.002308 59.552338    -64.74     13.83     -0.06
     4646.987411  7.349969  0.002291 60.104322    -69.58     47.34      0.57
     4647.918671  7.349999  0.002258 64.229176    -69.13     74.24      0.18
     4648.849931  7.350339  0.002285 63.947784    -64.56     94.40     -0.28
     4649.781191  7.350666  0.002304 59.740903    -64.62    110.84      0.04
     4650.712451  7.350754  0.002285 59.681576    -69.49    125.10      0.08
     4651.643711  7.351058  0.002289 63.878801    -69.68    132.25     -0.08
     4652.574971  7.351165  0.002269 64.252402    -65.12    132.52     -0.35
     4653.506231  7.351527  0.002284 60.141617    -64.57    129.59     -0.50
     4654.437491  7.351650  0.002274 59.531073    -69.41    124.33     -0.49
     4655.368751  7.351990  0.002291 63.618491    -70.22    111.90     -0.33
     4656.300011  7.352150  0.002291 64.399701    -65.72     92.15     -0.24
     4657.231271  7.352409  0.002298 60.346925    -64.59     68.77     -0.02
     4658.162531  7.352722  0.002308 59.239502    -69.30     43.73     -0.09
     4659.093791  7.352868  0.002298 63.309557    -70.65     12.05     -0.17
     4660.025051  7.353107  0.002291 64.667258    -66.30    -26.89     -0.42
     4660.956311  7.353295  0.002273 60.770685    -64.66    -69.74     -0.43
     4661.887571  7.353449  0.002265 59.162079    -69.20   -114.88     -0.01
     4662.818831  7.353694  0.002281 62.984360    -71.06   -166.15      0.19
     4663.750091  7.353955  0.002290 64.675128    -66.88    135.05      0.12
     4664.681351  7.354256  0.002297 60.975831    -64.76     72.09      0.18
     4665.612611  7.354543  0.002303 59.014454    -69.07      7.89     -0.17
     4666.543871  7.354636  0.002271 62.749703    -71.41    -62.51     -0.20
     4667.475131  7.354941  0.002290 64.868925    -67.44   -141.38      0.44
     4668.406391  7.355180  0.002298 61.322382    -64.95    136.98     -0.40
     4669.337651  7.355285  0.002273 58.942316    -69.03     52.37     -0.04
     4670.268911  7.355595  0.002296 62.396151    -71.75    -37.56      0.00
     4671.200171  7.355821  0.002296 64.812647    -67.98   -135.36     -0.12
     4672.131431  7.355994  0.002278 61.551924    -65.14    122.16     -0.01
     4673.062691  7.356388  0.002311 58.942718    -68.94     18.21     -0.02
     4673.993951  7.356410  0.002260 62.245524    -72.02    -91.06      0.08
     4674.925211  7.356800  0.002301 64.944531    -68.51    152.06     -0.23
     4675.856471  7.356853  0.002276 61.815576    -65.38     29.50      0.35
     4676.787731  7.357088  0.002284 58.860658    -68.91    -93.66     -0.21
     4677.718991  7.357355  0.002288 61.897318    -72.28    137.40      0.02
     4678.650251  7.357661  0.002297 64.870034    -68.98      0.75     -0.16
     4679.581511  7.357869  0.002296 62.060511    -65.61   -141.41      0.34
     4680.512771  7.357908  0.002254 58.954570    -68.89     75.39      0.25
     4681.444031  7.358237  0.002266 61.794416    -72.53    -72.00     -0.33
     4682.375291  7.358530  0.002292 64.900774    -69.48    131.83     -0.26
     4683.306551  7.358715  0.002290 62.191181    -65.90    -29.74      0.03
     4684.237811  7.358983  0.002291 58.856641    -68.93    167.06      0.15
     4685.169071  7.359093  0.002279 61.509103    -72.75     -0.19     -0.15
     4686.100331  7.359495  0.002300 64.872116    -69.90   -175.78     -0.21
     4687.031591  7.359671  0.002298 62.456702    -66.16      3.27     -0.06
     4687.962851  7.360014  0.002308 59.002809    -68.98   -179.36      0.04
     4688.894111  7.360103  0.002295 61.438720    -72.98     -6.25      0.13
     4689.825371  7.360394  0.002302 64.829525    -70.32    158.80      0.10
     4690.756631  7.360495  0.002288 62.488334    -66.43    -41.67      0.07
     4691.687891  7.360714  0.002280 58.922649    -69.04    115.91      0.19
     4692.619151  7.360997  0.002286 61.246477    -73.18    -90.44      0.23
     4693.550411  7.361153  0.002275 64.843005    -70.69     55.06      0.34
     4694.481671  7.361477  0.002295 62.722203    -66.72   -164.73      0.32
     4695.412931  7.361779  0.002301 59.031745    -69.17    -25.95     -0.16
     4696.344191  7.361882  0.002283 61.160188    -73.43    108.64     -0.40
     4697.275451  7.362017  0.002275 64.742178    -71.06   -125.52     -0.07
     4698.206711  7.362235  0.002276 62.705948    -67.00     -5.03     -0.06
     4699.137971  7.362484  0.002273 59.000038    -69.30    113.33      0.24
     4700.069231  7.362847  0.002294 61.085668    -73.62   -131.85      0.33
     4701.000491  7.363102  0.002296 64.830310    -71.39    -24.22     -0.44
     4701.931751  7.363161  0.002259 62.885807    -67.26     76.48      0.11
     4702.863011  7.363548  0.002297 59.052897    -69.48    175.67      0.19
     4703.794271  7.363706  0.002290 60.981461    -73.86    -88.35     -0.27
     4704.725531  7.363908  0.002288 64.696608    -71.68     -1.28      0.01
     4705.656791  7.364169  0.002290 62.847677    -67.50     80.18      0.15
     4706.588051  7.364399  0.002288 59.065166    -69.65    160.48     -0.36
     4707.519311  7.364600  0.002281 61.012916    -74.07   -124.21      0.50
     4708.450571  7.364767  0.002269 64.790430    -71.97    -55.19     -0.37
     4709.381831  7.365020  0.002284 62.922174    -67.79      6.52      0.31
     4710.313091  7.365120  0.002264 59.043400    -69.91     67.38     -0.16
     4711.244351  7.365463  0.002290 60.912176    -74.33    123.94     -0.02
     4712.175611  7.365707  0.002287 64.690896    -72.22    172.56     -0.07
     4713.106871  7.365981  0.002295 62.908666    -68.02   -144.79      0.15
     4714.038131  7.366001  0.002253 59.113642    -70.13   -103.93      0.36
     4714.969391  7.366271  0.002255 61.039579    -74.57    -65.62     -0.48
     4715.900651  7.366680  0.002296 64.787521    -72.45    -36.38     -0.33
     4716.831911  7.366779  0.002285 62.869715    -68.27    -13.31      0.19
     4717.763171  7.367025  0.002280 59.001768    -70.41      8.44      0.05
     4718.694431  7.367239  0.002282 60.944641    -74.81     26.48     -0.03
     4719.625691  7.367495  0.002288 64.731678    -72.63     36.35     -0.03
     4720.556951  7.367767  0.002288 62.874950    -68.47     40.21      0.37
     4721.488211  7.367897  0.002271 59.092773    -70.71     42.65      0.40
     4722.419471  7.368146  0.002271 61.103209    -75.09     41.31      0.49
     4723.350731  7.368332  0.002271 64.778323    -72.83     32.22      0.22
     4724.281991  7.368534  0.002273 62.731467    -68.72     17.21      0.14
     4725.213251  7.368829  0.002281 58.954891    -71.05      0.50     -0.09
     4726.144511  7.368938  0.002268 61.103038    -75.35    -20.17     -0.16
     4727.075771  7.369215  0.002266 64.810279    -72.97    -48.96     -0.20
     4728.007031  7.369402  0.002250 62.740878    -68.91    -83.33     -0.11
     4728.938291  7.369567  0.002246 59.053123    -71.41   -119.74      0.31
     4729.869551  7.369918  0.002275 61.270712    -75.63   -159.80      0.44
     4730.800811  7.370234  0.002294 64.797396    -73.10    152.42      0.09
     4731.732071  7.370435  0.002291 62.508576    -69.11     98.83     -0.01
     4732.663332  7.370608  0.002284 58.919774    -71.78     43.58     -0.11
     4733.594592  7.370758  0.002269 61.367716    -75.87    -15.62     -0.28
     4734.525852  7.370891  0.002244 64.883978    -73.18    -83.45      0.11
     4735.457112  7.371300  0.002283 62.482372    -69.34   -156.50      0.46
     4736.388372  7.371520  0.002280 58.963370    -72.21    129.93     -0.34
     4737.319632  7.371675  0.002265 61.514831    -76.18     50.82      0.13
     4738.250892  7.371976  0.002288 64.821916    -73.27    -36.04      0.12
     4739.182152  7.372204  0.002288 62.215245    -69.55   -128.03      0.02
     4740.113412  7.372338  0.002265 58.897808    -72.64    138.42     -0.02
     4741.044672  7.372656  0.002287 61.732497    -76.42     40.02      0.38
     4741.975932  7.372702  0.002246 64.950378    -73.30    -65.31     -0.36
     4742.907192  7.373071  0.002282 62.116735    -69.78   -176.95      0.25
     4743.838452  7.373147  0.002253 58.904600    -73.13     70.79     -0.12
     4744.769712  7.373526  0.002288 61.872143    -76.67    -46.64     -0.04
     4745.700972  7.373749  0.002284 64.841474    -73.30   -172.12     -0.13
     4746.632232  7.373991  0.002285 61.838780    -69.99     57.21      0.22
     4747.563492  7.374017  0.002246 58.924659    -73.60    -74.38      0.11
     4748.494752  7.374385  0.002273 62.186919    -76.89    149.64     -0.53
     4749.426012  7.374753  0.002295 64.932757    -73.30      4.29      0.16
     4750.357272  7.374760  0.002262 61.626660    -70.28   -145.18      0.38
     4751.288532  7.374979  0.002263 58.894521    -74.17     64.66     -0.22
     4752.219792  7.375343  0.002288 62.327838    -77.12    -91.62     -0.03
     4753.151052  7.375420  0.002270 64.806148    -73.26    104.01      0.18
     4754.082312  7.375684  0.002260 61.367477    -70.53    -64.07     -0.11
     4755.013572  7.375824  0.002247 59.027399    -74.69    126.42     -0.31
     4755.944832  7.376182  0.002269 62.721133    -77.28    -48.57     -0.61
     4756.876092  7.376361  0.002270 64.817535    -73.21    127.92     -0.32
     4757.807352  7.376691  0.002291 61.047094    -70.86    -59.59     -0.17
     4758.738612  7.376790  0.002274 59.002040    -75.27    111.37      0.03
     4759.669872  7.377105  0.002287 62.884371    -77.41    -83.59      0.17
     4760.601132  7.377241  0.002268 64.688174    -73.11     73.80      0.19
     4761.532392  7.377477  0.002270 60.824014    -71.20   -132.73      0.50
     4762.463652  7.377852  0.002290 59.220513    -75.86     19.75      0.30
     4763.394912  7.378018  0.002289 63.273966    -77.52    166.14     -0.13
     4764.326172  7.378128  0.002272 64.551804    -73.05    -55.47     -0.19
     4765.257432  7.378390  0.002279 60.428165    -71.62     79.22     -0.10
     4766.188692  7.378655  0.002280 59.271686    -76.46   -147.63     -0.11
     4767.119952  7.378812  0.002272 63.505360    -77.56    -21.06     -0.26
     4768.051212  7.378915  0.002244 64.417264    -72.94     97.68      0.09
     4768.982472  7.379256  0.002268 60.235724    -72.07   -146.60      0.45
     4769.913732  7.379512  0.002278 59.598736    -77.05    -31.52     -0.35
     4770.844992  7.379608  0.002250 63.835746    -77.57     75.29      0.02
     4771.776252  7.379922  0.002274 64.124700    -72.86    175.08      0.19
     4772.707512  7.380183  0.002283 59.815031    -72.57    -87.77      0.13
     4773.638772  7.380392  0.002275 59.761038    -77.60      7.55     -0.10
     4774.570032  7.380534  0.002255 64.109587    -77.49     94.97      0.20
     4775.501292  7.380896  0.002286 63.936534    -72.78    176.26     -0.09
     4776.432552  7.380894  0.002237 59.640408    -73.17   -105.53      0.24
     4777.363812  7.381274  0.002275 60.145790    -78.18    -29.02     -0.14
     4778.295072  7.381387  0.002257 64.339482    -77.39     39.15      0.07
     4779.226332  7.381723  0.002282 63.492190    -72.74    101.11     -0.06
     4780.157592  7.381941  0.002270 59.286924    -73.82    160.81     -0.07
     4781.088852  7.382241  0.002286 60.478966    -78.67   -142.45      0.10
     4782.020112  7.382229  0.002239 64.624964    -77.20    -93.56      0.24
     4782.951372  7.382531  0.002256 63.225769    -72.73    -49.65     -0.62
     4783.882632  7.382951  0.002293 59.161045    -74.54     -9.18      0.08
     4784.813892  7.383000  0.002263 60.904266    -79.13     28.36      0.36
     4785.745152  7.383183  0.002265 64.701201    -76.96     58.46     -0.10
     4786.676412  7.383542  0.002282 62.677305    -72.76     82.23      0.08
     4787.607672  7.383603  0.002252 58.967280    -75.28    104.52      0.19
     4788.538932  7.383839  0.002249 61.409186    -79.49    123.62     -0.31
     4789.470192  7.384129  0.002261 64.913774    -76.69    134.24     -0.45
     4790.401452  7.384375  0.002272 62.276481    -72.92    139.59     -0.45
     4791.332712  7.384659  0.002284 58.905662    -76.14    143.05     -0.07
     4792.263972  7.384813  0.002278 61.854168    -79.80    142.29     -0.01
     4793.195232  7.385002  0.002273 64.832919    -76.38    133.16      0.19
     4794.126492  7.385222  0.002263 61.696994    -73.12    119.70      0.05
     4795.057752  7.385311  0.002239 58.944341    -76.97    104.80      0.15
     4795.989012  7.385621  0.002243 62.469803    -79.97     84.71      0.29
     4796.920272  7.385825  0.002246 64.887134    -76.02     56.69      0.39
     4797.851532  7.386049  0.002257 61.203866    -73.47     24.56      0.40
     4798.782792  7.386387  0.002277 59.003597    -77.85     -8.83      0.29
     4799.714052  7.386605  0.002280 62.892619    -80.04    -48.03      0.08
     4800.645312  7.386748  0.002269 64.626047    -75.66    -95.33      0.13
     4801.576572  7.387007  0.002274 60.664083    -73.89   -146.13      0.17
     4802.507832  7.387265  0.002273 59.301545    -78.69    162.21     -0.32
     4803.439092  7.387388  0.002243 63.514060    -80.00    103.46     -0.23
     4804.370352  7.387693  0.002263 64.426963    -75.36     36.79      0.35
     4805.301612  7.387974  0.002281 60.113713    -74.50    -32.09     -0.01
     4806.232872  7.388118  0.002270 59.550807    -79.53   -102.92     -0.20
     4807.164132  7.388294  0.002265 63.884801    -79.84    178.75     -0.10
     4808.095392  7.388490  0.002256 64.013193    -75.07     93.25      0.18
     4809.026652  7.388849  0.002283 59.722398    -75.19      5.98     -0.19
     4809.957912  7.388861  0.002231 60.116221    -80.25    -83.82     -0.18
     4810.889172  7.389321  0.002283 64.392568    -79.56    178.52      0.08
     4811.820432  7.389412  0.002259 63.530799    -74.87     74.75     -0.13
     4812.751692  7.389715  0.002279 59.249886    -76.02    -31.67      0.17
     4813.682952  7.389904  0.002275 60.535551    -80.87   -140.33     -0.10
     4814.614212  7.390026  0.002256 64.621908    -79.16    102.48      0.18
     4815.545472  7.390269  0.002259 62.988131    -74.77    -19.73     -0.35
     4816.476732  7.390548  0.002267 59.087574    -76.97   -144.80      0.39
     4817.407992  7.390687  0.002240 61.275810    -81.37     87.82     -0.11
     4818.339252  7.391008  0.002271 64.851587    -78.72    -48.16     -0.21
     4819.270512  7.391127  0.002263 62.268864    -74.84    170.04      0.19
     4820.201772  7.391404  0.002266 58.849487    -78.01     27.62     -0.20
     4821.133032  7.391681  0.002277 61.863746    -81.68   -119.93      0.09
     4822.064292  7.391733  0.002246 64.893622    -78.19     84.47      0.28
     4822.995552  7.391999  0.002238 61.669565    -75.03    -74.87     -0.21
     4823.926812  7.392205  0.002244 59.010764    -79.06    124.33     -0.45
     4824.858072  7.392571  0.002275 62.649798    -81.82    -42.10     -0.42
     4825.789332  7.392740  0.002272 64.741897    -77.66    142.97      0.06
     4826.720592  7.392949  0.002269 60.844512    -75.44    -35.47      0.09
     4827.651852  7.393086  0.002253 59.111844    -80.10    144.90      0.05
     4828.583112  7.393368  0.002257 63.286898    -81.75    -40.76     -0.19
     4829.514372  7.393473  0.002237 64.514576    -77.15    126.02     -0.37
     4830.445632  7.393781  0.002242 60.287702    -76.06    -70.57     -0.27
     4831.376892  7.393926  0.002235 59.594782    -81.12     91.34     -0.30
     4832.308152  7.394145  0.002242 63.900729    -81.53   -114.27      0.08
     4833.239412  7.394490  0.002266 63.969575    -76.73     33.47     -0.02
     4834.170672  7.394672  0.002259 59.594442    -76.89    178.72     -0.13
     4835.101932  7.394795  0.002244 60.095341    -81.95    -38.27     -0.13
     4836.033192  7.395027  0.002237 64.435281    -81.09     96.70      0.23
     4836.964452  7.395397  0.002259 63.468733    -76.42   -134.55      0.55
     4837.895712  7.395715  0.002285 59.252585    -77.90     -6.84      0.03
     4838.826972  7.395789  0.002260 60.835767    -82.64    117.75     -0.39
     4839.758232  7.395924  0.002253 64.705070    -80.53   -126.50     -0.13
     4840.689492  7.396134  0.002253 62.600482    -76.31    -16.36      0.03
     4841.620752  7.396371  0.002251 58.921719    -79.02     92.37      0.23
     4842.552012  7.396688  0.002271 61.625945    -83.06   -162.41     -0.00
     4843.483272  7.396757  0.002230 64.932365    -79.88    -65.33     -0.21
     4844.414532  7.397097  0.002257 61.883256    -76.45     26.11      0.47
     4845.345792  7.397273  0.002253 58.940182    -80.27    117.84     -0.36
     4846.277052  7.397456  0.002250 62.438253    -83.28   -157.06      0.28
     4847.208312  7.397716  0.002262 64.738347    -79.20    -79.13     -0.02
     4848.139572  7.397912  0.002254 60.946310    -76.83     -5.21     -0.25
     4849.070832  7.398206  0.002263 59.139194    -81.47     66.82      0.27
     4850.002092  7.398409  0.002248 63.325859    -83.18    133.91     -0.44
     4850.933352  7.398774  0.002278 64.538642    -78.55   -167.96      0.30
     4851.864612  7.398726  0.002230 60.229908    -77.51   -111.99      0.09
     4852.795872  7.399043  0.002262 59.596772    -82.59    -57.54     -0.24
     4853.727132  7.399289  0.002264 63.942219    -82.83    -10.94      0.09
     4854.658392  7.399559  0.002270 63.866965    -78.01     29.09     -0.04
     4855.589652  7.399680  0.002253 59.528083    -78.44     66.43      0.29
     4856.520912  7.399846  0.002234 60.324252    -83.50    102.20     -0.05
     4857.452172  7.400166  0.002250 64.586224    -82.27    130.27     -0.46
     4858.383432  7.400390  0.002265 63.186783    -77.70    151.64     -0.27
     4859.314692  7.400699  0.002275 59.074498    -79.65    171.02      0.18
     4860.245952  7.400750  0.002252 61.111133    -84.17   -172.60      0.25
     4861.177212  7.401042  0.002263 64.784473    -81.54   -164.06     -0.08
     4862.108472  7.401246  0.002262 62.232886    -77.63   -161.07     -0.07
     4863.039732  7.401593  0.002276 58.925283    -80.96   -159.21     -0.05
     4863.970992  7.401732  0.002266 62.157425    -84.48   -162.12      0.22
     4864.902252  7.402054  0.002277 64.921341    -80.73   -172.86      0.24
     4865.833512  7.402130  0.002262 61.296066    -77.92    172.20      0.14
     4866.764772  7.402373  0.002264 59.004248    -82.33    155.91      0.21
     4867.696032  7.402596  0.002266 62.991339    -84.47    134.01      0.04
     4868.627292  7.402694  0.002247 64.537401    -79.93    104.08      0.09
     4869.558552  7.402962  0.002248 60.380981    -78.53     70.73      0.39
     4870.489812  7.403322  0.002269 59.536121    -83.59     36.36      0.35
     4871.421072  7.403532  0.002272 63.940156    -84.11     -4.54     -0.11
     4872.352332  7.403606  0.002250 64.013677    -79.29    -52.69     -0.36
     4873.283592  7.403781  0.002242 59.571723    -79.56   -103.81     -0.10
     4874.214852  7.404067  0.002254 60.185443    -84.65   -157.10      0.11
     4875.146112  7.404320  0.002261 64.466192    -83.48    141.99      0.10
     4876.077372  7.404555  0.002259 63.160426    -78.85     74.72      0.31
     4877.008632  7.404865  0.002277 59.118849    -80.82      6.64     -0.16
     4877.939892  7.404875  0.002230 61.264546    -85.34    -64.84     -0.50
     4878.871152  7.405160  0.002248 64.893588    -82.63   -145.72      0.38
     4879.802412  7.405428  0.002264 62.134849    -78.79    129.64     -0.20
     4880.733672  7.405572  0.002250 58.853926    -82.28     43.14     -0.13
     4881.664932  7.405820  0.002259 62.200511    -85.63    -48.21      0.08
     4882.596192  7.406123  0.002273 64.811620    -81.68   -147.37     -0.03
     4883.527452  7.406216  0.002235 61.114340    -79.12    109.51     -0.11
     4884.458712  7.406622  0.002275 59.169631    -83.75      5.10      0.05
     4885.389972  7.406586  0.002225 63.327232    -85.52   -105.45      0.25
     4886.321232  7.406901  0.002259 64.438365    -80.84    137.03     -0.19
     4887.252492  7.407045  0.002243 60.058265    -79.94     15.76      0.06
     4888.183752  7.407385  0.002263 59.665858    -85.08   -106.66     -0.14
     4889.115012  7.407567  0.002255 64.106195    -84.99    123.10      0.14
     4890.046272  7.407764  0.002255 63.717554    -80.15    -13.10     -0.31
     4890.977532  7.408040  0.002260 59.401757    -81.11   -152.23      0.28
     4891.908792  7.408167  0.002231 60.701390    -86.06     66.60      0.37
     4892.840052  7.408328  0.002233 64.731110    -84.16    -81.88     -0.28
     4893.771312  7.408668  0.002261 62.649226    -79.83    123.05     -0.14
     4894.702572  7.408888  0.002259 58.882947    -82.58    -33.59      0.22
     4895.633832  7.408987  0.002244 61.705711    -86.57    166.54     -0.15
     4896.565092  7.409383  0.002265 64.885009    -83.14     -1.83     -0.20
     4897.496352  7.409544  0.002263 61.580653    -79.96   -174.81     -0.06
     4898.427612  7.409878  0.002272 59.037454    -84.19     11.09      0.20
     4899.358872  7.409946  0.002256 62.940150    -86.63   -168.40      0.31
     4900.290132  7.410217  0.002260 64.608151    -82.15      4.39      0.25
     4901.221392  7.410335  0.002249 60.359161    -80.63    173.88      0.09
     4902.152652  7.410534  0.002245 59.438640    -85.68    -18.07      0.05
     4903.083912  7.410813  0.002249 63.896919    -86.17    143.15     -0.13
     4904.015172  7.410885  0.002221 63.967040    -81.30    -62.60     -0.30
     4904.946432  7.411096  0.002214 59.574827    -81.76     88.93      0.14
     4905.877692  7.411429  0.002232 60.453085    -86.84   -121.52      0.33
     4906.808952  7.411669  0.002251 64.622843    -85.33     20.31      0.28
     4907.740212  7.411837  0.002249 62.848530    -80.83    156.23      0.10
     4908.671472  7.412087  0.002254 58.927642    -83.27    -69.53      0.22
     4909.602732  7.412394  0.002263 61.534244    -87.49     61.23      0.16
     4910.533992  7.412661  0.002270 64.904574    -84.24   -175.93     -0.18
     4911.465252  7.412721  0.002232 61.723153    -80.87    -57.72     -0.44
     4912.396512  7.412891  0.002226 59.012857    -84.99     58.53      0.28
     4913.327772  7.413229  0.002261 62.836427    -87.59    170.34      0.04
     4914.259032  7.413351  0.002245 64.611857    -83.14    -85.82     -0.20
     4915.190292  7.413535  0.002241 60.403868    -81.52     14.26     -0.12
     4916.121552  7.413758  0.002242 59.435066    -86.57    112.92      0.16
     4917.052812  7.414066  0.002257 63.906347    -87.09   -154.86     -0.04
     4917.984072  7.414124  0.002215 63.973826    -82.21    -69.51     -0.31
     4918.915332  7.414565  0.002263 59.548248    -82.72     12.90      0.25
     4919.846592  7.414640  0.002228 60.488010    -87.80     94.16     -0.30
     4920.777852  7.415003  0.002264 64.632174    -86.18    166.46      0.11
     4921.709112  7.415167  0.002258 62.754028    -81.71   -126.59     -0.09
     4922.640372  7.415311  0.002245 58.909951    -84.33    -61.45      0.25
     4923.571632  7.415524  0.002246 61.693140    -88.42      0.70     -0.20
     4924.502892  7.415766  0.002242 64.914866    -84.98     53.69      0.33
     4925.434152  7.415948  0.002225 61.546771    -81.81    103.45     -0.28
     4926.365412  7.416288  0.002261 59.047480    -86.14    151.55     -0.20
     4927.296672  7.416382  0.002244 63.023753    -88.43   -166.47      0.32
     4928.227932  7.416649  0.002249 64.498854    -83.82   -131.47     -0.07
     4929.159192  7.416881  0.002256 60.180722    -82.59   -100.14      0.10
     4930.090453  7.416985  0.002234 59.633327    -87.75    -69.95      0.09
     4931.021713  7.417283  0.002238 64.146822    -87.78    -46.54     -0.32
     4931.952973  7.417488  0.002244 63.732252    -82.91    -30.05     -0.51
     4932.884233  7.417874  0.002271 59.343288    -83.98    -15.95     -0.15
     4933.815493  7.417947  0.002254 60.802838    -88.89     -4.54      0.27
     4934.746753  7.418192  0.002256 64.740521    -86.69     -0.79      0.16
     4935.678013  7.418277  0.002238 62.349410    -82.52     -2.52      0.01
     4936.609273  7.418625  0.002250 58.867112    -85.76     -5.24     -0.17
     4937.540533  7.418762  0.002242 62.170943    -89.33    -12.34     -0.33
     4938.471793  7.419053  0.002248 64.876271    -85.39    -27.65     -0.36
     4939.403053  7.419268  0.002244 61.052101    -82.86    -46.75     -0.51
     4940.334313  7.419357  0.002229 59.220119    -87.64    -67.14     -0.38
     4941.265573  7.419635  0.002240 63.478558    -89.08    -94.00     -0.11
     4942.196833  7.419907  0.002253 64.188364    -84.22   -128.16     -0.10
     4943.128093  7.420054  0.002244 59.732772    -83.93   -164.70     -0.21
     4944.059353  7.420217  0.002232 60.098961    -89.13    156.92     -0.22
     4944.990613  7.420422  0.002218 64.525911    -88.14    110.72     -0.05
     4945.921873  7.420717  0.002230 63.182170    -83.46     57.99      0.52
     4946.853133  7.421058  0.002262 59.063991    -85.62      4.68      0.26
     4947.784393  7.421196  0.002254 61.451368    -90.01    -51.76     -0.29
     4948.715653  7.421325  0.002244 64.827773    -86.83   -117.21     -0.19
     4949.646913  7.421507  0.002236 61.626296    -83.39    172.70     -0.17
     4950.578173  7.421698  0.002227 58.956430    -87.55    101.49      0.16
     4951.509433  7.422037  0.002250 62.936145    -90.05     25.27      0.12
     4952.440693  7.422114  0.002216 64.628492    -85.49    -58.24     -0.39
     4953.371953  7.422383  0.002232 60.308157    -84.18   -146.26      0.48
     4954.303213  7.422633  0.002242 59.667537    -89.37    126.10     -0.35
     4955.234473  7.422794  0.002233 64.104801    -89.37     29.99      0.03
     4956.165733  7.423088  0.002249 63.552258    -84.47    -72.56      0.01
     4957.096993  7.423338  0.002247 59.210408    -85.69   -176.56     -0.27
     4958.028253  7.423551  0.002242 60.934597    -90.54     75.89      0.37
     4958.959513  7.423766  0.002241 64.876596    -88.10    -38.25     -0.50
     4959.890773  7.423972  0.002244 62.251504    -84.10   -159.41      0.48
     4960.822033  7.424024  0.002214 58.931422    -87.68     80.05     -0.15
     4961.753293  7.424442  0.002258 62.429220    -90.90    -45.92     -0.12
     4962.684553  7.424610  0.002248 64.694225    -86.65    179.83      0.01
     4963.615813  7.424794  0.002246 60.630201    -84.59     42.13      0.01
     4964.547073  7.424977  0.002233 59.386961    -89.62    -96.75      0.26
     4965.478333  7.425203  0.002225 63.883342    -90.37    118.43     -0.27
     4966.409593  7.425439  0.002238 63.977067    -85.44    -33.80     -0.41
     4967.340853  7.425782  0.002261 59.472159    -86.00    171.27      0.05
     4968.272113  7.425866  0.002238 60.560610    -91.08     14.25      0.34
     4969.203373  7.426051  0.002238 64.669991    -89.17   -150.22     -0.02
     4970.134633  7.426335  0.002252 62.487780    -84.84     39.31     -0.05
     4971.065893  7.426558  0.002250 58.901646    -87.96   -132.22      0.05
     4971.997153  7.426762  0.002244 62.170631    -91.62     51.68      0.51
     4972.928413  7.426947  0.002231 64.887538    -87.64   -132.03      0.47
     4973.859673  7.427081  0.002224 60.976797    -85.17     40.30      0.52
     4974.790933  7.427392  0.002235 59.247544    -90.05   -148.00      0.24
     4975.722193  7.427513  0.002233 63.602304    -91.22     17.08      0.10
     4976.653453  7.427770  0.002239 64.039289    -86.29    174.75     -0.04
     4977.584713  7.428032  0.002237 59.559138    -86.44    -29.76     -0.17
     4978.515973  7.428116  0.002216 60.406432    -91.62    123.76     -0.25
     4979.447233  7.428292  0.002204 64.697869    -90.04    -91.08      0.18
     4980.378493  7.428648  0.002227 62.752364    -85.58     48.48      0.46
     4981.309753  7.428960  0.002252 58.936669    -88.48   -172.65      0.30
     4982.241013  7.429117  0.002248 61.970114    -92.33    -37.64     -0.06
     4983.172273  7.429264  0.002245 64.784278    -88.48     88.68     -0.05
     4984.103533  7.429493  0.002242 61.011359    -85.81   -148.97     -0.06
     4985.034793  7.429680  0.002230 59.211371    -90.60    -27.16     -0.30
     4985.966053  7.429848  0.002211 63.626002    -91.96     87.57      0.29
     4986.897313  7.430274  0.002254 64.203678    -87.04   -164.53      0.40
     4987.828573  7.430430  0.002245 59.644473    -87.09    -58.08     -0.38
     4988.759833  7.430574  0.002232 60.331984    -92.30     45.14      0.14
     4989.691093  7.430844  0.002249 64.587600    -90.75    140.95      0.11
     4990.622353  7.431075  0.002254 62.671530    -86.24   -129.09      0.05
     4991.553613  7.431188  0.002226 58.919627    -89.12    -39.98     -0.11
     4992.484873  7.431465  0.002240 62.041796    -92.99     44.47      0.42
     4993.416133  7.431550  0.002215 64.890551    -89.12    122.18     -0.44
     4994.347393  7.431847  0.002238 61.026023    -86.52   -165.75      0.37
     4995.278653  7.431993  0.002221 59.233784    -91.39    -93.11     -0.27
     4996.209913  7.432337  0.002248 63.602591    -92.60    -27.87      0.04
     4997.141173  7.432548  0.002250 64.023908    -87.64     30.42     -0.11
     4998.072433  7.432674  0.002232 59.536476    -87.86     85.98      0.36
     4999.003693  7.432822  0.002216 60.495035    -93.03    140.85     -0.37
     4999.934953  7.433286  0.002258 64.759795    -91.27   -173.32      0.01
     5000.866213  7.433328  0.002222 62.612247    -86.89   -133.21      0.48
     5001.797473  7.433445  0.002215 58.921620    -90.03    -92.87     -0.29
     5002.728733  7.433843  0.002252 62.168018    -93.66    -57.74     -0.13
     5003.659993  7.433968  0.002238 64.740103    -89.57    -31.02      0.16
     5004.591253  7.434164  0.002231 60.755358    -87.25     -7.28     -0.26
     5005.522513  7.434535  0.002253 59.355209    -92.27     15.05     -0.06
     5006.453773  7.434639  0.002237 63.880226    -93.08     30.60      0.30
     5007.385033  7.434889  0.002233 63.938935    -88.12     39.28      0.49
     5008.316293  7.434934  0.002211 59.405029    -88.83     46.44      0.23
     5009.247553  7.435256  0.002228 60.709243    -93.89     51.22      0.03
     5010.178813  7.435429  0.002235 64.728869    -91.64     47.81     -0.17
     5011.110073  7.435719  0.002247 62.204034    -87.50     38.69     -0.01
     5012.041333  7.436009  0.002254 58.909598    -91.09     29.05     -0.06
     5012.972593  7.436158  0.002247 62.595133    -94.25     14.58      0.05
     5013.903853  7.436475  0.002258 64.756561    -89.87     -7.65     -0.05
     5014.835113  7.436650  0.002253 60.464010    -88.14    -33.08     -0.30
     5015.766373  7.436728  0.002236 59.578021    -93.34    -59.86     -0.27
     5016.697633  7.436960  0.002241 64.074022    -93.45    -93.96     -0.06
     5017.628893  7.437252  0.002251 63.501201    -88.48   -134.71     -0.04
     5018.560153  7.437454  0.002245 59.153123    -89.93   -176.63     -0.32
     5019.491413  7.437525  0.002217 61.198453    -94.69    138.58     -0.44
     5020.422673  7.437644  0.002195 64.916503    -91.80     84.95      0.09
     5021.353933  7.438005  0.002227 61.792124    -88.17     26.69      0.48
     5022.285193  7.438308  0.002245 58.984384    -92.38    -31.47      0.01
     5023.216453  7.438471  0.002236 63.005417    -94.78    -95.45     -0.10
     5024.147713  7.438686  0.002239 64.406963    -90.01   -167.55     -0.00
     5025.078973  7.438876  0.002229 59.955068    -89.15    117.59      0.17
     5026.010233  7.439206  0.002252 60.004933    -94.47     41.50      0.28
     5026.941493  7.439338  0.002230 64.528954    -93.60    -41.20     -0.53
     5027.872753  7.439507  0.002219 63.083164    -88.86   -131.91      0.49
     5028.804013  7.439815  0.002246 58.988550    -91.30    137.88     -0.15
     5029.735273  7.439886  0.002223 61.757568    -95.48     43.12      0.14
     5030.666533  7.440116  0.002237 64.799499    -91.77    -59.71      0.15
     5031.597793  7.440317  0.002232 61.067354    -88.93   -166.27     -0.21
     5032.529053  7.440499  0.002217 59.212222    -93.77     85.79      0.20
     5033.460313  7.440838  0.002234 63.682491    -95.06    -27.33     -0.48
     5034.391573  7.441080  0.002240 64.093393    -90.08   -149.36      0.51
     5035.322833  7.441101  0.002207 59.513244    -90.46     88.21     -0.18
     5036.254093  7.441418  0.002236 60.600636    -95.61    -37.09     -0.08
     5037.185353  7.441636  0.002235 64.710222    -93.54   -170.55      0.06
     5038.116613  7.441893  0.002246 62.251217    -89.30     50.69      0.02
     5039.047873  7.441956  0.002215 58.906532    -92.87    -88.99      0.24
     5039.979133  7.442228  0.002214 62.616437    -96.05    127.52     -0.35
     5040.910393  7.442548  0.002241 64.731293    -91.60    -24.53     -0.37
     5041.841653  7.442743  0.002240 60.383159    -90.00    179.67      0.16
     5042.772913  7.442923  0.002230 59.676063    -95.26     23.12      0.38
     5043.704173  7.443024  0.002222 64.195404    -95.08   -140.04     -0.09
     5044.635433  7.443392  0.002244 63.307240    -90.15     49.60     -0.02
     5045.566693  7.443514  0.002233 59.052349    -92.01   -122.12      0.16
     5046.497953  7.443787  0.002231 61.481630    -96.55     63.08      0.39
     5047.429213  7.443877  0.002210 64.929075    -93.21   -119.75      0.43
     5048.360473  7.444098  0.002208 61.418832    -90.01     53.12      0.43
     5049.291733  7.444354  0.002217 59.119231    -94.65   -134.51      0.24
     5050.222993  7.444492  0.002216 63.418840    -96.33     31.79      0.09
     5051.154253  7.444801  0.002232 64.117140    -91.36   -169.61      0.05
     5052.085513  7.445021  0.002229 59.559960    -91.39    -12.89     -0.28
     5053.016773  7.445114  0.002209 60.485116    -96.62    141.77     -0.28
     5053.948033  7.445305  0.002196 64.774235    -94.78    -71.61     -0.17
     5054.879293  7.445590  0.002204 62.456673    -90.44     69.15      0.31
     5055.810553  7.445867  0.002223 58.930882    -93.91   -150.40      0.33
     5056.741813  7.446064  0.002235 62.502271    -97.19    -14.31      0.13
     5057.673073  7.446237  0.002230 64.613440    -92.74    113.46      0.04
     5058.604333  7.446485  0.002235 60.311754    -91.08   -122.11      0.10
     5059.535593  7.446739  0.002234 59.682823    -96.37      1.75     -0.17
     5060.466853  7.446862  0.002209 64.305537    -96.16    118.21     -0.23
     5061.398113  7.447148  0.002222 63.356417    -91.24   -132.65      0.56
     5062.329373  7.447477  0.002247 59.073661    -93.26    -23.31     -0.11
     5063.260633  7.447541  0.002220 61.580321    -97.71     82.26     -0.22
     5064.191893  7.447791  0.002236 64.827269    -94.19    178.95      0.16
     5065.123153  7.448032  0.002239 61.158716    -91.14    -88.22      0.13
     5066.054413  7.448237  0.002238 59.160666    -95.94      4.42     -0.22
     5066.985673  7.448319  0.002207 63.656424    -97.30     89.98      0.32
     5067.916933  7.448683  0.002240 64.077064    -92.28    169.30     -0.16
     5068.848193  7.448646  0.002191 59.486892    -92.76   -114.14      0.20
     5069.779453  7.449029  0.002234 60.744827    -97.89    -38.89     -0.22
     5070.710713  7.449201  0.002225 64.760875    -95.56     27.48      0.04
     5071.641973  7.449514  0.002240 62.005925    -91.50     88.81      0.06
     5072.573233  7.449615  0.002219 58.905193    -95.42    149.78     -0.09
     5073.504493  7.449872  0.002235 62.896031    -98.16   -154.58      0.08
     5074.435753  7.449984  0.002201 64.551034    -93.44   -106.82      0.30
     5075.367013  7.450295  0.002216 60.043325    -92.51    -60.82     -0.41
     5076.298273  7.450529  0.002234 60.055975    -97.87    -17.30      0.06
     5077.229533  7.450674  0.002222 64.502142    -96.84     18.95      0.12
     5078.160793  7.450942  0.002235 62.783223    -92.13     49.31     -0.09
     5079.092053  7.451083  0.002227 58.892800    -94.96     78.37      0.15
     5080.023313  7.451318  0.002216 62.137489    -98.80    103.79      0.16
     5080.954573  7.451408  0.002194 64.832825    -94.66    121.52     -0.31
     5081.885833  7.451807  0.002225 60.696950    -92.48    135.57     -0.57
     5082.817093  7.451995  0.002232 59.545591    -97.69    148.21     -0.18
     5083.748353  7.452267  0.002241 64.096043    -97.94    154.06      0.01
     5084.679613  7.452316  0.002221 63.429967    -92.92    153.10      0.09
     5085.610873  7.452608  0.002224 59.053218    -94.57    151.01     -0.02
     5086.542133  7.452717  0.002211 61.414473    -99.21    146.22     -0.26
     5087.473393  7.452953  0.002209 64.907888    -95.86    133.02     -0.34
     5088.404653  7.453195  0.002206 61.346704    -92.68    115.61     -0.46
     5089.335913  7.453290  0.002192 59.208732    -97.46     97.43     -0.35
     5090.267173  7.453549  0.002204 63.612528    -98.88     72.89     -0.03
     5091.198433  7.453868  0.002227 63.955163    -93.83     41.21     -0.05
     5092.129693  7.454039  0.002222 59.351930    -94.36      7.77     -0.20
     5093.060953  7.454166  0.002209 60.782265    -99.47    -27.89     -0.18
     5093.992213  7.454353  0.002196 64.848792    -96.99    -71.82     -0.00
     5094.923473  7.454663  0.002206 61.981522    -93.05   -121.07      0.55
     5095.854733  7.455044  0.002241 59.024790    -97.20   -170.04      0.32
     5096.785993  7.455198  0.002235 63.109129    -99.64    136.10     -0.31
     5097.717253  7.455307  0.002223 64.330317    -94.76     73.56     -0.18
     5098.648513  7.455479  0.002217 59.723894    -94.26      8.59     -0.11
     5099.579773  7.455658  0.002212 60.253811    -99.61    -57.90      0.09
     5100.511033  7.455940  0.002226 64.671568    -98.01   -132.19      0.24
     5101.442293  7.456131  0.002216 62.512945    -93.56    148.89     -0.54
     5102.373553  7.456228  0.002189 58.966681    -97.01     67.79      0.23
     5103.304813  7.456633  0.002233 62.614808   -100.28    -16.71     -0.10
     5104.236073  7.456730  0.002212 64.599018    -95.72   -109.65     -0.14
     5105.167333  7.457015  0.002228 60.127380    -94.33    154.06      0.11
     5106.098593  7.457287  0.002239 59.832895    -99.71     57.24     -0.08
     5107.029853  7.457398  0.002215 64.445695    -98.96    -47.22     -0.14
     5107.961113  7.457712  0.002235 62.992135    -94.15   -158.24      0.26
     5108.892373  7.457644  0.002178 59.009621    -96.87     90.59      0.03
     5109.823633  7.458098  0.002234 62.161812   -100.79    -24.28     -0.28
     5110.754893  7.458257  0.002219 64.765351    -96.63   -148.21      0.16
     5111.686153  7.458496  0.002229 60.529090    -94.49     84.90     -0.03
     5112.617413  7.458581  0.002212 59.520585    -99.76    -43.08      0.17
     5113.548673  7.458897  0.002228 64.179439    -99.78   -177.44     -0.28
     5114.479933  7.459174  0.002230 63.356827    -94.79     40.52      0.37
     5115.411193  7.459131  0.002184 59.089405    -96.83   -101.85      0.30
     5116.342453  7.459475  0.002204 61.758653   -101.25    113.37     -0.51
     5117.273713  7.459754  0.002228 64.857258    -97.52    -40.93     -0.14
     5118.204973  7.459917  0.002225 60.897535    -94.79    160.85      0.12
     5119.136233  7.460124  0.002219 59.293362    -99.85      2.44      0.03
     5120.067493  7.460317  0.002222 63.917396   -100.53   -162.51     -0.18
     5120.998753  7.460656  0.002239 63.655048    -95.44     25.05      0.16
     5121.930013  7.460803  0.002224 59.213198    -96.88   -148.50      0.35
     5122.861273  7.460979  0.002216 61.423281   -101.63     35.19      0.63
     5123.792533  7.461180  0.002215 64.896812    -98.30   -148.82      0.31
     5124.723793  7.461286  0.002207 61.223067    -95.12     22.54      0.19
     5125.655053  7.461609  0.002220 59.138466    -99.96   -166.47     -0.03
     5126.586313  7.461768  0.002217 63.676891   -101.18     -1.79     -0.17
     5127.517573  7.461948  0.002211 63.860310    -96.09    155.68     -0.32
     5128.448834  7.462205  0.002204 59.322503    -97.01    -48.50     -0.35
     5129.380094  7.462347  0.002191 61.151526   -102.01    105.02     -0.34
     5130.311354  7.462485  0.002187 64.898060    -99.04   -110.17      0.12
     5131.242614  7.462756  0.002204 61.497474    -95.52     30.32      0.22
     5132.173874  7.463063  0.002221 59.049137   -100.14    170.42      0.26
     5133.105134  7.463299  0.002226 63.477255   -101.79    -55.20      0.09
     5134.036394  7.463497  0.002223 64.015760    -96.70     71.36      0.26
     5134.967654  7.463762  0.002232 59.437844    -97.23   -163.29     -0.04
     5135.898914  7.463839  0.002207 60.956169   -102.36    -39.60     -0.63
     5136.830174  7.463921  0.002181 64.890679    -99.69     74.56      0.12
     5137.761434  7.464255  0.002213 61.699536    -95.93   -175.60      0.26
     5138.692694  7.464478  0.002221 58.997490   -100.36    -65.76     -0.04
     5139.623954  7.464656  0.002214 63.316971   -102.32     38.14     -0.06
     5140.555214  7.464814  0.002201 64.108912    -97.27    134.47     -0.11
     5141.486474  7.465107  0.002215 59.511932    -97.51   -131.59      0.36
     5142.417734  7.465280  0.002202 60.801289   -102.74    -38.07     -0.51
     5143.348994  7.465493  0.002200 64.874131   -100.29     45.55      0.41
     5144.280254  7.465801  0.002223 61.842804    -96.37    125.87     -0.40
     5145.211514  7.465977  0.002214 58.974598   -100.68   -155.67      0.18
     5146.142774  7.466234  0.002229 63.225816   -102.84    -81.94      0.01
     5147.074034  7.466329  0.002212 64.167164    -97.81    -16.00     -0.12
     5148.005294  7.466576  0.002219 59.561587    -97.87     47.46      0.29
     5148.936554  7.466682  0.002184 60.725947   -103.13    110.20     -0.20
     5149.867814  7.467162  0.002236 64.876089   -100.80    164.40     -0.22
     5150.799074  7.467156  0.002202 61.929276    -96.80   -147.20      0.44
     5151.730334  7.467337  0.002203 58.974481   -101.04    -97.83     -0.31
     5152.661594  7.467695  0.002231 63.186904   -103.29    -54.97      0.05
     5153.592854  7.467774  0.002209 64.178604    -98.27    -19.48     -0.00
     5154.524114  7.468077  0.002222 59.555774    -98.27     14.18     -0.21
     5155.455374  7.468329  0.002222 60.680142   -103.56     45.42      0.40
     5156.386634  7.468309  0.002181 64.859019   -101.25     69.31      0.31
     5157.317894  7.468623  0.002194 61.938804    -97.24     88.55     -0.21
     5158.249154  7.468802  0.002205 58.996265   -101.50    107.01     -0.35
     5159.180414  7.469161  0.002232 63.214843   -103.73    119.61     -0.07
     5160.111674  7.469216  0.002212 64.152457    -98.69    124.49      0.13
     5161.042934  7.469477  0.002205 59.522721    -98.74    127.66      0.06
     5161.974194  7.469586  0.002188 60.723863   -104.01    129.53     -0.30
     5162.905454  7.469833  0.002190 64.879996   -101.62    123.06     -0.39
     5163.836714  7.470101  0.002200 61.887502    -97.67    111.57     -0.46
     5164.767974  7.470226  0.002196 59.026141   -102.00     99.48     -0.33
     5165.699234  7.470526  0.002213 63.286065   -104.11     81.78     -0.09
     5166.630494  7.470793  0.002225 64.093604    -99.04     56.56     -0.09
     5167.561754  7.470940  0.002216 59.447731    -99.27     29.52     -0.15
     5168.493014  7.471152  0.002215 60.797827   -104.49      0.74     -0.19
     5169.424274  7.471389  0.002209 64.885736   -101.93    -35.98     -0.41
     5170.355534  7.471522  0.002190 61.763712    -98.11    -77.87     -0.28
     5171.286794  7.471687  0.002189 59.079588   -102.61   -120.41      0.15
     5172.218054  7.471928  0.002208 63.433578   -104.47   -168.32      0.24
     5173.149314  7.472133  0.002214 63.989752    -99.37    136.33      0.13
     5174.080574  7.472369  0.002216 59.347795    -99.87     79.04      0.20
     5175.011834  7.472642  0.002224 60.950230   -105.00     20.17     -0.05
     5175.943094  7.472759  0.002196 64.908383   -102.17    -46.77     -0.43
     5176.874354  7.472948  0.002187 61.590344    -98.56   -119.58      0.48
     5177.805614  7.473339  0.002229 59.158062   -103.24    168.57      0.13
     5178.736874  7.473407  0.002205 63.612041   -104.77     90.68     -0.15
     5179.668134  7.473605  0.002211 63.839934    -99.62      4.70      0.16
     5180.599394  7.473826  0.002214 59.219579   -100.52    -82.60      0.24
     5181.530654  7.474028  0.002213 61.161445   -105.50   -171.60     -0.17
     5182.461914  7.474107  0.002181 64.896145   -102.33     90.41      0.15
     5183.393174  7.474515  0.002219 61.324332    -99.05    -11.10     -0.26
     5184.324434  7.474577  0.002184 59.280545   -103.97   -113.82      0.21
     5185.255694  7.474977  0.002227 63.849712   -105.03    138.12     -0.27
     5186.186954  7.475067  0.002209 63.635585    -99.87     21.94      0.11
     5187.118214  7.475260  0.002213 59.090317   -101.28    -95.11      0.05
     5188.049474  7.475406  0.002198 61.453475   -106.00    145.32     -0.08
     5188.980734  7.475831  0.002233 64.887022   -102.42     17.25     -0.03
     5189.911994  7.475837  0.002186 61.028409    -99.56   -115.18      0.52
     5190.843254  7.475987  0.002181 59.461909   -104.72    113.58     -0.47
     5191.774514  7.476441  0.002231 64.101224   -105.19    -25.66     -0.14
     5192.705774  7.476489  0.002206 63.352816   -100.08   -171.88      0.20
     5193.637034  7.476692  0.002206 58.965215   -102.10     41.59     -0.18
     5194.568294  7.477007  0.002224 61.798062   -106.47   -108.72      0.14
     5195.499554  7.477026  0.002188 64.803552   -102.45     92.98      0.14
     5196.430814  7.477304  0.002186 60.650204   -100.15    -68.42     -0.18
     5197.362074  7.477470  0.002190 59.696872   -105.52    129.75     -0.55
     5198.293334  7.477865  0.002220 64.363606   -105.29    -39.79     -0.34
     5199.224594  7.477964  0.002216 62.998958   -100.33    144.09     -0.05
     5200.155854  7.478218  0.002216 58.883900   -103.03    -32.74      0.19
     5201.087114  7.478334  0.002205 62.226088   -106.88    147.11      0.03
     5202.018374  7.478499  0.002194 64.676759   -102.43    -41.26     -0.17
     5202.949634  7.478771  0.002191 60.260078   -100.84    127.47     -0.37
     5203.880894  7.478866  0.002176 60.032638   -106.31    -64.55     -0.50
     5204.812154  7.479077  0.002177 64.604673   -105.27     95.41     -0.17
     5205.743414  7.479400  0.002200 62.564385   -100.57   -110.36     -0.12
     5206.674674  7.479581  0.002201 58.863569   -104.02     43.42     -0.12
     5207.605934  7.479740  0.002201 62.693546   -107.18   -167.24     -0.12
     5208.537194  7.479974  0.002199 64.449747   -102.36    -25.96     -0.12
     5209.468454  7.480179  0.002186 59.842142   -101.64    112.94     -0.08
     5210.399714  7.480416  0.002190 60.440463   -107.10   -109.73      0.41
     5211.330974  7.480719  0.002214 64.803620   -105.17     20.24      0.33
     5212.262234  7.480887  0.002218 62.047907   -100.94    145.34     -0.21
     5213.193494  7.480990  0.002199 58.953028   -105.11    -90.40     -0.24
     5214.124754  7.481176  0.002200 63.206565   -107.39     28.39     -0.09
     5215.056014  7.481364  0.002194 64.115801   -102.30    139.47      0.01
     5215.987274  7.481607  0.002194 59.464234   -102.58   -111.47      0.41
     5216.918534  7.481924  0.002217 60.973755   -107.79     -3.12     -0.20
     5217.849794  7.481908  0.002166 64.917937   -104.96     96.39     -0.14
     5218.781054  7.482261  0.002202 61.466541   -101.39   -169.18      0.35
     5219.712314  7.482448  0.002204 59.155157   -106.20    -73.89     -0.28
     5220.643574  7.482629  0.002200 63.718933   -107.43     14.35      0.01
     5221.574834  7.482901  0.002207 63.651295   -102.24     95.53      0.08
     5222.506094  7.483181  0.002215 59.127533   -103.66    176.05     -0.35
     5223.437354  7.483315  0.002195 61.581094   -108.39   -107.16      0.44
     5224.368614  7.483544  0.002202 64.903715   -104.68    -37.02     -0.42
     5225.299874  7.483670  0.002193 60.840682   -102.02     27.59      0.45
     5226.231134  7.483867  0.002192 59.524888   -107.32     93.51     -0.39
     5227.162394  7.484203  0.002220 64.203528   -107.35    151.10      0.11
     5228.093654  7.484336  0.002208 63.064019   -102.29   -157.32     -0.05
     5229.024914  7.484498  0.002200 58.933233   -104.88   -106.77      0.23
     5229.956174  7.484697  0.002185 62.288236   -108.81    -58.97     -0.28
     5230.887434  7.485047  0.002217 64.741956   -104.35    -19.80     -0.34
     5231.818694  7.485170  0.002206 60.211375   -102.84     15.65      0.39
     5232.749954  7.485347  0.002191 60.049937   -108.34     51.22      0.21
     5233.681214  7.485505  0.002198 64.573713   -107.06     79.19     -0.10
     5234.612474  7.485829  0.002214 62.336858   -102.46    100.87      0.04
     5235.543734  7.485891  0.002188 58.896405   -106.20    122.39      0.12
     5236.474994  7.486167  0.002195 63.008148   -109.02    139.79     -0.37
     5237.406254  7.486374  0.002199 64.360474   -104.03    148.94     -0.46
     5238.337514  7.486728  0.002221 59.632809   -103.89    155.88     -0.35
     5239.268774  7.486827  0.002213 60.761330   -109.24    161.11     -0.03
     5240.200034  7.487090  0.002220 64.816374   -106.66    158.26      0.14
     5241.131294  7.487175  0.002203 61.524838   -102.87    150.74      0.09
     5242.062554  7.487338  0.002192 59.089871   -107.57    143.03      0.13
     5242.993814  7.487605  0.002193 63.715872   -108.99    129.69     -0.11
     5243.925074  7.487683  0.002167 63.786534   -103.78    109.01     -0.23
     5244.856334  7.487851  0.002161 59.210241   -105.16     86.75      0.08
     5245.787594  7.488175  0.002180 61.601778   -109.90     62.04      0.31
     5246.718854  7.488441  0.002201 64.822793   -106.13     29.23      0.19
     5247.650114  7.488584  0.002197 60.675003   -103.54     -7.39      0.06
     5248.581374  7.488754  0.002192 59.539752   -108.88    -44.53      0.16
     5249.512634  7.488999  0.002194 64.302478   -108.70    -88.75      0.30
     5250.443894  7.489331  0.002211 62.994620   -103.71   -139.32      0.45
     5251.375154  7.489614  0.002223 58.975942   -106.62    170.45     -0.20
     5252.306414  7.489664  0.002190 62.533489   -110.28    116.03     -0.52
     5253.237674  7.489832  0.002189 64.571097   -105.60     52.47      0.06
     5254.168934  7.490088  0.002204 59.884865   -104.55    -13.23      0.09
     5255.100194  7.490300  0.002209 60.256760   -110.05    -79.74     -0.02
     5256.031454  7.490518  0.002211 64.713697   -108.19   -154.18     -0.14
     5256.962714  7.490613  0.002179 62.044546   -103.91    126.20     -0.32
     5257.893974  7.490926  0.002199 59.064991   -108.19     45.52      0.53
     5258.825234  7.491176  0.002208 63.456739   -110.30    -38.54     -0.56
     5259.756494  7.491286  0.002190 64.015552   -105.12   -132.10      0.18
     5260.687754  7.491588  0.002214 59.254690   -105.86    133.58      0.07
     5261.619014  7.491696  0.002200 61.183216   -110.90     37.18     -0.02
     5262.550274  7.491832  0.002192 64.822986   -107.52    -67.89      0.18
     5263.481534  7.492119  0.002205 61.007466   -104.49   -176.31     -0.26
     5264.412794  7.492255  0.002178 59.479884   -109.72     74.18      0.28
     5265.344054  7.492592  0.002201 64.241606   -109.99    -40.71     -0.49
     5266.275314  7.492747  0.002203 63.179135   -104.90   -164.00      0.46
     5267.206574  7.492816  0.002181 58.930963   -107.49     73.63     -0.23
     5268.137834  7.493185  0.002211 62.267562   -111.38    -53.22     -0.02
     5269.069094  7.493333  0.002201 64.588845   -106.80    171.78     -0.02
     5270.000354  7.493547  0.002207 60.035414   -105.50     34.04      0.06
     5270.931614  7.493723  0.002184 60.260348   -111.03   -104.61      0.34
     5271.862874  7.493828  0.002166 64.777012   -109.35    109.86     -0.27
     5272.794134  7.494188  0.002205 62.110920   -105.00    -41.52     -0.46
     5273.725394  7.494438  0.002211 58.982822   -109.21    166.03      0.24
     5274.656654  7.494487  0.002192 63.328615   -111.38      9.11      0.11
     5275.587914  7.494800  0.002208 63.953088   -106.18   -155.44     -0.11
     5276.519174  7.494974  0.002203 59.265328   -106.94     38.29     -0.03
     5277.450434  7.495233  0.002206 61.302844   -111.97   -130.35      0.42
     5278.381694  7.495334  0.002183 64.915606   -108.51     53.17      0.42
     5279.312954  7.495485  0.002174 60.964110   -105.61   -127.31      0.50
     5280.244214  7.495749  0.002181 59.512910   -110.91     52.41      0.14
     5281.175474  7.495878  0.002183 64.227470   -110.95   -135.07      0.06
     5282.106734  7.496184  0.002202 62.961700   -105.88     30.87     -0.08
     5283.037994  7.496449  0.002206 58.889936   -108.72   -163.61     -0.24
     5283.969254  7.496585  0.002201 62.516705   -112.38     -1.92     -0.33
     5284.900514  7.496812  0.002194 64.602133   -107.65    151.68     -0.45
     5285.831774  7.497022  0.002189 59.909357   -106.75    -57.16     -0.55
     5286.763034  7.497150  0.002178 60.470222   -112.27     92.66     -0.31
     5287.694294  7.497313  0.002184 64.757863   -110.12   -125.59     -0.09
     5288.625554  7.497520  0.002187 61.719001   -106.05     11.12      0.01
     5289.556814  7.497751  0.002186 59.039300   -110.62    147.92      0.03
     5290.488074  7.497989  0.002187 63.651174   -112.22    -81.19      0.26
     5291.419334  7.498304  0.002202 63.778223   -106.97     42.46      0.44
     5292.350594  7.498574  0.002217 59.171990   -108.43    165.94     -0.26
     5293.281854  7.498600  0.002179 61.738821   -113.12    -73.70     -0.40
     5294.213114  7.498813  0.002189 64.795039   -109.12     37.54      0.14
     5295.144374  7.499071  0.002206 60.442911   -106.87    145.83      0.11
     5296.075634  7.499291  0.002207 59.762465   -112.37   -106.07     -0.06
     5297.006894  7.499480  0.002204 64.511044   -111.53     -5.31     -0.31
     5297.938154  7.499587  0.002173 62.565458   -106.75     88.78      0.24
     5298.869414  7.500017  0.002218 58.987800   -110.42   -176.49      0.03
     5299.800674  7.499976  0.002169 63.086549   -113.27    -86.31     -0.21
     5300.731934  7.500290  0.002205 64.228820   -108.18     -4.85      0.29
     5301.663194  7.500395  0.002189 59.409397   -108.34     75.60     -0.11
     5302.594454  7.500567  0.002186 60.959929   -113.59    153.90      0.04
     5303.525714  7.500890  0.002206 64.834702   -110.47   -135.92     -0.01
     5304.456974  7.501019  0.002175 61.137536   -107.20    -69.95     -0.01
     5305.388234  7.501369  0.002208 59.444588   -112.40     -3.85     -0.13
     5306.319494  7.501343  0.002166 64.223838   -112.76     54.92      0.45
     5307.250754  7.501644  0.002187 63.122752   -107.63    108.51     -0.46
     5308.182014  7.501952  0.002208 58.901904   -110.35    159.89      0.22
     5309.113274  7.501991  0.002186 62.407472   -114.10   -151.53      0.02
     5310.044534  7.502300  0.002202 64.504203   -109.34   -111.48      0.05
     5310.975794  7.502419  0.002174 59.847135   -108.45    -73.80      0.12
     5311.907054  7.502604  0.002178 60.548086   -113.97    -36.24     -0.57
     5312.838314  7.503051  0.002218 64.875000   -111.71     -7.82     -0.12
     5313.769574  7.503053  0.002190 61.674297   -107.76     15.52      0.44
     5314.700834  7.503273  0.002185 59.126303   -112.51     39.72      0.12
     5315.632094  7.503425  0.002188 63.755243   -113.79     57.77     -0.05
     5316.563354  7.503761  0.002206 63.499223   -108.51     68.30      0.05
     5317.494614  7.503819  0.002181 59.025286   -110.39     77.91      0.29
     5318.425874  7.504070  0.002176 62.019389   -114.79     84.94      0.26
     5319.357134  7.504137  0.002154 64.772196   -110.45     83.86      0.04
     5320.288394  7.504387  0.002162 60.226293   -108.78     79.64     -0.01
     5321.219654  7.504662  0.002177 60.127044   -114.37     74.98     -0.20
     5322.150914  7.504816  0.002184 64.649595   -112.80     62.26     -0.16
     5323.082174  7.505116  0.002200 62.012073   -108.38     43.95     -0.06
     5324.013434  7.505404  0.002209 58.989293   -112.68     25.94     -0.17
     5324.944694  7.505551  0.002202 63.530726   -114.66      2.60     -0.28
     5325.875955  7.505710  0.002191 63.907082   -109.41    -28.07     -0.50
     5326.807215  7.505897  0.002180 59.210590   -110.64    -60.13     -0.49
     5327.738475  7.506092  0.002177 61.656165   -115.43    -94.81     -0.25
     5328.669735  7.506299  0.002189 64.764100   -111.44   -137.90     -0.08
     5329.600995  7.506459  0.002184 60.402406   -109.20    175.76     -0.12
     5330.532255  7.506614  0.002175 59.839081   -114.74    128.98      0.02
     5331.463515  7.506839  0.002176 64.581197   -113.72     74.61      0.32
     5332.394775  7.507182  0.002200 62.399833   -109.05     14.95      0.20
     5333.326035  7.507313  0.002182 59.013467   -113.01    -44.21     -0.44
     5334.257295  7.507419  0.002163 63.307381   -115.47   -109.59      0.19
     5335.188555  7.507736  0.002196 64.000518   -110.25    177.74      0.30
     5336.119815  7.507948  0.002200 59.210239   -111.02    103.94      0.07
     5337.051075  7.508120  0.002194 61.364859   -116.01     28.07     -0.11
     5337.982335  7.508223  0.002170 64.837595   -112.30    -56.41     -0.08
     5338.913595  7.508546  0.002190 60.699395   -109.72   -144.88      0.42
     5339.844855  7.508639  0.002166 59.810630   -115.22    128.02     -0.56
     5340.776115  7.508903  0.002181 64.541902   -114.53     31.66      0.45
     5341.707375  7.509175  0.002197 62.485186   -109.71    -69.02     -0.32
     5342.638635  7.509362  0.002189 58.878695   -113.46   -170.99      0.05
     5343.569895  7.509584  0.002199 63.094196   -116.15     82.66      0.10
     5344.501155  7.509658  0.002175 64.090357   -110.96    -31.23     -0.16
     5345.432415  7.509980  0.002197 59.348289   -111.53   -147.15      0.21
     5346.363675  7.510072  0.002160 61.372036   -116.63     95.77     -0.09
     5347.294935  7.510434  0.002199 64.898149   -113.04    -29.75     -0.27
     5348.226195  7.510479  0.002179 60.717764   -110.35   -159.91      0.36
     5349.157455  7.510745  0.002186 59.663848   -115.82     71.05     -0.27
     5350.088715  7.510976  0.002197 64.419719   -115.22    -66.30      0.12
     5351.019975  7.511059  0.002174 62.519233   -110.35    150.94     -0.17
     5351.951235  7.511485  0.002208 58.948874   -114.04      7.97     -0.21
     5352.882495  7.511545  0.002183 63.195328   -116.78   -140.36      0.52
     5353.813755  7.511691  0.002163 64.166962   -111.59     64.44      0.31
     5354.745015  7.511850  0.002165 59.331823   -112.18    -91.96     -0.25
     5355.676275  7.512200  0.002194 61.312801   -117.27    109.20     -0.25
     5356.607535  7.512329  0.002192 64.783651   -113.62    -58.52      0.14
     5357.538795  7.512560  0.002183 60.628439   -110.96    130.62     -0.02
     5358.470055  7.512642  0.002165 59.734776   -116.46    -40.29     -0.17
     5359.401315  7.512992  0.002183 64.552219   -115.77    141.73     -0.47
     5360.332575  7.513148  0.002178 62.517048   -110.97    -42.36     -0.56
     5361.263835  7.513376  0.002187 58.980176   -114.81    133.21     -0.38
     5362.195095  7.513645  0.002197 63.233371   -117.39    -55.97     -0.26
     5363.126355  7.513753  0.002194 63.972116   -112.13    106.90     -0.08
     5364.057615  7.513944  0.002188 59.204029   -112.93    -91.67      0.17
     5364.988875  7.514234  0.002198 61.463386   -117.90     67.91      0.30
     5365.920135  7.514448  0.002195 64.866150   -114.06   -140.77      0.33
     5366.851395  7.514635  0.002199 60.582904   -111.69      7.40      0.13
     5367.782655  7.514812  0.002193 59.919006   -117.25    155.49     -0.19
     5368.713915  7.514983  0.002189 64.592181   -116.21    -64.13     -0.27
     5369.645175  7.515208  0.002192 62.210281   -111.54     70.10     -0.09
     5370.576435  7.515408  0.002191 58.922487   -115.67   -155.30     -0.20
     5371.507695  7.515554  0.002181 63.407969   -117.86    -25.94     -0.18
     5372.438955  7.515674  0.002161 63.872167   -112.56     95.67      0.04
     5373.370215  7.515986  0.002185 59.194487   -113.84   -143.89      0.43
     5374.301475  7.516210  0.002190 61.808090   -118.57    -24.61     -0.38
     5375.232735  7.516247  0.002160 64.774492   -114.42     85.31     -0.25
     5376.163995  7.516500  0.002176 60.226648   -112.51   -168.28      0.18
     5377.095255  7.516750  0.002187 60.056110   -118.12    -61.68      0.03
     5378.026515  7.516979  0.002194 64.671276   -116.50     37.14     -0.13
     5378.957775  7.517103  0.002165 61.946532   -112.14    130.69     -0.30
     5379.889035  7.517444  0.002188 59.131580   -116.68   -136.40      0.44
     5380.820295  7.517621  0.002182 63.793372   -118.26    -47.29     -0.61
     5381.751555  7.517785  0.002180 63.589682   -112.95     32.37      0.47
     5382.682815  7.517983  0.002187 58.991676   -114.88    112.85     -0.11
     5383.614075  7.518083  0.002174 62.084316   -119.18   -170.33      0.03
     5384.545335  7.518366  0.002190 64.582713   -114.60   -101.82      0.07
     5385.476595  7.518577  0.002176 59.920543   -113.38    -35.46     -0.26
     5386.407855  7.518875  0.002197 60.498056   -118.99     29.39      0.27
     5387.339115  7.518794  0.002142 64.871297   -116.67     87.01      0.05
     5388.270375  7.519232  0.002191 61.511062   -112.82    140.15     -0.46
     5389.201635  7.519429  0.002189 59.262525   -117.84   -167.95      0.40
     5390.132895  7.519488  0.002173 64.028166   -118.54   -121.08     -0.05
     5391.064155  7.519804  0.002191 63.087833   -113.29    -81.69      0.05
     5391.995415  7.519922  0.002170 58.909273   -116.07    -42.36     -0.06
     5392.926675  7.520186  0.002188 62.674845   -119.69     -6.45     -0.39
     5393.857935  7.520518  0.002202 64.461579   -114.72     20.27      0.39
     5394.789195  7.520460  0.002158 59.606295   -114.48     45.73      0.49
     5395.720455  7.520740  0.002166 60.988307   -119.88     70.50     -0.01
     5396.651715  7.520910  0.002177 64.816330   -116.68     86.52     -0.15
     5397.582975  7.521240  0.002193 60.860322   -113.56     98.00      0.11
     5398.514235  7.521290  0.002170 59.561160   -118.99    109.89      0.10
     5399.445495  7.521509  0.002164 64.436508   -118.62    114.90     -0.03
     5400.376755  7.521687  0.002155 62.615717   -113.69    114.10     -0.41
     5401.308015  7.521843  0.002152 58.997058   -117.45    113.00     -0.44
     5402.239275  7.522171  0.002172 63.266588   -120.09    107.15     -0.40
     5403.170535  7.522349  0.002181 63.959526   -114.80     93.36     -0.31
     5404.101795  7.522529  0.002183 59.151777   -115.76     78.17     -0.10
     5405.033055  7.522836  0.002197 61.588690   -120.64     60.95      0.04
     5405.964315  7.523068  0.002199 64.785540   -116.55     35.38      0.10
     5406.895575  7.523241  0.002195 60.342258   -114.54      7.03     -0.09
     5407.826835  7.523402  0.002187 60.181011   -120.18    -21.47     -0.37
     5408.758095  7.523565  0.002175 64.759656   -118.54    -57.91     -0.43
     5409.689355  7.523777  0.002179 61.818399   -114.23   -100.04     -0.21
     5410.620615  7.523976  0.002180 59.068901   -118.92   -141.78     -0.15
     5411.551875  7.524141  0.002179 63.803107   -120.21    170.69     -0.15
     5412.483135  7.524274  0.002162 63.369649   -114.88    115.96     -0.07
     5413.414395  7.524507  0.002167 58.994472   -117.24     60.45      0.38
     5414.345655  7.524814  0.002189 62.485154   -121.21      2.59     -0.05
     5415.276915  7.524860  0.002157 64.531267   -116.37    -63.53     -0.45
     5416.208175  7.525028  0.002155 59.666071   -115.80   -132.92      0.21
     5417.139435  7.525323  0.002181 60.813961   -121.28    157.30      0.17
     5418.070695  7.525523  0.002185 64.802676   -118.25     79.34     -0.04
     5419.001955  7.525713  0.002176 60.974338   -114.99     -2.70     -0.33
     5419.933215  7.525847  0.002154 59.586954   -120.39    -85.24      0.14
     5420.864475  7.526285  0.002197 64.479394   -120.09   -174.01     -0.05
     5421.795735  7.526285  0.002151 62.617448   -115.14     90.99     -0.17
     5422.726995  7.526668  0.002196 58.953584   -118.93     -4.57      0.28
     5423.658255  7.526721  0.002174 63.251493   -121.50   -104.00     -0.14
     5424.589515  7.526879  0.002173 63.867663   -116.17    148.09      0.08
     5425.520775  7.527149  0.002182 59.115786   -117.32     39.52     -0.12
     5426.452035  7.527316  0.002165 61.777100   -122.09    -71.64      0.08
     5427.383295  7.527655  0.002193 64.782396   -117.83    169.38     -0.26
     5428.314555  7.527661  0.002157 60.184792   -116.14     46.42      0.54
     5429.245815  7.527875  0.002157 60.343090   -121.80    -75.20     -0.43
     5430.177075  7.528243  0.002197 64.777517   -119.73    153.74      0.06
     5431.108335  7.528249  0.002168 61.507661   -115.71     18.21     -0.02
     5432.039595  7.528589  0.002188 59.205956   -120.69   -117.01     -0.09
     5432.970855  7.528698  0.002168 64.080850   -121.40    101.10      0.27
     5433.902115  7.528842  0.002155 63.108264   -116.15    -46.30     -0.56
     5434.833375  7.529290  0.002196 58.981649   -119.15    165.04     -0.26
     5435.764635  7.529348  0.002181 62.880038   -122.53     12.20      0.37
     5436.695895  7.529545  0.002174 64.237840   -117.40   -148.02      0.22
     5437.627155  7.529641  0.002165 59.325045   -117.67     50.26     -0.12
     5438.558415  7.530001  0.002192 61.272290   -122.86   -113.44     -0.04
     5439.489675  7.530091  0.002173 64.799033   -119.10     74.30      0.16
     5440.420935  7.530275  0.002159 60.509114   -116.68   -101.40      0.45
     5441.352195  7.530436  0.002147 60.030942   -122.34     83.49      0.13
     5442.283455  7.530549  0.002136 64.729718   -120.95    -99.48      0.12
     5443.214715  7.530882  0.002160 61.938002   -116.52     72.26     -0.06
     5444.145975  7.531073  0.002166 59.078296   -121.16   -115.82     -0.18
     5445.077235  7.531255  0.002174 63.795737   -122.50     50.12     -0.12
     5446.008495  7.531574  0.002187 63.323266   -117.14   -151.16     -0.03
     5446.939755  7.531833  0.002194 58.962672   -119.60      7.61     -0.26
     5447.871015  7.531950  0.002178 62.611275   -123.44    163.06     -0.48
     5448.802275  7.532047  0.002161 64.459533   -118.47    -49.79     -0.58
     5449.733535  7.532239  0.002156 59.546453   -118.25     94.97     -0.23
     5450.664795  7.532493  0.002167 61.069036   -123.63   -121.37     -0.05
     5451.596055  7.532724  0.002179 64.797136   -120.18     13.97      0.01
     5452.527315  7.532883  0.002169 60.624405   -117.40    145.73     -0.12
     5453.458575  7.533033  0.002160 59.819339   -123.00    -82.80      0.19
     5454.389835  7.533302  0.002173 64.648302   -121.94     41.49      0.34
     5455.321095  7.533536  0.002182 62.150843   -117.34    161.06     -0.36
     5456.252355  7.533554  0.002143 59.103119   -121.81    -79.81     -0.34
     5457.183615  7.533796  0.002157 63.748237   -123.43     33.22      0.26
     5458.114875  7.534052  0.002177 63.398542   -118.05    139.62      0.10
     5459.046135  7.534262  0.002176 58.917804   -120.32   -114.46     -0.07
     5459.977395  7.534429  0.002168 62.448342   -124.28    -11.61     -0.33
     5460.908655  7.534582  0.002148 64.476812   -119.35     82.13      0.29
     5461.839915  7.535019  0.002192 59.623289   -119.01    175.13     -0.18
     5462.771175  7.535007  0.002145 61.107886   -124.44    -93.51     -0.16
     5463.702435  7.535380  0.002191 64.857480   -121.04    -10.85      0.18
     5464.633695  7.535452  0.002171 60.636845   -118.23     68.50     -0.07
     5465.564955  7.535592  0.002164 59.773152   -123.83    147.53      0.12
     5466.496215  7.535871  0.002181 64.583391   -122.74   -140.48     -0.06
     5467.427475  7.536016  0.002152 62.076057   -118.14    -74.31      0.03
     5468.358735  7.536387  0.002187 59.122540   -122.66     -7.40     -0.21
     5469.289995  7.536354  0.002146 63.855987   -124.19     53.02      0.51
     5470.221255  7.536621  0.002162 63.393720   -118.82    107.92     -0.48
     5471.152515  7.536944  0.002187 58.920284   -121.27    160.66      0.22
     5472.083775  7.536974  0.002164 62.522649   -125.09   -149.06      0.02
     5473.015035  7.537280  0.002180 64.330900   -120.05   -107.35      0.07
     5473.946295  7.537382  0.002152 59.484062   -119.95    -67.25      0.06
     5474.877555  7.537610  0.002164 61.261674   -125.28    -27.74     -0.57
     5475.808815  7.538015  0.002197 64.904307   -121.66      2.10      0.11
     5476.740075  7.537965  0.002158 60.536867   -119.15     28.71      0.47
     5477.671335  7.538224  0.002162 59.970493   -124.82     56.11      0.02
     5478.602595  7.538380  0.002169 64.640008   -123.34     75.49     -0.08
     5479.533855  7.538695  0.002181 61.771009   -118.95     89.15      0.14
     5480.465115  7.538718  0.002151 59.154123   -123.75    103.52      0.14
     5481.396375  7.538967  0.002149 64.025617   -124.80    112.25     -0.11
     5482.327635  7.539126  0.002143 63.184030   -119.49    114.27     -0.50
     5483.258895  7.539346  0.002152 58.968465   -122.44    115.70     -0.47
     5484.190155  7.539666  0.002174 62.889704   -125.82    113.28     -0.41
     5485.121415  7.539799  0.002176 64.127086   -120.60    102.51     -0.18
     5486.052675  7.540002  0.002176 59.235145   -121.13     90.24      0.14
     5486.983935  7.540276  0.002182 61.536943   -126.18     76.48      0.25
     5487.915195  7.540427  0.002171 64.796975   -122.07     54.23      0.41
     5488.846455  7.540613  0.002172 60.237626   -120.19     29.18      0.48
     5489.777715  7.540885  0.002184 60.376889   -125.90      4.18      0.28
     5490.708975  7.541109  0.002189 64.819575   -123.72    -28.62     -0.07
     5491.640235  7.541272  0.002185 61.337299   -119.83    -66.63     -0.12
     5492.571495  7.541409  0.002178 59.327750   -125.05   -104.24     -0.16
     5493.502755  7.541571  0.002175 64.253583   -125.21   -148.50     -0.14
     5494.434015  7.541734  0.002163 62.684672   -120.11    161.16     -0.40
     5495.365275  7.541817  0.002132 58.990470   -123.82    110.61     -0.19
     5496.296535  7.542084  0.002144 63.401830   -126.39     54.96      0.54
     5497.227795  7.542431  0.002179 63.831564   -121.01     -7.33      0.19
     5498.159055  7.542570  0.002169 59.047231   -122.55    -70.48     -0.17
     5499.090315  7.542720  0.002163 62.076553   -127.02   -136.74      0.01
     5500.021575  7.542900  0.002162 64.528840   -122.30    148.63      0.07
     5500.952835  7.543116  0.002162 59.726167   -121.45     71.53      0.44
     5501.884095  7.543383  0.002175 60.913592   -127.01     -5.18     -0.29
     5502.815355  7.543360  0.002124 64.919858   -123.85    -91.11     -0.03
     5503.746615  7.543788  0.002175 60.799551   -120.86    179.06      0.19
     5504.677875  7.543902  0.002156 59.797609   -126.47     90.14     -0.32
     5505.609135  7.544172  0.002175 64.574601   -125.40     -7.15      0.13
     5506.540395  7.544405  0.002183 61.947808   -120.80   -109.61      0.08
     5507.471655  7.544468  0.002155 59.087128   -125.43    148.60     -0.13
     5508.402915  7.544725  0.002168 63.935552   -126.71     40.52      0.28
     5509.334175  7.544818  0.002135 63.251388   -121.36    -73.55     -0.29
     5510.265435  7.545286  0.002191 58.970889   -124.23    171.38      0.01
     5511.196695  7.545218  0.002143 62.885798   -127.66     52.60      0.27
     5512.127955  7.545495  0.002169 64.114802   -122.41    -73.64     -0.18
     5513.059215  7.545736  0.002169 59.198380   -123.03    158.03      0.11
     5513.990475  7.545911  0.002174 61.622795   -128.02     28.43     -0.09
     5514.921735  7.546058  0.002155 64.751452   -123.76   -110.23      0.32
     5515.852995  7.546226  0.002137 60.101603   -122.13    109.37     -0.20
     5516.784255  7.546503  0.002167 60.558422   -127.85    -31.57     -0.50
     5517.715515  7.546812  0.002182 64.862703   -125.30    178.40      0.21
     5518.646775  7.546789  0.002153 61.087077   -121.74     24.53      0.19
     5519.578035  7.547123  0.002172 59.503340   -127.17   -128.58     -0.20
     5520.509295  7.547247  0.002167 64.422885   -126.74     70.65      0.11
     5521.440555  7.547484  0.002160 62.316603   -121.85    -96.01      0.32
     5522.371815  7.547502  0.002128 59.064115   -126.12     98.34      0.02
     5523.303075  7.547801  0.002138 63.766675   -127.95    -72.56     -0.24
     5524.234336  7.548004  0.002149 63.452427   -122.53    109.24     -0.52
     5525.165596  7.548235  0.002161 58.940945   -124.97    -69.92     -0.23
     5526.096856  7.548533  0.002181 62.615863   -128.75    107.74     -0.11
     5527.028116  7.548626  0.002167 64.229145   -123.59    -82.96      0.06
     5527.959376  7.548784  0.002155 59.344283   -123.84     84.73      0.41
     5528.890636  7.549049  0.002155 61.529745   -129.01   -108.69      0.44
     5529.821896  7.549228  0.002153 64.835522   -124.94     49.41      0.56
     5530.753156  7.549396  0.002155 60.185751   -123.08   -155.25      0.46
     5531.684416  7.549640  0.002169 60.400146   -128.81     -0.15      0.35
     5532.615676  7.549877  0.002175 64.782047   -126.41    147.01      0.12
     5533.546936  7.550077  0.002175 61.132132   -122.71    -70.73      0.15
     5534.478196  7.550254  0.002170 59.496938   -128.13     72.13      0.11
     5535.409456  7.550455  0.002175 64.471440   -127.78   -151.87      0.07
     5536.340716  7.550619  0.002164 62.382069   -122.88    -21.32     -0.45
     5537.271976  7.550658  0.002131 59.080793   -127.16    109.12     -0.44
     5538.203236  7.550869  0.002137 63.746357   -128.96   -126.48      0.35
     5539.134496  7.551160  0.002163 63.354855   -123.52     -8.57      0.22
     5540.065756  7.551373  0.002169 58.888586   -126.03    108.99      0.13
     5540.997016  7.551579  0.002168 62.689174   -129.71   -136.77     -0.00
     5541.928276  7.551710  0.002151 64.237187   -124.51    -30.47     -0.37
     5542.859536  7.551833  0.002130 59.351154   -124.98     73.36      0.50
     5543.790796  7.552231  0.002173 61.695959   -130.05    176.95     -0.01
     5544.722056  7.552232  0.002135 64.751190   -125.80    -88.13     -0.32
     5545.653316  7.552536  0.002161 59.974614   -124.22      3.08      0.21
     5546.584576  7.552799  0.002171 60.515251   -129.93     94.82     -0.14
     5547.515836  7.552981  0.002169 64.800109   -127.19    178.04     -0.15
     5548.447096  7.553152  0.002160 60.966157   -123.79   -103.52      0.41
     5549.378356  7.553313  0.002154 59.722580   -129.36    -23.23     -0.38
     5550.309616  7.553470  0.002145 64.636027   -128.55     48.28      0.50
     5551.240876  7.553727  0.002153 62.081721   -123.87    116.04     -0.56
     5552.172136  7.554004  0.002173 59.116163   -128.52   -177.75      0.37
     5553.103396  7.554045  0.002153 63.919615   -129.73   -115.92     -0.06
     5554.034656  7.554292  0.002162 63.030218   -124.34    -61.75      0.05
     5554.965916  7.554556  0.002166 58.895646   -127.45     -6.98     -0.30
     5555.897176  7.554714  0.002165 63.110757   -130.57     42.82      0.40
     5556.828436  7.554775  0.002125 64.022861   -125.20     85.76      0.10
     5557.759696  7.555124  0.002157 59.164038   -126.44    128.05     -0.45
     5558.690956  7.555314  0.002167 62.080128   -131.07    167.01      0.08
     5559.622216  7.555503  0.002163 64.526141   -126.35   -162.07      0.11
     5560.553476  7.555621  0.002159 59.605377   -125.59   -133.05     -0.17
     5561.484736  7.555949  0.002174 60.981786   -131.13   -105.38      0.15
     5562.415996  7.555938  0.002136 64.846411   -127.64    -85.81      0.22
     5563.347256  7.556209  0.002135 60.534028   -125.05    -69.19     -0.20
     5564.278516  7.556377  0.002139 60.160835   -130.81    -52.42     -0.57
     5565.209776  7.556721  0.002167 64.795616   -128.99    -44.00     -0.31
     5566.141036  7.556902  0.002171 61.432739   -124.91    -40.63     -0.07
     5567.072296  7.557002  0.002158 59.342693   -130.14    -36.74      0.19
     5568.003556  7.557249  0.002162 64.311523   -130.20    -39.01      0.01
     5568.934816  7.557340  0.002140 62.484726   -125.12    -47.39     -0.32
     5569.866076  7.557491  0.002129 59.045177   -129.22    -55.51     -0.36
     5570.797336  7.557764  0.002134 63.731525   -131.21    -68.61     -0.40
     5571.728596  7.557947  0.002137 63.443748   -125.75    -89.23     -0.33
     5572.659856  7.558090  0.002138 58.928146   -128.27   -110.20     -0.21
     5573.591116  7.558336  0.002152 62.726987   -131.93   -134.61     -0.05
     5574.522376  7.558616  0.002165 64.114602   -126.66   -167.03     -0.11
     5575.453636  7.558820  0.002158 59.207879   -127.33    159.55     -0.31
     5576.384896  7.558919  0.002139 61.827990   -132.28    124.20     -0.32
     5577.316156  7.559036  0.002122 64.714188   -127.80     79.97      0.14
     5578.247416  7.559314  0.002144 59.862910   -126.64     33.46      0.48
     5579.178676  7.559587  0.002164 60.854520   -132.29    -12.94      0.14
     5580.109936  7.559741  0.002161 64.811776   -129.06    -67.84     -0.08
     5581.041196  7.559933  0.002160 60.569016   -126.19   -126.84     -0.05
     5581.972456  7.560109  0.002152 59.961026   -131.90    174.65     -0.14
     5582.903716  7.560226  0.002131 64.756086   -130.29    108.23      0.09
     5583.834976  7.560554  0.002157 61.616232   -126.08     36.52      0.63
     5584.766236  7.560759  0.002161 59.418900   -131.27    -32.96     -0.43
     5585.697496  7.560782  0.002128 64.346599   -131.45   -110.43      0.03
     5586.628756  7.561074  0.002155 62.459063   -126.35    165.98      0.15
     5587.560016  7.561288  0.002158 58.938864   -130.45     83.19     -0.10
     5588.491276  7.561479  0.002155 63.638594   -132.39     -4.82     -0.17
     5589.422536  7.561705  0.002151 63.378424   -126.91   -100.72      0.31
     5590.353796  7.562007  0.002170 58.974736   -129.54    164.53     -0.39
     5591.285056  7.562004  0.002129 62.922833   -133.11     64.78      0.47
     5592.216316  7.562278  0.002156 64.121675   -127.80    -41.39     -0.34
     5593.147576  7.562410  0.002143 59.157049   -128.72   -150.05      0.20
     5594.078836  7.562744  0.002172 61.912384   -133.51    100.17     -0.14
     5595.010096  7.562832  0.002154 64.544918   -128.83    -18.64     -0.03
     5595.941356  7.563064  0.002161 59.673938   -127.98   -139.55      0.09
     5596.872616  7.563176  0.002130 61.089488   -133.55     99.03      0.09
     5597.803876  7.563514  0.002162 64.899979   -129.99    -30.14     -0.48
     5598.735136  7.563633  0.002153 60.423710   -127.54   -164.18      0.40
     5599.666396  7.563806  0.002142 60.225182   -133.33     63.16      0.01
     5600.597656  7.564003  0.002160 64.753799   -131.18    -77.74     -0.07
     5601.528916  7.564216  0.002154 61.162269   -127.35    136.46      0.01
     5602.460176  7.564393  0.002150 59.530188   -132.80     -8.44     -0.14
     5603.391436  7.564681  0.002170 64.538616   -132.29   -160.48     -0.03
     5604.322696  7.564824  0.002151 62.167895   -127.49     41.19      0.58
     5605.253956  7.564896  0.002126 59.176440   -132.14   -115.61      0.31
     5606.185216  7.565077  0.002129 64.029365   -133.30     82.03     -0.11
     5607.116476  7.565416  0.002160 62.922249   -127.92    -87.66     -0.23
     5608.047736  7.565542  0.002158 58.875506   -131.33    102.44      0.07
     5608.978996  7.565794  0.002158 63.284875   -134.07    -71.50      0.16
     5609.910256  7.565844  0.002128 63.725717   -128.57    107.05      0.01
     5610.841516  7.565995  0.002115 59.057527   -130.49    -74.76     -0.13
     5611.772776  7.566282  0.002125 62.587036   -134.61    100.63     -0.23
     5612.704036  7.566443  0.002131 64.315684   -129.47    -92.33     -0.31
     5613.635296  7.566637  0.002138 59.286511   -129.79     72.95     -0.13
     5614.566556  7.566943  0.002158 61.617410   -134.89   -123.12     -0.11
     5615.497816  7.567185  0.002166 64.637386   -130.48     32.27     -0.10
     5616.429076  7.567344  0.002161 59.831022   -129.20   -174.54     -0.32
     5617.360336  7.567469  0.002145 60.888579   -134.88    -21.81     -0.44
     5618.291596  7.567607  0.002129 64.906095   -131.60    122.60     -0.48
     5619.222856  7.567802  0.002125 60.560829   -128.87    -97.14     -0.01
     5620.154116  7.568072  0.002141 60.119983   -134.66     43.60      0.22
     5621.085376  7.568314  0.002161 64.743374   -132.70    176.81      0.16
     5622.016636  7.568489  0.002155 61.246286   -128.73    -54.83      0.07
     5622.947896  7.568693  0.002158 59.511742   -134.16     74.04      0.23
     5623.879156  7.568952  0.002168 64.541175   -133.71   -163.48     -0.05
     5624.810416  7.569023  0.002140 62.173164   -128.88    -46.43     -0.70
     5625.741676  7.569118  0.002119 59.181518   -133.55     69.77      0.16
     5626.672936  7.569483  0.002159 64.051804   -134.65   -178.92      0.19
     5627.604196  7.569668  0.002164 62.842039   -129.28    -74.21     -0.17
     5628.535456  7.569843  0.002154 58.874370   -132.83     30.44     -0.17
     5629.466716  7.570018  0.002150 63.390759   -135.39    130.55     -0.02
     5630.397976  7.570305  0.002166 63.609546   -129.88   -137.19      0.34
     5631.329236  7.570384  0.002137 59.013774   -132.10    -43.95     -0.44
     5632.260496  7.570542  0.002135 62.770549   -135.96     44.40      0.60
     5633.191756  7.570749  0.002147 64.179538   -130.69    126.62     -0.44
     5634.123016  7.570917  0.002140 59.170565   -131.46   -153.99      0.15
     5635.054276  7.571243  0.002165 61.899370   -136.30    -75.66     -0.06
     5635.985536  7.571365  0.002154 64.534343   -131.58     -6.02     -0.14
     5636.916796  7.571520  0.002147 59.627249   -130.86     60.99      0.43
     5637.848056  7.571657  0.002125 61.239950   -136.38    128.81     -0.47
     5638.779316  7.572109  0.002172 64.869799   -132.58   -173.33      0.19
     5639.710576  7.571998  0.002120 60.209788   -130.49   -117.92      0.18
     5640.641836  7.572327  0.002153 60.471392   -136.30    -62.01     -0.35
     5641.573096  7.572554  0.002159 64.793735   -133.60    -15.30      0.17
     5642.504356  7.572661  0.002147 60.793162   -130.28     28.01     -0.12
     5643.435616  7.572952  0.002156 59.848284   -135.98     71.34      0.19
     5644.366876  7.572975  0.002121 64.734245   -134.59    107.80     -0.03
     5645.298136  7.573295  0.002144 61.617970   -130.30    139.57     -0.65
     5646.229396  7.573593  0.002168 59.442502   -135.55    170.74      0.06
     5647.160656  7.573678  0.002151 64.414249   -135.53   -164.20      0.32
     5648.091916  7.573811  0.002142 62.247822   -130.52   -144.93      0.09
     5649.023176  7.574084  0.002156 59.021100   -134.98   -124.95     -0.19
     5649.954436  7.574232  0.002151 63.922799   -136.33   -111.13      0.22
     5650.885696  7.574433  0.002137 63.013216   -130.89   -104.00      0.36
     5651.816956  7.574452  0.002107 58.996339   -134.34    -96.11      0.17
     5652.748216  7.574716  0.002115 63.452166   -137.01    -92.45     -0.04
     5653.679476  7.574972  0.002134 63.603378   -131.49    -96.51     -0.28
     5654.610736  7.575126  0.002139 58.925620   -133.73   -101.17     -0.25
     5655.541996  7.575426  0.002158 62.696375   -137.53   -109.10     -0.06
     5656.473256  7.575670  0.002164 64.072591   -132.19   -125.20      0.05
     5657.404516  7.575817  0.002157 59.160062   -133.13   -142.13      0.12
     5658.335776  7.576022  0.002159 62.122105   -137.86   -160.97      0.18
     5659.267036  7.576297  0.002168 64.560623   -133.03    172.08     -0.04
     5660.198296  7.576487  0.002165 59.523413   -132.66    143.34     -0.31
     5661.129556  7.576587  0.002153 61.397095   -138.06    113.39     -0.39
     5662.060816  7.576718  0.002152 64.692156   -133.91     74.55     -0.19
     5662.992076  7.576897  0.002149 59.916226   -132.27     33.17     -0.19
     5663.923336  7.577077  0.002143 60.745578   -138.01     -8.21     -0.31
     5664.854596  7.577197  0.002119 64.893164   -134.82    -57.89     -0.33
     5665.785856  7.577395  0.002114 60.581320   -132.04   -111.94      0.42
     5666.717116  7.577769  0.002153 60.216057   -137.86   -164.93      0.48
     5667.648376  7.577956  0.002158 64.797946   -135.75    134.91     -0.11
     5668.579636  7.578094  0.002150 61.073286   -131.97     69.36     -0.06
     5669.510896  7.578260  0.002144 59.622616   -137.56      4.52      0.02
     5670.442156  7.578417  0.002138 64.598131   -136.61    -67.57      0.19
     5671.373416  7.578703  0.002155 61.792341   -132.06   -145.06      0.36
     5672.304676  7.578790  0.002131 59.363312   -137.15    139.37     -0.54
     5673.235936  7.578913  0.002116 64.381052   -137.44     55.67      0.45
     5674.167196  7.579265  0.002154 62.396244   -132.33    -32.81     -0.16
     5675.098456  7.579378  0.002135 59.022404   -136.70   -121.30     -0.16
     5676.029716  7.579655  0.002156 63.873521   -138.16    144.56      0.12
     5676.960976  7.579886  0.002163 62.963786   -132.69     43.63      0.07
     5677.892236  7.579873  0.002118 58.952281   -136.14    -56.66     -0.13
     5678.823496  7.580247  0.002155 63.496455   -138.75   -161.67      0.17
     5679.754756  7.580281  0.002113 63.583727   -133.22     86.24     -0.07
     5680.686016  7.580703  0.002166 58.961686   -135.65    -26.29     -0.05
     5681.617276  7.580668  0.002130 62.871276   -139.26   -142.28      0.15
     5682.548536  7.580967  0.002152 63.926036   -133.84     93.92     -0.07
     5683.479796  7.581153  0.002142 59.029424   -135.14    -30.92      0.04
     5684.411056  7.581343  0.002152 62.308051   -139.61   -157.78     -0.05
     5685.342316  7.581500  0.002129 64.400431   -134.54     66.51      0.37
     5686.273576  7.581634  0.002116 59.388247   -134.73    -69.46     -0.30
     5687.204836  7.581961  0.002154 61.787566   -139.87    152.60     -0.36
     5688.136096  7.582165  0.002153 64.622795   -135.33      5.36      0.30
     5689.067356  7.582197  0.002132 59.622706   -134.39   -143.14     -0.07
     5689.998616  7.582564  0.002161 61.113015   -139.97     67.38     -0.03
     5690.929876  7.582589  0.002131 64.776612   -136.09    -90.79      0.20
     5691.861136  7.582794  0.002116 60.135242   -134.11    108.64     -0.02
     5692.792396  7.582972  0.002121 60.700120   -139.94    -51.42     -0.65
     5693.723656  7.583299  0.002147 64.898075   -136.92    139.46     -0.38
     5694.654916  7.583532  0.002160 60.560799   -134.00    -33.56     -0.11
     5695.586176  7.583597  0.002143 60.109048   -139.82    153.86      0.17
     5696.517436  7.583839  0.002149 64.748412   -137.71    -26.23      0.13
     5697.448696  7.583969  0.002134 61.053698   -133.95    149.44     -0.27
     5698.379956  7.584106  0.002123 59.747589   -139.59    -34.40     -0.30
     5699.311216  7.584392  0.002133 64.719679   -138.49    134.75     -0.50
     5700.242476  7.584573  0.002128 61.667855   -134.06    -61.54     -0.54
     5701.173736  7.584677  0.002122 59.431205   -139.33    102.90     -0.49
     5702.104996  7.584885  0.002131 64.414550   -139.22    -99.57     -0.12
     5703.036256  7.585173  0.002150 62.092628   -134.25     52.13     -0.09
     5703.967516  7.585421  0.002153 59.107763   -138.96   -155.20     -0.18
     5704.898776  7.585585  0.002151 64.149170   -139.86     -8.13     -0.40
     5705.830036  7.585653  0.002120 62.709090   -134.54    132.30     -0.58
     5706.761296  7.585732  0.002099 59.060715   -138.59    -87.20     -0.18
     5707.692556  7.585990  0.002118 63.811690   -140.47     48.17      0.45
     5708.623816  7.586270  0.002140 63.104461   -134.95    177.00      0.25
     5709.555076  7.586487  0.002147 58.870617   -138.19    -54.06      0.17
     5710.486336  7.586695  0.002149 63.312515   -140.98     70.84      0.09
     5711.417596  7.586908  0.002151 63.553203   -135.41   -171.87     -0.14
     5712.348856  7.586969  0.002115 58.979657   -137.80    -54.72     -0.21
     5713.280116  7.587185  0.002120 62.985702   -141.42     58.40      0.57
     5714.211376  7.587513  0.002155 63.980976   -135.98    164.83     -0.03
     5715.142636  7.587531  0.002122 59.049758   -137.47    -89.81     -0.24
     5716.073896  7.587737  0.002131 62.429963   -141.78     12.52      0.15
     5717.005156  7.587976  0.002144 64.194565   -136.55    106.81      0.10
     5717.936416  7.588245  0.002149 59.199564   -137.12   -159.69     -0.24
     5718.867676  7.588333  0.002119 62.026797   -142.01    -68.23     -0.11
     5719.798936  7.588744  0.002163 64.568637   -137.17     14.53      0.28
     5720.730196  7.588659  0.002109 59.512955   -136.86     96.44     -0.20
     5721.661457  7.588972  0.002143 61.554048   -142.21    176.43      0.24
     5722.592717  7.589114  0.002137 64.639405   -137.84   -111.28     -0.22
     5723.523977  7.589388  0.002147 59.689121   -136.64    -42.28      0.16
     5724.455237  7.589549  0.002145 61.045748   -142.30     26.99     -0.06
     5725.386497  7.589614  0.002119 64.799998   -138.50     87.34      0.21
     5726.317757  7.589962  0.002139 60.135074   -136.50    145.89     -0.60
     5727.249017  7.590181  0.002149 60.734629   -142.34   -157.39      0.52
     5728.180277  7.590144  0.002107 64.874780   -139.19   -107.30      0.04
     5729.111537  7.590575  0.002153 60.428978   -136.44    -61.20     -0.17
     5730.042797  7.590610  0.002133 60.243314   -142.30    -15.25      0.18
     5730.974057  7.590897  0.002150 64.789710   -139.84     23.46     -0.21
     5731.905317  7.591066  0.002143 60.852275   -136.40     56.93      0.43
     5732.836577  7.591133  0.002108 59.999012   -142.19     92.12      0.17
     5733.767837  7.591359  0.002114 64.826467   -140.49    120.18     -0.44
     5734.699097  7.591699  0.002148 61.271584   -136.49    142.69     -0.37
     5735.630357  7.591844  0.002145 59.646999   -142.07    165.46      0.24
     5736.561617  7.592015  0.002142 64.590414   -141.11   -178.08      0.04
     5737.492877  7.592122  0.002133 61.591182   -136.60   -167.11     -0.16
     5738.424137  7.592480  0.002155 59.380377   -141.87   -155.40     -0.12
     5739.355397  7.592618  0.002149 64.491973   -141.70   -150.41      0.15
     5740.286657  7.592801  0.002143 62.101991   -136.81   -151.41      0.54
     5741.217917  7.593032  0.002143 59.266459   -141.70   -151.13      0.55
     5742.149177  7.593109  0.002132 64.276441   -142.27   -156.66      0.37
     5743.080437  7.593256  0.002130 62.382672   -137.07   -168.80      0.23
     5744.011697  7.593525  0.002137 59.012157   -141.46    179.86      0.07
     5744.942957  7.593708  0.002137 63.986919   -142.77    163.25     -0.20
     5745.874217  7.593807  0.002117 62.809644   -137.34    139.74     -0.44
     5746.805477  7.593932  0.002100 59.038607   -141.22    116.60     -0.31
     5747.736737  7.594152  0.002101 63.805037   -143.25     88.53      0.03
     5748.667997  7.594437  0.002123 63.138939   -137.70     53.22      0.26
     5749.599257  7.594669  0.002135 58.894727   -141.02     18.50      0.20
     5750.530517  7.594839  0.002140 63.401504   -143.67    -20.32      0.08
     5751.461777  7.594984  0.002131 63.388753   -138.07    -66.99      0.10
     5752.393037  7.595187  0.002132 58.927449   -140.78   -113.65      0.32
     5753.324297  7.595455  0.002147 63.190585   -144.05   -163.32      0.07
     5754.255557  7.595564  0.002127 63.774737   -138.51    139.56     -0.60
     5755.186817  7.595619  0.002099 59.009168   -140.61     81.07     -0.13
     5756.118077  7.595911  0.002125 62.835995   -144.41     19.62      0.33
     5757.049337  7.596134  0.002138 63.912299   -138.95    -49.39      0.05
     5757.980597  7.596336  0.002138 58.998170   -140.40   -119.14     -0.06
     5758.911857  7.596500  0.002130 62.509831   -144.68    168.92     -0.31
     5759.843117  7.596619  0.002105 64.225876   -139.38     87.91      0.21
     5760.774377  7.597073  0.002157 59.216919   -140.24      6.70      0.08
     5761.705637  7.597080  0.002116 62.259953   -144.95    -75.94     -0.45
     5762.636897  7.597349  0.002140 64.363919   -139.88   -168.41      0.33
     5763.568157  7.597497  0.002139 59.245392   -140.11     98.83     -0.05
     5764.499417  7.597592  0.002126 61.839963   -145.16      4.29      0.01
     5765.430677  7.597846  0.002134 64.487859   -140.35    -98.95      0.19
     5766.361937  7.598112  0.002137 59.472084   -139.99    157.05     -0.48
     5767.293197  7.598268  0.002129 61.650083   -145.35     50.43      0.58
     5768.224457  7.598324  0.002108 64.692968   -140.87    -62.56     -0.48
     5769.155717  7.598689  0.002145 59.649500   -139.95   -179.51      0.25
     5770.086977  7.598804  0.002128 61.288775   -145.52     64.03     -0.11
     5771.018237  7.598964  0.002136 64.673361   -141.35    -61.61      0.09
     5771.949497  7.599181  0.002131 59.795965   -139.87    170.78     -0.26
     5772.880757  7.599469  0.002150 61.043320   -145.60     42.17      0.28
     5773.812017  7.599398  0.002094 64.848396   -141.82    -94.14      0.15
     5774.743277  7.599795  0.002127 60.098358   -139.87    127.25     -0.55
     5775.674537  7.599986  0.002144 60.817391   -145.71    -12.62      0.07
     5776.605797  7.600158  0.002135 64.809935   -142.32   -160.32      0.17
     5777.537057  7.600256  0.002127 60.199495   -139.89     48.90     -0.08
     5778.468317  7.600584  0.002148 60.492245   -145.78   -101.88      0.04
     5779.399577  7.600591  0.002115 64.830671   -142.79     99.19      0.16
     5780.330837  7.600844  0.002110 60.512962   -139.93    -62.84     -0.22
     5781.262097  7.601008  0.002116 60.390798   -145.84    135.77     -0.64
     5782.193357  7.601358  0.002143 64.886999   -143.28    -34.29     -0.33
     5783.124617  7.601534  0.002149 60.684009   -140.03    151.54     -0.04
     5784.055877  7.601605  0.002131 60.085950   -145.89    -21.94      0.21
     5784.987137  7.601844  0.002137 64.763557   -143.71    157.12      0.09
     5785.918397  7.601980  0.002124 60.897425   -140.09    -27.89     -0.36
     5786.849657  7.602122  0.002114 59.974956   -145.88    147.67     -0.43
     5787.780917  7.602400  0.002123 64.837092   -144.15    -44.15     -0.57
     5788.712177  7.602605  0.002124 61.173424   -140.23    119.10     -0.53
     5789.643437  7.602713  0.002119 59.795255   -145.94    -76.76     -0.47
     5790.574697  7.602888  0.002124 64.672424   -144.58     79.74     -0.13
     5791.505957  7.603145  0.002137 61.281938   -140.36   -128.62     -0.07
     5792.437217  7.603408  0.002142 59.592220   -145.93     24.17     -0.12
     5793.368477  7.603603  0.002142 64.659817   -144.98    170.16     -0.36
     5794.299737  7.603682  0.002114 61.590868   -140.53    -49.16     -0.55
     5795.230997  7.603751  0.002092 59.574404   -145.97     92.03     -0.19
     5796.162257  7.603984  0.002109 64.604396   -145.39   -133.77      0.39
     5797.093517  7.604233  0.002128 61.706773   -140.73     -4.54      0.20
     5798.024777  7.604428  0.002134 59.350280   -145.97    125.60      0.12
     5798.956037  7.604625  0.002134 64.442141   -145.75   -110.85      0.09
     5799.887297  7.604850  0.002137 61.930322   -140.89      7.11     -0.21
     5800.818557  7.604886  0.002098 59.355685   -145.96    126.08     -0.37
     5801.749817  7.605091  0.002100 64.464018   -146.11   -122.17      0.51
     5802.681077  7.605444  0.002141 62.122053   -141.11    -15.16     -0.01
     5803.612337  7.605522  0.002117 59.214153   -146.01     92.58     -0.32
     5804.543597  7.605740  0.002127 64.259331   -146.47   -166.31     -0.02
     5805.474857  7.605994  0.002136 62.202769   -141.30    -71.47      0.13
     5806.406117  7.606262  0.002145 59.130031   -146.01     24.82     -0.12
     5807.337377  7.606280  0.002109 64.241897   -146.80    115.18     -0.12
     5808.268637  7.606598  0.002140 62.474774   -141.55   -161.43      0.40
     5809.199897  7.606571  0.002095 59.156505   -146.06    -75.81     -0.39
     5810.131157  7.606959  0.002137 64.139135   -147.14      2.91      0.22
     5811.062417  7.607134  0.002137 62.511784   -141.77     75.82     -0.20
     5811.993677  7.607248  0.002126 58.998875   -146.08    148.74      0.24
     5812.924937  7.607458  0.002134 63.997835   -147.42   -142.88     -0.05
     5813.856197  7.607589  0.002105 62.714591   -141.98    -81.72      0.05
     5814.787457  7.607940  0.002140 59.076727   -146.11    -19.08     -0.41
     5815.718717  7.607979  0.002116 63.996846   -147.72     37.11      0.59
     5816.649977  7.608198  0.002116 62.813216   -142.24     88.07     -0.25
     5817.581237  7.608435  0.002136 58.955830   -146.18    138.48      0.10
     5818.512497  7.608547  0.002125 63.795080   -148.01   -175.41     -0.07
     5819.443757  7.608848  0.002143 62.877308   -142.46   -136.80      0.03
     5820.375017  7.608887  0.002113 58.969757   -146.23    -97.62      0.33
     5821.306277  7.609110  0.002106 63.812906   -148.29    -62.14     -0.23
     5822.237537  7.609342  0.002124 63.071312   -142.72    -34.12     -0.53
     5823.168797  7.609679  0.002147 58.986225   -146.33     -6.56      0.19
     5824.100057  7.609668  0.002120 63.685617   -148.56     17.19      0.26
     5825.031317  7.609895  0.002128 63.052879   -142.95     33.79     -0.04
     5825.962577  7.610122  0.002138 58.892288   -146.39     50.79     -0.18
     5826.893837  7.610271  0.002130 63.604684   -148.79     62.89      0.34
     5827.825097  7.610465  0.002114 63.230555   -143.16     67.92      0.52
     5828.756357  7.610493  0.002088 59.000913   -146.49     73.90      0.32
     5829.687617  7.610715  0.002094 63.597545   -149.05     75.72      0.17
     5830.618877  7.611016  0.002118 63.237762   -143.42     70.01     -0.08
     5831.550137  7.611161  0.002119 58.881179   -146.61     64.52     -0.21
     5832.481397  7.611375  0.002128 63.432091   -149.28     54.73     -0.03
     5833.412657  7.611673  0.002140 63.288390   -143.63     37.35      0.08
     5834.343917  7.611909  0.002144 58.943478   -146.71     20.70     -0.04
     5835.275177  7.612049  0.002139 63.500781   -149.51      0.23     -0.18
     5836.206437  7.612179  0.002130 63.410688   -143.89    -27.84     -0.35
     5837.137697  7.612343  0.002125 58.944215   -146.86    -55.82     -0.32
     5838.068957  7.612541  0.002127 63.371815   -149.76    -87.74     -0.17
     5839.000217  7.612767  0.002137 63.347690   -144.09   -127.47     -0.08
     5839.931477  7.612962  0.002134 58.887652   -146.97   -166.58     -0.25
     5840.862737  7.613083  0.002119 63.377610   -149.94    150.66     -0.41
     5841.793997  7.613146  0.002089 63.491816   -144.29     99.75     -0.12
     5842.725257  7.613400  0.002106 58.987001   -147.14     48.80      0.53
     5843.656517  7.613710  0.002138 63.366720   -150.17     -4.72      0.12
     5844.587777  7.613836  0.002131 63.422327   -144.52    -66.18     -0.25
     5845.519037  7.613987  0.002123 58.869155   -147.30   -127.82     -0.25
     5846.450297  7.614166  0.002121 63.265700   -150.37    166.88     -0.17
     5847.381557  7.614351  0.002112 63.468189   -144.71     93.54      0.14
     5848.312817  7.614717  0.002143 58.963330   -147.47     20.94      0.07
     5849.244077  7.614763  0.002109 63.369078   -150.58    -54.66     -0.53
     5850.175337  7.614961  0.002117 63.525323   -144.93   -139.74      0.55
     5851.106597  7.615210  0.002138 58.923165   -147.68    137.06     -0.10
     5852.037857  7.615245  0.002115 63.255919   -150.78     49.60     -0.06
     5852.969117  7.615434  0.002117 63.429527   -145.11    -45.87      0.04
     5853.900377  7.615768  0.002136 58.911397   -147.84   -140.83     -0.05
     5854.831637  7.615844  0.002104 63.340342   -150.94    120.82     -0.21
     5855.762897  7.616186  0.002141 63.543252   -145.30     13.99      0.35
     5856.694157  7.616083  0.002084 58.979402   -148.07    -91.48     -0.21
     5857.625417  7.616528  0.002137 63.331911   -151.15    158.77     -0.05
     5858.556677  7.616634  0.002123 63.413845   -145.48     41.15      0.04
     5859.487937  7.616784  0.002125 58.869479   -148.28    -76.24      0.15
     5860.419197  7.616974  0.002120 63.305650   -151.31    163.30     -0.25
     5861.350457  7.617294  0.002137 63.454136   -145.65     34.18      0.25
     5862.281717  7.617203  0.002084 58.982194   -148.51    -94.03      0.25
     5863.212977  7.617615  0.002122 63.438053   -151.50    135.03     -0.64
     5864.144237  7.617791  0.002131 63.423382   -145.85     -5.48      0.24
     5865.075497  7.617894  0.002112 58.900900   -148.78   -144.69      0.10
     5866.006757  7.618119  0.002129 63.355491   -151.67     72.38     -0.09
     5866.938017  7.618296  0.002122 63.320144   -145.98    -78.75      0.11
     5867.869277  7.618400  0.002100 58.933355   -148.98    131.02     -0.09
     5868.800537  7.618738  0.002128 63.509930   -151.81    -22.65     -0.58
     5869.731797  7.618949  0.002135 63.373745   -146.16    174.97      0.03
     5870.663057  7.619149  0.002133 58.957233   -149.28     13.21      0.41
     5871.594317  7.619149  0.002108 63.495703   -151.98   -151.92      0.23
     5872.525577  7.619424  0.002123 63.197044   -146.31     35.25      0.01
     5873.456837  7.619640  0.002130 58.876657   -149.54   -137.07     -0.21
     5874.388097  7.619789  0.002125 63.545371   -152.11     46.04      0.13
     5875.319357  7.620068  0.002132 63.222082   -146.46   -138.35      0.48
     5876.250617  7.620222  0.002122 58.997986   -149.84     38.28      0.48
     5877.181877  7.620317  0.002113 63.691006   -152.27   -149.36      0.56
     5878.113137  7.620530  0.002118 63.107631   -146.64     15.74      0.40
     5879.044397  7.620760  0.002125 58.904584   -150.14   -178.62      0.25
     5879.975657  7.620896  0.002121 63.659993   -152.39    -17.19     -0.04
     5880.906917  7.620994  0.002104 62.996336   -146.75    136.61     -0.13
     5881.838177  7.621120  0.002087 58.992255   -150.41    -68.93     -0.03
     5882.769437  7.621340  0.002086 63.848010   -152.50     80.79      0.38
     5883.700697  7.621649  0.002108 62.974802   -146.91   -136.50      0.56
     5884.631957  7.621932  0.002132 58.990727   -150.76      7.30      0.38
     5885.563217  7.622109  0.002135 63.842871   -152.63    146.57      0.01
     5886.494477  7.622263  0.002134 62.749044   -147.05    -81.78      0.01
     5887.425737  7.622449  0.002130 58.963009   -151.08     50.87     -0.08
     5888.356997  7.622620  0.002128 63.961966   -152.71    178.82     -0.34
     5889.288257  7.622674  0.002092 62.740611   -147.21    -60.32     -0.42
     5890.219517  7.622871  0.002093 59.103161   -151.43     60.64      0.39
     5891.150777  7.623241  0.002137 64.093174   -152.82    177.57      0.12
     5892.082037  7.623362  0.002125 62.538754   -147.38    -72.31     -0.29
     5893.013297  7.623516  0.002119 59.028796   -151.78     38.26     -0.18
     5893.944557  7.623709  0.002123 64.097952   -152.88    143.32      0.07
     5894.875817  7.623942  0.002125 62.429284   -147.50   -118.36      0.38
     5895.807077  7.624122  0.002125 59.175357   -152.10    -17.70     -0.43
     5896.738337  7.624090  0.002080 64.297877   -152.94     75.82      0.38
     5897.669597  7.624480  0.002128 62.305096   -147.70    164.06     -0.03
     5898.600857  7.624542  0.002100 59.189483   -152.49   -106.82     -0.26
     5899.532117  7.624864  0.002131 64.282283   -153.00    -24.19      0.13
     5900.463377  7.625033  0.002128 62.057601   -147.85     52.60      0.00
     5901.394637  7.625061  0.002099 59.243008   -152.83    130.51      0.00
     5902.325897  7.625428  0.002132 64.439979   -153.02   -157.64      0.02
     5903.257157  7.625472  0.002088 61.998296   -148.04    -91.84      0.13
     5904.188417  7.625805  0.002127 59.413701   -153.22    -24.31     -0.26
     5905.119677  7.625846  0.002102 64.523237   -153.06     35.87      0.33
     5906.050937  7.626161  0.002128 61.716799   -148.24     91.25     -0.22
     5906.982197  7.626228  0.002114 59.405021   -153.58    146.87      0.24
     5907.913457  7.626500  0.002125 64.554049   -153.04   -163.26     -0.21
     5908.844717  7.626680  0.002115 61.594271   -148.42   -120.03      0.50
     5909.775977  7.626676  0.002078 59.638002   -153.94    -73.99     -0.24
     5910.707237  7.627126  0.002127 64.721607   -153.04    -35.27     -0.51
     5911.638497  7.627225  0.002123 61.379562   -148.68     -2.86      0.23
     5912.569757  7.627401  0.002112 59.682984   -154.34     31.44      0.23
     5913.501017  7.627530  0.002115 64.661673   -153.02     58.89     -0.12
     5914.432277  7.627819  0.002125 61.116989   -148.89     80.68      0.20
     5915.363537  7.627863  0.002098 59.857091   -154.69    104.16      0.09
     5916.294797  7.628041  0.002091 64.815029   -152.98    120.54     -0.28
     5917.226057  7.628347  0.002110 61.006782   -149.17    132.41     -0.67
     5918.157317  7.628521  0.002120 60.082641   -155.07    144.69     -0.42
     5919.088577  7.628791  0.002135 64.810335   -152.95    149.14     -0.00
     5920.019838  7.628898  0.002124 60.678186   -149.46    149.47      0.12
     5920.951098  7.628965  0.002105 60.171813   -155.40    150.92      0.12
     5921.882358  7.629220  0.002108 64.825293   -152.85    144.75     -0.14
     5922.813618  7.629418  0.002101 60.556830   -149.74    134.88     -0.50
     5923.744878  7.629517  0.002089 60.497098   -155.73    125.61     -0.58
     5924.676138  7.629681  0.002088 64.883422   -152.79    108.02     -0.38
     5925.607398  7.629951  0.002104 60.294822   -150.09     86.81     -0.17
     5926.538658  7.630192  0.002115 60.611899   -156.07     66.35     -0.14
     5927.469918  7.630373  0.002122 64.763718   -152.69     37.61     -0.14
     5928.401178  7.630527  0.002114 60.055316   -150.44      5.91     -0.29
     5929.332438  7.630649  0.002101 60.909544   -156.35    -25.39     -0.39
     5930.263698  7.630755  0.002079 64.835215   -152.61    -65.19     -0.29
     5931.194958  7.630941  0.002078 59.940332   -150.85   -108.20      0.32
     5932.126218  7.631261  0.002108 61.185186   -156.66   -150.78      0.57
     5933.057478  7.631507  0.002128 64.690557   -152.52    158.69      0.21
     5933.988738  7.631693  0.002127 59.629240   -151.25    105.45      0.14
     5934.919998  7.631895  0.002130 61.386112   -156.89     52.08      0.03
     5935.851258  7.632070  0.002123 64.640167   -152.39     -9.62     -0.32
     5936.782518  7.632085  0.002080 59.559530   -151.69    -73.63     -0.14
     5937.713778  7.632380  0.002104 61.780510   -157.11   -138.80      0.66
     5938.645038  7.632617  0.002123 64.529615   -152.31    149.05     -0.16
     5939.576298  7.632651  0.002097 59.315528   -152.19     74.48     -0.14
     5940.507558  7.632854  0.002106 61.964997   -157.31     -1.40      0.15
     5941.438818  7.633093  0.002117 64.296645   -152.20    -85.58      0.10
     5942.370078  7.633367  0.002125 59.179502   -152.68   -170.37     -0.30
     5943.301338  7.633437  0.002092 62.354905   -157.46    102.67      0.01
     5944.232598  7.633813  0.002132 64.234791   -152.13      7.43      0.20
     5945.163858  7.633700  0.002077 59.128137   -153.24    -87.89     -0.18
     5946.095118  7.634060  0.002121 62.645756   -157.60    174.00      0.19
     5947.026378  7.634242  0.002119 63.909226   -152.06     68.21     -0.22
     5947.957638  7.634412  0.002112 58.937134   -153.77    -38.65      0.16
     5948.888898  7.634587  0.002118 62.914898   -157.64   -147.46     -0.03
     5949.820158  7.634669  0.002084 63.743272   -151.99     95.26      0.13
     5950.751418  7.635084  0.002127 59.001228   -154.34    -21.06     -0.45
     5951.682678  7.635084  0.002097 63.301602   -157.69   -142.12      0.59
     5952.613938  7.635294  0.002101 63.434279   -151.98     90.79     -0.30
     5953.545198  7.635562  0.002124 58.887516   -154.95    -37.28      0.17
     5954.476458  7.635624  0.002106 63.483213   -157.68   -168.40     -0.10
     5955.407718  7.635962  0.002126 63.094434   -151.97     52.38      0.10
     5956.338978  7.635936  0.002088 58.966433   -155.54    -85.98      0.29
     5957.270238  7.636245  0.002100 63.871556   -157.64    132.33     -0.51
     5958.201498  7.636480  0.002119 62.855831   -152.04    -17.59     -0.26
     5959.132758  7.636717  0.002123 59.062886   -156.18   -166.99      0.45
     5960.064018  7.636689  0.002094 64.063563   -157.55     39.58      0.14
     5960.995278  7.637018  0.002119 62.390642   -152.11   -120.89     -0.08
     5961.926538  7.637167  0.002118 59.110534   -156.75     79.52      0.07
     5962.857798  7.637280  0.002097 64.302959   -157.40    -85.75      0.27
     5963.789058  7.637450  0.002080 62.121756   -152.23    103.31     -0.09
     5964.720318  7.637565  0.002076 59.392410   -157.34    -66.19     -0.51
     5965.651578  7.637887  0.002100 64.543349   -157.25    117.56     -0.41
     5966.582838  7.638147  0.002121 61.661980   -152.44    -64.58     -0.31
     5967.514098  7.638244  0.002112 59.496704   -157.92    114.44     -0.06
     5968.445358  7.638437  0.002116 64.600404   -157.04    -73.38      0.19
     5969.376618  7.638646  0.002106 61.274592   -152.67     93.79      0.24
     5970.307878  7.638767  0.002094 59.835457   -158.44    -97.69      0.33
     5971.239138  7.638880  0.002081 64.828000   -156.80     63.55      0.46
     5972.170398  7.639112  0.002093 60.954044   -153.01   -139.83      0.62
     5973.101658  7.639394  0.002109 60.138584   -158.96     18.20      0.49
     5974.032918  7.639611  0.002123 64.796801   -156.56    168.54      0.22
     5974.964178  7.639764  0.002114 60.461261   -153.37    -45.34      0.09
     5975.895438  7.639900  0.002108 60.447428   -159.37    101.53      0.19
     5976.826698  7.640078  0.002103 64.853967   -156.26   -119.77      0.37
     5977.757958  7.640351  0.002122 60.218442   -153.81     16.06      0.21
     5978.689218  7.640494  0.002112 60.931251   -159.77    152.94     -0.42
     5979.620478  7.640542  0.002089 64.787975   -156.01    -79.24     -0.39
     5980.551738  7.640717  0.002091 59.788184   -154.33     45.45      0.02
     5981.482998  7.640933  0.002100 61.232030   -160.10    170.54      0.09
     5982.414258  7.641124  0.002103 64.606527   -155.73    -72.97      0.17
     5983.345518  7.641389  0.002112 59.529098   -154.89     41.72      0.15
     5984.276778  7.641547  0.002104 61.774068   -160.34    156.66     -0.55
     5985.208038  7.641600  0.002070 64.532181   -155.48    -98.28      0.11
     5986.139298  7.642025  0.002119 59.314649   -155.55      5.92      0.29
     5987.070558  7.642162  0.002113 62.184523   -160.54    109.81     -0.41
     5988.001818  7.642306  0.002111 64.176123   -155.25   -156.14      0.06
     5988.933078  7.642464  0.002106 59.044949   -156.20    -62.49      0.23
     5989.864338  7.642673  0.002117 62.622161   -160.60     29.74     -0.01
     5990.795598  7.642695  0.002072 63.957088   -155.04    113.66     -0.25
     5991.726858  7.643164  0.002124 59.034787   -156.93   -163.21      0.27
     5992.658118  7.643155  0.002084 63.131205   -160.63    -81.66     -0.32
     5993.589378  7.643404  0.002114 63.538392   -154.92     -9.40      0.25
     5994.520638  7.643513  0.002098 58.882679   -157.69     64.20     -0.21
     5995.451898  7.643798  0.002114 63.446019   -160.56    133.49      0.07
     5996.383158  7.643966  0.002116 63.104485   -154.82   -164.43     -0.12
     5997.314418  7.644037  0.002089 58.985376   -158.44   -102.11      0.39
     5998.245678  7.644335  0.002099 63.945271   -160.41    -42.73     -0.55
     5999.176938  7.644553  0.002116 62.723581   -154.84      7.74      0.34
     6000.108198  7.644578  0.002080 59.111389   -159.23     60.50      0.05
     6001.039458  7.644887  0.002115 64.194872   -160.21    107.86     -0.19
     6001.970718  7.644985  0.002104 62.114087   -154.91    148.03      0.10
     6002.901978  7.645267  0.002112 59.252711   -159.92   -169.81     -0.17
     6003.833238  7.645408  0.002109 64.502850   -159.89   -134.44      0.24
     6004.764498  7.645527  0.002080 61.722041   -155.07   -104.53      0.40
     6005.695758  7.645624  0.002071 59.651613   -160.62    -72.11     -0.49
     6006.627018  7.646012  0.002113 64.722167   -159.58    -47.55     -0.39
     6007.558278  7.646173  0.002117 61.110813   -155.38    -28.49      0.05
     6008.489538  7.646269  0.002101 59.897859   -161.25     -7.91      0.23
     6009.420798  7.646530  0.002112 64.760240   -159.19      5.68     -0.13
     6010.352058  7.646686  0.002109 60.636362   -155.76     14.77     -0.18
     6011.283318  7.646974  0.002121 60.422713   -161.78     24.55      0.20
     6012.214578  7.647154  0.002116 64.899616   -158.80     26.53      0.41
     6013.145838  7.647192  0.002096 60.215487   -156.29     25.28      0.50
     6014.077098  7.647387  0.002097 60.892022   -162.26     24.73      0.44
     6015.008358  7.647610  0.002108 64.719048   -158.41     16.01      0.06
     6015.939618  7.647738  0.002101 59.698444   -156.86      4.64     -0.24
     6016.870878  7.647892  0.002099 61.402347   -162.56     -6.90     -0.29
     6017.802138  7.648136  0.002101 64.626747   -158.00    -26.87     -0.46
     6018.733398  7.648335  0.002094 59.464439   -157.55    -48.44     -0.60
     6019.664658  7.648468  0.002085 62.042809   -162.81    -70.97     -0.53
     6020.595918  7.648613  0.002087 64.317428   -157.66   -102.34     -0.23
     6021.527178  7.648776  0.002090 59.095857   -158.35   -134.47     -0.14
     6022.458438  7.648962  0.002096 62.490321   -162.90   -168.25     -0.07
     6023.389698  7.649142  0.002092 63.916439   -157.36    149.67     -0.14
     6024.320958  7.649289  0.002077 58.989694   -159.17    107.24      0.11
     6025.252218  7.649543  0.002086 63.143920   -162.88     62.00      0.56
     6026.183478  7.649879  0.002117 63.564937   -157.16      9.45      0.35
     6027.114738  7.650025  0.002111 58.958991   -160.07    -42.22     -0.28
     6028.045998  7.650096  0.002094 63.586058   -162.76    -98.41     -0.13
     6028.977258  7.650277  0.002100 62.928265   -157.03   -162.30      0.05
     6029.908518  7.650432  0.002092 58.961399   -160.92    134.88      0.19
     6030.839778  7.650649  0.002100 64.045103   -162.48     67.24      0.42
     6031.771038  7.650916  0.002113 62.460016   -157.01     -6.22     -0.28
     6032.702298  7.650875  0.002062 59.269919   -161.79    -78.97     -0.33
     6033.633558  7.651248  0.002101 64.448813   -162.14   -158.27      0.40
     6034.564818  7.651478  0.002112 61.771550   -157.16    117.67     -0.25
     6035.496078  7.651612  0.002101 59.466436   -162.61     34.12     -0.00
     6036.427338  7.651777  0.002107 64.612938   -161.72    -56.14      0.20
     6037.358598  7.651969  0.002110 61.169621   -157.43   -151.14      0.00
     6038.289858  7.652001  0.002072 59.979939   -163.30    115.34     -0.19
     6039.221118  7.652476  0.002122 64.876543   -161.24     13.80      0.17
     6040.152378  7.652417  0.002073 60.638485   -157.88    -91.25     -0.09
     6041.083638  7.652719  0.002112 60.490059   -163.93    164.22      0.13
     6042.014898  7.652820  0.002097 64.785176   -160.74     52.01     -0.15
     6042.946158  7.653103  0.002110 59.989642   -158.44    -64.05      0.18
     6043.877418  7.653181  0.002097 61.038257   -164.36   -178.85     -0.19
     6044.808678  7.653429  0.002101 64.729987   -160.22     56.90      0.43
     6045.739938  7.653510  0.002072 59.644683   -159.15    -68.00     -0.34
     6046.671198  7.653838  0.002111 61.773023   -164.68    165.94     -0.20
     6047.602458  7.653985  0.002100 64.459310   -159.77     30.78      0.41
     6048.533718  7.654055  0.002090 59.192342   -160.00   -104.44     -0.22
     6049.464978  7.654380  0.002113 62.313498   -164.83    118.21      0.02
     6050.396238  7.654420  0.002091 64.015799   -159.36    -27.41     -0.03
     6051.327498  7.654783  0.002116 59.001304   -160.91   -173.00     -0.29
     6052.258758  7.654876  0.002101 63.049815   -164.80     38.06      0.44
     6053.190018  7.655008  0.002079 63.620010   -159.07   -118.25      0.49
     6054.121278  7.655061  0.002064 58.970840   -161.91     86.70     -0.26
     6055.052538  7.655447  0.002103 63.590934   -164.65    -72.74     -0.27
     6055.983798  7.655601  0.002110 62.902454   -158.90    119.84      0.01
     6056.915058  7.655703  0.002091 58.969218   -162.86    -46.36      0.17
     6057.846318  7.655951  0.002094 64.095742   -164.29    143.15     -0.21
     6058.777578  7.656092  0.002089 62.341932   -158.87    -33.95     -0.64
     6059.708838  7.656342  0.002099 59.330112   -163.81    149.82     -0.48
     6060.640098  7.656622  0.002116 64.539144   -163.86    -32.32     -0.38
     6061.571358  7.656736  0.002110 61.580401   -159.06    139.52     -0.15
     6062.502618  7.656832  0.002103 59.623433   -164.69    -47.18      0.07
     6063.433878  7.657032  0.002103 64.682438   -163.33    119.18      0.15
     6064.365138  7.657228  0.002096 60.881595   -159.39    -79.23      0.27
     6065.296398  7.657370  0.002085 60.221677   -165.41     83.89      0.26
     6066.227658  7.657505  0.002078 64.891787   -162.74   -121.07      0.54
     6067.158918  7.657723  0.002088 60.315730   -159.98     30.69      0.56
     6068.090178  7.657969  0.002105 60.868736   -166.00   -176.63      0.40
     6069.021438  7.658159  0.002109 64.723624   -162.16    -32.29      0.13
     6069.952698  7.658354  0.002111 59.647342   -160.68    109.17      0.19
     6070.883958  7.658565  0.002112 61.515058   -166.35   -109.22      0.16
     6071.815218  7.658806  0.002121 64.529126   -161.56     23.82      0.09
     6072.746478  7.658957  0.002107 59.330306   -161.56    156.21     -0.53
     6073.677738  7.658974  0.002073 62.356009   -166.53    -73.15     -0.44
     6074.608998  7.659192  0.002086 64.113286   -161.10     48.26      0.33
     6075.540258  7.659468  0.002107 58.976952   -162.58    170.14      0.22
     6076.471518  7.659647  0.002114 62.954270   -166.50    -70.21     -0.01
     6077.402778  7.659823  0.002111 63.488589   -160.73     41.02     -0.02
     6078.334038  7.659924  0.002091 58.920279   -163.63    153.12     -0.28
     6079.265298  7.660028  0.002075 63.694781   -166.26    -99.40      0.45
     6080.196558  7.660376  0.002110 62.924653   -160.55      1.78      0.11
     6081.127818  7.660337  0.002067 59.102726   -164.73    104.36     -0.49
     6082.059078  7.660619  0.002093 64.203905   -165.87   -159.58      0.34
     6082.990338  7.660900  0.002111 62.058233   -160.55    -68.97     -0.07
     6083.921598  7.661057  0.002104 59.315958   -165.72     22.88     -0.18
     6084.852858  7.661130  0.002085 64.574383   -165.30    107.85      0.23
     6085.784118  7.661427  0.002106 61.378710   -160.76   -171.76     -0.11
     6086.715378  7.661425  0.002059 59.937997   -166.60    -90.23     -0.02
     6087.646638  7.661897  0.002120 64.855571   -164.68    -15.87     -0.13
     6088.577898  7.661806  0.002074 60.587202   -161.25     53.78      0.18
     6089.509158  7.662102  0.002101 60.485836   -167.32    125.11     -0.11
     6090.440418  7.662303  0.002102 64.755228   -163.99   -172.09     -0.09
     6091.371678  7.662449  0.002100 59.893471   -161.92   -112.56      0.26
     6092.302938  7.662549  0.002075 61.286555   -167.79    -51.73     -0.22
     6093.234198  7.662972  0.002116 64.671728   -163.34     -0.02     -0.08
     6094.165458  7.662891  0.002069 59.457507   -162.85     49.59      0.53
     6095.096718  7.663160  0.002081 62.115840   -168.07    100.07     -0.44
     6096.027978  7.663357  0.002104 64.181550   -162.77    140.43      0.02
     6096.959238  7.663547  0.002095 58.994698   -163.89   -179.35      0.04
     6097.890498  7.663706  0.002100 62.828895   -168.03   -141.04     -0.05
     6098.821758  7.663934  0.002094 63.643474   -162.29   -111.45      0.36
     6099.753018  7.663897  0.002054 58.986167   -165.00    -80.50     -0.00
     6100.684278  7.664278  0.002085 63.667323   -167.80    -52.74     -0.63
     6101.615538  7.664467  0.002103 62.930519   -162.06    -33.49     -0.30
     6102.546798  7.664694  0.002107 59.025468   -166.18    -13.42      0.29
     6103.478058  7.664783  0.002095 64.147008   -167.35      2.40      0.08
     6104.409318  7.664923  0.002090 62.042033   -162.04     11.59     -0.11
     6105.340578  7.665265  0.002109 59.370836   -167.24     22.23     -0.12
     6106.271838  7.665420  0.002107 64.648354   -166.73     26.26      0.12
     6107.203098  7.665551  0.002097 61.314782   -162.30     24.93      0.48
     6108.134358  7.665777  0.002098 60.008163   -168.20     25.36      0.59
     6109.065618  7.665918  0.002096 64.828037   -166.03     18.62      0.32
     6109.996878  7.665985  0.002085 60.401270   -162.83      7.75      0.07
     6110.928138  7.666161  0.002085 60.629351   -168.89     -2.26      0.00
     6111.859398  7.666417  0.002094 64.760898   -165.26    -20.43     -0.22
     6112.790658  7.666601  0.002083 59.788095   -163.59    -41.05     -0.49
     6113.721918  7.666701  0.002067 61.585591   -169.33    -61.69     -0.52
     6114.653178  7.666806  0.002056 64.548268   -164.55    -91.23     -0.22
     6115.584438  7.666993  0.002064 59.258636   -164.64   -122.08      0.06
     6116.515698  7.667234  0.002081 62.361890   -169.50   -153.94      0.19
     6117.446959  7.667445  0.002089 63.928318   -163.96    165.85      0.07
     6118.378219  7.667631  0.002084 58.928770   -165.78    125.40      0.15
     6119.309479  7.667843  0.002086 63.224955   -169.36     82.24      0.35
     6120.240739  7.668140  0.002104 63.341463   -163.55     31.29      0.46
     6121.171999  7.668357  0.002109 59.021970   -167.03    -17.89     -0.26
     6122.103259  7.668369  0.002077 63.986988   -168.99    -71.95     -0.38
     6123.034519  7.668534  0.002083 62.428339   -163.41   -133.81      0.16
     6123.965779  7.668747  0.002093 59.174500   -168.22    166.17      0.27
     6124.897039  7.668924  0.002097 64.432210   -168.35    100.43      0.23
     6125.828299  7.669152  0.002104 61.551886   -163.52     28.99      0.10
     6126.759559  7.669196  0.002071 59.797238   -169.24    -40.23     -0.53
     6127.690819  7.669346  0.002060 64.843428   -167.60   -118.18      0.45
     6128.622079  7.669750  0.002106 60.693341   -164.01    161.01     -0.12
     6129.553339  7.669811  0.002080 60.484237   -170.10     80.92     -0.23
     6130.484599  7.670046  0.002100 64.761334   -166.79     -7.90      0.20
     6131.415859  7.670202  0.002100 59.833852   -164.76    -99.18      0.14
     6132.347119  7.670297  0.002084 61.334347   -170.60    170.31     -0.26
     6133.278379  7.670508  0.002078 64.583612   -165.99     70.24      0.34
     6134.209639  7.670827  0.002097 59.362455   -165.80    -29.66     -0.55
     6135.140899  7.670853  0.002073 62.355527   -170.83   -132.60      0.68
     6136.072159  7.671050  0.002087 64.048784   -165.34    118.28     -0.46
     6137.003419  7.671288  0.002091 58.942209   -167.04      7.15      0.17
     6137.934679  7.671470  0.002100 63.135447   -170.69   -105.72     -0.01
     6138.865939  7.671523  0.002075 63.273129   -164.85    133.21     -0.05
     6139.797199  7.671948  0.002112 58.976344   -168.30     13.24     -0.16
     6140.728459  7.671870  0.002062 64.014234   -170.24   -111.72      0.52
     6141.659719  7.672126  0.002073 62.460313   -164.69    118.15     -0.59
     6142.590979  7.672442  0.002107 59.276057   -169.58    -12.40      0.18
     6143.522239  7.672454  0.002080 64.490667   -169.58   -148.07      0.09
     6144.453499  7.672741  0.002099 61.387608   -164.85     70.50     -0.04
     6145.384759  7.672829  0.002086 59.790178   -170.66    -69.60      0.15
     6146.316019  7.673041  0.002083 64.797894   -168.75    143.58     -0.25
     6147.247279  7.673306  0.002098 60.562280   -165.38     -7.56     -0.39
     6148.178539  7.673512  0.002103 60.711087   -171.48   -158.53      0.49
     6149.109799  7.673570  0.002075 64.822556   -167.88     43.21      0.43
     6150.041059  7.673647  0.002067 59.722317   -166.27   -117.33     -0.01
     6150.972319  7.674008  0.002100 61.556156   -171.96     82.00     -0.21
     6151.903579  7.674113  0.002093 64.387809   -167.03    -87.89      0.07
     6152.834839  7.674229  0.002072 59.172864   -167.37    101.26      0.34
     6153.766099  7.674430  0.002066 62.625065   -172.03    -70.10     -0.12
     6154.697359  7.674530  0.002053 63.876137   -166.37    110.02     -0.43
     6155.628619  7.674749  0.002065 58.986582   -168.72    -69.84     -0.48
     6156.559879  7.675049  0.002086 63.505838   -171.79    106.93     -0.31
     6157.491139  7.675251  0.002100 62.910330   -165.99    -84.02     -0.20
     6158.422399  7.675364  0.002091 58.989198   -170.08     86.17     -0.03
     6159.353659  7.675538  0.002092 64.191442   -171.20   -108.70      0.23
     6160.284919  7.675788  0.002092 61.998498   -165.93     50.05      0.45
     6161.216179  7.676054  0.002105 59.549318   -171.33   -149.23      0.45
     6162.147439  7.676253  0.002108 64.759643   -170.40      5.19      0.15
     6163.078699  7.676363  0.002105 60.975716   -166.30    154.62     -0.14
     6164.009959  7.676459  0.002093 60.224615   -172.35    -54.78     -0.19
     6164.941219  7.676601  0.002094 64.769718   -169.47     87.67     -0.05
     6165.872479  7.676803  0.002092 60.017081   -167.01   -133.12      0.01
     6166.803739  7.677008  0.002095 61.196975   -172.96      7.16     -0.21
     6167.734999  7.677113  0.002071 64.666662   -168.54    139.04     -0.53
     6168.666259  7.677184  0.002047 59.419574   -168.11    -91.43     -0.05
     6169.597519  7.677468  0.002073 62.266357   -173.24     37.23      0.57
     6170.528779  7.677712  0.002093 64.032925   -167.77    158.29      0.16
     6171.460039  7.677863  0.002092 58.926135   -169.45    -81.09     -0.02
     6172.391299  7.678019  0.002087 63.175770   -173.06     36.90     -0.08
     6173.322559  7.678143  0.002072 63.217294   -167.23    147.12     -0.32
     6174.253819  7.678310  0.002062 59.018913   -170.86   -102.51      0.42
     6175.185079  7.678717  0.002104 64.132850   -172.53      4.61     -0.03
     6176.116339  7.678737  0.002068 62.259510   -167.08    105.01     -0.52
     6177.047599  7.678980  0.002084 59.372912   -172.24   -154.49      0.44
     6177.978859  7.679176  0.002098 64.581585   -171.74    -58.95      0.01
     6178.910119  7.679262  0.002086 61.098726   -167.33     30.95     -0.16
     6179.841379  7.679378  0.002068 60.076403   -173.30    122.12      0.08
     6180.772639  7.679788  0.002104 64.863590   -170.73   -154.19      0.12
     6181.703899  7.679764  0.002056 60.229015   -168.02    -73.47     -0.29
     6182.635159  7.680086  0.002097 61.125311   -174.06      7.06      0.34
     6183.566419  7.680093  0.002064 64.653390   -169.77     80.20     -0.17
     6184.497679  7.680464  0.002098 59.360774   -169.14    150.65      0.13
     6185.428939  7.680523  0.002085 62.095206   -174.35   -138.94     -0.09
     6186.360199  7.680679  0.002080 64.056422   -168.91    -77.63      0.15
     6187.291459  7.680975  0.002088 58.993231   -170.49    -15.61     -0.38
     6188.222719  7.681084  0.002082 63.255853   -174.18     42.59      0.52
     6189.153979  7.681159  0.002051 63.296933   -168.35     94.59     -0.28
     6190.085239  7.681533  0.002099 59.016263   -172.00    146.74     -0.23
     6191.016499  7.681594  0.002083 64.068719   -173.63   -166.09      0.27
     6191.947759  7.681821  0.002091 62.124614   -168.17   -124.98     -0.07
     6192.879019  7.681947  0.002084 59.357025   -173.37    -82.71      0.13
     6193.810279  7.682121  0.002074 64.649455   -172.74    -46.27     -0.19
     6194.741539  7.682384  0.002092 61.111673   -168.45    -14.89     -0.51
     6195.672799  7.682628  0.002100 60.245613   -174.49     16.84      0.43
     6196.604059  7.682656  0.002072 64.865941   -171.72     41.72      0.44
     6197.535319  7.682762  0.002064 60.037770   -169.25     63.64     -0.00
     6198.466579  7.683102  0.002092 61.174729   -175.22     85.97     -0.18
     6199.397839  7.683184  0.002084 64.525618   -170.69     99.24      0.07
     6200.329099  7.683349  0.002071 59.287900   -170.41    111.22      0.19
     6201.260359  7.683526  0.002065 62.387705   -175.42    123.01     -0.29
     6202.191619  7.683645  0.002058 64.005413   -169.85    126.22     -0.63
     6203.122879  7.683939  0.002078 59.006585   -171.90    129.17     -0.56
     6204.054139  7.684201  0.002095 63.452876   -175.17    129.18     -0.43
     6204.985399  7.684310  0.002095 62.944578   -169.33    121.12     -0.11
     6205.916659  7.684424  0.002085 58.999297   -173.42    114.34      0.18
     6206.847919  7.684619  0.002081 64.237723   -174.46    102.77      0.28
     6207.779179  7.684794  0.002067 61.884177   -169.24     84.87      0.39
     6208.710439  7.684948  0.002061 59.661126   -174.79     68.84      0.48
     6209.641699  7.685113  0.002065 64.807078   -173.48     46.01      0.56
     6210.572959  7.685302  0.002075 60.721316   -169.73     18.74      0.42
     6211.504219  7.685509  0.002084 60.492251   -175.85     -7.21      0.31
     6212.435479  7.685697  0.002088 64.729474   -172.39    -41.38      0.19
     6213.366739  7.685891  0.002084 59.694833   -170.66    -78.43      0.30
     6214.297999  7.686123  0.002091 61.646958   -176.38   -115.14      0.37
     6215.229259  7.686394  0.002104 64.426298   -171.36   -160.24      0.24
     6216.160519  7.686555  0.002098 59.170101   -172.04    154.54     -0.47
     6217.091779  7.686577  0.002066 62.881972   -176.41    107.02     -0.50
     6218.023039  7.686756  0.002074 63.546099   -170.61     50.54      0.05
     6218.954299  7.686977  0.002084 58.885641   -173.61     -4.84      0.16
     6219.885559  7.687161  0.002089 63.807401   -175.90    -63.93      0.15
     6220.816819  7.687381  0.002093 62.462458   -170.23   -130.36      0.30
     6221.748079  7.687539  0.002086 59.306454   -175.12    165.79     -0.39
     6222.679339  7.687492  0.002040 64.623942   -175.01     94.96      0.01
     6223.610599  7.687822  0.002079 61.294283   -170.45     18.53      0.50
     6224.541859  7.688001  0.002082 60.054391   -176.42    -54.89     -0.38
     6225.473119  7.688152  0.002077 64.780372   -173.90   -137.16     -0.12
     6226.404379  7.688396  0.002084 60.077046   -171.18    137.05      0.08
     6227.335639  7.688625  0.002095 61.109035   -177.21     52.35      0.10
     6228.266899  7.688641  0.002063 64.623373   -172.77    -40.41     -0.33
     6229.198159  7.688870  0.002072 59.376984   -172.44   -135.93      0.59
     6230.129419  7.689090  0.002073 62.442314   -177.46    130.02     -0.72
     6231.060679  7.689283  0.002079 63.933549   -171.85     24.92      0.46
     6231.991939  7.689397  0.002079 58.916471   -174.01    -78.21     -0.19
     6232.923199  7.689561  0.002078 63.465693   -177.11    174.76      0.04
     6233.854459  7.689868  0.002097 62.835572   -171.28     60.12      0.18
     6234.785719  7.689823  0.002053 59.117415   -175.60    -52.50     -0.18
     6235.716979  7.690261  0.002098 64.433852   -176.29   -170.81     -0.04
     6236.648239  7.690235  0.002052 61.691214   -171.29     64.48      0.47
     6237.579499  7.690446  0.002071 59.808401   -177.05    -56.98     -0.55
     6238.510759  7.690746  0.002092 64.780164   -175.21    172.59      0.19
     6239.442019  7.690762  0.002071 60.368945   -171.90     38.94     -0.08
     6240.373279  7.691086  0.002093 60.782682   -178.02    -93.90      0.07
     6241.304539  7.691084  0.002060 64.693674   -174.01    125.17     -0.08
     6242.235799  7.691466  0.002087 59.516178   -173.05    -17.37     -0.51
     6243.167059  7.691608  0.002089 62.155863   -178.40   -161.49      0.38
     6244.098319  7.691719  0.002065 64.146278   -172.98     46.61      0.47
     6245.029579  7.691769  0.002054 58.980448   -174.64   -104.75     -0.18
     6245.960839  7.692141  0.002093 63.268184   -178.19    100.69     -0.14
     6246.892099  7.692230  0.002079 63.023389   -172.30    -62.05      0.07
     6247.823359  7.692336  0.002060 59.019958   -176.28    136.85     -0.00
     6248.754619  7.692656  0.002080 64.298254   -177.40    -28.60     -0.53
     6249.685879  7.692834  0.002083 61.881790   -172.20    159.08     -0.48
     6250.617139  7.693063  0.002095 59.705391   -177.81    -11.87     -0.01
     6251.548399  7.693259  0.002096 64.783464   -176.30    170.53      0.15
     6252.479659  7.693302  0.002079 60.509959   -172.74    -11.41      0.16
     6253.410919  7.693408  0.002069 60.650026   -178.88    168.07      0.08
     6254.342179  7.693653  0.002076 64.701412   -175.05    -20.71     -0.08
     6255.273439  7.693865  0.002073 59.554787   -173.86    148.62     -0.45
     6256.204699  7.693983  0.002061 62.051739   -179.32    -42.33     -0.60
     6257.135959  7.694082  0.002050 64.210198   -173.97    118.01     -0.63
     6258.067219  7.694257  0.002052 59.024244   -175.47    -82.19     -0.33
     6258.998479  7.694497  0.002067 63.243419   -179.14     75.33     -0.15
     6259.929739  7.694751  0.002084 63.062576   -173.24   -135.13     -0.07
     6260.860999  7.694961  0.002087 58.983972   -177.17     15.98     -0.25
     6261.792259  7.695118  0.002080 64.259149   -178.32    162.26     -0.39
     6262.723519  7.695188  0.002053 61.872612   -173.10    -57.76     -0.53
     6263.654779  7.695300  0.002039 59.727829   -178.74     83.32      0.09
     6264.586039  7.695571  0.002064 64.813571   -177.18   -142.26      0.41
     6265.517299  7.695807  0.002084 60.499203   -173.68    -11.68      0.17
     6266.448559  7.695974  0.002083 60.711308   -179.83    120.18     -0.07
     6267.379819  7.696152  0.002087 64.662682   -175.89   -116.60     -0.07
     6268.311079  7.696348  0.002081 59.476656   -174.85      4.86     -0.33
     6269.242339  7.696424  0.002056 62.118710    179.77    125.92     -0.36
     6270.173599  7.696651  0.002061 64.147300   -174.78   -122.54      0.59
     6271.104859  7.697016  0.002099 59.020807   -176.52     -9.50      0.02
     6272.036119  7.697008  0.002068 63.392485   -179.98    100.79     -0.38
     6272.967379  7.697145  0.002071 62.939822   -174.10   -157.83      0.18
     6273.898639  7.697316  0.002073 59.023556   -178.27    -54.55      0.20
     6274.829899  7.697540  0.002084 64.321729   -179.08     43.86      0.01
     6275.761159  7.697665  0.002057 61.662141   -174.02    136.49     -0.48
     6276.692419  7.697949  0.002072 59.858033   -179.81   -130.51      0.58
     6277.623679  7.698114  0.002076 64.864997   -177.87    -42.52     -0.53
     6278.554939  7.698133  0.002054 60.335767   -174.73     39.42      0.38
     6279.486199  7.698447  0.002082 60.960425    179.17    123.95     -0.20
     6280.417459  7.698621  0.002081 64.584798   -176.55   -160.77     -0.08
     6281.348719  7.698749  0.002074 59.306822   -176.03    -87.40      0.31
     6282.279979  7.698912  0.002069 62.365522    178.90    -13.53     -0.37
     6283.211239  7.699184  0.002074 63.930349   -175.46     50.26      0.54
     6284.142499  7.699188  0.002045 59.004919   -177.78    116.45     -0.51
     6285.073759  7.699568  0.002091 63.689265    179.31    177.81      0.13
     6286.005019  7.699620  0.002065 62.648205   -174.90   -127.75      0.10
     6286.936279  7.699804  0.002078 59.158594   -179.58    -71.63     -0.04
     6287.867539  7.700016  0.002077 64.482048   -179.66    -21.34     -0.09
     6288.798799  7.700202  0.002084 61.265091   -175.00     23.26     -0.02
     6289.730059  7.700353  0.002063 60.136184    178.99     69.30      0.50
     6290.661319  7.700373  0.002036 64.886783   -178.33    109.07     -0.32
     6291.592579  7.700829  0.002088 60.019811   -175.91    144.76     -0.36
     6292.523839  7.700870  0.002074 61.403464    178.15   -179.57      0.32
     6293.455099  7.701069  0.002076 64.411456   -177.02   -151.61     -0.00
     6294.386359  7.701199  0.002076 59.087624   -177.43   -124.81     -0.16
     6295.317619  7.701443  0.002081 62.785210    178.11    -99.95      0.29
     6296.248879  7.701488  0.002048 63.524883   -176.04    -82.73      0.12
     6297.180139  7.701605  0.002036 59.017035   -179.27    -64.24     -0.33
     6298.111399  7.701977  0.002068 64.083181    178.78    -49.94     -0.59
     6299.042659  7.702158  0.002082 62.160405   -175.71    -43.12     -0.32
     6299.973919  7.702289  0.002078 59.448875    178.96    -34.72      0.14
     6300.905179  7.702486  0.002080 64.665506    179.98    -32.46      0.12
     6301.836439  7.702602  0.002065 60.692370   -176.10    -34.63     -0.21
     6302.767699  7.702705  0.002054 60.603271    177.74    -35.29     -0.42
     6303.698959  7.702930  0.002056 64.811520   -178.60    -44.15     -0.57
     6304.630219  7.703178  0.002064 59.619958   -177.31    -55.37     -0.59
     6305.561479  7.703347  0.002066 62.049601    177.20    -66.71     -0.55
     6306.492739  7.703485  0.002071 64.070032   -177.37    -86.95     -0.32
     6307.423999  7.703638  0.002072 58.915849   -179.07   -107.20     -0.19
     6308.355259  7.703842  0.002078 63.354099    177.51   -130.00     -0.03
     6309.286519  7.704092  0.002085 62.908372   -176.61   -160.44     -0.02
     6310.217779  7.704310  0.002085 59.152620    179.05    171.07     -0.35
     6311.149039  7.704430  0.002068 64.497863    178.48    137.31     -0.64
     6312.080299  7.704522  0.002051 61.485485   -176.63     97.10     -0.40
     6313.011559  7.704699  0.002055 59.969935    177.43     58.56     -0.01
     6313.942819  7.704923  0.002075 64.779977    179.87     12.76      0.04
     6314.874080  7.705092  0.002070 60.022556   -177.45    -36.52      0.01
     6315.805340  7.705272  0.002069 61.294612    176.55    -85.04      0.20
     6316.736600  7.705550  0.002084 64.532147   -178.71   -142.10      0.37
     6317.667860  7.705758  0.002087 59.220955   -179.01    160.88     -0.42
     6318.599120  7.705736  0.002047 62.854586    176.46    101.69     -0.32
     6319.530380  7.705954  0.002065 63.497088   -177.69     33.53      0.38
     6320.461640  7.706177  0.002081 58.914433    179.05    -32.91      0.22
     6321.392900  7.706300  0.002078 63.989369    177.19   -103.39     -0.01
     6322.324160  7.706431  0.002067 62.046094   -177.32    179.30     -0.27
     6323.255420  7.706532  0.002044 59.550220    177.26    103.37      0.07
     6324.186680  7.706958  0.002086 64.806144    178.48     21.02      0.21
     6325.117940  7.706994  0.002052 60.649090   -177.84    -64.91     -0.52
     6326.049200  7.707186  0.002065 60.776942    175.98   -151.29      0.61
     6326.980460  7.707335  0.002074 64.675303    179.94    115.88     -0.20
     6327.911720  7.707478  0.002064 59.377093   -179.16     20.19     -0.19
     6328.842980  7.707748  0.002076 62.214145    175.60    -76.12      0.15
     6329.774240  7.707937  0.002078 63.936932   -178.77    179.70     -0.22
     6330.705500  7.707916  0.002037 58.994986    178.98     74.91      0.47
     6331.636760  7.708330  0.002079 63.732851    176.08    -31.12     -0.60
     6332.568020  7.708385  0.002059 62.617945   -178.15   -146.82      0.51
     6333.499280  7.708523  0.002060 59.250873    177.01    101.09     -0.34
     6334.430540  7.708800  0.002080 64.545976    177.23    -18.28      0.15
     6335.361800  7.708905  0.002073 60.997047   -178.35   -142.28     -0.10
     6336.293060  7.709084  0.002063 60.299776    175.53     95.03      0.17
     6337.224320  7.709262  0.002059 64.835074    178.73    -34.71     -0.42
     6338.155580  7.709554  0.002085 59.783592   -179.48   -168.25      0.18
     6339.086840  7.709557  0.002042 61.867785    174.83     58.84      0.48
     6340.018100  7.709736  0.002056 64.207967   -179.89    -81.62     -0.37
     6340.949360  7.710038  0.002083 58.952534    178.72    136.20      0.17
     6341.880620  7.710097  0.002065 63.268847    175.10     -7.44     -0.09
     6342.811880  7.710369  0.002078 62.956925   -178.99   -159.29     -0.06
     6343.743140  7.710568  0.002076 59.129532    176.74     50.03      0.40
     6344.674400  7.710517  0.002031 64.485623    176.14   -105.31      0.40
     6345.605660  7.710786  0.002042 61.462141   -178.99     94.07     -0.21
     6346.536920  7.710981  0.002059 60.042483    175.03    -64.98     -0.53
     6347.468180  7.711215  0.002076 64.785415    177.61    127.50     -0.02
     6348.399440  7.711417  0.002076 59.906376   -179.92    -43.08      0.17
     6349.330700  7.711460  0.002056 61.437686    174.15    147.60     -0.09
     6350.261960  7.711660  0.002055 64.396971    179.11    -30.40     -0.31
     6351.193220  7.711962  0.002070 59.126999    178.37    151.10     -0.57
     6352.124480  7.712149  0.002074 63.124755    174.21    -29.29     -0.60
     6353.055740  7.712261  0.002074 63.261482   -179.89    141.96     -0.39
     6353.987000  7.712447  0.002075 59.008495    176.29    -45.75     -0.04
     6354.918260  7.712649  0.002083 64.232835    175.15    122.01      0.09
     6355.849520  7.712800  0.002072 61.625754   -179.66    -76.57      0.16
     6356.780780  7.712908  0.002059 59.829194    174.53     86.87      0.31
     6357.712040  7.713033  0.002047 64.860215    176.65   -116.95      0.47
     6358.643300  7.713253  0.002058 60.216075    179.52     35.61      0.64
     6359.574560  7.713498  0.002071 61.309139    173.46   -170.42      0.42
     6360.505820  7.713677  0.002079 64.478795    178.17    -24.97      0.10
     6361.437080  7.713851  0.002076 59.094286    177.85    119.09      0.08
     6362.368340  7.714033  0.002080 62.819642    173.41    -98.15      0.05
     6363.299600  7.714242  0.002081 63.368477    179.32     36.25      0.07
     6364.230860  7.714424  0.002078 59.007775    175.79    172.36     -0.36
     6365.162120  7.714465  0.002045 64.253833    174.29    -56.21     -0.46
     6366.093380  7.714591  0.002036 61.871790    179.59     67.90      0.28
     6367.024640  7.714902  0.002071 59.755147    173.87   -165.56      0.53
     6367.955900  7.715073  0.002078 64.770243    175.76    -45.47      0.04
     6368.887160  7.715204  0.002074 60.193255    178.87     70.18     -0.01
     6369.818420  7.715332  0.002063 61.126377    172.78   -172.82     -0.17
     6370.749680  7.715389  0.002035 64.551773    177.39    -64.52     -0.16
     6371.680940  7.715711  0.002060 59.239011    177.23     42.05      0.57
     6372.612200  7.715968  0.002072 62.875533    172.67    149.35     -0.55
     6373.543460  7.716020  0.002046 63.456541    178.55   -113.39      0.01
     6374.474720  7.716307  0.002076 58.946600    175.10    -14.85      0.29
     6375.405980  7.716394  0.002068 64.103419    173.53     80.00     -0.04
     6376.337240  7.716505  0.002056 61.800705    178.88    168.03     -0.22
     6377.268500  7.716768  0.002064 59.714585    173.20   -102.55      0.31
     6378.199760  7.717030  0.002073 64.850381    175.04    -18.88     -0.44
     6379.131020  7.716991  0.002034 60.315983    178.14     59.18      0.58
     6380.062280  7.717306  0.002068 61.225540    172.03    140.59     -0.57
     6380.993540  7.717460  0.002062 64.516413    176.65   -148.64      0.30
     6381.924800  7.717638  0.002071 59.118649    176.46    -77.88      0.00
     6382.856060  7.717730  0.002058 62.797584    171.97     -8.46     -0.14
     6383.787320  7.718067  0.002079 63.394304    177.88     52.04      0.30
     6384.718580  7.717981  0.002027 59.028746    174.34    114.67     -0.11
     6385.649840  7.718465  0.002083 64.273954    172.89    172.72     -0.26
     6386.581100  7.718436  0.002045 61.812104    178.15   -136.67      0.55
     6387.512360  7.718608  0.002050 59.794233    172.38    -82.29     -0.47
     6388.443620  7.718889  0.002077 64.768457    174.42    -36.77      0.14
     6389.374880  7.718952  0.002056 60.094386    177.35      5.79     -0.12
     6390.306140  7.719257  0.002076 61.249718    171.29     49.04      0.07
     6391.237400  7.719271  0.002043 64.479831    176.08     83.71      0.25
     6392.168660  7.719435  0.002034 59.174499    175.59    118.47     -0.40
     6393.099920  7.719797  0.002074 63.059331    171.29    151.36     -0.58
     6394.031180  7.719917  0.002073 63.276503    177.20    174.96      0.28
     6394.962440  7.720064  0.002060 58.997257    173.38   -159.31      0.25
     6395.893700  7.720159  0.002059 64.256706    172.32   -138.00     -0.12
     6396.824960  7.720448  0.002073 61.543188    177.44   -123.61      0.16
     6397.756220  7.720594  0.002060 59.941751    171.53   -106.99      0.33
     6398.687480  7.720576  0.002024 64.872534    173.96    -97.51      0.26
     6399.618740  7.720788  0.002025 60.039352    176.47    -91.10     -0.05
     6400.550000  7.721049  0.002043 61.559607    170.52    -83.82     -0.40
     6401.481260  7.721216  0.002057 64.310915    175.58    -85.68     -0.33
     6402.412520  7.721410  0.002065 58.983393    174.58    -88.30     -0.07
     6403.343780  7.721654  0.002075 63.171575    170.70    -92.76      0.15
     6404.275040  7.721822  0.002065 63.000236    176.65   -105.20      0.35
     6405.206300  7.721935  0.002052 59.147747    172.37   -115.92      0.49
     6406.137560  7.722064  0.002045 64.529398    171.87   -131.82      0.65
     6407.068820  7.722268  0.002054 61.319165    176.63   -153.28      0.62
     6408.000080  7.722498  0.002066 60.192895    170.55   -172.73      0.48
     6408.931340  7.722685  0.002073 64.764208    173.57    160.04      0.23
     6409.862600  7.722849  0.002066 59.676203    175.49    129.70      0.21
     6410.793860  7.723005  0.002061 61.844310    169.80     99.84      0.24
     6411.725120  7.723187  0.002057 64.162362    175.20     61.09      0.51
     6412.656380  7.723458  0.002077 59.023424    173.45     22.91      0.36
     6413.587640  7.723632  0.002079 63.608769    170.20    -17.32     -0.29
     6414.518900  7.723696  0.002061 62.643382    176.05    -65.70     -0.47
     6415.450160  7.723821  0.002053 59.239655    171.20   -112.71     -0.28
     6416.381420  7.724014  0.002062 64.574239    171.56   -165.63     -0.13
     6417.312680  7.724179  0.002053 60.827812    175.81    136.42     -0.10
     6418.243940  7.724388  0.002056 60.558823    169.60     79.97      0.30
     6419.175200  7.724712  0.002082 64.789018    173.33     15.94      0.16
     6420.106460  7.724754  0.002053 59.510013    174.35    -49.46     -0.59
     6421.037720  7.724796  0.002032 62.363355    169.09   -116.75      0.33
     6421.968980  7.725063  0.002067 63.776805    174.81    168.24      0.28
     6422.900240  7.725207  0.002064 58.886749    172.16     94.13     -0.06
     6423.831500  7.725375  0.002062 63.878275    169.84     16.37     -0.25
     6424.762760  7.725519  0.002041 62.159430    175.46    -68.82     -0.05
     6425.694020  7.725900  0.002078 59.595189    170.02   -152.01      0.30
     6426.625280  7.725839  0.002033 64.832653    171.39    119.26     -0.46
     6427.556540  7.726051  0.002051 60.420145    174.81     24.53      0.51
     6428.487800  7.726288  0.002061 61.058920    168.64    -66.93     -0.44
     6429.419060  7.726455  0.002062 64.499406    173.17   -168.47      0.08
     6430.350320  7.726595  0.002061 59.121821    173.07     89.29      0.14
     6431.281580  7.726743  0.002053 62.850184    168.56    -13.55     -0.28
     6432.212840  7.727023  0.002063 63.364741    174.49   -125.88      0.55
     6433.144100  7.727015  0.002030 59.081271    170.76    125.10     -0.55
     6434.075360  7.727409  0.002072 64.369688    169.60      9.58      0.28
     6435.006620  7.727413  0.002040 61.551438    174.70   -111.15      0.02
     6435.937880  7.727641  0.002066 59.957082    168.75    129.94     -0.05
     6436.869140  7.727838  0.002064 64.766792    171.36      3.38     -0.09
     6437.800400  7.727987  0.002062 59.847738    173.68   -126.59      0.15
     6438.731660  7.728108  0.002038 61.721400    167.83    104.53      0.10
     6439.662920  7.728323  0.002053 64.272205    173.09    -32.31     -0.58
     6440.594180  7.728651  0.002075 59.034440    171.59   -170.80      0.28
     6441.525440  7.728562  0.002034 63.502169    168.17     49.09      0.41
     6442.456700  7.728881  0.002061 62.659131    174.06    -98.03     -0.25
     6443.387960  7.728991  0.002058 59.207206    169.26    115.64      0.06
     6444.319220  7.729199  0.002058 64.584897    169.59    -36.23      0.07
     6445.250480  7.729360  0.002056 60.842386    173.82    167.36     -0.47
     6446.181740  7.729635  0.002072 60.647876    167.60     11.80      0.03
     6447.113000  7.729823  0.002068 64.778550    171.44   -151.96      0.56
     6448.044260  7.729772  0.002031 59.426586    172.25     43.05      0.44
     6448.975520  7.729976  0.002039 62.455411    167.14   -122.16      0.15
     6449.906780  7.730269  0.002067 63.618963    172.97     64.00     -0.19
     6450.838040  7.730397  0.002062 58.902735    169.97   -109.45     -0.02
     6451.769300  7.730537  0.002055 64.059760    168.04     73.05      0.39
     6452.700560  7.730724  0.002041 61.953746    173.50   -110.85      0.53
     6453.631820  7.730854  0.002031 59.799023    167.79     67.61      0.46
     6454.563080  7.730959  0.002026 64.852680    169.75   -120.89      0.29
     6455.494340  7.731131  0.002034 60.103315    172.62     46.73      0.21
     6456.425600  7.731381  0.002048 61.367656    166.58   -144.54      0.07
     6457.356860  7.731623  0.002061 64.310376    171.58     15.45     -0.04
     6458.288120  7.731816  0.002060 59.004431    170.64    175.15     -0.32
     6459.219380  7.731947  0.002050 63.294704    166.79    -27.09     -0.47
     6460.150640  7.732019  0.002029 62.964943    172.73    122.84     -0.63
     6461.081900  7.732109  0.002013 59.240449    168.22    -86.07     -0.22
     6462.013160  7.732309  0.002025 64.582725    168.13     59.54      0.17
     6462.944420  7.732532  0.002043 60.967801    172.60   -160.04      0.20
     6463.875680  7.732723  0.002047 60.415529    166.42    -17.61      0.13
     6464.806940  7.732883  0.002045 64.704223    170.06    116.55      0.18
     6465.738200  7.733083  0.002042 59.472174    171.16   -111.54      0.47
     6466.669460  7.733375  0.002067 62.412578    165.91     20.80      0.28
     6467.600720  7.733492  0.002052 63.792825    171.65    145.21     -0.51
     6468.531980  7.733512  0.002024 58.975707    168.77    -90.58     -0.33
     6469.463240  7.733749  0.002043 64.023862    166.73     29.50      0.24
     6470.394500  7.733987  0.002056 61.873264    172.22    143.39      0.06
     6471.325760  7.734218  0.002066 59.674049    166.54   -100.71      0.01
     6472.257020  7.734436  0.002068 64.800180    168.51      8.31     -0.22
     6473.188280  7.734448  0.002028 60.134519    171.38    113.49     -0.21
     6474.119540  7.734725  0.002054 61.514503    165.33   -141.10      0.72
     6475.050800  7.734862  0.002053 64.380674    170.36    -42.19     -0.46
     6475.982060  7.734901  0.002028 59.018986    169.27     54.61     -0.02
     6476.913320  7.735250  0.002067 63.315223    165.57    149.72      0.10
     6477.844580  7.735446  0.002069 62.755041    171.53   -122.94     -0.00
     6478.775840  7.735457  0.002038 59.207194    166.87    -33.63     -0.16
     6479.707100  7.735705  0.002052 64.644063    167.06     49.25      0.46
     6480.638360  7.735887  0.002039 60.911358    171.32    128.76     -0.63
     6481.569620  7.736106  0.002053 60.680768    165.07   -152.23      0.62
     6482.500880  7.736138  0.002038 64.691958    168.99    -79.22     -0.39
     6483.432140  7.736444  0.002060 59.291075    169.66     -9.67      0.21
     6484.363400  7.736579  0.002058 62.523806    164.68     60.25     -0.05
     6485.294660  7.736658  0.002041 63.500347    170.58    121.33      0.00
     6486.225920  7.737030  0.002070 58.983205    167.24   -176.04     -0.28
     6487.157180  7.736991  0.002032 64.272302    165.73   -118.75      0.63
     6488.088440  7.737220  0.002032 61.697052    170.96    -65.71     -0.57
     6489.019700  7.737503  0.002065 59.991522    165.02    -12.48      0.14
     6489.950960  7.737570  0.002046 64.796045    167.60     33.98      0.10
     6490.882220  7.737766  0.002060 59.771068    169.86     77.34     -0.06
     6491.813480  7.737930  0.002053 61.774109    164.06    121.09      0.13
     6492.744740  7.738068  0.002044 64.114586    169.48    156.81     -0.35
     6493.676000  7.738445  0.002074 58.998767    167.60   -167.96     -0.02
     6494.607260  7.738391  0.002035 63.759441    164.60   -135.75      0.64
     6495.538520  7.738565  0.002029 62.412774    170.38   -109.72      0.06
     6496.469780  7.738738  0.002043 59.450662    165.12    -81.82     -0.43
     6497.401040  7.738983  0.002063 64.695163    166.27    -61.36      0.05
     6498.332300  7.739151  0.002053 60.349021    169.83    -44.95      0.12
     6499.263560  7.739209  0.002037 61.083228    163.64    -26.57     -0.21
     6500.194820  7.739522  0.002055 64.533190    168.28    -16.83     -0.39
     6501.126080  7.739820  0.002073 59.169269    167.85     -8.16     -0.27
     6502.057340  7.739909  0.002065 63.171156    163.64     -1.12      0.09
     6502.988600  7.739998  0.002055 63.042179    169.61     -2.13      0.33
     6503.919860  7.740185  0.002053 59.093729    165.30     -1.26      0.27
     6504.851120  7.740335  0.002054 64.480550    165.05     -5.41     -0.08
     6505.782380  7.740456  0.002045 60.998354    169.61    -15.14     -0.39
     6506.713640  7.740613  0.002041 60.511226    163.40    -23.00     -0.48
     6507.644900  7.740826  0.002042 64.786024    167.08    -38.88     -0.59
     6508.576160  7.741024  0.002042 59.446724    167.99    -56.81     -0.57
     6509.507420  7.741189  0.002042 62.530076    162.87    -75.14     -0.46
     6510.438680  7.741363  0.002052 63.545693    168.75   -102.17     -0.26
     6511.369940  7.741519  0.002052 58.913561    165.47   -127.96     -0.26
     6512.301200  7.741678  0.002055 64.168431    163.94   -157.92     -0.23
     6513.232461  7.741838  0.002047 61.625798    169.19    165.99     -0.47
     6514.163721  7.741912  0.002023 60.037904    163.23    132.00     -0.54
     6515.094981  7.742006  0.002004 64.877766    165.89     90.02     -0.08
     6516.026241  7.742249  0.002022 59.797647    167.97     45.01      0.43
     6516.957501  7.742520  0.002048 61.925348    162.26      1.16      0.32
     6517.888761  7.742683  0.002053 63.955873    167.79    -51.35      0.07
     6518.820021  7.742866  0.002052 58.895417    165.62   -103.70      0.07
     6519.751281  7.743079  0.002058 63.829677    162.97   -158.83     -0.14
     6520.682541  7.743175  0.002032 62.216938    168.66    139.19     -0.62
     6521.613801  7.743283  0.002015 59.666845    163.14     78.07      0.25
     6522.545061  7.743688  0.002065 64.838868    164.78     10.97      0.35
     6523.476321  7.743827  0.002062 60.152431    167.85    -59.41     -0.29
     6524.407581  7.743892  0.002045 61.362986    161.76   -129.44     -0.06
     6525.338841  7.744019  0.002044 64.271429    166.82    151.90      0.06
     6526.270101  7.744212  0.002046 58.982987    165.68     72.93      0.23
     6527.201361  7.744457  0.002054 63.463876    162.09     -7.21     -0.42
     6528.132621  7.744505  0.002016 62.719766    168.00    -96.34      0.24
     6529.063881  7.744913  0.002071 59.382937    163.06    177.27      0.14
     6529.995141  7.744788  0.002020 64.711627    163.72     85.12     -0.23
     6530.926401  7.745096  0.002050 60.531664    167.59    -12.66      0.15
     6531.857661  7.745343  0.002061 60.899187    161.36   -108.09     -0.11
     6532.788921  7.745370  0.002039 64.518131    165.86    147.62     -0.05
     6533.720181  7.745644  0.002056 59.160008    165.66     42.15      0.28
     6534.651441  7.745725  0.002024 63.108115    161.32    -63.46     -0.39
     6535.582701  7.746034  0.002060 63.124319    167.30   -178.45      0.21
     6536.513961  7.746005  0.002019 59.165039    162.98     68.98      0.02
     6537.445221  7.746367  0.002063 64.523803    162.75    -48.96     -0.11
     6538.376481  7.746371  0.002038 60.899236    167.25   -172.65     -0.04
     6539.307741  7.746717  0.002062 60.522428    161.01     65.71     -0.01
     6540.239001  7.746672  0.002025 64.680326    164.91    -64.17      0.06
     6541.170261  7.747079  0.002060 59.352931    165.53    165.02     -0.52
     6542.101521  7.747154  0.002045 62.756646    160.63     32.03      0.61
     6543.032781  7.747232  0.002020 63.442009    166.56   -107.72      0.10
     6543.964041  7.747444  0.002044 59.023572    162.86    113.78     -0.39
     6544.895301  7.747716  0.002060 64.331451    161.87    -30.35      0.11
     6545.826561  7.747739  0.002039 61.255512    166.83   -179.83     -0.16
     6546.757821  7.748086  0.002065 60.246934    160.70     32.51     -0.00
     6547.689081  7.748152  0.002040 64.805247    164.02   -123.28      0.45
     6548.620341  7.748163  0.002006 59.560910    165.33     79.29      0.35
     6549.551601  7.748449  0.002023 62.425053    160.01    -77.43     -0.42
     6550.482861  7.748645  0.002043 63.657775    165.83    116.42     -0.39
     6551.414121  7.748856  0.002055 58.923516    162.70    -49.22      0.08
     6552.345381  7.749046  0.002054 64.143585    161.07    141.58      0.09
     6553.276641  7.749113  0.002035 61.568850    166.34    -33.87     -0.16
     6554.207901  7.749265  0.002032 60.041683    160.36    153.01     -0.41
     6555.139161  7.749575  0.002048 64.866182    163.16    -27.77     -0.52
     6556.070421  7.749815  0.002061 59.729350    165.03    148.66     -0.56
     6557.001681  7.749926  0.002056 62.140048    159.43    -34.69     -0.38
     6557.932941  7.750017  0.002054 63.830914    165.11    133.07     -0.07
     6558.864201  7.750182  0.002049 58.887227    162.48    -58.47      0.19
     6559.795461  7.750368  0.002049 63.996402    160.34    106.71      0.26
     6560.726721  7.750522  0.002034 61.860650    165.84    -94.93      0.34
     6561.657981  7.750694  0.002033 59.900142    160.00     65.66      0.55
     6562.589241  7.750888  0.002038 64.878751    162.39   -140.76      0.55
     6563.520501  7.751073  0.002050 59.851632    164.68      9.81      0.36
     6564.451761  7.751225  0.002051 61.879495    158.89    161.17      0.08
     6565.383021  7.751352  0.002051 63.950123    164.42    -56.48      0.04
     6566.314281  7.751514  0.002045 58.888193    162.18     86.22      0.09
     6567.245541  7.751712  0.002052 63.882484    159.65   -134.13      0.12
     6568.176801  7.751927  0.002052 62.072523    165.28     -1.05     -0.27
     6569.108061  7.751969  0.002024 59.793647    159.61    134.36     -0.68
     6570.039321  7.752035  0.002002 64.863162    161.65    -98.35      0.01
     6570.970581  7.752310  0.002029 59.947493    164.27     25.76      0.33
     6571.901841  7.752557  0.002051 61.694648    158.36    151.33      0.12
     6572.833101  7.752748  0.002053 64.052685    163.78    -92.01      0.01
     6573.764361  7.752983  0.002059 58.922037    161.84     25.11     -0.22
     6574.695621  7.753068  0.002034 63.832913    159.03    139.47     -0.42
     6575.626881  7.753196  0.002021 62.226029    164.75   -114.51      0.53
     6576.558141  7.753529  0.002062 59.697663    159.18     -4.87      0.10
     6577.489401  7.753471  0.002023 64.813533    160.99     97.87     -0.29
     6578.420661  7.753671  0.002032 59.990062    163.83   -163.98      0.11
     6579.351921  7.753961  0.002056 61.573955    157.84    -64.23      0.01
     6580.283181  7.754157  0.002057 64.130300    163.17     26.77     -0.08
     6581.214441  7.754137  0.002018 58.961928    161.40    117.82      0.01
     6582.145701  7.754472  0.002053 63.795762    158.43   -153.90      0.30
     6583.076961  7.754517  0.002014 62.295094    164.19    -71.82     -0.48
     6584.008221  7.754857  0.002053 59.639010    158.69     10.67      0.51
     6584.939481  7.754839  0.002031 64.777942    160.40     88.13     -0.29
     6585.870741  7.755100  0.002045 60.011544    163.35    160.46      0.13
     6586.802001  7.755328  0.002056 61.532652    157.33   -125.43      0.00
     6587.733261  7.755299  0.002018 64.189265    162.62    -60.01     -0.13
     6588.664521  7.755767  0.002066 59.000968    160.91      5.53     -0.16
     6589.595781  7.755643  0.002009 63.789708    157.89     67.82      0.55
     6590.527041  7.755955  0.002038 62.278946    163.66    124.54     -0.56
     6591.458301  7.756159  0.002047 59.590209    158.17   -178.64      0.39
     6592.389561  7.756221  0.002037 64.745865    159.88   -127.12     -0.17
     6593.320821  7.756491  0.002052 60.009525    162.82    -80.41      0.22
     6594.252081  7.756530  0.002028 61.570792    156.80    -31.67     -0.16
     6595.183341  7.756906  0.002059 64.210916    162.09      7.95     -0.08
     6596.114601  7.756940  0.002031 59.020169    160.33     47.24      0.58
     6597.045861  7.756979  0.002002 63.816228    157.36     85.16      0.01
     6597.977121  7.757325  0.002045 62.211196    163.13    115.63     -0.51
     6598.908381  7.757458  0.002048 59.595752    157.60    147.08      0.17
     6599.839641  7.757646  0.002047 64.748683    159.41    172.43      0.06
     6600.770901  7.757791  0.002043 59.988144    162.26   -165.67     -0.29
     6601.702161  7.758034  0.002052 61.677222    156.28   -143.44      0.26
     6602.633421  7.758173  0.002035 64.190930    161.64   -129.61      0.58
     6603.564681  7.758151  0.002004 59.008742    159.70   -114.90      0.31
     6604.495941  7.758347  0.002011 63.847535    156.90   -102.90     -0.02
     6605.427201  7.758665  0.002043 62.075452    162.62    -98.36     -0.24
     6606.358461  7.758826  0.002049 59.643332    156.98    -91.83     -0.19
     6607.289721  7.758934  0.002043 64.756546    159.01    -92.64      0.16
     6608.220981  7.759101  0.002030 59.926654    161.63    -96.81      0.47
     6609.152241  7.759278  0.002022 61.834945    155.72    -99.59      0.46
     6610.083501  7.759395  0.002010 64.109902    161.20   -110.98      0.41
     6611.014761  7.759513  0.002008 58.986940    158.99   -121.87      0.32
     6611.946021  7.759697  0.002020 63.926438    156.48   -135.90      0.27
     6612.877281  7.759907  0.002032 61.903635    162.10   -156.95      0.06
     6613.808541  7.760131  0.002037 59.754669    156.34   -175.77     -0.04
     6614.739801  7.760339  0.002039 64.804431    158.67    158.33     -0.25
     6615.671061  7.760464  0.002020 59.835788    160.97    129.30     -0.41
     6616.602321  7.760575  0.002007 62.040764    155.20    100.69     -0.15
     6617.533581  7.760766  0.002016 63.955302    160.82     63.24      0.29
     6618.464841  7.761000  0.002034 58.941812    158.23     26.79      0.36
     6619.396101  7.761201  0.002049 64.032029    156.12    -12.85      0.16
     6620.327361  7.761361  0.002047 61.680918    161.58    -59.54      0.12
     6621.258621  7.761555  0.002050 59.935577    155.63   -103.90      0.16
     6622.189881  7.761794  0.002060 64.824235    158.39   -155.58      0.06
     6623.121141  7.761923  0.002045 59.695276    160.23    150.72     -0.66
     6624.052401  7.761918  0.002006 62.283026    154.68     96.38     -0.26
     6624.983661  7.762180  0.002032 63.750752    160.46     33.03      0.47
     6625.914921  7.762407  0.002050 58.934141    157.41    -28.40      0.22
     6626.846181  7.762508  0.002046 64.173426    155.82    -93.82     -0.00
     6627.777441  7.762642  0.002038 61.443878    161.03   -165.72     -0.20
     6628.708701  7.762711  0.002011 60.198848    154.93    124.53     -0.13
     6629.639961  7.763045  0.002037 64.823181    158.17     46.45      0.56
     6630.571221  7.763302  0.002051 59.517094    159.43    -32.03     -0.55
     6631.502481  7.763256  0.002010 62.539583    154.21   -112.36      0.19
     6632.433741  7.763512  0.002042 63.459866    160.13    159.48      0.15
     6633.365001  7.763655  0.002036 58.968059    156.53     72.97     -0.23
     6634.296261  7.763862  0.002041 64.353497    155.58    -18.68     -0.02
     6635.227521  7.764049  0.002043 61.152579    160.43   -116.43      0.42
     6636.158781  7.764114  0.002024 60.509968    154.19    149.53     -0.56
     6637.090041  7.764377  0.002030 64.761646    157.99     45.32      0.61
     6638.021301  7.764535  0.002030 59.328255    158.55    -58.24     -0.53
     6638.952561  7.764647  0.002033 62.851541    153.79   -164.48      0.44
     6639.883821  7.764905  0.002049 63.126461    159.82     82.44     -0.22
     6640.815081  7.764977  0.002031 59.073165    155.61    -29.96      0.14
     6641.746341  7.765225  0.002047 64.548645    155.44   -146.96     -0.08
     6642.677601  7.765296  0.002013 60.832590    159.79     90.19      0.35
     6643.608861  7.765515  0.002032 60.889261    153.49    -29.17     -0.63
     6644.540121  7.765807  0.002046 64.612596    157.86   -158.99      0.50
     6645.471381  7.765713  0.002007 59.126825    157.59     71.82     -0.06
     6646.402641  7.766117  0.002052 63.184301    153.44    -59.08     -0.17
     6647.333901  7.766116  0.002029 62.732553    159.46    161.54      0.03
     6648.265161  7.766443  0.002047 59.261752    154.63     24.67     -0.17
     6649.196421  7.766499  0.002033 64.714601    155.35   -118.88      0.39
     6650.127681  7.766596  0.002002 60.460684    159.03     93.96      0.10
     6651.058941  7.766827  0.002018 61.325088    152.80    -50.94     -0.72
     6651.990201  7.767109  0.002051 64.377450    157.75    154.13     -0.13
     6652.921461  7.767266  0.002042 58.968092    156.54     -0.98      0.28
     6653.852721  7.767286  0.002028 63.552998    153.20   -157.53     -0.00
     6654.783981  7.767576  0.002048 62.300992    159.08     38.02     -0.03
     6655.715241  7.767796  0.002047 59.570801    153.66   -124.34      0.24
     6656.646501  7.767773  0.002013 64.841635    155.35     66.65      0.53
     6657.577761  7.767895  0.001997 60.062012    158.17   -105.48      0.31
     6658.509021  7.768140  0.002008 61.790408    152.20     83.68     -0.06
     6659.440281  7.768332  0.002026 64.024312    157.68    -96.02     -0.32
     6660.371541  7.768494  0.002032 58.892927    155.42     84.30     -0.19
     6661.302801  7.768716  0.002045 63.932258    153.05    -98.64      0.08
     6662.234061  7.768927  0.002040 61.798918    158.60     71.51      0.33
     6663.165321  7.769085  0.002034 59.972359    152.67   -115.77      0.50
     6664.096581  7.769195  0.002022 64.868080    155.40     49.66      0.59
     6665.027841  7.769336  0.002024 59.663609    157.18   -147.53      0.62
     6665.959101  7.769515  0.002029 62.317795    151.70     15.84      0.47
     6666.890361  7.769679  0.002036 63.587123    157.56    170.52      0.28
     6667.821621  7.769855  0.002032 58.932832    154.26    -33.74      0.20
     6668.752881  7.770023  0.002030 64.313414    153.03    117.75      0.19
     6669.684141  7.770180  0.002017 61.265970    158.01    -97.02      0.39
     6670.615401  7.770432  0.002032 60.485299    151.76     50.53      0.67
     6671.546661  7.770701  0.002052 64.756096    155.51   -169.33      0.34
     6672.477921  7.770856  0.002055 59.285524    156.07    -30.74     -0.15
     6673.409181  7.770943  0.002041 62.864139    151.34    106.89     -0.25
     6674.340441  7.771095  0.002044 63.044474    157.40   -124.14     -0.13
     6675.271701  7.771248  0.002036 59.119959    153.03      6.84     -0.14
     6676.202961  7.771344  0.002022 64.621621    153.12    132.46     -0.17
     6677.134221  7.771474  0.002009 60.686748    157.23   -107.67      0.61
     6678.065481  7.771811  0.002046 61.093598    150.94     15.17      0.40
     6678.996741  7.771862  0.002029 64.488081    155.63    130.25     -0.55
     6679.928001  7.771920  0.002010 59.023688    154.82   -116.71     -0.10
     6680.859261  7.772184  0.002032 63.430916    151.17     -5.19      0.08
     6681.790521  7.772425  0.002042 62.418921    157.13     98.58      0.18
     6682.721781  7.772668  0.002050 59.494467    151.83   -154.91     -0.09
     6683.653041  7.772625  0.002008 64.826440    153.33    -54.87     -0.36
     6684.584301  7.772842  0.002021 60.106096    156.28     40.12      0.68
     6685.515561  7.773084  0.002033 61.769403    150.28    138.64     -0.58
     6686.446821  7.773203  0.002023 64.040691    155.74   -133.58      0.16
     6687.378081  7.773425  0.002043 58.895123    153.48    -44.61      0.15
     6688.309341  7.773495  0.002030 63.961683    151.16     41.46     -0.11
     6689.240601  7.773688  0.002023 61.715432    156.67    120.28     -0.01
     6690.171861  7.774005  0.002052 60.033779    150.68   -158.34      0.04
     6691.103121  7.773854  0.001987 64.848841    153.60    -84.35      0.02
     6692.034381  7.774385  0.002054 59.574580    155.12    -12.64     -0.16
     6692.965641  7.774286  0.002005 62.492624    149.81     58.66      0.27
     6693.896901  7.774558  0.002041 63.428851    155.76    122.13     -0.15
     6694.828161  7.774730  0.002031 58.979920    152.07   -173.58      0.03
     6695.759421  7.774862  0.002035 64.425223    151.34   -113.84      0.14
     6696.690681  7.775001  0.002012 60.990809    156.00    -59.26     -0.22
     6697.621941  7.775284  0.002044 60.748299    149.70     -2.77     -0.22
     6698.553201  7.775395  0.002022 64.651880    153.92     44.67      0.61
     6699.484461  7.775427  0.002003 59.158253    153.78     92.67     -0.25
     6700.415721  7.775810  0.002046 63.212306    149.59    138.54     -0.15
     6701.346981  7.775805  0.002024 62.675158    155.63    176.13      0.08
     6702.278241  7.776119  0.002043 59.310291    150.66   -143.59     -0.20
     6703.209501  7.776171  0.002028 64.731277    151.67   -110.22      0.33
     6704.140761  7.776290  0.002000 60.265348    155.05    -80.30      0.15
     6705.072021  7.776505  0.002012 61.585521    148.90    -48.11     -0.72
     6706.003281  7.776784  0.002041 64.209641    154.18    -25.93     -0.22
     6706.934541  7.776982  0.002043 58.941866    152.26     -3.63      0.33
     6707.865801  7.776980  0.002024 63.876396    149.64     16.68      0.04
     6708.797061  7.777190  0.002034 61.826012    155.27     29.73     -0.14
     6709.728321  7.777494  0.002050 59.909447    149.37     44.91      0.08
     6710.659582  7.777558  0.002029 64.830717    152.12     52.55      0.48
     6711.590842  7.777600  0.002003 59.629900    153.81     57.88      0.65
     6712.522102  7.777788  0.002001 62.462064    148.41     63.93      0.47
     6713.453362  7.778010  0.002015 63.504900    154.34     61.56      0.09
     6714.384622  7.778159  0.002019 58.997975    150.68     60.44     -0.19
     6715.315882  7.778326  0.002029 64.403065    149.93     54.36     -0.11
     6716.247142  7.778552  0.002036 60.928575    154.58     42.49      0.03
     6717.178402  7.778809  0.002045 60.730589    148.28     32.94      0.15
     6718.109662  7.779048  0.002052 64.632345    152.57     15.21      0.19
     6719.040922  7.779224  0.002053 59.167681    152.30     -3.20      0.01
     6719.972182  7.779326  0.002047 63.341312    148.24    -22.85     -0.20
     6720.903442  7.779406  0.002039 62.599675    154.26    -50.83     -0.14
     6721.834702  7.779528  0.002034 59.382061    149.14    -76.65     -0.05
     6722.765962  7.779682  0.002033 64.724656    150.43   -108.86      0.09
     6723.697222  7.779895  0.002035 60.099543    153.55   -144.89      0.14
     6724.628482  7.780088  0.002037 61.734178    147.51   -179.08     -0.21
     6725.559742  7.780168  0.002017 64.096283    152.96    138.13     -0.60
     6726.491002  7.780221  0.001996 58.981181    150.63     95.20     -0.31
     6727.422262  7.780414  0.002008 64.066762    148.42     48.84      0.20
     6728.353522  7.780623  0.002021 61.568874    153.84     -3.82      0.14
     6729.284782  7.780808  0.002025 60.091684    147.77    -54.08      0.16
     6730.216042  7.781024  0.002031 64.737117    151.02   -112.15      0.24
     6731.147302  7.781312  0.002046 59.421248    152.13   -171.66     -0.22
     6732.078562  7.781342  0.002011 62.789957    147.10    128.79     -0.70
     6733.009822  7.781477  0.002003 63.264124    153.14     59.28      0.39
     6733.941082  7.781798  0.002042 59.155668    148.88     -7.36      0.34
     6734.872342  7.781853  0.002032 64.576163    148.90    -78.89     -0.12
     6735.803602  7.781958  0.002022 60.539900    153.02   -155.99     -0.16
     6736.734862  7.782113  0.002014 61.090657    146.74    128.73      0.02
     6737.666122  7.782454  0.002039 64.402561    151.62     44.70      0.42
     6738.597382  7.782553  0.002023 59.048243    150.43    -38.05     -0.61
     6739.528642  7.782573  0.001998 63.740825    147.15   -125.07      0.56
     6740.459902  7.782903  0.002036 62.165000    152.96    142.44     -0.27
     6741.391162  7.783008  0.002019 59.721102    147.27     51.21      0.00
     6742.322422  7.783187  0.002035 64.748856    149.58    -47.05      0.19
     6743.253682  7.783335  0.002031 59.649829    151.72   -147.79     -0.20
     6744.184942  7.783483  0.002014 62.241868    146.12    111.60      0.03
     6745.116202  7.783794  0.002043 63.669362    152.00      2.73     -0.07
     6746.047462  7.783680  0.001985 59.080455    148.55   -105.20      0.30
     6746.978722  7.784140  0.002043 64.472171    147.57    143.63     -0.44
     6747.909982  7.784080  0.002011 60.990271    152.31     25.11      0.25
     6748.841242  7.784401  0.002037 60.659577    146.00    -90.04     -0.19
     6749.772502  7.784445  0.002020 64.518484    150.32    145.71      0.08
     6750.703762  7.784758  0.002042 59.087876    150.03     21.16     -0.19
     6751.635022  7.784772  0.002005 63.391509    146.04   -105.58      0.50
     6752.566282  7.784942  0.002003 62.600301    152.04    121.70     -0.63
     6753.497542  7.785283  0.002044 59.550261    146.75    -10.56      0.07
     6754.428802  7.785315  0.002018 64.789564    148.31   -148.81      0.26
     6755.360062  7.785454  0.002021 59.900625    151.12     69.69     -0.12
     6756.291322  7.785724  0.002039 61.844014    145.21    -71.21      0.07
     6757.222582  7.785724  0.002010 63.839898    150.89    139.57     -0.16
     6758.153842  7.786093  0.002034 58.977779    148.07     -8.59     -0.40
     6759.085102  7.786264  0.002041 64.324338    146.43   -161.29      0.25
     6760.016362  7.786274  0.002008 61.361745    151.52     39.96      0.69
     6760.947622  7.786436  0.002003 60.471929    145.27   -115.40      0.12
     6761.878882  7.786608  0.002022 64.624570    149.15     80.92     -0.29
     6762.810142  7.786822  0.002030 59.137585    149.44    -85.05      0.11
     6763.741402  7.787009  0.002028 63.093189    145.04    108.51      0.23
     6764.672662  7.787055  0.001999 62.793196    151.11    -65.49     -0.19
     6765.603922  7.787170  0.001990 59.430762    146.14    122.64     -0.43
     6766.535182  7.787443  0.002008 64.818431    147.20    -55.37     -0.59
     6767.466442  7.787719  0.002028 60.132791    150.41    122.17     -0.43
     6768.397702  7.787866  0.002034 61.686382    144.34    -58.84     -0.33
     6769.328962  7.787966  0.002029 63.937962    149.87    111.13     -0.02
     6770.260222  7.788092  0.002022 58.896883    147.40    -78.16      0.25
     6771.191482  7.788259  0.002014 64.145047    145.42     89.42      0.32
     6772.122742  7.788437  0.002006 61.505562    150.71   -109.69      0.62
     6773.054002  7.788647  0.002010 60.389276    144.50     54.01      0.66
     6773.985262  7.788856  0.002025 64.750504    148.14   -150.09      0.59
     6774.916522  7.789011  0.002027 59.234526    148.67      4.29      0.31
     6775.847782  7.789141  0.002031 62.987515    144.10    157.95      0.14
     6776.779042  7.789260  0.002021 62.815863    150.19    -56.79      0.06
     6777.710302  7.789405  0.002014 59.312026    145.36     90.39      0.30
     6778.641562  7.789615  0.002018 64.774789    146.27   -128.23      0.44
     6779.572822  7.789883  0.002038 60.231145    149.60      9.45      0.14
     6780.504082  7.790005  0.002028 61.700420    143.49    148.98     -0.49
     6781.435342  7.790063  0.002011 64.028919    148.96    -80.90     -0.44
     6782.366602  7.790227  0.002011 58.903601    146.55     49.51     -0.12
     6783.297862  7.790433  0.002023 64.087496    144.52    176.87     -0.06
     6784.229122  7.790605  0.002017 61.432902    149.84    -62.51      0.12
     6785.160382  7.790858  0.002030 60.328250    143.64     60.62      0.38
     6786.091642  7.791110  0.002046 64.762049    147.29    176.72     -0.18
     6787.022902  7.791020  0.001994 59.301683    147.80    -69.03     -0.45
     6787.954162  7.791172  0.001999 63.090203    143.24     43.38      0.50
     6788.885422  7.791436  0.002030 62.795664    149.32    148.88      0.09
     6789.816682  7.791621  0.002029 59.301271    144.42   -103.61     -0.20
     6790.747942  7.791801  0.002029 64.715755    145.47     -2.42     -0.24
     6791.679202  7.791876  0.002004 60.120286    148.70     94.06      0.38
     6792.610462  7.792168  0.002034 61.773997    142.64   -166.96      0.06
     6793.541722  7.792119  0.001985 64.022723    148.18    -76.46     -0.44
     6794.472982  7.792531  0.002033 58.980860    145.56     13.42      0.45
     6795.404242  7.792578  0.002017 64.204025    143.75    101.35     -0.24
     6796.335502  7.792671  0.002012 61.281652    148.93   -178.21      0.05
     6797.266762  7.792983  0.002036 60.387645    142.68    -94.97      0.01
     6798.198022  7.793077  0.002019 64.639516    146.59    -19.60     -0.23
     6799.129282  7.793221  0.002013 59.208211    146.77     53.60      0.50
     6800.060542  7.793401  0.002005 63.284434    142.47    127.89     -0.69
     6800.991802  7.793630  0.002030 62.706019    148.51   -168.22      0.51
     6801.923062  7.793654  0.001999 59.474086    143.34   -100.09     -0.27
     6802.854322  7.793959  0.002034 64.743836    144.80    -39.57      0.12
     6803.785582  7.794014  0.002017 59.882527    147.66     17.90     -0.26
     6804.716842  7.794296  0.002032 61.926274    141.77     75.71      0.30
     6805.648102  7.794264  0.001991 63.818709    147.51    126.07     -0.35
     6806.579362  7.794735  0.002042 59.034055    144.43    176.79     -0.16
     6807.510622  7.794656  0.002001 64.418549    143.14   -136.97      0.57
     6808.441882  7.794852  0.002005 61.082158    148.00    -95.22     -0.24
     6809.373142  7.795072  0.002029 60.673696    141.66    -52.03     -0.18
     6810.304402  7.795201  0.002022 64.487769    146.01    -17.53      0.18
     6811.235662  7.795418  0.002025 59.020162    145.57     17.00     -0.28
     6812.166922  7.795554  0.002024 63.481813    141.79     49.10      0.29
     6813.098182  7.795667  0.001996 62.393092    147.75     73.97      0.46
     6814.029442  7.795712  0.001978 59.745946    142.18    102.42     -0.42
     6814.960702  7.796021  0.002013 64.842687    144.31    123.23     -0.53
     6815.891962  7.796324  0.002040 59.655397    146.48    140.21     -0.01
     6816.823222  7.796335  0.002021 62.277941    140.93    158.25      0.15
     6817.754482  7.796461  0.002012 63.444179    146.90    167.97     -0.09
     6818.685742  7.796774  0.002027 59.056607    143.13    179.34     -0.30
     6819.617002  7.796997  0.002038 64.595142    142.68   -174.30     -0.17
     6820.548262  7.797103  0.002031 60.743049    146.98   -173.37      0.15
     6821.479522  7.797239  0.002025 61.146473    140.65   -170.31      0.43
     6822.410782  7.797405  0.002026 64.333100    145.56   -175.45      0.34
     6823.342042  7.797547  0.002021 58.917281    144.17    179.33      0.15
     6824.273302  7.797654  0.002018 63.788383    141.23    171.85     -0.09
     6825.204562  7.797773  0.002009 61.844255    146.93    157.18     -0.36
     6826.135822  7.797907  0.001999 60.047052    140.95    145.05     -0.48
     6827.067082  7.798065  0.001991 64.831720    144.00    125.46     -0.59
     6827.998342  7.798230  0.001988 59.437684    145.15    103.48     -0.44
     6828.929602  7.798428  0.001996 62.843292    140.19     81.29     -0.17
     6829.860862  7.798659  0.002017 62.990994    146.29     50.78     -0.08
     6830.792122  7.798852  0.002021 59.207586    141.66     22.49     -0.15
     6831.723382  7.799022  0.002023 64.693304    142.38    -11.49     -0.26
     6832.654642  7.799124  0.002001 60.214279    145.83    -49.74     -0.37
     6833.585902  7.799238  0.001988 61.715317    139.70    -86.84      0.06
     6834.517162  7.799490  0.002005 64.044256    145.21   -132.68      0.57
     6835.448422  7.799769  0.002031 58.971299    142.61   -177.04      0.35
     6836.379682  7.799907  0.002033 64.220374    140.84    135.31     -0.09
     6837.310942  7.800030  0.002029 61.201965    145.98     80.72     -0.04
     6838.242202  7.800165  0.002023 60.491673    139.69     28.76     -0.10
     6839.173462  7.800247  0.002006 64.597522    143.81    -31.27     -0.26
     6840.104722  7.800300  0.001980 59.151924    143.63    -93.01      0.39
     6841.035982  7.800667  0.002023 63.479582    139.66   -155.39      0.53
     6841.967242  7.800825  0.002022 62.432311    145.64    135.68     -0.59
     6842.898502  7.800899  0.002000 59.646241    140.13     67.66     -0.20
     6843.829762  7.801149  0.002024 64.757817    142.24     -7.22      0.14
     6844.761022  7.801295  0.002022 59.622222    144.42    -85.01      0.24
     6845.692282  7.801444  0.002022 62.345864    138.89   -161.50     -0.14
     6846.623542  7.801474  0.001983 63.469924    144.87    113.17     -0.25
     6847.554802  7.801897  0.002030 59.154093    140.93     28.74      0.51
     6848.486062  7.801917  0.002005 64.644612    140.70    -58.74     -0.55
     6849.417322  7.802011  0.002000 60.548457    144.82   -153.37      0.35
     6850.348582  7.802307  0.002025 61.233081    138.52    115.44     -0.20
     6851.279842  7.802435  0.002020 64.171842    143.68     14.80     -0.02
     6852.211102  7.802520  0.002009 58.917578    141.86    -85.70      0.32
     6853.142362  7.802811  0.002026 64.035347    139.36    172.24     -0.45
     6854.073622  7.802873  0.001995 61.660103    144.84     61.54      0.66
     6855.004882  7.803044  0.002004 60.336821    138.66    -44.07     -0.70
     6855.936142  7.803309  0.002023 64.722833    142.27   -160.09      0.49
     6856.867402  7.803341  0.002009 59.182037    142.71     84.18     -0.28
     6857.798662  7.803584  0.002022 63.115956    138.30    -33.34      0.07
     6858.729922  7.803744  0.002022 62.618100    144.40   -158.49     -0.10
     6859.661182  7.803869  0.002007 59.500754    139.19     78.20      0.38
     6860.592442  7.803991  0.001995 64.846079    140.79    -50.10     -0.51
     6861.523702  7.804353  0.002033 59.879028    143.38    176.80     -0.04
     6862.454962  7.804316  0.001997 62.202050    137.62     44.56      0.59
     6863.386222  7.804534  0.002011 63.560780    143.52    -94.88     -0.33
     6864.317482  7.804699  0.002018 58.992829    139.91    125.75      0.12
     6865.248742  7.804885  0.002018 64.481029    139.34    -17.64     -0.01
     6866.180002  7.805042  0.002021 60.669670    143.71   -166.28     -0.24
     6867.111262  7.805279  0.002022 61.174059    137.38     46.36      0.50
     6868.042522  7.805253  0.001981 64.360900    142.38   -108.66      0.42
     6868.973782  7.805361  0.001977 59.011072    140.75     97.16     -0.40
     6869.905042  7.805750  0.002021 63.969576    138.07    -60.45     -0.35
     6870.836302  7.805890  0.002027 61.607167    143.63    134.47      0.06
     6871.767562  7.805923  0.002004 60.167579    137.50    -27.59      0.09
     6872.698822  7.806180  0.002014 64.686984    141.05    162.87     -0.22
     6873.630082  7.806449  0.002028 59.248055    141.57     -8.22     -0.47
     6874.561342  7.806595  0.002027 63.222712    137.11    179.61     -0.18
     6875.492602  7.806732  0.002027 62.693978    143.17     -0.69      0.20
     6876.423862  7.806910  0.002023 59.522597    137.92   -178.48      0.40
     6877.355122  7.807046  0.002024 64.764405    139.61     -2.41      0.24
     6878.286382  7.807137  0.002011 59.720976    142.13    170.25     -0.04
     6879.217642  7.807239  0.002004 62.190321    136.44    -16.23     -0.14
     6880.148902  7.807396  0.001999 63.529593    142.38    148.85     -0.46
     6881.080162  7.807557  0.001989 59.127719    138.61    -44.59     -0.53
     6882.011422  7.807728  0.001988 64.645983    138.25    117.25     -0.58
     6882.942682  7.807918  0.001994 60.592371    142.42    -86.44     -0.30
     6883.873942  7.808115  0.002004 61.266793    136.11     72.08     -0.21
     6884.805202  7.808322  0.002020 64.146534    141.32   -138.16     -0.10
     6885.736462  7.808500  0.002020 58.896696    139.37     12.27     -0.29
     6886.667722  7.808643  0.002013 64.084418    137.05    159.79     -0.39
     6887.598982  7.808718  0.001988 61.507503    142.42    -59.29     -0.48
     6888.530242  7.808841  0.001978 60.471674    136.16     83.54      0.15
     6889.461502  7.809115  0.002004 64.677223    140.07   -141.31      0.48
     6890.392762  7.809362  0.002026 59.110660    140.06     -6.88      0.26
     6891.324022  7.809515  0.002027 63.344836    136.01    126.55     -0.03
     6892.255282  7.809671  0.002029 62.319578    142.05   -108.34      0.04
     6893.186542  7.809835  0.002024 59.663396    136.49     19.68     -0.16
     6894.117802  7.809881  0.002000 64.833728    138.76    140.94     -0.46
     6895.049062  7.809914  0.001971 59.640809    140.65   -101.74      0.44
     6895.980322  7.810279  0.002015 62.624613    135.30     16.94      0.51
     6896.911582  7.810418  0.002017 63.220785    141.36    128.06     -0.42
     6897.842842  7.810537  0.002004 59.165282    136.99   -120.08     -0.21
     6898.774102  7.810747  0.002016 64.644455    137.45    -13.69     -0.00
     6899.705362  7.810894  0.002011 60.197146    141.03     88.00      0.40
     6900.636622  7.811094  0.002020 61.699927    134.89   -167.57     -0.12
     6901.567882  7.811061  0.001973 63.978491    140.47    -72.05     -0.37
     6902.499142  7.811487  0.002022 59.021430    137.63     23.33      0.52
     6903.430402  7.811551  0.002006 64.378293    136.22    116.80     -0.41
     6904.361662  7.811608  0.001997 60.969183    141.07   -157.35      0.18
     6905.292922  7.811899  0.002022 60.794111    134.71    -68.28     -0.05
     6906.224182  7.812071  0.002019 64.391276    139.37     12.17     -0.12
     6907.155442  7.812083  0.001990 58.991591    138.31     91.87      0.34
     6908.086702  7.812449  0.002025 63.860581    135.19    170.88     -0.47
     6909.017963  7.812446  0.001984 61.905323    140.89   -119.21      0.65
     6909.949223  7.812676  0.002008 60.158292    134.83    -44.31     -0.55
     6910.880483  7.812866  0.002011 64.719755    138.16     20.86      0.29
     6911.811743  7.812982  0.002015 59.202442    138.87     85.39     -0.12
     6912.743003  7.813143  0.002009 63.075977    134.34    148.95      0.02
     6913.674263  7.813388  0.002022 62.645809    140.45   -155.49      0.02
     6914.605523  7.813400  0.001985 59.563575    135.18    -97.64      0.30
     6915.536783  7.813639  0.001999 64.862597    136.94    -45.02     -0.62
     6916.468043  7.813910  0.002025 59.758419    139.29      2.54      0.22
     6917.399303  7.813889  0.001990 62.366435    133.69     51.70      0.32
     6918.330563  7.814167  0.002017 63.329002    139.72     92.76     -0.21
     6919.261823  7.814250  0.002006 59.079690    135.64    134.67      0.21
     6920.193083  7.814494  0.002016 64.625462    135.75    172.38     -0.28
     6921.124343  7.814670  0.002021 60.357205    139.55   -155.46      0.09
     6922.055603  7.814782  0.001998 61.635779    133.34   -121.62      0.74
     6922.986863  7.814806  0.001971 64.045455    138.84    -94.97     -0.07
     6923.918123  7.815049  0.001996 58.982646    136.16    -67.92     -0.46
     6924.849383  7.815364  0.002026 64.296950    134.63    -45.31     -0.03
     6925.780643  7.815406  0.002007 60.974078    139.56    -28.55      0.03
     6926.711903  7.815512  0.002000 60.789268    133.21     -8.96     -0.20
     6927.643163  7.815855  0.002025 64.449532    137.84      2.06     -0.22
     6928.574423  7.816079  0.002032 59.036559    136.74     12.62      0.05
     6929.505683  7.816126  0.002015 63.902689    133.67     21.02      0.45
     6930.436943  7.816209  0.002003 61.801038    139.33     22.54      0.55
     6931.368203  7.816394  0.002002 60.154855    133.23     26.94      0.39
     6932.299463  7.816576  0.002011 64.651834    136.73     23.76      0.01
     6933.230723  7.816726  0.002009 59.149777    137.21     18.87     -0.26
     6934.161983  7.816886  0.002012 63.229026    132.86     13.09     -0.23
     6935.093243  7.817109  0.002018 62.545843    138.93     -0.59     -0.24
     6936.024503  7.817321  0.002022 59.702689    133.47    -11.63     -0.27
     6936.955763  7.817494  0.002023 64.854657    135.60    -29.37     -0.32
     6937.887023  7.817645  0.002023 59.571784    137.56    -50.31     -0.19
     6938.818283  7.817777  0.002022 62.541762    132.21    -70.64     -0.13
     6939.749543  7.817926  0.002021 63.109829    138.33    -99.72      0.05
     6940.680803  7.818103  0.002021 59.222292    133.83   -126.48      0.09
     6941.612063  7.818299  0.002025 64.761487    134.53   -158.69      0.04
     6942.543323  7.818463  0.002021 60.138361    137.81    165.39     -0.43
     6943.474583  7.818514  0.002000 61.959469    131.77    130.78     -0.67
     6944.405843  7.818609  0.001991 63.739561    137.55     86.81     -0.28
     6945.337103  7.818790  0.001997 58.978852    134.20     44.25     -0.03
     6946.268363  7.818990  0.002010 64.451737    133.46     -2.47      0.03
     6947.199623  7.819144  0.002002 60.623218    137.87    -54.67      0.10
     6948.130883  7.819345  0.002007 61.236154    131.52   -104.83      0.45
     6949.062143  7.819636  0.002030 64.259527    136.69   -163.01      0.29
     6949.993403  7.819681  0.002007 59.011825    134.65    140.07     -0.64
     6950.924663  7.819643  0.001972 64.193095    132.49     78.67     -0.06
     6951.855923  7.819878  0.001997 61.257019    137.73     10.92      0.25
     6952.787183  7.820108  0.002011 60.562667    131.41    -53.75      0.05
     6953.718443  7.820343  0.002020 64.484681    135.76   -126.81     -0.02
     6954.649703  7.820480  0.002005 59.024375    135.09    159.91     -0.40
     6955.580963  7.820496  0.001977 63.755171    131.68     83.84      0.43
     6956.512223  7.820837  0.002020 61.980554    137.46      1.59      0.11
     6957.443483  7.820830  0.001980 60.119331    131.43    -77.65     -0.54
     6958.374743  7.821136  0.002011 64.718862    134.73   -165.99      0.31
     6959.306003  7.821269  0.002013 59.184622    135.40    104.99     -0.00
     6960.237263  7.821336  0.002000 63.140647    130.95     15.28     -0.11
     6961.168523  7.821559  0.002000 62.510313    137.05    -82.98      0.25
     6962.099783  7.821831  0.002021 59.657519    131.61   -177.71     -0.24
     6963.031043  7.821703  0.001961 64.866542    133.75     79.91      0.25
     6963.962303  7.822216  0.002026 59.606569    135.65    -24.26     -0.31
     6964.893563  7.822109  0.001982 62.655755    130.35   -129.17      0.36
     6965.824823  7.822397  0.002017 63.037669    136.47    118.45     -0.10
     6966.756083  7.822540  0.002005 59.234833    131.83      7.73     -0.07
     6967.687343  7.822664  0.002005 64.722171    132.78   -109.01      0.21
     6968.618603  7.822830  0.001987 59.984999    135.83    131.20     -0.35
     6969.549863  7.823090  0.002018 62.129344    129.92     11.83      0.13
     6970.481123  7.823120  0.001978 63.635942    135.81   -115.91      0.33
     6971.412383  7.823295  0.001995 59.097046    132.08    118.88     -0.44
     6972.343643  7.823580  0.002019 64.578553    131.81    -12.47      0.19
     6973.274903  7.823579  0.001997 60.364501    135.83   -147.97     -0.16
     6974.206163  7.823903  0.002018 61.466653    129.58     77.97      0.11
     6975.137423  7.823849  0.001978 63.996793    135.08    -64.37     -0.04
     6976.068683  7.824197  0.002006 59.011727    132.40    154.72     -0.58
     6976.999943  7.824448  0.002023 64.436255    130.95      8.95      0.18
     6977.931203  7.824376  0.001985 60.955551    135.73   -142.44      0.60
     6978.862463  7.824602  0.001992 60.981284    129.35     69.77     -0.18
     6979.793723  7.824786  0.002011 64.263784    134.27    -87.46     -0.12
     6980.724983  7.824900  0.002000 58.906846    132.68    115.05      0.30
     6981.656243  7.825095  0.001996 64.040891    130.16    -44.00     -0.21
     6982.587503  7.825268  0.001996 61.468876    135.57    150.20     -0.64
     6983.518763  7.825492  0.002014 60.573138    129.26    -13.61     -0.33
     6984.450023  7.825730  0.002022 64.608084    133.42    174.34      0.16
     6985.381283  7.825833  0.002014 59.034082    132.89      1.77      0.33
     6986.312543  7.825865  0.001999 63.644866    129.41   -171.98      0.12
     6987.243803  7.825992  0.001995 61.869334    135.24      6.71     -0.07
     6988.175063  7.826246  0.002007 60.052838    129.23   -171.82     -0.22
     6989.106323  7.826527  0.002021 64.745880    132.58      1.96     -0.23
     6990.037583  7.826728  0.002027 59.267544    133.12    174.27     -0.31
     6990.968843  7.826845  0.002020 63.353431    128.78    -14.09     -0.27
     6991.900103  7.826924  0.002016 62.413219    134.83    149.48     -0.17
     6992.831363  7.827036  0.002008 59.703644    129.24    -44.47      0.02
     6993.762623  7.827171  0.002009 64.730209    131.73    114.60      0.16
     6994.693883  7.827329  0.001998 59.404818    133.28    -88.89      0.33
     6995.625143  7.827520  0.002000 62.866341    128.24     67.93      0.52
     6996.556403  7.827756  0.002007 62.908916    134.38   -143.42      0.61
     6997.487663  7.827993  0.002023 59.503368    129.32      8.05      0.31
     6998.418923  7.828127  0.002019 64.822767    130.87    153.46     -0.15
     6999.350183  7.828232  0.002014 59.688865    133.31    -65.03     -0.21
     7000.281443  7.828359  0.002009 62.380100    127.73     77.25     -0.11
     7001.212703  7.828522  0.002013 63.203409    133.83   -149.06     -0.10
     7002.143963  7.828644  0.001998 59.213652    129.44    -13.02     -0.29
     7003.075223  7.828679  0.001971 64.773035    130.08    117.38     -0.27
     7004.006483  7.828827  0.001968 60.103409    133.32   -117.24      0.66
     7004.937743  7.829164  0.002007 62.067345    127.34     10.80      0.46
     7005.869003  7.829290  0.002009 63.589462    133.23    130.60     -0.26
     7006.800263  7.829415  0.001999 59.027535    129.53   -108.79     -0.27
     7007.731523  7.829608  0.002006 64.561023    129.32      7.02     -0.20
     7008.662783  7.829737  0.001988 60.355146    133.28    117.66      0.10
     7009.594043  7.829981  0.002005 61.633188    127.03   -129.71      0.51
     7010.525303  7.830120  0.002005 63.969418    132.61    -24.28     -0.50
     7011.456563  7.830067  0.001960 59.037986    129.64     80.74     -0.00
     7012.387823  7.830487  0.002012 64.467324    128.56   -177.91      0.25
     7013.319083  7.830628  0.002012 60.672353    133.10    -81.63     -0.18
     7014.250343  7.830662  0.001994 61.167902    126.74     16.34      0.04
     7015.181603  7.830813  0.001991 64.122440    131.97    105.79      0.12
     7016.112863  7.831185  0.002022 58.958796    129.76   -163.71     -0.16
     7017.044123  7.831070  0.001963 64.316943    127.89    -76.72     -0.03
     7017.975383  7.831445  0.002012 61.128600    132.90      3.98      0.23
     7018.906643  7.831460  0.001976 60.912991    126.50     88.06     -0.36
     7019.837903  7.831710  0.002010 64.336787    131.28    162.45      0.26
     7020.769163  7.831813  0.001999 58.903962    129.83   -122.13     -0.23
     7021.700423  7.832012  0.002000 63.995970    127.25    -49.90      0.06
     7022.631683  7.832198  0.002010 61.417885    132.67     16.04     -0.09
     7023.562943  7.832258  0.001974 60.604968    126.34     84.23      0.33
     7024.494203  7.832510  0.001998 64.586882    130.62    145.61     -0.53
     7025.425463  7.832672  0.001996 59.045328    129.86   -155.45      0.47
     7026.356723  7.832738  0.001985 63.794868    126.62    -96.62     -0.20
     7027.287983  7.832995  0.002010 61.674188    132.34    -46.09      0.07
     7028.219243  7.833086  0.001995 60.216845    126.18      7.61     -0.02
     7029.150503  7.833345  0.002010 64.626804    129.97     53.18      0.15
     7030.081763  7.833288  0.001963 59.137309    129.91     97.89      0.19
     7031.013023  7.833659  0.001998 63.633758    126.09    142.53     -0.77
     7031.944283  7.833831  0.002013 62.092481    131.99    177.65      0.21
     7032.875543  7.833913  0.001989 60.035495    126.02   -143.78      0.46
     7033.806803  7.834043  0.001996 64.677086    129.30   -111.88     -0.19
     7034.738063  7.834240  0.002003 59.152477    129.90    -82.76      0.19
     7035.669323  7.834392  0.001993 63.287297    125.59    -53.56     -0.01
     7036.600583  7.834508  0.001986 62.356675    131.65    -31.85     -0.61
     7037.531843  7.834815  0.002012 59.869811    125.94     -8.27     -0.26
     7038.463103  7.835043  0.002020 64.832459    128.66      8.03      0.30
     7039.394363  7.835020  0.001992 59.346933    129.81     22.52      0.43
     7040.325623  7.835100  0.001983 63.045643    125.08     37.23      0.22
     7041.256883  7.835370  0.002002 62.533804    131.23     43.72     -0.06
     7042.188143  7.835611  0.002013 59.584595    125.81     52.60     -0.07
     7043.119403  7.835701  0.002001 64.799656    128.05     54.39      0.29
     7044.050663  7.835780  0.001982 59.532016    129.75     53.62      0.64
     7044.981923  7.835922  0.001973 62.908738    124.65     53.54      0.73
     7045.913183  7.836119  0.001980 62.863125    130.80     45.43      0.48
     7046.844443  7.836301  0.001986 59.465415    125.68     39.79      0.14
     7047.775703  7.836468  0.001999 64.742895    127.44     27.68     -0.12
     7048.706963  7.836621  0.001998 59.570270    129.64     12.30     -0.33
     7049.638223  7.836776  0.001998 62.607831    124.26     -2.39     -0.37
     7050.569483  7.836935  0.001992 63.086198    130.39    -25.33     -0.60
     7051.500743  7.837046  0.001979 59.422505    125.58    -46.07     -0.67
     7052.432003  7.837162  0.001971 64.821313    126.85    -73.00     -0.46
     7053.363263  7.837334  0.001977 59.758799    129.46   -103.67     -0.19
     7054.294523  7.837530  0.001988 62.365871    123.83   -133.18     -0.01
     7055.225783  7.837711  0.001995 63.172738    129.93   -171.14     -0.10
     7056.157043  7.837842  0.001984 59.228649    125.46    153.08     -0.16
     7057.088303  7.837937  0.001967 64.775695    126.30    111.59     -0.06
     7058.019563  7.838103  0.001963 59.977557    129.29     65.68      0.62
     7058.950823  7.838419  0.001997 62.284544    123.46     21.83      0.61
     7059.882083  7.838582  0.002006 63.399031    129.48    -30.02     -0.09
     7060.813343  7.838676  0.001995 59.147159    125.29    -80.54     -0.27
     7061.744603  7.838842  0.001999 64.653927    125.77   -136.64     -0.16
     7062.675863  7.839015  0.001991 60.010203    129.11    163.20     -0.30
     7063.607123  7.839142  0.001978 62.058907    123.13    104.16      0.14
     7064.538383  7.839442  0.002004 63.593782    129.06     36.43      0.64
     7065.469643  7.839583  0.002005 59.178007    125.15    -27.93     -0.44
     7066.400903  7.839506  0.001963 64.695299    125.25    -98.59     -0.13
     7067.332163  7.839787  0.001990 60.139304    128.84   -173.99      0.22
     7068.263423  7.840048  0.002009 61.843518    122.75    113.00     -0.06
     7069.194683  7.840198  0.002007 63.607805    128.62     30.93     -0.08
     7070.125943  7.840178  0.001971 59.066854    124.99    -49.51     -0.03
     7071.057203  7.840468  0.001995 64.671801    124.78   -135.06      0.54
     7071.988463  7.840674  0.001993 60.350847    128.60    136.53     -0.78
     7072.919723  7.840717  0.001973 61.810280    122.42     47.32      0.62
     7073.850983  7.840941  0.002001 63.736249    128.17    -48.45     -0.20
     7074.782243  7.841088  0.001991 58.985969    124.76   -143.77     -0.10
     7075.713503  7.841250  0.002000 64.527995    124.31    116.25      0.23
     7076.644763  7.841426  0.002002 60.375353    128.36     12.06     -0.29
     7077.576023  7.841529  0.001975 61.677139    122.11    -91.01      0.26
     7078.507283  7.841781  0.001999 63.897759    127.77    158.52     -0.43
     7079.438543  7.841846  0.001976 59.063952    124.54     47.71      0.52
     7080.369803  7.842049  0.001992 64.551231    123.85    -65.42     -0.39
     7081.301063  7.842179  0.001992 60.423326    128.04    174.61      0.14
     7082.232323  7.842405  0.002002 61.492419    121.76     57.59     -0.08
     7083.163583  7.842444  0.001983 63.865054    127.37    -68.65      0.14
     7084.094843  7.842746  0.002000 59.010434    124.33    167.24     -0.44
     7085.026103  7.842870  0.001994 64.570788    123.45     37.62      0.54
     7085.957363  7.842873  0.001956 60.605482    127.75    -95.89      0.06
     7086.888623  7.843202  0.001999 61.515210    121.42    132.99     -0.58
     7087.819883  7.843316  0.001997 63.917318    126.96     -8.40      0.28
     7088.751143  7.843487  0.001994 58.925423    124.05   -147.45     -0.18
     7089.682403  7.843614  0.002000 64.435144    123.06     68.85      0.15
     7090.613663  7.843748  0.001975 60.605848    127.48    -80.03      0.20
     7091.544923  7.843882  0.001972 61.475610    121.13    134.34     -0.59
     7092.476183  7.844183  0.002004 64.045845    126.58    -20.93     -0.35
     7093.407443  7.844408  0.002008 59.009693    123.75   -175.68      0.37
     7094.338703  7.844382  0.001986 64.451314    122.66     26.55      0.29
     7095.269963  7.844510  0.001985 60.575173    127.12   -136.57     -0.12
     7096.201223  7.844819  0.002006 61.332916    120.77     62.17     -0.03
     7097.132483  7.844933  0.001997 63.993670    126.24   -108.05      0.33
     7098.063743  7.844923  0.001961 59.015662    123.48     83.19      0.36
     7098.995003  7.845038  0.001947 64.519525    122.31    -88.97      0.12
     7099.926263  7.845302  0.001964 60.695384    126.79     93.50     -0.33
     7100.857523  7.845537  0.001984 61.386605    120.43    -82.09     -0.42
     7101.788783  7.845705  0.002001 63.960926    125.88     93.27     -0.22
     7102.720043  7.845831  0.001995 58.919730    123.15    -90.50      0.06
     7103.651303  7.845969  0.001990 64.419812    121.98     82.05      0.34
     7104.582563  7.846133  0.001977 60.680578    126.49   -110.89      0.56
     7105.513823  7.846327  0.001979 61.436149    120.11     58.71      0.70
     7106.445084  7.846522  0.001985 64.062366    125.54   -140.08      0.61
     7107.376344  7.846693  0.001992 58.988466    122.76     22.13      0.47
     7108.307604  7.846838  0.001997 64.428938    121.63   -179.29      0.18
     7109.238864  7.846955  0.001992 60.563905    126.11    -26.63      0.10
     7110.170124  7.847074  0.001985 61.362151    119.77    128.44      0.03
     7111.101384  7.847186  0.001970 63.997529    125.24    -85.43      0.23
     7112.032644  7.847383  0.001972 59.036965    122.42     61.75      0.56
     7112.963904  7.847661  0.001998 64.545076    121.34   -154.49      0.57
     7113.895164  7.847858  0.002007 60.616537    125.74    -15.72      0.01
     7114.826424  7.847965  0.002003 61.436590    119.40    125.09     -0.32
     7115.757684  7.848111  0.002002 63.896116    124.94   -103.40     -0.15
     7116.688944  7.848294  0.002003 58.937566    122.03     29.54     -0.26
     7117.620204  7.848424  0.001992 64.494988    121.08    158.60     -0.36
     7118.551464  7.848461  0.001960 60.586160    125.41    -78.09     -0.03
     7119.482724  7.848710  0.001982 61.570817    119.08     47.07      0.76
     7120.413984  7.848945  0.002004 63.946065    124.63    165.11      0.02
     7121.345244  7.848954  0.001980 58.999301    121.57    -76.02     -0.43
     7122.276504  7.849106  0.001982 64.482047    120.79     37.91     -0.01
     7123.207764  7.849332  0.001989 60.407919    125.02    146.85      0.00
     7124.139024  7.849560  0.002001 61.562770    118.73   -102.21      0.30
     7125.070284  7.849747  0.002004 63.882055    124.38      0.87     -0.21
     7126.001544  7.849612  0.001944 59.089741    121.16    104.96     -0.28
     7126.932804  7.850025  0.001995 64.630459    120.55   -156.07      0.57
     7127.864064  7.850211  0.001999 60.384951    124.61    -60.48     -0.39
     7128.795324  7.850220  0.001979 61.657762    118.37     35.72      0.11
     7129.726584  7.850395  0.001991 63.704409    124.13    123.57      0.14
     7130.657844  7.850696  0.002004 59.010457    120.71   -146.72     -0.16
     7131.589104  7.850669  0.001967 64.623635    120.35    -61.73     -0.12
     7132.520364  7.850986  0.002001 60.339235    124.22     18.10      0.27
     7133.451624  7.850998  0.001959 61.880174    118.03    100.90     -0.31
     7134.382884  7.851294  0.002000 63.688482    123.85    173.83      0.26
     7135.314144  7.851317  0.001974 59.060964    120.18   -110.56     -0.29
     7136.245404  7.851593  0.002002 64.596388    120.12    -40.72      0.18
     7137.176664  7.851674  0.001989 60.121034    123.79     25.27     -0.22
     7138.107924  7.851869  0.001984 61.950863    117.71     92.30      0.28
     7139.039184  7.851998  0.001983 63.605449    123.63    152.09     -0.64
     7139.970444  7.852287  0.001998 59.200181    119.70   -148.46      0.66
     7140.901704  7.852166  0.001951 64.737365    119.95    -91.83     -0.16
     7141.832964  7.852615  0.002007 60.019645    123.33    -40.61     -0.06
     7142.764224  7.852564  0.001979 62.068514    117.38     12.16      0.10
     7143.695484  7.852894  0.002007 63.367495    123.41     56.41     -0.00
     7144.626744  7.852856  0.001969 59.184533    119.21    102.40      0.27
     7145.558004  7.853136  0.001981 64.771968    119.82    144.17     -0.49
     7146.489264  7.853410  0.002005 59.965111    122.87   -179.20     -0.06
     7147.420524  7.853400  0.001973 62.348297    117.06   -141.45      0.67
     7148.351784  7.853564  0.001974 63.255062    123.15   -110.88     -0.11
     7149.283044  7.853730  0.001990 59.242233    118.63    -78.80     -0.28
     7150.214304  7.853913  0.001995 64.706477    119.67    -53.06      0.21
     7151.145564  7.854065  0.001981 59.730663    122.39    -30.14     -0.18
     7152.076824  7.854234  0.001989 62.511189    116.79     -6.10     -0.43
     7153.008084  7.854506  0.002005 63.144218    122.93      8.60      0.16
     7153.939344  7.854656  0.001995 59.446097    118.09     25.82      0.65
     7154.870604  7.854659  0.001974 64.811524    119.57     37.77      0.39
     7155.801864  7.854741  0.001970 59.584099    121.84     46.55     -0.09
     7156.733124  7.855004  0.001992 62.644747    116.50     55.70     -0.12
     7157.664384  7.855260  0.002004 62.836818    122.71     56.03      0.16
     7158.595644  7.855399  0.001995 59.515055    117.57     59.08      0.38
     7159.526904  7.855448  0.001974 64.844988    119.50     55.82      0.59
     7160.458164  7.855542  0.001962 59.537187    121.30     49.96      0.65
     7161.389424  7.855711  0.001966 62.966040    116.24     44.66      0.59
     7162.320684  7.855913  0.001978 62.618645    122.42     31.21      0.31
     7163.251944  7.856115  0.001984 59.611668    116.97     20.32      0.12
     7164.183204  7.856302  0.001992 64.731012    119.43      2.65     -0.10
     7165.114464  7.856464  0.001985 59.324548    120.73    -17.24     -0.40
     7166.045724  7.856584  0.001975 63.207113    116.04    -37.12     -0.59
     7166.976984  7.856661  0.001956 62.452147    122.16    -65.18     -0.60
     7167.908244  7.856773  0.001950 59.909071    116.42    -90.77     -0.26
     7168.839504  7.856976  0.001968 64.740382    119.38   -123.54      0.07
     7169.770764  7.857166  0.001978 59.159289    120.09   -157.85      0.00
     7170.702024  7.857336  0.001984 63.351683    115.86    167.35     -0.03
     7171.633284  7.857469  0.001970 62.087301    121.89    124.71     -0.06
     7172.564544  7.857635  0.001967 60.095242    115.90     84.65      0.36
     7173.495804  7.857928  0.001991 64.740039    119.36     37.32      0.60
     7174.427064  7.858181  0.002010 59.150643    119.43    -10.36     -0.06
     7175.358324  7.858219  0.001989 63.668557    115.68    -59.31     -0.49
     7176.289584  7.858304  0.001983 61.766439    121.53   -116.63     -0.13
     7177.220844  7.858429  0.001980 60.260720    115.34   -170.84      0.04
     7178.152104  7.858539  0.001974 64.535692    119.34    127.19      0.05
     7179.083364  7.858752  0.001978 59.031781    118.77     64.26      0.42
     7180.014624  7.859070  0.002003 63.946567    115.60      0.82     -0.26
     7180.945884  7.859051  0.001959 61.550032    121.18    -70.00     -0.55
     7181.877144  7.859241  0.001972 60.641223    114.81   -139.42      0.62
     7182.808404  7.859439  0.001997 64.409375    119.32    144.63      0.07
     7183.739664  7.859538  0.001986 58.909233    118.03     68.23     -0.23
     7184.670924  7.859725  0.001986 64.068346    115.54    -10.77     -0.22
     7185.602184  7.859880  0.001975 61.159051    120.80    -96.95      0.41
     7186.533444  7.860108  0.001994 60.965986    114.37   -178.99     -0.20
     7187.464704  7.860041  0.001943 64.315386    119.32     89.85     -0.06
     7188.395964  7.860517  0.002006 58.986685    117.27     -1.05      0.26
     7189.327224  7.860426  0.001967 64.315106    115.49    -94.17     -0.24
     7190.258484  7.860646  0.001983 60.753144    120.30    165.73      0.10
     7191.189744  7.860908  0.001998 61.217120    113.90     68.71     -0.04
     7192.121004  7.860882  0.001968 64.008792    119.30    -36.99     -0.17
     7193.052264  7.861257  0.002000 59.012964    116.53   -142.15      0.33
     7193.983524  7.861168  0.001947 64.571480    115.53    110.18     -0.37
     7194.914784  7.861562  0.001999 60.516708    119.78     -4.01      0.11
     7195.846044  7.861547  0.001962 61.668518    113.50   -115.52      0.13
     7196.777304  7.861764  0.001993 63.702485    119.25    124.33     -0.04
     7197.708564  7.861939  0.001984 59.005368    115.74      5.59     -0.09
     7198.639824  7.862068  0.001987 64.613379    115.61   -117.98      0.16
     7199.571084  7.862178  0.001959 60.153160    119.24    114.31     -0.04
     7200.502344  7.862449  0.001992 62.111993    113.19    -11.29     -0.43
     7201.433604  7.862605  0.001981 63.486353    119.18   -147.03      0.67
     7202.364864  7.862581  0.001953 59.238216    114.93     81.20     -0.21
     7203.296124  7.862900  0.001993 64.719410    115.68    -56.89     -0.14
     7204.227384  7.863033  0.001984 59.748032    118.57    160.88      0.07
     7205.158644  7.863132  0.001981 62.419555    112.91     20.42     -0.14
     7206.089904  7.863428  0.001996 63.064981    119.09   -129.41      0.42
     7207.021164  7.863367  0.001950 59.471254    114.19     84.03      0.29
     7207.952424  7.863502  0.001945 64.860581    115.83    -67.93     -0.47
     7208.883684  7.863924  0.001997 59.557073    117.84    136.31     -0.49
     7209.814944  7.864018  0.001994 62.885392    112.70    -19.45      0.08
     7210.746204  7.864037  0.001976 62.583990    118.91    176.82      0.15
     7211.677464  7.864299  0.001987 59.636453    113.45     16.28     -0.18
     7212.608724  7.864536  0.001999 64.763173    116.01   -151.54     -0.03
     7213.539984  7.864623  0.001987 59.321027    117.09     38.27      0.43
     7214.471244  7.864691  0.001966 63.363628    112.60   -131.82      0.69
     7215.402504  7.864845  0.001962 62.232615    118.66     50.59      0.56
     7216.333764  7.865018  0.001964 60.039385    112.71   -123.80      0.10
     7217.265024  7.865185  0.001978 64.631945    116.15     54.03     -0.12
     7218.196284  7.865341  0.001984 59.036638    116.22   -129.55     -0.23
     7219.127544  7.865523  0.001988 63.659980    112.57     45.46      0.04
     7220.058804  7.865748  0.001994 61.739852    118.37   -146.93      0.37
     7220.990064  7.865969  0.001997 60.498302    112.09     24.01      0.45
     7221.921324  7.866158  0.002004 64.572119    116.32   -172.85      0.38
     7222.852584  7.866295  0.002000 58.993886    115.31    -10.08      0.25
     7223.783844  7.866397  0.002000 64.024777    112.60    150.66      0.08
     7224.715104  7.866504  0.001989 61.149217    117.95    -55.63      0.11
     7225.646364  7.866629  0.001984 60.859070    111.53    100.93      0.20
     7226.577624  7.866774  0.001975 64.265005    116.49   -110.99      0.38
     7227.508884  7.867010  0.001988 59.003107    114.41     37.76      0.50
     7228.440144  7.867233  0.002000 64.422717    112.73   -175.97      0.09
     7229.371404  7.867352  0.001997 60.736535    117.41    -35.58     -0.37
     7230.302664  7.867434  0.001983 61.397593    111.01    106.84     -0.39
     7231.233924  7.867591  0.001990 63.855092    116.58   -119.70     -0.20
     7232.165184  7.867755  0.001985 58.963659    113.45     15.26     -0.20
     7233.096444  7.867864  0.001976 64.584658    112.92    146.17     -0.29
     7234.027704  7.867916  0.001947 60.290732    116.81    -88.48      0.33
     7234.958964  7.868199  0.001975 62.016978    110.67     39.14      0.77
     7235.890224  7.868407  0.001995 63.535211    116.61    159.42     -0.15
     7236.821484  7.868423  0.001968 59.191852    112.48    -79.03     -0.43
     7237.752744  7.868603  0.001976 64.693408    113.17     36.64     -0.12
     7238.684004  7.868809  0.001978 59.749417    116.07    148.46      0.06
     7239.615264  7.868995  0.001983 62.477297    110.42    -98.40      0.32
     7240.546524  7.869196  0.001995 63.034727    116.61      6.87     -0.08
     7241.477784  7.869109  0.001941 59.534657    111.59    114.71     -0.43
     7242.409044  7.869449  0.001974 64.845803    113.45   -144.99      0.56
     7243.340304  7.869697  0.001995 59.441958    115.19    -45.70     -0.29
     7244.271564  7.869654  0.001966 63.017771    110.27     52.76      0.06
     7245.202824  7.869845  0.001976 62.377553    116.45    143.25      0.06
     7246.134084  7.870149  0.001997 59.814967    110.74   -123.26      0.02
     7247.065344  7.870153  0.001965 64.743992    113.77    -36.56     -0.36
     7247.996604  7.870340  0.001969 59.220901    114.26     47.25      0.64
     7248.927864  7.870565  0.001975 63.642146    110.28    132.84     -0.78
     7249.859124  7.870622  0.001968 61.865762    116.17   -151.98      0.59
     7250.790384  7.870840  0.001981 60.323377    109.96    -71.52     -0.36
     7251.721644  7.870984  0.001981 64.485392    114.07     -0.40      0.05
     7252.652904  7.871125  0.001983 58.948990    113.25     70.55      0.13
     7253.584164  7.871288  0.001970 64.027041    110.42    140.17     -0.27
     7254.515424  7.871512  0.001987 61.276314    115.78   -157.86      0.29
     7255.446684  7.871507  0.001943 60.974816    109.34    -92.09     -0.01
     7256.377944  7.871800  0.001986 64.263924    114.32    -34.67     -0.36
     7257.309204  7.871932  0.001975 58.942462    112.13     22.18      0.35
     7258.240464  7.872025  0.001976 64.346743    110.62     76.99     -0.12
     7259.171724  7.872259  0.001981 60.559138    115.21    125.23      0.13
     7260.102984  7.872334  0.001974 61.516373    108.86    176.75     -0.33
     7261.034244  7.872663  0.001993 63.840766    114.54   -141.68      0.51
     7261.965504  7.872511  0.001933 59.137010    111.07    -97.37      0.26
     7262.896764  7.872836  0.001965 64.716725    110.95    -56.95     -0.59
     7263.828024  7.873120  0.001995 60.048326    114.46    -22.67      0.05
     7264.759284  7.873079  0.001967 62.161961    108.51     13.86      0.19
     7265.690544  7.873367  0.001990 63.199006    114.63     42.04     -0.11
     7266.621804  7.873504  0.001985 59.298617    110.03     71.98      0.21
     7267.553064  7.873481  0.001947 64.801670    111.37     96.49      0.23
     7268.484324  7.873722  0.001950 59.629850    113.59    118.51     -0.41
     7269.415584  7.874005  0.001979 62.928077    108.36    140.95     -0.66
     7270.346844  7.874137  0.001986 62.629391    114.55    154.22     -0.09
     7271.278104  7.874266  0.001980 59.714712    109.02    170.36      0.33
     7272.209364  7.874421  0.001981 64.696289    111.77   -179.74      0.03
     7273.140624  7.874581  0.001981 59.160573    112.56   -171.67     -0.34
     7274.071884  7.874747  0.001988 63.485801    108.40   -164.48     -0.20
     7275.003144  7.874961  0.001993 61.982966    114.35   -165.17      0.21
     7275.934404  7.875154  0.001993 60.358624    108.18   -162.68      0.53
     7276.865664  7.875292  0.001991 64.595054    112.18   -167.66      0.51
     7277.796924  7.875379  0.001980 58.971864    111.40   -173.15      0.35
     7278.728184  7.875469  0.001977 63.975815    108.57    179.58      0.10
     7279.659444  7.875581  0.001967 61.153483    113.95    165.49     -0.18
     7280.590704  7.875712  0.001961 60.937654    107.51    154.26     -0.31
     7281.521964  7.875855  0.001952 64.233967    112.57    134.72     -0.52
     7282.453224  7.875975  0.001941 59.026061    110.23    115.67     -0.44
     7283.384484  7.876125  0.001941 64.493898    108.89     93.11     -0.17
     7284.315744  7.876323  0.001954 60.500399    113.29     64.97      0.03
     7285.247004  7.876524  0.001966 61.639732    106.98     39.30      0.12
     7286.178264  7.876700  0.001974 63.614798    112.81      5.02     -0.01
     7287.109524  7.876829  0.001963 59.093607    109.05    -27.46     -0.10
     7288.040784  7.876922  0.001946 64.737482    109.35    -64.88     -0.05
     7288.972044  7.877052  0.001937 59.951183    112.47   -106.95      0.58
     7289.903304  7.877340  0.001968 62.508389    106.73   -147.07      0.78
     7290.834564  7.877544  0.001987 63.021849    112.90    165.01      0.16
     7291.765824  7.877656  0.001981 59.452422    107.89    119.26     -0.16
     7292.697084  7.877804  0.001983 64.726882    109.87     66.85     -0.14
     7293.628344  7.877999  0.001981 59.346262    111.46     12.03     -0.35
     7294.559604  7.878102  0.001963 63.192218    106.70    -42.61     -0.40
     7295.490864  7.878231  0.001949 62.316276    112.83   -106.12      0.44
     7296.422124  7.878564  0.001989 60.088517    106.90   -165.75      0.44
     7297.353384  7.878580  0.001970 64.683856    110.37    128.07     -0.43
     7298.284644  7.878628  0.001953 59.037585    110.23     59.46     -0.09
     7299.215904  7.878899  0.001978 63.785955    106.85    -10.29      0.13
     7300.147164  7.879117  0.001985 61.404966    112.50    -87.18      0.25
     7301.078424  7.879274  0.001988 60.712690    106.10   -160.46     -0.11
     7302.009684  7.879200  0.001938 64.366048    110.86    117.97     -0.42
     7302.940944  7.879581  0.001973 59.020636    108.96     35.49      0.64
     7303.872204  7.879752  0.001977 64.406259    107.21    -47.62     -0.56
     7304.803465  7.879714  0.001954 60.647461    111.88   -138.73      0.24
     7305.734725  7.880009  0.001984 61.484045    105.51    133.70      0.03
     7306.665985  7.880205  0.001988 63.725767    111.23     37.27     -0.12
     7307.597245  7.880171  0.001951 59.067372    107.69    -57.76      0.05
     7308.528505  7.880564  0.001990 64.718344    107.76   -157.21      0.08
     7309.459765  7.880489  0.001937 60.010211    111.05     99.27     -0.08
     7310.391025  7.880840  0.001988 62.431394    105.21     -2.93      0.06
     7311.322285  7.880875  0.001957 63.066741    111.38   -113.53     -0.04
     7312.253545  7.881072  0.001978 59.427333    106.42    138.11      0.08
     7313.184805  7.881236  0.001978 64.730855    108.34     23.80     -0.11
     7314.116065  7.881349  0.001972 59.354595    109.96    -93.86      0.38
     7315.047325  7.881522  0.001967 63.207226    105.21    150.25     -0.54
     7315.978585  7.881776  0.001983 62.298793    111.33     24.44      0.50
     7316.909845  7.881710  0.001933 60.133504    105.36    -96.80      0.04
     7317.841105  7.882021  0.001979 64.662126    108.94    134.44     -0.40
     7318.772365  7.882185  0.001974 59.004598    108.65      3.49      0.25
     7319.703625  7.882248  0.001971 63.843304    105.44   -127.85     -0.10
     7320.634885  7.882503  0.001979 61.305115    111.00     92.97      0.30
     7321.566145  7.882505  0.001952 60.845303    104.56    -42.05     -0.34
     7322.497405  7.882882  0.001987 64.290501    109.50    173.88     -0.24
     7323.428665  7.883012  0.001979 59.018913    107.28     29.76      0.58
     7324.359925  7.882917  0.001937 64.478671    105.89   -116.44      0.26
     7325.291185  7.883237  0.001969 60.468137    110.29     91.88     -0.25
     7326.222445  7.883441  0.001986 61.692039    103.99    -58.12     -0.07
     7327.153705  7.883452  0.001963 63.545076    109.88    143.15      0.02
     7328.084965  7.883695  0.001968 59.148107    105.92    -13.19     -0.28
     7329.016225  7.884005  0.001995 64.784225    106.53   -174.91     -0.21
     7329.947485  7.884091  0.001982 59.816559    109.32     19.07      0.39
     7330.878745  7.884117  0.001960 62.713637    103.79   -145.44      0.76
     7331.810005  7.884268  0.001958 62.775871    110.01     42.36      0.27
     7332.741265  7.884470  0.001968 59.617473    104.64   -127.21     -0.14
     7333.672525  7.884636  0.001982 64.701756    107.23     56.05     -0.15
     7334.603785  7.884771  0.001974 59.193289    108.10   -122.98      0.17
     7335.535045  7.884910  0.001967 63.526011    103.93     57.64      0.56
     7336.466305  7.885074  0.001958 61.905434    109.87   -129.08      0.72
     7337.397565  7.885242  0.001959 60.459707    103.61     47.49      0.70
     7338.328825  7.885398  0.001963 64.496515    107.87   -143.62      0.40
     7339.260085  7.885523  0.001964 58.929957    106.64     24.91      0.17
     7340.191345  7.885658  0.001969 64.145589    104.32   -168.82     -0.08
     7341.122605  7.885800  0.001963 60.845302    109.35     -9.01     -0.28
     7342.053865  7.885928  0.001958 61.320664    102.92    153.69     -0.47
     7342.985125  7.886034  0.001939 63.968290    108.43    -52.23     -0.61
     7343.916385  7.886125  0.001926 59.114258    105.19    102.99     -0.44
     7344.847645  7.886294  0.001933 64.682896    104.94   -106.41      0.08
     7345.778905  7.886501  0.001950 59.998295    108.44     40.00      0.07
     7346.710165  7.886689  0.001962 62.251413    102.55   -171.87      0.12
     7347.641425  7.886836  0.001958 63.050903    108.73    -32.20     -0.10
     7348.572685  7.886959  0.001946 59.450100    103.82    109.63      0.16
     7349.503945  7.887163  0.001950 64.827083    105.72   -114.71      0.48
     7350.435205  7.887489  0.001982 59.421952    107.24     18.84      0.38
     7351.366465  7.887666  0.001984 63.310402    102.57    153.29     -0.40
     7352.297725  7.887726  0.001969 62.112520    108.67    -81.06     -0.42
     7353.228985  7.887857  0.001966 60.127499    102.60     47.21     -0.03
     7354.160245  7.887994  0.001970 64.527810    106.46    168.11     -0.00
     7355.091505  7.888076  0.001954 58.976692    105.81    -71.89      0.33
     7356.022765  7.888319  0.001970 64.080405    102.98     46.66      0.44
     7356.954025  7.888556  0.001980 61.164266    108.26    159.78     -0.62
     7357.885285  7.888524  0.001934 61.178411    101.78    -85.56     -0.28
     7358.816545  7.888814  0.001970 64.054514    107.09     20.10      0.48
     7359.747805  7.888952  0.001979 58.964013    104.23    127.99      0.04
     7360.679065  7.889051  0.001971 64.530654    103.62   -128.33     -0.14
     7361.610325  7.889224  0.001962 60.114709    107.43    -29.61     -0.27
     7362.541585  7.889414  0.001967 62.169002    101.39     70.27      0.53
     7363.472845  7.889590  0.001973 63.274014    107.50    163.31     -0.44
     7364.404105  7.889563  0.001930 59.454033    102.74   -102.70      0.11
     7365.335365  7.890002  0.001991 64.817188    104.41    -14.05      0.05
     7366.266625  7.889906  0.001951 59.386332    106.16     71.82     -0.16
     7367.197885  7.890163  0.001972 63.134503    101.37    157.61      0.09
     7368.129145  7.890383  0.001984 62.149739    107.53   -124.49      0.08
     7369.060405  7.890339  0.001944 60.122625    101.52    -43.14     -0.18
     7369.991665  7.890771  0.001986 64.653832    105.27     29.84      0.39
     7370.922925  7.890600  0.001925 59.076919    104.67    103.54     -0.36
     7371.854185  7.891069  0.001990 64.093585    101.78    174.37      0.08
     7372.785445  7.891003  0.001951 61.088259    107.09   -121.15      0.04
     7373.716705  7.891260  0.001976 61.072583    100.63    -53.75     -0.01
     7374.647965  7.891386  0.001971 63.980997    105.97      5.10     -0.14
     7375.579225  7.891560  0.001972 58.993157    103.06     64.66      0.28
     7376.510485  7.891610  0.001942 64.639779    102.51    121.23     -0.22
     7377.441745  7.891980  0.001984 60.161929    106.21    172.61     -0.27
     7378.373005  7.891951  0.001948 62.283772    100.21   -135.06      0.67
     7379.304265  7.892131  0.001957 63.140983    106.36    -89.40     -0.40
     7380.235525  7.892313  0.001975 59.406432    101.49    -42.86      0.08
     7381.166785  7.892480  0.001972 64.729266    103.38     -1.96      0.03
     7382.098045  7.892638  0.001974 59.317209    104.91     36.46     -0.13
     7383.029305  7.892739  0.001957 63.315068    100.31     74.35      0.51
     7383.960565  7.892820  0.001931 62.113560    106.38    105.91     -0.36
     7384.891825  7.893070  0.001962 60.327315    100.24    140.16     -0.75
     7385.823085  7.893340  0.001986 64.555222    104.26    165.35      0.14
     7386.754345  7.893400  0.001966 58.939310    103.28   -169.19      0.26
     7387.685605  7.893474  0.001963 64.106783    100.80   -145.31     -0.11
     7388.616865  7.893715  0.001974 60.869546    105.89   -128.49      0.11
     7389.548125  7.893892  0.001968 61.333068     99.44   -108.81      0.40
     7390.479385  7.893893  0.001934 63.919667    105.00    -97.22      0.23
     7391.410645  7.893960  0.001922 59.133808    101.60    -83.76     -0.25
     7392.341905  7.894206  0.001942 64.718987    101.60    -75.04     -0.45
     7393.273165  7.894511  0.001974 59.872490    104.84    -71.08     -0.30
     7394.204425  7.894691  0.001983 62.461790     99.10    -65.62     -0.08
     7395.135685  7.894760  0.001969 62.816961    105.36    -68.84      0.15
     7396.066945  7.894801  0.001945 59.616980    100.07    -68.99      0.18
     7396.998205  7.894887  0.001926 64.799757    102.59    -75.49      0.00
     7397.929465  7.895037  0.001919 59.268053    103.40    -83.97     -0.05
     7398.860725  7.895245  0.001929 63.644349     99.34    -92.90     -0.06
     7399.791985  7.895486  0.001952 61.683181    105.21   -109.45     -0.07
     7400.723245  7.895695  0.001965 60.534778     98.87   -122.87     -0.12
     7401.654505  7.895892  0.001977 64.302442    103.51   -144.55     -0.12
     7402.585765  7.896079  0.001977 58.925535    101.70   -165.71     -0.28
     7403.517025  7.896237  0.001976 64.419342    100.03    170.33     -0.44
     7404.448285  7.896337  0.001960 60.573911    104.53    140.85     -0.71
     7405.379545  7.896401  0.001942 61.828677     98.20    113.47     -0.58
     7406.310805  7.896544  0.001946 63.532835    104.13     77.04     -0.14
     7407.242065  7.896732  0.001956 59.199871     99.92     42.89      0.04
     7408.173325  7.896919  0.001969 64.713483    100.96      3.51      0.03
     7409.104585  7.897053  0.001958 59.521950    103.30    -39.27      0.02
     7410.035845  7.897176  0.001951 62.985769     98.15    -81.39      0.30
     7410.967105  7.897399  0.001961 62.448343    104.35   -131.90      0.81
     7411.898365  7.897660  0.001986 60.069807     98.48   -178.17      0.19
     7412.829625  7.897662  0.001963 64.666352    101.98    128.28     -0.52
     7413.760885  7.897716  0.001948 59.001088    101.62     72.77     -0.30
     7414.692145  7.897915  0.001960 63.948069     98.61     15.75     -0.07
     7415.623405  7.898111  0.001959 61.078147    103.99    -47.97     -0.01
     7416.554665  7.898341  0.001969 61.118802     97.51   -108.90      0.36
     7417.485925  7.898560  0.001981 64.048708    102.87   -177.50     -0.10
     7418.417185  7.898440  0.001928 59.091778     99.82    115.16     -0.47
     7419.348445  7.898672  0.001946 64.686539     99.47     42.32      0.56
     7420.279705  7.899014  0.001984 59.972191    102.95    -33.54     -0.07
     7421.210965  7.899052  0.001965 62.362555     97.10   -108.16     -0.18
     7422.142225  7.899111  0.001956 62.890795    103.34    168.28     -0.07
     7423.073485  7.899333  0.001960 59.568514     98.14     87.34      0.24
     7424.004745  7.899652  0.001983 64.801126    100.57      0.75     -0.27
     7424.936005  7.899462  0.001916 59.274663    101.44    -88.66      0.13
     7425.867265  7.899923  0.001982 63.656730     97.37   -178.05      0.17
     7426.798525  7.899942  0.001952 61.666577    103.23     85.50     -0.32
     7427.729785  7.900076  0.001961 60.585244     96.87     -8.97      0.29
     7428.661045  7.900306  0.001974 64.260230    101.59   -110.69     -0.09
     7429.592305  7.900379  0.001952 58.921841     99.62    147.64     -0.04
     7430.523565  7.900593  0.001969 64.457634     98.16     42.68      0.32
     7431.454825  7.900658  0.001935 60.457652    102.49    -66.61     -0.41
     7432.386085  7.900953  0.001974 61.981221     96.23   -174.86      0.21
     7433.317345  7.900970  0.001941 63.397474    102.26     68.96      0.05
     7434.248605  7.901197  0.001971 59.302319     97.75    -45.05     -0.06
     7435.179865  7.901340  0.001966 64.728471     99.22   -164.93     -0.06
     7436.111125  7.901475  0.001966 59.381283    101.09     71.99      0.16
     7437.042385  7.901604  0.001949 63.211714     96.29    -49.99     -0.15
     7437.973645  7.901870  0.001977 62.162473    102.42    179.83     -0.21
     7438.904905  7.901948  0.001947 60.314599     96.29     51.87      0.72
     7439.836165  7.901960  0.001932 64.556349    100.34    -81.71     -0.42
     7440.767425  7.902347  0.001980 58.951209     99.25    142.68      0.04
     7441.698685  7.902376  0.001961 64.181365     96.94      5.35      0.03
     7442.629945  7.902541  0.001966 60.710316    101.87   -138.20     -0.07
     7443.561205  7.902750  0.001966 61.511014     95.45     80.57      0.37
     7444.492465  7.902713  0.001927 63.724128    101.22    -68.21     -0.29
     7445.423725  7.903013  0.001954 59.224588     97.34    144.63     -0.60
     7446.354985  7.903338  0.001986 64.803372     98.00     -8.40     -0.00
     7447.286245  7.903297  0.001956 59.634530    100.56   -164.94      0.36
     7448.217505  7.903373  0.001948 62.860259     95.29     40.16      0.12
     7449.148765  7.903674  0.001975 62.379976    101.54   -123.21     -0.07
     7450.080025  7.903828  0.001970 59.948550     95.70     76.13      0.17
     7451.011285  7.903791  0.001933 64.659495     99.21    -91.75      0.33
     7451.942545  7.903881  0.001915 59.085427     98.80    100.22     -0.11
     7452.873805  7.904156  0.001933 64.111892     95.85    -69.36     -0.49
     7453.805065  7.904435  0.001964 61.043920    101.13    113.97     -0.53
     7454.736325  7.904579  0.001971 61.224712     94.65    -60.14     -0.23
     7455.667585  7.904656  0.001965 63.827628    100.19    117.01      0.10
     7456.598845  7.904742  0.001947 59.034839     96.83    -64.03      0.20
     7457.530105  7.904876  0.001936 64.703931     96.92    110.70      0.10
     7458.461365  7.905022  0.001925 59.860889     99.99    -78.59     -0.05
     7459.392625  7.905194  0.001925 62.737757     94.39     93.48     -0.05
     7460.323885  7.905381  0.001936 62.687656    100.64   -102.86     -0.11
     7461.255145  7.905558  0.001946 59.805299     95.02     63.62     -0.09
     7462.186405  7.905744  0.001963 64.639763     98.14   -136.89     -0.17
     7463.117665  7.905915  0.001963 59.013544     98.21     21.30     -0.28
     7464.048925  7.906077  0.001967 63.900660     94.89    178.46     -0.41
     7464.980185  7.906206  0.001951 61.262782    100.38    -31.08     -0.73
     7465.911445  7.906266  0.001932 61.151921     93.89    122.22     -0.76
     7466.842705  7.906381  0.001926 64.052016     99.22    -93.52     -0.22
     7467.773965  7.906580  0.001938 59.028661     96.15     52.23      0.01
     7468.705225  7.906800  0.001960 64.611984     95.93   -166.06      0.10
     7469.636485  7.906963  0.001957 59.852600     99.28    -28.68     -0.03
     7470.567745  7.907111  0.001955 62.517248     93.55    110.12      0.19
     7471.499005  7.907304  0.001955 62.815590     99.80   -119.74      0.56
     7472.430265  7.907575  0.001981 59.791334     94.33     14.07      0.27
     7473.361525  7.907614  0.001960 64.773018     97.20    141.56     -0.50
     7474.292785  7.907592  0.001932 59.111323     97.47    -93.47     -0.32
     7475.224045  7.907781  0.001947 63.813498     93.97     30.24      0.19
     7476.155305  7.908004  0.001958 61.233111     99.56    147.37      0.05
     7477.086565  7.908236  0.001970 60.964352     93.09    -92.63      0.21
     7478.017825  7.908465  0.001979 64.073434     98.36     19.27      0.02
     7478.949085  7.908392  0.001934 59.080545     95.43    132.97     -0.64
     7479.880345  7.908481  0.001923 64.711851     95.05   -119.20      0.60
     7480.811605  7.908909  0.001976 59.960266     98.46    -14.21      0.08
     7481.742865  7.908962  0.001960 62.492965     92.69     92.37     -0.33
     7482.674125  7.909021  0.001953 62.742567     98.96   -170.53      0.05
     7483.605385  7.909184  0.001952 59.679864     93.53    -70.19      0.16
     7484.536645  7.909516  0.001979 64.721430     96.41     23.62     -0.02
     7485.467905  7.909423  0.001924 59.143536     96.69    116.06     -0.21
     7486.399165  7.909730  0.001960 63.918608     93.18   -153.27      0.51
     7487.330425  7.909855  0.001949 61.308628     98.73    -67.83     -0.61
     7488.261685  7.909974  0.001953 61.032735     92.24     18.42      0.51
     7489.192945  7.910154  0.001965 63.968950     97.55     97.90     -0.17
     7490.124205  7.910307  0.001957 58.970503     94.54    177.85     -0.09
     7491.055465  7.910410  0.001957 64.637185     94.30   -106.64      0.34
     7491.986725  7.910625  0.001949 59.929458     97.62    -34.06     -0.64
     7492.917985  7.910770  0.001954 62.651949     91.91     37.89      0.73
     7493.849245  7.910836  0.001933 62.771400     98.16    104.09     -0.61
     7494.780505  7.911123  0.001970 59.798139     92.61    170.89      0.33
     7495.711765  7.911180  0.001954 64.651048     95.67   -127.95     -0.12
     7496.643025  7.911356  0.001960 59.006907     95.74    -68.94      0.23
     7497.574285  7.911512  0.001959 63.905943     92.46    -10.08     -0.33
     7498.505545  7.911701  0.001964 61.180448     97.91     40.55      0.46
     7499.436805  7.911717  0.001923 61.221914     91.41     95.53      0.05
     7500.368065  7.911969  0.001953 63.982601     96.85    142.23     -0.57
     7501.299325  7.912226  0.001967 59.090615     93.52   -171.30      0.47
     7502.230586  7.912171  0.001942 64.674055     93.63   -127.74     -0.05
     7503.161846  7.912450  0.001968 59.712292     96.65    -89.00      0.02
     7504.093106  7.912565  0.001956 62.709686     91.14    -48.80      0.10
     7505.024366  7.912683  0.001950 62.552325     97.41    -16.36     -0.48
     7505.955626  7.913032  0.001977 59.980678     91.66     18.03      0.19
     7506.886886  7.913028  0.001943 64.712923     95.07     45.43      0.69
     7507.818146  7.912992  0.001916 59.052416     94.65     73.15     -0.06
     7508.749406  7.913316  0.001954 64.070550     91.80     98.82     -0.32
     7509.680666  7.913559  0.001972 60.871373     97.00    117.09      0.08
     7510.611926  7.913567  0.001950 61.347345     90.54    138.74      0.09
     7511.543186  7.913702  0.001942 63.739848     96.24    152.15     -0.33
     7512.474446  7.914012  0.001962 59.186260     92.46    167.20     -0.42
     7513.405706  7.914269  0.001979 64.818128     93.11    176.99     -0.12
     7514.336966  7.914345  0.001969 59.630736     95.57   -176.88      0.26
     7515.268226  7.914371  0.001953 63.026564     90.42   -169.53      0.39
     7516.199486  7.914459  0.001947 62.210402     96.62   -170.15      0.16
     7517.130746  7.914658  0.001952 60.105769     90.61   -167.59     -0.06
     7518.062006  7.914906  0.001969 64.509680     94.57   -172.72     -0.24
     7518.993266  7.915133  0.001975 58.991013     93.50   -178.08     -0.36
     7519.924526  7.915305  0.001978 64.350069     91.28    174.28     -0.34
     7520.855786  7.915422  0.001975 60.676506     96.02    160.65     -0.33
     7521.787046  7.915510  0.001969 61.764442     89.66    149.60     -0.26
     7522.718306  7.915595  0.001964 63.422994     95.63    129.60     -0.05
     7523.649566  7.915714  0.001958 59.248007     91.25    111.87      0.12
     7524.580826  7.915840  0.001953 64.739255     92.70     88.57      0.26
     7525.512086  7.916003  0.001947 59.387740     94.43     62.36      0.53
     7526.443346  7.916214  0.001957 63.405374     89.82     36.82      0.56
     7527.374606  7.916424  0.001968 61.926952     95.84      3.90      0.22
     7528.305866  7.916552  0.001965 60.549855     89.54    -25.71     -0.24
     7529.237126  7.916628  0.001957 64.315982     94.12    -63.79     -0.30
     7530.168386  7.916765  0.001956 58.906243     92.16   -101.64     -0.25
     7531.099646  7.916939  0.001961 64.437817     90.87   -142.58     -0.19
     7532.030906  7.917118  0.001956 60.236679     94.98    171.59     -0.52
     7532.962166  7.917182  0.001931 62.229569     88.88    127.82     -0.55
     7533.893426  7.917308  0.001918 63.145272     95.06     74.57      0.31
     7534.824686  7.917632  0.001956 59.605526     89.96     24.52      0.67
     7535.755946  7.917787  0.001969 64.746971     92.37    -30.97      0.03
     7536.687206  7.917841  0.001956 59.106912     93.09    -88.99     -0.10
     7537.618466  7.917959  0.001953 63.691620     89.32   -147.60     -0.14
     7538.549726  7.918102  0.001940 61.355065     95.01    146.64     -0.32
     7539.480986  7.918281  0.001938 61.003587     88.53     83.26      0.42
     7540.412246  7.918613  0.001975 64.102817     93.78     12.37      0.30
     7541.343506  7.918544  0.001936 59.092031     90.74    -56.39     -0.66
     7542.274766  7.918651  0.001930 64.688065     90.57   -131.17      0.25
     7543.206026  7.918994  0.001966 59.774701     93.74    150.65      0.14
     7544.137286  7.919102  0.001963 62.656353     88.17     74.09     -0.05
     7545.068546  7.919140  0.001944 62.518383     94.46    -10.96     -0.26
     7545.999806  7.919311  0.001937 59.963549     88.70    -93.63      0.39
     7546.931066  7.919690  0.001978 64.691292     92.18    177.73     -0.17
     7547.862326  7.919455  0.001904 59.066702     91.62     87.76     -0.12
     7548.793586  7.919931  0.001969 64.189501     88.95     -4.16      0.19
     7549.724846  7.919955  0.001950 60.761435     93.99   -101.95     -0.17
     7550.656106  7.920045  0.001948 61.517811     87.56    162.41      0.17
     7551.587366  7.920353  0.001970 63.543337     93.44     58.44      0.09
     7552.518626  7.920299  0.001930 59.248311     89.27    -43.04     -0.24
     7553.449886  7.920680  0.001966 64.825191     90.47   -150.72      0.32
     7554.381146  7.920575  0.001913 59.477542     92.36     99.71     -0.18
     7555.312406  7.920978  0.001970 63.357857     87.64    -10.00     -0.04
     7556.243666  7.920953  0.001937 61.884643     93.71   -127.68      0.09
     7557.174926  7.921187  0.001960 60.457698     87.41    118.20     -0.10
     7558.106186  7.921300  0.001952 64.282846     92.03     -4.30     -0.02
     7559.037446  7.921519  0.001963 58.945276     90.02   -126.36      0.17
     7559.968706  7.921489  0.001919 64.550555     88.80    108.94     -0.06
     7560.899966  7.921899  0.001965 60.242866     92.79    -20.57     -0.58
     7561.831226  7.921905  0.001945 62.338764     86.76   -149.77      0.76
     7562.762486  7.922039  0.001939 62.957279     92.98     74.68     -0.22
     7563.693746  7.922213  0.001956 59.610821     87.71    -59.25     -0.07
     7564.625006  7.922359  0.001953 64.669657     90.45    160.11      0.11
     7565.556266  7.922582  0.001963 59.064268     90.78     18.55     -0.30
     7566.487526  7.922649  0.001947 63.919037     87.36   -125.01      0.47
     7567.418786  7.922723  0.001917 61.205299     92.82     85.51      0.28
     7568.350046  7.922917  0.001930 61.290362     86.31    -60.02     -0.74
     7569.281306  7.923151  0.001958 63.857336     91.85    144.35     -0.23
     7570.212566  7.923327  0.001960 59.091901     88.27     -9.77      0.37
     7571.143826  7.923422  0.001954 64.686655     88.80   -167.62     -0.07
     7572.075086  7.923569  0.001955 59.547666     91.35     30.54     -0.23
     7573.006346  7.923748  0.001959 63.055800     86.22   -130.94      0.38
     7573.937606  7.923862  0.001935 62.233068     92.41     59.76      0.72
     7574.868866  7.923919  0.001914 60.349545     86.27   -105.50      0.35
     7575.800126  7.924037  0.001919 64.484803     90.48     81.71     -0.24
     7576.731386  7.924239  0.001937 58.937925     88.95    -91.65     -0.32
     7577.662646  7.924470  0.001959 64.356877     87.27     91.99     -0.06
     7578.593906  7.924657  0.001956 60.300343     91.64    -90.09      0.26
     7579.525166  7.924785  0.001947 62.077520     85.45     90.58      0.35
     7580.456426  7.924856  0.001924 63.165605     91.62    -97.23      0.29
     7581.387686  7.924949  0.001914 59.613180     86.56     77.68      0.31
     7582.318946  7.925080  0.001915 64.795628     88.96   -113.63      0.20
     7583.250206  7.925235  0.001923 59.137974     89.58     53.14      0.11
     7584.181466  7.925421  0.001937 63.771508     85.93   -140.71     -0.01
     7585.112726  7.925601  0.001944 61.194349     91.53     18.19     -0.15
     7586.043986  7.925776  0.001947 61.100586     85.05   -179.64     -0.29
     7586.975246  7.925939  0.001940 63.937473     90.51    -25.84     -0.55
     7587.906506  7.926017  0.001923 59.168691     87.07    129.55     -0.70
     7588.837766  7.926104  0.001909 64.791936     87.44    -80.11     -0.33
     7589.769026  7.926270  0.001919 59.626226     90.06     66.47     -0.05
     7590.700286  7.926470  0.001936 62.993716     84.88   -145.81      0.17
     7591.631546  7.926631  0.001940 62.124210     91.10     -5.95     -0.06
     7592.562806  7.926760  0.001933 60.238688     84.99    136.93      0.03
     7593.494066  7.926902  0.001924 64.460885     89.21    -87.97      0.19
     7594.425326  7.927186  0.001945 59.009795     87.64     47.05      0.61
     7595.356586  7.927484  0.001970 64.499876     86.00   -179.54      0.03
     7596.287846  7.927561  0.001958 60.323927     90.26    -51.70     -0.53
     7597.219106  7.927599  0.001939 62.142236     84.11     77.54     -0.16
     7598.150366  7.927723  0.001945 62.994049     90.33   -161.81      0.00
     7599.081626  7.927822  0.001936 59.555891     85.18    -38.33      0.16
     7600.012886  7.928004  0.001937 64.729421     87.80     78.64      0.33
     7600.944146  7.928376  0.001972 59.148482     88.18   -165.39      0.01
     7601.875406  7.928382  0.001935 63.985099     84.74    -49.77     -0.73
     7602.806666  7.928401  0.001917 61.149343     90.18     57.04      0.38
     7603.737926  7.928679  0.001956 61.283832     83.68    168.15      0.25
     7604.669186  7.928844  0.001957 63.717857     89.33    -89.16     -0.16
     7605.600446  7.929001  0.001953 59.104855     85.56     15.01     -0.21
     7606.531706  7.929022  0.001932 64.740103     86.37    113.83      0.16
     7607.462966  7.929330  0.001957 59.520666     88.59   -150.28      0.22
     7608.394226  7.929399  0.001931 63.297202     83.70    -52.62     -0.68
     7609.325486  7.929541  0.001938 61.996576     89.80     34.80      0.72
     7610.256746  7.929721  0.001947 60.515450     83.50    128.08     -0.47
     7611.188006  7.929864  0.001946 64.275637     88.13   -148.45      0.06
     7612.119266  7.929989  0.001951 58.910843     86.00    -64.10      0.23
     7613.050526  7.930197  0.001956 64.523372     85.01     17.63     -0.24
     7613.981786  7.930226  0.001922 60.078148     88.79     93.40      0.34
     7614.913046  7.930544  0.001961 62.536808     82.91    172.64     -0.42
     7615.844306  7.930541  0.001919 62.804333     89.16   -118.35      0.54
     7616.775566  7.930775  0.001949 59.871679     83.56    -44.42     -0.42
     7617.706826  7.930923  0.001947 64.617968     86.86     20.85      0.18
     7618.638086  7.931036  0.001952 58.948946     86.45     85.96     -0.05
     7619.569346  7.931210  0.001946 64.120992     83.77    149.29     -0.04
     7620.500606  7.931395  0.001955 60.738594     88.76   -153.80      0.04
     7621.431866  7.931446  0.001921 61.742047     82.34    -94.09      0.29
     7622.363126  7.931628  0.001937 63.496582     88.30    -41.73     -0.74
     7623.294386  7.931923  0.001960 59.399355     83.77     10.70      0.52
     7624.225646  7.931856  0.001928 64.763115     85.54     59.09      0.01
     7625.156906  7.932130  0.001955 59.193411     86.79    104.43      0.01
     7626.088166  7.932250  0.001947 63.581469     82.68    149.74     -0.01
     7627.019426  7.932404  0.001952 61.445787     88.49   -172.15     -0.31
     7627.950686  7.932637  0.001955 60.998977     82.01   -131.86      0.63
     7628.881946  7.932554  0.001904 64.069853     87.30    -98.55      0.21
     7629.813206  7.932757  0.001923 59.122629     84.08    -63.42     -0.62
     7630.744466  7.933111  0.001964 64.718773     84.25    -34.03     -0.08
     7631.675726  7.933155  0.001946 59.592045     87.01     -8.36      0.13
     7632.606986  7.933224  0.001941 62.955796     81.80     19.06     -0.17
     7633.538246  7.933504  0.001959 62.148727     88.02     37.67      0.11
     7634.469506  7.933664  0.001950 60.335035     81.87     59.57      0.52
     7635.400766  7.933628  0.001912 64.469024     86.19     74.27      0.41
     7636.332026  7.933698  0.001901 59.018704     84.40     89.69     -0.12
     7637.263286  7.933967  0.001926 64.516552     83.04    101.89     -0.35
     7638.194546  7.934265  0.001956 60.119488     87.06    108.32     -0.17
     7639.125806  7.934408  0.001959 62.306496     81.07    116.93      0.03
     7640.057066  7.934441  0.001937 62.788712     87.36    117.00      0.06
     7640.988326  7.934487  0.001916 59.796576     81.87    120.44     -0.12
     7641.919586  7.934619  0.001906 64.723807     85.02    117.20     -0.47
     7642.850846  7.934817  0.001912 59.083453     84.70    112.79     -0.60
     7643.782106  7.935039  0.001928 64.186165     81.94    106.69     -0.51
     7644.713366  7.935270  0.001950 60.703621     86.95     93.93     -0.30
     7645.644626  7.935452  0.001959 61.655288     80.54     84.13     -0.16
     7646.575886  7.935614  0.001961 63.362446     86.56     65.42      0.09
     7647.507146  7.935785  0.001960 59.376484     81.97     49.41      0.21
     7648.438406  7.935961  0.001962 64.816472     83.85     27.61      0.30
     7649.369666  7.936146  0.001967 59.270189     84.92      3.97      0.05
     7650.300926  7.936269  0.001965 63.768464     80.96    -19.79     -0.30
     7651.232186  7.936362  0.001958 61.316964     86.65    -51.24     -0.34
     7652.163446  7.936479  0.001955 61.060103     80.14    -79.57     -0.28
     7653.094706  7.936643  0.001961 63.831081     85.64   -116.66     -0.08
     7654.025966  7.936836  0.001963 59.095460     82.12   -151.69     -0.18
     7654.957226  7.936986  0.001959 64.785976     82.70    168.84     -0.48
     7655.888486  7.936990  0.001923 59.580986     85.05    125.89     -0.70
     7656.819746  7.937032  0.001904 63.285274     80.11     82.89      0.03
     7657.751006  7.937247  0.001928 61.922040     86.22     32.16      0.43
     7658.682266  7.937437  0.001943 60.516664     79.91    -14.71      0.27
     7659.613526  7.937582  0.001946 64.195273     84.67    -69.69      0.08
     7660.544786  7.937808  0.001952 58.949539     82.29   -123.99      0.02
     7661.476046  7.938017  0.001957 64.632296     81.62    178.56     -0.35
     7662.407306  7.937991  0.001914 59.947738     85.05    116.22     -0.37
     7663.338566  7.938130  0.001919 62.771099     79.38     54.55      0.74
     7664.269826  7.938408  0.001955 62.486689     85.65    -13.79      0.08
     7665.201086  7.938495  0.001941 60.071045     79.74    -79.08     -0.46
     7666.132346  7.938670  0.001947 64.467527     83.65   -152.84     -0.10
     7667.063606  7.938757  0.001934 58.912302     82.43    133.31      0.17
     7667.994866  7.938938  0.001944 64.393313     80.59     57.24      0.34
     7668.926126  7.939171  0.001945 60.368088     84.93    -23.15     -0.71
     7669.857386  7.939141  0.001906 62.267535     78.78   -103.22      0.42
     7670.788646  7.939466  0.001957 62.997712     85.00    169.50      0.13
     7671.719906  7.939495  0.001930 59.697245     79.66     85.33     -0.44
     7672.651166  7.939709  0.001947 64.635659     82.64     -6.80      0.15
     7673.582426  7.939820  0.001944 58.979275     82.53    -99.50      0.11
     7674.513686  7.940014  0.001944 64.101056     79.65    166.96     -0.35
     7675.444946  7.940099  0.001927 60.800014     84.71     65.51      0.69
     7676.376206  7.940301  0.001939 61.771640     78.28    -30.49     -0.73
     7677.307466  7.940440  0.001930 63.443904     84.27   -137.92      0.64
     7678.238726  7.940553  0.001936 59.424335     79.62    119.53     -0.46
     7679.169986  7.940759  0.001947 64.727801     81.62      9.21      0.23
     7680.101246  7.940864  0.001948 59.118835     82.55   -102.38     -0.02
     7681.032506  7.941019  0.001938 63.765371     78.78    145.60     -0.17
     7681.963766  7.941242  0.001953 61.231566     84.38     25.97      0.17
     7682.895026  7.941222  0.001905 61.316773     77.86    -90.01      0.20
     7683.826286  7.941507  0.001945 63.816123     83.49    146.32     -0.60
     7684.757546  7.941674  0.001940 59.216992     79.60     22.58      0.54
     7685.688806  7.941690  0.001931 64.733859     80.66   -104.41     -0.20
     7686.620066  7.941965  0.001951 59.313262     82.54    124.27      0.25
     7687.551326  7.942033  0.001939 63.411269     78.01     -5.56     -0.28
     7688.482586  7.942272  0.001950 61.637531     83.97   -144.15      0.27
     7689.413846  7.942308  0.001916 60.891527     77.51     81.13      0.42
     7690.345106  7.942396  0.001912 64.110931     82.68    -60.58     -0.70
     7691.276366  7.942788  0.001958 59.095411     79.57    157.28     -0.08
     7692.207626  7.942849  0.001947 64.706895     79.72     11.06      0.34
     7693.138886  7.942868  0.001931 59.554993     82.41   -138.20     -0.20
     7694.070146  7.943144  0.001952 63.051287     77.29     72.91      0.08
     7695.001406  7.943235  0.001930 62.013131     83.49    -84.08      0.32
     7695.932666  7.943260  0.001908 60.531955     77.22    123.48     -0.45
     7696.863926  7.943542  0.001932 64.354572     81.86    -37.41     -0.70
     7697.795186  7.943861  0.001964 59.029917     79.53    161.55     -0.10
     7698.726446  7.943940  0.001954 64.620395     78.85     -2.73      0.26
     7699.657706  7.943934  0.001932 59.809466     82.25   -171.22      0.09
     7700.588967  7.944074  0.001936 62.710121     76.67     22.13     -0.16
     7701.520227  7.944336  0.001950 62.358420     82.96   -153.33     -0.02
     7702.451487  7.944567  0.001958 60.201452     76.94     34.44      0.31
     7703.382747  7.944693  0.001947 64.522862     81.05   -145.27      0.59
     7704.314007  7.944754  0.001934 59.013356     79.44     35.37      0.65
     7705.245267  7.944826  0.001926 64.511228     78.01   -146.46      0.43
     7706.176527  7.944925  0.001925 60.084926     81.99     26.41      0.16
     7707.107787  7.945092  0.001932 62.392585     76.07   -158.60     -0.06
     7708.039047  7.945302  0.001940 62.658486     82.38      7.67     -0.21
     7708.970307  7.945511  0.001946 59.936917     76.69    177.24     -0.37
     7709.901567  7.945708  0.001947 64.650975     80.25    -20.29     -0.54
     7710.832827  7.945843  0.001943 59.036653     79.33    141.72     -0.67
     7711.764087  7.945946  0.001936 64.378315     77.23    -58.65     -0.51
     7712.695347  7.946097  0.001944 60.345693     81.72     94.99     -0.28
     7713.626607  7.946252  0.001947 62.098865     75.53   -108.77     -0.11
     7714.557867  7.946422  0.001953 62.924467     81.79     38.83     -0.04
     7715.489127  7.946586  0.001949 59.711073     76.44   -170.26     -0.21
     7716.420387  7.946692  0.001940 64.718813     79.47    -25.87     -0.55
     7717.351647  7.946699  0.001908 59.076978     79.17    117.15     -0.49
     7718.282907  7.946783  0.001899 64.237708     76.49   -101.79      0.06
     7719.214167  7.946990  0.001920 60.605262     81.36     33.18      0.35
     7720.145427  7.947193  0.001935 61.851704     75.02    171.37      0.20
     7721.076687  7.947359  0.001939 63.141906     81.17    -59.33      0.14
     7722.007947  7.947583  0.001944 59.535143     76.17     72.64      0.24
     7722.939207  7.947857  0.001963 64.768412     78.72   -161.43      0.09
     7723.870467  7.947902  0.001936 59.137719     78.98    -36.29     -0.71
     7724.801727  7.947822  0.001896 64.099734     75.81     86.48     -0.08
     7725.732987  7.948054  0.001926 60.832771     80.99   -157.39      0.46
     7726.664247  7.948302  0.001946 61.628296     74.55    -37.31      0.03
     7727.595507  7.948499  0.001954 63.335755     80.57     73.62     -0.04
     7728.526767  7.948618  0.001942 59.389667     75.90   -172.75     -0.22
     7729.458027  7.948579  0.001908 64.773236     78.00    -65.34     -0.11
     7730.389287  7.948892  0.001936 59.194063     78.72     39.62      0.60
     7731.320547  7.949126  0.001945 63.967570     75.16    146.00     -0.63
     7732.251807  7.949057  0.001909 61.045472     80.57   -116.62      0.15
     7733.183067  7.949313  0.001943 61.451611     74.07    -15.42      0.22
     7734.114327  7.949514  0.001949 63.493426     79.95     77.45     -0.14
     7735.045587  7.949583  0.001933 59.280847     75.60    172.30     -0.14
     7735.976847  7.949666  0.001922 64.773264     77.32    -99.02      0.42
     7736.908107  7.950052  0.001953 59.256485     78.44    -11.05     -0.52
     7737.839367  7.949884  0.001894 63.844429     74.55     74.92      0.40
     7738.770627  7.950298  0.001954 61.214879     80.14    155.22     -0.23
     7739.701887  7.950299  0.001922 61.295128     73.62   -122.22      0.09
     7740.633147  7.950462  0.001940 63.618202     79.36    -48.04      0.08
     7741.564407  7.950700  0.001947 59.200745     75.27     28.59     -0.24
     7742.495667  7.950680  0.001919 64.757857     76.68     99.06      0.27
     7743.426927  7.951050  0.001947 59.300454     78.11    168.30     -0.51
     7744.358187  7.950994  0.001912 63.729553     73.97   -124.33      0.70
     7745.289447  7.951240  0.001927 61.360460     79.69    -61.69     -0.70
     7746.220707  7.951392  0.001941 61.192650     73.16      1.69      0.42
     7747.151967  7.951532  0.001937 63.728070     78.78     58.12     -0.12
     7748.083227  7.951630  0.001936 59.150976     74.90    115.63      0.17
     7749.014487  7.951848  0.001941 64.746664     76.06    168.78     -0.29
     7749.945747  7.952018  0.001946 59.347456     77.74   -141.95      0.35
     7750.877007  7.951971  0.001895 63.649684     73.42    -91.61      0.29
     7751.808267  7.952304  0.001933 61.471796     79.23    -47.75     -0.74
     7752.739527  7.952446  0.001943 61.110197     72.72     -2.71      0.35
     7753.670787  7.952546  0.001933 63.803293     78.23     35.15      0.06
     7754.602047  7.952711  0.001943 59.114504     74.51     74.76     -0.20
     7755.533307  7.952781  0.001929 64.723631     75.49    108.73      0.25
     7756.464567  7.952982  0.001922 59.364110     77.34    140.78     -0.35
     7757.395827  7.953239  0.001947 63.578577     72.89    172.81     -0.43
     7758.327087  7.953342  0.001941 61.546001     78.75   -163.67      0.49
     7759.258347  7.953404  0.001917 61.065917     72.24   -135.99      0.60
     7760.189607  7.953554  0.001926 63.861313     77.69   -115.96     -0.15
     7761.120867  7.953715  0.001939 59.102316     74.07    -94.87     -0.26
     7762.052127  7.953838  0.001938 64.708978     74.94    -79.26      0.23
     7762.983387  7.953948  0.001914 59.375065     76.90    -66.23      0.20
     7763.914647  7.954128  0.001913 63.541847     72.39    -51.92     -0.47
     7764.845907  7.954329  0.001924 61.584355     78.29    -45.49     -0.83
     7765.777167  7.954507  0.001938 61.054273     71.78    -36.31     -0.55
     7766.708427  7.954634  0.001943 63.886057     77.19    -35.83     -0.05
     7767.639687  7.954766  0.001938 59.095927     73.62    -33.52      0.25
     7768.570947  7.954898  0.001936 64.705359     74.45    -35.55      0.09
     7769.502207  7.955034  0.001924 59.361605     76.43    -40.62     -0.17
     7770.433467  7.955178  0.001921 63.516957     71.90    -45.03     -0.48
     7771.364727  7.955300  0.001912 61.577017     77.80    -57.08     -0.70
     7772.295987  7.955422  0.001909 61.067181     71.29    -65.93     -0.71
     7773.227247  7.955572  0.001918 63.899608     76.71    -83.45     -0.49
     7774.158507  7.955733  0.001926 59.120372     73.10    -99.20     -0.39
     7775.089767  7.955910  0.001940 64.702384     73.98   -119.92     -0.19
     7776.021027  7.956097  0.001943 59.336977     75.90   -143.60     -0.16
     7776.952287  7.956280  0.001947 63.526578     71.44   -166.64     -0.20
     7777.883547  7.956443  0.001943 61.547897     77.32    163.19     -0.61
     7778.814807  7.956509  0.001925 61.112419     70.81    136.28     -0.85
     7779.746067  7.956591  0.001915 63.881016     76.27    100.38     -0.55
     7780.677327  7.956752  0.001920 59.143982     72.57     66.22     -0.30
     7781.608587  7.956954  0.001936 64.709172     73.56     27.23     -0.16
     7782.539847  7.957114  0.001931 59.293771     75.37    -14.57     -0.24
     7783.471107  7.957222  0.001920 63.558123     70.99    -56.12     -0.11
     7784.402367  7.957345  0.001909 61.469534     76.83   -105.63      0.52
     7785.333627  7.957622  0.001938 61.171400     70.30   -151.21      0.65
     7786.264887  7.957761  0.001944 63.844661     75.83    155.74     -0.18
     7787.196147  7.957779  0.001922 59.199964     71.99    103.92     -0.44
     7788.127407  7.957942  0.001929 64.721050     73.15     46.41     -0.11
     7789.058667  7.958135  0.001930 59.240047     74.78    -13.73     -0.05
     7789.989927  7.958260  0.001926 63.617881     70.57    -73.86      0.28
     7790.921187  7.958478  0.001940 61.367252     76.33   -141.32      0.60
     7791.852447  7.958609  0.001936 61.281949     69.80    156.27     -0.69
     7792.783707  7.958599  0.001897 63.774514     75.44     83.58     -0.19
     7793.714967  7.958930  0.001935 59.252062     71.40     12.67      0.50
     7794.646227  7.959019  0.001940 64.725257     72.80    -62.35     -0.03
     7795.577487  7.959129  0.001931 59.183504     74.17   -140.35     -0.23
     7796.508747  7.959296  0.001928 63.705042     70.18    141.34     -0.08
     7797.440007  7.959469  0.001931 61.217045     75.82     55.28      0.63
     7798.371267  7.959601  0.001929 61.403241     69.29    -25.39     -0.68
     7799.302527  7.959682  0.001904 63.673049     75.06   -116.98      0.41
     7800.233787  7.959985  0.001945 59.344291     70.76    155.18     -0.04
     7801.165047  7.959954  0.001918 64.739686     72.48     61.34     -0.10
     7802.096307  7.960228  0.001939 59.116418     73.51    -35.29      0.26
     7803.027567  7.960320  0.001940 63.807795     69.81   -131.53     -0.04
     7803.958827  7.960418  0.001911 61.039172     75.29    125.15     -0.28
     7804.890087  7.960723  0.001945 61.564722     68.79     24.31      0.35
     7805.821347  7.960627  0.001890 63.538270     74.69    -83.84     -0.29
     7806.752607  7.961043  0.001951 59.447034     70.11    169.33      0.18
     7807.683867  7.960982  0.001917 64.732185     72.21     57.32     -0.09
     7808.615127  7.961251  0.001940 59.053084     72.83    -57.23      0.18
     7809.546387  7.961327  0.001931 63.939363     69.49   -171.79     -0.19
     7810.477647  7.961517  0.001933 60.836042     74.74     65.85      0.50
     7811.408907  7.961566  0.001908 61.753842     68.28    -51.62     -0.50
     7812.340167  7.961911  0.001947 63.360943     74.33   -179.27      0.07
     7813.271427  7.961884  0.001907 59.584618     69.41     55.91      0.50
     7814.202687  7.962016  0.001920 64.718592     71.95    -73.79     -0.45
     7815.133947  7.962307  0.001941 58.998411     72.08    153.30      0.24
     7816.065207  7.962331  0.001929 64.081878     69.18     20.35     -0.14
     7816.996467  7.962552  0.001939 60.606260     74.15   -119.90      0.35
     7817.927727  7.962601  0.001907 61.979652     67.80    103.64      0.06
     7818.858987  7.962773  0.001914 63.148706     73.98    -40.82     -0.81
     7819.790247  7.963108  0.001952 59.750204     68.73    175.83      0.14
     7820.721507  7.963139  0.001928 64.676951     71.74     26.48      0.44
     7821.652767  7.963165  0.001916 58.956932     71.31   -122.99     -0.18
     7822.584027  7.963400  0.001939 64.227001     68.93     85.05      0.01
     7823.515287  7.963554  0.001926 60.353436     73.53    -72.94      0.24
     7824.446547  7.963631  0.001912 62.229352     67.34    132.58     -0.29
     7825.377807  7.963822  0.001923 62.881622     73.61    -30.57     -0.71
     7826.309067  7.964095  0.001944 59.950561     68.01    168.50     -0.17
     7827.240327  7.964264  0.001949 64.606744     71.55      0.55      0.34
     7828.171587  7.964308  0.001928 58.941802     70.47   -167.34      0.32
     7829.102847  7.964374  0.001926 64.385266     68.72     22.78     -0.01
     7830.034107  7.964539  0.001932 60.091338     72.85   -152.68     -0.26
     7830.965367  7.964755  0.001940 62.507733     66.93     33.68      0.07
     7831.896627  7.964962  0.001943 62.591392     73.24   -148.61      0.58
     7832.827887  7.965108  0.001934 60.196689     67.31     32.86      0.74
     7833.759147  7.965217  0.001932 64.488327     71.39   -152.87      0.65
     7834.690407  7.965309  0.001923 58.951547     69.62     21.75      0.34
     7835.621667  7.965427  0.001929 64.522452     68.57   -166.69      0.09
     7836.552927  7.965556  0.001925 59.824340     72.12      0.09     -0.26
     7837.484187  7.965699  0.001924 62.816533     66.55    168.54     -0.34
     7838.415447  7.965841  0.001918 62.231524     72.82    -31.04     -0.67
     7839.346707  7.965940  0.001904 60.483668     66.61    132.63     -0.70
     7840.277967  7.966042  0.001897 64.315013     71.23    -71.67     -0.61
     7841.209227  7.966182  0.001900 59.022354     68.72     84.61     -0.31
     7842.140487  7.966372  0.001916 64.643115     68.45   -122.70     -0.15
     7843.071747  7.966552  0.001922 59.569769     71.32     26.00     -0.20
     7844.003007  7.966715  0.001926 63.140896     66.23    176.12     -0.33
     7844.934267  7.966832  0.001907 61.849943     72.37    -41.66     -0.54
     7845.865527  7.966911  0.001889 60.824510     65.95    103.64     -0.23
     7846.796787  7.967123  0.001900 64.095932     71.10   -119.68      0.54
     7847.728047  7.967409  0.001930 59.123748     67.81     19.18      0.56
     7848.659307  7.967570  0.001945 64.723375     68.40    153.92      0.16
     7849.590567  7.967665  0.001936 59.335992     70.48    -75.12      0.13
     7850.521827  7.967779  0.001937 63.467032     65.98     56.56      0.05
     7851.453087  7.967933  0.001930 61.426990     71.85   -179.01     -0.36
     7852.384347  7.967969  0.001902 61.198463     65.32    -51.23     -0.58
     7853.315607  7.968140  0.001899 63.799793     70.94     66.84      0.48
     7854.246867  7.968493  0.001941 59.303116     66.87   -171.97      0.48
     7855.178127  7.968524  0.001934 64.759923     68.37    -55.35     -0.28
     7856.109387  7.968573  0.001919 59.143490     69.53     57.91     -0.21
     7857.040647  7.968769  0.001926 63.801530     65.79    170.97     -0.14
     7857.971907  7.968927  0.001918 60.985111     71.27    -83.46      0.38
     7858.903167  7.969179  0.001941 61.623371     64.77     26.13      0.25
     7859.834427  7.969146  0.001903 63.442834     70.75    128.11     -0.85
     7860.765687  7.969340  0.001906 59.551294     65.94   -129.83      0.60
     7861.696947  7.969606  0.001941 64.722918     68.39    -31.86     -0.03
     7862.628207  7.969591  0.001918 58.999197     68.54     64.17     -0.29
     7863.559467  7.969822  0.001930 64.107599     65.69    158.46      0.06
     7864.490727  7.969978  0.001930 60.532226     70.58   -113.50      0.33
     7865.421987  7.970074  0.001920 62.083092     64.28    -21.32     -0.56
     7866.353247  7.970238  0.001910 63.009345     70.51     60.09      0.71
     7867.284507  7.970421  0.001926 59.878642     65.04    147.16     -0.56
     7868.215767  7.970503  0.001910 64.617015     68.43   -134.87      0.35
     7869.147027  7.970728  0.001937 58.937293     67.48    -56.13     -0.10
     7870.078287  7.970790  0.001924 64.375871     65.67     19.93     -0.06
     7871.009547  7.970993  0.001929 60.085711     69.79     90.15      0.33
     7871.940807  7.971099  0.001923 62.572833     63.89    164.04     -0.54
     7872.872067  7.971309  0.001923 62.522770     70.21   -132.74      0.84
     7873.803327  7.971293  0.001893 60.290152     64.19    -63.16     -0.69
     7874.734587  7.971677  0.001942 64.409099     68.47     -3.72      0.31
     7875.665847  7.971613  0.001907 58.957817     66.38     57.60     -0.18
     7876.597107  7.971871  0.001938 64.576455     65.73    114.86      0.09
     7877.528367  7.971981  0.001921 59.669506     68.90    168.19     -0.19
     7878.459627  7.972161  0.001933 63.056452     63.61   -137.49      0.16
     7879.390887  7.972213  0.001897 61.959886     69.80    -90.94      0.23
     7880.322147  7.972390  0.001913 60.768628     63.40    -39.71     -0.79
     7881.253407  7.972697  0.001944 64.103848     68.48      1.24      0.33
     7882.184667  7.972667  0.001908 59.099317     65.25     44.76      0.26
     7883.115927  7.972811  0.001923 64.702808     65.84     84.14     -0.19
     7884.047187  7.973033  0.001930 59.319889     67.88    119.28      0.25
     7884.978447  7.973135  0.001921 63.542642     63.45    156.09     -0.33
     7885.909707  7.973365  0.001938 61.377183     69.27   -175.23     -0.25
     7886.840967  7.973518  0.001930 61.321986     62.73   -143.97      0.78
     7887.772227  7.973524  0.001898 63.688835     68.46   -119.89      0.48
     7888.703487  7.973627  0.001900 59.353804     64.15    -93.03     -0.37
     7889.634747  7.973859  0.001928 64.714256     66.02    -72.92     -0.15
     7890.566007  7.974044  0.001928 59.058546     66.77    -55.07      0.24
     7891.497267  7.974166  0.001922 63.976116     63.42    -37.02     -0.11
     7892.428527  7.974312  0.001919 60.765266     68.60    -25.45     -0.61
     7893.359787  7.974506  0.001932 61.923232     62.18    -11.36     -0.48
     7894.291047  7.974705  0.001941 63.167597     68.33     -6.22     -0.00
     7895.222307  7.974855  0.001939 59.740436     63.08      1.87      0.43
     7896.153567  7.974949  0.001933 64.617969     66.20      3.75      0.36
     7897.084827  7.975046  0.001923 58.917794     65.54      5.00      0.09
     7898.016088  7.975183  0.001927 64.338575     63.51      4.38     -0.21
     7898.947348  7.975364  0.001928 60.187227     67.77     -1.84     -0.48
     7899.878608  7.975538  0.001933 62.561888     61.80     -5.85     -0.46
     7900.809868  7.975699  0.001934 62.560202     68.10    -18.30     -0.42
     7901.741128  7.975827  0.001933 60.251360     62.11    -27.47     -0.29
     7902.672388  7.975926  0.001931 64.355637     66.40    -44.32     -0.12
     7903.603648  7.976054  0.001929 58.929415     64.29    -60.77      0.09
     7904.534908  7.976178  0.001927 64.587346     63.70    -80.43      0.17
     7905.466168  7.976312  0.001918 59.666744     66.77   -104.55      0.41
     7906.397428  7.976486  0.001920 63.173568     61.57   -127.01      0.55
     7907.328688  7.976698  0.001930 61.877633     67.70   -157.28      0.53
     7908.259948  7.976872  0.001937 60.874245     61.26    176.37      0.13
     7909.191208  7.976950  0.001930 63.962855     66.51    141.69     -0.21
     7910.122468  7.977047  0.001924 59.117815     63.00    108.25     -0.21
     7911.053728  7.977192  0.001928 64.703824     63.97     69.88     -0.11
     7911.984988  7.977392  0.001931 59.247003     65.60     28.88     -0.23
     7912.916248  7.977553  0.001928 63.762512     61.53    -11.66     -0.54
     7913.847508  7.977585  0.001894 61.166684     67.13    -59.54     -0.62
     7914.778768  7.977688  0.001886 61.583728     60.59   -105.09      0.32
     7915.710028  7.977950  0.001922 63.418122     66.55   -158.62      0.59
     7916.641288  7.978100  0.001931 59.472946     61.78    151.05      0.21
     7917.572548  7.978201  0.001930 64.647767     64.30     94.37     -0.02
     7918.503808  7.978404  0.001932 58.981659     64.31     36.33     -0.22
     7919.435068  7.978543  0.001923 64.239805     61.66    -22.89     -0.46
     7920.366328  7.978549  0.001888 60.459975     66.32    -89.02      0.21
     7921.297588  7.978840  0.001923 62.334893     60.13   -152.14      0.64
     7922.228848  7.978979  0.001925 62.744358     66.42    137.74     -0.52
     7923.160108  7.979045  0.001905 60.024545     60.64     69.30     -0.15
     7924.091368  7.979234  0.001926 64.414661     64.60     -6.55      0.24
     7925.022628  7.979343  0.001923 58.913914     62.92    -81.86      0.24
     7925.953888  7.979598  0.001938 64.582684     61.94   -159.62     -0.20
     7926.885148  7.979582  0.001892 59.833017     65.30    117.77     -0.33
     7927.816408  7.979821  0.001917 63.092104     59.90     35.73      0.75
     7928.747668  7.979991  0.001919 61.977486     66.10    -51.95     -0.68
     7929.678928  7.980063  0.001907 60.714851     59.70   -138.66      0.41
     7930.610188  7.980231  0.001929 63.967472     64.86    127.83      0.04
     7931.541448  7.980436  0.001929 59.063295     61.51     35.78     -0.26
     7932.472708  7.980454  0.001908 64.730897     62.32    -61.52      0.09
     7933.403968  7.980785  0.001936 59.325013     64.05   -161.19     -0.08
     7934.335228  7.980703  0.001884 63.772946     59.89     99.24      0.01
     7935.266488  7.981068  0.001938 61.172890     65.51     -7.39     -0.04
     7936.197748  7.981038  0.001894 61.540294     58.97   -110.86      0.06
     7937.129008  7.981262  0.001928 63.349498     64.96    137.12     -0.02
     7938.060268  7.981416  0.001921 59.457691     60.16     27.71     -0.07
     7938.991528  7.981493  0.001919 64.660840     62.75    -88.29      0.25
     7939.922788  7.981716  0.001917 59.025772     62.65    155.66     -0.53
     7940.854048  7.981870  0.001923 64.337131     60.13     36.44      0.56
     7941.785308  7.981852  0.001881 60.398240     64.66    -86.88     -0.14
     7942.716568  7.982217  0.001936 62.410856     58.54    151.93     -0.35
     7943.647828  7.982210  0.001911 62.572672     64.87     21.22      0.28
     7944.579088  7.982459  0.001928 60.079300     58.97   -105.02     -0.22
     7945.510348  7.982473  0.001913 64.345699     63.17    120.32      0.17
     7946.441608  7.982738  0.001922 58.968243     61.15    -12.84     -0.40
     7947.372868  7.982936  0.001932 64.689833     60.52   -150.44      0.28
     7948.304128  7.982829  0.001882 59.722111     63.51     68.15      0.58
     7949.235388  7.983099  0.001900 63.263243     58.38    -70.39     -0.59
     7950.166648  7.983346  0.001933 61.699297     64.49    141.44     -0.17
     7951.097908  7.983363  0.001916 60.894329     58.01     -3.29      0.33
     7952.029168  7.983591  0.001928 63.792288     63.47   -155.50     -0.16
     7952.960428  7.983798  0.001934 59.203426     59.64     53.58      0.09
     7953.891688  7.983727  0.001893 64.801455     61.04   -102.58      0.52
     7954.822948  7.983811  0.001873 59.244808     62.14    100.10     -0.18
     7955.754208  7.984149  0.001907 64.004954     58.53    -57.66     -0.66
     7956.685468  7.984392  0.001937 60.801990     63.80    136.83     -0.30
     7957.616728  7.984430  0.001924 61.822398     57.37    -25.64      0.12
     7958.547988  7.984486  0.001911 63.012890     63.58    163.59      0.07
     7959.479248  7.984693  0.001916 59.720352     58.26     -3.83     -0.23
     7960.410508  7.984976  0.001934 64.615085     61.57   -178.28     -0.25
     7961.341768  7.985189  0.001944 59.017457     60.57      6.72     -0.05
     7962.273028  7.985293  0.001937 64.550910     58.91   -170.59      0.25
     7963.204288  7.985334  0.001925 59.999938     62.74      7.04      0.41
     7964.135548  7.985396  0.001914 62.789546     57.07   -173.05      0.33
     7965.066808  7.985489  0.001910 62.083966     63.37     -1.45      0.10
     7965.998068  7.985645  0.001910 60.496471     57.11    173.77     -0.15
     7966.929328  7.985845  0.001913 64.130652     62.03    -19.00     -0.42
     7967.860588  7.986011  0.001911 59.135868     58.97    149.68     -0.67
     7968.791848  7.986155  0.001907 64.822472     59.48    -46.10     -0.71
     7969.723108  7.986290  0.001909 59.377108     61.40    114.73     -0.60
     7970.654368  7.986430  0.001913 63.659845     57.13    -84.21     -0.28
     7971.585628  7.986605  0.001925 61.091610     62.82     69.56     -0.14
     7972.516888  7.986767  0.001927 61.448708     56.30   -133.16     -0.07
     7973.448148  7.986937  0.001931 63.360898     62.29     15.59     -0.12
     7974.379408  7.987060  0.001920 59.576799     57.43    167.45     -0.44
     7975.310668  7.987103  0.001900 64.750178     60.11    -46.92     -0.70
     7976.241928  7.987136  0.001878 59.053131     59.79     96.99     -0.32
     7977.173188  7.987298  0.001888 64.353780     57.50   -120.78      0.15
     7978.104448  7.987504  0.001906 60.159396     61.84     16.05      0.15
     7979.035708  7.987692  0.001915 62.485541     55.88    155.49      0.05
     7979.966968  7.987854  0.001910 62.378438     62.24    -73.92      0.22
     7980.898228  7.988094  0.001922 60.342859     56.14     60.19      0.51
     7981.829488  7.988349  0.001943 64.338395     60.69   -172.72      0.15
     7982.760748  7.988321  0.001911 59.088553     58.09    -44.22     -0.65
     7983.692008  7.988296  0.001886 64.734029     58.12     79.16     -0.18
     7984.623268  7.988536  0.001907 59.414659     60.49   -161.12      0.17
     7985.554528  7.988781  0.001926 63.451893     55.90    -40.12      0.10
     7986.485788  7.988938  0.001928 61.297853     61.77     72.96      0.30
     7987.417048  7.989056  0.001923 61.326465     55.23   -169.65     -0.20
     7988.348308  7.989031  0.001883 63.563089     61.07    -60.92     -0.54
     7989.279568  7.989325  0.001905 59.518423     56.44     48.78      0.73
     7990.210828  7.989581  0.001933 64.755795     58.82    154.72     -0.18
     7991.142088  7.989483  0.001896 59.011224     58.83   -101.57     -0.33
     7992.073348  7.989735  0.001919 64.224703     56.27      0.19      0.14
     7993.004608  7.989929  0.001924 60.255703     60.83     96.25      0.27
     7993.935868  7.990040  0.001925 62.420738     54.76   -164.34     -0.22
     7994.867128  7.990056  0.001880 62.550531     61.10    -73.97     -0.14
     7995.798388  7.990458  0.001932 60.318086     55.07     19.35      0.52
     7996.729648  7.990341  0.001889 64.350117     59.50    106.88     -0.63
     7997.660908  7.990658  0.001919 59.004886     57.04   -167.13      0.46
     7998.592168  7.990727  0.001919 64.652901     56.94    -83.20     -0.11
     7999.523428  7.990878  0.001913 59.419780     59.44     -3.61     -0.20
     8000.454688  7.991042  0.001920 63.446388     54.77     76.36      0.36
     8001.385948  7.991160  0.001905 61.387303     60.66    150.32     -0.64
     8002.317208  7.991364  0.001912 61.372690     54.10   -134.51      0.73
     8003.248468  7.991373  0.001891 63.568405     59.93    -64.99     -0.73
     8004.179728  7.991704  0.001928 59.476879     55.31      4.30      0.50
     8005.110988  7.991683  0.001906 64.676443     57.73     69.50     -0.20
     8006.042248  7.991913  0.001920 58.958056     57.71    132.11      0.26
     8006.973508  7.992047  0.001923 64.255185     55.22   -165.56     -0.30
     8007.904768  7.992144  0.001905 60.288515     59.70   -110.61      0.68
     8008.836028  7.992274  0.001892 62.554760     53.66    -50.64     -0.67
     8009.767288  7.992566  0.001930 62.498554     59.98     -1.30      0.16
     8010.698548  7.992563  0.001892 60.348293     53.89     52.09      0.39
     8011.629808  7.992724  0.001915 64.224667     58.47     98.67     -0.36
     8012.561068  7.992892  0.001918 58.973438     55.83    144.73      0.30
     8013.492328  7.993071  0.001921 64.677809     55.97   -171.94     -0.20
     8014.423588  7.993198  0.001919 59.412290     58.22   -133.02      0.23
     8015.354848  7.993225  0.001886 63.624541     53.74    -92.97      0.35
     8016.286108  7.993438  0.001894 61.283209     59.50    -59.09     -0.74
     8017.217368  7.993686  0.001927 61.519851     52.94    -23.24     -0.36
     8018.148628  7.993765  0.001919 63.372124     58.90      3.55      0.44
     8019.079888  7.993895  0.001910 59.510287     54.04     34.19      0.03
     8020.011148  7.994071  0.001925 64.615890     56.83     58.24     -0.11
     8020.942408  7.994126  0.001906 58.971674     56.39     80.75      0.38
     8021.873668  7.994191  0.001881 64.432473     54.30    102.39      0.09
     8022.804928  7.994420  0.001888 60.158888     58.43    119.08     -0.67
     8023.736188  7.994683  0.001918 62.771098     52.59    137.45     -0.77
     8024.667448  7.994809  0.001927 62.196735     58.90    146.64     -0.15
     8025.598708  7.994873  0.001916 60.491691     52.65    159.56      0.27
     8026.529968  7.994989  0.001910 64.046410     57.59    165.00      0.10
     8027.461228  7.995196  0.001911 59.065915     54.44    172.05     -0.21
     8028.392488  7.995437  0.001926 64.776767     55.16    174.55     -0.37
     8029.323748  7.995635  0.001933 59.325525     56.81    174.03     -0.36
     8030.255008  7.995764  0.001933 63.882218     52.82    173.56     -0.14
     8031.186268  7.995841  0.001927 60.942286     58.27    166.01      0.07
     8032.117528  7.995913  0.001919 61.766062     51.80    161.80      0.17
     8033.048788  7.995982  0.001911 63.031430     57.98    148.95      0.12
     8033.980048  7.996078  0.001899 59.736676     52.66    139.21      0.07
     8034.911308  7.996184  0.001886 64.572462     56.09    122.88     -0.18
     8035.842568  7.996274  0.001868 59.020130     54.86    106.14     -0.14
     8036.773828  7.996408  0.001864 64.623540     53.54     86.81      0.04
     8037.705088  7.996590  0.001876 59.838053     57.00     62.68      0.20
     8038.636348  7.996791  0.001893 63.056664     51.63     40.41      0.25
     8039.567608  7.996951  0.001903 61.744516     57.83     10.19      0.01
     8040.498868  7.997088  0.001901 60.853924     51.37    -16.54     -0.05
     8041.430128  7.997203  0.001891 63.805467     56.82    -51.51     -0.19
     8042.361388  7.997313  0.001877 59.307167     52.86    -84.81      0.15
     8043.292648  7.997541  0.001889 64.821789     54.52   -123.44      0.62
     8044.223908  7.997848  0.001920 59.147014     55.18   -163.50      0.50
     8045.155168  7.998035  0.001932 64.141287     52.07    156.19     -0.06
     8046.086428  7.998129  0.001927 60.440512     56.96    108.86     -0.09
     8047.017688  7.998225  0.001923 62.201445     50.74     64.37     -0.06
     8047.948948  7.998335  0.001917 62.613286     57.09     11.40     -0.22
     8048.880208  7.998353  0.001887 60.192315     51.19    -37.87     -0.50
     8049.811468  7.998438  0.001867 64.407773     55.48    -95.57      0.22
     8050.742728  7.998836  0.001916 59.066753     53.11   -152.28      0.70
     8051.673988  7.999024  0.001932 64.725026     52.98    148.74     -0.18
     8052.605248  7.999001  0.001909 59.416742     55.41     85.09     -0.25
     8053.536508  7.999104  0.001906 63.485467     50.85     22.15     -0.13
     8054.467768  7.999291  0.001903 61.200944     56.66    -48.32     -0.06
     8055.399028  7.999525  0.001916 61.468153     50.11   -115.61      0.44
     8056.330288  7.999678  0.001920 63.408677     56.09    169.87     -0.36
     8057.261548  7.999577  0.001867 59.665023     51.14     97.27     -0.25
     8058.192808  7.999990  0.001921 64.687832     54.04     17.64      0.56
     8059.124068  8.000060  0.001918 58.958673     53.36    -61.22     -0.27
     8060.055328  8.000109  0.001906 64.406073     51.56   -143.04     -0.14
     8060.986588  8.000329  0.001909 59.910962     55.46    129.66      0.13
     8061.917848  8.000499  0.001921 62.872869     49.83     44.78      0.22
     8062.849108  8.000535  0.001887 62.037338     56.10    -47.28     -0.70
     8063.780368  8.000795  0.001908 60.820717     49.69   -138.13      0.87
     8064.711628  8.000854  0.001902 63.965917     54.94    126.00     -0.69
     8065.642888  8.001035  0.001902 59.204649     51.22     29.28      0.35
     8066.574148  8.001163  0.001916 64.707394     52.64    -71.08     -0.04
     8067.505408  8.001320  0.001909 59.071552     53.58   -174.02     -0.19
     8068.436668  8.001434  0.001909 64.039765     50.29     81.95      0.38
     8069.367928  8.001620  0.001907 60.581928     55.28    -26.89     -0.68
     8070.299188  8.001755  0.001904 62.266473     48.99   -135.18      0.75
     8071.230448  8.001820  0.001886 62.721974     55.30    110.79     -0.63
     8072.161708  8.002096  0.001922 60.168701     49.41     -2.29      0.40
     8073.092968  8.002147  0.001906 64.304319     53.71   -121.29     -0.19
     8074.024228  8.002289  0.001912 58.952043     51.36    119.38      0.21
     8074.955488  8.002492  0.001916 64.677264     51.28     -2.72     -0.26
     8075.886748  8.002601  0.001911 59.455614     53.66   -129.65      0.52
     8076.818008  8.002625  0.001873 63.653996     49.15    105.86     -0.20
     8077.749268  8.002986  0.001922 61.229819     54.88    -26.42     -0.53
     8078.680528  8.003011  0.001905 61.588241     48.34   -156.80      0.67
     8079.611788  8.003164  0.001907 63.228208     54.40     66.19     -0.20
     8080.543048  8.003299  0.001914 59.618450     49.30    -69.03      0.00
     8081.474308  8.003397  0.001903 64.560431     52.47    149.36      0.02
     8082.405568  8.003704  0.001925 58.958080     51.48      7.72     -0.34
     8083.336828  8.003752  0.001909 64.572778     50.00   -137.32      0.50
     8084.268088  8.003711  0.001868 59.893130     53.55     73.68      0.46
     8085.199348  8.003982  0.001889 63.122558     48.14    -72.45     -0.58
     8086.130608  8.004235  0.001922 61.751219     54.32    131.88     -0.26
     8087.061868  8.004261  0.001910 60.927532     47.84    -20.38      0.26
     8087.993128  8.004405  0.001908 63.693133     53.40    179.81     -0.12
     8088.924388  8.004703  0.001926 59.311234     49.24     21.99     -0.19
     8089.855648  8.004832  0.001922 64.782417     51.22   -142.03      0.48
     8090.786908  8.004789  0.001884 59.117092     51.50     52.82      0.72
     8091.718168  8.004832  0.001868 64.312334     48.80   -112.79      0.40
     8092.649428  8.005065  0.001888 60.265138     53.32     75.81     -0.20
     8093.580688  8.005333  0.001913 62.503409     47.31    -93.58     -0.19
     8094.511948  8.005514  0.001924 62.258341     53.68     88.16      0.08
     8095.443208  8.005589  0.001908 60.432798     47.47    -86.26      0.20
     8096.374469  8.005611  0.001882 64.137814     52.35     91.51      0.26
     8097.305729  8.005675  0.001864 59.174283     49.17    -88.98      0.09
     8098.236989  8.005801  0.001861 64.821176     49.98     86.02      0.02
     8099.168249  8.005982  0.001873 59.243646     51.42   -101.67     -0.19
     8100.099509  8.006194  0.001892 63.907927     47.71     70.32     -0.09
     8101.030769  8.006408  0.001911 60.662538     52.97   -124.49     -0.15
     8101.962029  8.006605  0.001918 61.996651     46.61     43.75     -0.04
     8102.893289  8.006812  0.001926 62.820374     52.91   -156.67      0.10
     8103.824549  8.006998  0.001927 60.105426     47.16      6.69     -0.06
     8104.755809  8.007130  0.001926 64.460988     51.25    162.92     -0.31
     8105.687069  8.007212  0.001915 59.032099     49.07    -40.55     -0.37
     8106.618329  8.007281  0.001911 64.678231     48.83    112.37     -0.29
     8107.549589  8.007409  0.001910 59.393695     51.29    -98.73     -0.09
     8108.480849  8.007550  0.001914 63.524424     46.77     51.28     -0.06
     8109.412109  8.007723  0.001912 61.151356     52.52   -165.98     -0.21
     8110.343369  8.007834  0.001904 61.627200     45.99    -19.41     -0.61
     8111.274629  8.007878  0.001875 63.275714     52.06    118.27     -0.65
     8112.205889  8.008000  0.001868 59.783007     46.84   -101.73     -0.04
     8113.137149  8.008278  0.001902 64.577626     50.17     31.74      0.42
     8114.068409  8.008468  0.001913 58.914957     48.93    165.42      0.30
     8114.999669  8.008566  0.001916 64.521568     47.76    -63.51      0.23
     8115.930929  8.008696  0.001910 59.692356     51.06     62.76      0.31
     8116.862189  8.008907  0.001921 63.262476     45.90   -168.65     -0.18
     8117.793449  8.008959  0.001889 61.628950     51.96    -47.72     -0.83
     8118.724709  8.009022  0.001870 61.255866     45.40     75.19      0.18
     8119.655969  8.009295  0.001911 63.558268     51.18   -169.72      0.52
     8120.587229  8.009407  0.001912 59.444887     46.57    -51.29     -0.03
     8121.518489  8.009556  0.001915 64.622155     49.16     60.69     -0.19
     8122.449749  8.009715  0.001905 58.944260     48.78    171.53     -0.24
     8123.381009  8.009730  0.001884 64.433001     46.76    -79.76      0.21
     8124.312269  8.010043  0.001917 60.034045     50.71     23.99      0.36
     8125.243529  8.010131  0.001895 62.977943     45.07    131.25     -0.77
     8126.174789  8.010177  0.001883 61.950191     51.31   -132.13      0.49
     8127.106049  8.010425  0.001917 60.846026     44.87    -30.15      0.01
     8128.037309  8.010578  0.001915 63.757959     50.32     63.16     -0.18
     8128.968569  8.010617  0.001896 59.247885     46.30    158.23     -0.00
     8129.899829  8.010798  0.001904 64.739897     48.18   -112.30      0.42
     8130.831089  8.011054  0.001910 59.098600     48.53    -22.94     -0.66
     8131.762349  8.010951  0.001868 64.334092     45.82     63.11      0.64
     8132.693609  8.011381  0.001924 60.267430     50.29    145.60     -0.45
     8133.624869  8.011286  0.001885 62.604645     44.32   -131.19      0.29
     8134.556129  8.011566  0.001915 62.164277     50.68    -55.51      0.01
     8135.487389  8.011666  0.001907 60.515237     44.40     23.71     -0.15
     8136.418649  8.011751  0.001895 63.999944     49.47     94.35      0.25
     8137.349909  8.012019  0.001910 59.201238     45.98    167.87     -0.45
     8138.281169  8.012035  0.001885 64.825436     47.22   -125.13      0.64
     8139.212429  8.012215  0.001891 59.187055     48.18    -58.02     -0.69
     8140.143689  8.012434  0.001915 64.124898     44.93      6.26      0.37
     8141.074949  8.012459  0.001897 60.421292     49.81     65.58     -0.13
     8142.006209  8.012695  0.001914 62.301139     43.63    127.07      0.09
     8142.937469  8.012760  0.001904 62.447612     50.01   -179.42     -0.32
     8143.868729  8.013030  0.001914 60.371077     43.92   -123.48      0.54
     8144.799989  8.012892  0.001859 64.239607     48.63    -73.49     -0.32
     8145.731249  8.013352  0.001919 59.158236     45.60    -23.02     -0.36
     8146.662509  8.013405  0.001905 64.782847     46.32     22.25      0.48
     8147.593769  8.013396  0.001888 59.185765     47.79     66.16     -0.25
     8148.525029  8.013701  0.001919 63.897116     44.13    109.03      0.07
     8149.456289  8.013757  0.001896 60.608336     49.32    145.56     -0.08
     8150.387549  8.013927  0.001906 62.141798     42.99   -174.61     -0.29
     8151.318809  8.014157  0.001912 62.726497     49.31   -144.43      0.59
     8152.250069  8.014131  0.001872 60.257759     43.39   -109.68      0.43
     8153.181329  8.014218  0.001873 64.322054     47.79    -81.64     -0.51
     8154.112589  8.014512  0.001910 59.038865     45.15    -53.90     -0.30
     8155.043849  8.014681  0.001917 64.691488     45.49    -30.45      0.22
     8155.975109  8.014771  0.001901 59.237963     47.37     -9.40     -0.13
     8156.906369  8.014941  0.001911 63.822082     43.39     11.92     -0.30
     8157.837629  8.015127  0.001914 60.856754     48.76     25.55      0.30
     8158.768889  8.015208  0.001895 62.058499     42.34     42.59      0.83
     8159.700149  8.015287  0.001880 62.866775     48.62     51.85      0.54
     8160.631409  8.015423  0.001883 60.075510     42.85     64.75     -0.08
     8161.562669  8.015612  0.001906 64.307101     47.05     69.80     -0.27
     8162.493929  8.015760  0.001910 58.957126     44.70     75.17     -0.10
     8163.425189  8.015861  0.001903 64.687120     44.74     76.69      0.29
     8164.356449  8.015949  0.001883 59.381702     46.87     74.89      0.60
     8165.287709  8.016057  0.001870 63.805593     42.65     74.10      0.60
     8166.218969  8.016198  0.001867 60.975479     48.15     66.31      0.49
     8167.150229  8.016376  0.001876 61.912842     41.67     61.91      0.32
     8168.081489  8.016579  0.001896 62.879584     47.94     48.86      0.05
     8169.012749  8.016767  0.001905 59.935233     42.29     38.99     -0.12
     8169.944009  8.016963  0.001917 64.366734     46.34     21.75     -0.16
     8170.875269  8.017157  0.001918 59.006875     44.19      5.29     -0.35
     8171.806529  8.017318  0.001918 64.771954     44.02    -14.55     -0.52
     8172.737789  8.017416  0.001908 59.458444     46.30    -37.98     -0.68
     8173.669049  8.017483  0.001897 63.735376     41.96    -60.93     -0.57
     8174.600309  8.017611  0.001902 60.945806     47.55    -91.46     -0.25
     8175.531569  8.017749  0.001905 61.768291     41.06   -118.41     -0.11
     8176.462829  8.017894  0.001909 62.912276     47.31   -153.96     -0.10
     8177.394089  8.018004  0.001899 59.943802     41.73    174.08     -0.31
     8178.325349  8.018054  0.001878 64.462486     45.67    135.08     -0.54
     8179.256609  8.018085  0.001853 59.064562     43.58     95.94     -0.08
     8180.187869  8.018315  0.001873 64.754299     43.34     53.26      0.55
     8181.119129  8.018606  0.001905 59.401501     45.66      7.60      0.41
     8182.050389  8.018799  0.001919 63.644288     41.31    -37.12      0.08
     8182.981649  8.018927  0.001917 60.928616     46.94    -89.69      0.19
     8183.912909  8.019058  0.001917 61.789430     40.45   -138.50      0.07
     8184.844169  8.019149  0.001903 62.999806     46.68    164.62     -0.58
     8185.775429  8.019108  0.001859 60.035435     41.09    110.39     -0.50
     8186.706689  8.019391  0.001882 64.474143     45.04     48.06      0.60
     8187.637949  8.019690  0.001918 59.005565     42.91    -12.43      0.28
     8188.569209  8.019687  0.001904 64.663603     42.74    -76.28     -0.15
     8189.500469  8.019793  0.001897 59.331037     45.04   -144.22     -0.22
     8190.431729  8.019970  0.001898 63.669568     40.73    148.44     -0.10
     8191.362989  8.020105  0.001891 60.965726     46.30     73.33      0.61
     8192.294249  8.020341  0.001915 61.917445     39.82      3.18     -0.15
     8193.225509  8.020294  0.001867 62.973982     46.05    -75.90     -0.55
     8194.156769  8.020586  0.001897 60.043638     40.38   -153.33      0.68
     8195.088029  8.020681  0.001906 64.359866     44.45    124.10     -0.20
     8196.019289  8.020815  0.001898 58.951523     42.21     41.16     -0.21
     8196.950549  8.020936  0.001899 64.671756     42.20    -45.72      0.16
     8197.881809  8.021140  0.001910 59.356119     44.35   -135.77      0.27
     8198.813069  8.021236  0.001887 63.825768     40.17    135.96     -0.69
     8199.744329  8.021356  0.001887 60.933956     45.62     38.19      0.82
     8200.675589  8.021556  0.001896 62.010198     39.17    -53.23     -0.70
     8201.606849  8.021625  0.001893 62.802248     45.46   -156.00      0.41
     8202.538109  8.021825  0.001909 60.043193     39.69    106.28     -0.18
     8203.469369  8.021943  0.001902 64.275698     43.96      0.51     -0.12
     8204.400629  8.022067  0.001897 59.013184     41.47   -104.72      0.28
     8205.331889  8.022242  0.001893 64.770190     41.71    147.51     -0.52
     8206.263149  8.022398  0.001900 59.353645     43.56     34.64      0.66
     8207.194409  8.022417  0.001869 63.931330     39.61    -75.54     -0.47
     8208.125669  8.022724  0.001912 60.732545     44.91    165.57      0.14
     8209.056929  8.022727  0.001888 62.069779     38.54     50.55      0.06
     8209.988189  8.022968  0.001912 62.612836     44.90    -73.35      0.11
     8210.919449  8.022994  0.001890 60.184235     38.98    166.75     -0.25
     8211.850708  8.023342  0.001916 64.272267     43.49     38.35      0.38
     8212.781968  8.023142  0.001850 59.142242     40.65    -87.94      0.13
     8213.713228  8.023567  0.001905 64.819122     41.26    142.21     -0.66
     8214.644488  8.023702  0.001905 59.224294     42.73      7.57      0.42
     8215.575748  8.023659  0.001883 63.966700     39.14   -125.61      0.03
     8216.507008  8.023978  0.001914 60.495684     44.22     94.01      0.07
     8217.438268  8.024013  0.001893 62.254002     37.97    -43.10     -0.02
     8218.369528  8.024178  0.001897 62.485972     44.33    171.53     -0.42
     8219.300788  8.024463  0.001917 60.439218     38.22     28.63      0.43
     8220.232048  8.024421  0.001874 64.181602     43.03   -121.29      0.59
     8221.163308  8.024446  0.001861 59.190307     39.74     91.34     -0.35
     8222.094568  8.024751  0.001902 64.747361     40.85    -61.61     -0.34
     8223.025828  8.024954  0.001909 59.068098     41.86    142.37      0.24
     8223.957088  8.025021  0.001899 64.097929     38.72    -13.18     -0.07
     8224.888348  8.025196  0.001905 60.339344     43.47   -174.94     -0.43
     8225.819608  8.025384  0.001910 62.580646     37.41     25.20      0.25
     8226.750868  8.025481  0.001895 62.305531     43.75   -142.99      0.88
     8227.682128  8.025544  0.001874 60.677800     37.43     53.45      0.56
     8228.613388  8.025685  0.001884 63.933529     42.61   -117.94     -0.00
     8229.544648  8.025850  0.001896 59.204289     38.83     72.26     -0.35
     8230.475908  8.026000  0.001904 64.680811     40.56   -103.38     -0.02
     8231.407168  8.026105  0.001894 59.019723     40.94     79.14      0.37
     8232.338428  8.026191  0.001876 64.328195     38.35    -98.94      0.44
     8233.269688  8.026291  0.001860 60.167918     42.64     77.30      0.53
     8234.200948  8.026441  0.001858 62.889753     36.84   -103.63      0.27
     8235.132208  8.026633  0.001874 61.945885     43.12     67.03      0.10
     8236.063468  8.026829  0.001888 60.886306     36.66   -118.55     -0.14
     8236.994728  8.027035  0.001907 63.653953     42.23     47.22     -0.13
     8237.925988  8.027228  0.001915 59.361780     37.90   -144.55     -0.19
     8238.857248  8.027420  0.001919 64.712637     40.29     17.81     -0.07
     8239.788508  8.027604  0.001923 59.043115     39.93    179.49     -0.25
     8240.719768  8.027723  0.001917 64.544923     38.04    -20.47     -0.45
     8241.651028  8.027809  0.001912 59.863607     41.74    134.24     -0.48
     8242.582288  8.027894  0.001905 63.125513     36.37    -69.32     -0.31
     8243.513548  8.028031  0.001911 61.517079     42.51     78.94     -0.09
     8244.444808  8.028174  0.001909 61.201979     35.95   -128.85     -0.04
     8245.376068  8.028325  0.001912 63.418739     41.85     14.96     -0.10
     8246.307328  8.028410  0.001895 59.663100     36.93    162.06     -0.52
     8247.238588  8.028407  0.001867 64.657307     40.03    -57.37     -0.70
     8248.169848  8.028471  0.001853 59.016765     38.82     82.05     -0.08
     8249.101108  8.028724  0.001879 64.617124     37.79   -140.84      0.29
     8250.032368  8.028955  0.001898 59.523224     40.77     -7.78      0.21
     8250.963627  8.029125  0.001905 63.429174     35.98    126.64      0.14
     8251.894887  8.029258  0.001900 61.167342     41.82   -106.99      0.50
     8252.826147  8.029455  0.001911 61.693000     35.28     23.81      0.16
     8253.757407  8.029505  0.001892 63.127620     41.44    146.70     -0.81
     8254.688667  8.029501  0.001856 59.978636     35.93    -88.68     -0.28
     8255.619927  8.029803  0.001892 64.428957     39.83     28.71      0.42
     8256.551187  8.029971  0.001907 58.960245     37.70    147.37      0.25
     8257.482447  8.030040  0.001901 64.652616     37.64    -97.35     -0.01
     8258.413707  8.030233  0.001903 59.293754     39.74     14.54     -0.36
     8259.344967  8.030301  0.001879 63.842502     35.67    126.55     -0.19
     8260.276227  8.030449  0.001881 60.808940     41.02   -129.13      0.77
     8261.207487  8.030711  0.001908 62.193782     34.63    -19.26     -0.50
     8262.138747  8.030693  0.001872 62.648342     40.96     80.37     -0.15
     8263.070007  8.030898  0.001894 60.274743     34.96   -176.76      0.45
     8264.001267  8.031043  0.001906 64.106736     39.65    -80.52     -0.06
     8264.932527  8.031235  0.001902 59.071977     36.55     16.76     -0.25
     8265.863787  8.031181  0.001869 64.760780     37.56    109.09      0.08
     8266.795047  8.031608  0.001917 59.180703     38.59   -160.65      0.19
     8267.726307  8.031491  0.001860 64.233955     35.44    -70.00     -0.45
     8268.657567  8.031752  0.001895 60.331781     40.10     12.85      0.50
     8269.588827  8.031904  0.001895 62.612986     34.10    100.29     -0.42
     8270.520087  8.031932  0.001887 62.060772     40.46    177.69      0.16
     8271.451347  8.032235  0.001909 60.697874     34.08   -100.41      0.01
     8272.382607  8.032217  0.001883 63.803745     39.47    -26.45     -0.35
     8273.313867  8.032525  0.001904 59.373841     35.36     48.56      0.52
     8274.245127  8.032438  0.001860 64.775948     37.50    120.11     -0.57
     8275.176387  8.032868  0.001912 59.047692     37.31   -171.68      0.40
     8276.107647  8.032702  0.001865 64.460641     35.30   -103.52     -0.14
     8277.038907  8.033089  0.001912 59.812251     39.09    -41.51      0.12
     8277.970167  8.033053  0.001889 63.080805     33.71     23.03     -0.10
     8278.901427  8.033314  0.001899 61.534172     39.85     78.80      0.38
     8279.832687  8.033311  0.001873 61.326723     33.30    139.88     -0.56
     8280.763947  8.033693  0.001916 63.434519     39.22   -169.25      0.28
     8281.695207  8.033591  0.001861 59.748478     34.16   -114.79      0.45
     8282.626467  8.033769  0.001883 64.562532     37.48    -65.74     -0.48
     8283.557727  8.034037  0.001904 58.932808     36.00    -18.62      0.30
     8284.488987  8.034081  0.001895 64.598609     35.31     26.92     -0.18
     8285.420247  8.034234  0.001899 59.428192     37.96     67.54      0.21
     8286.351507  8.034333  0.001877 63.649464     33.46    109.73      0.16
     8287.282767  8.034537  0.001885 61.006561     39.07    145.56     -0.76
     8288.214027  8.034760  0.001908 61.988662     32.59   -176.89      0.09
     8289.145287  8.034791  0.001883 62.837527     38.86   -147.67      0.67
     8290.076547  8.034894  0.001877 60.146145     33.03   -113.62     -0.18
     8291.007806  8.035082  0.001903 64.195927     37.47    -87.97     -0.17
     8291.939066  8.035149  0.001888 59.031673     34.66    -61.69      0.30
     8292.870326  8.035307  0.001881 64.750033     35.40    -38.54     -0.23
     8293.801586  8.035608  0.001901 59.206764     36.66    -18.07     -0.64
     8294.732846  8.035800  0.001915 64.188212     33.34      1.28     -0.05
     8295.664106  8.035795  0.001893 60.393041     38.10     14.31      0.53
     8296.595366  8.035829  0.001877 62.578852     32.06     30.81      0.44
     8297.526626  8.036006  0.001888 62.092787     38.42     39.16     -0.05
     8298.457886  8.036249  0.001905 60.685884     32.05     50.90     -0.15
     8299.389146  8.036423  0.001909 63.787922     37.44     53.99      0.22
     8300.320406  8.036512  0.001894 59.380136     33.29     59.48      0.52
     8301.251666  8.036539  0.001870 64.764725     35.52     59.64      0.68
     8302.182926  8.036600  0.001857 59.049571     35.20     58.95      0.54
     8303.114186  8.036733  0.001862 64.505824     33.35     56.67      0.31
     8304.045446  8.036904  0.001874 59.753766     36.96     49.33     -0.04
     8304.976706  8.037104  0.001890 63.182468     31.74     43.58     -0.10
     8305.907966  8.037315  0.001900 61.391959     37.79     29.83     -0.10
     8306.839226  8.037512  0.001905 61.461332     31.23     19.85     -0.04
     8307.770486  8.037704  0.001910 63.282415     37.28      1.49     -0.06
     8308.701746  8.037838  0.001908 59.881451     31.98    -13.64     -0.20
     8309.633006  8.037915  0.001901 64.491502     35.65    -35.62     -0.26
     8310.564266  8.038013  0.001897 58.968761     33.70    -57.59     -0.14
     8311.495526  8.038120  0.001897 64.647631     33.53    -82.88     -0.01
     8312.426786  8.038261  0.001895 59.283913     35.66   -111.72      0.11
     8313.358046  8.038430  0.001899 63.844630     31.63   -139.82      0.13
     8314.289306  8.038639  0.001904 60.726120     36.91   -174.41     -0.19
     8315.220566  8.038751  0.001895 62.301948     30.58    154.48     -0.69
     8316.151826  8.038801  0.001877 62.522716     36.93    114.31     -0.67
     8317.083086  8.038917  0.001873 60.452737     30.78     77.30     -0.24
     8318.014346  8.039105  0.001892 63.982741     35.75     32.54      0.03
     8318.945606  8.039215  0.001886 59.157674     32.20    -10.26      0.06
     8319.876866  8.039273  0.001872 64.726577     33.80    -58.00      0.07
     8320.808126  8.039409  0.001866 59.079621     34.16   -107.99      0.66
     8321.739386  8.039767  0.001905 64.430353     31.71   -158.17      0.46
     8322.670646  8.039941  0.001908 60.027865     35.77    146.92     -0.54
     8323.601906  8.039905  0.001877 63.033266     30.19     93.09     -0.38
     8324.533166  8.039992  0.001880 61.608375     36.39     30.77      0.04
     8325.464426  8.040143  0.001884 61.175076     29.85    -27.39      0.09
     8326.395686  8.040372  0.001892 63.361564     35.76    -94.14      0.22
     8327.326946  8.040632  0.001910 59.686528     30.75   -157.53     -0.00
     8328.258206  8.040543  0.001866 64.600479     34.07    133.09     -0.65
     8329.189466  8.040633  0.001855 59.041022     32.50     61.88      0.54
     8330.120725  8.041071  0.001915 64.712383     31.93    -10.60      0.10
     8331.051985  8.041019  0.001888 59.380009     34.37    -87.07     -0.33
     8331.983245  8.041110  0.001884 63.701291     30.10   -163.38     -0.07
     8332.914505  8.041334  0.001889 60.752319     35.57    113.11      0.20
     8333.845765  8.041523  0.001903 62.115592     29.18     33.41      0.14
     8334.777025  8.041498  0.001860 62.638409     35.53    -54.06     -0.68
     8335.708285  8.041791  0.001887 60.439235     29.45   -140.22      0.86
     8336.639545  8.041859  0.001887 64.111022     34.28    128.95     -0.61
     8337.570805  8.041991  0.001877 59.174715     30.83     37.36      0.18
     8338.502065  8.042153  0.001897 64.688214     32.32    -58.21      0.08
     8339.433325  8.042308  0.001893 58.990005     32.79   -155.46     -0.28
     8340.364585  8.042371  0.001878 64.323813     30.27    105.46      0.28
     8341.295845  8.042670  0.001905 60.029566     34.39      2.03     -0.34
     8342.227105  8.042585  0.001852 63.085346     28.80   -100.35      0.39
     8343.158365  8.042935  0.001901 61.691975     34.97    150.78     -0.46
     8344.089625  8.042924  0.001871 61.267888     28.41     43.83      0.49
     8345.020885  8.043149  0.001901 63.314842     34.35    -70.07     -0.19
     8345.952145  8.043217  0.001883 59.648435     29.29    178.07      0.02
     8346.883405  8.043453  0.001900 64.494539     32.74     59.66      0.18
     8347.814665  8.043383  0.001854 59.011323     31.05    -58.00     -0.18
     8348.745925  8.043874  0.001916 64.766137     30.65   -179.05     -0.12
     8349.677185  8.043659  0.001852 59.418135     32.88     55.66      0.54
     8350.608445  8.043969  0.001884 63.855576     28.77    -67.28     -0.47
     8351.539705  8.044109  0.001896 60.639080     34.08    161.01      0.19
     8352.470965  8.044171  0.001885 62.185131     27.77     33.54     -0.10
     8353.402225  8.044434  0.001898 62.401879     34.16   -103.21      0.23
     8354.333485  8.044379  0.001862 60.511660     27.97    124.57     -0.13
     8355.264745  8.044710  0.001897 64.026528     33.03    -15.48     -0.48
     8356.196005  8.044920  0.001900 59.332755     29.25   -155.05      0.63
     8357.127265  8.044785  0.001857 64.763165     31.11     61.69      0.29
     8358.058525  8.044999  0.001880 58.990760     31.11    -82.80     -0.42
     8358.989785  8.045256  0.001902 64.394197     29.05    130.03      0.12
     8359.921045  8.045316  0.001883 59.770671     32.81    -21.65     -0.11
     8360.852305  8.045488  0.001897 63.226065     27.54   -171.24     -0.34
     8361.783565  8.045679  0.001897 61.451071     33.57     30.30      0.51
     8362.714825  8.045713  0.001868 61.584929     26.99   -123.85      0.84
     8363.646085  8.045797  0.001858 63.164803     33.09     74.65     -0.02
     8364.577345  8.045978  0.001876 59.915349     27.63    -84.12     -0.46
     8365.508605  8.046147  0.001895 64.328714     31.61    109.22     -0.09
     8366.439865  8.046250  0.001883 58.973888     29.26    -56.75      0.24
     8367.371125  8.046381  0.001876 64.716042     29.59    134.16     -0.01
     8368.302385  8.046570  0.001876 59.231023     31.15    -37.52     -0.55
     8369.233645  8.046804  0.001891 64.140759     27.66    150.55     -0.72
     8370.164904  8.046987  0.001904 60.415099     32.48    -28.09     -0.54
     8371.096164  8.047089  0.001903 62.641390     26.43    155.91     -0.16
     8372.027424  8.047133  0.001896 62.014380     32.78    -28.51      0.15
     8372.958684  8.047195  0.001882 60.816990     26.37    151.17      0.15
     8373.889944  8.047292  0.001871 63.639101     31.94    -37.18     -0.11
     8374.821204  8.047408  0.001861 59.502162     27.46    137.14     -0.41
     8375.752464  8.047551  0.001854 64.696922     30.19    -54.50     -0.62
     8376.683724  8.047689  0.001854 59.032756     29.21    113.15     -0.65
     8377.614984  8.047843  0.001862 64.642323     28.12    -81.88     -0.36
     8378.546244  8.048022  0.001877 59.484166     30.97     78.90     -0.28
     8379.477504  8.048190  0.001886 63.573217     26.40   -119.20     -0.09
     8380.408764  8.048360  0.001893 60.869540     32.02     35.50     -0.12
     8381.340024  8.048521  0.001892 62.010762     25.58   -166.16     -0.20
     8382.271284  8.048671  0.001890 62.690847     31.91    -16.06     -0.57
     8383.202544  8.048731  0.001870 60.414827     25.88    137.57     -0.80
     8384.133804  8.048799  0.001858 64.121754     30.68    -76.86     -0.61
     8385.065064  8.048957  0.001863 59.201729     27.20     70.04     -0.20
     8385.996324  8.049178  0.001886 64.691217     28.79   -147.70     -0.08
     8386.927584  8.049339  0.001884 58.968892     29.09     -7.13     -0.09
     8387.858844  8.049432  0.001876 64.387428     26.80    132.39     -0.13
     8388.790104  8.049483  0.001852 59.925746     30.70    -94.06      0.52
     8389.721364  8.049726  0.001875 63.250370     25.31     42.05      0.81
     8390.652624  8.049974  0.001902 61.479381     31.36    171.32      0.05
     8391.583884  8.050063  0.001890 61.508119     24.79    -55.94     -0.50
     8392.515144  8.050184  0.001891 63.075991     30.91     67.32     -0.22
     8393.446404  8.050281  0.001883 59.864202     25.46   -166.12     -0.01
     8394.377664  8.050329  0.001870 64.334583     29.47    -46.33     -0.07
     8395.308924  8.050513  0.001872 59.061671     27.03     73.69      0.51
     8396.240184  8.050893  0.001909 64.810883     27.48   -169.03      0.08
     8397.171444  8.050840  0.001872 59.231724     28.84    -54.12     -0.75
     8398.102704  8.050824  0.001852 64.171813     25.55     58.72      0.37
     8399.033964  8.051155  0.001892 60.216346     30.21    166.47      0.22
     8399.965224  8.051338  0.001903 62.696358     24.31    -82.90     -0.05
     8400.896484  8.051385  0.001888 61.856541     30.64     19.21     -0.20
     8401.827744  8.051420  0.001861 61.056199     24.15    125.18     -0.23
     8402.759004  8.051763  0.001890 63.573941     29.90   -138.18      0.79
     8403.690264  8.051815  0.001879 59.690667     25.05    -36.21     -0.70
     8404.621524  8.051858  0.001859 64.586591     28.25     57.00      0.27
     8405.552784  8.052176  0.001901 58.955184     26.71    151.08      0.17
     8406.484044  8.052168  0.001883 64.628240     26.24   -117.53     -0.16
     8407.415304  8.052362  0.001881 59.295192     28.52    -30.40     -0.01
     8408.346564  8.052494  0.001890 63.849096     24.47     57.33      0.32
     8409.277823  8.052622  0.001870 60.642628     29.70    139.57     -0.66
     8410.209083  8.052774  0.001876 62.436896     23.43   -137.36      0.81
     8411.140343  8.052896  0.001873 62.324848     29.79    -59.69     -0.80
     8412.071603  8.053046  0.001881 60.699751     23.47     18.67      0.63
     8413.002863  8.053201  0.001891 63.749056     28.83     91.17     -0.25
     8413.934123  8.053270  0.001877 59.343479     24.62    164.70      0.09
     8414.865383  8.053520  0.001899 64.641440     27.12   -127.18      0.17
     8415.796643  8.053450  0.001849 59.002455     26.39    -59.33     -0.18
     8416.727903  8.053920  0.001908 64.666016     25.11      5.96      0.00
     8417.659163  8.053686  0.001841 59.600494     28.06     66.70      0.34
     8418.590423  8.054102  0.001895 63.638506     23.42    129.91     -0.50
     8419.521683  8.054077  0.001877 60.864221     29.04   -175.92      0.24
     8420.452943  8.054315  0.001891 61.988701     22.60   -117.19     -0.09
     8421.384203  8.054388  0.001877 62.547346     28.98    -67.63      0.10
     8422.315463  8.054521  0.001879 60.415188     22.89    -13.55     -0.45
     8423.246723  8.054832  0.001899 64.071697     27.83     31.25      0.59
     8424.177983  8.054658  0.001839 59.329320     24.13     79.35      0.21
     8425.109243  8.054937  0.001874 64.755122     25.99    122.76     -0.57
     8426.040503  8.055214  0.001898 58.973305     25.89    163.01      0.29
     8426.971763  8.055196  0.001880 64.438887     24.03   -157.05     -0.09
     8427.903023  8.055378  0.001892 59.670037     27.54   -122.65      0.03
     8428.834283  8.055484  0.001873 63.396284     22.50    -86.64      0.42
     8429.765543  8.055584  0.001854 61.209294     28.37    -56.84     -0.56
     8430.696803  8.055854  0.001888 61.875511     21.83    -24.19     -0.66
     8431.628063  8.055996  0.001893 62.858215     28.09     -1.22      0.34
     8432.559323  8.056057  0.001874 60.204169     22.22     26.06      0.46
     8433.490583  8.056214  0.001886 64.102997     26.85     46.52     -0.15
     8434.421843  8.056372  0.001893 59.109896     23.60     67.78     -0.13
     8435.353103  8.056414  0.001876 64.717823     25.01     83.96      0.33
     8436.284363  8.056452  0.001846 59.066496     25.40     98.88      0.28
     8437.215623  8.056634  0.001847 64.467697     23.05    113.43     -0.38
     8438.146883  8.056908  0.001872 59.908243     26.90    122.30     -0.69
     8439.078143  8.057126  0.001893 63.265328     21.58    132.73     -0.49
     8440.009403  8.057232  0.001896 61.288690     27.60    134.88      0.00
     8440.940663  8.057268  0.001882 61.568690     21.05    141.16      0.11
     8441.871923  8.057329  0.001866 62.948218     27.27    139.22     -0.20
     8442.803183  8.057449  0.001858 60.096801     21.60    140.82     -0.50
     8443.734443  8.057628  0.001861 64.314338     25.94    135.21     -0.80
     8444.665703  8.057806  0.001868 59.181188     22.99    130.51     -0.78
     8445.596963  8.057966  0.001877 64.772695     24.05    121.25     -0.53
     8446.528223  8.058134  0.001887 59.036443     24.75    109.62     -0.22
     8447.459483  8.058273  0.001893 64.274709     22.15     97.29      0.01
     8448.390743  8.058405  0.001888 59.903266     26.25     79.24      0.30
     8449.322002  8.058542  0.001885 63.124268     20.77     63.69      0.47
     8450.253262  8.058708  0.001884 61.501227     26.87     40.17      0.71
     8451.184522  8.058892  0.001893 61.587738     20.29     20.88      0.59
     8452.115782  8.059025  0.001897 63.108441     26.41     -6.69      0.20
     8453.047042  8.059119  0.001893 60.004282     20.84    -31.17     -0.02
     8453.978302  8.059203  0.001890 64.237709     25.07    -63.13     -0.00
     8454.909562  8.059346  0.001888 59.038607     22.30    -94.15      0.10
     8455.840822  8.059534  0.001893 64.740995     23.22   -129.36      0.23
     8456.772082  8.059788  0.001905 59.127716     24.08   -166.34     -0.07
     8457.703342  8.059905  0.001896 64.380132     21.33    156.43     -0.66
     8458.634602  8.059889  0.001867 60.033135     25.49    112.89     -0.66
     8459.565862  8.059937  0.001857 63.097099     19.95     71.08     -0.05
     8460.497122  8.060078  0.001869 61.436386     26.08     21.63      0.07
     8461.428382  8.060232  0.001873 61.426936     19.52    -23.87      0.06
     8462.359642  8.060414  0.001873 63.061920     25.66    -78.07      0.16
     8463.290902  8.060688  0.001891 60.002671     20.12   -128.99      0.42
     8464.222162  8.060866  0.001899 64.367946     24.29    173.95     -0.23
     8465.153422  8.060734  0.001849 59.156701     21.52    117.74     -0.67
     8466.084682  8.060869  0.001853 64.777563     22.41     55.96      0.30
     8467.015942  8.061195  0.001890 59.049059     23.25     -7.34      0.34
     8467.947202  8.061305  0.001895 64.252741     20.55    -71.02      0.11
     8468.878462  8.061406  0.001889 59.936837     24.72   -140.47     -0.10
     8469.809722  8.061521  0.001874 63.125364     19.22    152.81     -0.57
     8470.740982  8.061586  0.001848 61.519906     25.32     76.62      0.52
     8471.672242  8.061915  0.001894 61.592682     18.74      5.64      0.25
     8472.603502  8.061908  0.001865 63.075379     24.88    -73.33     -0.57
     8473.534762  8.062072  0.001872 60.009974     19.27   -150.82      0.39
     8474.466022  8.062195  0.001886 64.208082     23.56    125.68      0.11
     8475.397282  8.062421  0.001892 59.052890     20.69     43.36     -0.23
     8476.328542  8.062426  0.001866 64.738860     21.73    -43.60     -0.20
     8477.259802  8.062652  0.001878 59.104935     22.42   -133.30      0.52
     8478.191062  8.062810  0.001872 64.426677     19.85    138.26     -0.75
     8479.122322  8.062799  0.001856 59.954636     23.84     41.59      0.71
     8480.053582  8.063140  0.001893 63.213916     18.45    -50.27     -0.47
     8480.984842  8.063080  0.001868 61.302889     24.50   -151.82      0.01
     8481.916102  8.063359  0.001890 61.577233     17.95    110.81      0.10
     8482.847362  8.063460  0.001883 62.931292     24.18      5.29     -0.28
     8483.778622  8.063530  0.001859 60.157449     18.45    -97.77      0.49
     8484.709882  8.063774  0.001883 64.268262     22.91    153.82     -0.65
     8485.641142  8.063844  0.001862 59.211856     19.75     44.32      0.65
     8486.572402  8.063946  0.001870 64.750648     21.09    -67.36     -0.43
     8487.503662  8.064173  0.001883 58.983889     21.45    177.17      0.30
     8488.434921  8.064230  0.001882 64.363968     19.23     61.75     -0.15
     8489.366181  8.064391  0.001871 59.749175     22.97    -59.67      0.16
     8490.297441  8.064575  0.001885 63.353925     17.81   -178.19     -0.38
     8491.228701  8.064651  0.001865 61.242486     23.70     53.89      0.85
     8492.159961  8.064733  0.001848 61.888079     17.15    -67.52     -0.68
     8493.091221  8.065018  0.001891 62.795935     23.43    160.31     -0.03
     8494.022481  8.065058  0.001868 60.271185     17.50     31.86      0.39
     8494.953741  8.065253  0.001891 64.014314     22.31   -103.25     -0.20
     8495.885001  8.065270  0.001867 59.189051     18.77    122.34      0.22
     8496.816261  8.065534  0.001881 64.725274     20.58    -15.95     -0.42
     8497.747521  8.065787  0.001900 59.042462     20.45   -156.84      0.26
     8498.678781  8.065620  0.001842 64.592598     18.69     61.07      0.64
     8499.610041  8.065801  0.001850 59.668272     21.97    -84.45     -0.34
     8500.541301  8.066142  0.001894 63.541683     17.15    130.57     -0.32
     8501.472561  8.066164  0.001878 60.882462     22.84    -22.38      0.12
     8502.403821  8.066232  0.001870 62.007468     16.40   -171.12     -0.08
     8503.335081  8.066516  0.001893 62.506480     22.78     31.21      0.06
     8504.266341  8.066656  0.001881 60.544056     16.61   -122.95      0.55
     8505.197601  8.066605  0.001841 63.958210     21.75     75.72      0.42
     8506.128861  8.066680  0.001835 59.431656     17.68    -82.69     -0.48
     8507.060121  8.066936  0.001867 64.672550     20.07    112.47     -0.48
     8507.991381  8.067172  0.001890 58.928694     19.30    -53.79      0.03
     8508.922641  8.067282  0.001884 64.566036     18.21    138.08      0.17
     8509.853901  8.067384  0.001867 59.416109     20.94    -33.77     -0.15
     8510.785161  8.067565  0.001877 63.810905     16.63    155.71     -0.63
     8511.716421  8.067767  0.001884 60.710691     21.95    -22.14     -0.71
     8512.647681  8.067917  0.001893 62.456755     15.67    162.95     -0.40
     8513.578941  8.068000  0.001888 62.206674     22.04    -20.56      0.01
     8514.510201  8.068077  0.001883 60.802661     15.65    159.90      0.23
     8515.441461  8.068152  0.001873 63.571376     21.23    -27.58      0.13
     8516.372721  8.068257  0.001863 59.517134     16.59    147.54      0.08
     8517.303981  8.068389  0.001858 64.558072     19.70    -43.09     -0.32
     8518.235241  8.068496  0.001843 59.033026     18.13    126.05     -0.44
     8519.166501  8.068618  0.001839 64.777736     17.83    -67.74     -0.56
     8520.097761  8.068758  0.001843 59.300613     19.74     94.73     -0.35
     8521.029021  8.068925  0.001856 64.044345     16.11   -102.41     -0.21
     8521.960281  8.069105  0.001871 60.248713     20.94     53.96     -0.15
     8522.891541  8.069270  0.001880 62.712143     15.02   -146.65     -0.18
     8523.822801  8.069448  0.001880 61.792589     21.32      4.58     -0.35
     8524.754061  8.069563  0.001873 61.262186     14.78    160.01     -0.68
     8525.685321  8.069626  0.001851 63.360967     20.72    -53.10     -0.81
     8526.616581  8.069712  0.001840 59.903545     15.43     96.46     -0.51
     8527.547841  8.069920  0.001860 64.370524     19.33   -121.10      0.05
     8528.479100  8.070117  0.001871 59.010324     16.83     22.58      0.05
     8529.410360  8.070259  0.001879 64.690824     17.54    162.28      0.09
     8530.341620  8.070323  0.001861 59.064676     18.52    -60.50      0.17
     8531.272880  8.070437  0.001858 64.332959     15.77     75.94      0.56
     8532.204140  8.070720  0.001881 59.998102     19.86   -152.71      0.51
     8533.135400  8.070934  0.001894 63.267746     14.43    -18.14     -0.46
     8534.066660  8.070956  0.001870 61.337414     20.46    107.63     -0.53
     8534.997920  8.071020  0.001863 61.667995     13.89   -123.44     -0.04
     8535.929180  8.071121  0.001868 62.795424     20.17     -2.84      0.07
     8536.860440  8.071255  0.001863 60.193688     14.33    121.45      0.12
     8537.791700  8.071534  0.001880 64.117705     19.04   -122.12      0.55
     8538.722960  8.071777  0.001895 59.287767     15.54     -2.65     -0.26
     8539.654220  8.071594  0.001839 64.780779     17.32    111.48     -0.62
     8540.585480  8.071800  0.001853 59.015688     17.11   -137.25      0.48
     8541.516740  8.072127  0.001892 64.529468     15.49    -26.17      0.09
     8542.448000  8.072144  0.001880 59.511456     18.63     79.97     -0.11
     8543.379260  8.072246  0.001872 63.589628     14.00   -172.53     -0.19
     8544.310520  8.072387  0.001859 60.794696     19.55    -72.71      0.15
     8545.241780  8.072630  0.001887 62.279300     13.18     30.75      0.40
     8546.173040  8.072645  0.001853 62.384933     19.55    127.26     -0.82
     8547.104300  8.072811  0.001856 60.784765     13.21   -135.19      0.74
     8548.035560  8.072991  0.001884 63.691448     18.67    -43.20     -0.25
     8548.966820  8.073097  0.001870 59.479726     14.15     50.13     -0.15
     8549.898080  8.073179  0.001871 64.514158     17.17    137.19      0.14
     8550.829340  8.073460  0.001891 58.960029     15.69   -135.44      0.04
     8551.760600  8.073425  0.001849 64.744132     15.37    -50.56     -0.41
     8552.691860  8.073712  0.001878 59.319279     17.27     29.55      0.59
     8553.623120  8.073724  0.001851 64.134468     13.68    112.27     -0.63
     8554.554380  8.073918  0.001875 60.254018     18.42   -173.71      0.41
     8555.485640  8.074066  0.001875 62.804949     12.55    -95.24     -0.20
     8556.416900  8.074129  0.001868 61.629709     18.83    -25.93      0.01
     8557.348160  8.074394  0.001889 61.292253     12.27     47.56      0.03
     8558.279420  8.074337  0.001845 63.183776     18.33    112.73     -0.09
     8559.210680  8.074722  0.001890 60.022647     12.85   -178.76     -0.16
     8560.141940  8.074639  0.001842 64.349037     17.03   -117.98      0.51
     8561.073200  8.074849  0.001869 59.155315     14.12    -54.29     -0.64
     8562.004460  8.075058  0.001884 64.725414     15.29      2.88      0.36
     8562.935720  8.075090  0.001871 58.974800     15.74     59.58     -0.26
     8563.866980  8.075253  0.001873 64.394725     13.55    114.15      0.22
     8564.798240  8.075446  0.001875 59.735171     17.18    164.94     -0.61
     8565.729500  8.075578  0.001879 63.505546     12.16   -144.33      0.59
     8566.660760  8.075544  0.001832 61.077246     17.92    -99.53      0.25
     8567.592019  8.075852  0.001871 62.087779     11.43    -50.52     -0.69
     8568.523279  8.075942  0.001876 62.483871     17.80    -12.03      0.25
     8569.454539  8.076055  0.001867 60.514208     11.61     31.36      0.02
     8570.385799  8.076287  0.001889 63.764464     16.88     66.55     -0.01
     8571.317059  8.076254  0.001856 59.421496     12.62    103.84      0.28
     8572.248319  8.076399  0.001850 64.648838     15.33    136.49     -0.50
     8573.179579  8.076797  0.001892 59.036445     14.11    167.94     -0.38
     8574.110839  8.076881  0.001885 64.749429     13.53   -164.01      0.51
     8575.042099  8.076770  0.001846 59.300158     15.63   -138.53      0.30
     8575.973359  8.076947  0.001864 63.983355     11.91   -112.30     -0.19
     8576.904619  8.077213  0.001886 60.250854     16.79    -93.51      0.14
     8577.835879  8.077301  0.001871 62.763001     10.86    -71.48      0.26
     8578.767139  8.077343  0.001844 61.762495     17.15    -56.90     -0.38
     8579.698399  8.077530  0.001856 61.382214     10.58    -38.49     -0.83
     8580.629659  8.077757  0.001878 63.234055     16.60    -29.25     -0.50
     8581.560919  8.077914  0.001884 59.995412     11.13    -17.11      0.12
     8582.492179  8.077992  0.001878 64.234713     15.34    -11.60      0.28
     8583.423439  8.078105  0.001869 59.066712     12.40     -4.68      0.11
     8584.354699  8.078274  0.001878 64.698000     13.67     -1.96     -0.23
     8585.285959  8.078478  0.001884 59.019889     14.00     -1.15     -0.45
     8586.217219  8.078670  0.001893 64.528572     11.92     -1.77     -0.34
     8587.148479  8.078824  0.001896 59.735214     15.36     -7.32     -0.20
     8588.079739  8.078923  0.001893 63.590405     10.49    -11.16     -0.05
     8589.010999  8.078981  0.001886 60.873013     16.15    -22.55      0.13
     8589.942259  8.079052  0.001878 62.121252      9.75    -30.27      0.16
     8590.873519  8.079127  0.001864 62.312619     16.16    -46.51      0.08
     8591.804779  8.079213  0.001849 60.703731      9.87    -58.80      0.01
     8592.736039  8.079298  0.001830 63.741423     15.32    -79.10     -0.04
     8593.667299  8.079429  0.001827 59.621056     10.74    -97.04      0.20
     8594.598559  8.079628  0.001843 64.592560     13.83   -120.99      0.40
     8595.529819  8.079827  0.001858 58.986658     12.14   -144.75      0.33
     8596.461079  8.080010  0.001874 64.676491     12.08   -171.57      0.17
     8597.392339  8.080142  0.001869 59.127074     13.71    158.33      0.09
     8598.323599  8.080246  0.001864 64.151843     10.45    128.28      0.07
     8599.254859  8.080309  0.001843 60.116089     14.92     91.85      0.43
     8600.186119  8.080476  0.001851 63.117770      9.27     58.06      0.84
     8601.117379  8.080716  0.001876 61.495151     15.37     16.92      0.63
     8602.048639  8.080883  0.001886 61.654988      8.80    -19.90     -0.07
     8602.979899  8.080985  0.001883 62.837769     15.04    -65.91     -0.25
     8603.911159  8.081143  0.001885 60.185160      9.20   -108.58     -0.22
     8604.842419  8.081289  0.001887 64.030603     13.98   -158.83     -0.17
     8605.773679  8.081300  0.001859 59.288243     10.34    153.24     -0.52
     8606.704939  8.081271  0.001823 64.750478     12.39     99.53     -0.13
     8607.636198  8.081576  0.001851 59.037735     11.82     44.40      0.70
     8608.567458  8.081911  0.001892 64.652547     10.62    -11.31      0.09
     8609.498718  8.081923  0.001875 59.387798     13.27    -71.60     -0.22
     8610.429978  8.081948  0.001864 63.810355      9.12   -131.32     -0.10
     8611.361238  8.082113  0.001862 60.430988     14.28    162.25     -0.17
     8612.292498  8.082278  0.001862 62.610380      8.17     98.50      0.32
     8613.223758  8.082509  0.001883 61.940160     14.51     26.84      0.45
     8614.155018  8.082538  0.001859 61.254948      7.97    -39.34     -0.89
     8615.086278  8.082612  0.001840 63.323753     13.90   -116.39      0.29
     8616.017538  8.082885  0.001879 59.903684      8.57    170.74      0.38
     8616.948798  8.082959  0.001876 64.254091     12.65     91.56     -0.21
     8617.880058  8.083121  0.001871 59.053509      9.85     12.76     -0.17
     8618.811318  8.083115  0.001851 64.724497     11.02    -70.62      0.22
     8619.742578  8.083509  0.001890 59.059554     11.39   -155.36      0.16
     8620.673838  8.083412  0.001840 64.548620      9.31    119.58     -0.63
     8621.605098  8.083620  0.001860 59.699345     12.71     27.50      0.65
     8622.536358  8.083832  0.001873 63.595624      7.90    -60.51     -0.46
     8623.467618  8.083802  0.001856 60.776649     13.51   -157.72      0.14
     8624.398878  8.084107  0.001884 62.206707      7.14    109.27      0.07
     8625.330138  8.084151  0.001871 62.214114     13.55      7.97     -0.27
     8626.261398  8.084274  0.001854 60.854761      7.17    -90.24      0.31
     8627.192658  8.084512  0.001876 63.626096     12.79    164.86     -0.48
     8628.123918  8.084506  0.001840 59.735326      7.93     60.87      0.63
     8629.055178  8.084725  0.001871 64.491574     11.40    -47.21     -0.53
     8629.986438  8.084844  0.001861 59.003166      9.25   -156.94      0.27
     8630.917698  8.084960  0.001875 64.682656      9.73     90.82     -0.05
     8631.848958  8.085107  0.001862 59.051299     10.81    -24.33     -0.08
     8632.780218  8.085290  0.001880 64.343622      8.11   -140.22      0.23
     8633.711478  8.085241  0.001828 59.908548     12.06     98.99      0.02
     8634.642738  8.085652  0.001883 63.422653      6.82    -19.23     -0.54
     8635.573998  8.085580  0.001852 61.120057     12.68   -146.92      0.67
     8636.505258  8.085792  0.001863 61.990366      6.17     91.34     -0.40
     8637.436518  8.085909  0.001872 62.439211     12.56    -40.65      0.09
     8638.367778  8.086018  0.001864 60.549962      6.35   -168.13     -0.08
     8639.299038  8.086279  0.001882 63.741180     11.71     55.87      0.32
     8640.230298  8.086157  0.001831 59.553066      7.25    -76.84      0.02
     8641.161558  8.086474  0.001862 64.624764     10.25    144.99     -0.72
     8642.092818  8.086773  0.001891 59.046484      8.59      4.97      0.39
     8643.024078  8.086645  0.001848 64.736200      8.56   -136.98      0.31
     8643.955338  8.086802  0.001862 59.123829     10.08     78.37     -0.25
     8644.886598  8.087028  0.001880 64.173373      6.98    -67.36      0.21
     8645.817858  8.087103  0.001857 59.969067     11.29    141.92     -0.25
     8646.749117  8.087314  0.001874 63.214307      5.82     -6.41     -0.52
     8647.680377  8.087487  0.001881 61.330702     11.82   -163.73      0.40
     8648.611637  8.087501  0.001850 61.889570      5.26     43.29      0.82
     8649.542897  8.087607  0.001847 62.670507     11.58   -117.17      0.13
     8650.474157  8.087810  0.001866 60.440725      5.49     85.88     -0.40
     8651.405417  8.087947  0.001875 63.796414     10.66    -79.86     -0.01
     8652.336677  8.087981  0.001856 59.392795      6.46    116.82      0.24
     8653.267937  8.088079  0.001843 64.604045      9.21    -51.41     -0.26
     8654.199197  8.088298  0.001849 59.032033      7.85    140.07     -0.64
     8655.130457  8.088580  0.001876 64.782999      7.51    -31.54     -0.70
     8656.061717  8.088780  0.001889 59.244054      9.27    152.98     -0.21
     8656.992977  8.088856  0.001888 64.165236      5.94    -22.16      0.08
     8657.924237  8.088889  0.001870 60.007305     10.41    156.72      0.14
     8658.855497  8.088962  0.001862 63.058052      4.83    -21.49     -0.06
     8659.786757  8.089094  0.001856 61.341539     10.93    152.63     -0.58
     8660.718017  8.089247  0.001855 61.800931      4.37    -29.60     -0.74
     8661.649277  8.089402  0.001859 62.790235     10.65    139.65     -0.87
     8662.580537  8.089537  0.001860 60.470705      4.61    -47.72     -0.70
     8663.511797  8.089665  0.001868 63.883942      9.68    117.07     -0.43
     8664.443057  8.089803  0.001869 59.366587      5.55    -76.02     -0.19
     8665.374317  8.089937  0.001874 64.546886      8.24     85.24      0.04
     8666.305577  8.090089  0.001869 58.951271      6.96   -113.76      0.20
     8667.236837  8.090258  0.001873 64.731114      6.59     44.47      0.45
     8668.168097  8.090482  0.001881 59.280882      8.38   -160.17      0.33
     8669.099357  8.090658  0.001891 64.237563      5.02     -4.32     -0.03
     8670.030617  8.090760  0.001885 60.077351      9.46    145.23     -0.22
     8670.961877  8.090840  0.001882 63.085869      3.88    -62.83     -0.25
     8671.893137  8.090956  0.001880 61.267239      9.99     80.70      0.03
     8672.824397  8.091083  0.001881 61.733264      3.44   -131.56      0.06
     8673.755657  8.091227  0.001878 62.722582      9.75      7.91     -0.19
     8674.686917  8.091268  0.001859 60.512101      3.69    151.57     -0.77
     8675.618177  8.091278  0.001829 63.927742      8.80    -73.24     -0.57
     8676.549437  8.091454  0.001835 59.470243      4.57     63.70      0.08
     8677.480697  8.091712  0.001868 64.564348      7.37   -164.73      0.33
     8678.411957  8.091831  0.001868 58.922272      5.94    -33.16      0.27
     8679.343217  8.091916  0.001867 64.661646      5.74     95.48      0.24
     8680.274477  8.092138  0.001874 59.181106      7.39   -138.91      0.11
     8681.205737  8.092336  0.001879 64.267436      4.20    -12.60     -0.58
     8682.136997  8.092251  0.001828 60.063027      8.49    107.02     -0.41
     8683.068257  8.092377  0.001836 63.259368      3.02   -131.83      0.70
     8683.999517  8.092668  0.001877 61.201397      9.01    -16.98      0.18
     8684.930777  8.092833  0.001878 61.849089      2.48    101.48     -0.19
     8685.862037  8.092903  0.001873 62.523022      8.86   -149.14     -0.15
     8686.793296  8.092903  0.001844 60.552175      2.70    -35.73     -0.22
     8687.724556  8.093131  0.001847 63.809944      8.01     68.98      0.57
     8688.655816  8.093458  0.001888 59.592267      3.54    177.71     -0.09
     8689.587076  8.093266  0.001828 64.586042      6.61    -79.79     -0.45
     8690.518336  8.093589  0.001860 59.005616      4.81     21.43      0.46
     8691.449596  8.093715  0.001875 64.688664      4.98    120.78     -0.04
     8692.380856  8.093801  0.001863 59.060051      6.25   -143.05     -0.26
     8693.312116  8.093943  0.001859 64.283082      3.44    -47.62      0.00
     8694.243376  8.094120  0.001870 59.871742      7.44     42.12      0.42
     8695.174636  8.094224  0.001849 63.442198      2.23    135.73     -0.74
     8696.105896  8.094313  0.001847 61.081730      8.03   -140.98      0.84
     8697.037156  8.094552  0.001868 62.149008      1.57    -50.88     -0.72
     8697.968416  8.094557  0.001853 62.324833      7.96     28.01      0.29
     8698.899676  8.094797  0.001874 60.725514      1.64    112.08     -0.01
     8699.830936  8.094901  0.001869 63.544439      7.24   -172.08     -0.24
     8700.762196  8.094972  0.001849 59.686883      2.41    -94.22      0.44
     8701.693456  8.095232  0.001868 64.496015      5.95    -20.98     -0.59
     8702.624716  8.095254  0.001842 59.123063      3.61     50.61      0.69
     8703.555976  8.095398  0.001854 64.778780      4.35    120.99     -0.61
     8704.487236  8.095602  0.001866 59.022857      5.00   -173.26      0.37
     8705.418496  8.095648  0.001862 64.394376      2.78   -106.91     -0.14
     8706.349756  8.095840  0.001862 59.594067      6.27    -46.46      0.14
     8707.281016  8.095980  0.001872 63.600715      1.50     16.45     -0.25
     8708.212276  8.096037  0.001843 60.773667      7.02     70.79      0.73
     8709.143536  8.096204  0.001844 62.489902      0.72    131.22     -0.82
     8710.074796  8.096443  0.001875 62.091081      7.08   -179.45      0.32
     8711.006056  8.096429  0.001840 61.101423      0.58   -124.96      0.22
     8711.937316  8.096667  0.001875 63.251851      6.50    -78.55     -0.23
     8712.868576  8.096679  0.001855 59.863368      1.19    -29.86      0.22
     8713.799836  8.096981  0.001877 64.243767      5.37     12.76     -0.20
     8714.731096  8.097078  0.001863 59.192667      2.32     55.60      0.53
     8715.662356  8.096948  0.001813 64.785971      3.85     95.34     -0.09
     8716.593616  8.097333  0.001860 59.042025      3.67    133.66     -0.71
     8717.524876  8.097572  0.001884 64.613468      2.24    168.83      0.14
     8718.456136  8.097500  0.001852 59.378693      4.96   -159.59      0.16
     8719.387396  8.097646  0.001861 63.847233      0.86   -126.65     -0.11
     8720.318656  8.097853  0.001867 60.333426      5.90   -101.19      0.31
     8721.249916  8.097918  0.001846 62.809886     -0.07    -71.90      0.09
     8722.181176  8.098039  0.001840 61.682391      6.19    -50.09     -0.78
     8723.112436  8.098292  0.001869 61.579391     -0.40    -25.22     -0.70
     8724.043696  8.098438  0.001877 62.952430      5.77     -9.63      0.18
     8724.974956  8.098494  0.001861 60.255369     -0.07      9.99      0.54
     8725.906216  8.098625  0.001863 63.934579      4.81     22.87      0.02
     8726.837475  8.098844  0.001875 59.308129      0.91     37.49     -0.21
     8727.768735  8.098985  0.001875 64.627453      3.43     46.01      0.25
     8728.699995  8.099024  0.001852 59.026530      2.22     54.27      0.65
     8729.631255  8.099030  0.001827 64.775348      1.84     60.31      0.63
     8730.562515  8.099114  0.001821 59.238798      3.54     63.45      0.23
     8731.493775  8.099294  0.001837 64.212964      0.34     66.56     -0.05
     8732.425035  8.099505  0.001857 59.915131      4.62     63.52     -0.20
     8733.356295  8.099701  0.001870 63.199023     -0.77     62.62     -0.05
     8734.287555  8.099870  0.001871 61.106109      5.18     53.70      0.32
     8735.218815  8.100017  0.001868 62.041476     -1.32     48.80      0.59
     8736.150075  8.100157  0.001864 62.491154      5.05     35.44      0.84
     8737.081335  8.100295  0.001865 60.804779     -1.26     26.27      0.83
     8738.012595  8.100401  0.001867 63.607836      4.27      9.29      0.56
     8738.943855  8.100496  0.001863 59.647306     -0.55     -5.15      0.43
     8739.875115  8.100580  0.001860 64.361751      3.05    -25.93      0.19
     8740.806375  8.100656  0.001843 59.034940      0.66    -46.21      0.12
     8741.737635  8.100730  0.001827 64.763419      1.55    -70.29      0.04
     8742.668895  8.100824  0.001814 59.091793      2.01    -96.76      0.40
     8743.600155  8.101023  0.001828 64.566012     -0.01   -124.19      0.69
     8744.531415  8.101253  0.001851 59.578979      3.19   -156.01      0.54
     8745.462675  8.101455  0.001869 63.725334     -1.32    173.76      0.24
     8746.393935  8.101602  0.001869 60.490808      4.00    136.15      0.18
     8747.325195  8.101739  0.001870 62.570269     -2.14    101.77      0.23
     8748.256455  8.101875  0.001866 61.809076      4.21     58.80      0.54
     8749.187715  8.102060  0.001877 61.385759     -2.36     20.58      0.23
     8750.118975  8.102143  0.001867 63.123224      3.73    -25.43     -0.65
     8751.050235  8.102132  0.001835 60.216022     -1.97    -68.71     -0.79
     8751.981495  8.102303  0.001846 64.053008      2.71   -120.24     -0.07
     8752.912755  8.102483  0.001856 59.258688     -1.01   -169.55      0.16
     8753.844015  8.102559  0.001855 64.593005      1.33    136.14      0.12
     8754.775275  8.102690  0.001849 58.963173      0.32     80.95      0.40
     8755.706535  8.103024  0.001878 64.741329     -0.20     23.81      0.18
     8756.637795  8.103102  0.001860 59.276807      1.61    -35.91     -0.74
     8757.569055  8.102974  0.001818 64.259837     -1.67    -97.13      0.04
     8758.500315  8.103243  0.001852 59.966557      2.62   -163.95      0.44
     8759.431575  8.103505  0.001877 63.232145     -2.77    132.51     -0.04
     8760.362835  8.103574  0.001869 61.038716      3.17     60.62     -0.05
     8761.294095  8.103613  0.001853 62.025797     -3.31     -7.13     -0.32
     8762.225355  8.103744  0.001835 62.385859      3.08    -84.16      0.18
     8763.156615  8.104075  0.001875 60.868462     -3.27   -156.91      0.43
     8764.087875  8.104007  0.001837 63.583821      2.35    123.82     -0.81
     8765.019135  8.104179  0.001841 59.785096     -2.65     44.78      0.55
     8765.950394  8.104367  0.001871 64.328886      1.16    -39.02      0.06
     8766.881654  8.104490  0.001865 59.048709     -1.52   -122.11     -0.32
     8767.812914  8.104575  0.001854 64.694206     -0.28    150.01     -0.11
     8768.744174  8.104735  0.001855 59.010864     -0.17     60.15      0.47
     8769.675434  8.104952  0.001860 64.630112     -1.80    -29.29     -0.71
     8770.606694  8.104874  0.001826 59.511350      1.02   -125.72      0.74
     8771.537954  8.105266  0.001874 63.943578     -3.15    141.71     -0.53
     8772.469214  8.105152  0.001838 60.328582      1.86     40.40      0.12
     8773.400474  8.105483  0.001873 62.804032     -4.06    -57.09      0.00
     8774.331734  8.105491  0.001856 61.490113      2.19   -162.76     -0.19
     8775.262994  8.105675  0.001854 61.601905     -4.39     94.93      0.33
     8776.194254  8.105831  0.001862 62.825962      1.88    -14.41     -0.57
     8777.125514  8.105924  0.001839 60.492422     -4.14   -122.19      0.76
     8778.056774  8.106022  0.001844 63.890816      0.98    125.22     -0.74
     8778.988034  8.106257  0.001863 59.498557     -3.35     12.03      0.60
     8779.919294  8.106310  0.001860 64.484295     -0.30   -104.84     -0.30
     8780.850554  8.106423  0.001853 58.955054     -2.12    136.91      0.25
     8781.781814  8.106690  0.001873 64.720790     -1.77     16.40     -0.24
     8782.713074  8.106626  0.001834 59.111356     -0.81   -107.97      0.68
     8783.644334  8.106836  0.001839 64.492306     -3.25    129.48     -0.75
     8784.575594  8.107140  0.001876 59.713125      0.28     -0.55      0.19
     8785.506854  8.106994  0.001831 63.658417     -4.48   -128.10      0.39
     8786.438114  8.107322  0.001868 60.612213      0.98     97.83     -0.22
     8787.369374  8.107386  0.001860 62.480474     -5.24    -33.72      0.09
     8788.300634  8.107488  0.001855 61.829467      1.14   -173.04     -0.26
     8789.231894  8.107747  0.001870 61.305879     -5.41     50.72      0.44
     8790.163154  8.107675  0.001820 63.126120      0.67    -92.90      0.19
     8791.094414  8.107840  0.001833 60.243968     -5.03    127.79     -0.84
     8792.025674  8.108151  0.001875 64.074277     -0.33    -20.65     -0.06
     8792.956934  8.108215  0.001855 59.321425     -4.14   -167.02      0.45
     8793.888194  8.108325  0.001861 64.566844     -1.65     42.32     -0.16
     8794.819454  8.108463  0.001866 58.933189     -2.88   -109.63      0.08
     8795.750714  8.108463  0.001835 64.714204     -3.12     95.74      0.29
     8796.681974  8.108597  0.001821 59.205654     -1.60    -61.02     -0.35
     8797.613234  8.108929  0.001859 64.377572     -4.56    142.01     -0.80
     8798.544494  8.109141  0.001877 59.855270     -0.60    -21.66     -0.17
     8799.475754  8.109152  0.001865 63.460117     -5.70    176.98      0.28
     8800.407014  8.109158  0.001846 60.800399      0.00      8.69      0.05
     8801.338274  8.109321  0.001853 62.273091     -6.35   -156.04     -0.11
     8802.269534  8.109564  0.001870 62.050506      0.06     30.46      0.03
     8803.200794  8.109745  0.001869 61.141412     -6.43   -139.19      0.45
     8804.132054  8.109831  0.001854 63.301288     -0.50     42.92      0.89
     8805.063314  8.109889  0.001836 60.092392     -5.99   -131.05      0.74
     8805.994573  8.109995  0.001841 64.156531     -1.54     48.11      0.33
     8806.925833  8.110140  0.001847 59.228157     -5.05   -131.10     -0.17
     8807.857093  8.110330  0.001865 64.602957     -2.87     44.11     -0.19
     8808.788353  8.110519  0.001872 58.939842     -3.78   -141.47     -0.14
     8809.719613  8.110677  0.001872 64.719642     -4.33     30.34      0.17
     8810.650873  8.110842  0.001875 59.261768     -2.55   -160.97      0.33
     8811.582133  8.110972  0.001873 64.309063     -5.74      8.12      0.29
     8812.513393  8.111071  0.001872 59.913454     -1.59    171.41      0.20
     8813.444653  8.111166  0.001868 63.356663     -6.83    -22.99      0.09
     8814.375913  8.111264  0.001864 60.878119     -1.02    134.70      0.16
     8815.307173  8.111376  0.001858 62.203630     -7.43    -63.76      0.13
     8816.238433  8.111473  0.001843 62.144004     -1.01     88.98      0.42
     8817.169693  8.111629  0.001843 61.099660     -7.49   -114.09      0.66
     8818.100953  8.111826  0.001857 63.352577     -1.61     34.66      0.88
     8819.032213  8.112002  0.001868 60.038969     -7.02   -172.80      0.56
     8819.963473  8.112067  0.001869 64.154910     -2.65    -27.20      0.11
     8820.894733  8.112146  0.001861 59.202272     -6.07    119.45      0.05
     8821.825993  8.112277  0.001864 64.611782     -3.96    -98.99      0.11
     8822.757253  8.112508  0.001869 58.961425     -4.83     41.95      0.06
     8823.688513  8.112716  0.001878 64.740757     -5.42   -179.12     -0.29
     8824.619773  8.112717  0.001847 59.265880     -3.63    -43.38     -0.76
     8825.551033  8.112658  0.001816 64.297089     -6.81     91.57     -0.25
     8826.482293  8.112816  0.001831 59.883260     -2.68   -139.40      0.31
     8827.413553  8.113068  0.001856 63.359566     -7.88     -7.38      0.17
     8828.344813  8.113259  0.001864 60.848651     -2.10    116.76      0.21
     8829.276073  8.113401  0.001866 62.255274     -8.49   -115.31      0.23
     8830.207333  8.113529  0.001866 62.117005     -2.09      4.69     -0.26
     8831.138593  8.113507  0.001825 61.177430     -8.58    128.81     -0.73
     8832.069853  8.113655  0.001822 63.284693     -2.64   -117.01      0.49
     8833.001113  8.113952  0.001867 60.078119     -8.15      1.66      0.51
     8833.932373  8.113995  0.001860 64.079463     -3.64    113.89     -0.23
     8834.863633  8.114161  0.001860 59.233501     -7.23   -132.91     -0.30
     8835.794893  8.114224  0.001849 64.606386     -4.93    -25.12     -0.11
     8836.726153  8.114290  0.001832 58.992476     -6.02     81.81      0.47
     8837.657413  8.114718  0.001881 64.774794     -6.36   -172.73     -0.03
     8838.588673  8.114537  0.001819 59.218251     -4.84    -70.37     -0.50
     8839.519933  8.114755  0.001842 64.352740     -7.75     30.35      0.57
     8840.451193  8.115031  0.001871 59.756157     -3.85    127.23     -0.15
     8841.382453  8.114976  0.001846 63.466264     -8.86   -134.62     -0.06
     8842.313713  8.115174  0.001850 60.707417     -3.23    -43.95      0.02
     8843.244973  8.115367  0.001866 62.438646     -9.52     50.19      0.29
     8844.176233  8.115389  0.001832 61.958205     -3.15    137.28     -0.73
     8845.107492  8.115604  0.001844 61.359832     -9.70   -134.13      0.88
     8846.038752  8.115708  0.001848 63.093636     -3.63    -50.60     -0.81
     8846.970012  8.115823  0.001842 60.216140     -9.36     33.34      0.54
     8847.901272  8.115978  0.001862 63.929141     -4.53    111.79     -0.10
     8848.832532  8.116115  0.001854 59.341773     -8.51   -168.30     -0.17
     8849.763792  8.116178  0.001845 64.556651     -5.75    -94.52      0.36
     8850.695052  8.116431  0.001854 59.033455     -7.36    -19.24     -0.59
     8851.626312  8.116460  0.001835 64.803878     -7.17     50.71      0.73
     8852.557572  8.116604  0.001838 59.129294     -6.20    120.85     -0.71
     8853.488832  8.116833  0.001863 64.456198     -8.58   -172.20      0.39
     8854.420092  8.116825  0.001843 59.565389     -5.15   -108.72     -0.19
     8855.351352  8.117075  0.001862 63.679816     -9.73    -44.47      0.12
     8856.282612  8.117140  0.001855 60.467361     -4.44     13.47     -0.34
     8857.213872  8.117292  0.001848 62.742919    -10.50     73.44      0.58
     8858.145132  8.117360  0.001827 61.673290     -4.23    127.48     -0.73
     8859.076392  8.117667  0.001868 61.668692    -10.82   -176.64      0.18
     8860.007652  8.117620  0.001829 62.784908     -4.56   -128.57      0.43
     8860.938912  8.117828  0.001854 60.476779    -10.62    -75.61     -0.52
     8861.870172  8.117893  0.001853 63.686374     -5.34    -32.22      0.22
     8862.801432  8.118115  0.001857 59.549994     -9.89     14.93     -0.21
     8863.732692  8.118276  0.001860 64.448614     -6.46     54.94      0.39
     8864.663952  8.118141  0.001807 59.130259     -8.85     96.60      0.07
     8865.595212  8.118466  0.001841 64.803787     -7.85    134.96     -0.78
     8866.526472  8.118785  0.001876 59.034059     -7.70    169.73      0.12
     8867.457732  8.118715  0.001847 64.576881     -9.26   -156.27      0.36
     8868.388992  8.118787  0.001842 59.327158     -6.59   -125.86     -0.19
     8869.320252  8.119014  0.001860 63.957788    -10.49    -95.34      0.12
     8870.251512  8.119098  0.001839 60.139367     -5.74    -71.04      0.21
     8871.182772  8.119229  0.001836 63.155063    -11.40    -42.90     -0.59
     8872.114032  8.119479  0.001860 61.261760     -5.38    -23.24     -0.74
     8873.045292  8.119630  0.001869 62.094144    -11.90     -0.75      0.17
     8873.976552  8.119634  0.001849 62.333744     -5.52     13.71      0.57
     8874.907812  8.119738  0.001842 60.863912    -11.89     32.85      0.21
     8875.839072  8.119972  0.001863 63.326381     -6.09     43.69     -0.12
     8876.770332  8.120158  0.001868 59.889361    -11.35     57.20      0.11
     8877.701592  8.120191  0.001844 64.230562     -7.09     63.66      0.55
     8878.632852  8.120195  0.001817 59.309602    -10.46     72.23      0.50
     8879.564112  8.120262  0.001807 64.721810     -8.39     76.27      0.12
     8880.495372  8.120415  0.001817 58.996835     -9.36     79.55     -0.29
     8881.426632  8.120622  0.001841 64.670148     -9.79     79.87     -0.28
     8882.357892  8.120812  0.001855 59.096358     -8.19     76.76     -0.13
     8883.289152  8.120958  0.001858 64.272826    -11.08     73.46      0.17
     8884.220412  8.121074  0.001846 59.762597     -7.22     64.60      0.59
     8885.151671  8.121180  0.001836 63.626648    -12.15     58.07      0.80
     8886.082931  8.121301  0.001832 60.746598     -6.65     44.44      0.92
     8887.014191  8.121440  0.001836 62.623699    -12.87     34.49      0.82
     8887.945451  8.121554  0.001842 61.747964     -6.54     16.41      0.44
     8888.876711  8.121674  0.001843 61.408583    -13.09      2.16      0.25
     8889.807971  8.121791  0.001839 62.815441     -6.87    -20.49     -0.09
     8890.739231  8.121891  0.001827 60.392354    -12.80    -39.52     -0.24
     8891.670491  8.121980  0.001810 63.856188     -7.67    -66.16     -0.35
     8892.601751  8.122101  0.001803 59.632882    -12.13    -90.76      0.04
     8893.533011  8.122319  0.001822 64.507333     -8.83   -121.34      0.42
     8894.464271  8.122543  0.001842 59.065413    -11.15   -151.13      0.44
     8895.395531  8.122709  0.001858 64.687378    -10.16    175.40      0.26
     8896.326791  8.122801  0.001850 58.936408     -9.98    139.83      0.28
     8897.258051  8.122874  0.001842 64.557916    -11.50    102.90      0.32
     8898.189311  8.123020  0.001840 59.389357     -8.90     61.49      0.67
     8899.120571  8.123301  0.001865 64.123331    -12.72     21.71      0.39
     8900.051831  8.123490  0.001870 60.153869     -8.12    -23.72     -0.50
     8900.983091  8.123482  0.001844 63.234304    -13.67    -67.20     -0.66
     8901.914351  8.123535  0.001841 61.049322     -7.71   -119.25     -0.16
     8902.845611  8.123632  0.001841 62.094882    -14.16   -167.11     -0.05
     8903.776871  8.123771  0.001835 62.149593     -7.74    136.71     -0.16
     8904.708131  8.123971  0.001838 61.069335    -14.19     84.02      0.42
     8905.639391  8.124250  0.001865 63.294293     -8.27     23.63      0.52
     8906.570651  8.124273  0.001848 60.145959    -13.80    -32.09     -0.66
     8907.501911  8.124266  0.001821 64.091812     -9.22    -96.55     -0.24
     8908.433171  8.124521  0.001846 59.331025    -13.02   -159.47      0.41
     8909.364431  8.124624  0.001856 64.531936    -10.42    133.09      0.19
     8910.295691  8.124790  0.001859 58.946444    -11.93     65.43     -0.04
     8911.226951  8.124974  0.001860 64.727947    -11.74     -5.14     -0.39
     8912.158211  8.124850  0.001807 59.110916    -10.80    -79.00      0.09
     8913.089471  8.125250  0.001856 64.547939    -13.06   -153.50      0.59
     8914.020731  8.125367  0.001850 59.581607     -9.84    128.92     -0.66
     8914.951991  8.125284  0.001823 63.849992    -14.21     50.55      0.29
     8915.883251  8.125608  0.001860 60.284648     -9.14    -33.70      0.20
     8916.814511  8.125717  0.001862 62.883087    -15.00   -114.69     -0.01
     8917.745771  8.125762  0.001839 61.346937     -8.82    156.51     -0.51
     8918.677031  8.125942  0.001837 61.915677    -15.38     70.18      0.63
     8919.608291  8.126136  0.001853 62.508772     -9.02    -22.18     -0.62
     8920.539551  8.126121  0.001816 60.878526    -15.35   -112.87      0.42
     8921.470811  8.126379  0.001860 63.433030     -9.66    149.89     -0.10
     8922.402071  8.126458  0.001841 59.860108    -14.87     55.25     -0.18
     8923.333331  8.126546  0.001847 64.138047    -10.62    -46.70      0.14
     8924.264590  8.126829  0.001862 59.210699    -13.98   -146.46     -0.18
     8925.195850  8.126701  0.001816 64.663037    -11.84    108.31      0.07
     8926.127110  8.127194  0.001875 59.035779    -12.92      3.06     -0.15
     8927.058370  8.126916  0.001799 64.786616    -13.18   -105.45      0.30
     8927.989630  8.127401  0.001866 59.139673    -11.86    144.07     -0.29
     8928.920890  8.127303  0.001836 64.377925    -14.46     32.11      0.25
     8929.852150  8.127553  0.001861 59.575593    -10.89    -84.45      0.07
     8930.783410  8.127623  0.001846 63.693643    -15.50    160.91     -0.21
     8931.714670  8.127819  0.001856 60.477517    -10.24     38.50      0.28
     8932.645930  8.127802  0.001813 62.873777    -16.26    -79.81      0.07
     8933.577190  8.128126  0.001858 61.544134    -10.05    154.30     -0.65
     8934.508450  8.128149  0.001836 61.816011    -16.63     30.29      0.74
     8935.439710  8.128293  0.001841 62.519258    -10.28    -99.89     -0.25
     8936.370970  8.128432  0.001855 60.685235    -16.53    132.50      0.05
     8937.302230  8.128506  0.001844 63.446781    -10.91     -2.69     -0.13
     8938.233490  8.128812  0.001865 59.818737    -15.99   -135.17      0.07
     8939.164750  8.128695  0.001816 64.277017    -11.89     85.59      0.38
     8940.096010  8.128841  0.001819 59.301206    -15.15    -50.68     -0.80
     8941.027270  8.129260  0.001870 64.722135    -13.13    166.38     -0.07
     8941.958530  8.129229  0.001843 58.982461    -14.13     22.74      0.54
     8942.889790  8.129266  0.001839 64.668856    -14.43   -122.12     -0.21
     8943.821050  8.129466  0.001852 59.062672    -13.02     88.80      0.12
     8944.752310  8.129557  0.001838 64.364959    -15.66    -60.19      0.17
     8945.683570  8.129749  0.001838 59.664755    -12.08    146.60     -0.69
     8946.614830  8.130008  0.001864 63.811422    -16.71     -5.91     -0.38
     8947.546090  8.130049  0.001854 60.505592    -11.50   -165.97      0.53
     8948.477350  8.130035  0.001826 62.869949    -17.49     38.05      0.57
     8949.408610  8.130196  0.001836 61.406558    -11.28   -125.54     -0.01
     8950.339870  8.130445  0.001859 61.758112    -17.85     74.44     -0.16
     8951.271130  8.130572  0.001854 62.444009    -11.46    -94.70      0.23
     8952.202390  8.130585  0.001829 60.793165    -17.75    100.61      0.26
     8953.133650  8.130615  0.001805 63.497077    -12.08    -71.40     -0.36
     8954.064910  8.130774  0.001811 59.980495    -17.29    119.53     -0.76
     8954.996170  8.130996  0.001837 64.222741    -13.05    -56.79     -0.73
     8955.927430  8.131189  0.001852 59.262487    -16.49    127.87     -0.22
     8956.858690  8.131290  0.001855 64.574473    -14.22    -52.41      0.16
     8957.789950  8.131364  0.001837 58.934868    -15.44    127.08      0.25
     8958.721210  8.131457  0.001825 64.721534    -15.48    -55.80     -0.03
     8959.652470  8.131557  0.001810 59.128335    -14.38    118.73     -0.36
     8960.583730  8.131699  0.001809 64.528393    -16.74    -67.41     -0.48
     8961.514990  8.131859  0.001819 59.582459    -13.48    101.43     -0.51
     8962.446250  8.132022  0.001830 63.863557    -17.84    -88.51     -0.28
     8963.377510  8.132198  0.001847 60.246553    -12.82     74.82     -0.20
     8964.308769  8.132350  0.001852 62.952823    -18.62   -118.83     -0.05
     8965.240029  8.132509  0.001857 61.232376    -12.51     39.49      0.10
     8966.171289  8.132673  0.001858 62.040318    -19.03   -157.93      0.05
     8967.102549  8.132839  0.001862 62.348634    -12.65     -3.54     -0.20
     8968.033809  8.132936  0.001853 61.072597    -19.07    154.99     -0.54
     8968.965069  8.133004  0.001848 63.255242    -13.19    -54.98     -0.59
     8969.896329  8.133130  0.001847 60.059080    -18.70     98.06     -0.39
     8970.827589  8.133307  0.001860 63.973700    -14.03   -116.18     -0.16
     8971.758849  8.133485  0.001860 59.358497    -17.93     31.86     -0.19
     8972.690109  8.133612  0.001859 64.575017    -15.13    174.65     -0.40
     8973.621369  8.133589  0.001824 59.086243    -16.97    -42.29     -0.70
     8974.552629  8.133572  0.001799 64.800001    -16.40     96.76     -0.32
     8975.483889  8.133764  0.001813 59.041583    -15.98   -126.63      0.33
     8976.415149  8.134055  0.001847 64.551928    -17.66      9.48      0.28
     8977.346409  8.134218  0.001854 59.301632    -14.99    141.14      0.26
     8978.277669  8.134303  0.001851 64.023875    -18.77    -86.21      0.22
     8979.208929  8.134454  0.001854 60.027102    -14.24     40.18      0.21
     8980.140189  8.134631  0.001853 63.364087    -19.65    170.10     -0.58
     8981.071449  8.134605  0.001813 60.985694    -13.85    -68.24     -0.66
     8982.002709  8.134702  0.001813 62.430395    -20.23     55.72      0.68
     8982.933969  8.134944  0.001848 61.900045    -13.85    172.90      0.33
     8983.865229  8.135134  0.001859 61.323666    -20.39    -65.74     -0.15
     8984.796489  8.135268  0.001858 62.847152    -14.18     46.54     -0.06
     8985.727749  8.135256  0.001833 60.398924    -20.12    163.07     -0.39
     8986.659009  8.135332  0.001809 63.793668    -14.91    -88.95      0.25
     8987.590269  8.135756  0.001861 59.708521    -19.55     22.08      0.53
     8988.521529  8.135682  0.001833 64.424468    -15.96    128.48     -0.74
     8989.452789  8.135768  0.001820 59.149597    -18.72   -126.48      0.18
     8990.384049  8.136027  0.001854 64.655491    -17.15    -24.91      0.21
     8991.315309  8.136097  0.001849 58.914241    -17.70     75.81     -0.12
     8992.246569  8.136274  0.001848 64.654235    -18.37    174.20     -0.26
     8993.177829  8.136244  0.001816 59.181236    -16.68    -91.51      0.45
     8994.109089  8.136671  0.001868 64.414409    -19.55      4.19     -0.15
     8995.040349  8.136467  0.001799 59.744050    -15.87     94.02     -0.19
     8995.971609  8.136836  0.001853 63.756117    -20.57   -174.92      0.41
     8996.902869  8.136909  0.001846 60.419590    -15.30    -89.67     -0.32
     8997.834129  8.136947  0.001838 62.812415    -21.27     -2.32      0.10
     8998.765389  8.137209  0.001853 61.354333    -15.05     77.07      0.30
     8999.696649  8.137233  0.001836 61.903125    -21.60    161.68     -0.56
     9000.627909  8.137417  0.001832 62.441924    -15.23   -124.43      0.87
     9001.559169  8.137513  0.001829 60.995107    -21.61    -43.32     -0.85
     9002.490429  8.137692  0.001838 63.333992    -15.80     26.43      0.67
     9003.421688  8.137777  0.001837 60.046962    -21.25    102.14     -0.54
     9004.352948  8.137898  0.001843 63.991071    -16.65    168.67      0.25
     9005.284208  8.138124  0.001854 59.340034    -20.53   -121.65     -0.15
     9006.215468  8.138061  0.001821 64.527571    -17.71    -57.96     -0.04
     9007.146728  8.138490  0.001866 59.066502    -19.60      6.28     -0.24
     9008.077988  8.138303  0.001806 64.806281    -18.92     66.02      0.67
     9009.009248  8.138576  0.001832 59.058941    -18.64    126.07     -0.71
     9009.940508  8.138803  0.001855 64.613242    -20.15   -177.67      0.37
     9010.871768  8.138740  0.001831 59.262946    -17.70   -123.93     -0.27
     9011.803028  8.138998  0.001854 64.099297    -21.24    -70.58      0.22
     9012.734288  8.139086  0.001835 59.889840    -16.92    -22.16     -0.40
     9013.665548  8.139287  0.001853 63.483792    -22.11     27.63      0.17
     9014.596808  8.139238  0.001806 60.808414    -16.49     70.19      0.62
     9015.528068  8.139460  0.001823 62.644152    -22.74    118.22     -0.79
     9016.459328  8.139685  0.001856 61.691384    -16.42    155.79     -0.07
     9017.390588  8.139677  0.001833 61.583928    -23.00   -162.34      0.39
     9018.321848  8.139908  0.001850 62.584633    -16.68   -128.09     -0.10
     9019.253108  8.140051  0.001850 60.629295    -22.87    -90.64      0.17
     9020.184368  8.139994  0.001813 63.520055    -17.29    -60.44     -0.22
     9021.115628  8.140243  0.001834 59.923580    -22.39    -26.97     -0.74
     9022.046888  8.140570  0.001867 64.265534    -18.22     -1.52      0.10
     9022.978148  8.140582  0.001842 59.326505    -21.69     25.65      0.75
     9023.909408  8.140592  0.001829 64.593761    -19.32     49.05      0.08
     9024.840668  8.140756  0.001842 58.942943    -20.75     71.71     -0.27
     9025.771928  8.140873  0.001843 64.680898    -20.49     90.51      0.20
     9026.703188  8.140912  0.001815 59.035771    -19.74    107.40      0.23
     9027.634448  8.141078  0.001814 64.592475    -21.66    124.25     -0.49
     9028.565708  8.141348  0.001837 59.457731    -18.88    136.32     -0.82
     9029.496968  8.141572  0.001859 64.116964    -22.75    148.80     -0.51
     9030.428228  8.141670  0.001859 60.006659    -18.22    154.69      0.06
     9031.359488  8.141698  0.001847 63.304283    -23.59    163.63      0.19
     9032.290748  8.141754  0.001833 60.790424    -17.81    165.24     -0.06
     9033.222008  8.141889  0.001834 62.440618    -24.12    170.67     -0.33
     9034.153268  8.142095  0.001841 61.819768    -17.76    167.78     -0.60
     9035.084528  8.142282  0.001850 61.592292    -24.34    168.75     -0.50
     9036.015788  8.142428  0.001855 62.781614    -18.09    161.21     -0.27
     9036.947048  8.142531  0.001853 60.635319    -24.22    157.43     -0.01
     9037.878308  8.142585  0.001847 63.515976    -18.72    145.84      0.13
     9038.809568  8.142660  0.001836 59.773353    -23.73    137.21      0.21
     9039.740828  8.142734  0.001824 64.181605    -19.59    122.17      0.03
     9040.672088  8.142805  0.001805 59.293367    -22.97    108.56      0.04
     9041.603348  8.142906  0.001793 64.679398    -20.68     90.01      0.09
     9042.534608  8.143059  0.001796 59.063558    -22.10     71.00      0.28
     9043.465867  8.143271  0.001816 64.759136    -21.87     49.11      0.37
     9044.397127  8.143457  0.001829 59.003832    -21.17     24.98      0.18
     9045.328387  8.143627  0.001842 64.493862    -23.03     -0.14      0.04
     9046.259647  8.143749  0.001835 59.323476    -20.27    -29.78     -0.06
     9047.190907  8.143831  0.001825 64.083397    -24.06    -58.46     -0.04
     9048.122167  8.143876  0.001803 60.036605    -19.59    -93.67      0.41
     9049.053427  8.144050  0.001813 63.472081    -24.91   -126.23      0.87
     9049.984687  8.144289  0.001839 60.827517    -19.23   -165.59      0.62
     9050.915947  8.144473  0.001853 62.551403    -25.49    158.93      0.06
     9051.847207  8.144607  0.001855 61.635971    -19.14    114.53     -0.01
     9052.778467  8.144744  0.001856 61.565468    -25.71     74.17      0.04
     9053.709727  8.144865  0.001853 62.612685    -19.38     25.41      0.00
     9054.640987  8.144904  0.001834 60.758709    -25.59    -18.69     -0.63
     9055.572247  8.144895  0.001799 63.520390    -19.98    -71.39     -0.52
     9056.503507  8.145110  0.001812 59.991517    -25.22   -121.95      0.55
     9057.434767  8.145367  0.001850 64.126047    -20.85   -178.22      0.44
     9058.366027  8.145436  0.001847 59.311259    -24.54    127.54     -0.01
     9059.297287  8.145580  0.001850 64.500330    -21.87     67.63     -0.14
     9060.228547  8.145753  0.001847 58.987841    -23.66      7.83     -0.34
     9061.159807  8.145696  0.001812 64.752185    -23.01    -55.57     -0.27
     9062.091067  8.145870  0.001815 59.064685    -22.74   -121.76      0.74
     9063.022327  8.146288  0.001865 64.691700    -24.17    172.58     -0.10
     9063.953587  8.146138  0.001820 59.292782    -21.90    102.47     -0.50
     9064.884847  8.146246  0.001826 64.202267    -25.24     31.75      0.23
     9065.816107  8.146513  0.001847 59.739443    -21.15    -44.17      0.26
     9066.747367  8.146607  0.001849 63.556888    -26.09   -117.68      0.15
     9067.678627  8.146738  0.001837 60.557797    -20.67    162.35     -0.67
     9068.609887  8.146751  0.001806 62.861370    -26.73     84.01      0.41
     9069.541147  8.147086  0.001853 61.477793    -20.54     -1.00      0.08
     9070.472407  8.147053  0.001814 61.960157    -27.10    -81.78     -0.45
     9071.403667  8.147194  0.001834 62.296413    -20.71   -172.51      0.42
     9072.334927  8.147425  0.001851 60.967617    -27.12    102.28     -0.20
     9073.266187  8.147463  0.001838 63.123097    -21.16      8.15     -0.18
     9074.197447  8.147581  0.001827 60.183846    -26.80    -82.81      0.25
     9075.128707  8.147876  0.001854 63.945309    -21.91    179.90     -0.26
     9076.059967  8.147709  0.001792 59.620983    -26.24     84.04      0.24
     9076.991227  8.148159  0.001860 64.477463    -22.89    -16.84     -0.13
     9077.922487  8.148027  0.001810 59.129906    -25.49   -117.47     -0.11
     9078.853747  8.148295  0.001848 64.648383    -23.97    137.43      0.14
     9079.785007  8.148420  0.001842 58.913824    -24.56     31.83     -0.29
     9080.716267  8.148435  0.001824 64.677139    -25.08    -77.00      0.31
     9081.647527  8.148785  0.001853 59.141911    -23.66    172.65     -0.55
     9082.578786  8.148668  0.001808 64.503974    -26.17     59.97      0.73
     9083.510046  8.148940  0.001829 59.574361    -22.91    -54.95     -0.69
     9084.441306  8.149084  0.001844 63.954394    -27.15   -170.94      0.42
     9085.372566  8.149104  0.001828 60.115133    -22.34     68.15     -0.22
     9086.303826  8.149356  0.001849 63.173094    -27.91    -50.84      0.10
     9087.235086  8.149384  0.001833 60.909541    -22.01   -176.87     -0.33
     9088.166346  8.149598  0.001843 62.399110    -28.38     59.71      0.54
     9089.097606  8.149572  0.001800 61.886723    -22.00    -70.17     -0.41
     9090.028866  8.149911  0.001849 61.590192    -28.58    163.24     -0.47
     9090.960126  8.149935  0.001831 62.734486    -22.33     26.97      0.75
     9091.891386  8.150047  0.001826 60.645537    -28.49   -103.16     -0.36
     9092.822646  8.150202  0.001845 63.427890    -22.89    117.18      0.04
     9093.753906  8.150240  0.001824 59.865957    -28.04    -18.91     -0.01
     9094.685166  8.150587  0.001858 64.133234    -23.69   -161.79     -0.06
     9095.616426  8.150614  0.001830 59.406528    -27.40     56.46      0.65
     9096.547686  8.150509  0.001788 64.617157    -24.71    -89.08     -0.07
     9097.478946  8.150817  0.001827 59.085524    -26.63    125.35     -0.70
     9098.410206  8.151076  0.001853 64.722062    -25.82    -25.14      0.08
     9099.341466  8.151116  0.001836 58.932862    -25.76   -176.90      0.22
     9100.272726  8.151225  0.001842 64.588243    -26.91     30.37     -0.24
     9101.203986  8.151374  0.001842 59.186720    -24.89   -126.91      0.15
     9102.135246  8.151382  0.001814 64.342512    -27.94     76.12      0.62
     9103.066506  8.151439  0.001789 59.747072    -24.19    -85.10     -0.02
     9103.997766  8.151702  0.001813 63.831960    -28.85    115.67     -0.70
     9104.929026  8.151986  0.001851 60.347451    -23.72    -51.43     -0.47
     9105.860286  8.152077  0.001851 63.007458    -29.53    144.31      0.04
     9106.791546  8.152084  0.001832 61.083462    -23.46    -27.55      0.08
     9107.722806  8.152183  0.001827 62.173389    -29.91    165.08     -0.34
     9108.654066  8.152401  0.001836 62.036649    -23.51    -10.87     -0.57
     9109.585326  8.152605  0.001850 61.404717    -30.05    176.92     -0.28
     9110.516586  8.152749  0.001851 62.912677    -23.89     -3.70      0.13
     9111.447846  8.152840  0.001847 60.554430    -29.92    179.52      0.42
     9112.379106  8.152893  0.001837 63.568023    -24.51     -4.67      0.33
     9113.310366  8.152984  0.001830 59.765550    -29.48    173.97      0.26
     9114.241626  8.153112  0.001832 64.146578    -25.33    -13.70     -0.15
     9115.172886  8.153254  0.001825 59.302727    -28.80    160.11     -0.39
     9116.104146  8.153415  0.001829 64.635369    -26.32    -31.00     -0.72
     9117.035406  8.153535  0.001823 59.096277    -28.03    137.63     -0.80
     9117.966666  8.153638  0.001824 64.777901    -27.41    -57.19     -0.73
     9118.897926  8.153769  0.001830 58.984549    -27.20    105.68     -0.40
     9119.829186  8.153899  0.001841 64.578795    -28.48    -92.82     -0.17
     9120.760446  8.154049  0.001841 59.172408    -26.36     64.86      0.01
     9121.691706  8.154211  0.001846 64.286261    -29.46   -136.98      0.16
     9122.622965  8.154429  0.001851 59.730710    -25.67     16.08     -0.00
     9123.554225  8.154594  0.001856 63.831325    -30.34    171.39     -0.38
     9124.485485  8.154682  0.001844 60.381286    -25.22    -40.34     -0.61
     9125.416745  8.154731  0.001834 63.065287    -31.04    110.77     -0.55
     9126.348005  8.154830  0.001836 61.069418    -24.99   -106.48     -0.16
     9127.279265  8.154924  0.001836 62.184007    -31.44     40.59     -0.15
     9128.210525  8.155039  0.001830 61.928368    -25.02    179.39     -0.34
     9129.141785  8.155116  0.001815 61.424790    -31.57    -37.48     -0.57
     9130.073045  8.155195  0.001791 62.849200    -25.36     96.62     -0.07
     9131.004305  8.155424  0.001809 60.670331    -31.47   -125.73      0.77
     9131.935565  8.155653  0.001844 63.545846    -25.97      5.16      0.54
     9132.866825  8.155741  0.001842 59.876533    -31.09    139.27      0.03
     9133.798085  8.155876  0.001847 64.060584    -26.73    -93.88     -0.08
     9134.729345  8.156078  0.001849 59.326675    -30.45     34.79     -0.19
     9135.660605  8.156113  0.001832 64.549746    -27.67    158.40     -0.52
     9136.591865  8.156024  0.001786 59.114989    -29.70    -78.51     -0.02
     9137.523125  8.156373  0.001823 64.789570    -28.72     40.74      0.74
     9138.454385  8.156658  0.001857 59.009788    -28.91    159.92     -0.04
     9139.385645  8.156557  0.001825 64.654934    -29.80    -83.24     -0.30
     9140.316905  8.156691  0.001825 59.090631    -28.11     29.69     -0.19
     9141.248165  8.156880  0.001836 64.347712    -30.80    142.43      0.13
     9142.179425  8.156974  0.001829 59.541617    -27.38   -109.96      0.47
     9143.110685  8.157246  0.001851 63.965558    -31.67      0.54     -0.39
     9144.041945  8.157132  0.001792 60.211306    -26.88    103.64     -0.32
     9144.973205  8.157369  0.001824 63.335672    -32.41   -151.41      0.79
     9145.904465  8.157623  0.001850 60.858270    -26.60    -51.91     -0.38
     9146.835725  8.157577  0.001824 62.466553    -32.90     49.76     -0.02
     9147.766985  8.157720  0.001827 61.615677    -26.54    143.35      0.00
     9148.698245  8.157979  0.001848 61.668380    -33.11   -119.10      0.32
     9149.629505  8.157989  0.001821 62.528282    -26.76    -28.58     -0.73
     9150.560765  8.158122  0.001810 60.957412    -33.10     63.58      0.71
     9151.492025  8.158339  0.001841 63.302229    -27.27    150.37     -0.52
     9152.423285  8.158348  0.001810 60.184039    -32.85   -121.47      0.22
     9153.354545  8.158538  0.001839 63.849771    -27.97    -39.70      0.06
     9154.285805  8.158703  0.001838 59.513601    -32.33     44.54     -0.26
     9155.217065  8.158694  0.001820 64.334503    -28.82    122.03      0.15
     9156.148325  8.159078  0.001853 59.176947    -31.63   -158.76     -0.11
     9157.079585  8.158838  0.001785 64.720721    -29.81    -84.28      0.00
     9158.010845  8.159387  0.001860 59.053543    -30.89    -10.16     -0.18
     9158.942105  8.159151  0.001798 64.762813    -30.86     60.60      0.31
     9159.873365  8.159516  0.001846 59.006859    -30.10    129.61     -0.06
     9160.804625  8.159534  0.001832 64.516720    -31.86   -162.66     -0.09
     9161.735884  8.159677  0.001836 59.263662    -29.33    -99.65      0.31
     9162.667144  8.159809  0.001824 64.211773    -32.78    -34.69     -0.39
     9163.598404  8.160040  0.001844 59.837421    -28.73     23.21      0.28
     9164.529664  8.159908  0.001787 63.736576    -33.60     84.13      0.20
     9165.460924  8.160317  0.001845 60.454185    -28.34    138.67     -0.59
     9166.392184  8.160288  0.001827 62.985997    -34.24   -165.38      0.47
     9167.323444  8.160448  0.001832 61.111710    -28.15   -115.86     -0.13
     9168.254704  8.160624  0.001840 62.163730    -34.62    -63.19      0.12
     9169.185964  8.160648  0.001823 61.941466    -28.19    -18.13     -0.47
     9170.117224  8.160942  0.001849 61.450967    -34.74     29.85      0.32
     9171.048484  8.160884  0.001799 62.814724    -28.52     70.00      0.65
     9171.979744  8.161010  0.001804 60.729778    -34.67    115.86     -0.81
     9172.911004  8.161275  0.001843 63.455118    -29.08    151.58     -0.04
     9173.842264  8.161327  0.001826 59.946205    -34.34   -169.24      0.33
     9174.773524  8.161534  0.001845 63.980462    -29.78   -136.17     -0.19
     9175.704784  8.161627  0.001837 59.425086    -33.77   -102.01      0.29
     9176.636044  8.161559  0.001794 64.486252    -30.65    -72.65      0.00
     9177.567304  8.161805  0.001811 59.174760    -33.10    -42.16     -0.73
     9178.498564  8.162156  0.001851 64.756797    -31.66    -16.89     -0.25
     9179.429824  8.162230  0.001841 58.996315    -32.38      7.01      0.49
     9180.361084  8.162210  0.001824 64.687058    -32.67     29.58      0.16
     9181.292344  8.162326  0.001828 59.001785    -31.60     49.40     -0.31
     9182.223604  8.162487  0.001839 64.479172    -33.64     67.72      0.10
     9183.154864  8.162548  0.001815 59.363973    -30.88     81.54      0.60
     9184.086124  8.162600  0.001791 64.206772    -34.54     97.33      0.19
     9185.017384  8.162770  0.001793 59.913126    -30.34    107.52     -0.48
     9185.948644  8.163029  0.001821 63.666381    -35.33    119.60     -0.71
     9186.879904  8.163248  0.001847 60.449070    -29.97    123.73     -0.26
     9187.811164  8.163336  0.001845 62.896163    -35.91    131.34      0.06
     9188.742424  8.163373  0.001826 61.146506    -29.77    131.15      0.05
     9189.673684  8.163448  0.001815 62.187222    -36.25    135.42     -0.27
     9190.604944  8.163570  0.001806 62.016880    -29.85    131.47     -0.74
     9191.536204  8.163723  0.001810 61.498430    -36.41    131.48     -0.90
     9192.467464  8.163886  0.001820 62.769562    -30.18    122.88     -0.80
     9193.398724  8.164037  0.001829 60.695167    -36.35    118.03     -0.61
     9194.329984  8.164184  0.001841 63.364547    -30.70    105.01     -0.21
     9195.261244  8.164317  0.001841 59.967580    -36.02     95.37     -0.00
     9196.192504  8.164429  0.001834 63.966982    -31.39     78.60      0.31
     9197.123764  8.164571  0.001829 59.519944    -35.51     64.13      0.59
     9198.055024  8.164729  0.001829 64.494745    -32.24     44.00      0.84
     9198.986284  8.164914  0.001839 59.208744    -34.89     24.99      0.78
     9199.917544  8.165048  0.001848 64.696339    -33.21      2.00      0.44
     9200.848804  8.165125  0.001843 58.946407    -34.17    -22.19      0.35
     9201.780063  8.165177  0.001837 64.664708    -34.17    -49.02      0.24
     9202.711323  8.165239  0.001821 58.994183    -33.39    -78.64      0.42
     9203.642583  8.165358  0.001817 64.594099    -35.12   -109.09      0.57
     9204.573843  8.165603  0.001832 59.338002    -32.72   -143.49      0.66
     9205.505103  8.165852  0.001852 64.328954    -36.04   -176.57      0.12
     9206.436363  8.165962  0.001849 59.730711    -32.17    144.66     -0.38
     9207.367623  8.165975  0.001833 63.754351    -36.84    107.38     -0.38
     9208.298883  8.166036  0.001830 60.225553    -31.75     62.91     -0.18
     9209.230143  8.166142  0.001829 63.096522    -37.44     21.84     -0.23
     9210.161403  8.166282  0.001819 60.958077    -31.51    -26.75     -0.55
     9211.092663  8.166354  0.001798 62.491290    -37.87    -72.12     -0.12
     9212.023923  8.166521  0.001804 61.780434    -31.53   -126.29      0.88
     9212.955183  8.166789  0.001840 61.761736    -38.12   -174.85      0.45
     9213.886443  8.166887  0.001839 62.436015    -31.76    128.45     -0.35
     9214.817703  8.166994  0.001833 60.919468    -38.12     74.88     -0.26
     9215.748963  8.167059  0.001829 63.096396    -32.16     13.04     -0.13
     9216.680223  8.167083  0.001806 60.268973    -37.87    -45.07     -0.08
     9217.611483  8.167320  0.001814 63.800589    -32.77   -111.20      0.65
     9218.542743  8.167640  0.001852 59.783281    -37.48   -173.35      0.13
     9219.474003  8.167499  0.001805 64.294976    -33.57    118.61     -0.77
     9220.405263  8.167658  0.001805 59.307483    -36.96     50.01      0.24
     9221.336523  8.167884  0.001838 64.528528    -34.46    -22.63      0.23
     9222.267783  8.167967  0.001833 58.982430    -36.28    -95.02     -0.09
     9223.199043  8.168160  0.001838 64.683354    -35.37   -171.05     -0.25
     9224.130303  8.168074  0.001794 58.994144    -35.54    110.85      0.17
     9225.061563  8.168466  0.001841 64.752098    -36.33     30.99      0.57
     9225.992823  8.168491  0.001817 59.177978    -34.87    -50.17     -0.86
     9226.924083  8.168494  0.001801 64.511246    -37.27   -134.42      0.53
     9227.855343  8.168860  0.001847 59.389684    -34.26    138.34      0.05
     9228.786603  8.168803  0.001825 64.036084    -38.09     52.00     -0.14
     9229.717863  8.168977  0.001820 59.847846    -33.72    -40.90      0.04
     9230.649123  8.169138  0.001835 63.572931    -38.78   -131.38      0.39
     9231.580383  8.169222  0.001809 60.543969    -33.39    132.52     -0.78
     9232.511643  8.169365  0.001819 63.016533    -39.35     37.11      0.82
     9233.442903  8.169527  0.001821 61.203148    -33.28    -63.19     -0.65
     9234.374163  8.169574  0.001820 62.247402    -39.75   -162.21      0.52
     9235.305423  8.169829  0.001842 61.832269    -33.33     92.11     -0.15
     9236.236683  8.169786  0.001817 61.471281    -39.89    -10.11     -0.05
     9237.167943  8.170091  0.001839 62.591010    -33.58   -121.08      0.36
     9238.099203  8.170011  0.001798 60.861596    -39.84    133.39     -0.53
     9239.030463  8.170408  0.001846 63.343106    -34.06     17.96      0.57
     9239.961723  8.170239  0.001784 60.254815    -39.64    -92.10     -0.28
     9240.892982  8.170569  0.001839 63.841756    -34.70    149.50     -0.06
     9241.824242  8.170626  0.001820 59.612150    -39.23     33.55      0.11
     9242.755502  8.170774  0.001837 64.225453    -35.43    -88.44      0.06
     9243.686762  8.170814  0.001812 59.230941    -38.64    151.13     -0.19
     9244.618022  8.171182  0.001848 64.618337    -36.28     25.30      0.16
     9245.549282  8.170971  0.001783 59.098211    -38.02   -100.46      0.44
     9246.480542  8.171269  0.001817 64.783733    -37.23    131.94     -0.76
     9247.411802  8.171536  0.001841 58.997320    -37.37      0.25      0.41
     9248.343062  8.171443  0.001813 64.654579    -38.16   -131.72      0.03
     9249.274322  8.171653  0.001834 59.048277    -36.69     92.64     -0.00
     9250.205582  8.171772  0.001825 64.435260    -39.04    -43.32      0.06
     9251.136842  8.171989  0.001834 59.406892    -36.06    176.70     -0.53
     9252.068102  8.172084  0.001832 64.178032    -39.85     36.25      0.60
     9252.999362  8.171978  0.001779 59.924316    -35.60   -108.88      0.48
     9253.930622  8.172255  0.001807 63.682218    -40.58    109.33     -0.61
     9254.861882  8.172538  0.001847 60.389922    -35.28    -41.29     -0.09
     9255.793142  8.172501  0.001824 62.985913    -41.12    171.68      0.13
     9256.724402  8.172627  0.001824 61.015795    -35.09     17.26     -0.26
     9257.655662  8.172855  0.001839 62.356644    -41.49   -134.02      0.28
     9258.586922  8.172894  0.001807 61.807594    -35.11     66.52      0.72
     9259.518182  8.172931  0.001785 61.747066    -41.71    -87.53      0.01
     9260.449442  8.173136  0.001807 62.488129    -35.37    110.07     -0.73
     9261.380702  8.173343  0.001831 61.001891    -41.75    -49.35     -0.43
     9262.311962  8.173418  0.001832 63.045896    -35.77    142.74      0.13
     9263.243222  8.173471  0.001816 60.297768    -41.55    -20.97      0.11
     9264.174482  8.173643  0.001820 63.655148    -36.32    168.18     -0.29
     9265.105742  8.173895  0.001838 59.830645    -41.19     -0.05     -0.38
     9266.037002  8.174126  0.001850 64.226797    -37.03   -175.27      0.07
     9266.968262  8.174238  0.001847 59.448200    -40.74     11.23      0.56
     9267.899522  8.174274  0.001833 64.515010    -37.86   -167.13      0.56
     9268.830782  8.174326  0.001822 59.063012    -40.16     15.06      0.34
     9269.762042  8.174456  0.001830 64.628936    -38.70   -166.53     -0.12
     9270.693302  8.174637  0.001832 58.939892    -39.48     10.63     -0.34
     9271.624562  8.174834  0.001846 64.741622    -39.58   -174.85     -0.30
     9272.555822  8.175015  0.001847 59.083515    -38.84     -2.68     -0.31
     9273.487082  8.175147  0.001850 64.670406    -40.49    168.50     -0.25
     9274.418342  8.175247  0.001846 59.259894    -38.27    -24.43     -0.10
     9275.349602  8.175318  0.001845 64.311085    -41.35    143.19     -0.06
     9276.280862  8.175402  0.001837 59.531456    -37.73    -54.88      0.18
     9277.212122  8.175480  0.001832 63.866319    -42.07    109.01      0.26
     9278.143382  8.175541  0.001812 60.075006    -37.30    -93.79      0.49
     9279.074642  8.175647  0.001807 63.444992    -42.69     66.29      0.79
     9280.005902  8.175812  0.001811 60.732238    -37.08   -140.83      0.91
     9280.937161  8.176003  0.001830 62.858165    -43.19     16.02      0.66
     9281.868421  8.176129  0.001833 61.285211    -37.02    164.89      0.22
     9282.799681  8.176259  0.001838 62.101615    -43.51    -42.49      0.06
     9283.730941  8.176392  0.001833 61.913694    -37.07    101.33      0.19
     9284.662201  8.176541  0.001835 61.452169    -43.62   -110.61      0.40
     9285.593461  8.176707  0.001838 62.673888    -37.34     29.32      0.43
     9286.524721  8.176824  0.001840 60.894092    -43.60    174.06     -0.26
     9287.455981  8.176831  0.001815 63.290408    -37.81    -49.35     -0.75
     9288.387241  8.176905  0.001803 60.251657    -43.44     89.90     -0.50
     9289.318501  8.177090  0.001820 63.735368    -38.39   -138.54      0.05
     9290.249761  8.177181  0.001817 59.665815    -43.07     -3.86      0.09
     9291.181021  8.177244  0.001809 64.174171    -39.07    124.47      0.10
     9292.112281  8.177453  0.001813 59.351970    -42.57   -105.89      0.48
     9293.043541  8.177798  0.001849 64.591856    -39.86     19.13      0.39
     9293.974801  8.177800  0.001826 59.154054    -42.03    145.49     -0.70
     9294.906061  8.177694  0.001789 64.721884    -40.73    -93.38     -0.36
     9295.837321  8.177957  0.001814 58.948918    -41.44     26.23      0.26
     9296.768581  8.178127  0.001831 64.661479    -41.58    144.09      0.20
     9297.699841  8.178215  0.001826 58.986835    -40.78   -100.78      0.28
     9298.631101  8.178474  0.001840 64.607655    -42.41     14.09     -0.22
     9299.562361  8.178407  0.001795 59.282462    -40.20    124.94     -0.57
     9300.493621  8.178499  0.001794 64.411687    -43.24   -125.43      0.80
     9301.424881  8.178910  0.001844 59.595715    -39.74    -18.85     -0.08
     9302.356141  8.178805  0.001810 63.952954    -44.00     88.74     -0.32
     9303.287401  8.178924  0.001814 59.958784    -39.34   -170.88      0.08
     9304.218661  8.179167  0.001832 63.418209    -44.60    -67.44      0.18
     9305.149921  8.179279  0.001834 60.551338    -39.06     28.95     -0.05
     9306.081181  8.179311  0.001799 62.946733    -45.08    129.18     -0.48
     9307.012441  8.179498  0.001813 61.247494    -38.98   -140.33      0.92
     9307.943701  8.179686  0.001825 62.357609    -45.44    -42.60     -0.90
     9308.874961  8.179658  0.001803 61.812084    -39.06     43.61      0.39
     9309.806221  8.179920  0.001834 61.610162    -45.63    135.67     -0.00
     9310.737481  8.180023  0.001832 62.392484    -39.25   -141.05     -0.15
     9311.668741  8.180039  0.001807 60.988426    -45.61    -53.90      0.05
     9312.600001  8.180382  0.001840 63.088716    -39.62     25.14      0.26
     9313.531261  8.180225  0.001781 60.494063    -45.49    108.88     -0.44
     9314.462521  8.180637  0.001841 63.654940    -40.17   -176.40      0.36
     9315.393781  8.180534  0.001794 59.936585    -45.25    -97.32     -0.28
     9316.325041  8.180772  0.001829 64.012309    -40.81    -26.14      0.19
     9317.256301  8.180914  0.001826 59.427767    -44.83     47.94     -0.28
     9318.187561  8.180926  0.001813 64.352219    -41.52    115.35      0.21
     9319.118821  8.181247  0.001835 59.184945    -44.30   -175.20     -0.36
     9320.050080  8.181163  0.001793 64.685557    -42.31   -111.68      0.62
     9320.981340  8.181367  0.001808 59.087135    -43.76    -46.01     -0.89
     9321.912600  8.181632  0.001835 64.768286    -43.16     13.59      0.58
     9322.843860  8.181522  0.001801 58.965422    -43.20     73.65     -0.30
     9323.775120  8.181799  0.001833 64.629696    -43.99    130.59      0.17
     9324.706380  8.181912  0.001824 59.037716    -42.59   -174.70     -0.35
     9325.637640  8.182011  0.001824 64.509782    -44.77   -121.55      0.41
     9326.568900  8.181999  0.001781 59.382589    -42.06    -71.56     -0.06
     9327.500160  8.182427  0.001837 64.301865    -45.55    -20.51     -0.59
     9328.431420  8.182397  0.001815 59.737331    -41.66     23.10      0.63
     9329.362680  8.182395  0.001795 63.831317    -46.24     70.62     -0.06
     9330.293940  8.182735  0.001838 60.102134    -41.32    110.59     -0.05
     9331.225200  8.182761  0.001822 63.285494    -46.80    153.43      0.09
     9332.156460  8.182896  0.001823 60.670908    -41.09   -170.70     -0.37
     9333.087720  8.183064  0.001826 62.809214    -47.22   -132.43      0.54
     9334.018980  8.183027  0.001780 61.356743    -41.05   -101.14      0.44
     9334.950240  8.183228  0.001796 62.263010    -47.56    -64.54     -0.86
     9335.881500  8.183488  0.001837 61.901722    -41.16    -38.18     -0.34
     9336.812760  8.183496  0.001822 61.545771    -47.72     -7.83      0.35
     9337.744020  8.183596  0.001816 62.443035    -41.37     15.14     -0.08
     9338.675280  8.183864  0.001835 60.934600    -47.70     41.79     -0.02
     9339.606540  8.183962  0.001821 63.100952    -41.73     59.81      0.60
     9340.537800  8.183931  0.001786 60.476879    -47.58     82.49      0.34
     9341.469060  8.184012  0.001781 63.652335    -42.26     98.23     -0.46
     9342.400320  8.184230  0.001806 59.960931    -47.35    116.40     -0.75
     9343.331580  8.184415  0.001828 63.996802    -42.88    126.92     -0.20
     9344.262840  8.184509  0.001823 59.461212    -46.97    139.54      0.26
     9345.194100  8.184587  0.001812 64.318283    -43.56    147.03      0.06
     9346.125360  8.184739  0.001807 59.206787    -46.48    155.83     -0.36
     9347.056620  8.184989  0.001825 64.655637    -44.32    159.95     -0.63
     9347.987880  8.185210  0.001839 59.104789    -45.98    163.50     -0.44
     9348.919140  8.185344  0.001844 64.767743    -45.13    163.54     -0.07
     9349.850400  8.185415  0.001837 58.966169    -45.46    161.99      0.30
     9350.781660  8.185458  0.001830 64.656566    -45.93    158.82      0.21
     9351.712920  8.185532  0.001815 58.991125    -44.87    152.85      0.03
     9352.644180  8.185651  0.001814 64.565067    -46.69    146.41     -0.31
     9353.575440  8.185758  0.001801 59.283176    -44.36    135.93     -0.62
     9354.506700  8.185874  0.001798 64.407632    -47.45    125.87     -0.74
     9355.437960  8.185987  0.001797 59.603095    -43.95    110.33     -0.65
     9356.369220  8.186106  0.001802 64.006117    -48.15     96.29     -0.42
     9357.300480  8.186256  0.001816 59.912546    -43.60     75.84     -0.25
     9358.231740  8.186395  0.001824 63.499244    -48.73     58.09     -0.14
     9359.163000  8.186556  0.001828 60.408980    -43.34     33.16     -0.11
     9360.094259  8.186726  0.001832 63.075811    -49.19     11.88     -0.24
     9361.025519  8.186894  0.001831 61.046098    -43.23    -16.82     -0.70
     9361.956779  8.186971  0.001817 62.588374    -49.58    -41.75     -0.97
     9362.888039  8.187049  0.001810 61.573195    -43.27    -75.55     -0.65
     9363.819299  8.187155  0.001812 61.908696    -49.83   -105.27     -0.28
     9364.750559  8.187275  0.001821 62.078002    -43.40   -143.30     -0.16
     9365.681819  8.187364  0.001814 61.304711    -49.90   -176.80     -0.26
     9366.613079  8.187453  0.001799 62.715999    -43.67    141.61     -0.57
     9367.544339  8.187539  0.001781 60.847115    -49.88    103.40     -0.15
     9368.475599  8.187758  0.001794 63.301925    -44.09     56.89      0.69
     9369.406859  8.188002  0.001824 60.319085    -49.76     14.72      0.66
     9370.338119  8.188076  0.001828 63.683104    -44.63    -34.21     -0.01
     9371.269379  8.188193  0.001825 59.777642    -49.50    -80.87     -0.22
     9372.200639  8.188375  0.001833 64.046835    -45.21   -134.45     -0.12
     9373.131899  8.188439  0.001817 59.437871    -49.09    174.28     -0.35
     9374.063159  8.188373  0.001779 64.450764    -45.89    117.26     -0.32
     9374.994419  8.188606  0.001791 59.261758    -48.68     60.09      0.80
     9375.925679  8.188990  0.001844 64.676161    -46.64      0.11      0.31
     9376.856939  8.188931  0.001819 59.031780    -48.21    -59.93     -0.50
     9377.788199  8.189005  0.001814 64.667281    -47.39   -124.38     -0.23
     9378.719459  8.189179  0.001815 58.915277    -47.66    169.64     -0.04
     9379.650719  8.189215  0.001805 64.679573    -48.14    101.59      0.26
     9380.581979  8.189546  0.001833 59.073233    -47.14     31.22      0.20
     9381.513239  8.189590  0.001810 64.658326    -48.91    -38.92     -0.76
     9382.444499  8.189495  0.001776 59.281820    -46.70   -115.24      0.47
     9383.375759  8.189948  0.001839 64.396940    -49.65    170.43      0.13
     9384.307019  8.189913  0.001817 59.463980    -46.29     90.93     -0.30
     9385.238279  8.190005  0.001814 64.001529    -50.30     12.29     -0.09
     9386.169539  8.190180  0.001815 59.827091    -45.91    -72.76      0.31
     9387.100799  8.190360  0.001829 63.670786    -50.86   -154.51     -0.03
     9388.032059  8.190342  0.001783 60.372128    -45.67    116.91     -0.47
     9388.963319  8.190582  0.001817 63.283374    -51.37     29.85      0.85
     9389.894579  8.190732  0.001816 60.838663    -45.57    -61.99     -0.74
     9390.825839  8.190716  0.001802 62.684466    -51.78   -152.83      0.39
     9391.757099  8.191017  0.001833 61.281829    -45.53    109.52      0.05
     9392.688359  8.191008  0.001815 62.105039    -52.02     15.97     -0.19
     9393.619619  8.191152  0.001802 61.897807    -45.61    -86.80      0.40
     9394.550879  8.191370  0.001827 61.653245    -52.18    176.22     -0.41
     9395.482139  8.191345  0.001783 62.508829    -45.85     69.21      0.50
     9396.413399  8.191619  0.001823 61.123493    -52.26    -31.75     -0.52
     9397.344659  8.191642  0.001805 62.950840    -46.21   -142.84      0.40
     9398.275919  8.191844  0.001827 60.515589    -52.19    111.35     -0.23
     9399.207178  8.191873  0.001812 63.378602    -46.63     -3.03     -0.09
     9400.138438  8.192150  0.001830 60.063837    -51.98   -114.24      0.21
     9401.069698  8.192038  0.001784 63.890620    -47.15    128.55     -0.50
     9402.000958  8.192502  0.001843 59.761996    -51.70     12.48      0.28
     9402.932218  8.192289  0.001775 64.266363    -47.77   -108.95      0.22
     9403.863478  8.192586  0.001820 59.393711    -51.37    131.76     -0.43
     9404.794738  8.192699  0.001821 64.428761    -48.44      5.72      0.32
     9405.725998  8.192839  0.001826 59.082959    -50.93   -118.45     -0.27
     9406.657258  8.192834  0.001802 64.607261    -49.12    112.17      0.16
     9407.588518  8.193112  0.001816 59.027036    -50.45    -16.50     -0.54
     9408.519778  8.193311  0.001830 64.784182    -49.85   -149.96      0.58
     9409.451038  8.193104  0.001768 59.046375    -50.01     76.48      0.17
     9410.382298  8.193427  0.001809 64.728917    -50.62    -58.66     -0.54
     9411.313558  8.193663  0.001831 59.019817    -49.55    161.67      0.30
     9412.244818  8.193652  0.001814 64.529960    -51.32     22.52     -0.10
     9413.176078  8.193810  0.001822 59.169825    -49.08   -121.19     -0.02
     9414.107338  8.193849  0.001800 64.376162    -51.99     95.25      0.41
     9415.038598  8.193997  0.001790 59.529003    -48.69    -51.82     -0.64
     9415.969858  8.194358  0.001835 64.176827    -52.64    161.53     -0.59
     9416.901118  8.194391  0.001827 59.855423    -48.41      7.78      0.51
     9417.832378  8.194319  0.001795 63.730982    -53.22   -142.41      0.34
     9418.763638  8.194515  0.001813 60.166193    -48.15     60.72     -0.17
     9419.694898  8.194732  0.001829 63.255354    -53.69    -93.87      0.17
     9420.626158  8.194770  0.001800 60.672119    -47.97    104.26      0.24
     9421.557418  8.194871  0.001791 62.884335    -54.08    -53.03     -0.47
     9422.488678  8.195097  0.001812 61.239348    -47.96    141.47     -0.91
     9423.419938  8.195292  0.001829 62.408397    -54.41    -20.95     -0.39
     9424.351198  8.195345  0.001825 61.683673    -48.05    168.19      0.22
     9425.282458  8.195375  0.001809 61.795522    -54.62      2.05      0.31
     9426.213718  8.195479  0.001808 62.141134    -48.21   -172.15     -0.06
     9427.144978  8.195682  0.001820 61.278448    -54.69     17.76     -0.24
     9428.076238  8.195916  0.001832 62.732872    -48.46   -161.05      0.05
     9429.007498  8.196071  0.001833 60.886054    -54.68     24.07      0.54
     9429.938758  8.196151  0.001822 63.244884    -48.86   -158.47      0.79
     9430.870018  8.196208  0.001813 60.390866    -54.61     22.79      0.78
     9431.801278  8.196282  0.001811 63.568330    -49.32   -163.02      0.29
     9432.732538  8.196404  0.001810 59.885368    -54.39     13.88      0.06
     9433.663798  8.196570  0.001820 63.937248    -49.82   -175.98     -0.26
     9434.595058  8.196734  0.001819 59.599294    -54.09     -3.62     -0.41
     9435.526318  8.196891  0.001824 64.337424    -50.42    162.84     -0.55
     9436.457578  8.196995  0.001817 59.384474    -53.77    -29.36     -0.61
     9437.388838  8.197067  0.001815 64.539598    -51.09    133.34     -0.59
     9438.320098  8.197167  0.001813 59.106220    -53.41    -63.88     -0.35
     9439.251357  8.197284  0.001821 64.594934    -51.76     94.89     -0.15
     9440.182617  8.197438  0.001821 58.950138    -52.96   -106.98     -0.02
     9441.113877  8.197614  0.001828 64.707448    -52.42     48.15      0.21
     9442.045137  8.197852  0.001836 59.020866    -52.51   -158.01      0.10
     9442.976397  8.198020  0.001843 64.781083    -53.13     -5.70     -0.24
     9443.907657  8.198062  0.001827 59.096582    -52.11    143.73     -0.54
     9444.838917  8.198042  0.001812 64.601206    -53.83    -67.94     -0.50
     9445.770177  8.198124  0.001810 59.146443    -51.70     76.12     -0.25
     9446.701437  8.198277  0.001819 64.356129    -54.45   -139.28     -0.23
     9447.632697  8.198470  0.001817 59.402911    -51.31      0.64     -0.47
     9448.563957  8.198547  0.001804 64.191854    -55.06    141.87     -0.61
     9449.495217  8.198514  0.001769 59.795066    -51.02    -83.44      0.01
     9450.426477  8.198671  0.001781 63.901521    -55.64     53.35      0.71
     9451.357737  8.198959  0.001819 60.097781    -50.82   -175.58      0.43
     9452.288997  8.199149  0.001830 63.437098    -56.15    -41.46     -0.06
     9453.220257  8.199226  0.001827 60.439537    -50.64     84.63      0.03
     9454.151517  8.199289  0.001819 62.995644    -56.54   -145.49     -0.12
     9455.082777  8.199409  0.001807 60.962877    -50.56    -23.01     -0.70
     9456.014037  8.199429  0.001775 62.649657    -56.87    102.25     -0.02
     9456.945297  8.199643  0.001798 61.494153    -50.61   -140.89      0.94
     9457.876557  8.199902  0.001832 62.161425    -57.14    -17.83     -0.14
     9458.807817  8.199967  0.001818 61.871195    -50.73     95.90     -0.35
     9459.739077  8.199991  0.001807 61.576046    -57.29   -146.63     -0.07
     9460.670337  8.200082  0.001801 62.330845    -50.91    -37.37     -0.05
     9461.601597  8.200335  0.001814 61.154002    -57.33     75.75      0.44
     9462.532857  8.200523  0.001830 62.891845    -51.20   -178.17     -0.16
     9463.464117  8.200412  0.001775 60.781449    -57.33    -68.28     -0.59
     9464.395377  8.200682  0.001805 63.308669    -51.61     32.04      0.73
     9465.326637  8.200823  0.001822 60.291844    -57.25    138.13     -0.29
     9466.257897  8.200929  0.001815 63.600303    -52.05   -124.39     -0.14
     9467.189157  8.200955  0.001802 59.852489    -57.04    -24.12      0.12
     9468.120417  8.201208  0.001820 63.972119    -52.53     69.46      0.36
     9469.051677  8.201323  0.001813 59.617901    -56.77    166.54     -0.56
     9469.982937  8.201259  0.001770 64.346608    -53.11   -104.13      0.41
     9470.914197  8.201710  0.001837 59.390920    -56.50    -11.93     -0.06
     9471.845457  8.201541  0.001786 64.497803    -53.73     74.81     -0.17
     9472.776717  8.201823  0.001818 59.094254    -56.15    161.27      0.36
     9473.707977  8.201926  0.001824 64.574446    -54.34   -115.39     -0.15
     9474.639237  8.201967  0.001797 58.985832    -55.73    -33.11     -0.06
     9475.570497  8.202225  0.001820 64.734493    -54.97     45.73      0.42
     9476.501757  8.202165  0.001780 59.041381    -55.35    124.73     -0.65
     9477.433017  8.202538  0.001826 64.782363    -55.66   -160.64      0.58
     9478.364276  8.202392  0.001782 59.040773    -55.00    -86.34     -0.40
     9479.295536  8.202748  0.001826 64.623665    -56.32    -14.79      0.22
     9480.226796  8.202726  0.001809 59.063116    -54.62     54.29     -0.30
     9481.158056  8.202886  0.001812 64.457807    -56.93    122.20      0.24
     9482.089316  8.203121  0.001823 59.301080    -54.25   -173.09     -0.44
     9483.020576  8.203026  0.001782 64.356795    -57.51   -109.27      0.68
     9483.951836  8.203306  0.001802 59.617167    -53.97    -47.99     -0.93
     9484.883096  8.203483  0.001823 64.096285    -58.09     11.89      0.53
     9485.814356  8.203404  0.001789 59.831598    -53.74     67.63     -0.13
     9486.745616  8.203731  0.001828 63.676707    -58.59    124.91      0.06
     9487.676876  8.203727  0.001806 60.143163    -53.53    175.78     -0.32
     9488.608136  8.203921  0.001821 63.349746    -59.01   -131.12      0.27
     9489.539396  8.203912  0.001776 60.632586    -53.41    -84.82      0.27
     9490.470656  8.204202  0.001809 63.046276    -59.41    -33.72     -0.85
     9491.401916  8.204329  0.001818 61.049852    -53.41      7.09      0.44
     9492.333176  8.204285  0.001785 62.564102    -59.75     53.24      0.30
     9493.264436  8.204579  0.001822 61.387144    -53.44     91.49     -0.23
     9494.195696  8.204648  0.001817 62.060477    -59.97    133.01      0.15
     9495.126956  8.204699  0.001801 61.849982    -53.54    167.03     -0.38
     9496.058216  8.204976  0.001825 61.692481    -60.10   -155.53      0.08
     9496.989476  8.205007  0.001795 62.391500    -53.74   -126.73      0.92
     9497.920736  8.205001  0.001767 61.313355    -60.22    -91.79     -0.15
     9498.851996  8.205266  0.001808 62.755879    -54.03    -65.62     -0.70
     9499.783256  8.205410  0.001822 60.792861    -60.23    -36.80      0.02
     9500.714516  8.205426  0.001804 63.082692    -54.35    -15.41      0.12
     9501.645776  8.205627  0.001811 60.376442    -60.13     10.14     -0.22
     9502.577036  8.205890  0.001829 63.533989    -54.73     27.45      0.18
     9503.508296  8.205961  0.001811 60.113501    -60.01     47.89      0.73
     9504.439556  8.205929  0.001780 63.911170    -55.21     62.14      0.55
     9505.370816  8.206001  0.001774 59.783949    -59.86     79.52     -0.21
     9506.302076  8.206207  0.001803 64.103808    -55.73     89.97     -0.43
     9507.233336  8.206377  0.001817 59.420842    -59.61    101.74     -0.18
     9508.164596  8.206450  0.001810 64.303824    -56.26    107.74      0.21
     9509.095856  8.206480  0.001784 59.245969    -59.29    115.30      0.20
     9510.027116  8.206570  0.001770 64.585380    -56.83    118.74     -0.38
     9510.958376  8.206732  0.001773 59.177649    -58.99    122.29     -0.75
     9511.889636  8.206935  0.001792 64.709661    -57.45    121.62     -0.74
     9512.820896  8.207127  0.001811 59.008302    -58.68    119.84     -0.40
     9513.752156  8.207247  0.001818 64.662126    -58.05    115.01     -0.02
     9514.683416  8.207335  0.001809 58.922290    -58.30    108.60      0.27
     9515.614676  8.207394  0.001795 64.688816    -58.63    100.51      0.27
     9516.545936  8.207449  0.001773 59.048596    -57.95     89.87      0.37
     9517.477196  8.207545  0.001764 64.715411    -59.25     78.30      0.40
     9518.408455  8.207682  0.001767 59.167834    -57.66     63.34      0.40
     9519.339715  8.207865  0.001783 64.548505    -59.86     48.21      0.35
     9520.270975  8.208030  0.001795 59.222591    -57.36     28.89      0.05
     9521.202235  8.208203  0.001808 64.298945    -60.41     10.06     -0.10
     9522.133495  8.208356  0.001806 59.429258    -57.06    -13.86     -0.36
     9523.064755  8.208469  0.001800 64.147288    -60.92    -36.34     -0.51
     9523.996015  8.208493  0.001772 59.793503    -56.83    -64.79     -0.49
     9524.927275  8.208541  0.001759 63.939501    -61.43    -91.47     -0.01
     9525.858535  8.208685  0.001772 60.059586    -56.69   -124.63      0.33
     9526.789795  8.208887  0.001795 63.536902    -61.88   -154.68      0.32
     9527.721055  8.209058  0.001804 60.301986    -56.55    168.24      0.03
     9528.652315  8.209214  0.001807 63.166453    -62.25    134.26      0.04
     9529.583575  8.209301  0.001791 60.737793    -56.46     92.30      0.39
     9530.514835  8.209460  0.001799 62.891216    -62.58     54.21      0.76
     9531.446095  8.209691  0.001821 61.181681    -56.49      9.01      0.31
     9532.377355  8.209818  0.001819 62.515455    -62.89    -31.76     -0.54
     9533.308615  8.209871  0.001807 61.493890    -56.57    -81.81     -0.40
     9534.239875  8.209923  0.001802 62.016624    -63.11   -127.90     -0.04
     9535.171135  8.210002  0.001799 61.851539    -56.68    178.00     -0.13
     9536.102395  8.210137  0.001793 61.643461    -63.24    128.07     -0.00
     9537.033655  8.210323  0.001794 62.349487    -56.86     69.18      0.77
     9537.964915  8.210591  0.001827 61.342880    -63.33     15.77      0.41
     9538.896175  8.210606  0.001807 62.745324    -57.14    -44.92     -0.86
     9539.827435  8.210635  0.001783 60.906031    -63.39   -103.51     -0.26
     9540.758695  8.210773  0.001802 63.011334    -57.45   -170.07      0.22
     9541.689955  8.210918  0.001807 60.468337    -63.34    127.65      0.16
     9542.621215  8.211172  0.001822 63.375455    -57.77     57.55      0.24
     9543.552475  8.211223  0.001809 60.207076    -63.23     -8.28     -0.47
     9544.483735  8.211153  0.001763 63.774015    -58.20    -82.27     -0.12
     9545.414995  8.211555  0.001816 59.949084    -63.13   -153.97      0.79
     9546.346255  8.211571  0.001808 64.003887    -58.68    129.98     -0.56
     9547.277515  8.211655  0.001793 59.595057    -62.97     54.28     -0.11
     9548.208775  8.211779  0.001808 64.160314    -59.15    -27.35      0.19
     9549.140035  8.211990  0.001818 59.346108    -62.72   -106.94      0.05
     9550.071295  8.212102  0.001811 64.423115    -59.64    168.54     -0.44
     9551.002555  8.212027  0.001768 59.272653    -62.47     83.58      0.49
     9551.933815  8.212520  0.001836 64.641911    -60.20     -4.40     -0.04
     9552.865075  8.212251  0.001765 59.133390    -62.23    -92.46     -0.42
     9553.796335  8.212640  0.001820 64.649301    -60.76    174.51      0.36
     9554.727595  8.212659  0.001809 58.952938    -61.93     82.02     -0.24
     9555.658855  8.212801  0.001808 64.662453    -61.29    -14.19     -0.06
     9556.590115  8.212915  0.001806 58.971125    -61.61   -112.22      0.45
     9557.521374  8.213080  0.001803 64.760485    -61.85    149.37     -0.68
     9558.452634  8.213150  0.001791 59.070649    -61.34     46.08      0.76
     9559.383894  8.213282  0.001794 64.722781    -62.44    -55.56     -0.67
     9560.315154  8.213439  0.001805 59.073220    -61.09   -163.11      0.49
     9561.246414  8.213510  0.001808 64.531510    -62.98     90.77     -0.24
     9562.177674  8.213675  0.001805 59.129970    -60.79    -20.51      0.05
     9563.108934  8.213807  0.001816 64.408330    -63.48   -131.11      0.06
     9564.040194  8.213790  0.001772 59.387828    -60.53    113.64      0.01
     9564.971454  8.214224  0.001832 64.339069    -63.99     -0.23     -0.25
     9565.902714  8.213982  0.001763 59.631123    -60.36   -120.64      0.60
     9566.833974  8.214344  0.001809 64.077116    -64.49    122.70     -0.57
     9567.765234  8.214403  0.001807 59.763725    -60.19     -2.26      0.30
     9568.696494  8.214494  0.001809 63.736616    -64.91   -123.53     -0.17
     9569.627754  8.214645  0.001800 60.046554    -60.02    107.50      0.29
     9570.559014  8.214800  0.001805 63.532018    -65.30    -17.09     -0.58
     9571.490274  8.214958  0.001813 60.444753    -59.95   -150.86      0.60
     9572.421534  8.214872  0.001763 63.284660    -65.69     80.31      0.25
     9573.352794  8.215220  0.001809 60.730373    -59.94    -55.63     -0.62
     9574.284054  8.215304  0.001815 62.883720    -66.02    170.38      0.24
     9575.215314  8.215304  0.001797 60.984441    -59.95     29.53     -0.11
     9576.146574  8.215578  0.001819 62.496354    -66.28   -107.80      0.08
     9577.077834  8.215590  0.001788 61.387706    -59.98    106.71      0.23
     9578.009094  8.215731  0.001793 62.253279    -66.48    -33.22     -0.83
     9578.940354  8.216015  0.001823 61.819630    -60.12    176.80     -0.09
     9579.871614  8.215999  0.001797 61.909886    -66.69     30.85      0.91
     9580.802874  8.216063  0.001788 62.088374    -60.28   -121.61      0.01
     9581.734134  8.216317  0.001815 61.454370    -66.82     89.51     -0.25
     9582.665394  8.216390  0.001810 62.385587    -60.46    -68.50      0.20
     9583.596654  8.216395  0.001787 61.135001    -66.86    138.67     -0.22
     9584.527914  8.216611  0.001798 62.817023    -60.71    -22.22     -0.69
     9585.459174  8.216866  0.001823 60.889639    -66.90    179.92     -0.11
     9586.390434  8.216959  0.001814 63.153606    -61.04     14.04      0.62
     9587.321694  8.216980  0.001795 60.526257    -66.93   -147.50      0.66
     9588.252954  8.217098  0.001800 63.354582    -61.38     44.00     -0.01
     9589.184214  8.217295  0.001814 60.151015    -66.86   -121.65     -0.20
     9590.115474  8.217443  0.001820 63.635118    -61.73     64.82      0.22
     9591.046734  8.217493  0.001798 59.953006    -66.74   -105.52      0.50
     9591.977994  8.217480  0.001766 63.986533    -62.14     77.76      0.51
     9592.909254  8.217550  0.001755 59.774551    -66.63    -95.93     -0.03
     9593.840514  8.217729  0.001774 64.163243    -62.59     83.90     -0.30
     9594.771774  8.217932  0.001796 59.466819    -66.49    -94.58     -0.51
     9595.703034  8.218119  0.001814 64.259478    -63.03     80.68     -0.14
     9596.634294  8.218252  0.001814 59.265403    -66.26   -102.71      0.14
     9597.565553  8.218336  0.001799 64.478047    -63.49     68.95      0.44
     9598.496813  8.218445  0.001790 59.222499    -66.06   -118.68      0.73
     9599.428073  8.218566  0.001786 64.658987    -64.00     49.73      0.75
     9600.359333  8.218707  0.001791 59.112825    -65.87   -141.89      0.69
     9601.290593  8.218855  0.001802 64.660769    -64.52     23.10      0.39
     9602.221853  8.218970  0.001803 58.950526    -65.64   -172.98      0.23
     9603.153113  8.219082  0.001806 64.655390    -65.01    -11.83     -0.05
     9604.084373  8.219155  0.001789 58.959134    -65.36    147.68     -0.19
     9605.015633  8.219204  0.001774 64.756925    -65.51    -54.76     -0.45
     9605.946893  8.219227  0.001750 59.068535    -65.15    100.10     -0.16
     9606.878153  8.219363  0.001755 64.747386    -66.03   -106.50      0.19
     9607.809413  8.219581  0.001779 59.048341    -64.95     44.08      0.31
     9608.740673  8.219807  0.001803 64.579309    -66.52   -165.82      0.13
     9609.671933  8.219946  0.001802 59.067125    -64.70    -19.62      0.10
     9610.603193  8.220017  0.001794 64.491513    -66.99    126.63      0.04
     9611.534453  8.220052  0.001772 59.281009    -64.49    -91.95      0.54
     9612.465713  8.220260  0.001787 64.452749    -67.46     50.46      0.78
     9613.396973  8.220572  0.001821 59.463274    -64.35   -171.44      0.38
     9614.328233  8.220705  0.001822 64.260878    -67.94    -31.82     -0.30
     9615.259493  8.220704  0.001808 59.553948    -64.20    101.41     -0.30
     9616.190753  8.220747  0.001801 63.980692    -68.35   -123.70     -0.14
     9617.122013  8.220910  0.001803 59.749429    -64.05      5.42     -0.41
     9618.053273  8.221013  0.001789 63.833115    -68.74    136.62     -0.31
     9618.984533  8.221024  0.001763 60.091488    -63.95    -99.48      0.55
     9619.915793  8.221336  0.001806 63.671631    -69.12     27.92      0.80
     9620.847053  8.221571  0.001823 60.312761    -63.92    149.64     -0.34
     9621.778313  8.221528  0.001798 63.328572    -69.48    -86.53     -0.41
     9622.709573  8.221567  0.001792 60.492121    -63.87     29.30     -0.09
     9623.640833  8.221752  0.001799 63.018479    -69.77    149.06     -0.05
     9624.572093  8.221897  0.001795 60.833045    -63.85    -99.57      0.60
     9625.503353  8.222113  0.001816 62.827778    -70.03     16.99      0.05
     9626.434613  8.222131  0.001784 61.190607    -63.92    126.01     -0.88
     9627.365873  8.222166  0.001772 62.552126    -70.32   -123.40      0.68
     9628.297133  8.222454  0.001813 61.412911    -64.03    -18.93      0.11
     9629.228393  8.222566  0.001810 62.160403    -70.53     89.59     -0.31
     9630.159653  8.222561  0.001795 61.661526    -64.12   -170.93     -0.13
     9631.090913  8.222744  0.001796 61.871338    -70.68    -67.15      0.15
     9632.022173  8.222988  0.001819 62.057952    -64.26     28.38      0.37
     9632.953433  8.222932  0.001775 61.677407    -70.82    129.79     -0.86
     9633.884693  8.223108  0.001786 62.381479    -64.48   -140.06      0.90
     9634.815953  8.223318  0.001812 61.338429    -70.95    -42.49     -0.56
     9635.747213  8.223338  0.001795 62.562913    -64.69     44.69      0.03
     9636.678472  8.223466  0.001802 60.964914    -71.00    136.46      0.15
     9637.609732  8.223708  0.001819 62.851169    -64.91   -139.69      0.06
     9638.540992  8.223615  0.001774 60.758545    -71.01    -51.52     -0.28
     9639.472252  8.223993  0.001814 63.210833    -65.21     27.67      0.60
     9640.403512  8.223866  0.001767 60.555187    -71.05    112.81     -0.76
     9641.334772  8.224179  0.001811 63.424602    -65.55   -172.27      0.56
     9642.266032  8.224210  0.001792 60.223115    -71.05    -91.76     -0.42
     9643.197292  8.224303  0.001800 63.566457    -65.87    -20.17      0.19
     9644.128552  8.224571  0.001819 59.948732    -70.97     55.39     -0.13
     9645.059812  8.224459  0.001775 63.837095    -66.21    123.78     -0.13
     9645.991072  8.224899  0.001824 59.837846    -70.88   -165.26      0.04
     9646.922332  8.224678  0.001754 64.109334    -66.60   -100.63      0.22
     9647.853592  8.225043  0.001812 59.659230    -70.81    -32.92     -0.54
     9648.784852  8.225093  0.001798 64.196661    -67.01     27.05      0.45
     9649.716112  8.225215  0.001805 59.390086    -70.70     90.31     -0.28
     9650.647372  8.225265  0.001795 64.294619    -67.39    147.02      0.06
     9651.578632  8.225583  0.001821 59.274201    -70.53   -154.48     -0.18
     9652.509892  8.225472  0.001774 64.509931    -67.80   -101.73      0.51
     9653.441152  8.225626  0.001777 59.250216    -70.40    -46.33     -0.76
     9654.372412  8.226003  0.001822 64.630856    -68.27      2.43      0.32
     9655.303672  8.225855  0.001774 59.106224    -70.28     52.37      0.18
     9656.234932  8.226036  0.001802 64.600294    -68.71     98.82     -0.29
     9657.166192  8.226173  0.001801 58.966375    -70.09    143.54      0.33
     9658.097452  8.226371  0.001810 64.658564    -69.13   -173.67     -0.27
     9659.028712  8.226522  0.001811 59.007448    -69.90   -133.18      0.37
     9659.959972  8.226346  0.001752 64.781638    -69.57    -94.46      0.29
     9660.891232  8.226614  0.001778 59.051044    -69.76    -56.32     -0.89
     9661.822492  8.226965  0.001825 64.746312    -70.04    -22.13     -0.10
     9662.753752  8.226943  0.001800 58.961522    -69.61      9.91      0.38
     9663.685012  8.227021  0.001802 64.626495    -70.45     41.57     -0.18
     9664.616272  8.227167  0.001804 58.992697    -69.41     69.38      0.14
     9665.547532  8.227170  0.001777 64.638107    -70.87     96.65      0.29
     9666.478792  8.227298  0.001767 59.153395    -69.26    121.47     -0.50
     9667.410052  8.227633  0.001805 64.637487    -71.32    145.61     -0.78
     9668.341312  8.227844  0.001825 59.222231    -69.16    164.64     -0.02
     9669.272572  8.227840  0.001809 64.467654    -71.75   -175.68      0.37
     9670.203832  8.227845  0.001790 59.238176    -69.03   -159.98      0.01
     9671.135092  8.228002  0.001804 64.299702    -72.13   -143.57     -0.20
     9672.066352  8.228178  0.001808 59.411378    -68.88   -132.83      0.16
     9672.997612  8.228220  0.001787 64.262951    -72.51   -120.84      0.71
     9673.928872  8.228221  0.001757 59.649294    -68.80   -113.79      0.72
     9674.860132  8.228313  0.001752 64.136250    -72.91   -104.38      0.19
     9675.791392  8.228520  0.001776 59.738713    -68.75   -101.11     -0.31
     9676.722651  8.228740  0.001801 63.862240    -73.27    -96.21     -0.24
     9677.653911  8.228908  0.001811 59.861261    -68.66    -98.20      0.15
     9678.585171  8.228998  0.001801 63.693371    -73.58    -97.33      0.41
     9679.516431  8.229044  0.001777 60.145608    -68.61   -103.28      0.71
     9680.447691  8.229114  0.001764 63.594937    -73.91   -105.78      0.65
     9681.378951  8.229211  0.001760 60.379445    -68.63   -115.35      0.56
     9682.310211  8.229348  0.001768 63.356271    -74.24   -121.58      0.40
     9683.241471  8.229497  0.001781 60.497623    -68.65   -135.20      0.07
     9684.172731  8.229654  0.001792 63.055558    -74.51   -145.45     -0.06
     9685.103991  8.229828  0.001799 60.713379    -68.65   -163.37     -0.31
     9686.035251  8.230001  0.001804 62.897723    -74.74   -177.48     -0.43
     9686.966511  8.230178  0.001804 61.045277    -68.71    160.82     -0.79
     9687.897771  8.230285  0.001798 62.747641    -75.00    142.96     -0.93
     9688.829031  8.230380  0.001795 61.247154    -68.81    116.65     -0.71
     9689.760291  8.230481  0.001796 62.422697    -75.23     94.33     -0.38
     9690.691551  8.230609  0.001805 61.394430    -68.89     63.73     -0.13
     9691.622811  8.230713  0.001805 62.143649    -75.39     37.67     -0.11
     9692.554071  8.230848  0.001802 61.689385    -69.00      3.62     -0.38
     9693.485331  8.230941  0.001790 62.010077    -75.56    -25.91     -0.74
     9694.416591  8.230998  0.001768 61.989551    -69.16    -64.08     -0.71
     9695.347851  8.231087  0.001762 61.788535    -75.74    -98.63      0.03
     9696.279111  8.231245  0.001782 62.149878    -69.35   -141.21      0.42
     9697.210371  8.231378  0.001793 61.459788    -75.87   -179.07      0.35
     9698.141631  8.231520  0.001796 62.319649    -69.52    134.81      0.15
     9699.072891  8.231711  0.001801 61.243736    -75.95     92.63      0.34
     9700.004151  8.231906  0.001810 62.645490    -69.71     42.15      0.68
     9700.935411  8.232048  0.001817 61.122622    -76.04     -2.79     -0.26
     9701.866671  8.232016  0.001783 62.879981    -69.97    -55.99     -0.95
     9702.797931  8.232089  0.001770 60.858400    -76.14   -106.76     -0.16
     9703.729191  8.232240  0.001792 62.986641    -70.21   -165.13      0.24
     9704.660451  8.232358  0.001794 60.569577    -76.16    140.76      0.17
     9705.591711  8.232584  0.001804 63.195611    -70.43     78.72      0.28
     9706.522971  8.232776  0.001814 60.437853    -76.17     20.81     -0.01
     9707.454231  8.232700  0.001775 63.476567    -70.73    -43.96     -0.83
     9708.385491  8.232793  0.001760 60.310589    -76.22   -107.41      0.42
     9709.316751  8.233104  0.001810 63.621730    -71.04   -176.89      0.49
     9710.248011  8.233153  0.001802 60.051521    -76.24    117.64     -0.45
     9711.179271  8.233287  0.001803 63.700560    -71.33     43.92     -0.16
     9712.110531  8.233290  0.001784 59.845582    -76.19    -26.90      0.02
     9713.041791  8.233509  0.001793 63.913764    -71.62   -104.54      0.43
     9713.973051  8.233775  0.001815 59.791604    -76.15   -178.48     -0.28
     9714.904311  8.233555  0.001748 64.129501    -71.97    100.82     -0.41
     9715.835570  8.233970  0.001804 59.653497    -76.15     20.83      0.82
     9716.766830  8.233987  0.001800 64.167302    -72.31    -62.64     -0.43
     9717.698090  8.234114  0.001793 59.423122    -76.10   -146.03     -0.11
     9718.629350  8.234166  0.001791 64.239888    -72.63    125.06      0.14
     9719.560610  8.234493  0.001815 59.343840    -76.01     37.98     -0.01
     9720.491870  8.234337  0.001763 64.436116    -72.97    -53.85     -0.48
     9721.423130  8.234728  0.001807 59.332645    -75.96   -146.32      0.75
     9722.354390  8.234634  0.001774 64.537269    -73.35    119.25     -0.78
     9723.285650  8.234888  0.001793 59.194665    -75.92     22.42      0.57
     9724.216910  8.234947  0.001799 64.511168    -73.72    -76.63     -0.24
     9725.148170  8.235089  0.001794 59.050291    -75.82   -176.72      0.05
     9726.079430  8.235195  0.001799 64.579388    -74.05     79.34      0.29
     9727.010690  8.235332  0.001790 59.077023    -75.71    -23.66     -0.62
     9727.941950  8.235479  0.001789 64.732443    -74.41   -132.37      0.82
     9728.873210  8.235481  0.001768 59.090980    -75.66    121.30     -0.81
     9729.804470  8.235813  0.001811 64.722685    -74.80      8.95      0.54
     9730.735730  8.235737  0.001784 58.964508    -75.59   -102.36     -0.44
     9731.666990  8.235942  0.001801 64.649628    -75.15    142.06      0.21
     9732.598250  8.236132  0.001806 58.935397    -75.48     26.02     -0.30
     9733.529510  8.236070  0.001775 64.718473    -75.49    -93.35      0.44
     9734.460770  8.236331  0.001790 59.036018    -75.40    147.28     -0.76
     9735.392030  8.236552  0.001807 64.778827    -75.87     23.67      0.61
     9736.323290  8.236355  0.001753 59.040940    -75.36   -100.33     -0.09
     9737.254550  8.236746  0.001810 64.676415    -76.25    133.74     -0.22
     9738.185810  8.236795  0.001793 58.967830    -75.28      4.36      0.11
     9739.117070  8.236912  0.001804 64.596363    -76.57   -125.36     -0.12
     9740.048330  8.236932  0.001776 59.054299    -75.18    100.84      0.46
     9740.979590  8.237185  0.001791 64.657910    -76.91    -31.56     -0.73
     9741.910850  8.237476  0.001819 59.189321    -75.14   -169.72      0.23
     9742.842110  8.237260  0.001763 64.616201    -77.27     52.56      0.69
     9743.773370  8.237432  0.001778 59.180974    -75.10    -87.69     -0.49
     9744.704630  8.237714  0.001811 64.445406    -77.61    130.58      0.07
     9745.635890  8.237761  0.001792 59.191596    -75.02    -15.09      0.01
     9746.567150  8.237933  0.001808 64.389547    -77.91   -159.81     -0.26
     9747.498410  8.238011  0.001793 59.368960    -74.97     49.64      0.55
     9748.429670  8.237944  0.001751 64.395559    -78.24    -98.89      0.46
     9749.360930  8.238153  0.001765 59.489527    -74.97    108.44     -0.63
     9750.292190  8.238480  0.001807 64.268096    -78.59    -44.13     -0.45
     9751.223450  8.238583  0.001810 59.489662    -74.96    157.14      0.25
     9752.154710  8.238584  0.001794 64.083581    -78.88      1.05     -0.01
     9753.085970  8.238738  0.001798 59.595100    -74.92   -160.83     -0.35
     9754.017230  8.238901  0.001807 64.039107    -79.15     38.44      0.25
     9754.948490  8.238927  0.001778 59.819021    -74.92   -128.32      0.87
     9755.879749  8.238914  0.001750 63.994420    -79.46     68.09      0.67
     9756.811009  8.239061  0.001758 59.908493    -74.95   -101.27     -0.18
     9757.742269  8.239310  0.001788 63.780925    -79.76     91.16     -0.30
     9758.673529  8.239519  0.001809 59.942716    -74.95    -83.67      0.04
     9759.604789  8.239609  0.001801 63.619442    -80.00    104.50      0.25
     9760.536049  8.239640  0.001773 60.135914    -74.95    -74.06      0.30
     9761.467309  8.239726  0.001763 63.587049    -80.26    111.09     -0.20
     9762.398569  8.239854  0.001759 60.339490    -75.02    -71.02     -0.48
     9763.329829  8.240024  0.001772 63.463972    -80.54    110.05     -0.68
     9764.261089  8.240218  0.001793 60.402220    -75.09    -76.74     -0.42
     9765.192349  8.240368  0.001806 63.226943    -80.79     99.97     -0.23
     9766.123609  8.240490  0.001806 60.495365    -75.13    -91.17      0.17
     9767.054869  8.240574  0.001799 63.099858    -80.99     81.57      0.42
     9767.986129  8.240633  0.001778 60.740571    -75.18   -113.40      0.76
     9768.917389  8.240729  0.001772 63.057963    -81.22     55.63      0.99
     9769.848649  8.240850  0.001774 60.908146    -75.30   -142.76      0.88
     9770.779909  8.240987  0.001785 62.862056    -81.45     22.81      0.66
     9771.711169  8.241092  0.001787 60.947209    -75.39   -179.43      0.21
     9772.642429  8.241224  0.001791 62.636649    -81.64    -17.98      0.09
     9773.573689  8.241348  0.001781 61.111568    -75.45    135.52     -0.17
     9774.504949  8.241450  0.001771 62.562602    -81.82    -67.15      0.00
     9775.436209  8.241530  0.001757 61.357168    -75.57     81.92      0.38
     9776.367469  8.241681  0.001767 62.469040    -82.03   -124.86      0.86
     9777.298729  8.241852  0.001785 61.465337    -75.73     20.84      0.64
     9778.229989  8.242014  0.001800 62.241595    -82.22    170.90      0.29
     9779.161249  8.242156  0.001802 61.522678    -75.84    -47.60      0.10
     9780.092509  8.242306  0.001806 62.056984    -82.37     97.98      0.22
     9781.023769  8.242430  0.001801 61.741811    -75.95   -124.92      0.51
     9781.955029  8.242597  0.001812 62.013309    -82.51     17.31      0.15
     9782.886289  8.242689  0.001799 61.951663    -76.13    151.91     -0.79
     9783.817549  8.242689  0.001772 61.875233    -82.70    -70.07     -0.83
     9784.748809  8.242788  0.001777 62.005934    -76.29     58.68      0.02
     9785.680069  8.242886  0.001782 61.625027    -82.83   -167.54      0.15
     9786.611329  8.243031  0.001785 62.106529    -76.42    -41.94      0.07
     9787.542589  8.243236  0.001791 61.517857    -82.94     87.72      0.36
     9788.473849  8.243437  0.001807 62.345974    -76.59   -150.67      0.50
     9789.405109  8.243500  0.001794 61.471833    -83.08    -23.33     -0.71
     9790.336369  8.243481  0.001760 62.483495    -76.79     94.34     -0.44
     9791.267629  8.243648  0.001778 61.282534    -83.23   -144.61      0.64
     9792.198889  8.243813  0.001798 62.514395    -76.98    -30.24      0.14
     9793.130149  8.244019  0.001810 61.076673    -83.33     88.02     -0.09
     9794.061409  8.244090  0.001800 62.665498    -77.14   -161.97     -0.21
     9794.992668  8.244054  0.001765 61.029340    -83.41    -47.56     -0.48
     9795.923928  8.244286  0.001774 62.891457    -77.34     57.19      0.96
     9796.855188  8.244546  0.001809 60.957057    -83.53    168.59     -0.18
     9797.786448  8.244486  0.001773 62.953888    -77.56    -88.75     -0.51
     9798.717708  8.244619  0.001785 60.733212    -83.64     16.44      0.46
     9799.648968  8.244797  0.001800 62.988792    -77.75    115.06      0.07
     9800.580228  8.244979  0.001807 60.596340    -83.70   -142.62     -0.13
     9801.511488  8.244902  0.001765 63.177168    -77.95    -47.91     -0.41
     9802.442748  8.245220  0.001792 60.582755    -83.79     49.17      0.75
     9803.374008  8.245269  0.001787 63.338962    -78.19    141.51     -0.84
     9804.305268  8.245327  0.001767 60.469230    -83.91   -125.64      0.57
     9805.236528  8.245537  0.001801 63.355099    -78.42    -38.20     -0.09
     9806.167788  8.245638  0.001791 60.267320    -83.98     52.09     -0.23
     9807.099048  8.245666  0.001783 63.420442    -78.62    134.49      0.13
     9808.030308  8.245999  0.001811 60.200073    -84.02   -139.33      0.09
     9808.961568  8.245826  0.001754 63.621250    -78.83    -59.63     -0.55
     9809.892828  8.246274  0.001811 60.196348    -84.10     21.45      0.66
     9810.824088  8.246103  0.001757 63.713109    -79.09     97.98     -0.55
     9811.755348  8.246411  0.001799 60.035577    -84.19    175.16      0.48
     9812.686608  8.246496  0.001797 63.696926    -79.30   -112.82     -0.26
     9813.617868  8.246513  0.001784 59.886187    -84.22    -39.23      0.24
     9814.549128  8.246825  0.001809 63.814468    -79.51     28.45     -0.04
     9815.480388  8.246701  0.001758 59.889681    -84.27     98.45      0.15
     9816.411648  8.247049  0.001802 63.977425    -79.77    162.86     -0.51
     9817.342908  8.247068  0.001774 59.846772    -84.36   -132.22      0.82
     9818.274168  8.247139  0.001778 63.993798    -80.03    -70.89     -0.60
     9819.205428  8.247337  0.001794 59.679372    -84.43     -9.76      0.41
     9820.136688  8.247477  0.001801 63.990778    -80.25     46.73     -0.20
     9821.067948  8.247509  0.001787 59.597586    -84.45    104.29      0.30
     9821.999208  8.247653  0.001783 64.135056    -80.47    157.26     -0.57
     9822.930468  8.247973  0.001809 59.631798    -84.50   -149.69      0.57
     9823.861728  8.247741  0.001743 64.250886    -80.73   -100.79      0.13
     9824.792988  8.248045  0.001789 59.551901    -84.58    -49.75     -0.73
     9825.724248  8.248196  0.001799 64.210020    -80.98     -6.35      0.39
     9826.655508  8.248297  0.001790 59.393986    -84.62     40.22     -0.16
     9827.586768  8.248419  0.001798 64.238303    -81.18     80.47      0.14
     9828.518028  8.248370  0.001761 59.397679    -84.64    122.74     -0.07
     9829.449288  8.248702  0.001795 64.389047    -81.43    160.16     -0.61
     9830.380548  8.248946  0.001812 59.418755    -84.72   -162.79      0.51
     9831.311808  8.248830  0.001768 64.429203    -81.70   -129.72      0.58
     9832.243068  8.248906  0.001768 59.309233    -84.80    -94.62     -0.41
     9833.174328  8.249119  0.001798 64.369199    -81.94    -65.80     -0.08
     9834.105588  8.249183  0.001782 59.204519    -84.82    -36.12      0.21
     9835.036847  8.249379  0.001793 64.445784    -82.15    -10.27     -0.36
     9835.968107  8.249673  0.001817 59.255214    -84.85     15.51     -0.07
     9836.899367  8.249710  0.001795 64.577129    -82.39     36.21      0.87
     9837.830627  8.249611  0.001755 59.253538    -84.94     58.63      0.61
     9838.761887  8.249724  0.001764 64.537340    -82.65     77.28     -0.23
     9839.693147  8.249943  0.001789 59.118812    -84.99     95.36     -0.32
     9840.624407  8.250058  0.001794 64.494523    -82.87    108.71      0.13
     9841.555667  8.250094  0.001770 59.096295    -85.00    122.67      0.15
     9842.486927  8.250218  0.001766 64.605365    -83.09    133.32     -0.44
     9843.418187  8.250431  0.001778 59.164657    -85.07    143.80     -0.80
     9844.349447  8.250664  0.001798 64.673961    -83.36    150.01     -0.62
     9845.280707  8.250826  0.001810 59.110755    -85.16    155.60     -0.09
     9846.211967  8.250883  0.001805 64.602659    -83.60    157.76      0.21
     9847.143227  8.250933  0.001791 59.000307    -85.20    159.58      0.35
     9848.074487  8.251022  0.001786 64.599066    -83.81    158.50     -0.06
     9849.005747  8.251153  0.001779 59.041241    -85.23    156.89     -0.44
     9849.937007  8.251334  0.001787 64.722206    -84.03    152.06     -0.77
     9850.868267  8.251482  0.001789 59.102562    -85.31    146.24     -0.78
     9851.799527  8.251590  0.001794 64.718879    -84.29    137.13     -0.57
     9852.730787  8.251694  0.001796 59.003480    -85.39    126.85     -0.22
     9853.662047  8.251769  0.001797 64.625528    -84.50    113.68      0.03
     9854.593307  8.251855  0.001787 58.952917    -85.42     99.47      0.23
     9855.524567  8.251942  0.001778 64.678344    -84.70     82.58      0.37
     9856.455827  8.252083  0.001772 59.037914    -85.48     64.48      0.61
     9857.387087  8.252270  0.001780 64.770465    -84.94     43.89      0.80
     9858.318347  8.252473  0.001793 59.044247    -85.59     22.25      0.67
     9859.249607  8.252612  0.001804 64.715807    -85.19     -1.73      0.38
     9860.180867  8.252679  0.001798 58.941705    -85.66    -27.53      0.29
     9861.112127  8.252716  0.001793 64.646648    -85.39    -55.71      0.21
     9862.043387  8.252784  0.001778 58.953220    -85.69    -85.77      0.36
     9862.974647  8.252947  0.001780 64.737440    -85.59   -118.03      0.60
     9863.905907  8.253244  0.001802 59.049336    -85.78   -151.71      0.57
     9864.837167  8.253433  0.001816 64.785823    -85.83    173.16      0.00
     9865.768427  8.253426  0.001799 59.002000    -85.88    135.82     -0.36
     9866.699687  8.253412  0.001787 64.673412    -86.04     96.08     -0.28
     9867.630947  8.253562  0.001789 58.922403    -85.94     54.24     -0.27
     9868.562207  8.253749  0.001798 64.669627    -86.23     10.66     -0.28
     9869.493467  8.253774  0.001771 58.994472    -85.99    -34.94     -0.40
     9870.424727  8.253732  0.001742 64.760134    -86.45    -82.67      0.06
     9871.355987  8.254005  0.001768 59.058223    -86.11   -132.99      0.84
     9872.287247  8.254346  0.001811 64.745144    -86.68    176.58      0.22
     9873.218507  8.254344  0.001798 58.978764    -86.21    123.47     -0.27
     9874.149766  8.254367  0.001788 64.639818    -86.88     68.40     -0.25
     9875.081026  8.254556  0.001791 58.941474    -86.26     10.82     -0.34
     9876.012286  8.254574  0.001771 64.683504    -87.06    -48.29     -0.15
     9876.943546  8.254666  0.001760 59.055104    -86.34   -110.60      0.68
     9877.874806  8.255112  0.001815 64.768102    -87.27   -172.68      0.20
     9878.806066  8.255004  0.001775 59.063740    -86.46    122.89     -0.73
     9879.737326  8.255008  0.001764 64.677570    -87.48     55.59      0.11
     9880.668586  8.255297  0.001793 58.964063    -86.55    -14.13      0.35
     9881.599846  8.255356  0.001794 64.609887    -87.66    -84.39      0.16
     9882.531106  8.255585  0.001803 59.003265    -86.62   -157.36     -0.29
     9883.462366  8.255525  0.001763 64.695002    -87.85    128.57     -0.42
     9884.393626  8.255692  0.001769 59.102443    -86.73     50.20      0.75
     9885.324886  8.256011  0.001804 64.722143    -88.07    -26.48     -0.49
     9886.256146  8.255800  0.001751 59.061831    -86.86   -108.06     -0.07
     9887.187406  8.256166  0.001800 64.618512    -88.27    169.72      0.26
     9888.118666  8.256203  0.001794 58.991932    -86.94     84.77     -0.05
     9889.049926  8.256364  0.001793 64.603354    -88.42     -0.79     -0.32
     9889.981186  8.256319  0.001758 59.078045    -87.02    -90.69      0.46
     9890.912446  8.256778  0.001813 64.703215    -88.61   -179.50     -0.25
     9891.843706  8.256460  0.001732 59.142222    -87.16     87.36      0.00
     9892.774966  8.256983  0.001811 64.663507    -88.82     -6.17      0.20
     9893.706226  8.256833  0.001772 59.051610    -87.28   -102.53     -0.39
     9894.637486  8.257079  0.001793 64.559115    -88.99    159.55      0.18
     9895.568746  8.257182  0.001792 59.039890    -87.35     58.78     -0.02
     9896.500006  8.257247  0.001773 64.606987    -89.15    -42.13     -0.29
     9897.431266  8.257513  0.001799 59.143522    -87.47   -147.63      0.50
     9898.362526  8.257372  0.001744 64.670285    -89.35    108.46     -0.48
     9899.293786  8.257823  0.001805 59.143864    -87.62     -0.88      0.28
     9900.225046  8.257628  0.001761 64.589253    -89.54   -109.31     -0.08
     9901.156306  8.257965  0.001800 59.055399    -87.73    137.67      0.27
     9902.087566  8.258005  0.001791 64.528772    -89.69     25.41     -0.26
     9903.018826  8.258061  0.001774 59.100074    -87.82    -91.88      0.44
     9903.950086  8.258297  0.001784 64.621349    -89.85    152.72     -0.71
     9904.881346  8.258455  0.001793 59.196997    -87.96     30.91      0.80
     9905.812606  8.258287  0.001738 64.635292    -90.04    -88.31     -0.28
     9906.743866  8.258762  0.001806 59.133018    -88.11    147.22     -0.07
     9907.675126  8.258688  0.001782 64.525062    -90.21     22.73      0.12
     9908.606386  8.258837  0.001793 59.078342    -88.20   -105.45     -0.02
     9909.537646  8.258918  0.001776 64.527110    -90.35    126.23      0.09
     9910.468906  8.259205  0.001795 59.162451    -88.32     -5.25     -0.54
     9911.400166  8.259228  0.001782 64.617759    -90.52   -138.45      0.73
     9912.331426  8.259115  0.001736 59.214384    -88.48     86.49     -0.09
     9913.262686  8.259516  0.001791 64.583059    -90.72    -48.84     -0.51
     9914.193945  8.259646  0.001796 59.119823    -88.63    170.34      0.39
     9915.125205  8.259639  0.001782 64.489122    -90.86     31.11     -0.16
     9916.056465  8.259806  0.001790 59.110626    -88.73   -113.03      0.08
     9916.987725  8.259808  0.001762 64.545385    -91.00    103.15      0.27
     9917.918985  8.260017  0.001767 59.216776    -88.86    -43.37     -0.82
     9918.850245  8.260379  0.001812 64.622730    -91.17    168.79     -0.31
     9919.781505  8.260349  0.001789 59.199126    -89.04     16.33      0.69
     9920.712765  8.260292  0.001764 64.524940    -91.33   -134.40      0.15
     9921.644025  8.260478  0.001782 59.108362    -89.16     70.47     -0.24
     9922.575285  8.260626  0.001790 64.478350    -91.46    -85.25      0.21
     9923.506545  8.260665  0.001762 59.157402    -89.27    115.48      0.11
     9924.437805  8.260853  0.001769 64.576854    -91.61    -42.82     -0.61
     9925.369065  8.261141  0.001798 59.232863    -89.44    154.21     -0.71
     9926.300325  8.261315  0.001809 64.595445    -91.79     -9.30     -0.00
     9927.231585  8.261321  0.001794 59.166619    -89.62   -176.80      0.49
     9928.162845  8.261333  0.001780 64.495269    -91.94     16.72      0.17
     9929.094105  8.261455  0.001781 59.103274    -89.74   -153.87     -0.27
     9930.025365  8.261642  0.001798 64.505299    -92.05     35.24     -0.13
     9930.956625  8.261792  0.001793 59.194343    -89.87   -140.04      0.36
     9931.887885  8.261828  0.001775 64.610239    -92.20     44.99      0.87
     9932.819145  8.261852  0.001755 59.228878    -90.06   -133.41      0.75
     9933.750405  8.261946  0.001759 64.561624    -92.36     48.61      0.41
     9934.681665  8.262087  0.001768 59.122391    -90.21   -133.36     -0.17
     9935.612925  8.262278  0.001786 64.478931    -92.48     44.30     -0.18
     9936.544185  8.262471  0.001796 59.119021    -90.33   -142.18     -0.17
     9937.475445  8.262639  0.001799 64.553992    -92.60     31.34      0.13
     9938.406705  8.262819  0.001804 59.210507    -90.50   -159.00      0.33
     9939.337965  8.262960  0.001804 64.621536    -92.76     11.04      0.37
     9940.269225  8.263071  0.001805 59.181349    -90.70    177.08      0.35
     9941.200485  8.263146  0.001801 64.542684    -92.92    -16.67      0.23
     9942.131745  8.263207  0.001793 59.084179    -90.85    145.20      0.35
     9943.063005  8.263256  0.001784 64.504507    -93.02    -52.55      0.23
     9943.994265  8.263276  0.001759 59.134824    -90.98    105.40      0.43
     9944.925525  8.263335  0.001744 64.611993    -93.14    -96.31      0.51
     9945.856785  8.263488  0.001748 59.210264    -91.17     57.79      0.92
     9946.788045  8.263735  0.001772 64.625238    -93.29   -147.52      0.80
     9947.719305  8.263928  0.001790 59.116168    -91.36      3.35      0.51
     9948.650565  8.264043  0.001795 64.526216    -93.41    154.15      0.24
     9949.581825  8.264095  0.001783 59.063098    -91.49    -59.41      0.40
     9950.513085  8.264158  0.001774 64.555490    -93.51     87.21      0.41
     9951.444345  8.264355  0.001783 59.148218    -91.66   -130.16      0.68
     9952.375605  8.264637  0.001805 64.658642    -93.64     13.16      0.25
     9953.306864  8.264751  0.001804 59.162119    -91.87    153.03     -0.46
     9954.238124  8.264667  0.001774 64.614131    -93.79    -67.93     -0.49
     9955.169384  8.264717  0.001769 59.061446    -92.06     67.08     -0.32
     9956.100644  8.264916  0.001785 64.544472    -93.89   -158.15     -0.13
     9957.031904  8.265039  0.001776 59.048961    -92.19    -26.78     -0.22
     9957.963164  8.265032  0.001753 64.627526    -93.99    103.93      0.19
     9958.894424  8.265261  0.001767 59.148705    -92.39   -129.02      0.80
     9959.825684  8.265634  0.001811 64.697938    -94.12     -0.87      0.02
     9960.756944  8.265573  0.001781 59.100274    -92.60    123.59     -0.60
     9961.688204  8.265542  0.001765 64.599116    -94.24   -113.41     -0.22
     9962.619464  8.265762  0.001777 59.000807    -92.77      6.17      0.03
     9963.550724  8.265853  0.001777 64.586109    -94.33    125.40      0.20
     9964.481984  8.266001  0.001782 59.059841    -92.93   -118.88      0.56
     9965.413244  8.266302  0.001804 64.696349    -94.43     -2.36     -0.33
     9966.344504  8.266094  0.001744 59.118897    -93.14    110.31     -0.58
     9967.275764  8.266310  0.001766 64.699729    -94.56   -139.12      0.66
     9968.207024  8.266622  0.001800 59.029128    -93.36    -29.96      0.03
     9969.138284  8.266554  0.001780 64.605535    -94.67     78.13     -0.29
     9970.069544  8.266729  0.001778 58.969931    -93.53   -177.42     -0.16
     9971.000804  8.266745  0.001765 64.646990    -94.74    -74.05      0.30
     9971.932064  8.267115  0.001804 59.062637    -93.71     26.87      0.29
     9972.863324  8.267015  0.001758 64.751855    -94.85    128.09     -0.82
     9973.794584  8.267121  0.001757 59.073997    -93.95   -136.21      0.69
     9974.725844  8.267428  0.001799 64.689181    -94.96    -39.03     -0.31
     9975.657104  8.267358  0.001767 58.963373    -94.14     54.14     -0.24
     9976.588364  8.267556  0.001783 64.626302    -95.04    145.83      0.19
     9977.519624  8.267711  0.001792 58.974171    -94.31   -124.74      0.19
     9978.450884  8.267776  0.001771 64.715629    -95.12    -35.72     -0.53
     9979.382144  8.267903  0.001769 59.061508    -94.53     48.86      0.69
     9980.313404  8.268057  0.001774 64.764025    -95.24    134.94     -0.85
     9981.244664  8.268106  0.001764 59.017850    -94.78   -144.55      0.63
     9982.175924  8.268286  0.001788 64.672802    -95.34    -63.22     -0.17
     9983.107184  8.268380  0.001780 58.925160    -94.97     14.79     -0.12
     9984.038444  8.268470  0.001783 64.655828    -95.39     90.95      0.22
     9984.969704  8.268683  0.001779 58.988444    -95.15    166.06     -0.57
     9985.900964  8.268694  0.001762 64.768613    -95.47   -122.62      0.85
     9986.832224  8.268831  0.001765 59.057676    -95.39    -50.16     -0.91
     9987.763484  8.269080  0.001791 64.753043    -95.58     17.26      0.58
     9988.694744  8.269007  0.001762 58.966957    -95.62     85.08     -0.43
     9989.626004  8.269246  0.001788 64.651133    -95.65    149.20      0.28
     9990.557264  8.269388  0.001792 58.928782    -95.81   -147.29     -0.30
     9991.488524  8.269353  0.001764 64.693899    -95.71    -86.98      0.31
     9992.419784  8.269614  0.001773 59.026580    -96.02    -26.68     -0.69
     9993.351043  8.269813  0.001789 64.776196    -95.80     29.06      0.74
     9994.282303  8.269610  0.001736 59.046245    -96.29     85.67     -0.25
     9995.213563  8.270013  0.001794 64.703994    -95.90    138.98     -0.34
     9996.144823  8.270063  0.001776 58.946829    -96.52   -169.99      0.32
     9997.076083  8.270182  0.001791 64.632034    -95.95   -120.42     -0.11
     9998.007343  8.270186  0.001764 58.975042    -96.70    -72.89      0.25
     9998.938603  8.270427  0.001775 64.721598    -96.01    -26.63     -0.68
     9999.869863  8.270741  0.001808 59.079239    -96.94     16.56      0.44
    10000.000003  8.270547  0.001771 59.089071    -95.50    158.46     -0.38
