HERCULES is running
Intialising 
	 Reading input file 
	 Run name: Earth_correct_params_S3.20c_L3.3125_N100_Nm1000_k6_f121_p10_l1_0_1.5
	 Input file read successful
	 Initialisation by reading start file ../../Earth_correct_params_S3.20c/Earth_correct_params_S3.20c_AM3.3/Output/Earth_correct_params_S3.20c_L3.3_N100_Nm1000_k6_f121_p10_l1_0_1.5_final
	 Initialisation complete
Itterating
	 Main Itteration # 	 convergence 	 a 	 aspect 	 ellipticity 	 l 	 omega_rot 	 Mass error 	 AM error 
		 Mass/AM Itteration # 	 convergence 	 p_core 	 a 	 omega_rot 	 edge corot 	 AM error 
	 	 	1	1	2.54563e+11	9.77074e+06	0.000746765	0	4.73272e-16
	 	 	2	0.00387653	2.5358e+11	9.77217e+06	0.000747365	0	1.41981e-15
	 	 	3	0.00338441	2.52725e+11	9.77984e+06	0.000745143	0	1.57757e-16
	 	 	4	0.00147574	2.53098e+11	9.77685e+06	0.000745612	0	-6.31029e-16
	 	 	5	0.000378279	2.53194e+11	9.77657e+06	0.000745685	0	0
	 	 	6	0.000113972	2.53223e+11	9.77659e+06	0.00074569	0	1.73533e-15
	 	 	7	3.37169e-05	2.53231e+11	9.7766e+06	0.000745689	0	-4.73272e-16
	 	 	8	8.62364e-06	2.53234e+11	9.7766e+06	0.000745689	0	1.57757e-16
	 	 	9	1.85359e-06	2.53234e+11	9.7766e+06	0.000745688	0	-6.31029e-16
	 	 	10	3.36307e-07	2.53234e+11	9.7766e+06	0.000745688	0	0
	 	 	11	5.1906e-08	2.53234e+11	9.7766e+06	0.000745688	0	-2.99739e-15
	 	 	12	6.8454e-09	2.53234e+11	9.7766e+06	0.000745688	0	1.57757e-16
	 1	0.000414299	9.7766e+06	0.428946	0.90333	2.10593	0.000745688	1.79787e-16	1.57757e-16
		 Mass/AM Itteration # 	 convergence 	 p_core 	 a 	 omega_rot 	 edge corot 	 AM error 
	 	 	1	1	2.52785e+11	9.79446e+06	0.00074856	0	2.05084e-15
	 	 	2	0.00426861	2.51711e+11	9.80729e+06	0.000745232	0	-6.31029e-16
	 	 	3	0.00222942	2.52273e+11	9.80962e+06	0.000743509	0	-4.73272e-16
	 	 	4	0.00413945	2.53322e+11	9.8045e+06	0.000744425	0	9.46543e-16
	 	 	5	0.00111374	2.53604e+11	9.80419e+06	0.000744542	0	1.57757e-16
	 	 	6	0.000317754	2.53685e+11	9.80426e+06	0.000744544	0	-7.88786e-16
	 	 	7	8.52039e-05	2.53706e+11	9.80429e+06	0.000744541	0	-4.73272e-16
	 	 	8	1.99352e-05	2.53711e+11	9.8043e+06	0.000744541	0	9.46543e-16
	 	 	9	3.98864e-06	2.53712e+11	9.8043e+06	0.000744541	0	6.31029e-16
	 	 	10	6.82393e-07	2.53713e+11	9.8043e+06	0.000744541	0	1.57757e-16
	 	 	11	1.00126e-07	2.53713e+11	9.8043e+06	0.000744541	0	2.05084e-15
	 	 	12	1.26354e-08	2.53713e+11	9.8043e+06	0.000744541	0	0
	 	 	13	1.38943e-09	2.53713e+11	9.8043e+06	0.000744541	0	1.73533e-15
	 2	0.000853656	9.8043e+06	0.427267	0.904126	2.11607	0.000744541	1.07872e-15	1.73533e-15
		 Mass/AM Itteration # 	 convergence 	 p_core 	 a 	 omega_rot 	 edge corot 	 AM error 
	 	 	1	1	2.53568e+11	9.81328e+06	0.000747513	0	-3.15514e-16
	 	 	2	0.00433867	2.52473e+11	9.82404e+06	0.000744892	0	3.15514e-16
	 	 	3	0.00121064	2.52779e+11	9.82616e+06	0.000743506	0	-1.89309e-15
	 	 	4	0.00302188	2.53545e+11	9.82224e+06	0.000744197	0	6.31029e-16
	 	 	5	0.000812255	2.53751e+11	9.822e+06	0.000744287	0	-4.73272e-16
	 	 	6	0.000232771	2.5381e+11	9.82205e+06	0.000744289	0	1.57757e-16
	 	 	7	6.283e-05	2.53826e+11	9.82207e+06	0.000744287	0	4.73272e-16
	 	 	8	1.47735e-05	2.5383e+11	9.82208e+06	0.000744286	0	1.1043e-15
	 	 	9	2.96353e-06	2.53831e+11	9.82208e+06	0.000744286	0	2.2086e-15
	 	 	10	5.07106e-07	2.53831e+11	9.82208e+06	0.000744286	0	-3.15514e-16
	 	 	11	7.42329e-08	2.53831e+11	9.82208e+06	0.000744286	0	-9.46543e-16
	 	 	12	9.32174e-09	2.53831e+11	9.82208e+06	0.000744286	0	2.36636e-15
	 3	0.000318565	9.82208e+06	0.426455	0.904509	2.12099	0.000744286	0	2.36636e-15
		 Mass/AM Itteration # 	 convergence 	 p_core 	 a 	 omega_rot 	 edge corot 	 AM error 
	 	 	1	1	2.53746e+11	9.82965e+06	0.000746984	0	-1.57757e-15
	 	 	2	0.00393327	2.52752e+11	9.83909e+06	0.000744721	1	7.88786e-16
	 	 	3	0.000916067	2.52983e+11	9.8411e+06	0.000743512	0	3.15514e-16
	 	 	4	0.0025767	2.53637e+11	9.83763e+06	0.000744108	0	1.57757e-16
	 	 	5	0.000693312	2.53813e+11	9.83741e+06	0.000744188	0	-9.46543e-16
	 	 	6	0.000198519	2.53863e+11	9.83745e+06	0.00074419	0	1.73533e-15
	 	 	7	5.37607e-05	2.53877e+11	9.83747e+06	0.000744188	0	0
	 	 	8	1.27069e-05	2.5388e+11	9.83747e+06	0.000744188	0	5.20599e-15
	 	 	9	2.56202e-06	2.53881e+11	9.83747e+06	0.000744188	0	-2.83963e-15
	 	 	10	4.40207e-07	2.53881e+11	9.83747e+06	0.000744188	0	-6.31029e-16
	 	 	11	6.46133e-08	2.53881e+11	9.83747e+06	0.000744188	0	-2.36636e-15
	 	 	12	8.12115e-09	2.53881e+11	9.83747e+06	0.000744188	0	-6.31029e-16
	 4	0.000222824	9.83747e+06	0.425798	0.904818	2.12499	0.000744188	-5.39361e-16	-6.31029e-16
		 Mass/AM Itteration # 	 convergence 	 p_core 	 a 	 omega_rot 	 edge corot 	 AM error 
	 	 	1	1	2.5381e+11	9.84464e+06	0.000746761	0	0
	 	 	2	0.00374517	2.52863e+11	9.85355e+06	0.000744661	1	9.46543e-16
	 	 	3	0.00082065	2.53071e+11	9.85538e+06	0.000743511	1	-2.83963e-15
	 	 	4	0.00238983	2.53677e+11	9.85224e+06	0.000744067	0	-3.94393e-15
	 	 	5	0.000645911	2.53841e+11	9.85201e+06	0.000744141	0	-1.26206e-15
	 	 	6	0.000185531	2.53888e+11	9.85204e+06	0.000744143	0	-3.15514e-16
	 	 	7	5.00843e-05	2.53901e+11	9.85206e+06	0.000744142	0	-1.26206e-15
	 	 	8	1.18513e-05	2.53904e+11	9.85206e+06	0.000744142	0	-1.41981e-15
	 	 	9	2.40252e-06	2.53905e+11	9.85206e+06	0.000744142	0	1.57757e-16
	 	 	10	4.16167e-07	2.53905e+11	9.85206e+06	0.000744142	0	1.57757e-16
	 	 	11	6.16641e-08	2.53905e+11	9.85206e+06	0.000744142	0	2.2086e-15
	 	 	12	7.82505e-09	2.53905e+11	9.85206e+06	0.000744142	0	-3.47066e-15
	 5	0.000191072	9.85206e+06	0.425188	0.905105	2.12872	0.000744142	0	-3.47066e-15
		 Mass/AM Itteration # 	 convergence 	 p_core 	 a 	 omega_rot 	 edge corot 	 AM error 
	 	 	1	1	2.53838e+11	9.85921e+06	0.000746725	1	1.73533e-15
	 	 	2	0.00368792	2.52905e+11	9.87148e+06	0.000743296	1	1.1043e-15
	 	 	3	0.00290725	2.53643e+11	9.86676e+06	0.000744047	1	-7.88786e-16
	 	 	4	0.000755715	2.53835e+11	9.86636e+06	0.00074416	1	-6.31029e-16
	 	 	5	0.000216787	2.5389e+11	9.86639e+06	0.000744166	1	1.1043e-15
	 	 	6	6.06198e-05	2.53905e+11	9.86641e+06	0.000744165	1	2.52411e-15
	 	 	7	1.49011e-05	2.53909e+11	9.86642e+06	0.000744164	1	1.57757e-16
	 	 	8	3.12022e-06	2.5391e+11	9.86642e+06	0.000744164	1	-3.15514e-16
	 	 	9	5.55828e-07	2.5391e+11	9.86642e+06	0.000744164	1	4.73272e-16
	 	 	10	8.45878e-08	2.5391e+11	9.86642e+06	0.000744164	1	2.83963e-15
	 	 	11	1.10328e-08	2.5391e+11	9.86642e+06	0.000744164	1	-9.46543e-16
	 	 	12	1.24436e-09	2.5391e+11	9.86642e+06	0.000744164	1	-4.73272e-16
	 6	0.000201817	9.86642e+06	0.424589	0.905386	2.13238	0.000744164	0	-4.73272e-16
		 Mass/AM Itteration # 	 convergence 	 p_core 	 a 	 omega_rot 	 edge corot 	 AM error 
	 	 	1	1	2.5382e+11	9.87119e+06	0.000747197	1	-3.15514e-16
	 	 	2	0.00450476	2.52681e+11	9.88186e+06	0.000744574	1	-3.15514e-16
	 	 	3	0.00116215	2.52975e+11	9.88371e+06	0.000743284	1	0
	 	 	4	0.00286189	2.53702e+11	9.87997e+06	0.000743943	1	-7.88786e-16
	 	 	5	0.000770599	2.53897e+11	9.87975e+06	0.000744027	1	-2.05084e-15
	 	 	6	0.000221128	2.53953e+11	9.8798e+06	0.000744029	1	1.57757e-15
	 	 	7	5.96545e-05	2.53969e+11	9.87981e+06	0.000744028	1	1.26206e-15
	 	 	8	1.40167e-05	2.53972e+11	9.87982e+06	0.000744027	1	-6.31029e-16
	 	 	9	2.81114e-06	2.53973e+11	9.87982e+06	0.000744027	1	6.31029e-16
	 	 	10	4.81335e-07	2.53973e+11	9.87982e+06	0.000744027	1	9.46543e-16
	 	 	11	7.05902e-08	2.53973e+11	9.87982e+06	0.000744027	1	-4.4172e-15
	 	 	12	8.89526e-09	2.53973e+11	9.87982e+06	0.000744027	1	-1.89309e-15
	 7	0.000172956	9.87982e+06	0.423984	0.90567	2.1361	0.000744027	1.79787e-16	-1.89309e-15
		 Mass/AM Itteration # 	 convergence 	 p_core 	 a 	 omega_rot 	 edge corot 	 AM error 
	 	 	1	1	2.53902e+11	9.88526e+06	0.000746045	1	3.62842e-15
	 	 	2	0.00295653	2.53153e+11	9.89542e+06	0.00074318	1	1.73533e-15
	 	 	3	0.00251595	2.53792e+11	9.89134e+06	0.000743828	1	-1.57757e-16
	 	 	4	0.000654879	2.53958e+11	9.891e+06	0.000743926	1	9.46543e-16
	 	 	5	0.000187646	2.54006e+11	9.89103e+06	0.00074393	1	-6.31029e-16
	 	 	6	5.23638e-05	2.54019e+11	9.89105e+06	0.000743929	1	0
	 	 	7	1.28431e-05	2.54022e+11	9.89105e+06	0.000743929	1	-2.68187e-15
	 	 	8	2.68033e-06	2.54023e+11	9.89105e+06	0.000743929	1	3.3129e-15
	 	 	9	4.74354e-07	2.54023e+11	9.89105e+06	0.000743929	1	-6.31029e-16
	 	 	10	7.15891e-08	2.54023e+11	9.89105e+06	0.000743929	1	1.57757e-15
	 	 	11	9.22852e-09	2.54023e+11	9.89105e+06	0.000743929	1	-7.88786e-16
	 8	0.00020249	9.89105e+06	0.423474	0.905908	2.13923	0.000743929	0	-7.88786e-16
		 Mass/AM Itteration # 	 convergence 	 p_core 	 a 	 omega_rot 	 edge corot 	 AM error 
	 	 	1	1	2.53964e+11	9.89431e+06	0.000746335	1	7.88786e-16
	 	 	2	0.0035866	2.53056e+11	9.90623e+06	0.000742984	1	6.31029e-16
	 	 	3	0.00289368	2.53791e+11	9.90144e+06	0.00074374	1	6.31029e-16
	 	 	4	0.000752317	2.53982e+11	9.90104e+06	0.000743855	1	-1.57757e-16
	 	 	5	0.000216236	2.54037e+11	9.90108e+06	0.00074386	1	-7.88786e-16
	 	 	6	6.05544e-05	2.54052e+11	9.9011e+06	0.000743859	1	-1.1043e-15
	 	 	7	1.48706e-05	2.54056e+11	9.9011e+06	0.000743858	1	1.89309e-15
	 	 	8	3.10531e-06	2.54057e+11	9.9011e+06	0.000743858	1	-6.31029e-16
	 	 	9	5.50015e-07	2.54057e+11	9.9011e+06	0.000743858	1	7.88786e-16
	 	 	10	8.28907e-08	2.54057e+11	9.9011e+06	0.000743858	1	-7.88786e-16
	 	 	11	1.06507e-08	2.54057e+11	9.9011e+06	0.000743858	1	-1.57757e-16
	 	 	12	1.17723e-09	2.54057e+11	9.9011e+06	0.000743858	1	-1.57757e-16
	 9	0.000155061	9.9011e+06	0.423042	0.90611	2.14189	0.000743858	0	-1.57757e-16
		 Mass/AM Itteration # 	 convergence 	 p_core 	 a 	 omega_rot 	 edge corot 	 AM error 
	 	 	1	1	2.54006e+11	9.90348e+06	0.000746302	1	-3.15514e-16
	 	 	2	0.00364935	2.53083e+11	9.91548e+06	0.00074292	2	1.57757e-16
	 	 	3	0.00286498	2.5381e+11	9.91084e+06	0.000743685	1	-1.57757e-16
	 	 	4	0.000758558	2.54002e+11	9.9103e+06	0.000743806	1	3.15514e-16
	 	 	5	0.00022015	2.54058e+11	9.91031e+06	0.000743816	1	0
	 	 	6	6.1396e-05	2.54074e+11	9.91032e+06	0.000743815	1	-7.88786e-16
	 	 	7	1.52956e-05	2.54078e+11	9.91033e+06	0.000743814	1	-4.73272e-16
	 	 	8	3.28887e-06	2.54079e+11	9.91033e+06	0.000743814	1	1.1043e-15
	 	 	9	6.06476e-07	2.54079e+11	9.91033e+06	0.000743814	1	0
	 	 	10	9.6135e-08	2.54079e+11	9.91033e+06	0.000743814	1	1.57757e-16
	 	 	11	1.31466e-08	2.54079e+11	9.91033e+06	0.000743814	1	3.15514e-16
	 	 	12	1.56543e-09	2.54079e+11	9.91033e+06	0.000743814	1	-2.36636e-15
	 10	0.00012528	9.91033e+06	0.42265	0.906293	2.14431	0.000743814	0	-2.36636e-15
		 Mass/AM Itteration # 	 convergence 	 p_core 	 a 	 omega_rot 	 edge corot 	 AM error 
	 	 	1	1	2.54032e+11	9.91243e+06	0.000746193	1	-1.26206e-15
	 	 	2	0.00354883	2.53134e+11	9.92407e+06	0.000742933	2	3.15514e-16
	 	 	3	0.00276154	2.53835e+11	9.91952e+06	0.000743667	1	1.1043e-15
	 	 	4	0.000727684	2.54019e+11	9.91904e+06	0.000743781	1	1.1043e-15
	 	 	5	0.000210302	2.54073e+11	9.91905e+06	0.00074379	1	1.57757e-16
	 	 	6	5.87578e-05	2.54088e+11	9.91907e+06	0.000743788	1	1.73533e-15
	 	 	7	1.45885e-05	2.54091e+11	9.91908e+06	0.000743788	1	-4.73272e-16
	 	 	8	3.10699e-06	2.54092e+11	9.91908e+06	0.000743788	1	-4.73272e-16
	 	 	9	5.64839e-07	2.54092e+11	9.91908e+06	0.000743788	1	1.57757e-16
	 	 	10	8.7893e-08	2.54092e+11	9.91908e+06	0.000743788	1	-1.57757e-16
	 	 	11	1.1745e-08	2.54092e+11	9.91908e+06	0.000743788	1	-1.73533e-15
	 	 	12	1.36116e-09	2.54092e+11	9.91908e+06	0.000743788	1	2.2086e-15
	 11	0.000109748	9.91908e+06	0.422282	0.906464	2.14659	0.000743788	1.79787e-16	2.2086e-15
		 Mass/AM Itteration # 	 convergence 	 p_core 	 a 	 omega_rot 	 edge corot 	 AM error 
	 	 	1	1	2.54047e+11	9.92114e+06	0.000746099	1	1.89309e-15
	 	 	2	0.00344028	2.53176e+11	9.93242e+06	0.000742958	2	1.89309e-15
	 	 	3	0.00266481	2.53852e+11	9.92795e+06	0.000743662	1	3.15514e-16
	 	 	4	0.000696664	2.54029e+11	9.92753e+06	0.000743771	1	-2.36636e-15
	 	 	5	0.000200382	2.5408e+11	9.92756e+06	0.000743777	1	-3.15514e-15
	 	 	6	5.61076e-05	2.54094e+11	9.92758e+06	0.000743776	1	-9.46543e-16
	 	 	7	1.38702e-05	2.54098e+11	9.92758e+06	0.000743776	1	1.41981e-15
	 	 	8	2.9221e-06	2.54099e+11	9.92758e+06	0.000743775	1	7.88786e-16
	 	 	9	5.22604e-07	2.54099e+11	9.92758e+06	0.000743775	1	2.99739e-15
	 	 	10	7.95483e-08	2.54099e+11	9.92758e+06	0.000743775	1	6.31029e-16
	 	 	11	1.03275e-08	2.54099e+11	9.92758e+06	0.000743775	1	1.57757e-16
	 	 	12	1.15478e-09	2.54099e+11	9.92758e+06	0.000743775	1	-2.05084e-15
	 12	0.000100845	9.92758e+06	0.421926	0.90663	2.14879	0.000743775	1.79787e-16	-2.05084e-15
		 Mass/AM Itteration # 	 convergence 	 p_core 	 a 	 omega_rot 	 edge corot 	 AM error 
	 	 	1	1	2.54053e+11	9.92973e+06	0.000746064	2	-3.15514e-16
	 	 	2	0.00335645	2.53204e+11	9.94064e+06	0.000742995	2	2.36636e-15
	 	 	3	0.00259491	2.53862e+11	9.93632e+06	0.000743678	2	-4.73272e-16
	 	 	4	0.00067408	2.54034e+11	9.93595e+06	0.000743781	2	0
	 	 	5	0.00019421	2.54083e+11	9.93599e+06	0.000743787	2	3.15514e-16
	 	 	6	5.44286e-05	2.54097e+11	9.936e+06	0.000743785	2	-3.15514e-16
	 	 	7	1.33966e-05	2.541e+11	9.93601e+06	0.000743785	2	-2.68187e-15
	 	 	8	2.80547e-06	2.54101e+11	9.93601e+06	0.000743785	2	-4.73272e-16
	 	 	9	4.9933e-07	2.54101e+11	9.93601e+06	0.000743785	2	-6.31029e-16
	 	 	10	7.58566e-08	2.54101e+11	9.93601e+06	0.000743785	2	0
	 	 	11	9.86595e-09	2.54101e+11	9.93601e+06	0.000743785	2	-7.88786e-16
	 13	8.93069e-05	9.93601e+06	0.421573	0.906794	2.15098	0.000743785	-1.79787e-16	-7.88786e-16
		 Mass/AM Itteration # 	 convergence 	 p_core 	 a 	 omega_rot 	 edge corot 	 AM error 
	 	 	1	1	2.54049e+11	9.93806e+06	0.000745922	2	-1.41981e-15
	 	 	2	0.00315066	2.53251e+11	9.94843e+06	0.000742995	2	1.41981e-15
	 	 	3	0.00250868	2.53888e+11	9.94426e+06	0.000743654	2	-3.15514e-16
	 	 	4	0.000652018	2.54054e+11	9.94391e+06	0.000743753	2	-2.05084e-15
	 	 	5	0.00018773	2.54102e+11	9.94394e+06	0.000743759	2	1.41981e-15
	 	 	6	5.25827e-05	2.54115e+11	9.94396e+06	0.000743757	2	2.05084e-15
	 	 	7	1.2933e-05	2.54118e+11	9.94396e+06	0.000743757	2	-4.73272e-16
	 	 	8	2.70576e-06	2.54119e+11	9.94396e+06	0.000743757	2	2.2086e-15
	 	 	9	4.80878e-07	2.54119e+11	9.94396e+06	0.000743757	2	4.73272e-16
	 	 	10	7.28872e-08	2.54119e+11	9.94396e+06	0.000743757	2	-1.73533e-15
	 	 	11	9.44698e-09	2.54119e+11	9.94396e+06	0.000743757	2	9.46543e-16
	 14	9.79687e-05	9.94396e+06	0.421221	0.906958	2.15317	0.000743757	-3.59574e-16	9.46543e-16
		 Mass/AM Itteration # 	 convergence 	 p_core 	 a 	 omega_rot 	 edge corot 	 AM error 
	 	 	1	1	2.54067e+11	9.9456e+06	0.000745642	2	2.36636e-15
	 	 	2	0.0028109	2.53355e+11	9.95496e+06	0.000742992	2	1.73533e-15
	 	 	3	0.00230098	2.53939e+11	9.95115e+06	0.000743595	2	-1.41981e-15
	 	 	4	0.000598375	2.54092e+11	9.95083e+06	0.000743686	2	2.36636e-15
	 	 	5	0.000172152	2.54135e+11	9.95085e+06	0.000743691	2	-3.15514e-16
	 	 	6	4.8199e-05	2.54148e+11	9.95087e+06	0.000743689	2	5.20599e-15
	 	 	7	1.1846e-05	2.54151e+11	9.95087e+06	0.000743689	2	-6.31029e-16
	 	 	8	2.47586e-06	2.54151e+11	9.95087e+06	0.000743689	2	9.46543e-16
	 	 	9	4.39402e-07	2.54151e+11	9.95087e+06	0.000743689	2	1.57757e-15
	 	 	10	6.64665e-08	2.54151e+11	9.95087e+06	0.000743689	2	9.46543e-16
	 	 	11	8.59035e-09	2.54151e+11	9.95087e+06	0.000743689	2	-6.31029e-16
	 15	0.000101791	9.95087e+06	0.420902	0.907106	2.15515	0.000743689	1.79787e-16	-6.31029e-16
		 Mass/AM Itteration # 	 convergence 	 p_core 	 a 	 omega_rot 	 edge corot 	 AM error 
	 	 	1	1	2.54111e+11	9.95208e+06	0.00074535	2	9.46543e-16
	 	 	2	0.00248153	2.53482e+11	9.9603e+06	0.000743027	2	-2.36636e-15
	 	 	3	0.00200821	2.53992e+11	9.95696e+06	0.000743555	2	3.15514e-16
	 	 	4	0.000522126	2.54124e+11	9.95668e+06	0.000743634	2	1.73533e-15
	 	 	5	0.000150132	2.54162e+11	9.95671e+06	0.000743638	2	4.73272e-16
	 	 	6	4.20675e-05	2.54173e+11	9.95672e+06	0.000743637	2	6.31029e-16
	 	 	7	1.03449e-05	2.54176e+11	9.95672e+06	0.000743637	2	3.15514e-15
	 	 	8	2.16247e-06	2.54176e+11	9.95672e+06	0.000743637	2	-3.62842e-15
	 	 	9	3.83645e-07	2.54176e+11	9.95672e+06	0.000743637	2	-2.2086e-15
	 	 	10	5.79724e-08	2.54176e+11	9.95672e+06	0.000743637	2	-3.15514e-16
	 	 	11	7.47851e-09	2.54176e+11	9.95672e+06	0.000743637	2	9.46543e-16
	 16	8.24453e-05	9.95672e+06	0.42064	0.907228	2.15678	0.000743637	0	9.46543e-16
		 Mass/AM Itteration # 	 convergence 	 p_core 	 a 	 omega_rot 	 edge corot 	 AM error 
	 	 	1	1	2.54144e+11	9.95775e+06	0.000745112	2	1.57757e-16
	 	 	2	0.0021989	2.53587e+11	9.96499e+06	0.000743074	2	-4.73272e-16
	 	 	3	0.00175009	2.54031e+11	9.96207e+06	0.000743535	2	1.57757e-15
	 	 	4	0.000454811	2.54147e+11	9.96182e+06	0.000743604	2	2.05084e-15
	 	 	5	0.000130694	2.5418e+11	9.96184e+06	0.000743608	2	-4.73272e-16
	 	 	6	3.66472e-05	2.54189e+11	9.96185e+06	0.000743607	2	4.25944e-15
	 	 	7	9.01794e-06	2.54192e+11	9.96186e+06	0.000743606	2	9.46543e-16
	 	 	8	1.88572e-06	2.54192e+11	9.96186e+06	0.000743606	2	4.73272e-16
	 	 	9	3.34499e-07	2.54192e+11	9.96186e+06	0.000743606	2	-2.36636e-15
	 	 	10	5.0509e-08	2.54192e+11	9.96186e+06	0.000743606	2	-1.41981e-15
	 	 	11	6.50619e-09	2.54192e+11	9.96186e+06	0.000743606	2	1.1043e-15
	 17	6.57519e-05	9.96186e+06	0.420418	0.907331	2.15816	0.000743606	3.59574e-16	1.1043e-15
		 Mass/AM Itteration # 	 convergence 	 p_core 	 a 	 omega_rot 	 edge corot 	 AM error 
	 	 	1	1	2.54164e+11	9.9664e+06	0.000743608	2	-3.15514e-16
	 	 	2	9.10248e-05	2.54187e+11	9.96647e+06	0.000743596	2	-1.26206e-15
	 	 	3	4.17478e-05	2.54198e+11	9.96648e+06	0.000743595	2	1.89309e-15
	 	 	4	1.11754e-05	2.54201e+11	9.96648e+06	0.000743595	2	1.41981e-15
	 	 	5	2.22022e-06	2.54201e+11	9.96648e+06	0.000743595	2	-1.57757e-15
	 	 	6	3.74385e-07	2.54201e+11	9.96648e+06	0.000743595	2	-1.57757e-16
	 	 	7	5.82908e-08	2.54201e+11	9.96648e+06	0.000743595	2	6.31029e-16
	 	 	8	8.8428e-09	2.54201e+11	9.96648e+06	0.000743595	2	1.41981e-15
	 18	9.7954e-05	9.96648e+06	0.420218	0.907423	2.15941	0.000743595	3.59574e-16	1.41981e-15
		 Mass/AM Itteration # 	 convergence 	 p_core 	 a 	 omega_rot 	 edge corot 	 AM error 
	 	 	1	1	2.54172e+11	9.96543e+06	0.000745586	2	9.46543e-16
	 	 	2	0.00302443	2.53406e+11	9.97518e+06	0.000742842	2	2.36636e-15
	 	 	3	0.00233728	2.54e+11	9.97121e+06	0.000743465	2	6.31029e-16
	 	 	4	0.000607044	2.54154e+11	9.97088e+06	0.000743559	2	-1.57757e-16
	 	 	5	0.000175023	2.54198e+11	9.97091e+06	0.000743564	2	2.36636e-15
	 	 	6	4.92254e-05	2.54211e+11	9.97092e+06	0.000743563	2	-2.52411e-15
	 	 	7	1.21335e-05	2.54214e+11	9.97093e+06	0.000743562	2	1.41981e-15
	 	 	8	2.53823e-06	2.54215e+11	9.97093e+06	0.000743562	2	1.26206e-15
	 	 	9	4.49932e-07	2.54215e+11	9.97093e+06	0.000743562	2	-4.4172e-15
	 	 	10	6.78164e-08	2.54215e+11	9.97093e+06	0.000743562	2	-9.46543e-16
	 	 	11	8.70898e-09	2.54215e+11	9.97093e+06	0.000743562	2	-1.1043e-15
	 19	3.61563e-05	9.97093e+06	0.420032	0.907509	2.16057	0.000743562	3.59574e-16	-1.1043e-15
		 Mass/AM Itteration # 	 convergence 	 p_core 	 a 	 omega_rot 	 edge corot 	 AM error 
	 	 	1	1	2.54192e+11	9.97096e+06	0.000745004	2	1.41981e-15
	 	 	2	0.00216023	2.53644e+11	9.97797e+06	0.000743041	2	-1.57757e-15
	 	 	3	0.001667	2.54068e+11	9.97515e+06	0.000743484	2	9.46543e-16
	 	 	4	0.000432713	2.54178e+11	9.97491e+06	0.000743551	2	1.57757e-15
	 	 	5	0.000124477	2.54209e+11	9.97493e+06	0.000743554	2	7.88786e-16
	 	 	6	3.4978e-05	2.54218e+11	9.97494e+06	0.000743553	2	-6.31029e-16
	 	 	7	8.62055e-06	2.5422e+11	9.97494e+06	0.000743553	2	3.15514e-15
	 	 	8	1.8034e-06	2.54221e+11	9.97494e+06	0.000743553	2	1.1043e-15
	 	 	9	3.19621e-07	2.54221e+11	9.97494e+06	0.000743553	2	-1.26206e-15
	 	 	10	4.81475e-08	2.54221e+11	9.97494e+06	0.000743553	2	3.15514e-15
	 	 	11	6.17598e-09	2.54221e+11	9.97494e+06	0.000743553	2	1.89309e-15
	 20	3.47813e-05	9.97494e+06	0.419861	0.907588	2.16164	0.000743553	1.79787e-16	1.89309e-15
		 Mass/AM Itteration # 	 convergence 	 p_core 	 a 	 omega_rot 	 edge corot 	 AM error 
	 	 	1	1	2.54198e+11	9.97863e+06	0.000743568	2	1.41981e-15
	 	 	2	6.06222e-05	2.54214e+11	9.97871e+06	0.000743555	2	2.52411e-15
	 	 	3	3.04513e-05	2.54222e+11	9.97872e+06	0.000743553	2	9.46543e-16
	 	 	4	8.07486e-06	2.54224e+11	9.97872e+06	0.000743553	2	1.57757e-16
	 	 	5	1.52073e-06	2.54224e+11	9.97872e+06	0.000743553	2	-7.88786e-16
	 	 	6	2.34559e-07	2.54224e+11	9.97872e+06	0.000743553	2	6.31029e-16
	 	 	7	3.2875e-08	2.54224e+11	9.97872e+06	0.000743553	2	-4.73272e-16
	 	 	8	4.63678e-09	2.54224e+11	9.97872e+06	0.000743553	2	-4.73272e-16
	 21	7.53209e-05	9.97872e+06	0.419698	0.907664	2.16266	0.000743553	0	-4.73272e-16
		 Mass/AM Itteration # 	 convergence 	 p_core 	 a 	 omega_rot 	 edge corot 	 AM error 
	 	 	1	1	2.542e+11	9.97772e+06	0.000745279	2	-4.73272e-16
	 	 	2	0.00262185	2.53535e+11	9.98616e+06	0.000742909	2	-3.15514e-15
	 	 	3	0.00201551	2.54047e+11	9.98273e+06	0.000743447	2	-1.57757e-15
	 	 	4	0.000523159	2.5418e+11	9.98244e+06	0.000743529	2	1.1043e-15
	 	 	5	0.0001507	2.54218e+11	9.98246e+06	0.000743533	2	2.36636e-15
	 	 	6	4.24029e-05	2.54229e+11	9.98248e+06	0.000743532	2	-6.31029e-16
	 	 	7	1.04559e-05	2.54232e+11	9.98248e+06	0.000743531	2	-2.68187e-15
	 	 	8	2.18681e-06	2.54232e+11	9.98248e+06	0.000743531	2	-1.73533e-15
	 	 	9	3.87191e-07	2.54232e+11	9.98248e+06	0.000743531	2	9.46543e-16
	 	 	10	5.82203e-08	2.54232e+11	9.98248e+06	0.000743531	2	7.88786e-16
	 	 	11	7.44732e-09	2.54232e+11	9.98248e+06	0.000743531	2	-3.3129e-15
	 22	2.62354e-05	9.98248e+06	0.419542	0.907736	2.16363	0.000743531	7.19148e-16	-3.3129e-15
		 Mass/AM Itteration # 	 convergence 	 p_core 	 a 	 omega_rot 	 edge corot 	 AM error 
	 	 	1	1	2.54212e+11	9.98583e+06	0.000743556	2	9.46543e-16
	 	 	2	4.46407e-05	2.54224e+11	9.98592e+06	0.000743541	2	-1.26206e-15
	 	 	3	2.49596e-05	2.5423e+11	9.98593e+06	0.000743539	2	-4.73272e-16
	 	 	4	6.55123e-06	2.54232e+11	9.98593e+06	0.000743539	2	-2.36636e-15
	 	 	5	1.1593e-06	2.54232e+11	9.98593e+06	0.000743539	2	-1.89309e-15
	 	 	6	1.58159e-07	2.54232e+11	9.98593e+06	0.000743539	2	-7.88786e-16
	 	 	7	1.84014e-08	2.54232e+11	9.98593e+06	0.000743539	2	-9.46543e-16
	 	 	8	2.19528e-09	2.54232e+11	9.98593e+06	0.000743539	2	1.1043e-15
	 23	6.48248e-05	9.98593e+06	0.419394	0.907804	2.16456	0.000743539	0	1.1043e-15
		 Mass/AM Itteration # 	 convergence 	 p_core 	 a 	 omega_rot 	 edge corot 	 AM error 
	 	 	1	1	2.54209e+11	9.98461e+06	0.000745295	2	3.15514e-16
	 	 	2	0.00267343	2.53531e+11	9.9932e+06	0.000742888	2	2.83963e-15
	 	 	3	0.00204352	2.5405e+11	9.9897e+06	0.000743435	2	7.88786e-16
	 	 	4	0.000530255	2.54185e+11	9.9894e+06	0.000743518	2	2.36636e-15
	 	 	5	0.000152728	2.54224e+11	9.98943e+06	0.000743522	2	4.73272e-16
	 	 	6	4.30004e-05	2.54235e+11	9.98945e+06	0.000743521	2	-1.89309e-15
	 	 	7	1.06092e-05	2.54238e+11	9.98945e+06	0.000743521	2	-3.15514e-16
	 	 	8	2.21901e-06	2.54238e+11	9.98945e+06	0.000743521	2	-2.99739e-15
	 	 	9	3.92637e-07	2.54238e+11	9.98945e+06	0.000743521	2	1.41981e-15
	 	 	10	5.89457e-08	2.54238e+11	9.98945e+06	0.000743521	2	-6.31029e-16
	 	 	11	7.51913e-09	2.54238e+11	9.98945e+06	0.000743521	2	-4.10169e-15
	 24	1.8595e-05	9.98945e+06	0.419249	0.907871	2.16547	0.000743521	0	-4.10169e-15
		 Mass/AM Itteration # 	 convergence 	 p_core 	 a 	 omega_rot 	 edge corot 	 AM error 
	 	 	1	1	2.5422e+11	9.99261e+06	0.00074355	2	-3.15514e-16
	 	 	2	3.62375e-05	2.54229e+11	9.99271e+06	0.000743534	2	1.57757e-16
	 	 	3	2.20138e-05	2.54235e+11	9.99271e+06	0.000743532	2	-2.36636e-15
	 	 	4	5.7323e-06	2.54236e+11	9.99271e+06	0.000743532	2	6.31029e-16
	 	 	5	9.66496e-07	2.54236e+11	9.99271e+06	0.000743532	2	2.83963e-15
	 	 	6	1.17844e-07	2.54236e+11	9.99271e+06	0.000743532	2	-1.41981e-15
	 	 	7	1.08452e-08	2.54236e+11	9.99271e+06	0.000743532	2	3.15514e-16
	 	 	8	9.32319e-10	2.54236e+11	9.99271e+06	0.000743532	2	3.15514e-16
	 25	5.91744e-05	9.99271e+06	0.419108	0.907936	2.16635	0.000743532	3.59574e-16	3.15514e-16
		 Mass/AM Itteration # 	 convergence 	 p_core 	 a 	 omega_rot 	 edge corot 	 AM error 
	 	 	1	1	2.54214e+11	9.99138e+06	0.000745248	2	2.36636e-15
	 	 	2	0.00261273	2.53552e+11	9.99977e+06	0.000742891	3	-1.57757e-16
	 	 	3	0.00197925	2.54054e+11	9.99645e+06	0.000743427	2	-1.57757e-16
	 	 	4	0.000524369	2.54188e+11	9.99608e+06	0.000743512	2	-6.31029e-16
	 	 	5	0.000152143	2.54226e+11	9.99609e+06	0.000743519	2	-2.83963e-15
	 	 	6	4.26578e-05	2.54237e+11	9.9961e+06	0.000743518	2	-9.46543e-16
	 	 	7	1.06477e-05	2.5424e+11	9.9961e+06	0.000743518	2	-1.26206e-15
	 	 	8	2.28378e-06	2.54241e+11	9.9961e+06	0.000743517	2	0
	 	 	9	4.18538e-07	2.54241e+11	9.99611e+06	0.000743517	2	-2.36636e-15
	 	 	10	6.56879e-08	2.54241e+11	9.99611e+06	0.000743517	2	-1.41981e-15
	 	 	11	8.85554e-09	2.54241e+11	9.99611e+06	0.000743517	2	-4.73272e-16
	 26	1.55645e-05	9.99611e+06	0.418969	0.908001	2.16723	0.000743517	0	-4.73272e-16
		 Mass/AM Itteration # 	 convergence 	 p_core 	 a 	 omega_rot 	 edge corot 	 AM error 
	 	 	1	1	2.54222e+11	9.99918e+06	0.00074355	2	2.36636e-15
	 	 	2	3.07185e-05	2.5423e+11	9.99929e+06	0.000743534	2	-4.73272e-16
	 	 	3	2.0249e-05	2.54235e+11	9.9993e+06	0.000743532	2	2.68187e-15
	 	 	4	5.23775e-06	2.54237e+11	9.9993e+06	0.000743532	2	-1.89309e-15
	 	 	5	8.43895e-07	2.54237e+11	9.9993e+06	0.000743532	2	-1.57757e-16
	 	 	6	9.08229e-08	2.54237e+11	9.99929e+06	0.000743532	2	9.46543e-16
	 	 	7	5.59954e-09	2.54237e+11	9.99929e+06	0.000743532	2	-9.46543e-16
	 27	5.61482e-05	9.99929e+06	0.418832	0.908064	2.16809	0.000743532	-3.59574e-16	-9.46543e-16
		 Mass/AM Itteration # 	 convergence 	 p_core 	 a 	 omega_rot 	 edge corot 	 AM error 
	 	 	1	1	2.54215e+11	9.99803e+06	0.000745212	2	-7.88786e-16
	 	 	2	0.00255679	2.53566e+11	1.00062e+07	0.000742914	3	-1.57757e-16
	 	 	3	0.00193833	2.54059e+11	1.0003e+07	0.000743436	2	-1.1043e-15
	 	 	4	0.000508814	2.54188e+11	1.00026e+07	0.000743517	2	-1.73533e-15
	 	 	5	0.000147005	2.54226e+11	1.00026e+07	0.000743522	2	-4.73272e-15
	 	 	6	4.13037e-05	2.54236e+11	1.00027e+07	0.000743521	2	1.57757e-16
	 	 	7	1.0256e-05	2.54239e+11	1.00027e+07	0.000743521	2	-1.1043e-15
	 	 	8	2.17356e-06	2.54239e+11	1.00027e+07	0.000743521	2	-4.73272e-16
	 	 	9	3.91537e-07	2.54239e+11	1.00027e+07	0.000743521	2	-1.89309e-15
	 	 	10	6.01008e-08	2.54239e+11	1.00027e+07	0.000743521	2	4.73272e-16
	 	 	11	7.87976e-09	2.54239e+11	1.00027e+07	0.000743521	2	-9.46543e-16
	 28	1.44481e-05	1.00027e+07	0.418694	0.908127	2.16895	0.000743521	1.79787e-16	-9.46543e-16
		 Mass/AM Itteration # 	 convergence 	 p_core 	 a 	 omega_rot 	 edge corot 	 AM error 
	 	 	1	1	2.54221e+11	1.00058e+07	0.000743559	2	-9.46543e-16
	 	 	2	2.64147e-05	2.54228e+11	1.00059e+07	0.000743541	2	4.73272e-16
	 	 	3	1.91846e-05	2.54232e+11	1.00059e+07	0.000743539	2	-6.31029e-16
	 	 	4	4.92835e-06	2.54234e+11	1.00059e+07	0.000743539	2	-4.73272e-16
	 	 	5	7.54144e-07	2.54234e+11	1.00059e+07	0.000743539	2	-4.73272e-16
	 	 	6	6.83005e-08	2.54234e+11	1.00059e+07	0.000743539	2	2.05084e-15
	 	 	7	8.85386e-10	2.54234e+11	1.00059e+07	0.000743539	2	-3.15514e-16
	 29	5.4975e-05	1.00059e+07	0.418557	0.908191	2.16982	0.000743539	0	-3.15514e-16
		 Mass/AM Itteration # 	 convergence 	 p_core 	 a 	 omega_rot 	 edge corot 	 AM error 
	 	 	1	1	2.54211e+11	1.00047e+07	0.000745224	3	-2.99739e-15
	 	 	2	0.00253509	2.53569e+11	1.00128e+07	0.000742939	3	3.15514e-16
	 	 	3	0.00192624	2.54058e+11	1.00095e+07	0.000743454	2	-7.88786e-16
	 	 	4	0.000498068	2.54184e+11	1.00093e+07	0.000743531	3	2.36636e-15
	 	 	5	0.000145189	2.54221e+11	1.00093e+07	0.000743535	3	-1.1043e-15
	 	 	6	4.09726e-05	2.54232e+11	1.00093e+07	0.000743534	3	-1.26206e-15
	 	 	7	1.00926e-05	2.54234e+11	1.00093e+07	0.000743534	3	-1.1043e-15
	 	 	8	2.12693e-06	2.54235e+11	1.00093e+07	0.000743534	3	-4.73272e-16
	 	 	9	3.84481e-07	2.54235e+11	1.00093e+07	0.000743534	3	1.57757e-16
	 	 	10	6.00614e-08	2.54235e+11	1.00093e+07	0.000743534	3	0
	 	 	11	8.1736e-09	2.54235e+11	1.00093e+07	0.000743534	3	7.88786e-16
	 30	1.24971e-05	1.00093e+07	0.418415	0.908256	2.1707	0.000743534	3.59574e-16	7.88786e-16
		 Mass/AM Itteration # 	 convergence 	 p_core 	 a 	 omega_rot 	 edge corot 	 AM error 
	 	 	1	1	2.54215e+11	1.00124e+07	0.000743564	3	4.25944e-15
	 	 	2	4.22767e-05	2.54225e+11	1.00125e+07	0.000743551	3	-1.73533e-15
	 	 	3	2.34592e-05	2.54231e+11	1.00125e+07	0.00074355	3	1.73533e-15
	 	 	4	6.0981e-06	2.54233e+11	1.00125e+07	0.00074355	3	1.1043e-15
	 	 	5	1.10942e-06	2.54233e+11	1.00125e+07	0.00074355	3	1.73533e-15
	 	 	6	1.6683e-07	2.54233e+11	1.00125e+07	0.00074355	3	4.73272e-16
	 	 	7	2.3787e-08	2.54233e+11	1.00125e+07	0.00074355	3	3.15514e-16
	 	 	8	3.6392e-09	2.54233e+11	1.00125e+07	0.00074355	3	0
	 31	5.39652e-05	1.00125e+07	0.418275	0.908321	2.17159	0.00074355	-1.79787e-16	0
		 Mass/AM Itteration # 	 convergence 	 p_core 	 a 	 omega_rot 	 edge corot 	 AM error 
	 	 	1	1	2.54208e+11	1.00112e+07	0.000745136	3	4.10169e-15
	 	 	2	0.00240466	2.53598e+11	1.00189e+07	0.000742943	3	1.1043e-15
	 	 	3	0.00187025	2.54073e+11	1.00157e+07	0.000743443	3	3.47066e-15
	 	 	4	0.000485197	2.54197e+11	1.00155e+07	0.000743518	3	1.73533e-15
	 	 	5	0.000140234	2.54232e+11	1.00155e+07	0.000743522	3	1.57757e-16
	 	 	6	3.94637e-05	2.54243e+11	1.00155e+07	0.000743521	3	-1.57757e-15
	 	 	7	9.72e-06	2.54245e+11	1.00155e+07	0.00074352	3	3.15514e-16
	 	 	8	2.03379e-06	2.54245e+11	1.00155e+07	0.00074352	3	1.57757e-16
	 	 	9	3.61616e-07	2.54246e+11	1.00155e+07	0.00074352	3	-1.57757e-16
	 	 	10	5.4938e-08	2.54246e+11	1.00155e+07	0.00074352	3	4.73272e-16
	 	 	11	7.16587e-09	2.54246e+11	1.00155e+07	0.00074352	3	6.31029e-16
	 32	1.75691e-05	1.00155e+07	0.418139	0.908383	2.17244	0.00074352	0	6.31029e-16
		 Mass/AM Itteration # 	 convergence 	 p_core 	 a 	 omega_rot 	 edge corot 	 AM error 
	 	 	1	1	2.54227e+11	1.0018e+07	0.00074351	3	1.89309e-15
	 	 	2	6.92063e-05	2.54245e+11	1.0018e+07	0.000743509	3	-6.31029e-16
	 	 	3	2.73639e-05	2.54251e+11	1.0018e+07	0.000743509	3	-3.15514e-16
	 	 	4	7.31312e-06	2.54253e+11	1.0018e+07	0.000743509	3	-1.57757e-15
	 	 	5	1.57243e-06	2.54254e+11	1.0018e+07	0.000743509	3	-2.68187e-15
	 	 	6	3.0164e-07	2.54254e+11	1.0018e+07	0.000743509	3	4.73272e-16
	 	 	7	5.39177e-08	2.54254e+11	1.0018e+07	0.000743509	3	-3.15514e-16
	 	 	8	9.03665e-09	2.54254e+11	1.0018e+07	0.000743509	3	3.15514e-15
	 33	5.20257e-05	1.0018e+07	0.418024	0.908436	2.17317	0.000743509	5.39361e-16	3.15514e-15
		 Mass/AM Itteration # 	 convergence 	 p_core 	 a 	 omega_rot 	 edge corot 	 AM error 
	 	 	1	1	2.54236e+11	1.00201e+07	0.000743487	3	0
	 	 	2	7.14427e-05	2.54254e+11	1.00201e+07	0.000743489	3	-9.46543e-16
	 	 	3	2.68926e-05	2.54261e+11	1.00201e+07	0.000743489	3	-2.05084e-15
	 	 	4	7.27672e-06	2.54263e+11	1.00201e+07	0.000743489	3	4.73272e-16
	 	 	5	1.62339e-06	2.54263e+11	1.00201e+07	0.000743489	3	6.46804e-15
	 	 	6	3.24472e-07	2.54264e+11	1.00201e+07	0.000743489	3	-9.46543e-16
	 	 	7	5.97398e-08	2.54264e+11	1.00201e+07	0.000743489	3	-3.15514e-16
	 	 	8	1.01228e-08	2.54264e+11	1.00201e+07	0.000743489	3	-2.99739e-15
	 	 	9	1.56704e-09	2.54264e+11	1.00201e+07	0.000743489	3	-1.57757e-15
	 34	5.18401e-05	1.00201e+07	0.417928	0.90848	2.17377	0.000743489	-1.79787e-16	-1.57757e-15
		 Mass/AM Itteration # 	 convergence 	 p_core 	 a 	 omega_rot 	 edge corot 	 AM error 
	 	 	1	1	2.5425e+11	1.00176e+07	0.000745122	3	4.73272e-16
	 	 	2	0.00250443	2.53615e+11	1.00255e+07	0.000742875	3	1.73533e-15
	 	 	3	0.00190111	2.54098e+11	1.00223e+07	0.000743387	3	-4.73272e-16
	 	 	4	0.000493292	2.54223e+11	1.0022e+07	0.000743463	3	-3.15514e-16
	 	 	5	0.000142767	2.54259e+11	1.0022e+07	0.000743467	3	0
	 	 	6	4.02505e-05	2.5427e+11	1.0022e+07	0.000743466	3	-4.73272e-16
	 	 	7	9.9283e-06	2.54272e+11	1.00221e+07	0.000743466	3	3.15514e-16
	 	 	8	2.07917e-06	2.54273e+11	1.00221e+07	0.000743466	3	-2.83963e-15
	 	 	9	3.6977e-07	2.54273e+11	1.00221e+07	0.000743466	3	0
	 	 	10	5.61507e-08	2.54273e+11	1.00221e+07	0.000743466	3	-4.73272e-16
	 	 	11	7.31469e-09	2.54273e+11	1.00221e+07	0.000743466	3	-7.88786e-16
	 35	7.16177e-06	1.00221e+07	0.417848	0.908517	2.17428	0.000743466	0	-7.88786e-16
		 Mass/AM Itteration # 	 convergence 	 p_core 	 a 	 omega_rot 	 edge corot 	 AM error 
	 	 	1	1	2.54264e+11	1.00236e+07	0.000743478	3	4.73272e-16
	 	 	2	2.20182e-05	2.5427e+11	1.00236e+07	0.000743471	3	-1.1043e-15
	 	 	3	1.20657e-05	2.54273e+11	1.00236e+07	0.000743471	3	-6.31029e-16
	 	 	4	3.14881e-06	2.54274e+11	1.00236e+07	0.000743471	3	-1.57757e-16
	 	 	5	5.7753e-07	2.54274e+11	1.00236e+07	0.000743471	3	2.83963e-15
	 	 	6	8.77967e-08	2.54274e+11	1.00236e+07	0.000743471	3	1.41981e-15
	 	 	7	1.2634e-08	2.54274e+11	1.00236e+07	0.000743471	3	-1.73533e-15
	 	 	8	1.93247e-09	2.54274e+11	1.00236e+07	0.000743471	3	-1.1043e-15
	 36	2.83867e-05	1.00236e+07	0.417778	0.908549	2.17472	0.000743471	0	-1.1043e-15
		 Mass/AM Itteration # 	 convergence 	 p_core 	 a 	 omega_rot 	 edge corot 	 AM error 
	 	 	1	1	2.54263e+11	1.00252e+07	0.000743464	3	0
	 	 	2	3.92027e-05	2.54273e+11	1.00252e+07	0.000743462	3	1.26206e-15
	 	 	3	1.63141e-05	2.54277e+11	1.00252e+07	0.000743463	3	1.73533e-15
	 	 	4	4.39443e-06	2.54278e+11	1.00252e+07	0.000743463	3	2.99739e-15
	 	 	5	9.38323e-07	2.54278e+11	1.00252e+07	0.000743463	3	1.57757e-16
	 	 	6	1.7812e-07	2.54279e+11	1.00252e+07	0.000743463	3	7.88786e-16
	 	 	7	3.16121e-08	2.54279e+11	1.00252e+07	0.000743463	3	1.73533e-15
	 	 	8	5.29339e-09	2.54279e+11	1.00252e+07	0.000743463	3	6.31029e-16
	 37	3.45294e-05	1.00252e+07	0.417712	0.90858	2.17513	0.000743463	3.59574e-16	6.31029e-16
		 Mass/AM Itteration # 	 convergence 	 p_core 	 a 	 omega_rot 	 edge corot 	 AM error 
	 	 	1	1	2.54269e+11	1.00266e+07	0.000743458	3	-3.15514e-16
	 	 	2	3.43427e-05	2.54277e+11	1.00266e+07	0.000743456	3	0
	 	 	3	1.45218e-05	2.54281e+11	1.00266e+07	0.000743456	3	2.36636e-15
	 	 	4	3.90544e-06	2.54282e+11	1.00266e+07	0.000743456	3	2.83963e-15
	 	 	5	8.27124e-07	2.54282e+11	1.00266e+07	0.000743456	3	1.26206e-15
	 	 	6	1.55457e-07	2.54282e+11	1.00266e+07	0.000743456	3	6.31029e-16
	 	 	7	2.73854e-08	2.54282e+11	1.00266e+07	0.000743456	3	-3.15514e-16
	 	 	8	4.57435e-09	2.54282e+11	1.00266e+07	0.000743456	3	-7.88786e-16
	 38	3.1134e-05	1.00266e+07	0.417652	0.908607	2.17551	0.000743456	-1.79787e-16	-7.88786e-16
		 Mass/AM Itteration # 	 convergence 	 p_core 	 a 	 omega_rot 	 edge corot 	 AM error 
	 	 	1	1	2.54273e+11	1.00237e+07	0.000745016	3	-9.46543e-16
	 	 	2	0.00240195	2.53664e+11	1.00313e+07	0.000742876	3	-4.73272e-16
	 	 	3	0.00180464	2.54122e+11	1.00282e+07	0.000743363	3	1.57757e-15
	 	 	4	0.000468326	2.54241e+11	1.00279e+07	0.000743436	3	2.68187e-15
	 	 	5	0.000135575	2.54276e+11	1.00279e+07	0.00074344	3	9.46543e-16
	 	 	6	3.82533e-05	2.54286e+11	1.0028e+07	0.000743439	3	2.05084e-15
	 	 	7	9.44313e-06	2.54288e+11	1.0028e+07	0.000743438	3	-3.3129e-15
	 	 	8	1.97849e-06	2.54289e+11	1.0028e+07	0.000743438	3	0
	 	 	9	3.51869e-07	2.54289e+11	1.0028e+07	0.000743438	3	7.88786e-16
	 	 	10	5.34032e-08	2.54289e+11	1.0028e+07	0.000743438	3	-9.46543e-16
	 	 	11	6.94839e-09	2.54289e+11	1.0028e+07	0.000743438	3	-9.46543e-16
	 39	1.8903e-05	1.0028e+07	0.417597	0.908632	2.17586	0.000743438	3.59574e-16	-9.46543e-16
		 Mass/AM Itteration # 	 convergence 	 p_core 	 a 	 omega_rot 	 edge corot 	 AM error 
	 	 	1	1	2.54284e+11	1.0029e+07	0.000743453	3	-1.89309e-15
	 	 	2	8.85072e-06	2.54286e+11	1.0029e+07	0.000743447	3	7.88786e-16
	 	 	3	6.64145e-06	2.54288e+11	1.0029e+07	0.000743446	3	-3.78617e-15
	 	 	4	1.68886e-06	2.54288e+11	1.0029e+07	0.000743446	3	-1.57757e-16
	 	 	5	2.64908e-07	2.54288e+11	1.0029e+07	0.000743446	3	-7.88786e-16
	 	 	6	2.82294e-08	2.54288e+11	1.0029e+07	0.000743446	3	-1.73533e-15
	 	 	7	2.03632e-09	2.54288e+11	1.0029e+07	0.000743446	3	2.2086e-15
	 40	1.7081e-05	1.0029e+07	0.417549	0.908655	2.17616	0.000743446	0	2.2086e-15
		 Mass/AM Itteration # 	 convergence 	 p_core 	 a 	 omega_rot 	 edge corot 	 AM error 
	 	 	1	1	2.5428e+11	1.00301e+07	0.000743442	3	6.31029e-16
	 	 	2	2.68236e-05	2.54287e+11	1.00301e+07	0.000743441	3	7.88786e-16
	 	 	3	1.12969e-05	2.5429e+11	1.00301e+07	0.000743441	3	9.46543e-16
	 	 	4	3.03891e-06	2.54291e+11	1.00301e+07	0.000743441	3	-7.88786e-16
	 	 	5	6.44695e-07	2.54291e+11	1.00301e+07	0.000743441	3	-1.1043e-15
	 	 	6	1.21412e-07	2.54291e+11	1.00301e+07	0.000743441	3	-3.15514e-16
	 	 	7	2.14165e-08	2.54291e+11	1.00301e+07	0.000743441	3	1.26206e-15
	 	 	8	3.57765e-09	2.54291e+11	1.00301e+07	0.000743441	3	-1.73533e-15
	 41	2.41232e-05	1.00301e+07	0.417502	0.908676	2.17646	0.000743441	1.79787e-16	-1.73533e-15
		 Mass/AM Itteration # 	 convergence 	 p_core 	 a 	 omega_rot 	 edge corot 	 AM error 
	 	 	1	1	2.54284e+11	1.00311e+07	0.000743438	3	-3.15514e-15
	 	 	2	2.362e-05	2.5429e+11	1.00311e+07	0.000743437	3	-1.57757e-16
	 	 	3	1.01274e-05	2.54293e+11	1.00311e+07	0.000743437	3	-4.73272e-16
	 	 	4	2.71874e-06	2.54293e+11	1.00311e+07	0.000743437	3	-3.15514e-16
	 	 	5	5.71281e-07	2.54293e+11	1.00311e+07	0.000743437	3	-6.31029e-16
	 	 	6	1.06329e-07	2.54294e+11	1.00311e+07	0.000743437	3	1.26206e-15
	 	 	7	1.85896e-08	2.54294e+11	1.00311e+07	0.000743437	3	-1.57757e-16
	 	 	8	3.09627e-09	2.54294e+11	1.00311e+07	0.000743437	3	1.57757e-16
	 42	2.19352e-05	1.00311e+07	0.41746	0.908695	2.17673	0.000743437	-3.59574e-16	1.57757e-16
		 Mass/AM Itteration # 	 convergence 	 p_core 	 a 	 omega_rot 	 edge corot 	 AM error 
	 	 	1	1	2.54287e+11	1.00321e+07	0.000743434	3	-2.68187e-15
	 	 	2	2.17756e-05	2.54292e+11	1.00321e+07	0.000743433	3	-1.26206e-15
	 	 	3	9.35829e-06	2.54295e+11	1.00321e+07	0.000743433	3	2.36636e-15
	 	 	4	2.51058e-06	2.54295e+11	1.00321e+07	0.000743433	3	1.57757e-15
	 	 	5	5.26438e-07	2.54296e+11	1.00321e+07	0.000743433	3	-3.15514e-16
	 	 	6	9.77652e-08	2.54296e+11	1.00321e+07	0.000743433	3	-3.15514e-16
	 	 	7	1.70753e-08	2.54296e+11	1.00321e+07	0.000743433	3	1.89309e-15
	 	 	8	2.84641e-09	2.54296e+11	1.00321e+07	0.000743433	3	-4.73272e-16
	 43	2.02672e-05	1.00321e+07	0.41742	0.908713	2.17697	0.000743433	-3.59574e-16	-4.73272e-16
		 Mass/AM Itteration # 	 convergence 	 p_core 	 a 	 omega_rot 	 edge corot 	 AM error 
	 	 	1	1	2.54289e+11	1.00292e+07	0.000744828	3	-2.52411e-15
	 	 	2	0.00215376	2.53743e+11	1.0036e+07	0.000742916	3	-1.57757e-15
	 	 	3	0.00160957	2.54152e+11	1.00332e+07	0.000743351	3	-4.73272e-16
	 	 	4	0.000417738	2.54258e+11	1.0033e+07	0.000743417	3	-6.31029e-16
	 	 	5	0.000120898	2.54289e+11	1.0033e+07	0.00074342	3	-1.57757e-16
	 	 	6	3.41085e-05	2.54298e+11	1.0033e+07	0.000743419	3	-1.41981e-15
	 	 	7	8.42381e-06	2.543e+11	1.0033e+07	0.000743419	3	9.46543e-16
	 	 	8	1.76505e-06	2.543e+11	1.0033e+07	0.000743419	3	6.31029e-16
	 	 	9	3.13448e-07	2.543e+11	1.0033e+07	0.000743419	3	1.57757e-15
	 	 	10	4.73545e-08	2.543e+11	1.0033e+07	0.000743419	3	9.46543e-16
	 	 	11	6.09904e-09	2.543e+11	1.0033e+07	0.000743419	3	6.31029e-16
	 44	2.35612e-05	1.0033e+07	0.417384	0.90873	2.17721	0.000743419	1.79787e-16	6.31029e-16
		 Mass/AM Itteration # 	 convergence 	 p_core 	 a 	 omega_rot 	 edge corot 	 AM error 
	 	 	1	1	2.54298e+11	1.00337e+07	0.000743433	3	-3.15514e-16
	 	 	2	1.04352e-06	2.54298e+11	1.00337e+07	0.000743428	3	4.73272e-16
	 	 	3	3.11354e-06	2.54299e+11	1.00337e+07	0.000743427	3	3.15514e-16
	 	 	4	7.48381e-07	2.54299e+11	1.00337e+07	0.000743427	3	-4.73272e-16
	 	 	5	7.25093e-08	2.54299e+11	1.00337e+07	0.000743427	3	-1.57757e-16
	 	 	6	6.42529e-09	2.54299e+11	1.00337e+07	0.000743427	3	-1.73533e-15
	 45	9.35839e-06	1.00337e+07	0.417351	0.908745	2.17741	0.000743427	1.79787e-16	-1.73533e-15
		 Mass/AM Itteration # 	 convergence 	 p_core 	 a 	 omega_rot 	 edge corot 	 AM error 
	 	 	1	1	2.54294e+11	1.00345e+07	0.000743425	3	-9.46543e-16
	 	 	2	1.78728e-05	2.54298e+11	1.00345e+07	0.000743424	3	-4.73272e-16
	 	 	3	7.59051e-06	2.543e+11	1.00345e+07	0.000743424	3	2.36636e-15
	 	 	4	2.03935e-06	2.54301e+11	1.00345e+07	0.000743424	3	-1.26206e-15
	 	 	5	4.30321e-07	2.54301e+11	1.00345e+07	0.000743424	3	-4.73272e-16
	 	 	6	8.05218e-08	2.54301e+11	1.00345e+07	0.000743424	3	1.41981e-15
	 	 	7	1.41402e-08	2.54301e+11	1.00345e+07	0.000743424	3	3.15514e-15
	 	 	8	2.35996e-09	2.54301e+11	1.00345e+07	0.000743424	3	7.88786e-16
	 46	1.63062e-05	1.00345e+07	0.41732	0.90876	2.17761	0.000743424	5.39361e-16	7.88786e-16
		 Mass/AM Itteration # 	 convergence 	 p_core 	 a 	 omega_rot 	 edge corot 	 AM error 
	 	 	1	1	2.54296e+11	1.00351e+07	0.000743423	3	1.26206e-15
	 	 	2	1.56301e-05	2.543e+11	1.00352e+07	0.000743422	3	6.31029e-16
	 	 	3	6.80369e-06	2.54302e+11	1.00352e+07	0.000743422	3	-1.26206e-15
	 	 	4	1.82317e-06	2.54302e+11	1.00352e+07	0.000743422	3	1.57757e-15
	 	 	5	3.79749e-07	2.54302e+11	1.00352e+07	0.000743422	3	-6.31029e-16
	 	 	6	6.99132e-08	2.54302e+11	1.00352e+07	0.000743422	3	-3.15514e-16
	 	 	7	1.21253e-08	2.54302e+11	1.00352e+07	0.000743422	3	-4.73272e-16
	 	 	8	2.01566e-09	2.54302e+11	1.00352e+07	0.000743422	3	1.89309e-15
	 47	1.49069e-05	1.00352e+07	0.417291	0.908773	2.17779	0.000743422	1.79787e-16	1.89309e-15
		 Mass/AM Itteration # 	 convergence 	 p_core 	 a 	 omega_rot 	 edge corot 	 AM error 
	 	 	1	1	2.54298e+11	1.00358e+07	0.00074342	3	-1.26206e-15
	 	 	2	1.45908e-05	2.54301e+11	1.00358e+07	0.000743419	3	-3.47066e-15
	 	 	3	6.35265e-06	2.54303e+11	1.00358e+07	0.000743419	3	-3.15514e-16
	 	 	4	1.70135e-06	2.54303e+11	1.00358e+07	0.000743419	3	1.57757e-15
	 	 	5	3.54037e-07	2.54304e+11	1.00358e+07	0.000743419	3	-9.46543e-16
	 	 	6	6.51073e-08	2.54304e+11	1.00358e+07	0.000743419	3	4.73272e-16
	 	 	7	1.1282e-08	2.54304e+11	1.00358e+07	0.000743419	3	-3.15514e-15
	 	 	8	1.87488e-09	2.54304e+11	1.00358e+07	0.000743419	3	-7.88786e-16
	 48	1.38918e-05	1.00358e+07	0.417263	0.908786	2.17797	0.000743419	3.59574e-16	-7.88786e-16
		 Mass/AM Itteration # 	 convergence 	 p_core 	 a 	 omega_rot 	 edge corot 	 AM error 
	 	 	1	1	2.54299e+11	1.00364e+07	0.000743418	3	1.41981e-15
	 	 	2	1.37441e-05	2.54303e+11	1.00364e+07	0.000743417	3	3.15514e-15
	 	 	3	5.96439e-06	2.54304e+11	1.00364e+07	0.000743417	3	9.46543e-16
	 	 	4	1.59699e-06	2.54305e+11	1.00364e+07	0.000743417	3	-1.57757e-16
	 	 	5	3.32583e-07	2.54305e+11	1.00364e+07	0.000743417	3	4.4172e-15
	 	 	6	6.12293e-08	2.54305e+11	1.00364e+07	0.000743417	3	-1.41981e-15
	 	 	7	1.06188e-08	2.54305e+11	1.00364e+07	0.000743417	3	-4.73272e-16
	 	 	8	1.76501e-09	2.54305e+11	1.00364e+07	0.000743417	3	-1.73533e-15
	 49	1.29938e-05	1.00364e+07	0.417238	0.908797	2.17813	0.000743417	1.79787e-16	-1.73533e-15
		 Mass/AM Itteration # 	 convergence 	 p_core 	 a 	 omega_rot 	 edge corot 	 AM error 
	 	 	1	1	2.54301e+11	1.0037e+07	0.000743416	3	1.1043e-15
	 	 	2	1.28903e-05	2.54304e+11	1.0037e+07	0.000743416	3	-4.73272e-16
	 	 	3	5.58615e-06	2.54305e+11	1.0037e+07	0.000743416	3	3.47066e-15
	 	 	4	1.49534e-06	2.54306e+11	1.0037e+07	0.000743416	3	-9.46543e-16
	 	 	5	3.11443e-07	2.54306e+11	1.0037e+07	0.000743416	3	-1.57757e-15
	 	 	6	5.73472e-08	2.54306e+11	1.0037e+07	0.000743416	3	-6.31029e-16
	 	 	7	9.94658e-09	2.54306e+11	1.0037e+07	0.000743416	3	-6.31029e-16
	 50	1.21468e-05	1.0037e+07	0.417214	0.908808	2.17828	0.000743416	0	-6.31029e-16
		 Mass/AM Itteration # 	 convergence 	 p_core 	 a 	 omega_rot 	 edge corot 	 AM error 
	 	 	1	1	2.54302e+11	1.00375e+07	0.000743415	3	-1.89309e-15
	 	 	2	1.20631e-05	2.54305e+11	1.00375e+07	0.000743414	3	-3.62842e-15
	 	 	3	5.22651e-06	2.54306e+11	1.00375e+07	0.000743414	3	-4.73272e-16
	 	 	4	1.39875e-06	2.54307e+11	1.00375e+07	0.000743414	3	-1.57757e-16
	 	 	5	2.91233e-07	2.54307e+11	1.00375e+07	0.000743414	3	2.36636e-15
	 	 	6	5.3606e-08	2.54307e+11	1.00375e+07	0.000743414	3	-2.05084e-15
	 	 	7	9.29473e-09	2.54307e+11	1.00375e+07	0.000743414	3	4.73272e-16
	 51	1.13562e-05	1.00375e+07	0.417191	0.908819	2.17842	0.000743414	3.59574e-16	4.73272e-16
		 Mass/AM Itteration # 	 convergence 	 p_core 	 a 	 omega_rot 	 edge corot 	 AM error 
	 	 	1	1	2.54303e+11	1.0038e+07	0.000743413	3	2.68187e-15
	 	 	2	1.12838e-05	2.54306e+11	1.0038e+07	0.000743412	3	1.1043e-15
	 	 	3	4.89032e-06	2.54307e+11	1.0038e+07	0.000743412	3	-1.57757e-15
	 	 	4	1.30851e-06	2.54308e+11	1.0038e+07	0.000743412	3	-9.46543e-16
	 	 	5	2.72325e-07	2.54308e+11	1.0038e+07	0.000743412	3	-3.15514e-16
	 	 	6	5.00978e-08	2.54308e+11	1.0038e+07	0.000743412	3	2.05084e-15
	 	 	7	8.68244e-09	2.54308e+11	1.0038e+07	0.000743412	3	-4.73272e-16
	 52	1.06236e-05	1.0038e+07	0.41717	0.908828	2.17855	0.000743412	3.59574e-16	-4.73272e-16
		 Mass/AM Itteration # 	 convergence 	 p_core 	 a 	 omega_rot 	 edge corot 	 AM error 
	 	 	1	1	2.54304e+11	1.00347e+07	0.000744808	3	4.73272e-16
	 	 	2	0.00216496	2.53755e+11	1.00415e+07	0.000742897	3	-1.1043e-15
	 	 	3	0.00160664	2.54163e+11	1.00387e+07	0.000743332	3	-6.31029e-16
	 	 	4	0.000416898	2.54269e+11	1.00385e+07	0.000743398	3	3.15514e-16
	 	 	5	0.000120683	2.543e+11	1.00385e+07	0.000743401	3	2.05084e-15
	 	 	6	3.40746e-05	2.54309e+11	1.00385e+07	0.0007434	3	-3.15514e-15
	 	 	7	8.41908e-06	2.54311e+11	1.00385e+07	0.0007434	3	1.41981e-15
	 	 	8	1.76384e-06	2.54311e+11	1.00385e+07	0.0007434	3	-2.52411e-15
	 	 	9	3.12996e-07	2.54311e+11	1.00385e+07	0.0007434	3	2.2086e-15
	 	 	10	4.72153e-08	2.54311e+11	1.00385e+07	0.0007434	3	9.46543e-16
	 	 	11	6.06635e-09	2.54311e+11	1.00385e+07	0.0007434	3	1.57757e-16
	 53	3.24359e-05	1.00385e+07	0.417151	0.908837	2.17868	0.0007434	0	1.57757e-16
		 Mass/AM Itteration # 	 convergence 	 p_core 	 a 	 omega_rot 	 edge corot 	 AM error 
	 	 	1	1	2.54312e+11	1.00388e+07	0.000743415	3	-1.1043e-15
	 	 	2	7.83227e-06	2.5431e+11	1.00389e+07	0.00074341	3	-4.73272e-16
	 	 	3	6.5692e-07	2.54309e+11	1.00389e+07	0.00074341	3	3.15514e-16
	 	 	4	2.64392e-07	2.54309e+11	1.00389e+07	0.00074341	3	1.57757e-16
	 	 	5	1.41239e-07	2.54309e+11	1.00389e+07	0.00074341	3	-1.57757e-15
	 	 	6	4.64419e-08	2.54309e+11	1.00389e+07	0.00074341	3	-1.73533e-15
	 	 	7	1.08897e-08	2.54309e+11	1.00389e+07	0.00074341	3	-4.73272e-16
	 	 	8	1.98151e-09	2.54309e+11	1.00389e+07	0.00074341	3	-1.1043e-15
	 54	1.24201e-06	1.00389e+07	0.417134	0.908845	2.17879	0.00074341	-3.59574e-16	-1.1043e-15
		 Mass/AM Itteration # 	 convergence 	 p_core 	 a 	 omega_rot 	 edge corot 	 AM error 
	 	 	1	1	2.54306e+11	1.00393e+07	0.000743408	3	3.15514e-16
	 	 	2	9.77532e-06	2.54309e+11	1.00393e+07	0.000743408	3	1.57757e-15
	 	 	3	4.13697e-06	2.5431e+11	1.00393e+07	0.000743408	3	-1.89309e-15
	 	 	4	1.11221e-06	2.5431e+11	1.00393e+07	0.000743408	3	1.41981e-15
	 	 	5	2.35168e-07	2.5431e+11	1.00393e+07	0.000743408	3	-1.1043e-15
	 	 	6	4.41057e-08	2.5431e+11	1.00393e+07	0.000743408	3	2.36636e-15
	 	 	7	7.75673e-09	2.5431e+11	1.00393e+07	0.000743408	3	-1.89309e-15
	 55	8.86822e-06	1.00393e+07	0.417116	0.908853	2.1789	0.000743408	0	-1.89309e-15
		 Mass/AM Itteration # 	 convergence 	 p_core 	 a 	 omega_rot 	 edge corot 	 AM error 
	 	 	1	1	2.54308e+11	1.00396e+07	0.000743407	3	-4.73272e-16
	 	 	2	8.12348e-06	2.5431e+11	1.00396e+07	0.000743407	3	1.57757e-16
	 	 	3	3.60923e-06	2.54311e+11	1.00396e+07	0.000743407	3	-3.3129e-15
	 	 	4	9.65717e-07	2.54311e+11	1.00396e+07	0.000743407	3	-2.36636e-15
	 	 	5	1.99165e-07	2.54311e+11	1.00396e+07	0.000743407	3	1.89309e-15
	 	 	6	3.61914e-08	2.54311e+11	1.00396e+07	0.000743407	3	-7.88786e-16
	 	 	7	6.21134e-09	2.54311e+11	1.00396e+07	0.000743407	3	-1.26206e-15
	 56	8.04553e-06	1.00396e+07	0.417101	0.90886	2.17899	0.000743407	-7.19148e-16	-1.26206e-15
		 Mass/AM Itteration # 	 convergence 	 p_core 	 a 	 omega_rot 	 edge corot 	 AM error 
	 	 	1	1	2.54309e+11	1.004e+07	0.000743406	3	-1.1043e-15
	 	 	2	7.61739e-06	2.5431e+11	1.004e+07	0.000743406	3	4.73272e-16
	 	 	3	3.39411e-06	2.54311e+11	1.004e+07	0.000743406	3	1.73533e-15
	 	 	4	9.07254e-07	2.54312e+11	1.004e+07	0.000743406	3	9.46543e-16
	 	 	5	1.86627e-07	2.54312e+11	1.004e+07	0.000743406	3	4.73272e-16
	 	 	6	3.38053e-08	2.54312e+11	1.004e+07	0.000743406	3	-2.52411e-15
	 	 	7	5.78726e-09	2.54312e+11	1.004e+07	0.000743406	3	7.88786e-16
	 57	7.55334e-06	1.004e+07	0.417086	0.908867	2.17909	0.000743406	0	7.88786e-16
		 Mass/AM Itteration # 	 convergence 	 p_core 	 a 	 omega_rot 	 edge corot 	 AM error 
	 	 	1	1	2.54309e+11	1.00403e+07	0.000743405	3	-1.89309e-15
	 	 	2	7.35323e-06	2.54311e+11	1.00403e+07	0.000743405	3	0
	 	 	3	3.24523e-06	2.54312e+11	1.00403e+07	0.000743405	3	9.46543e-16
	 	 	4	8.67396e-07	2.54312e+11	1.00403e+07	0.000743405	3	1.1043e-15
	 	 	5	1.7902e-07	2.54312e+11	1.00403e+07	0.000743405	3	-1.57757e-16
	 	 	6	3.25751e-08	2.54312e+11	1.00403e+07	0.000743405	3	3.15514e-16
	 	 	7	5.59685e-09	2.54312e+11	1.00403e+07	0.000743405	3	-2.99739e-15
	 58	7.15671e-06	1.00403e+07	0.417072	0.908874	2.17918	0.000743405	5.39361e-16	-2.99739e-15
		 Mass/AM Itteration # 	 convergence 	 p_core 	 a 	 omega_rot 	 edge corot 	 AM error 
	 	 	1	1	2.5431e+11	1.00407e+07	0.000743405	3	6.31029e-16
	 	 	2	7.01814e-06	2.54312e+11	1.00407e+07	0.000743404	3	-6.31029e-16
	 	 	3	3.08106e-06	2.54312e+11	1.00407e+07	0.000743404	3	1.57757e-15
	 	 	4	8.23397e-07	2.54313e+11	1.00407e+07	0.000743404	3	9.46543e-16
	 	 	5	1.70223e-07	2.54313e+11	1.00407e+07	0.000743404	3	-6.31029e-16
	 	 	6	3.10453e-08	2.54313e+11	1.00407e+07	0.000743404	3	-2.83963e-15
	 	 	7	5.34365e-09	2.54313e+11	1.00407e+07	0.000743404	3	1.26206e-15
	 59	6.76023e-06	1.00407e+07	0.417058	0.90888	2.17926	0.000743404	1.79787e-16	1.26206e-15
		 Mass/AM Itteration # 	 convergence 	 p_core 	 a 	 omega_rot 	 edge corot 	 AM error 
	 	 	1	1	2.54311e+11	1.0041e+07	0.000743404	3	7.88786e-16
	 	 	2	6.64534e-06	2.54312e+11	1.0041e+07	0.000743403	3	-2.68187e-15
	 	 	3	2.91147e-06	2.54313e+11	1.0041e+07	0.000743403	3	1.26206e-15
	 	 	4	7.77931e-07	2.54313e+11	1.0041e+07	0.000743403	3	-2.52411e-15
	 	 	5	1.60891e-07	2.54313e+11	1.0041e+07	0.000743403	3	3.15514e-16
	 	 	6	2.93614e-08	2.54313e+11	1.0041e+07	0.000743403	3	-1.57757e-16
	 	 	7	5.05617e-09	2.54313e+11	1.0041e+07	0.000743403	3	-1.57757e-16
	 60	6.37352e-06	1.0041e+07	0.417045	0.908886	2.17934	0.000743403	-5.39361e-16	-1.57757e-16
		 Mass/AM Itteration # 	 convergence 	 p_core 	 a 	 omega_rot 	 edge corot 	 AM error 
	 	 	1	1	2.54311e+11	1.00413e+07	0.000743403	3	-7.88786e-16
	 	 	2	6.2815e-06	2.54313e+11	1.00413e+07	0.000743402	3	-1.26206e-15
	 	 	3	2.74865e-06	2.54313e+11	1.00413e+07	0.000743402	3	6.31029e-16
	 	 	4	7.34336e-07	2.54314e+11	1.00413e+07	0.000743402	3	-3.15514e-16
	 	 	5	1.51911e-07	2.54314e+11	1.00413e+07	0.000743402	3	-6.31029e-16
	 	 	6	2.77323e-08	2.54314e+11	1.00413e+07	0.000743402	3	-3.15514e-16
	 	 	7	4.77685e-09	2.54314e+11	1.00413e+07	0.000743402	3	-1.73533e-15
	 61	6.00865e-06	1.00413e+07	0.417033	0.908891	2.17942	0.000743402	0	-1.73533e-15
		 Mass/AM Itteration # 	 convergence 	 p_core 	 a 	 omega_rot 	 edge corot 	 AM error 
	 	 	1	1	2.54312e+11	1.00415e+07	0.000743402	3	-1.26206e-15
	 	 	2	5.92723e-06	2.54313e+11	1.00415e+07	0.000743402	3	-4.73272e-16
	 	 	3	2.59257e-06	2.54314e+11	1.00415e+07	0.000743402	3	4.73272e-16
	 	 	4	6.9256e-07	2.54314e+11	1.00415e+07	0.000743402	3	-1.26206e-15
	 	 	5	1.43263e-07	2.54314e+11	1.00415e+07	0.000743402	3	-1.57757e-15
	 	 	6	2.61525e-08	2.54314e+11	1.00415e+07	0.000743402	3	1.57757e-16
	 	 	7	4.50454e-09	2.54314e+11	1.00415e+07	0.000743402	3	3.15514e-16
	 62	5.66401e-06	1.00415e+07	0.417022	0.908896	2.17949	0.000743402	-1.79787e-16	3.15514e-16
		 Mass/AM Itteration # 	 convergence 	 p_core 	 a 	 omega_rot 	 edge corot 	 AM error 
	 	 	1	1	2.54312e+11	1.00418e+07	0.000743401	3	-7.88786e-16
	 	 	2	5.58718e-06	2.54314e+11	1.00418e+07	0.000743401	3	-1.1043e-15
	 	 	3	2.44428e-06	2.54314e+11	1.00418e+07	0.000743401	3	0
	 	 	4	6.52877e-07	2.54315e+11	1.00418e+07	0.000743401	3	-3.62842e-15
	 	 	5	1.3502e-07	2.54315e+11	1.00418e+07	0.000743401	3	3.15514e-16
	 	 	6	2.46402e-08	2.54315e+11	1.00418e+07	0.000743401	3	-4.73272e-16
	 	 	7	4.24294e-09	2.54315e+11	1.00418e+07	0.000743401	3	1.57757e-16
	 63	5.33959e-06	1.00418e+07	0.417011	0.908901	2.17956	0.000743401	5.39361e-16	1.57757e-16
		 Mass/AM Itteration # 	 convergence 	 p_core 	 a 	 omega_rot 	 edge corot 	 AM error 
	 	 	1	1	2.54313e+11	1.0042e+07	0.000743401	3	-6.31029e-16
	 	 	2	5.26645e-06	2.54314e+11	1.0042e+07	0.0007434	3	6.31029e-16
	 	 	3	2.30483e-06	2.54315e+11	1.0042e+07	0.0007434	3	-9.46543e-16
	 	 	4	6.1557e-07	2.54315e+11	1.0042e+07	0.0007434	3	6.31029e-16
	 	 	5	1.27267e-07	2.54315e+11	1.0042e+07	0.0007434	3	-3.15514e-16
	 	 	6	2.32161e-08	2.54315e+11	1.0042e+07	0.0007434	3	-1.57757e-16
	 	 	7	3.99644e-09	2.54315e+11	1.0042e+07	0.0007434	3	1.41981e-15
	 64	5.0355e-06	1.0042e+07	0.417001	0.908906	2.17962	0.0007434	7.19148e-16	1.41981e-15
		 Mass/AM Itteration # 	 convergence 	 p_core 	 a 	 omega_rot 	 edge corot 	 AM error 
	 	 	1	1	2.54313e+11	1.00422e+07	0.0007434	3	6.31029e-16
	 	 	2	4.96496e-06	2.54315e+11	1.00422e+07	0.0007434	3	6.31029e-16
	 	 	3	2.17393e-06	2.54315e+11	1.00422e+07	0.0007434	3	1.57757e-15
	 	 	4	5.80561e-07	2.54315e+11	1.00422e+07	0.0007434	3	3.15514e-16
	 	 	5	1.1999e-07	2.54315e+11	1.00422e+07	0.0007434	3	1.73533e-15
	 	 	6	2.18794e-08	2.54315e+11	1.00422e+07	0.0007434	3	1.73533e-15
	 	 	7	3.76502e-09	2.54315e+11	1.00422e+07	0.0007434	3	1.1043e-15
	 65	4.75058e-06	1.00422e+07	0.416992	0.90891	2.17968	0.0007434	3.59574e-16	1.1043e-15
		 Mass/AM Itteration # 	 convergence 	 p_core 	 a 	 omega_rot 	 edge corot 	 AM error 
	 	 	1	1	2.54314e+11	1.00425e+07	0.000743399	3	-2.83963e-15
	 	 	2	4.68224e-06	2.54315e+11	1.00425e+07	0.000743399	3	-2.36636e-15
	 	 	3	2.05121e-06	2.54315e+11	1.00425e+07	0.000743399	3	-1.41981e-15
	 	 	4	5.47742e-07	2.54316e+11	1.00425e+07	0.000743399	3	-2.36636e-15
	 	 	5	1.13169e-07	2.54316e+11	1.00425e+07	0.000743399	3	1.89309e-15
	 	 	6	2.06268e-08	2.54316e+11	1.00425e+07	0.000743399	3	1.41981e-15
	 	 	7	3.54821e-09	2.54316e+11	1.00425e+07	0.000743399	3	1.57757e-16
	 66	4.4836e-06	1.00425e+07	0.416983	0.908914	2.17974	0.000743399	0	1.57757e-16
		 Mass/AM Itteration # 	 convergence 	 p_core 	 a 	 omega_rot 	 edge corot 	 AM error 
	 	 	1	1	2.54314e+11	1.00427e+07	0.000743399	3	-3.15514e-16
	 	 	2	4.41703e-06	2.54315e+11	1.00427e+07	0.000743399	3	-2.05084e-15
	 	 	3	1.93611e-06	2.54316e+11	1.00427e+07	0.000743399	3	1.89309e-15
	 	 	4	5.16967e-07	2.54316e+11	1.00427e+07	0.000743399	3	-6.31029e-16
	 	 	5	1.06775e-07	2.54316e+11	1.00427e+07	0.000743399	3	-9.46543e-16
	 	 	6	1.94527e-08	2.54316e+11	1.00427e+07	0.000743399	3	9.46543e-16
	 	 	7	3.34503e-09	2.54316e+11	1.00427e+07	0.000743399	3	4.73272e-16
	 67	4.23332e-06	1.00427e+07	0.416974	0.908918	2.17979	0.000743399	-1.79787e-16	4.73272e-16
		 Mass/AM Itteration # 	 convergence 	 p_core 	 a 	 omega_rot 	 edge corot 	 AM error 
	 	 	1	1	2.54315e+11	1.00428e+07	0.000743398	3	9.46543e-16
	 	 	2	4.16865e-06	2.54316e+11	1.00428e+07	0.000743398	3	2.83963e-15
	 	 	3	1.82822e-06	2.54316e+11	1.00428e+07	0.000743398	3	-2.52411e-15
	 	 	4	4.88121e-07	2.54316e+11	1.00428e+07	0.000743398	3	1.1043e-15
	 	 	5	1.00784e-07	2.54316e+11	1.00428e+07	0.000743398	3	3.15514e-15
	 	 	6	1.83535e-08	2.54316e+11	1.00428e+07	0.000743398	3	4.73272e-16
	 	 	7	3.15493e-09	2.54316e+11	1.00428e+07	0.000743398	3	1.89309e-15
	 68	3.99861e-06	1.00428e+07	0.416966	0.908922	2.17984	0.000743398	0	1.89309e-15
		 Mass/AM Itteration # 	 convergence 	 p_core 	 a 	 omega_rot 	 edge corot 	 AM error 
	 	 	1	1	2.54315e+11	1.0043e+07	0.000743398	3	9.46543e-16
	 	 	2	3.93649e-06	2.54316e+11	1.0043e+07	0.000743398	3	9.46543e-16
	 	 	3	1.72718e-06	2.54316e+11	1.0043e+07	0.000743398	3	6.31029e-16
	 	 	4	4.61116e-07	2.54317e+11	1.0043e+07	0.000743398	3	1.57757e-15
	 	 	5	9.51827e-08	2.54317e+11	1.0043e+07	0.000743398	3	0
	 	 	6	1.73272e-08	2.54317e+11	1.0043e+07	0.000743398	3	1.89309e-15
	 	 	7	2.97764e-09	2.54317e+11	1.0043e+07	0.000743398	3	2.83963e-15
	 69	3.77848e-06	1.0043e+07	0.416959	0.908925	2.17989	0.000743398	1.79787e-16	2.83963e-15
		 Mass/AM Itteration # 	 convergence 	 p_core 	 a 	 omega_rot 	 edge corot 	 AM error 
	 	 	1	1	2.54315e+11	1.00432e+07	0.000743397	3	1.57757e-16
	 	 	2	3.71837e-06	2.54316e+11	1.00432e+07	0.000743397	3	1.41981e-15
	 	 	3	1.63223e-06	2.54317e+11	1.00432e+07	0.000743397	3	1.89309e-15
	 	 	4	4.35738e-07	2.54317e+11	1.00432e+07	0.000743397	3	-1.89309e-15
	 	 	5	8.99194e-08	2.54317e+11	1.00432e+07	0.000743397	3	0
	 	 	6	1.63631e-08	2.54317e+11	1.00432e+07	0.000743397	3	7.88786e-16
	 	 	7	2.81112e-09	2.54317e+11	1.00432e+07	0.000743397	3	-1.26206e-15
	 70	3.57171e-06	1.00432e+07	0.416952	0.908929	2.17994	0.000743397	1.79787e-16	-1.26206e-15
		 Mass/AM Itteration # 	 convergence 	 p_core 	 a 	 omega_rot 	 edge corot 	 AM error 
	 	 	1	1	2.54316e+11	1.00434e+07	0.000743397	3	-4.73272e-16
	 	 	2	3.51311e-06	2.54317e+11	1.00434e+07	0.000743397	3	1.57757e-16
	 	 	3	1.5429e-06	2.54317e+11	1.00434e+07	0.000743397	3	-1.1043e-15
	 	 	4	4.11868e-07	2.54317e+11	1.00434e+07	0.000743397	3	3.47066e-15
	 	 	5	8.49688e-08	2.54317e+11	1.00434e+07	0.000743397	3	6.31029e-16
	 	 	6	1.54563e-08	2.54317e+11	1.00434e+07	0.000743397	3	-2.2086e-15
	 	 	7	2.6545e-09	2.54317e+11	1.00434e+07	0.000743397	3	-1.57757e-15
	 71	3.37725e-06	1.00434e+07	0.416945	0.908932	2.17998	0.000743397	-3.59574e-16	-1.57757e-15
		 Mass/AM Itteration # 	 convergence 	 p_core 	 a 	 omega_rot 	 edge corot 	 AM error 
	 	 	1	1	2.54316e+11	1.00435e+07	0.000743397	3	1.73533e-15
	 	 	2	3.32071e-06	2.54317e+11	1.00435e+07	0.000743396	3	-1.57757e-15
	 	 	3	1.45905e-06	2.54317e+11	1.00435e+07	0.000743396	3	1.41981e-15
	 	 	4	3.89461e-07	2.54317e+11	1.00435e+07	0.000743396	3	3.15514e-16
	 	 	5	8.03249e-08	2.54317e+11	1.00435e+07	0.000743396	3	7.88786e-16
	 	 	6	1.46065e-08	2.54317e+11	1.00435e+07	0.000743396	3	-1.57757e-15
	 	 	7	2.50783e-09	2.54317e+11	1.00435e+07	0.000743396	3	-4.73272e-16
	 72	3.1945e-06	1.00435e+07	0.416938	0.908935	2.18002	0.000743396	-1.79787e-16	-4.73272e-16
		 Mass/AM Itteration # 	 convergence 	 p_core 	 a 	 omega_rot 	 edge corot 	 AM error 
	 	 	1	1	2.54316e+11	1.00436e+07	0.000743396	3	-1.73533e-15
	 	 	2	3.13986e-06	2.54317e+11	1.00437e+07	0.000743396	3	1.89309e-15
	 	 	3	1.38019e-06	2.54317e+11	1.00437e+07	0.000743396	3	-1.57757e-15
	 	 	4	3.68392e-07	2.54317e+11	1.00437e+07	0.000743396	3	-9.46543e-16
	 	 	5	7.59608e-08	2.54318e+11	1.00437e+07	0.000743396	3	-1.1043e-15
	 	 	6	1.38084e-08	2.54318e+11	1.00437e+07	0.000743396	3	9.46543e-16
	 	 	7	2.37017e-09	2.54318e+11	1.00437e+07	0.000743396	3	-1.1043e-15
	 73	3.0226e-06	1.00437e+07	0.416932	0.908938	2.18006	0.000743396	1.79787e-16	-1.1043e-15
		 Mass/AM Itteration # 	 convergence 	 p_core 	 a 	 omega_rot 	 edge corot 	 AM error 
	 	 	1	1	2.54317e+11	1.00438e+07	0.000743396	3	1.57757e-15
	 	 	2	2.96997e-06	2.54317e+11	1.00438e+07	0.000743396	3	4.73272e-16
	 	 	3	1.30603e-06	2.54318e+11	1.00438e+07	0.000743396	3	2.05084e-15
	 	 	4	3.48578e-07	2.54318e+11	1.00438e+07	0.000743396	3	-1.57757e-16
	 	 	5	7.18584e-08	2.54318e+11	1.00438e+07	0.000743396	3	0
	 	 	6	1.30586e-08	2.54318e+11	1.00438e+07	0.000743396	3	-4.73272e-16
	 	 	7	2.24089e-09	2.54318e+11	1.00438e+07	0.000743396	3	-1.57757e-16
	 74	2.8608e-06	1.00438e+07	0.416927	0.90894	2.1801	0.000743396	-1.79787e-16	-1.57757e-16
		 Mass/AM Itteration # 	 convergence 	 p_core 	 a 	 omega_rot 	 edge corot 	 AM error 
	 	 	1	1	2.54317e+11	1.00439e+07	0.000743396	3	-1.57757e-16
	 	 	2	2.81006e-06	2.54317e+11	1.00439e+07	0.000743395	3	-2.52411e-15
	 	 	3	1.23618e-06	2.54318e+11	1.00439e+07	0.000743395	3	1.57757e-15
	 	 	4	3.2992e-07	2.54318e+11	1.00439e+07	0.000743395	3	-1.41981e-15
	 	 	5	6.7997e-08	2.54318e+11	1.00439e+07	0.000743395	3	2.2086e-15
	 	 	6	1.23532e-08	2.54318e+11	1.00439e+07	0.000743395	3	2.2086e-15
	 	 	7	2.11934e-09	2.54318e+11	1.00439e+07	0.000743395	3	-1.41981e-15
	 75	2.70841e-06	1.00439e+07	0.416921	0.908943	2.18013	0.000743395	0	-1.41981e-15
		 Mass/AM Itteration # 	 convergence 	 p_core 	 a 	 omega_rot 	 edge corot 	 AM error 
	 	 	1	1	2.54317e+11	1.00403e+07	0.000744794	3	1.1043e-15
	 	 	2	0.00217688	2.53765e+11	1.00471e+07	0.00074288	3	-1.41981e-15
	 	 	3	0.00160627	2.54173e+11	1.00443e+07	0.000743316	3	0
	 	 	4	0.000416713	2.54279e+11	1.00441e+07	0.000743382	3	-1.26206e-15
	 	 	5	0.000120669	2.5431e+11	1.00441e+07	0.000743385	3	2.68187e-15
	 	 	6	3.40905e-05	2.54318e+11	1.00441e+07	0.000743384	3	-4.73272e-16
	 	 	7	8.42602e-06	2.5432e+11	1.00441e+07	0.000743384	3	-1.89309e-15
	 	 	8	1.76523e-06	2.54321e+11	1.00441e+07	0.000743384	3	-2.68187e-15
	 	 	9	3.13081e-07	2.54321e+11	1.00441e+07	0.000743384	3	-7.88786e-16
	 	 	10	4.7176e-08	2.54321e+11	1.00441e+07	0.000743384	3	1.1043e-15
	 	 	11	6.05023e-09	2.54321e+11	1.00441e+07	0.000743384	3	3.15514e-15
	 76	3.98897e-05	1.00441e+07	0.416916	0.908945	2.18016	0.000743384	-1.79787e-16	3.15514e-15
		 Mass/AM Itteration # 	 convergence 	 p_core 	 a 	 omega_rot 	 edge corot 	 AM error 
	 	 	1	1	2.54323e+11	1.00441e+07	0.0007434	3	2.52411e-15
	 	 	2	1.51856e-05	2.54319e+11	1.00441e+07	0.000743396	3	6.31029e-16
	 	 	3	3.83442e-06	2.54318e+11	1.00441e+07	0.000743395	3	-2.52411e-15
	 	 	4	1.11449e-06	2.54318e+11	1.00441e+07	0.000743395	3	-1.26206e-15
	 	 	5	3.18393e-07	2.54318e+11	1.00441e+07	0.000743395	3	3.3129e-15
	 	 	6	7.90898e-08	2.54318e+11	1.00441e+07	0.000743395	3	3.15514e-16
	 	 	7	1.65523e-08	2.54318e+11	1.00441e+07	0.000743395	3	7.88786e-16
	 	 	8	2.92097e-09	2.54318e+11	1.00441e+07	0.000743395	3	-3.15514e-16
	 77	5.65976e-06	1.00441e+07	0.416913	0.908947	2.18018	0.000743395	3.59574e-16	-3.15514e-16
		 Mass/AM Itteration # 	 convergence 	 p_core 	 a 	 omega_rot 	 edge corot 	 AM error 
	 	 	1	1	2.54317e+11	1.00442e+07	0.000743394	3	1.57757e-15
	 	 	2	2.94306e-06	2.54318e+11	1.00442e+07	0.000743394	3	2.2086e-15
	 	 	3	1.17506e-06	2.54318e+11	1.00442e+07	0.000743394	3	-1.26206e-15
	 	 	4	3.19996e-07	2.54319e+11	1.00442e+07	0.000743394	3	-6.31029e-16
	 	 	5	7.04048e-08	2.54319e+11	1.00442e+07	0.000743394	3	1.57757e-15
	 	 	6	1.38167e-08	2.54319e+11	1.00442e+07	0.000743394	3	2.68187e-15
	 	 	7	2.50977e-09	2.54319e+11	1.00442e+07	0.000743394	3	-2.36636e-15
	 78	2.43014e-06	1.00442e+07	0.416908	0.908949	2.18021	0.000743394	3.59574e-16	-2.36636e-15
		 Mass/AM Itteration # 	 convergence 	 p_core 	 a 	 omega_rot 	 edge corot 	 AM error 
	 	 	1	1	2.54318e+11	1.00443e+07	0.000743394	3	6.31029e-16
	 	 	2	1.719e-06	2.54318e+11	1.00443e+07	0.000743394	3	1.1043e-15
	 	 	3	8.33269e-07	2.54319e+11	1.00443e+07	0.000743394	3	-1.57757e-16
	 	 	4	2.23275e-07	2.54319e+11	1.00443e+07	0.000743394	3	-3.15514e-16
	 	 	5	4.47545e-08	2.54319e+11	1.00443e+07	0.000743394	3	-2.05084e-15
	 	 	6	7.80583e-09	2.54319e+11	1.00443e+07	0.000743394	3	1.57757e-15
	 79	2.01512e-06	1.00443e+07	0.416904	0.90895	2.18024	0.000743394	-1.79787e-16	1.57757e-15
		 Mass/AM Itteration # 	 convergence 	 p_core 	 a 	 omega_rot 	 edge corot 	 AM error 
	 	 	1	1	2.54318e+11	1.00444e+07	0.000743394	3	-4.73272e-16
	 	 	2	1.62671e-06	2.54319e+11	1.00444e+07	0.000743394	3	2.83963e-15
	 	 	3	7.953e-07	2.54319e+11	1.00444e+07	0.000743394	3	6.31029e-16
	 	 	4	2.12276e-07	2.54319e+11	1.00444e+07	0.000743394	3	-3.15514e-16
	 	 	5	4.21651e-08	2.54319e+11	1.00444e+07	0.000743394	3	-2.05084e-15
	 	 	6	7.26709e-09	2.54319e+11	1.00444e+07	0.000743394	3	-1.57757e-15
	 80	1.9064e-06	1.00444e+07	0.416901	0.908952	2.18026	0.000743394	0	-1.57757e-15
		 Mass/AM Itteration # 	 convergence 	 p_core 	 a 	 omega_rot 	 edge corot 	 AM error 
	 	 	1	1	2.54318e+11	1.00445e+07	0.000743394	3	9.46543e-16
	 	 	2	1.72199e-06	2.54319e+11	1.00445e+07	0.000743394	3	-1.26206e-15
	 	 	3	8.0504e-07	2.54319e+11	1.00445e+07	0.000743394	3	-2.05084e-15
	 	 	4	2.14831e-07	2.54319e+11	1.00445e+07	0.000743394	3	-4.73272e-16
	 	 	5	4.33217e-08	2.54319e+11	1.00445e+07	0.000743394	3	3.15514e-16
	 	 	6	7.63423e-09	2.54319e+11	1.00445e+07	0.000743394	3	-4.73272e-16
	 81	1.8592e-06	1.00445e+07	0.416897	0.908954	2.18028	0.000743394	1.79787e-16	-4.73272e-16
		 Mass/AM Itteration # 	 convergence 	 p_core 	 a 	 omega_rot 	 edge corot 	 AM error 
	 	 	1	1	2.54318e+11	1.00446e+07	0.000743394	3	1.41981e-15
	 	 	2	1.75276e-06	2.54319e+11	1.00446e+07	0.000743393	3	6.31029e-16
	 	 	3	7.96491e-07	2.54319e+11	1.00446e+07	0.000743393	3	0
	 	 	4	2.12535e-07	2.54319e+11	1.00446e+07	0.000743393	3	9.46543e-16
	 	 	5	4.32851e-08	2.54319e+11	1.00446e+07	0.000743393	3	0
	 	 	6	7.73617e-09	2.54319e+11	1.00446e+07	0.000743393	3	1.41981e-15
	 82	1.79628e-06	1.00446e+07	0.416893	0.908955	2.18031	0.000743393	7.19148e-16	1.41981e-15
		 Mass/AM Itteration # 	 convergence 	 p_core 	 a 	 omega_rot 	 edge corot 	 AM error 
	 	 	1	1	2.54318e+11	1.00447e+07	0.000743393	3	-2.52411e-15
	 	 	2	1.71803e-06	2.54319e+11	1.00447e+07	0.000743393	3	-4.73272e-16
	 	 	3	7.70847e-07	2.54319e+11	1.00447e+07	0.000743393	3	-9.46543e-16
	 	 	4	2.05634e-07	2.54319e+11	1.00447e+07	0.000743393	3	-4.57496e-15
	 	 	5	4.20506e-08	2.54319e+11	1.00447e+07	0.000743393	3	1.73533e-15
	 	 	6	7.55908e-09	2.54319e+11	1.00447e+07	0.000743393	3	-7.88786e-16
	 83	1.71848e-06	1.00447e+07	0.41689	0.908957	2.18033	0.000743393	3.59574e-16	-7.88786e-16
		 Mass/AM Itteration # 	 convergence 	 p_core 	 a 	 omega_rot 	 edge corot 	 AM error 
	 	 	1	1	2.54319e+11	1.00447e+07	0.000743393	3	1.89309e-15
	 	 	2	1.66463e-06	2.54319e+11	1.00447e+07	0.000743393	3	-1.57757e-16
	 	 	3	7.40753e-07	2.54319e+11	1.00447e+07	0.000743393	3	1.57757e-15
	 	 	4	1.97587e-07	2.54319e+11	1.00447e+07	0.000743393	3	1.57757e-16
	 	 	5	4.05186e-08	2.54319e+11	1.00447e+07	0.000743393	3	-2.83963e-15
	 	 	6	7.3122e-09	2.54319e+11	1.00447e+07	0.000743393	3	-2.2086e-15
	 84	1.63938e-06	1.00447e+07	0.416887	0.908959	2.18035	0.000743393	0	-2.2086e-15
		 Mass/AM Itteration # 	 convergence 	 p_core 	 a 	 omega_rot 	 edge corot 	 AM error 
	 	 	1	1	2.54319e+11	1.00448e+07	0.000743393	3	-2.2086e-15
	 	 	2	1.59637e-06	2.54319e+11	1.00448e+07	0.000743393	3	4.73272e-16
	 	 	3	7.07422e-07	2.54319e+11	1.00448e+07	0.000743393	3	1.89309e-15
	 	 	4	1.88681e-07	2.54319e+11	1.00448e+07	0.000743393	3	-1.73533e-15
	 	 	5	3.87449e-08	2.54319e+11	1.00448e+07	0.000743393	3	-4.73272e-16
	 	 	6	7.00543e-09	2.54319e+11	1.00448e+07	0.000743393	3	-1.41981e-15
	 85	1.55969e-06	1.00448e+07	0.416883	0.90896	2.18037	0.000743393	1.79787e-16	-1.41981e-15
		 Mass/AM Itteration # 	 convergence 	 p_core 	 a 	 omega_rot 	 edge corot 	 AM error 
	 	 	1	1	2.54319e+11	1.00449e+07	0.000743393	3	6.31029e-16
	 	 	2	1.52326e-06	2.54319e+11	1.00449e+07	0.000743393	3	2.05084e-15
	 	 	3	6.73547e-07	2.54319e+11	1.00449e+07	0.000743393	3	1.57757e-16
	 	 	4	1.79635e-07	2.54319e+11	1.00449e+07	0.000743393	3	-7.88786e-16
	 	 	5	3.69131e-08	2.54319e+11	1.00449e+07	0.000743393	3	-2.99739e-15
	 	 	6	6.6807e-09	2.54319e+11	1.00449e+07	0.000743393	3	3.15514e-16
	 86	1.48201e-06	1.00449e+07	0.41688	0.908961	2.18039	0.000743393	-1.79787e-16	3.15514e-16
		 Mass/AM Itteration # 	 convergence 	 p_core 	 a 	 omega_rot 	 edge corot 	 AM error 
	 	 	1	1	2.54319e+11	1.00449e+07	0.000743393	3	2.83963e-15
	 	 	2	1.44959e-06	2.54319e+11	1.0045e+07	0.000743393	3	-3.15514e-16
	 	 	3	6.40262e-07	2.54319e+11	1.0045e+07	0.000743393	3	-1.1043e-15
	 	 	4	1.70751e-07	2.5432e+11	1.0045e+07	0.000743393	3	9.46543e-16
	 	 	5	3.50989e-08	2.5432e+11	1.0045e+07	0.000743393	3	-1.26206e-15
	 	 	6	6.35523e-09	2.5432e+11	1.0045e+07	0.000743393	3	3.62842e-15
	 87	1.4073e-06	1.0045e+07	0.416878	0.908963	2.18041	0.000743393	1.79787e-16	3.62842e-15
		 Mass/AM Itteration # 	 convergence 	 p_core 	 a 	 omega_rot 	 edge corot 	 AM error 
	 	 	1	1	2.54319e+11	1.0045e+07	0.000743393	3	-1.57757e-15
	 	 	2	1.37743e-06	2.54319e+11	1.0045e+07	0.000743392	3	1.57757e-16
	 	 	3	6.081e-07	2.5432e+11	1.0045e+07	0.000743392	3	1.26206e-15
	 	 	4	1.62169e-07	2.5432e+11	1.0045e+07	0.000743392	3	3.15514e-16
	 	 	5	3.33388e-08	2.5432e+11	1.0045e+07	0.000743392	3	3.47066e-15
	 	 	6	6.03758e-09	2.5432e+11	1.0045e+07	0.000743392	3	1.26206e-15
	 88	1.33596e-06	1.0045e+07	0.416875	0.908964	2.18042	0.000743392	1.79787e-16	1.26206e-15
		 Mass/AM Itteration # 	 convergence 	 p_core 	 a 	 omega_rot 	 edge corot 	 AM error 
	 	 	1	1	2.54319e+11	1.00451e+07	0.000743392	3	-2.68187e-15
	 	 	2	1.30803e-06	2.5432e+11	1.00451e+07	0.000743392	3	1.26206e-15
	 	 	3	5.77349e-07	2.5432e+11	1.00451e+07	0.000743392	3	-2.36636e-15
	 	 	4	1.53963e-07	2.5432e+11	1.00451e+07	0.000743392	3	4.73272e-16
	 	 	5	3.16523e-08	2.5432e+11	1.00451e+07	0.000743392	3	-1.41981e-15
	 	 	6	5.73231e-09	2.5432e+11	1.00451e+07	0.000743392	3	-3.15514e-16
	 89	1.2681e-06	1.00451e+07	0.416872	0.908965	2.18044	0.000743392	0	-3.15514e-16
		 Mass/AM Itteration # 	 convergence 	 p_core 	 a 	 omega_rot 	 edge corot 	 AM error 
	 	 	1	1	2.54319e+11	1.00451e+07	0.000743392	3	-1.57757e-15
	 	 	2	1.24167e-06	2.5432e+11	1.00451e+07	0.000743392	3	2.05084e-15
	 	 	3	5.48059e-07	2.5432e+11	1.00451e+07	0.000743392	3	1.41981e-15
	 	 	4	1.46149e-07	2.5432e+11	1.00451e+07	0.000743392	3	7.88786e-16
	 	 	5	3.00448e-08	2.5432e+11	1.00451e+07	0.000743392	3	3.15514e-16
	 	 	6	5.44094e-09	2.5432e+11	1.00451e+07	0.000743392	3	1.57757e-16
	 90	1.20371e-06	1.00451e+07	0.41687	0.908966	2.18046	0.000743392	-1.79787e-16	1.57757e-16
		 Mass/AM Itteration # 	 convergence 	 p_core 	 a 	 omega_rot 	 edge corot 	 AM error 
	 	 	1	1	2.54319e+11	1.00452e+07	0.000743392	3	7.88786e-16
	 	 	2	1.17862e-06	2.5432e+11	1.00452e+07	0.000743392	3	3.94393e-15
	 	 	3	5.20258e-07	2.5432e+11	1.00452e+07	0.000743392	3	0
	 	 	4	1.38732e-07	2.5432e+11	1.00452e+07	0.000743392	3	-1.57757e-15
	 	 	5	2.85182e-08	2.5432e+11	1.00452e+07	0.000743392	3	-2.2086e-15
	 	 	6	5.16405e-09	2.5432e+11	1.00452e+07	0.000743392	3	-1.26206e-15
	 91	1.14264e-06	1.00452e+07	0.416868	0.908967	2.18047	0.000743392	-1.79787e-16	-1.26206e-15
		 Mass/AM Itteration # 	 convergence 	 p_core 	 a 	 omega_rot 	 edge corot 	 AM error 
	 	 	1	1	2.54319e+11	1.00452e+07	0.000743392	3	-2.83963e-15
	 	 	2	1.11873e-06	2.5432e+11	1.00452e+07	0.000743392	3	-6.31029e-16
	 	 	3	4.93878e-07	2.5432e+11	1.00452e+07	0.000743392	3	-2.83963e-15
	 	 	4	1.31695e-07	2.5432e+11	1.00452e+07	0.000743392	3	-1.57757e-15
	 	 	5	2.70696e-08	2.5432e+11	1.00452e+07	0.000743392	3	7.88786e-16
	 	 	6	4.90126e-09	2.5432e+11	1.00452e+07	0.000743392	3	2.52411e-15
	 92	1.08475e-06	1.00452e+07	0.416865	0.908968	2.18048	0.000743392	5.39361e-16	2.52411e-15
		 Mass/AM Itteration # 	 convergence 	 p_core 	 a 	 omega_rot 	 edge corot 	 AM error 
	 	 	1	1	2.5432e+11	1.00453e+07	0.000743392	3	-1.26206e-15
	 	 	2	1.06198e-06	2.5432e+11	1.00453e+07	0.000743392	3	1.89309e-15
	 	 	3	4.68877e-07	2.5432e+11	1.00453e+07	0.000743392	3	-1.41981e-15
	 	 	4	1.25026e-07	2.5432e+11	1.00453e+07	0.000743392	3	7.88786e-16
	 	 	5	2.56968e-08	2.5432e+11	1.00453e+07	0.000743392	3	-1.73533e-15
	 	 	6	4.65224e-09	2.5432e+11	1.00453e+07	0.000743392	3	-1.1043e-15
	 93	1.0299e-06	1.00453e+07	0.416863	0.908969	2.1805	0.000743392	1.79787e-16	-1.1043e-15
		 Mass/AM Itteration # 	 convergence 	 p_core 	 a 	 omega_rot 	 edge corot 	 AM error 
	 	 	1	1	2.5432e+11	1.00453e+07	0.000743392	3	1.57757e-16
	 	 	2	1.00816e-06	2.5432e+11	1.00453e+07	0.000743392	3	0
	 	 	3	4.45173e-07	2.5432e+11	1.00453e+07	0.000743392	3	-1.57757e-15
	 	 	4	1.18703e-07	2.5432e+11	1.00453e+07	0.000743392	3	1.57757e-15
	 	 	5	2.43953e-08	2.5432e+11	1.00453e+07	0.000743392	3	9.46543e-16
	 	 	6	4.41614e-09	2.5432e+11	1.00453e+07	0.000743392	3	-2.52411e-15
	 94	9.77898e-07	1.00453e+07	0.416861	0.90897	2.18051	0.000743392	1.79787e-16	-2.52411e-15
		 Mass/AM Itteration # 	 convergence 	 p_core 	 a 	 omega_rot 	 edge corot 	 AM error 
	 	 	1	1	2.5432e+11	1.00454e+07	0.000743392	3	1.73533e-15
	 	 	2	9.57149e-07	2.5432e+11	1.00454e+07	0.000743392	3	-1.57757e-16
	 	 	3	4.22705e-07	2.5432e+11	1.00454e+07	0.000743392	3	-3.15514e-16
	 	 	4	1.1271e-07	2.5432e+11	1.00454e+07	0.000743392	3	-1.89309e-15
	 	 	5	2.3162e-08	2.5432e+11	1.00454e+07	0.000743392	3	-4.73272e-16
	 	 	6	4.19246e-09	2.5432e+11	1.00454e+07	0.000743392	3	2.2086e-15
	 95	9.28612e-07	1.00454e+07	0.416859	0.908971	2.18052	0.000743392	0	2.2086e-15
		 Mass/AM Itteration # 	 convergence 	 p_core 	 a 	 omega_rot 	 edge corot 	 AM error 
	 	 	1	1	2.5432e+11	1.00454e+07	0.000743392	3	-1.73533e-15
	 	 	2	9.08821e-07	2.5432e+11	1.00454e+07	0.000743391	3	1.1043e-15
	 	 	3	4.01409e-07	2.5432e+11	1.00454e+07	0.000743391	3	-1.1043e-15
	 	 	4	1.0703e-07	2.5432e+11	1.00454e+07	0.000743391	3	-3.15514e-16
	 	 	5	2.19931e-08	2.5432e+11	1.00454e+07	0.000743391	3	-7.88786e-16
	 	 	6	3.98048e-09	2.5432e+11	1.00454e+07	0.000743391	3	-3.15514e-16
	 96	8.81885e-07	1.00454e+07	0.416858	0.908972	2.18053	0.000743391	0	-3.15514e-16
		 Mass/AM Itteration # 	 convergence 	 p_core 	 a 	 omega_rot 	 edge corot 	 AM error 
	 	 	1	1	2.5432e+11	1.00455e+07	0.000743391	3	2.99739e-15
	 	 	2	8.63011e-07	2.5432e+11	1.00455e+07	0.000743391	3	-1.57757e-16
	 	 	3	3.81218e-07	2.5432e+11	1.00455e+07	0.000743391	3	-9.46543e-16
	 	 	4	1.01645e-07	2.5432e+11	1.00455e+07	0.000743391	3	-6.31029e-16
	 	 	5	2.0885e-08	2.5432e+11	1.00455e+07	0.000743391	3	-1.41981e-15
	 	 	6	3.7796e-09	2.5432e+11	1.00455e+07	0.000743391	3	1.73533e-15
	 97	8.37585e-07	1.00455e+07	0.416856	0.908973	2.18054	0.000743391	3.59574e-16	1.73533e-15
		 Mass/AM Itteration # 	 convergence 	 p_core 	 a 	 omega_rot 	 edge corot 	 AM error 
	 	 	1	1	2.5432e+11	1.00455e+07	0.000743391	3	9.46543e-16
	 	 	2	8.19564e-07	2.5432e+11	1.00455e+07	0.000743391	3	9.46543e-16
	 	 	3	3.62072e-07	2.5432e+11	1.00455e+07	0.000743391	3	1.73533e-15
	 	 	4	9.65382e-08	2.5432e+11	1.00455e+07	0.000743391	3	3.15514e-16
	 	 	5	1.98345e-08	2.5432e+11	1.00455e+07	0.000743391	3	-2.05084e-15
	 	 	6	3.58915e-09	2.5432e+11	1.00455e+07	0.000743391	3	3.15514e-15
	 98	7.95571e-07	1.00455e+07	0.416854	0.908973	2.18055	0.000743391	-1.79787e-16	3.15514e-15
		 Mass/AM Itteration # 	 convergence 	 p_core 	 a 	 omega_rot 	 edge corot 	 AM error 
	 	 	1	1	2.5432e+11	1.00455e+07	0.000743391	3	1.57757e-16
	 	 	2	7.7839e-07	2.5432e+11	1.00455e+07	0.000743391	3	4.73272e-16
	 	 	3	3.43917e-07	2.5432e+11	1.00455e+07	0.000743391	3	1.57757e-16
	 	 	4	9.16966e-08	2.5432e+11	1.00455e+07	0.000743391	3	3.15514e-16
	 	 	5	1.88385e-08	2.5432e+11	1.00455e+07	0.000743391	3	-1.57757e-15
	 	 	6	3.40864e-09	2.5432e+11	1.00455e+07	0.000743391	3	-1.57757e-15
	 99	7.55725e-07	1.00455e+07	0.416853	0.908974	2.18056	0.000743391	-5.39361e-16	-1.57757e-15
		 Mass/AM Itteration # 	 convergence 	 p_core 	 a 	 omega_rot 	 edge corot 	 AM error 
	 	 	1	1	2.5432e+11	1.00456e+07	0.000743391	3	0
	 	 	2	7.39332e-07	2.5432e+11	1.00456e+07	0.000743391	3	-3.15514e-16
	 	 	3	3.26696e-07	2.5432e+11	1.00456e+07	0.000743391	3	-1.41981e-15
	 	 	4	8.71036e-08	2.5432e+11	1.00456e+07	0.000743391	3	1.41981e-15
	 	 	5	1.78938e-08	2.5432e+11	1.00456e+07	0.000743391	3	4.73272e-16
	 	 	6	3.23744e-09	2.5432e+11	1.00456e+07	0.000743391	3	1.26206e-15
	 100	7.17925e-07	1.00456e+07	0.416851	0.908975	2.18057	0.000743391	1.79787e-16	1.26206e-15
		 Mass/AM Itteration # 	 convergence 	 p_core 	 a 	 omega_rot 	 edge corot 	 AM error 
	 	 	1	1	2.5432e+11	1.00456e+07	0.000743391	3	-7.88786e-16
	 	 	2	7.02293e-07	2.5432e+11	1.00456e+07	0.000743391	3	4.73272e-16
	 	 	3	3.1036e-07	2.5432e+11	1.00456e+07	0.000743391	3	1.1043e-15
	 	 	4	8.27473e-08	2.5432e+11	1.00456e+07	0.000743391	3	-1.57757e-16
	 	 	5	1.69979e-08	2.5432e+11	1.00456e+07	0.000743391	3	3.15514e-16
	 	 	6	3.07512e-09	2.5432e+11	1.00456e+07	0.000743391	3	1.57757e-16
	 101	6.82063e-07	1.00456e+07	0.41685	0.908975	2.18058	0.000743391	0	1.57757e-16
		 Mass/AM Itteration # 	 convergence 	 p_core 	 a 	 omega_rot 	 edge corot 	 AM error 
	 	 	1	1	2.5432e+11	1.00456e+07	0.000743391	3	-3.15514e-16
	 	 	2	6.67155e-07	2.5432e+11	1.00456e+07	0.000743391	3	2.05084e-15
	 	 	3	2.9486e-07	2.5432e+11	1.00456e+07	0.000743391	3	-7.88786e-16
	 	 	4	7.86136e-08	2.54321e+11	1.00456e+07	0.000743391	3	-1.57757e-16
	 	 	5	1.61479e-08	2.54321e+11	1.00456e+07	0.000743391	3	-1.57757e-15
	 	 	6	2.92112e-09	2.54321e+11	1.00456e+07	0.000743391	3	1.26206e-15
	 102	6.4804e-07	1.00456e+07	0.416849	0.908976	2.18059	0.000743391	1.79787e-16	1.26206e-15
		 Mass/AM Itteration # 	 convergence 	 p_core 	 a 	 omega_rot 	 edge corot 	 AM error 
	 	 	1	1	2.5432e+11	1.00457e+07	0.000743391	3	1.89309e-15
	 	 	2	6.33816e-07	2.5432e+11	1.00457e+07	0.000743391	3	-1.89309e-15
	 	 	3	2.80153e-07	2.54321e+11	1.00457e+07	0.000743391	3	-7.88786e-16
	 	 	4	7.46919e-08	2.54321e+11	1.00457e+07	0.000743391	3	-1.26206e-15
	 	 	5	1.53415e-08	2.54321e+11	1.00457e+07	0.000743391	3	-1.26206e-15
	 	 	6	2.77505e-09	2.54321e+11	1.00457e+07	0.000743391	3	-2.68187e-15
	 103	6.15746e-07	1.00457e+07	0.416847	0.908976	2.1806	0.000743391	-1.79787e-16	-2.68187e-15
		 Mass/AM Itteration # 	 convergence 	 p_core 	 a 	 omega_rot 	 edge corot 	 AM error 
	 	 	1	1	2.5432e+11	1.00457e+07	0.000743391	3	-1.26206e-15
	 	 	2	6.0221e-07	2.5432e+11	1.00457e+07	0.000743391	3	7.88786e-16
	 	 	3	2.662e-07	2.54321e+11	1.00457e+07	0.000743391	3	1.57757e-16
	 	 	4	7.0971e-08	2.54321e+11	1.00457e+07	0.000743391	3	1.57757e-15
	 	 	5	1.45765e-08	2.54321e+11	1.00457e+07	0.000743391	3	-3.15514e-16
	 	 	6	2.63651e-09	2.54321e+11	1.00457e+07	0.000743391	3	-9.46543e-16
	 104	5.851e-07	1.00457e+07	0.416846	0.908977	2.1806	0.000743391	1.79787e-16	-9.46543e-16
		 Mass/AM Itteration # 	 convergence 	 p_core 	 a 	 omega_rot 	 edge corot 	 AM error 
	 	 	1	1	2.5432e+11	1.00457e+07	0.000743391	3	2.99739e-15
	 	 	2	5.7218e-07	2.54321e+11	1.00457e+07	0.000743391	3	-4.73272e-16
	 	 	3	2.52951e-07	2.54321e+11	1.00457e+07	0.000743391	3	4.73272e-16
	 	 	4	6.74384e-08	2.54321e+11	1.00457e+07	0.000743391	3	-2.36636e-15
	 	 	5	1.38503e-08	2.54321e+11	1.00457e+07	0.000743391	3	-1.26206e-15
	 	 	6	2.505e-09	2.54321e+11	1.00457e+07	0.000743391	3	-1.57757e-16
	 105	5.5602e-07	1.00457e+07	0.416845	0.908978	2.18061	0.000743391	-3.59574e-16	-1.57757e-16
		 Mass/AM Itteration # 	 convergence 	 p_core 	 a 	 omega_rot 	 edge corot 	 AM error 
	 	 	1	1	2.5432e+11	1.00457e+07	0.000743391	3	-4.73272e-16
	 	 	2	5.43722e-07	2.54321e+11	1.00457e+07	0.000743391	3	-1.57757e-16
	 	 	3	2.40382e-07	2.54321e+11	1.00457e+07	0.000743391	3	4.73272e-16
	 	 	4	6.40863e-08	2.54321e+11	1.00457e+07	0.000743391	3	-1.89309e-15
	 	 	5	1.31613e-08	2.54321e+11	1.00457e+07	0.000743391	3	1.73533e-15
	 	 	6	2.38023e-09	2.54321e+11	1.00457e+07	0.000743391	3	-6.31029e-16
	 106	5.28401e-07	1.00457e+07	0.416844	0.908978	2.18062	0.000743391	1.79787e-16	-6.31029e-16
		 Mass/AM Itteration # 	 convergence 	 p_core 	 a 	 omega_rot 	 edge corot 	 AM error 
	 	 	1	1	2.5432e+11	1.00458e+07	0.000743391	3	-1.57757e-16
	 	 	2	5.1664e-07	2.54321e+11	1.00458e+07	0.000743391	3	-1.57757e-16
	 	 	3	2.28437e-07	2.54321e+11	1.00458e+07	0.000743391	3	2.05084e-15
	 	 	4	6.09018e-08	2.54321e+11	1.00458e+07	0.000743391	3	-7.88786e-16
	 	 	5	1.25068e-08	2.54321e+11	1.00458e+07	0.000743391	3	-4.73272e-16
	 	 	6	2.26173e-09	2.54321e+11	1.00458e+07	0.000743391	3	-9.46543e-16
	 107	5.0218e-07	1.00458e+07	0.416843	0.908978	2.18063	0.000743391	3.59574e-16	-9.46543e-16
		 Mass/AM Itteration # 	 convergence 	 p_core 	 a 	 omega_rot 	 edge corot 	 AM error 
	 	 	1	1	2.54321e+11	1.00458e+07	0.000743391	3	3.62842e-15
	 	 	2	4.91032e-07	2.54321e+11	1.00458e+07	0.000743391	3	-2.2086e-15
	 	 	3	2.17116e-07	2.54321e+11	1.00458e+07	0.000743391	3	1.41981e-15
	 	 	4	5.78823e-08	2.54321e+11	1.00458e+07	0.000743391	3	-4.73272e-16
	 	 	5	1.18862e-08	2.54321e+11	1.00458e+07	0.000743391	3	1.1043e-15
	 	 	6	2.1494e-09	2.54321e+11	1.00458e+07	0.000743391	3	-2.36636e-15
	 108	4.77289e-07	1.00458e+07	0.416842	0.908979	2.18063	0.000743391	3.59574e-16	-2.36636e-15
		 Mass/AM Itteration # 	 convergence 	 p_core 	 a 	 omega_rot 	 edge corot 	 AM error 
	 	 	1	1	2.54321e+11	1.00458e+07	0.000743391	3	2.83963e-15
	 	 	2	4.66624e-07	2.54321e+11	1.00458e+07	0.000743391	3	1.41981e-15
	 	 	3	2.06348e-07	2.54321e+11	1.00458e+07	0.000743391	3	1.41981e-15
	 	 	4	5.50118e-08	2.54321e+11	1.00458e+07	0.000743391	3	-3.15514e-16
	 	 	5	1.12963e-08	2.54321e+11	1.00458e+07	0.000743391	3	-1.89309e-15
	 	 	6	2.04261e-09	2.54321e+11	1.00458e+07	0.000743391	3	-2.99739e-15
	 109	4.53653e-07	1.00458e+07	0.416841	0.908979	2.18064	0.000743391	3.59574e-16	-2.99739e-15
		 Mass/AM Itteration # 	 convergence 	 p_core 	 a 	 omega_rot 	 edge corot 	 AM error 
	 	 	1	1	2.54321e+11	1.00458e+07	0.000743391	3	6.31029e-16
	 	 	2	4.43449e-07	2.54321e+11	1.00458e+07	0.00074339	3	4.25944e-15
	 	 	3	1.9612e-07	2.54321e+11	1.00458e+07	0.00074339	3	-1.41981e-15
	 	 	4	5.2284e-08	2.54321e+11	1.00458e+07	0.00074339	3	-1.57757e-16
	 	 	5	1.07354e-08	2.54321e+11	1.00458e+07	0.00074339	3	-1.1043e-15
	 	 	6	1.94103e-09	2.54321e+11	1.00458e+07	0.00074339	3	0
	 110	4.31191e-07	1.00458e+07	0.41684	0.90898	2.18064	0.00074339	1.79787e-16	0
		 Mass/AM Itteration # 	 convergence 	 p_core 	 a 	 omega_rot 	 edge corot 	 AM error 
	 	 	1	1	2.54321e+11	1.00459e+07	0.00074339	3	1.57757e-16
	 	 	2	4.21402e-07	2.54321e+11	1.00459e+07	0.00074339	3	-1.73533e-15
	 	 	3	1.86399e-07	2.54321e+11	1.00459e+07	0.00074339	3	-4.73272e-16
	 	 	4	4.96921e-08	2.54321e+11	1.00459e+07	0.00074339	3	1.26206e-15
	 	 	5	1.02025e-08	2.54321e+11	1.00459e+07	0.00074339	3	1.57757e-16
	 	 	6	1.84448e-09	2.54321e+11	1.00459e+07	0.00074339	3	-1.26206e-15
	 111	4.09856e-07	1.00459e+07	0.416839	0.90898	2.18065	0.00074339	3.59574e-16	-1.26206e-15
		 Mass/AM Itteration # 	 convergence 	 p_core 	 a 	 omega_rot 	 edge corot 	 AM error 
	 	 	1	1	2.54321e+11	1.00459e+07	0.00074339	3	-6.31029e-16
	 	 	2	4.00746e-07	2.54321e+11	1.00459e+07	0.00074339	3	-7.88786e-16
	 	 	3	1.77235e-07	2.54321e+11	1.00459e+07	0.00074339	3	-1.41981e-15
	 	 	4	4.72486e-08	2.54321e+11	1.00459e+07	0.00074339	3	-1.1043e-15
	 	 	5	9.70127e-09	2.54321e+11	1.00459e+07	0.00074339	3	1.73533e-15
	 112	3.89651e-07	1.00459e+07	0.416839	0.90898	2.18065	0.00074339	-1.79787e-16	1.73533e-15
		 Mass/AM Itteration # 	 convergence 	 p_core 	 a 	 omega_rot 	 edge corot 	 AM error 
	 	 	1	1	2.54321e+11	1.00459e+07	0.00074339	3	1.57757e-15
	 	 	2	3.81258e-07	2.54321e+11	1.00459e+07	0.00074339	3	7.88786e-16
	 	 	3	1.68541e-07	2.54321e+11	1.00459e+07	0.00074339	3	-4.73272e-16
	 	 	4	4.49272e-08	2.54321e+11	1.00459e+07	0.00074339	3	1.41981e-15
	 	 	5	9.22455e-09	2.54321e+11	1.00459e+07	0.00074339	3	-7.88786e-16
	 113	3.70445e-07	1.00459e+07	0.416838	0.908981	2.18066	0.00074339	0	-7.88786e-16
		 Mass/AM Itteration # 	 convergence 	 p_core 	 a 	 omega_rot 	 edge corot 	 AM error 
	 	 	1	1	2.54321e+11	1.00459e+07	0.00074339	3	-4.73272e-16
	 	 	2	3.62275e-07	2.54321e+11	1.00459e+07	0.00074339	3	-2.52411e-15
	 	 	3	1.60181e-07	2.54321e+11	1.00459e+07	0.00074339	3	-2.2086e-15
	 	 	4	4.26974e-08	2.54321e+11	1.00459e+07	0.00074339	3	1.1043e-15
	 	 	5	8.76567e-09	2.54321e+11	1.00459e+07	0.00074339	3	-6.31029e-16
	 114	3.52123e-07	1.00459e+07	0.416837	0.908981	2.18066	0.00074339	0	-6.31029e-16
		 Mass/AM Itteration # 	 convergence 	 p_core 	 a 	 omega_rot 	 edge corot 	 AM error 
	 	 	1	1	2.54321e+11	1.00459e+07	0.00074339	3	-1.1043e-15
	 	 	2	3.43539e-07	2.54321e+11	1.00459e+07	0.00074339	3	0
	 	 	3	1.5208e-07	2.54321e+11	1.00459e+07	0.00074339	3	-1.73533e-15
	 	 	4	4.05351e-08	2.54321e+11	1.00459e+07	0.00074339	3	-3.47066e-15
	 	 	5	8.31718e-09	2.54321e+11	1.00459e+07	0.00074339	3	6.31029e-16
	 115	3.34558e-07	1.00459e+07	0.416837	0.908981	2.18067	0.00074339	1.79787e-16	6.31029e-16
		 Mass/AM Itteration # 	 convergence 	 p_core 	 a 	 omega_rot 	 edge corot 	 AM error 
	 	 	1	1	2.54321e+11	1.00459e+07	0.00074339	3	-9.46543e-16
	 	 	2	3.27368e-07	2.54321e+11	1.00459e+07	0.00074339	3	-1.26206e-15
	 	 	3	1.44791e-07	2.54321e+11	1.00459e+07	0.00074339	3	3.15514e-16
	 	 	4	3.85937e-08	2.54321e+11	1.00459e+07	0.00074339	3	-4.73272e-16
	 	 	5	7.92186e-09	2.54321e+11	1.00459e+07	0.00074339	3	-1.57757e-16
	 116	3.18292e-07	1.00459e+07	0.416836	0.908982	2.18067	0.00074339	1.79787e-16	-1.57757e-16
		 Mass/AM Itteration # 	 convergence 	 p_core 	 a 	 omega_rot 	 edge corot 	 AM error 
	 	 	1	1	2.54321e+11	1.0046e+07	0.00074339	3	2.83963e-15
	 	 	2	3.12134e-07	2.54321e+11	1.0046e+07	0.00074339	3	4.73272e-16
	 	 	3	1.37878e-07	2.54321e+11	1.0046e+07	0.00074339	3	7.88786e-16
	 	 	4	3.67549e-08	2.54321e+11	1.0046e+07	0.00074339	3	2.2086e-15
	 	 	5	7.54912e-09	2.54321e+11	1.0046e+07	0.00074339	3	1.89309e-15
	 117	3.02864e-07	1.0046e+07	0.416835	0.908982	2.18067	0.00074339	3.59574e-16	1.89309e-15
		 Mass/AM Itteration # 	 convergence 	 p_core 	 a 	 omega_rot 	 edge corot 	 AM error 
	 	 	1	1	2.54321e+11	1.0046e+07	0.00074339	3	-3.47066e-15
	 	 	2	2.9609e-07	2.54321e+11	1.0046e+07	0.00074339	3	4.4172e-15
	 	 	3	1.30907e-07	2.54321e+11	1.0046e+07	0.00074339	3	-4.73272e-16
	 	 	4	3.48937e-08	2.54321e+11	1.0046e+07	0.00074339	3	-3.47066e-15
	 	 	5	7.16364e-09	2.54321e+11	1.0046e+07	0.00074339	3	6.31029e-16
	 118	2.87744e-07	1.0046e+07	0.416835	0.908982	2.18068	0.00074339	-3.59574e-16	6.31029e-16
		 Mass/AM Itteration # 	 convergence 	 p_core 	 a 	 omega_rot 	 edge corot 	 AM error 
	 	 	1	1	2.54321e+11	1.0046e+07	0.00074339	3	1.89309e-15
	 	 	2	2.81341e-07	2.54321e+11	1.0046e+07	0.00074339	3	-6.31029e-16
	 	 	3	1.24423e-07	2.54321e+11	1.0046e+07	0.00074339	3	1.26206e-15
	 	 	4	3.31656e-08	2.54321e+11	1.0046e+07	0.00074339	3	-4.73272e-16
	 	 	5	6.80812e-09	2.54321e+11	1.0046e+07	0.00074339	3	9.46543e-16
	 119	2.73551e-07	1.0046e+07	0.416834	0.908983	2.18068	0.00074339	1.79787e-16	9.46543e-16
		 Mass/AM Itteration # 	 convergence 	 p_core 	 a 	 omega_rot 	 edge corot 	 AM error 
	 	 	1	1	2.54321e+11	1.0046e+07	0.00074339	3	-2.52411e-15
	 	 	2	2.67505e-07	2.54321e+11	1.0046e+07	0.00074339	3	-1.41981e-15
	 	 	3	1.18305e-07	2.54321e+11	1.0046e+07	0.00074339	3	4.25944e-15
	 	 	4	3.15339e-08	2.54321e+11	1.0046e+07	0.00074339	3	1.73533e-15
	 	 	5	6.47294e-09	2.54321e+11	1.0046e+07	0.00074339	3	1.1043e-15
	 120	2.60097e-07	1.0046e+07	0.416834	0.908983	2.18068	0.00074339	1.79787e-16	1.1043e-15
		 Mass/AM Itteration # 	 convergence 	 p_core 	 a 	 omega_rot 	 edge corot 	 AM error 
	 	 	1	1	2.54321e+11	1.0046e+07	0.00074339	3	1.89309e-15
	 	 	2	2.54303e-07	2.54321e+11	1.0046e+07	0.00074339	3	6.31029e-16
	 	 	3	1.12481e-07	2.54321e+11	1.0046e+07	0.00074339	3	1.41981e-15
	 	 	4	2.99821e-08	2.54321e+11	1.0046e+07	0.00074339	3	-2.83963e-15
	 	 	5	6.15425e-09	2.54321e+11	1.0046e+07	0.00074339	3	2.05084e-15
	 121	2.47317e-07	1.0046e+07	0.416833	0.908983	2.18069	0.00074339	3.59574e-16	2.05084e-15
		 Mass/AM Itteration # 	 convergence 	 p_core 	 a 	 omega_rot 	 edge corot 	 AM error 
	 	 	1	1	2.54321e+11	1.0046e+07	0.00074339	3	-1.73533e-15
	 	 	2	2.41852e-07	2.54321e+11	1.0046e+07	0.00074339	3	1.57757e-15
	 	 	3	1.06965e-07	2.54321e+11	1.0046e+07	0.00074339	3	1.1043e-15
	 	 	4	2.85112e-08	2.54321e+11	1.0046e+07	0.00074339	3	2.99739e-15
	 	 	5	5.85227e-09	2.54321e+11	1.0046e+07	0.00074339	3	1.57757e-16
	 122	2.35174e-07	1.0046e+07	0.416833	0.908983	2.18069	0.00074339	1.79787e-16	1.57757e-16
		 Mass/AM Itteration # 	 convergence 	 p_core 	 a 	 omega_rot 	 edge corot 	 AM error 
	 	 	1	1	2.54321e+11	1.0046e+07	0.00074339	3	3.15514e-16
	 	 	2	2.2992e-07	2.54321e+11	1.0046e+07	0.00074339	3	2.52411e-15
	 	 	3	1.01703e-07	2.54321e+11	1.0046e+07	0.00074339	3	2.36636e-15
	 	 	4	2.71091e-08	2.54321e+11	1.0046e+07	0.00074339	3	1.57757e-16
	 	 	5	5.56431e-09	2.54321e+11	1.0046e+07	0.00074339	3	1.57757e-16
	 123	2.23628e-07	1.0046e+07	0.416832	0.908983	2.18069	0.00074339	5.39361e-16	1.57757e-16
		 Mass/AM Itteration # 	 convergence 	 p_core 	 a 	 omega_rot 	 edge corot 	 AM error 
	 	 	1	1	2.54321e+11	1.0046e+07	0.00074339	3	-1.57757e-15
	 	 	2	2.1867e-07	2.54321e+11	1.0046e+07	0.00074339	3	-1.89309e-15
	 	 	3	9.67192e-08	2.54321e+11	1.0046e+07	0.00074339	3	-1.41981e-15
	 	 	4	2.578e-08	2.54321e+11	1.0046e+07	0.00074339	3	1.89309e-15
	 	 	5	5.29144e-09	2.54321e+11	1.0046e+07	0.00074339	3	0
	 124	2.12655e-07	1.0046e+07	0.416832	0.908984	2.1807	0.00074339	-1.79787e-16	0
		 Mass/AM Itteration # 	 convergence 	 p_core 	 a 	 omega_rot 	 edge corot 	 AM error 
	 	 	1	1	2.54321e+11	1.0046e+07	0.00074339	3	-3.15514e-16
	 	 	2	2.07901e-07	2.54321e+11	1.0046e+07	0.00074339	3	1.57757e-15
	 	 	3	9.19673e-08	2.54321e+11	1.0046e+07	0.00074339	3	2.99739e-15
	 	 	4	2.45138e-08	2.54321e+11	1.0046e+07	0.00074339	3	0
	 	 	5	5.03146e-09	2.54321e+11	1.0046e+07	0.00074339	3	-2.52411e-15
	 125	2.02225e-07	1.0046e+07	0.416831	0.908984	2.1807	0.00074339	0	-2.52411e-15
		 Mass/AM Itteration # 	 convergence 	 p_core 	 a 	 omega_rot 	 edge corot 	 AM error 
	 	 	1	1	2.54321e+11	1.00461e+07	0.00074339	3	6.31029e-16
	 	 	2	1.97732e-07	2.54321e+11	1.00461e+07	0.00074339	3	1.1043e-15
	 	 	3	8.74627e-08	2.54321e+11	1.00461e+07	0.00074339	3	9.46543e-16
	 	 	4	2.33124e-08	2.54321e+11	1.00461e+07	0.00074339	3	1.57757e-16
	 	 	5	4.78479e-09	2.54321e+11	1.00461e+07	0.00074339	3	1.73533e-15
	 126	1.92308e-07	1.00461e+07	0.416831	0.908984	2.1807	0.00074339	1.79787e-16	1.73533e-15
		 Mass/AM Itteration # 	 convergence 	 p_core 	 a 	 omega_rot 	 edge corot 	 AM error 
	 	 	1	1	2.54321e+11	1.00461e+07	0.00074339	3	1.89309e-15
	 	 	2	1.88009e-07	2.54321e+11	1.00461e+07	0.00074339	3	1.41981e-15
	 	 	3	8.31705e-08	2.54321e+11	1.00461e+07	0.00074339	3	-4.73272e-16
	 	 	4	2.21687e-08	2.54321e+11	1.00461e+07	0.00074339	3	-1.57757e-16
	 	 	5	4.55e-09	2.54321e+11	1.00461e+07	0.00074339	3	2.83963e-15
	 127	1.82885e-07	1.00461e+07	0.416831	0.908984	2.1807	0.00074339	-1.79787e-16	2.83963e-15
		 Mass/AM Itteration # 	 convergence 	 p_core 	 a 	 omega_rot 	 edge corot 	 AM error 
	 	 	1	1	2.54321e+11	1.00461e+07	0.00074339	3	-2.2086e-15
	 	 	2	1.78798e-07	2.54321e+11	1.00461e+07	0.00074339	3	2.05084e-15
	 	 	3	7.90954e-08	2.54321e+11	1.00461e+07	0.00074339	3	-7.88786e-16
	 	 	4	2.10822e-08	2.54321e+11	1.00461e+07	0.00074339	3	4.73272e-16
	 	 	5	4.32691e-09	2.54321e+11	1.00461e+07	0.00074339	3	-1.26206e-15
	 128	1.73922e-07	1.00461e+07	0.41683	0.908984	2.18071	0.00074339	5.39361e-16	-1.26206e-15
		 Mass/AM Itteration # 	 convergence 	 p_core 	 a 	 omega_rot 	 edge corot 	 AM error 
	 	 	1	1	2.54321e+11	1.00461e+07	0.00074339	3	0
	 	 	2	1.70027e-07	2.54321e+11	1.00461e+07	0.00074339	3	2.2086e-15
	 	 	3	7.52193e-08	2.54321e+11	1.00461e+07	0.00074339	3	1.57757e-15
	 	 	4	2.00492e-08	2.54321e+11	1.00461e+07	0.00074339	3	-3.47066e-15
	 	 	5	4.11485e-09	2.54321e+11	1.00461e+07	0.00074339	3	0
	 129	1.65405e-07	1.00461e+07	0.41683	0.908984	2.18071	0.00074339	1.79787e-16	0
		 Mass/AM Itteration # 	 convergence 	 p_core 	 a 	 omega_rot 	 edge corot 	 AM error 
	 	 	1	1	2.54321e+11	1.00461e+07	0.00074339	3	-9.46543e-16
	 	 	2	1.61717e-07	2.54321e+11	1.00461e+07	0.00074339	3	-2.52411e-15
	 	 	3	7.15396e-08	2.54321e+11	1.00461e+07	0.00074339	3	-1.57757e-16
	 	 	4	1.90682e-08	2.54321e+11	1.00461e+07	0.00074339	3	2.52411e-15
	 	 	5	3.91348e-09	2.54321e+11	1.00461e+07	0.00074339	3	9.46543e-16
	 130	1.57312e-07	1.00461e+07	0.41683	0.908985	2.18071	0.00074339	3.59574e-16	9.46543e-16
		 Mass/AM Itteration # 	 convergence 	 p_core 	 a 	 omega_rot 	 edge corot 	 AM error 
	 	 	1	1	2.54321e+11	1.00461e+07	0.00074339	3	2.05084e-15
	 	 	2	1.53768e-07	2.54321e+11	1.00461e+07	0.00074339	3	-1.41981e-15
	 	 	3	6.80313e-08	2.54321e+11	1.00461e+07	0.00074339	3	-2.83963e-15
	 	 	4	1.81333e-08	2.54321e+11	1.00461e+07	0.00074339	3	-7.88786e-16
	 	 	5	3.72155e-09	2.54321e+11	1.00461e+07	0.00074339	3	1.41981e-15
	 131	1.49605e-07	1.00461e+07	0.416829	0.908985	2.18071	0.00074339	0	1.41981e-15
		 Mass/AM Itteration # 	 convergence 	 p_core 	 a 	 omega_rot 	 edge corot 	 AM error 
	 	 	1	1	2.54321e+11	1.00461e+07	0.00074339	3	1.26206e-15
	 	 	2	1.46272e-07	2.54321e+11	1.00461e+07	0.00074339	3	-6.31029e-16
	 	 	3	6.47076e-08	2.54321e+11	1.00461e+07	0.00074339	3	-1.57757e-15
	 	 	4	1.72469e-08	2.54321e+11	1.00461e+07	0.00074339	3	9.46543e-16
	 	 	5	3.5396e-09	2.54321e+11	1.00461e+07	0.00074339	3	0
	 132	1.42284e-07	1.00461e+07	0.416829	0.908985	2.18071	0.00074339	-3.59574e-16	0
		 Mass/AM Itteration # 	 convergence 	 p_core 	 a 	 omega_rot 	 edge corot 	 AM error 
	 	 	1	1	2.54321e+11	1.00461e+07	0.00074339	3	-4.73272e-16
	 	 	2	1.39081e-07	2.54321e+11	1.00461e+07	0.00074339	3	-1.57757e-15
	 	 	3	6.15352e-08	2.54321e+11	1.00461e+07	0.00074339	3	4.73272e-16
	 	 	4	1.64017e-08	2.54321e+11	1.00461e+07	0.00074339	3	2.05084e-15
	 	 	5	3.36608e-09	2.54321e+11	1.00461e+07	0.00074339	3	1.57757e-16
	 133	1.35323e-07	1.00461e+07	0.416829	0.908985	2.18072	0.00074339	1.79787e-16	1.57757e-16
		 Mass/AM Itteration # 	 convergence 	 p_core 	 a 	 omega_rot 	 edge corot 	 AM error 
	 	 	1	1	2.54321e+11	1.00461e+07	0.00074339	3	3.15514e-16
	 	 	2	1.32269e-07	2.54321e+11	1.00461e+07	0.00074339	3	-2.05084e-15
	 	 	3	5.85234e-08	2.54321e+11	1.00461e+07	0.00074339	3	-1.57757e-15
	 	 	4	1.55989e-08	2.54321e+11	1.00461e+07	0.00074339	3	1.89309e-15
	 	 	5	3.20125e-09	2.54321e+11	1.00461e+07	0.00074339	3	-2.2086e-15
	 134	1.28702e-07	1.00461e+07	0.416828	0.908985	2.18072	0.00074339	0	-2.2086e-15
		 Mass/AM Itteration # 	 convergence 	 p_core 	 a 	 omega_rot 	 edge corot 	 AM error 
	 	 	1	1	2.54321e+11	1.00461e+07	0.00074339	3	4.73272e-16
	 	 	2	1.25847e-07	2.54321e+11	1.00461e+07	0.00074339	3	-2.36636e-15
	 	 	3	5.56715e-08	2.54321e+11	1.00461e+07	0.00074339	3	-1.89309e-15
	 	 	4	1.48382e-08	2.54321e+11	1.00461e+07	0.00074339	3	-2.52411e-15
	 	 	5	3.0452e-09	2.54321e+11	1.00461e+07	0.00074339	3	4.73272e-16
	 135	1.22413e-07	1.00461e+07	0.416828	0.908985	2.18072	0.00074339	-1.79787e-16	4.73272e-16
		 Mass/AM Itteration # 	 convergence 	 p_core 	 a 	 omega_rot 	 edge corot 	 AM error 
	 	 	1	1	2.54321e+11	1.00461e+07	0.00074339	3	3.15514e-16
	 	 	2	1.19635e-07	2.54321e+11	1.00461e+07	0.00074339	3	-7.88786e-16
	 	 	3	5.2938e-08	2.54321e+11	1.00461e+07	0.00074339	3	-7.88786e-16
	 	 	4	1.41102e-08	2.54321e+11	1.00461e+07	0.00074339	3	-3.94393e-15
	 	 	5	2.89569e-09	2.54321e+11	1.00461e+07	0.00074339	3	-1.41981e-15
	 136	1.16426e-07	1.00461e+07	0.416828	0.908985	2.18072	0.00074339	-5.39361e-16	-1.41981e-15
		 Mass/AM Itteration # 	 convergence 	 p_core 	 a 	 omega_rot 	 edge corot 	 AM error 
	 	 	1	1	2.54321e+11	1.00461e+07	0.00074339	3	2.68187e-15
	 	 	2	1.13833e-07	2.54321e+11	1.00461e+07	0.00074339	3	1.57757e-15
	 	 	3	5.03593e-08	2.54321e+11	1.00461e+07	0.00074339	3	-1.57757e-16
	 	 	4	1.34223e-08	2.54321e+11	1.00461e+07	0.00074339	3	-7.88786e-16
	 	 	5	2.75453e-09	2.54321e+11	1.00461e+07	0.00074339	3	0
	 137	1.10736e-07	1.00461e+07	0.416828	0.908985	2.18072	0.00074339	0	0
		 Mass/AM Itteration # 	 convergence 	 p_core 	 a 	 omega_rot 	 edge corot 	 AM error 
	 	 	1	1	2.54321e+11	1.00461e+07	0.00074339	3	-6.31029e-16
	 	 	2	1.08241e-07	2.54321e+11	1.00461e+07	0.00074339	3	-2.2086e-15
	 	 	3	4.78931e-08	2.54321e+11	1.00461e+07	0.00074339	3	9.46543e-16
	 	 	4	1.27653e-08	2.54321e+11	1.00461e+07	0.00074339	3	1.89309e-15
	 	 	5	2.61967e-09	2.54321e+11	1.00461e+07	0.00074339	3	-1.57757e-15
	 138	1.05326e-07	1.00461e+07	0.416828	0.908986	2.18072	0.00074339	-5.39361e-16	-1.57757e-15
		 Mass/AM Itteration # 	 convergence 	 p_core 	 a 	 omega_rot 	 edge corot 	 AM error 
	 	 	1	1	2.54321e+11	1.00461e+07	0.00074339	3	-1.73533e-15
	 	 	2	1.02895e-07	2.54321e+11	1.00461e+07	0.00074339	3	0
	 	 	3	4.55391e-08	2.54321e+11	1.00461e+07	0.00074339	3	7.88786e-16
	 	 	4	1.21375e-08	2.54321e+11	1.00461e+07	0.00074339	3	0
	 	 	5	2.49045e-09	2.54321e+11	1.00461e+07	0.00074339	3	1.57757e-16
	 139	1.00163e-07	1.00461e+07	0.416827	0.908986	2.18072	0.00074339	-1.79787e-16	1.57757e-16
		 Mass/AM Itteration # 	 convergence 	 p_core 	 a 	 omega_rot 	 edge corot 	 AM error 
	 	 	1	1	2.54321e+11	1.00461e+07	0.00074339	3	9.46543e-16
	 	 	2	9.80256e-08	2.54321e+11	1.00461e+07	0.00074339	3	1.1043e-15
	 	 	3	4.3355e-08	2.54321e+11	1.00461e+07	0.00074339	3	3.62842e-15
	 	 	4	1.15562e-08	2.54321e+11	1.00461e+07	0.00074339	3	-7.88786e-16
	 	 	5	2.37205e-09	2.54321e+11	1.00461e+07	0.00074339	3	1.57757e-15
	 140	9.53187e-08	1.00461e+07	0.416827	0.908986	2.18073	0.00074339	-3.59574e-16	1.57757e-15
		 Mass/AM Itteration # 	 convergence 	 p_core 	 a 	 omega_rot 	 edge corot 	 AM error 
	 	 	1	1	2.54321e+11	1.00462e+07	0.00074339	3	-1.1043e-15
	 	 	2	9.31152e-08	2.54321e+11	1.00462e+07	0.00074339	3	-1.57757e-16
	 	 	3	4.12036e-08	2.54321e+11	1.00462e+07	0.00074339	3	-2.05084e-15
	 	 	4	1.09818e-08	2.54321e+11	1.00462e+07	0.00074339	3	-3.94393e-15
	 	 	5	2.25339e-09	2.54321e+11	1.00462e+07	0.00074339	3	9.46543e-16
	 141	9.06185e-08	1.00462e+07	0.416827	0.908986	2.18073	0.00074339	-1.79787e-16	9.46543e-16
		 Mass/AM Itteration # 	 convergence 	 p_core 	 a 	 omega_rot 	 edge corot 	 AM error 
	 	 	1	1	2.54321e+11	1.00462e+07	0.00074339	3	1.73533e-15
	 	 	2	8.85267e-08	2.54321e+11	1.00462e+07	0.00074339	3	7.88786e-16
	 	 	3	3.9184e-08	2.54321e+11	1.00462e+07	0.00074339	3	1.73533e-15
	 	 	4	1.04436e-08	2.54321e+11	1.00462e+07	0.00074339	3	-2.36636e-15
	 	 	5	2.14281e-09	2.54321e+11	1.00462e+07	0.00074339	3	1.41981e-15
	 142	8.61898e-08	1.00462e+07	0.416827	0.908986	2.18073	0.00074339	-1.79787e-16	1.41981e-15
		 Mass/AM Itteration # 	 convergence 	 p_core 	 a 	 omega_rot 	 edge corot 	 AM error 
	 	 	1	1	2.54321e+11	1.00462e+07	0.00074339	3	-2.2086e-15
	 	 	2	8.44098e-08	2.54321e+11	1.00462e+07	0.00074339	3	2.05084e-15
	 	 	3	3.73205e-08	2.54321e+11	1.00462e+07	0.00074339	3	-2.36636e-15
	 	 	4	9.94722e-09	2.54321e+11	1.00462e+07	0.00074339	3	1.57757e-15
	 143	8.2038e-08	1.00462e+07	0.416827	0.908986	2.18073	0.00074339	0	1.57757e-15
		 Mass/AM Itteration # 	 convergence 	 p_core 	 a 	 omega_rot 	 edge corot 	 AM error 
	 	 	1	1	2.54321e+11	1.00462e+07	0.00074339	3	6.31029e-16
	 	 	2	8.04294e-08	2.54321e+11	1.00462e+07	0.00074339	3	-1.57757e-15
	 	 	3	3.55093e-08	2.54321e+11	1.00462e+07	0.00074339	3	1.1043e-15
	 	 	4	9.4589e-09	2.54321e+11	1.00462e+07	0.00074339	3	1.26206e-15
	 144	7.79784e-08	1.00462e+07	0.416826	0.908986	2.18073	0.00074339	1.79787e-16	1.26206e-15
		 Mass/AM Itteration # 	 convergence 	 p_core 	 a 	 omega_rot 	 edge corot 	 AM error 
	 	 	1	1	2.54321e+11	1.00462e+07	0.00074339	3	3.15514e-16
	 	 	2	7.65535e-08	2.54321e+11	1.00462e+07	0.00074339	3	-2.36636e-15
	 	 	3	3.37887e-08	2.54321e+11	1.00462e+07	0.00074339	3	1.57757e-16
	 	 	4	9.00054e-09	2.54321e+11	1.00462e+07	0.00074339	3	-1.89309e-15
	 145	7.41861e-08	1.00462e+07	0.416826	0.908986	2.18073	0.00074339	-1.79787e-16	-1.89309e-15
		 Mass/AM Itteration # 	 convergence 	 p_core 	 a 	 omega_rot 	 edge corot 	 AM error 
	 	 	1	1	2.54321e+11	1.00462e+07	0.00074339	3	-4.73272e-16
	 	 	2	7.27792e-08	2.54321e+11	1.00462e+07	0.00074339	3	1.89309e-15
	 	 	3	3.21319e-08	2.54321e+11	1.00462e+07	0.00074339	3	-4.73272e-16
	 	 	4	8.55948e-09	2.54321e+11	1.00462e+07	0.00074339	3	1.57757e-16
	 146	7.05622e-08	1.00462e+07	0.416826	0.908986	2.18073	0.00074339	-1.79787e-16	1.57757e-16
		 Mass/AM Itteration # 	 convergence 	 p_core 	 a 	 omega_rot 	 edge corot 	 AM error 
	 	 	1	1	2.54321e+11	1.00462e+07	0.00074339	3	-9.46543e-16
	 	 	2	6.92638e-08	2.54321e+11	1.00462e+07	0.00074339	3	-6.31029e-16
	 	 	3	3.05718e-08	2.54321e+11	1.00462e+07	0.00074339	3	9.46543e-16
	 	 	4	8.1437e-09	2.54321e+11	1.00462e+07	0.00074339	3	6.31029e-16
	 147	6.71248e-08	1.00462e+07	0.416826	0.908986	2.18073	0.00074339	0	6.31029e-16
		 Mass/AM Itteration # 	 convergence 	 p_core 	 a 	 omega_rot 	 edge corot 	 AM error 
	 	 	1	1	2.54321e+11	1.00462e+07	0.00074339	3	1.57757e-16
	 	 	2	6.5851e-08	2.54321e+11	1.00462e+07	0.00074339	3	-2.52411e-15
	 	 	3	2.9073e-08	2.54321e+11	1.00462e+07	0.00074339	3	9.46543e-16
	 	 	4	7.7446e-09	2.54321e+11	1.00462e+07	0.00074339	3	1.57757e-16
	 148	6.38453e-08	1.00462e+07	0.416826	0.908986	2.18073	0.00074339	3.59574e-16	1.57757e-16
		 Mass/AM Itteration # 	 convergence 	 p_core 	 a 	 omega_rot 	 edge corot 	 AM error 
	 	 	1	1	2.54321e+11	1.00462e+07	0.00074339	3	2.2086e-15
	 	 	2	6.26631e-08	2.54321e+11	1.00462e+07	0.00074339	3	4.73272e-16
	 	 	3	2.76598e-08	2.54321e+11	1.00462e+07	0.00074339	3	1.57757e-16
	 	 	4	7.36793e-09	2.54321e+11	1.00462e+07	0.00074339	3	-1.26206e-15
	 149	6.0733e-08	1.00462e+07	0.416826	0.908986	2.18073	0.00074339	-1.79787e-16	-1.26206e-15
		 Mass/AM Itteration # 	 convergence 	 p_core 	 a 	 omega_rot 	 edge corot 	 AM error 
	 	 	1	1	2.54321e+11	1.00462e+07	0.00074339	3	-1.73533e-15
	 	 	2	5.95191e-08	2.54321e+11	1.00462e+07	0.00074339	3	-2.05084e-15
	 	 	3	2.6291e-08	2.54321e+11	1.00462e+07	0.00074339	3	-1.57757e-16
	 	 	4	7.00338e-09	2.54321e+11	1.00462e+07	0.00074339	3	1.57757e-16
	 150	5.77548e-08	1.00462e+07	0.416826	0.908986	2.18074	0.00074339	-1.79787e-16	1.57757e-16
		 Mass/AM Itteration # 	 convergence 	 p_core 	 a 	 omega_rot 	 edge corot 	 AM error 
	 	 	1	1	2.54321e+11	1.00462e+07	0.00074339	3	-3.62842e-15
	 	 	2	5.6814e-08	2.54321e+11	1.00462e+07	0.00074339	3	-9.46543e-16
	 	 	3	2.50561e-08	2.54321e+11	1.00462e+07	0.00074339	3	-6.31029e-16
	 	 	4	6.67462e-09	2.54321e+11	1.00462e+07	0.00074339	3	-1.1043e-15
	 151	5.49833e-08	1.00462e+07	0.416826	0.908986	2.18074	0.00074339	1.79787e-16	-1.1043e-15
		 Mass/AM Itteration # 	 convergence 	 p_core 	 a 	 omega_rot 	 edge corot 	 AM error 
	 	 	1	1	2.54321e+11	1.00462e+07	0.00074339	3	-9.46543e-16
	 	 	2	5.38589e-08	2.54321e+11	1.00462e+07	0.00074339	3	1.73533e-15
	 	 	3	2.3789e-08	2.54321e+11	1.00462e+07	0.00074339	3	-3.15514e-16
	 	 	4	6.33703e-09	2.54321e+11	1.00462e+07	0.00074339	3	-3.15514e-16
	 152	5.22599e-08	1.00462e+07	0.416825	0.908987	2.18074	0.00074339	7.19148e-16	-3.15514e-16
		 Mass/AM Itteration # 	 convergence 	 p_core 	 a 	 omega_rot 	 edge corot 	 AM error 
	 	 	1	1	2.54321e+11	1.00462e+07	0.00074339	3	-1.26206e-15
	 	 	2	5.12891e-08	2.54321e+11	1.00462e+07	0.00074339	3	-2.83963e-15
	 	 	3	2.26425e-08	2.54321e+11	1.00462e+07	0.00074339	3	-1.26206e-15
	 	 	4	6.0314e-09	2.54321e+11	1.00462e+07	0.00074339	3	-1.26206e-15
	 153	4.97206e-08	1.00462e+07	0.416825	0.908987	2.18074	0.00074339	-3.59574e-16	-1.26206e-15
		 Mass/AM Itteration # 	 convergence 	 p_core 	 a 	 omega_rot 	 edge corot 	 AM error 
	 	 	1	1	2.54321e+11	1.00462e+07	0.00074339	3	-1.26206e-15
	 	 	2	4.87797e-08	2.54321e+11	1.00462e+07	0.00074339	3	1.1043e-15
	 	 	3	2.15377e-08	2.54321e+11	1.00462e+07	0.00074339	3	-2.52411e-15
	 	 	4	5.73737e-09	2.54321e+11	1.00462e+07	0.00074339	3	-4.73272e-16
	 154	4.73004e-08	1.00462e+07	0.416825	0.908987	2.18074	0.00074339	-1.79787e-16	-4.73272e-16
		 Mass/AM Itteration # 	 convergence 	 p_core 	 a 	 omega_rot 	 edge corot 	 AM error 
	 	 	1	1	2.54321e+11	1.00462e+07	0.00074339	3	7.88786e-16
	 	 	2	4.64276e-08	2.54321e+11	1.00462e+07	0.00074339	3	-1.57757e-16
	 	 	3	2.04927e-08	2.54321e+11	1.00462e+07	0.00074339	3	-2.2086e-15
	 	 	4	5.45867e-09	2.54321e+11	1.00462e+07	0.00074339	3	1.1043e-15
	 155	4.49947e-08	1.00462e+07	0.416825	0.908987	2.18074	0.00074339	-3.59574e-16	1.1043e-15
		 Mass/AM Itteration # 	 convergence 	 p_core 	 a 	 omega_rot 	 edge corot 	 AM error 
	 	 	1	1	2.54321e+11	1.00462e+07	0.00074339	3	-1.57757e-16
	 	 	2	4.41417e-08	2.54321e+11	1.00462e+07	0.00074339	3	-4.73272e-16
	 	 	3	1.94894e-08	2.54321e+11	1.00462e+07	0.00074339	3	-4.25944e-15
	 	 	4	5.19165e-09	2.54321e+11	1.00462e+07	0.00074339	3	-6.31029e-16
	 156	4.27998e-08	1.00462e+07	0.416825	0.908987	2.18074	0.00074339	3.59574e-16	-6.31029e-16
		 Mass/AM Itteration # 	 convergence 	 p_core 	 a 	 omega_rot 	 edge corot 	 AM error 
	 	 	1	1	2.54321e+11	1.00462e+07	0.00074339	3	-2.36636e-15
	 	 	2	4.20819e-08	2.54321e+11	1.00462e+07	0.00074339	3	-6.31029e-16
	 	 	3	1.85586e-08	2.54321e+11	1.00462e+07	0.00074339	3	1.57757e-15
	 	 	4	4.94296e-09	2.54321e+11	1.00462e+07	0.00074339	3	-6.31029e-16
	 157	4.07132e-08	1.00462e+07	0.416825	0.908987	2.18074	0.00074339	0	-6.31029e-16
		 Mass/AM Itteration # 	 convergence 	 p_core 	 a 	 omega_rot 	 edge corot 	 AM error 
	 	 	1	1	2.54321e+11	1.00462e+07	0.00074339	3	-2.36636e-15
	 	 	2	4.00225e-08	2.54321e+11	1.00462e+07	0.00074339	3	1.57757e-15
	 	 	3	1.76516e-08	2.54321e+11	1.00462e+07	0.00074339	3	1.1043e-15
	 	 	4	4.70137e-09	2.54321e+11	1.00462e+07	0.00074339	3	-2.83963e-15
	 158	3.87342e-08	1.00462e+07	0.416825	0.908987	2.18074	0.00074339	1.79787e-16	-2.83963e-15
		 Mass/AM Itteration # 	 convergence 	 p_core 	 a 	 omega_rot 	 edge corot 	 AM error 
	 	 	1	1	2.54321e+11	1.00462e+07	0.00074339	3	-3.15514e-16
	 	 	2	3.80052e-08	2.54321e+11	1.00462e+07	0.00074339	3	-4.73272e-16
	 	 	3	1.67778e-08	2.54321e+11	1.00462e+07	0.00074339	3	2.2086e-15
	 	 	4	4.46927e-09	2.54321e+11	1.00462e+07	0.00074339	3	1.89309e-15
	 159	3.68393e-08	1.00462e+07	0.416825	0.908987	2.18074	0.00074339	3.59574e-16	1.89309e-15
		 Mass/AM Itteration # 	 convergence 	 p_core 	 a 	 omega_rot 	 edge corot 	 AM error 
	 	 	1	1	2.54321e+11	1.00462e+07	0.00074339	3	-3.62842e-15
	 	 	2	3.61793e-08	2.54321e+11	1.00462e+07	0.00074339	3	0
	 	 	3	1.5965e-08	2.54321e+11	1.00462e+07	0.00074339	3	2.05084e-15
	 	 	4	4.25244e-09	2.54321e+11	1.00462e+07	0.00074339	3	1.57757e-15
	 160	3.5046e-08	1.00462e+07	0.416825	0.908987	2.18074	0.00074339	-3.59574e-16	1.57757e-15
		 Mass/AM Itteration # 	 convergence 	 p_core 	 a 	 omega_rot 	 edge corot 	 AM error 
	 	 	1	1	2.54321e+11	1.00462e+07	0.00074339	3	-3.15514e-16
	 	 	2	3.44298e-08	2.54321e+11	1.00462e+07	0.00074339	3	-1.89309e-15
	 	 	3	1.51907e-08	2.54321e+11	1.00462e+07	0.00074339	3	-7.88786e-16
	 	 	4	4.04629e-09	2.54321e+11	1.00462e+07	0.00074339	3	-1.57757e-16
	 161	3.33378e-08	1.00462e+07	0.416825	0.908987	2.18074	0.00074339	-1.79787e-16	-1.57757e-16
		 Mass/AM Itteration # 	 convergence 	 p_core 	 a 	 omega_rot 	 edge corot 	 AM error 
	 	 	1	1	2.54321e+11	1.00462e+07	0.00074339	3	0
	 	 	2	3.28133e-08	2.54321e+11	1.00462e+07	0.00074339	3	-2.68187e-15
	 	 	3	1.44622e-08	2.54321e+11	1.00462e+07	0.00074339	3	-1.1043e-15
	 	 	4	3.85155e-09	2.54321e+11	1.00462e+07	0.00074339	3	7.88786e-16
	 162	3.17091e-08	1.00462e+07	0.416825	0.908987	2.18074	0.00074339	1.79787e-16	7.88786e-16
		 Mass/AM Itteration # 	 convergence 	 p_core 	 a 	 omega_rot 	 edge corot 	 AM error 
	 	 	1	1	2.54321e+11	1.00462e+07	0.00074339	3	-1.89309e-15
	 	 	2	3.11347e-08	2.54321e+11	1.00462e+07	0.00074339	3	-1.73533e-15
	 	 	3	1.37411e-08	2.54321e+11	1.00462e+07	0.00074339	3	-6.31029e-16
	 	 	4	3.6602e-09	2.54321e+11	1.00462e+07	0.00074339	3	9.46543e-16
	 163	3.01695e-08	1.00462e+07	0.416825	0.908987	2.18074	0.00074339	0	9.46543e-16
		 Mass/AM Itteration # 	 convergence 	 p_core 	 a 	 omega_rot 	 edge corot 	 AM error 
	 	 	1	1	2.54321e+11	1.00462e+07	0.00074339	3	-7.88786e-16
	 	 	2	2.96275e-08	2.54321e+11	1.00462e+07	0.00074339	3	-3.15514e-15
	 	 	3	1.30735e-08	2.54321e+11	1.00462e+07	0.00074339	3	-9.46543e-16
	 	 	4	3.48227e-09	2.54321e+11	1.00462e+07	0.00074339	3	7.88786e-16
	 164	2.86942e-08	1.00462e+07	0.416825	0.908987	2.18074	0.00074339	-1.79787e-16	7.88786e-16
		 Mass/AM Itteration # 	 convergence 	 p_core 	 a 	 omega_rot 	 edge corot 	 AM error 
	 	 	1	1	2.54321e+11	1.00462e+07	0.00074339	3	-3.15514e-16
	 	 	2	2.80726e-08	2.54321e+11	1.00462e+07	0.00074339	3	3.94393e-15
	 	 	3	1.24115e-08	2.54321e+11	1.00462e+07	0.00074339	3	-3.47066e-15
	 	 	4	3.30619e-09	2.54321e+11	1.00462e+07	0.00074339	3	9.46543e-16
	 165	2.72842e-08	1.00462e+07	0.416824	0.908987	2.18074	0.00074339	-7.19148e-16	9.46543e-16
		 Mass/AM Itteration # 	 convergence 	 p_core 	 a 	 omega_rot 	 edge corot 	 AM error 
	 	 	1	1	2.54321e+11	1.00462e+07	0.00074339	3	1.57757e-16
	 	 	2	2.69202e-08	2.54321e+11	1.00462e+07	0.00074339	3	-6.31029e-16
	 	 	3	1.18584e-08	2.54321e+11	1.00462e+07	0.00074339	3	1.57757e-16
	 	 	4	3.15902e-09	2.54321e+11	1.00462e+07	0.00074339	3	0
	 166	2.59967e-08	1.00462e+07	0.416824	0.908987	2.18074	0.00074339	-1.79787e-16	0
		 Mass/AM Itteration # 	 convergence 	 p_core 	 a 	 omega_rot 	 edge corot 	 AM error 
	 	 	1	1	2.54321e+11	1.00462e+07	0.00074339	3	4.73272e-16
	 	 	2	2.54234e-08	2.54321e+11	1.00462e+07	0.00074339	3	6.31029e-16
	 	 	3	1.12344e-08	2.54321e+11	1.00462e+07	0.00074339	3	-1.41981e-15
	 	 	4	2.99255e-09	2.54321e+11	1.00462e+07	0.00074339	3	-6.31029e-16
	 167	2.46914e-08	1.00462e+07	0.416824	0.908987	2.18074	0.00074339	0	-6.31029e-16
		 Mass/AM Itteration # 	 convergence 	 p_core 	 a 	 omega_rot 	 edge corot 	 AM error 
	 	 	1	1	2.54321e+11	1.00462e+07	0.00074339	3	9.46543e-16
	 	 	2	2.42314e-08	2.54321e+11	1.00462e+07	0.00074339	3	6.31029e-16
	 	 	3	1.06989e-08	2.54321e+11	1.00462e+07	0.00074339	3	1.57757e-16
	 	 	4	2.84988e-09	2.54321e+11	1.00462e+07	0.00074339	3	1.73533e-15
	 168	2.3493e-08	1.00462e+07	0.416824	0.908987	2.18074	0.00074339	1.79787e-16	1.73533e-15
		 Mass/AM Itteration # 	 convergence 	 p_core 	 a 	 omega_rot 	 edge corot 	 AM error 
	 	 	1	1	2.54321e+11	1.00462e+07	0.00074339	3	-6.31029e-16
	 	 	2	2.30488e-08	2.54321e+11	1.00462e+07	0.00074339	3	-7.88786e-16
	 	 	3	1.01774e-08	2.54321e+11	1.00462e+07	0.00074339	3	-9.46543e-16
	 	 	4	2.71098e-09	2.54321e+11	1.00462e+07	0.00074339	3	2.2086e-15
	 169	2.23551e-08	1.00462e+07	0.416824	0.908987	2.18074	0.00074339	1.79787e-16	2.2086e-15
		 Mass/AM Itteration # 	 convergence 	 p_core 	 a 	 omega_rot 	 edge corot 	 AM error 
	 	 	1	1	2.54321e+11	1.00462e+07	0.00074339	3	-2.83963e-15
	 	 	2	2.19499e-08	2.54321e+11	1.00462e+07	0.00074339	3	1.57757e-15
	 	 	3	9.68749e-09	2.54321e+11	1.00462e+07	0.00074339	3	0
	 170	2.12836e-08	1.00462e+07	0.416824	0.908987	2.18074	0.00074339	-1.79787e-16	0
		 Mass/AM Itteration # 	 convergence 	 p_core 	 a 	 omega_rot 	 edge corot 	 AM error 
	 	 	1	1	2.54321e+11	1.00462e+07	0.00074339	3	-3.15514e-15
	 	 	2	2.13051e-08	2.54321e+11	1.00462e+07	0.00074339	3	-9.46543e-16
	 	 	3	9.29182e-09	2.54321e+11	1.00462e+07	0.00074339	3	2.83963e-15
	 171	2.02275e-08	1.00462e+07	0.416824	0.908987	2.18074	0.00074339	-1.79787e-16	2.83963e-15
		 Mass/AM Itteration # 	 convergence 	 p_core 	 a 	 omega_rot 	 edge corot 	 AM error 
	 	 	1	1	2.54321e+11	1.00462e+07	0.00074339	3	-9.46543e-16
	 	 	2	2.02987e-08	2.54321e+11	1.00462e+07	0.00074339	3	1.26206e-15
	 	 	3	8.84563e-09	2.54321e+11	1.00462e+07	0.00074339	3	-4.73272e-16
	 172	1.92393e-08	1.00462e+07	0.416824	0.908987	2.18074	0.00074339	5.39361e-16	-4.73272e-16
		 Mass/AM Itteration # 	 convergence 	 p_core 	 a 	 omega_rot 	 edge corot 	 AM error 
	 	 	1	1	2.54321e+11	1.00462e+07	0.00074339	3	1.41981e-15
	 	 	2	1.92654e-08	2.54321e+11	1.00462e+07	0.00074339	3	1.41981e-15
	 	 	3	8.40578e-09	2.54321e+11	1.00462e+07	0.00074339	3	2.99739e-15
	 173	1.83061e-08	1.00462e+07	0.416824	0.908987	2.18075	0.00074339	-3.59574e-16	2.99739e-15
		 Mass/AM Itteration # 	 convergence 	 p_core 	 a 	 omega_rot 	 edge corot 	 AM error 
	 	 	1	1	2.54321e+11	1.00462e+07	0.00074339	3	-1.57757e-16
	 	 	2	1.8352e-08	2.54321e+11	1.00462e+07	0.00074339	3	6.31029e-16
	 	 	3	8.00116e-09	2.54321e+11	1.00462e+07	0.00074339	3	-6.31029e-16
	 174	1.741e-08	1.00462e+07	0.416824	0.908987	2.18075	0.00074339	1.79787e-16	-6.31029e-16
		 Mass/AM Itteration # 	 convergence 	 p_core 	 a 	 omega_rot 	 edge corot 	 AM error 
	 	 	1	1	2.54321e+11	1.00462e+07	0.00074339	3	-3.15514e-16
	 	 	2	1.74224e-08	2.54321e+11	1.00462e+07	0.00074339	3	1.26206e-15
	 	 	3	7.60461e-09	2.54321e+11	1.00462e+07	0.00074339	3	6.31029e-16
	 175	1.65664e-08	1.00462e+07	0.416824	0.908987	2.18075	0.00074339	0	6.31029e-16
		 Mass/AM Itteration # 	 convergence 	 p_core 	 a 	 omega_rot 	 edge corot 	 AM error 
	 	 	1	1	2.54321e+11	1.00462e+07	0.00074339	3	2.05084e-15
	 	 	2	1.66139e-08	2.54321e+11	1.00462e+07	0.00074339	3	-1.57757e-16
	 	 	3	7.24233e-09	2.54321e+11	1.00462e+07	0.00074339	3	9.46543e-16
	 176	1.57581e-08	1.00462e+07	0.416824	0.908987	2.18075	0.00074339	-3.59574e-16	9.46543e-16
		 Mass/AM Itteration # 	 convergence 	 p_core 	 a 	 omega_rot 	 edge corot 	 AM error 
	 	 	1	1	2.54321e+11	1.00462e+07	0.00074339	3	-2.68187e-15
	 	 	2	1.5762e-08	2.54321e+11	1.00462e+07	0.00074339	3	2.36636e-15
	 	 	3	6.88075e-09	2.54321e+11	1.00462e+07	0.00074339	3	-3.15514e-16
	 177	1.49909e-08	1.00462e+07	0.416824	0.908987	2.18075	0.00074339	0	-3.15514e-16
		 Mass/AM Itteration # 	 convergence 	 p_core 	 a 	 omega_rot 	 edge corot 	 AM error 
	 	 	1	1	2.54321e+11	1.00462e+07	0.00074339	3	-1.26206e-15
	 	 	2	1.50442e-08	2.54321e+11	1.00462e+07	0.00074339	3	4.73272e-16
	 	 	3	6.55617e-09	2.54321e+11	1.00462e+07	0.00074339	3	-2.68187e-15
	 178	1.42613e-08	1.00462e+07	0.416824	0.908987	2.18075	0.00074339	7.19148e-16	-2.68187e-15
		 Mass/AM Itteration # 	 convergence 	 p_core 	 a 	 omega_rot 	 edge corot 	 AM error 
	 	 	1	1	2.54321e+11	1.00462e+07	0.00074339	3	-4.73272e-16
	 	 	2	1.42408e-08	2.54321e+11	1.00462e+07	0.00074339	3	-3.3129e-15
	 	 	3	6.22236e-09	2.54321e+11	1.00462e+07	0.00074339	3	-1.1043e-15
	 179	1.35659e-08	1.00462e+07	0.416824	0.908987	2.18075	0.00074339	-1.79787e-16	-1.1043e-15
		 Mass/AM Itteration # 	 convergence 	 p_core 	 a 	 omega_rot 	 edge corot 	 AM error 
	 	 	1	1	2.54321e+11	1.00462e+07	0.00074339	3	-6.31029e-16
	 	 	2	1.36448e-08	2.54321e+11	1.00462e+07	0.00074339	3	6.31029e-16
	 	 	3	5.9394e-09	2.54321e+11	1.00462e+07	0.00074339	3	3.15514e-16
	 180	1.29076e-08	1.00462e+07	0.416824	0.908987	2.18075	0.00074339	0	3.15514e-16
		 Mass/AM Itteration # 	 convergence 	 p_core 	 a 	 omega_rot 	 edge corot 	 AM error 
	 	 	1	1	2.54321e+11	1.00462e+07	0.00074339	3	2.52411e-15
	 	 	2	1.29069e-08	2.54321e+11	1.00462e+07	0.00074339	3	3.15514e-16
	 	 	3	5.63505e-09	2.54321e+11	1.00462e+07	0.00074339	3	-1.57757e-16
	 181	1.22789e-08	1.00462e+07	0.416824	0.908987	2.18075	0.00074339	0	-1.57757e-16
		 Mass/AM Itteration # 	 convergence 	 p_core 	 a 	 omega_rot 	 edge corot 	 AM error 
	 	 	1	1	2.54321e+11	1.00462e+07	0.00074339	3	-7.88786e-16
	 	 	2	1.2241e-08	2.54321e+11	1.00462e+07	0.00074339	3	-1.57757e-16
	 	 	3	5.3516e-09	2.54321e+11	1.00462e+07	0.00074339	3	-1.89309e-15
	 182	1.16645e-08	1.00462e+07	0.416824	0.908987	2.18075	0.00074339	-3.59574e-16	-1.89309e-15
		 Mass/AM Itteration # 	 convergence 	 p_core 	 a 	 omega_rot 	 edge corot 	 AM error 
	 	 	1	1	2.54321e+11	1.00462e+07	0.00074339	3	-2.2086e-15
	 	 	2	1.18286e-08	2.54321e+11	1.00462e+07	0.00074339	3	-1.57757e-15
	 	 	3	5.13535e-09	2.54321e+11	1.00462e+07	0.00074339	3	-1.1043e-15
	 183	1.11447e-08	1.00462e+07	0.416824	0.908987	2.18075	0.00074339	-3.59574e-16	-1.1043e-15
		 Mass/AM Itteration # 	 convergence 	 p_core 	 a 	 omega_rot 	 edge corot 	 AM error 
	 	 	1	1	2.54321e+11	1.00462e+07	0.00074339	3	-7.88786e-16
	 	 	2	1.11088e-08	2.54321e+11	1.00462e+07	0.00074339	3	-1.41981e-15
	 	 	3	4.84834e-09	2.54321e+11	1.00462e+07	0.00074339	3	-6.31029e-16
	 184	1.05564e-08	1.00462e+07	0.416824	0.908987	2.18075	0.00074339	0	-6.31029e-16
		 Mass/AM Itteration # 	 convergence 	 p_core 	 a 	 omega_rot 	 edge corot 	 AM error 
	 	 	1	1	2.54321e+11	1.00462e+07	0.00074339	3	-4.73272e-16
	 	 	2	1.05691e-08	2.54321e+11	1.00462e+07	0.00074339	3	0
	 	 	3	4.6146e-09	2.54321e+11	1.00462e+07	0.00074339	3	-4.73272e-16
	 185	1.00564e-08	1.00462e+07	0.416824	0.908987	2.18075	0.00074339	3.59574e-16	-4.73272e-16
		 Mass/AM Itteration # 	 convergence 	 p_core 	 a 	 omega_rot 	 edge corot 	 AM error 
	 	 	1	1	2.54321e+11	1.00462e+07	0.00074339	3	-3.15514e-15
	 	 	2	1.00786e-08	2.54321e+11	1.00462e+07	0.00074339	3	-3.15514e-16
	 	 	3	4.39554e-09	2.54321e+11	1.00462e+07	0.00074339	3	0
	 186	9.56539e-09	1.00462e+07	0.416824	0.908987	2.18075	0.00074339	-1.79787e-16	0
Back to main
run time (s) 124835
