    
    10000.000003  8.270547  0.001771 59.089071    -95.50    158.46     -0.38
    10009.312403  8.271588  0.001785 59.092237    -96.69    109.05     -0.37
    10018.624803  8.272877  0.001816 58.927587    -97.92   -132.40      0.01
    10027.937203  8.274112  0.001770 59.037015    -99.17    155.97     -0.92
    10037.249603  8.275125  0.001736 59.180813   -100.54   -108.14     -0.04
    10046.562003  8.276411  0.001812 59.310346   -101.82    157.41     -0.11
    10055.874403  8.277709  0.001808 59.793036   -103.12   -128.04      0.24
    10065.186803  8.278835  0.001800 60.230824   -104.38    116.72      0.13
    10074.499203  8.279945  0.001809 60.804606   -105.43    170.68      0.06
    10083.811603  8.281242  0.001776 61.636043   -106.36     33.46      1.41
    10093.124003  8.282354  0.001798 62.301910   -107.08     68.59      0.47
    10102.436403  8.283503  0.001757 63.125896   -107.48    -87.32      0.52
    10111.748803  8.284669  0.001773 63.882381   -107.68    -71.69     -0.00
    10121.061202  8.285938  0.001787 64.310559   -107.61    113.51      0.32
    10130.373602  8.286910  0.001764 64.719348   -107.32    109.95      0.35
    10139.686002  8.288162  0.001764 64.651991   -106.98    -81.64     -0.01
    10148.998402  8.289451  0.001821 64.229795   -106.61   -102.87      0.27
    10158.310802  8.290619  0.001790 63.614399   -106.47     47.12      1.44
    10167.623202  8.291700  0.001790 62.479094   -106.67     12.11     -0.34
    10176.935602  8.292880  0.001791 61.350473   -107.32    147.98     -0.97
    10186.248002  8.293991  0.001734 60.272367   -108.61     95.62     -0.31
    10195.560402  8.295220  0.001766 59.295601   -110.40   -143.39     -0.44
    10204.872802  8.296469  0.001798 59.032118   -112.57    150.37     -0.44
    10214.185202  8.297465  0.001768 59.277678   -114.90   -103.14      0.22
    10223.497602  8.298721  0.001769 60.076558   -116.84    177.39     -0.61
    10232.810002  8.299803  0.001730 61.537601   -118.19    -89.93     -0.33
    10242.122402  8.301120  0.001808 62.911790   -118.73    175.31      0.73
    10251.434802  8.302243  0.001803 64.094109   -118.39   -105.40      0.72
    10260.747201  8.303569  0.001780 64.758231   -117.55    149.56     -0.73
    10270.059601  8.304593  0.001769 64.353658   -116.55   -143.79      0.09
    10279.372001  8.305631  0.001766 63.336685   -115.91     98.47     -0.30
    10288.684401  8.307012  0.001805 61.698455   -116.22    156.18     -0.66
    10297.996801  8.308028  0.001789 60.000173   -117.63     27.61      0.22
    10307.309201  8.309055  0.001757 59.148192   -120.07     75.06      0.86
    10316.621601  8.310391  0.001770 59.189988   -122.93    -60.09     -0.26
    10325.934001  8.311440  0.001760 60.405588   -125.22    -22.05      0.21
    10335.246401  8.312805  0.001790 62.375021   -126.34   -167.89     -0.09
    10344.558801  8.313759  0.001755 63.927713   -126.02   -138.77     -0.21
    10353.871201  8.314969  0.001784 64.718190   -124.71     65.12      0.26
    10363.183601  8.316009  0.001737 64.103674   -123.38     87.34     -0.87
    10372.496001  8.317362  0.001808 62.235413   -122.93    -76.20      0.23
    10381.808401  8.318373  0.001754 60.315926   -124.15    -59.74     -1.10
    10391.120801  8.319710  0.001803 59.049897   -126.97    132.20      0.07
    10400.433200  8.320654  0.001777 59.415219   -130.14    142.40     -0.16
    10409.745600  8.321954  0.001779 61.382104   -132.28    -30.34     -0.40
    10419.058000  8.323136  0.001807 63.464661   -132.48    -27.46      0.24
    10428.370400  8.324210  0.001766 64.671092   -131.02    152.96     -0.05
    10437.682800  8.325441  0.001800 64.097368   -129.31    151.38     -0.07
    10446.995200  8.326452  0.001762 61.867626   -128.86    -32.44      0.43
    10456.307600  8.327661  0.001771 59.760854   -130.63    -35.57     -0.35
    10465.620000  8.328872  0.001773 59.037363   -134.13    139.94     -0.08
    10474.932400  8.329831  0.001766 60.424820   -137.16    133.07      0.65
    10484.244800  8.331020  0.001734 63.062446   -138.01    -53.69     -0.80
    10493.557200  8.332233  0.001781 64.579589   -136.58    -64.78      0.24
    10502.869600  8.333221  0.001736 64.032305   -134.50    103.93      0.10
    10512.182000  8.334368  0.001727 61.690579   -134.10     93.19      0.05
    10521.494400  8.335616  0.001766 59.305143   -136.43    -96.36     -0.36
    10530.806800  8.336692  0.001741 59.348148   -140.29   -107.05      0.96
    10540.119199  8.337786  0.001729 61.648827   -142.79     64.30     -0.08
    10549.431599  8.339015  0.001763 64.062707   -142.20     52.81      0.10
    10558.743999  8.340242  0.001766 64.572261   -139.86   -139.01      0.44
    10568.056399  8.341223  0.001743 62.270781   -138.63   -149.14      0.39
    10577.368799  8.342475  0.001782 59.574586   -140.50     23.72     -0.67
    10586.681199  8.343736  0.001776 59.307075   -144.63     17.02      0.43
    10595.993599  8.344610  0.001769 61.646175   -147.27   -167.87      0.06
    10605.305999  8.345934  0.001782 64.325133   -146.37   -172.88     -0.74
    10614.618399  8.347084  0.001797 64.267648   -143.80      1.34      0.56
    10623.930799  8.347993  0.001765 61.399448   -143.07      0.17     -0.51
    10633.243199  8.349405  0.001795 59.157262   -146.11   -178.65      0.10
    10642.555599  8.350368  0.001778 60.049444   -150.34   -174.37      0.65
    10651.867999  8.351442  0.001759 63.168141   -151.32     11.50     -0.09
    10661.180399  8.352771  0.001784 64.752178   -148.94     17.01      0.92
    10670.492799  8.353653  0.001746 62.555677   -146.93   -152.52     -0.18
    10679.805199  8.354894  0.001760 59.534509   -148.86   -139.12      0.38
    10689.117598  8.355855  0.001735 59.596394   -153.47     60.02      0.22
    10698.429998  8.357139  0.001776 62.645852   -155.34     81.25     -0.42
    10707.742398  8.357990  0.001718 64.747311   -153.04    -77.33      0.24
    10717.054798  8.359371  0.001777 62.733444   -150.75    -50.64     -0.26
    10726.367198  8.360433  0.001744 59.430830   -152.68    161.15     -0.37
    10735.679598  8.361746  0.001769 59.780414   -157.44   -162.25      0.56
    10744.991998  8.362578  0.001753 63.123008   -158.89     58.60     -0.15
    10754.304398  8.363671  0.001747 64.604774   -156.05    100.63      0.10
    10763.616798  8.365010  0.001761 61.919531   -154.32    -30.87     -0.51
    10772.929198  8.365992  0.001742 58.986111   -157.62     23.62     -0.09
    10782.241598  8.367087  0.001745 60.796150   -162.02    -96.48      0.49
    10791.553998  8.368409  0.001789 64.254977   -161.53    -32.08     -0.29
    10800.866398  8.369441  0.001761 63.750364   -158.20   -144.75     -0.29
    10810.178798  8.370361  0.001709 60.163889   -158.71    -69.46     -0.71
    10819.491198  8.371613  0.001752 59.367288   -163.73   -167.86      0.80
    10828.803597  8.372687  0.001742 62.970418   -165.70    -80.52      0.59
    10838.115997  8.374009  0.001789 64.642040   -162.65   -169.09      0.49
    10847.428397  8.375009  0.001777 61.254523   -161.12    -70.73      0.26
    10856.740797  8.376171  0.001774 59.037637   -165.41   -143.15      0.06
    10866.053197  8.377250  0.001777 62.062256   -169.04    -28.50     -0.44
    10875.365597  8.378228  0.001759 64.618262   -166.58    -91.01     -0.20
    10884.677997  8.379431  0.001768 62.093863   -164.09     32.89      0.81
    10893.990397  8.380581  0.001765 58.987029   -167.84    -11.04      0.10
    10903.302797  8.381487  0.001748 61.586463   -172.02    131.71     -0.03
    10912.615197  8.382450  0.001703 64.745502   -169.85     99.77     -0.63
    10921.927597  8.383799  0.001762 62.032546   -167.13   -105.87     -0.01
    10931.239997  8.384876  0.001758 59.007152   -170.91   -120.49      0.52
    10940.552397  8.385871  0.001713 61.913672   -175.07     53.70      0.96
    10949.864797  8.387073  0.001758 64.620655   -172.42     53.88      0.05
    10959.177197  8.388138  0.001727 61.579818   -170.13   -118.77      0.68
    10968.489596  8.389137  0.001715 59.061961   -174.81    -96.93     -0.69
    10977.801996  8.390376  0.001756 62.680034   -177.88    110.01      0.49
    10987.114396  8.391494  0.001750 64.521387   -174.35    145.52     -0.71
    10996.426796  8.392484  0.001732 60.355867   -173.58      9.58      0.01
    11005.739196  8.393706  0.001748 59.635165   -179.16     66.41      0.28
    11015.051596  8.394807  0.001737 64.033794    179.98    -48.05     -0.65
    11024.363996  8.395822  0.001736 63.336588   -175.96     23.07      0.09
    11033.676396  8.396758  0.001707 59.266208   -178.11    -72.11      0.02
    11042.988796  8.398017  0.001734 61.345063    176.66     23.66      1.09
    11052.301196  8.399070  0.001748 64.621583    179.13    -52.52      0.19
    11061.613596  8.400115  0.001713 61.308638   -178.50     60.11      1.21
    11070.925996  8.401327  0.001749 59.270875    176.09      9.07      0.49
    11080.238396  8.402363  0.001732 63.696755    174.44    146.34     -0.09
    11089.550796  8.403367  0.001716 63.523523    178.69    112.19     -0.61
    11098.863196  8.404566  0.001739 59.079345    176.35    -88.90     -0.10
    11108.175595  8.405618  0.001717 61.808235    171.35    -97.71      0.77
    11117.487995  8.406578  0.001709 64.602120    174.63     83.48     -0.46
    11126.800395  8.407871  0.001753 60.240002    175.77     95.17      0.11
    11136.112795  8.408748  0.001695 60.193248    169.71    -56.22     -0.49
    11145.425195  8.410112  0.001754 64.521971    170.53    -20.30      0.35
    11154.737595  8.411130  0.001757 61.751695    174.00   -152.50     -0.17
    11164.049995  8.411925  0.001688 59.309876    168.70    -88.24     -0.06
    11173.362395  8.413263  0.001740 63.823620    167.01    166.69     -0.05
    11182.674795  8.414319  0.001730 62.970939    171.48   -109.44      0.53
    11191.987195  8.415608  0.001758 59.031800    167.63    172.80      0.06
    11201.299595  8.416549  0.001756 63.040958    164.09    -72.81     -0.01
    11210.611995  8.417605  0.001725 63.728992    168.70   -129.84      0.70
    11219.924395  8.418681  0.001741 59.057919    166.19     11.00      0.61
    11229.236795  8.419641  0.001731 62.481924    161.58    -13.00     -0.35
    11238.549195  8.420861  0.001734 64.087121    166.00    151.91     -0.52
    11247.861594  8.421954  0.001746 59.137301    164.36    152.39      0.53
    11257.173994  8.422915  0.001730 62.245467    159.26     -9.13     -0.75
    11266.486394  8.424129  0.001747 64.164430    163.55     16.89      0.56
    11275.798794  8.425060  0.001728 59.156858    162.15   -118.21     -0.14
    11285.111194  8.426058  0.001693 62.341601    156.99    -57.02     -0.56
    11294.423594  8.427284  0.001735 64.012797    161.39   -167.13      0.81
    11303.735994  8.428262  0.001720 59.092105    159.60    -78.02      0.46
    11313.048394  8.429456  0.001741 62.733315    154.82   -152.85      0.98
    11322.360794  8.430458  0.001734 63.613951    159.49    -35.41      0.07
    11331.673194  8.431381  0.001700 59.029830    156.64    -80.65      0.55
    11340.985594  8.432394  0.001680 63.364607    152.86     71.40      0.28
    11350.297994  8.433674  0.001732 62.902279    157.69     55.27     -0.35
    11359.610394  8.434726  0.001723 59.158483    153.29   -122.37      0.89
    11368.922794  8.435594  0.001687 64.078515    151.34   -102.80      0.19
    11378.235194  8.436875  0.001734 61.799980    155.69    109.11      0.02
    11387.547594  8.438009  0.001740 59.764561    149.73    163.33     -0.72
    11396.859993  8.438859  0.001701 64.559735    150.42     49.58     -0.05
    11406.172393  8.439987  0.001713 60.431133    153.01    132.21     -0.30
    11415.484793  8.441042  0.001694 61.067284    146.45     55.37      0.80
    11424.797193  8.442154  0.001733 64.328823    149.96    172.20      0.21
    11434.109593  8.443121  0.001697 59.293921    149.23    128.27     -0.55
    11443.421993  8.444222  0.001700 62.900947    144.24    -76.55     -0.49
    11452.734393  8.445397  0.001738 62.973462    149.27    -89.80      0.29
    11462.046793  8.446167  0.001669 59.277690    144.53    100.83     -0.24
    11471.359193  8.447531  0.001733 64.401754    143.62    127.43     -0.54
    11480.671593  8.448475  0.001711 60.747982    147.11    -10.93     -0.44
    11489.983993  8.449545  0.001694 60.989072    140.35     53.12      0.93
    11499.296393  8.450636  0.001729 64.263077    144.04    -47.56      0.21
    11508.608793  8.451717  0.001721 59.121257    142.60     51.57      0.44
    11517.921193  8.452912  0.001738 63.585732    138.55     -8.18      0.04
    11527.233593  8.453804  0.001728 61.956557    143.45    125.95      0.01
    11536.545992  8.454652  0.001674 60.035991    137.17    104.89     -0.24
    11545.858392  8.455789  0.001697 64.593102    139.27    -80.92     -0.39
    11555.170792  8.456919  0.001711 59.321607    139.53    -68.01      0.53
    11564.483192  8.458080  0.001724 63.142278    134.43    149.74     -0.95
    11573.795592  8.458967  0.001710 62.340681    139.56   -160.72      0.47
    11583.107992  8.460023  0.001705 59.825234    133.48     95.44      0.25
    11592.420392  8.461325  0.001739 64.660340    135.44   -172.59      0.61
    11601.732792  8.462238  0.001732 59.232104    135.53    120.89      0.30
    11611.045192  8.463156  0.001689 63.383785    130.79   -103.84      0.87
    11620.357592  8.464185  0.001685 61.890201    135.78   -131.55      0.57
    11629.669992  8.465414  0.001734 60.333145    129.17     47.18     -0.26
    11638.982392  8.466307  0.001691 64.399026    132.54     59.95      0.86
    11648.294792  8.467371  0.001703 59.017227    130.49    -81.01     -0.60
    11657.607192  8.468463  0.001712 64.182895    127.93    -22.48     -0.61
    11666.919592  8.469369  0.001673 60.599877    131.61   -126.85      0.92
    11676.231991  8.470528  0.001719 61.838737    124.87    -22.49      0.17
    11685.544391  8.471458  0.001677 63.157155    130.08    -83.22      0.00
    11694.856791  8.472495  0.001672 59.644607    124.56     62.88      0.41
    11704.169191  8.473697  0.001721 64.519677    126.31     47.72     -0.05
    11713.481591  8.474647  0.001691 59.196103    125.82   -125.50      0.75
    11722.793991  8.475660  0.001696 63.998197    122.21    -92.82     -0.39
    11732.106391  8.476736  0.001694 60.569897    126.31    136.76     -0.25
    11741.418791  8.477857  0.001708 62.119556    119.52   -146.40      0.88
    11750.731191  8.478887  0.001721 62.698682    124.86    129.14     -0.09
    11760.043591  8.479925  0.001710 60.046022    118.70   -108.93      0.74
    11769.355991  8.480965  0.001704 64.344342    121.82   -147.56      0.88
    11778.668391  8.481972  0.001704 59.003815    119.13     20.86     -0.36
    11787.980791  8.483137  0.001721 64.627395    118.24     29.72      0.38
    11797.293191  8.483861  0.001669 59.428937    119.64   -117.80      0.08
    11806.605591  8.485050  0.001699 63.665130    114.98    -59.54      0.11
    11815.917990  8.486210  0.001717 60.796566    119.42   -162.35      0.75
    11825.230390  8.487212  0.001721 62.198964    112.60    -53.90     -0.39
    11834.542790  8.488185  0.001699 62.288697    118.11   -109.88      0.52
    11843.855190  8.489155  0.001683 60.797624    111.27     45.13      1.12
    11853.167590  8.490229  0.001708 63.532850    115.86     40.27     -0.01
    11862.479990  8.491251  0.001695 59.669370    110.72   -117.16      0.64
    11871.792390  8.492196  0.001691 64.395748    113.14    -71.39     -0.62
    11881.104790  8.493298  0.001702 59.038698    110.47    179.68     -0.34
    11890.417190  8.494092  0.001650 64.694011    110.34    -85.50      0.04
    11899.729590  8.495263  0.001687 59.065642    110.19   -145.28      0.24
    11909.041990  8.496434  0.001707 64.405273    107.68      1.95     -0.51
    11918.354390  8.497607  0.001725 59.523028    109.71     -8.34     -0.20
    11927.666790  8.498368  0.001695 63.905293    105.24   -170.23      0.21
    11936.979190  8.499466  0.001697 60.062167    108.94   -130.79      0.81
    11946.291590  8.500506  0.001692 63.428175    103.10    121.67     -0.67
    11955.603989  8.501465  0.001699 60.566695    107.83   -147.34     -0.34
    11964.916389  8.502585  0.001700 62.883873    101.25    156.54     -1.06
    11974.228789  8.503623  0.001714 61.153447    106.45    -60.28     -0.39
    11983.541189  8.504517  0.001690 62.291028     99.55    -65.11      0.25
    11992.853589  8.505586  0.001689 61.686600    105.00    133.05     -1.28
    12002.165989  8.506525  0.001693 61.898189     97.91   -179.17      0.36
    12011.478389  8.507602  0.001688 61.950322    103.49     70.27      0.71
    12020.790789  8.508748  0.001716 61.757139     96.37    174.15      0.31
    12030.103189  8.509665  0.001704 62.038121    101.90    118.21      0.27
    12039.415589  8.510524  0.001656 61.641868     94.86    -83.93     -0.01
    12048.727989  8.511669  0.001691 62.138336    100.33    -84.19     -0.60
    12058.040389  8.512627  0.001683 61.560148     93.30    127.59      0.06
    12067.352789  8.513836  0.001713 62.135249     98.80   -178.09      0.04
    12076.665189  8.514752  0.001699 61.723754     91.72     90.86     -0.52
    12085.977589  8.515807  0.001712 61.852479     97.30   -159.85     -0.00
    12095.289988  8.516866  0.001711 62.111343     90.19    165.02     -0.19
    12104.602388  8.517699  0.001688 61.421057     95.71    -28.68     -0.00
    12113.914788  8.518834  0.001703 62.504525     88.75     -6.92     -0.73
    12123.227188  8.519658  0.001666 61.031587     94.02   -144.21      0.53
    12132.539588  8.520789  0.001696 62.924155     87.40    -65.77      0.22
    12141.851988  8.521807  0.001689 60.530671     92.23   -144.99      1.03
    12151.164388  8.522837  0.001698 63.532023     86.22     -8.26      0.38
    12160.476788  8.523782  0.001677 59.841874     90.20    -27.39     -0.58
    12169.789188  8.525020  0.001719 64.180529     85.33    166.30     -0.26
    12179.101588  8.525737  0.001676 59.276679     87.78   -154.17     -0.12
    12188.413988  8.526640  0.001650 64.538933     84.75     97.12      0.40
    12197.726388  8.527881  0.001689 59.083150     85.11   -162.89      0.68
    12207.038788  8.528785  0.001684 64.539846     84.35    148.10      0.01
    12216.351188  8.529705  0.001655 59.243686     82.29    -49.98     -0.79
    12225.663588  8.530872  0.001696 64.211002     84.04    -41.17     -0.02
    12234.975988  8.531836  0.001689 59.803625     79.50   -178.28     -0.33
    12244.288387  8.532700  0.001641 63.404093     83.56   -109.94      0.45
    12253.600787  8.533766  0.001678 60.978277     77.12    174.90      0.38
    12262.913187  8.534706  0.001654 61.986749     82.55    -54.87     -0.47
    12272.225587  8.535795  0.001666 62.590816     75.54    -67.67     -0.85
    12281.537987  8.536860  0.001690 60.364844     80.58    122.78      0.21
    12290.850387  8.537991  0.001707 63.982039     75.00    171.58     -0.62
    12300.162787  8.538653  0.001653 59.287407     77.54     66.62     -0.13
    12309.475187  8.539850  0.001685 64.565652     75.23    175.65     -0.27
    12318.787587  8.540800  0.001666 59.209859     73.92    136.76     -1.08
    12328.099987  8.541826  0.001696 64.094533     75.65    -53.81     -0.04
    12337.412387  8.542710  0.001663 60.247548     70.57    -28.03     -0.49
    12346.724787  8.543832  0.001682 62.579987     75.40   -156.71      1.03
    12356.037187  8.544866  0.001695 62.192692     68.48    -65.31      0.05
    12365.349587  8.545776  0.001668 60.484177     73.57   -129.45      0.89
    12374.661987  8.546738  0.001670 64.109260     68.21     25.35      0.70
    12383.974386  8.547810  0.001686 59.054224     69.94     29.56     -0.30
    12393.286786  8.548621  0.001642 64.619737     69.15   -114.14      0.77
    12402.599186  8.549786  0.001686 59.611232     65.71    -41.91      0.08
    12411.911586  8.550832  0.001688 63.083193     69.74   -122.07      0.62
    12421.223986  8.551822  0.001690 61.946058     62.98     16.97      0.76
    12430.536386  8.552635  0.001669 60.501409     68.18      3.98      0.00
    12439.848786  8.553823  0.001697 64.166155     62.85   -151.63      0.30
    12449.161186  8.554502  0.001635 59.092221     64.11    -95.65     -0.34
    12458.473586  8.555662  0.001677 64.337420     64.23    173.12     -0.05
    12467.785986  8.556484  0.001628 60.246539     59.70    -60.77     -0.86
    12477.098386  8.557667  0.001675 62.161666     64.55    -86.38     -0.60
    12486.410786  8.558614  0.001665 62.976488     57.86    106.63      0.33
    12495.723186  8.559800  0.001694 59.595368     61.68    151.14     -0.87
    12505.035586  8.560546  0.001669 64.551010     59.03     51.21     -0.24
    12514.347986  8.561619  0.001672 59.481706     56.67    166.25     -0.56
    12523.660385  8.562609  0.001676 63.048502     60.36    133.13     -0.75
    12532.972785  8.563540  0.001678 62.261171     53.68    -41.78      0.24
    12542.285185  8.564697  0.001691 59.952419     58.28     -5.65     -0.48
    12551.597585  8.565369  0.001646 64.558297     54.67   -111.39     -0.03
    12560.909985  8.566494  0.001669 59.300420     53.01     -2.58     -0.43
    12570.222385  8.567464  0.001663 63.176051     56.41    -40.45     -1.15
    12579.534785  8.568512  0.001684 62.340649     49.77    140.02      0.03
    12588.847185  8.569504  0.001679 59.755987     54.21    172.21     -0.81
    12598.159585  8.570227  0.001628 64.662105     51.16     62.06      0.51
    12607.471985  8.571327  0.001662 59.558430     48.57    168.65      0.28
    12616.784385  8.572237  0.001634 62.528372     52.80    128.67     -0.94
    12626.096785  8.573430  0.001680 63.182613     46.17    -51.11     -0.70
    12635.409185  8.574293  0.001660 59.175526     49.31    -20.24     -0.21
    12644.721585  8.575270  0.001650 64.498602     48.50   -131.72      1.18
    12654.033985  8.576283  0.001678 60.608900     43.70    -22.49      0.23
    12663.346384  8.577152  0.001646 61.029113     48.86    -62.73     -0.07
    12672.658784  8.578159  0.001644 64.335032     43.53    120.03     -1.05
    12681.971184  8.579169  0.001669 59.088001     43.36    154.45      0.36
    12691.283584  8.580245  0.001675 63.253589     46.18     45.09      0.80
    12700.595984  8.581247  0.001685 62.682107     39.66    159.11     -0.11
    12709.908384  8.582071  0.001660 59.300256     43.36    123.50      0.31
    12719.220784  8.582945  0.001634 64.511874     42.15    -50.45     -0.93
    12728.533184  8.584033  0.001666 60.779418     37.36     -7.69      0.41
    12737.845584  8.585018  0.001666 60.625436     42.42   -111.58      0.62
    12747.157984  8.586167  0.001690 64.586656     37.94      7.82      0.43
    12756.470384  8.586907  0.001660 59.484035     36.14    -16.60      0.41
    12765.782784  8.587964  0.001675 62.159101     40.32    174.70     -0.60
    12775.095184  8.588723  0.001628 63.865461     34.20   -132.86      0.81
    12784.407584  8.589782  0.001655 59.000673     35.23    135.79      0.36
    12793.719984  8.590629  0.001616 63.359531     37.49    -98.36      0.53
    12803.032383  8.591635  0.001633 62.871598     31.10   -108.86     -0.08
    12812.344783  8.592660  0.001654 59.111510     34.11     92.96      0.55
    12821.657183  8.593809  0.001674 64.082480     34.38    157.11     -0.68
    12830.969583  8.594661  0.001660 61.968409     28.51     81.40     -0.35
    12840.281983  8.595677  0.001671 59.481664     32.59   -140.89      0.34
    12849.594383  8.596549  0.001643 64.414705     31.34   -140.84      0.92
    12858.906783  8.597610  0.001674 61.331781     26.19     81.53     -0.08
    12868.219183  8.598584  0.001661 59.847093     30.70    158.34     -0.98
    12877.531583  8.599349  0.001641 64.506239     28.52     97.09     -0.65
    12886.843983  8.600495  0.001673 61.006379     23.93   -104.42      0.23
    12896.156383  8.601158  0.001603 60.058191     28.53    -89.40     -0.02
    12905.468783  8.602374  0.001671 64.502365     25.97    148.69      0.16
    12914.781183  8.603349  0.001664 60.973845     21.60   -113.08      0.69
    12924.093583  8.604279  0.001653 60.036147     26.13   -158.49      0.92
    12933.405983  8.605186  0.001658 64.459664     23.73     20.79     -0.08
    12942.718383  8.606180  0.001647 61.205552     19.18     59.36      0.90
    12952.030782  8.607249  0.001672 59.794251     23.54    -43.21     -0.60
    12961.343182  8.608077  0.001667 64.357448     21.77     75.25      0.15
    12970.655582  8.608974  0.001631 61.686638     16.73     55.94      1.14
    12979.967982  8.609849  0.001636 59.421950     20.68   -104.36     -0.38
    12989.280382  8.610789  0.001632 64.108937     20.02    -43.36     -0.30
    12998.592782  8.611733  0.001613 62.401984     14.40   -119.59      0.87
    13007.905182  8.612761  0.001642 59.070909     17.46     22.99     -0.01
    13017.217582  8.613929  0.001674 63.557938     18.39     26.62      0.31
    13026.529982  8.614552  0.001610 63.281069     12.42   -104.02      0.05
    13035.842382  8.615631  0.001645 59.011894     13.88    -17.39      0.12
    13045.154782  8.616452  0.001606 62.559517     16.58    -68.85     -0.57
    13054.467182  8.617558  0.001649 64.120447     11.01    105.06     -0.54
    13063.779582  8.618373  0.001627 59.550316     10.11    137.76     -0.03
    13073.091982  8.619494  0.001647 61.161716     14.19     29.67      1.12
    13082.404382  8.620458  0.001664 64.541019     10.21    149.74      0.25
    13091.716781  8.621202  0.001618 60.864368      6.66    131.48     -0.46
    13101.029181  8.622494  0.001674 59.729861     10.78    -28.45     -0.54
    13110.341581  8.623274  0.001656 64.073447      9.72     36.12     -0.24
    13119.653981  8.624189  0.001634 62.735013      4.26    -33.41     -1.09
    13128.966381  8.625122  0.001642 59.058177      6.32    115.16     -0.62
    13138.278781  8.625998  0.001634 62.489397      8.67    125.80      0.08
    13147.591181  8.627234  0.001671 64.336498      3.36      4.20      0.08
    13156.903581  8.627973  0.001651 59.909025      1.69    104.56     -0.42
    13166.215981  8.628908  0.001645 60.331263      5.94     63.08      0.75
    13175.528381  8.629655  0.001601 64.485029      3.51   -109.58      0.35
    13184.840781  8.630844  0.001660 62.168068     -1.44    -58.00      0.09
    13194.153181  8.631869  0.001661 59.096152      1.12   -147.12      0.39
    13203.465581  8.632729  0.001655 62.592507      3.06    -11.47      0.33
    13212.777981  8.633588  0.001644 64.266668     -2.04     -8.48     -0.25
    13222.090381  8.634668  0.001650 60.285612     -4.08   -144.47      0.94
    13231.402780  8.635586  0.001660 59.855283     -0.04    -57.13     -0.13
    13240.715180  8.636407  0.001639 64.072075     -1.26   -105.07      0.62
    13250.027580  8.637151  0.001591 63.200385     -6.64     74.46      0.58
    13259.339980  8.638291  0.001650 59.156271     -5.77    115.77      0.03
    13268.652380  8.639345  0.001658 61.289876     -2.37     19.49      0.11
    13277.964780  8.640318  0.001662 64.616708     -5.96    152.29     -0.29
    13287.277180  8.641025  0.001635 61.804552    -10.19    148.95      0.12
    13296.589580  8.642263  0.001667 59.127153     -7.55      7.76      0.01
    13305.901980  8.642959  0.001637 62.306679     -5.59     92.56     -0.49
    13315.214380  8.643940  0.001654 64.474551    -10.16     44.21      0.05
    13324.526780  8.644845  0.001630 61.090560    -13.24   -139.81      1.22
    13333.839180  8.645719  0.001639 59.176676     -9.91    -99.03     -0.39
    13343.151580  8.646691  0.001636 62.949942     -8.95    166.98     -0.72
    13352.463980  8.647612  0.001626 64.390830    -13.92    -58.37     -0.81
    13361.776380  8.648543  0.001644 60.570646    -16.26    -60.66      0.20
    13371.088779  8.649611  0.001646 59.408626    -12.75    162.06     -0.93
    13380.401179  8.650334  0.001618 63.086709    -12.25   -109.35     -0.12
    13389.713579  8.651370  0.001650 64.266864    -17.13   -151.63     -0.25
    13399.025979  8.652387  0.001646 60.747589    -19.46     29.96      1.09
    13408.338379  8.653119  0.001628 59.239447    -16.13     77.82     -0.44
    13417.650779  8.654133  0.001637 62.865474    -15.27     -8.23     -0.67
    13426.963179  8.655110  0.001633 64.518197    -19.97    135.47     -1.00
    13436.275579  8.655935  0.001638 61.071275    -22.83    143.10      0.24
    13445.587979  8.657096  0.001660 59.151884    -19.93     15.96      0.02
    13454.900379  8.657852  0.001633 62.177714    -18.29    117.30     -0.78
    13464.212779  8.658722  0.001641 64.527951    -22.23     86.10      0.21
    13473.525179  8.659503  0.001585 62.139108    -26.07    -76.21     -0.39
    13482.837579  8.660670  0.001647 59.067155    -24.38    -15.44      0.52
    13492.149979  8.661480  0.001620 61.009298    -21.52    -87.45      0.52
    13501.462379  8.662242  0.001585 64.401669    -24.07     71.33      0.34
    13510.774778  8.663418  0.001646 63.283369    -28.76     98.68     -0.11
    13520.087178  8.664337  0.001638 59.784405    -29.04     -8.41     -0.70
    13529.399578  8.665178  0.001619 59.718614    -25.74    110.25     -0.77
    13538.711978  8.666134  0.001638 63.154587    -25.84     97.13      0.20
    13548.024378  8.667004  0.001611 64.504542    -30.36    -43.44     -1.11
    13557.336778  8.667864  0.001609 61.428207    -33.28     40.72      0.42
    13566.649178  8.668898  0.001628 59.025211    -31.07     -7.45     -0.52
    13575.961578  8.669965  0.001652 61.218441    -28.71    171.73     -0.17
    13585.273978  8.670681  0.001627 64.226815    -31.14   -138.06     -0.10
    13594.586378  8.671581  0.001614 63.657611    -35.65    142.10     -0.75
    13603.898778  8.672421  0.001597 60.281663    -36.74    -70.51     -1.09
    13613.211178  8.673467  0.001633 59.181599    -33.75    -58.64      0.36
    13622.523578  8.674517  0.001649 62.243226    -32.62   -175.00     -0.02
    13631.835978  8.675288  0.001631 64.550786    -36.10    -59.60     -0.64
    13641.148378  8.676211  0.001630 62.948164    -40.14    -76.90      0.34
    13650.460777  8.677053  0.001608 59.826253    -40.23    135.91     -1.13
    13659.773177  8.677905  0.001609 59.426681    -37.26   -146.11     -0.09
    13669.085577  8.678899  0.001619 62.533002    -36.70    163.96     -0.71
    13678.397977  8.680046  0.001650 64.636777    -40.33    -15.13     -0.15
    13687.710377  8.680685  0.001620 62.851156    -44.19     35.75     -0.14
    13697.022777  8.681514  0.001591 59.829093    -44.25    -44.70     -0.88
    13706.335177  8.682520  0.001608 59.392768    -41.46    102.61     -0.68
    13715.647577  8.683433  0.001615 62.164321    -40.62    119.90      0.13
    13724.959977  8.684642  0.001655 64.591657    -43.82     10.15      0.32
    13734.272377  8.685414  0.001642 63.402073    -47.88    131.82     -0.25
    13743.584777  8.686062  0.001596 60.330427    -48.77    121.13     -0.04
    13752.897177  8.687349  0.001651 59.164874    -46.38    -19.75     -0.50
    13762.209577  8.688048  0.001630 61.162205    -44.68     69.32     -0.25
    13771.521977  8.689105  0.001642 64.087577    -46.68     30.30      0.49
    13780.834377  8.689707  0.001591 64.283380    -50.83   -136.11      0.74
    13790.146777  8.690788  0.001630 61.598411    -53.27    -72.08      0.20
    13799.459176  8.691747  0.001623 59.316249    -52.11   -140.11      1.01
    13808.771576  8.692453  0.001603 59.768535    -49.62     23.74      0.46
    13818.083976  8.693550  0.001636 62.582367    -49.54     59.13      0.42
    13827.396376  8.694469  0.001627 64.603680    -52.77    -31.01     -0.81
    13836.708776  8.695338  0.001636 63.515423    -56.56    108.42     -0.12
    13846.021176  8.696004  0.001583 60.785205    -57.84    118.61     -0.11
    13855.333576  8.697257  0.001639 59.106683    -56.11     -1.31      0.49
    13864.645976  8.698013  0.001626 60.182817    -53.95    110.60      0.34
    13873.958376  8.698671  0.001564 63.078609    -54.55     96.01      0.07
    13883.270776  8.699843  0.001628 64.564850    -57.90    -45.00     -0.32
    13892.583176  8.700698  0.001629 63.433689    -61.43     44.86      0.03
    13901.895576  8.701762  0.001642 60.888329    -62.70      6.25      0.30
    13911.207976  8.702447  0.001608 59.047349    -61.16   -161.35      0.33
    13920.520376  8.703280  0.001595 59.979776    -59.00    -97.73      0.80
    13929.832776  8.704319  0.001616 62.586408    -59.20   -159.74      1.06
    13939.145175  8.705150  0.001617 64.359320    -61.98     13.10     -0.07
    13948.457575  8.706005  0.001598 64.102138    -65.59     56.79      0.93
    13957.769975  8.707071  0.001635 61.799719    -67.75    -24.93     -0.18
    13967.082375  8.707760  0.001604 59.475128    -67.17    122.78      0.33
    13976.394775  8.708827  0.001613 59.300347    -65.09    144.79     -1.07
    13985.707175  8.709519  0.001596 61.040441    -64.00     37.85      0.15
    13995.019575  8.710509  0.001609 63.490140    -65.34    166.93     -0.57
    14004.331975  8.711652  0.001641 64.647067    -68.60    169.46     -0.14
    14013.644375  8.712248  0.001607 63.492540    -71.83     45.57     -0.18
    14022.956775  8.713167  0.001598 61.269345    -73.27    154.93     -0.92
    14032.269175  8.714162  0.001618 59.378073    -72.48    136.19     -0.72
    14041.581575  8.714978  0.001605 59.237232    -70.52    -10.20     -0.23
    14050.893975  8.715714  0.001561 61.158211    -69.62     77.46      0.78
    14060.206375  8.716722  0.001596 63.324522    -70.90     41.87      0.21
    14069.518775  8.717708  0.001620 64.524863    -73.80   -120.15      0.38
    14078.831174  8.718602  0.001601 64.026188    -77.04    -45.68     -1.26
    14088.143574  8.719476  0.001613 61.908932    -79.01   -100.26     -0.33
    14097.455974  8.720287  0.001591 59.908302    -78.91     78.14      0.64
    14106.768374  8.721303  0.001613 59.097762    -77.43    133.05     -0.78
    14116.080774  8.722113  0.001617 59.899939    -75.95     60.05     -0.16
    14125.393174  8.723054  0.001606 62.056522    -75.97   -138.11      1.14
    14134.705574  8.723809  0.001592 63.861567    -77.86    -97.40     -0.53
    14144.017974  8.724796  0.001612 64.531202    -80.82    176.28     -0.35
    14153.330374  8.725762  0.001609 63.822275    -83.73    -33.88     -1.07
    14162.642774  8.726516  0.001608 61.824998    -85.46    -11.76      0.40
    14171.955174  8.727494  0.001610 59.971961    -85.46   -114.43      0.62
    14181.267574  8.728443  0.001613 59.118574    -84.26     17.87      0.87
    14190.579974  8.729140  0.001601 59.539034    -82.85     26.50     -0.31
    14199.892374  8.729921  0.001560 61.323001    -82.47    -90.79      0.43
    14209.204774  8.730936  0.001593 63.165074    -83.68     29.04      0.72
    14218.517173  8.731925  0.001619 64.341231    -86.04     25.77     -0.22
    14227.829573  8.732480  0.001546 64.516621    -88.94   -103.00      0.61
    14237.141973  8.733589  0.001602 63.295375    -91.41      4.94      0.46
    14246.454373  8.734446  0.001596 61.544237    -92.68    -11.24     -0.60
    14255.766773  8.735479  0.001606 59.981047    -92.70   -154.36      1.13
    14265.079173  8.736268  0.001611 59.020874    -91.70    -59.48      0.20
    14274.391573  8.736947  0.001559 59.444100    -90.47    -89.92      0.57
    14283.703973  8.738075  0.001604 60.701386    -89.99    118.52     -0.81
    14293.016373  8.738870  0.001604 62.322586    -90.59   -158.42     -0.26
    14302.328773  8.739887  0.001615 63.907751    -92.35    163.00     -0.75
    14311.641173  8.740703  0.001612 64.517132    -94.83     -0.24      0.50
    14320.953573  8.741501  0.001603 64.266804    -97.39     74.07      0.53
    14330.265973  8.742462  0.001603 63.299815    -99.55     25.06      0.93
    14339.578373  8.743197  0.001591 61.634975   -100.82   -146.16     -0.04
    14348.890773  8.744003  0.001565 60.236620   -101.04    -82.49      0.34
    14358.203172  8.745000  0.001582 59.298581   -100.53   -141.89      0.94
    14367.515572  8.745905  0.001603 59.032178    -99.55     37.23     -0.38
    14376.827972  8.746544  0.001541 59.832520    -98.81     91.85      0.34
    14386.140372  8.747551  0.001581 60.990009    -98.79     24.98      0.59
    14395.452772  8.748552  0.001608 62.405278    -99.50   -163.29     -0.32
    14404.765172  8.749250  0.001553 63.760099   -101.09   -115.19      0.83
    14414.077572  8.750289  0.001605 64.379062   -103.22    172.35      0.41
    14423.389972  8.751164  0.001594 64.538796   -105.50    -21.90     -0.68
    14432.702372  8.752077  0.001603 64.054544   -107.70     19.49      0.95
    14442.014772  8.752946  0.001611 62.904728   -109.44    -59.22      0.15
    14451.327172  8.753603  0.001555 61.755226   -110.53     99.07      0.10
    14460.639572  8.754685  0.001606 60.496333   -111.01    136.18     -0.52
    14469.951972  8.755591  0.001615 59.491810   -110.84     49.80     -0.16
    14479.264372  8.756555  0.001616 59.159641   -110.35   -158.64      0.73
    14488.576772  8.757105  0.001575 59.125660   -109.80   -126.68     -0.29
    14497.889172  8.758036  0.001574 59.736597   -109.38    142.81     -0.52
    14507.201571  8.758895  0.001565 60.731827   -109.46    -68.13     -0.93
    14516.513971  8.759824  0.001598 61.697183   -109.99    -41.94      0.25
    14525.826371  8.760803  0.001601 62.900187   -111.03   -136.21      0.95
    14535.138771  8.761647  0.001601 63.767932   -112.56      9.98      0.77
    14544.451171  8.762493  0.001607 64.275186   -114.29     35.62     -0.19
    14553.763571  8.763117  0.001548 64.642108   -116.22    -59.42     -1.00
    14563.075971  8.764043  0.001574 64.408919   -118.16     83.59     -0.44
    14572.388371  8.764957  0.001579 63.941745   -119.89    105.20      0.31
    14581.700771  8.766056  0.001615 63.342903   -121.44      7.21      0.46
    14591.013171  8.766777  0.001603 62.351888   -122.67    148.85      0.24
    14600.325571  8.767624  0.001592 61.518366   -123.50    170.42     -0.74
    14609.637971  8.768323  0.001549 60.693632   -124.11     70.16      0.18
    14618.950371  8.769351  0.001593 59.861465   -124.36   -149.47     -0.27
    14628.262771  8.770255  0.001586 59.469521   -124.41   -131.05      1.08
    14637.575171  8.771125  0.001600 59.108343   -124.38    130.34     -0.30
    14646.887570  8.771867  0.001584 59.027764   -124.24    -90.87      0.52
    14656.199970  8.772602  0.001542 59.305804   -124.22    -69.39     -0.74
    14665.512370  8.773576  0.001579 59.523812   -124.29   -169.81      0.16
    14674.824770  8.774483  0.001577 60.094800   -124.47    -28.05     -0.92
    14684.137170  8.775519  0.001608 60.720410   -124.94     -7.39      0.15
    14693.449570  8.776279  0.001604 61.239335   -125.50   -105.22     -0.02
    14702.761970  8.777173  0.001596 62.015219   -126.27     36.51      1.07
    14712.074370  8.777818  0.001557 62.563553   -127.25     61.46      0.10
    14721.386770  8.778672  0.001571 63.056000   -128.27    -33.95     -0.12
    14730.699170  8.779445  0.001536 63.652838   -129.46    112.60     -0.93
    14740.011570  8.780534  0.001601 63.910323   -130.74    138.45      0.03
    14749.323970  8.781468  0.001601 64.233854   -132.00     45.68      0.35
    14758.636370  8.782377  0.001601 64.497026   -133.35   -165.51      0.85
    14767.948770  8.783041  0.001587 64.467342   -134.68   -134.12     -0.23
    14777.261170  8.783843  0.001563 64.602847   -135.97    138.09     -0.84
    14786.573569  8.784716  0.001570 64.542426   -137.29    -68.40     -0.83
    14795.885969  8.785596  0.001583 64.362260   -138.51    -34.69      0.07
    14805.198369  8.786346  0.001551 64.352980   -139.72   -119.29      1.14
    14814.510769  8.787206  0.001564 64.083063   -140.90     39.98      0.30
    14823.823169  8.788156  0.001582 63.883212   -141.97     79.44      0.63
    14833.135569  8.789234  0.001607 63.782303   -143.07      2.08      0.17
    14842.447969  8.789875  0.001585 63.431393   -144.10    166.08      0.23
    14851.760369  8.790835  0.001598 63.302279   -145.04   -148.13      0.35
    14861.072769  8.791717  0.001595 63.127598   -146.05    141.78     -0.91
    14870.385169  8.792442  0.001587 62.817215   -146.94    -48.89      0.26
    14879.697569  8.793453  0.001606 62.777103   -147.82      4.53     -0.18
    14889.009969  8.794207  0.001588 62.554965   -148.75    -59.16     -0.69
    14898.322369  8.794943  0.001572 62.371377   -149.56    117.82      0.18
    14907.634769  8.796009  0.001603 62.381058   -150.42    178.93     -0.01
    14916.947169  8.796766  0.001599 62.162638   -151.28    122.81     -0.21
    14926.259568  8.797411  0.001553 62.139534   -152.07    -50.92     -0.32
    14935.571968  8.798424  0.001584 62.147182   -152.93     17.40      0.99
    14944.884368  8.799168  0.001578 61.999818   -153.74    -29.48      0.20
    14954.196768  8.800123  0.001585 62.115970   -154.53    167.00     -0.88
    14963.509168  8.800775  0.001546 62.099908   -155.39   -114.90      0.05
    14972.821568  8.801750  0.001585 62.079865   -156.17   -152.74     -0.28
    14982.133968  8.802554  0.001556 62.280633   -156.99     51.25      1.25
    14991.446368  8.803514  0.001592 62.263888   -157.81    141.62      0.00
    15000.758768  8.804186  0.001553 62.404810   -158.56    113.70      0.17
    15010.071168  8.805262  0.001588 62.624083   -159.38    -28.78     -0.93
    15019.383568  8.805983  0.001583 62.636170   -160.13     70.39     -0.19
    15028.695968  8.806822  0.001573 62.919043   -160.84     52.69      1.10
    15038.008368  8.807577  0.001551 63.103630   -161.62    -77.47     -0.75
    15047.320768  8.808464  0.001579 63.204309   -162.27     33.51     -0.23
    15056.633168  8.809431  0.001585 63.555519   -162.91     28.13      0.95
    15065.945567  8.810113  0.001563 63.670782   -163.58    -90.26     -0.47
    15075.257967  8.811059  0.001587 63.867517   -164.10     33.33     -0.09
    15084.570367  8.811791  0.001554 64.167664   -164.65     40.79      1.24
    15093.882767  8.812748  0.001589 64.204352   -165.15    -64.87     -0.01
    15103.195167  8.813436  0.001553 64.428699   -165.56     71.70      0.77
    15112.507567  8.814192  0.001535 64.544436   -165.99     95.51     -0.54
    15121.819967  8.815192  0.001575 64.488309   -166.33      1.92     -0.21
    15131.132367  8.816123  0.001576 64.604015   -166.67    154.44     -1.05
    15140.444767  8.816923  0.001576 64.427985   -167.01   -170.36      0.58
    15149.757167  8.817588  0.001554 64.227638   -167.29    111.25      0.30
    15159.069567  8.818304  0.001513 64.074003   -167.66    -81.13     -0.47
    15168.381967  8.819374  0.001578 63.577791   -168.05    -29.97      0.30
    15177.694367  8.820119  0.001543 63.211874   -168.46    -93.32      0.55
    15187.006767  8.820896  0.001527 62.717992   -169.06     90.62     -0.56
    15196.319167  8.821805  0.001562 62.007244   -169.71    157.87      0.05
    15205.631566  8.822556  0.001521 61.518743   -170.52    111.97     -0.52
    15214.943966  8.823685  0.001586 60.825928   -171.57    -48.48     -0.54
    15224.256366  8.824404  0.001577 60.182909   -172.69     36.00     -0.21
    15233.568766  8.825430  0.001595 59.790109   -174.06      6.54      0.27
    15242.881166  8.825916  0.001547 59.280423   -175.60   -136.16     -0.05
    15252.193566  8.826825  0.001549 59.087534   -177.19    -33.09     -0.48
    15261.505966  8.827773  0.001568 59.137497   -178.93    -43.36     -1.04
    15270.818366  8.828515  0.001561 59.208043    179.37   -169.48      0.09
    15280.130766  8.829203  0.001528 59.740274    177.79    -47.65     -0.70
    15289.443166  8.830277  0.001578 60.357947    176.30    -40.05     -0.64
    15298.755566  8.831062  0.001575 61.047900    175.14   -147.00     -0.25
    15308.067966  8.832012  0.001583 62.054521    174.23     -6.73     -0.59
    15317.380366  8.832617  0.001556 62.827299    173.61     18.63      0.58
    15326.692766  8.833447  0.001550 63.599263    173.38    -68.52      0.24
    15336.005166  8.834091  0.001504 64.283136    173.33     91.52     -0.21
    15345.317566  8.835222  0.001577 64.454278    173.51    137.23      0.21
    15354.629965  8.835920  0.001543 64.533052    173.81     69.22      0.94
    15363.942365  8.836645  0.001521 64.173247    173.97   -109.76      0.16
    15373.254765  8.837576  0.001559 63.373622    174.02    -42.95      0.22
    15382.567165  8.838285  0.001510 62.574422    173.73    -88.47      0.07
    15391.879565  8.839383  0.001574 61.414982    172.95    114.25     -0.67
    15401.191965  8.840155  0.001573 60.362710    171.77   -157.02     -0.36
    15410.504365  8.841183  0.001589 59.642759    170.06    179.62      0.11
    15419.816765  8.841680  0.001547 59.058740    168.01     44.69     -0.29
    15429.129165  8.842580  0.001552 59.137466    165.89    157.18     -0.76
    15438.441565  8.843575  0.001580 59.707358    163.79    156.80     -0.32
    15447.753965  8.844271  0.001568 60.526945    162.13     44.03     -0.32
    15457.066365  8.845189  0.001579 61.843407    161.02    178.96     -0.54
    15466.378765  8.845851  0.001551 63.014637    160.48   -159.69      0.78
    15475.691165  8.846685  0.001559 63.926712    160.60    110.55      0.40
    15485.003565  8.847253  0.001496 64.580745    161.06    -91.16      0.20
    15494.315964  8.848400  0.001575 64.390468    161.65    -44.77      0.02
    15503.628364  8.849191  0.001556 63.772184    162.16   -111.38      0.70
    15512.940764  8.849815  0.001509 62.688630    162.08     72.13      0.32
    15522.253164  8.850812  0.001562 61.178065    161.36    143.76      0.21
    15531.565564  8.851448  0.001509 60.046639    159.88    104.25      0.04
    15540.877964  8.852585  0.001573 59.224169    157.63    -45.43     -0.63
    15550.190364  8.853328  0.001570 59.059339    155.17     52.18     -0.25
    15559.502764  8.854205  0.001563 59.885000    152.87     37.54      1.19
    15568.815164  8.854903  0.001553 61.074455    151.14    -85.18     -0.64
    15578.127564  8.855780  0.001571 62.559361    150.41     37.55      0.00
    15587.439964  8.856418  0.001526 63.939472    150.50     48.71      1.21
    15596.752364  8.857399  0.001571 64.448705    151.21    -49.29      0.20
    15606.064764  8.857963  0.001514 64.339900    152.13    100.56      0.16
    15615.377164  8.859056  0.001565 63.321472    152.60    141.01     -0.62
    15624.689564  8.859880  0.001575 61.689516    152.33     69.13      0.09
    15634.001963  8.860466  0.001516 60.276411    150.93   -113.02      1.20
    15643.314363  8.861564  0.001575 59.192463    148.55    -42.49     -0.19
    15652.626763  8.862161  0.001543 59.145798    145.84    -84.76      0.50
    15661.939163  8.862923  0.001519 60.244159    143.39    125.35     -1.36
    15671.251563  8.863782  0.001540 61.735921    141.94   -138.68      0.03
    15680.563963  8.864779  0.001571 63.436889    141.79   -152.59      0.10
    15689.876363  8.865234  0.001497 64.486136    142.50     83.83     -0.20
    15699.188763  8.866309  0.001559 64.303362    143.65   -150.62     -0.26
    15708.501163  8.867202  0.001554 63.312257    144.39   -136.27      1.11
    15717.813563  8.868041  0.001571 61.476938    143.97    132.09     -0.59
    15727.125963  8.868718  0.001549 59.780006    142.28    -72.00      0.52
    15736.438363  8.869724  0.001569 59.141345    139.48    -22.39     -0.89
    15745.750763  8.870343  0.001552 59.559594    136.54    -84.07     -0.56
    15755.063163  8.871086  0.001533 61.177759    134.58    103.20      0.33
    15764.375563  8.872138  0.001571 63.155690    134.03   -178.42      0.33
    15773.687962  8.872800  0.001560 64.291457    134.83    149.67      0.31
    15783.000362  8.873805  0.001578 64.424154    136.18      8.57     -0.19
    15792.312762  8.874397  0.001546 63.101581    136.97    118.99     -0.83
    15801.625162  8.875185  0.001546 61.054051    136.48    118.51      0.35
    15810.937562  8.876237  0.001576 59.553625    134.27     11.35      0.26
    15820.249962  8.876920  0.001564 59.095090    131.09    155.64      0.35
    15829.562362  8.877686  0.001558 60.269011    128.37   -168.80     -0.43
    15838.874762  8.878330  0.001513 62.417262    127.07    117.60     -1.28
    15848.187162  8.879294  0.001566 64.007153    127.54    -67.85     -0.07
    15857.499562  8.880205  0.001570 64.531551    129.04     -1.03     -0.53
    15866.811962  8.880909  0.001556 63.367496    130.15    -42.38     -0.79
    15876.124362  8.881555  0.001538 61.157132    129.83    167.00     -0.15
    15885.436762  8.882204  0.001490 59.519360    127.58    -90.74      0.31
    15894.749162  8.883130  0.001524 59.171709    124.18    -94.65     -0.62
    15904.061562  8.883923  0.001529 60.596614    121.49    150.99     -0.23
    15913.373961  8.884709  0.001501 62.950371    120.62    -71.26     -0.83
    15922.686361  8.885736  0.001563 64.336925    121.62    -44.15      0.15
    15931.998761  8.886535  0.001554 64.201724    123.32   -125.41      0.78
    15941.311161  8.887168  0.001518 62.400359    123.96     46.73      0.98
    15950.623561  8.888113  0.001557 60.030989    122.59    112.33      0.37
    15959.935961  8.888718  0.001509 59.121903    119.36     69.88      1.03
    15969.248361  8.889590  0.001526 60.070703    116.02    -77.37     -0.92
    15978.560761  8.890458  0.001552 62.303166    114.62     23.63     -0.33
    15987.873161  8.891468  0.001567 64.325051    115.40     15.91      0.61
    15997.185561  8.892007  0.001539 64.251089    117.20    -97.70     -0.49
    16006.497961  8.892980  0.001562 62.451792    118.16     39.13      0.48
    16015.810361  8.893407  0.001485 60.127834    116.68     71.33      0.36
    16025.122761  8.894436  0.001539 58.995854    113.26     -3.02      0.25
    16034.435161  8.895357  0.001554 60.378092    110.01    175.99     -0.64
    16043.747561  8.895861  0.001501 62.855666    108.90   -114.75      0.32
    16053.059961  8.896853  0.001551 64.395357    110.23   -152.54     -0.36
    16062.372360  8.897555  0.001510 63.954726    112.12     60.47      1.14
    16071.684760  8.898434  0.001547 61.478086    112.34    169.59      0.47
    16080.997160  8.899260  0.001542 59.351885    109.93    173.35     -0.74
    16090.309560  8.899832  0.001490 59.487711    106.06     68.95      0.65
    16099.621960  8.900752  0.001533 61.573968    103.67   -141.02     -0.06
    16108.934360  8.901493  0.001514 64.025555    104.14   -100.96      0.92
    16118.246760  8.902528  0.001550 64.402374    106.16   -166.60      0.85
    16127.559160  8.903177  0.001543 62.288950    107.31     22.30     -0.32
    16136.871560  8.903770  0.001482 59.867346    105.57    105.27     -0.37
    16146.183960  8.904652  0.001513 59.175128    101.65     83.46     -0.55
    16155.496360  8.905457  0.001520 61.138784     98.76    -46.27     -0.08
    16164.808760  8.906112  0.001477 63.868799     98.81     76.50      0.58
    16174.121160  8.907140  0.001542 64.370952    100.92     93.80     -0.35
    16183.433560  8.908044  0.001553 62.462082    102.28      4.27     -0.45
    16192.745960  8.908960  0.001567 59.818164    100.49    170.11      0.13
    16202.058359  8.909550  0.001543 59.160175     96.48   -127.89     -0.44
    16211.370759  8.910471  0.001556 61.505245     93.69   -173.17     -0.21
    16220.683159  8.911008  0.001515 64.047488     94.13     33.87      0.71
    16229.995559  8.911789  0.001524 64.181251     96.48    135.51      0.03
    16239.307959  8.912664  0.001516 61.869700     97.32    133.26     -1.31
    16248.620359  8.913383  0.001520 59.284645     94.73     24.43      0.14
    16257.932759  8.914276  0.001536 59.667724     90.61    173.02     -0.70
    16267.245159  8.915048  0.001523 62.536309     88.71   -147.31      1.24
    16276.557559  8.915852  0.001543 64.411970     90.28    148.02      0.32
    16285.869959  8.916648  0.001531 63.478674     92.53    -21.74     -1.09
    16295.182359  8.917223  0.001494 60.478895     91.89     62.33      0.27
    16304.494759  8.918262  0.001548 59.019013     88.03     44.56     -0.30
    16313.807159  8.918757  0.001474 61.116869     84.56    -78.81     -0.26
    16323.119559  8.919615  0.001508 63.897132     84.73     50.79      0.21
    16332.431959  8.920546  0.001532 64.201362     87.30     74.07      0.61
    16341.744358  8.921529  0.001557 61.615062     88.08     -5.19      0.10
    16351.056758  8.922129  0.001532 59.098313     85.00    171.85      0.34
    16360.369158  8.922940  0.001527 60.215855     80.84   -115.56      0.86
    16369.681558  8.923626  0.001516 63.350444     79.92   -148.57      1.15
    16378.993958  8.924495  0.001545 64.396025     82.32     73.49     -0.05
    16388.306358  8.925430  0.001553 62.243657     83.88   -169.79      0.20
    16397.618758  8.925954  0.001515 59.339201     81.36   -155.27      0.57
    16406.931158  8.926702  0.001514 59.823619     76.95    116.30      0.30
    16416.243559  8.927418  0.001479 63.102811     75.55    -76.97     -0.60
    16425.555959  8.928410  0.001539 64.449271     77.86    -17.97      0.35
    16434.868359  8.928998  0.001491 62.312992     79.68    -61.53     -0.25
    16444.180759  8.930157  0.001553 59.419122     77.19    153.20     -0.51
    16453.493159  8.930780  0.001543 59.851424     72.67    -95.82     -0.12
    16462.805559  8.931313  0.001481 63.234846     71.47    -90.76      0.61
    16472.117959  8.932431  0.001549 64.465713     73.94    170.15      0.40
    16481.430359  8.932958  0.001513 61.871536     75.53    -32.25     -0.29
    16490.742759  8.934011  0.001543 59.267082     72.50     22.50      0.94
    16500.055159  8.934654  0.001540 60.353137     68.04    -23.64      0.36
    16509.367560  8.935456  0.001537 63.703099     67.74   -175.46     -0.56
    16518.679960  8.935992  0.001485 64.232637     70.56    -72.06     -1.00
    16527.992360  8.937040  0.001547 60.974462     71.19    -72.83      0.10
    16537.304760  8.937940  0.001551 59.106972     67.20   -172.92     -0.37
    16546.617160  8.938630  0.001546 61.431230     63.44    -16.87      0.11
    16555.929560  8.939283  0.001535 64.282361     64.60     34.05     -0.30
    16565.241960  8.940170  0.001539 63.386531     67.40    -18.37     -0.90
    16574.554360  8.940795  0.001521 59.823983     66.18   -173.74      0.53
    16583.866760  8.941456  0.001501 59.534273     61.40    -68.89      0.41
    16593.179160  8.942260  0.001486 63.018658     59.52    -66.64     -1.08
    16602.491561  8.943132  0.001526 64.385042     62.20   -172.22      0.19
    16611.803961  8.943952  0.001522 61.664571     63.75    -17.57     -1.10
    16621.116361  8.944655  0.001506 59.116541     60.04     34.12      1.06
    16630.428761  8.945364  0.001513 61.103299     55.94    -13.64     -0.01
    16639.741161  8.946482  0.001555 64.402049     56.98   -167.68      0.22
    16649.053561  8.947039  0.001529 63.188360     59.87    -63.46     -0.74
    16658.365961  8.947716  0.001506 59.622393     58.40    -61.92      0.26
    16667.678361  8.948755  0.001543 59.953140     53.37   -160.09      1.05
    16676.990761  8.949309  0.001525 63.449037     52.32     -1.18      0.44
    16686.303162  8.950185  0.001532 64.146316     55.50     52.37      0.76
    16695.615562  8.950977  0.001533 60.691498     55.84      6.04      0.76
    16704.927962  8.951650  0.001525 59.160978     51.11   -138.76     -0.44
    16714.240362  8.952424  0.001516 62.579667     48.42    -27.02     -1.17
    16723.552762  8.953326  0.001543 64.488323     51.03    -21.36      0.15
    16732.865162  8.954031  0.001539 61.507578     52.78   -116.42      0.33
    16742.177562  8.954675  0.001499 59.142896     48.72     49.32      1.31
    16751.489962  8.955565  0.001536 61.714475     44.88    116.12     -0.43
    16760.802362  8.956191  0.001510 64.508622     46.92     75.17      0.70
    16770.114762  8.956945  0.001492 62.244172     49.33    -63.79     -1.27
    16779.427163  8.957753  0.001520 59.034666     45.98     55.59     -0.43
    16788.739563  8.958497  0.001496 61.322147     41.59     73.54      0.99
    16798.051963  8.959526  0.001548 64.491086     43.06    -10.11      0.22
    16807.364363  8.959985  0.001507 62.430331     45.91    163.55     -0.19
    16816.676763  8.960722  0.001483 59.237148     42.89   -122.72      1.36
    16825.989163  8.961530  0.001498 61.106150     38.19   -146.66      0.58
    16835.301563  8.962321  0.001511 64.407140     39.64     84.04      0.61
    16844.613963  8.963171  0.001510 62.569431     42.50   -147.12      1.40
    16853.926363  8.963850  0.001514 59.076903     39.39   -113.70     -0.49
    16863.238763  8.964732  0.001524 61.286763     34.84    177.83     -0.67
    16872.551164  8.965606  0.001535 64.526133     36.46      4.46      0.66
    16881.863564  8.966279  0.001533 62.127848     39.21     91.28      0.21
    16891.175964  8.966736  0.001464 59.142932     35.61     79.77      0.82
    16900.488364  8.967828  0.001533 61.722757     31.35    -30.14     -0.06
    16909.800764  8.968377  0.001501 64.481408     33.70    114.52      0.26
    16919.113164  8.969414  0.001532 61.662456     35.84    160.72     -0.80
    16928.425564  8.970029  0.001525 59.048188     31.39    108.23     -0.24
    16937.737964  8.970662  0.001488 62.494563     28.13    -44.47     -0.59
    16947.050364  8.971369  0.001473 64.436362     31.19     58.28      0.82
    16956.362765  8.972319  0.001526 60.622455     32.23     63.88     -0.15
    16965.675165  8.973062  0.001503 59.506244     26.97    -27.17     -1.20
    16974.987565  8.973965  0.001532 63.462407     25.21    138.68     -0.64
    16984.299965  8.974635  0.001526 63.748239     28.93   -158.26     -0.27
    16993.612365  8.975578  0.001542 59.788052     28.01    168.23     -0.62
    17002.924765  8.976017  0.001496 60.327503     22.47     36.12      0.36
    17012.237165  8.976868  0.001511 64.272180     23.07    162.73     -0.65
    17021.549565  8.977750  0.001531 62.645221     26.38   -173.43      0.75
    17030.861965  8.978402  0.001524 59.020394     23.01    115.74      0.23
    17040.174365  8.978980  0.001477 61.937143     18.69    -53.73     -0.69
    17049.486766  8.979858  0.001499 64.494408     21.46     31.80      0.85
    17058.799166  8.980603  0.001513 60.791575     22.98     20.89     -0.43
    17068.111566  8.981127  0.001450 59.542148     17.58    -87.30      0.10
    17077.423966  8.982010  0.001488 63.604056     16.08     64.18     -0.16
    17086.736366  8.982756  0.001485 63.441159     19.96    112.95      0.11
    17096.048766  8.983413  0.001455 59.420187     18.01     65.37      0.92
    17105.361166  8.984483  0.001523 61.113710     12.79    -77.65     -0.26
    17114.673566  8.985320  0.001529 64.551051     14.91     34.43      0.52
    17123.985966  8.985768  0.001474 61.345983     17.12     48.44      0.96
    17133.298366  8.986605  0.001501 59.238529     11.98    -31.94      0.28
    17142.610767  8.987482  0.001505 63.547323     10.03    148.29     -1.36
    17151.923167  8.988097  0.001488 63.505584     13.91   -136.08      0.40
    17161.235567  8.988995  0.001519 59.273174     12.04   -154.19     -0.42
    17170.547967  8.989470  0.001449 61.445499      6.82     90.17     -0.12
    17179.860367  8.990359  0.001500 64.452707      9.28   -127.43     -0.26
    17189.172767  8.991088  0.001479 60.872014     11.11    -84.38      0.51
    17198.485167  8.991879  0.001481 59.668108      5.43   -135.23      1.12
    17207.797567  8.992700  0.001518 63.896666      4.63     74.64     -0.13
    17217.109967  8.993614  0.001528 62.845684      8.49   -177.03     -0.31
    17226.422368  8.994227  0.001505 59.074389      4.94   -164.22      0.84
    17235.734768  8.994940  0.001507 62.411066      0.96    111.96      0.33
    17245.047168  8.995434  0.001447 64.206728      4.64    -72.77     -0.80
    17254.359568  8.996412  0.001500 59.682181      4.23      4.20      0.41
    17263.671968  8.997147  0.001497 60.796903     -1.49    -11.93     -0.75
    17272.984368  8.997838  0.001473 64.588017      0.35   -132.44      1.23
    17282.296768  8.998581  0.001494 60.978604      2.63     12.11     -0.09
    17291.609168  8.999453  0.001495 59.647154     -3.02     60.43      1.07
    17300.921568  9.000286  0.001517 64.108170     -3.74     10.32      0.85
    17310.233968  9.000979  0.001516 62.381808      0.10   -139.22     -0.16
    17319.546369  9.001827  0.001513 59.166658     -4.16    -22.12     -1.07
    17328.858769  9.002476  0.001516 63.126380     -7.28     -5.41      0.54
    17338.171169  9.003120  0.001494 63.507400     -3.08    -88.43      0.46
    17347.483569  9.003659  0.001444 59.264724     -5.38     95.78     -0.55
    17356.795969  9.004575  0.001495 62.017599    -10.23   -177.96      0.35
    17366.108369  9.005485  0.001509 64.226625     -6.56    168.65     -0.80
    17375.420769  9.005932  0.001455 59.711816     -6.92     58.14      0.47
    17384.733169  9.006894  0.001507 61.046638    -12.70   -144.93     -0.33
    17394.045569  9.007376  0.001444 64.547679    -10.08    -90.64      0.33
    17403.357969  9.008216  0.001472 60.297807     -8.84   -131.61      0.27
    17412.670370  9.009121  0.001501 60.340405    -14.90     93.62      0.46
    17421.982770  9.009909  0.001493 64.582363    -13.47   -142.15      1.35
    17431.295170  9.010576  0.001496 60.876979    -11.06   -112.62     -0.29
    17440.607570  9.011461  0.001515 59.886158    -17.01   -177.12     -0.61
    17449.919970  9.012235  0.001514 64.441319    -16.66     17.00      1.03
    17459.232370  9.012897  0.001514 61.368072    -13.48    115.29      0.26
    17468.544770  9.013354  0.001450 59.632745    -19.17    121.90     -0.81
    17477.857170  9.014278  0.001489 64.234701    -19.65     26.89      0.96
    17487.169570  9.015043  0.001501 61.746491    -16.00   -163.84     -0.38
    17496.481971  9.015524  0.001434 59.492503    -21.46    -87.69     -0.01
    17505.794371  9.016424  0.001483 64.056049    -22.45   -109.28     -0.37
    17515.106771  9.017153  0.001470 61.981170    -18.57    129.76     -0.30
    17524.419171  9.017783  0.001443 59.416732    -23.91    -81.74     -0.69
    17533.731571  9.018799  0.001511 63.980764    -25.08    -33.08      0.33
    17543.043971  9.019330  0.001453 62.063292    -21.14    -81.87      0.20
    17552.356371  9.020330  0.001509 59.387778    -26.51    139.28     -0.70
    17561.668771  9.020996  0.001511 64.023107    -27.55    -99.94      0.23
    17570.981171  9.021502  0.001440 61.963358    -23.71    -75.37     -0.56
    17580.293571  9.022387  0.001478 59.428802    -29.27   -143.45      0.44
    17589.605972  9.023238  0.001509 64.181551    -29.86     50.94      0.30
    17598.918372  9.024060  0.001506 61.663887    -26.30    149.51     -1.16
    17608.230772  9.024660  0.001501 59.592641    -32.16    154.01      0.48
    17617.543172  9.025363  0.001485 64.391496    -32.01     60.86      0.94
    17626.855572  9.025957  0.001453 61.177032    -28.96   -128.02      0.84
    17636.167972  9.026815  0.001493 59.940312    -35.13    -47.58      0.32
    17645.480372  9.027385  0.001442 64.559274    -33.98    -65.68     -0.65
    17654.792772  9.028377  0.001499 60.534581    -31.77    178.51      0.66
    17664.105172  9.028945  0.001477 60.525343    -38.10    -26.36     -0.22
    17673.417572  9.029949  0.001502 64.564021    -35.76     27.35      1.13
    17682.729973  9.030549  0.001497 59.847003    -34.83    -11.31      0.46
    17692.042373  9.031409  0.001513 61.366062    -40.94   -142.10      0.26
    17701.354773  9.032216  0.001519 64.272842    -37.42    -12.16      0.03
    17710.667173  9.032688  0.001487 59.272113    -38.25     24.84     -0.35
    17719.979573  9.033454  0.001481 62.417211    -43.46    -30.15     -1.28
    17729.291973  9.034306  0.001509 63.586645    -39.08    173.01      0.51
    17738.604373  9.034869  0.001485 59.017783    -42.03    -73.67      0.58
    17747.916773  9.035590  0.001460 63.493981    -45.51    -52.36     -1.40
    17757.229173  9.036323  0.001478 62.486014    -40.99   -132.89      0.08
    17766.541574  9.037226  0.001503 59.299923    -46.03     57.50      0.52
    17775.853974  9.038079  0.001512 64.315921    -46.97    153.70     -0.94
    17785.166374  9.038583  0.001494 61.095766    -43.50    150.42      0.31
    17794.478774  9.039378  0.001487 60.256295    -49.85     58.22      1.03
    17803.791174  9.039911  0.001456 64.530388    -47.96   -130.97      0.73
    17813.103574  9.040781  0.001489 59.775820    -46.88    -54.35      0.35
    17822.415974  9.041328  0.001439 61.785048    -52.98    -67.29     -0.71
    17831.728374  9.042277  0.001497 63.870986    -48.88    178.38      0.63
    17841.040774  9.042918  0.001476 59.061387    -51.16    -24.81     -0.47
    17850.353174  9.043687  0.001476 63.426228    -55.00     36.33      1.34
    17859.665575  9.044331  0.001482 62.342210    -50.38      2.16      0.29
    17868.977975  9.045234  0.001494 59.475830    -55.80   -122.60      0.82
    17878.290375  9.045981  0.001495 64.461478    -55.89     16.99      0.94
    17887.602775  9.046641  0.001500 60.440026    -53.19     62.23     -0.07
    17896.915175  9.047539  0.001516 61.092996    -59.74     17.21      0.35
    17906.227575  9.047945  0.001463 64.188071    -56.26   -125.62      0.24
    17915.539975  9.048816  0.001488 59.142556    -57.57      0.64     -0.63
    17924.852375  9.049571  0.001488 63.211507    -62.03     32.48      1.43
    17934.164775  9.050252  0.001496 62.471057    -57.31    -30.39      0.26
    17943.477176  9.051047  0.001497 59.471672    -62.68    177.91     -0.71
    17952.789576  9.051526  0.001447 64.511758    -62.60    -69.90     -1.18
    17962.101976  9.052468  0.001497 60.175888    -60.26    -54.33      0.31
    17971.414376  9.053179  0.001482 61.509248    -66.70   -126.93      1.25
    17980.726776  9.053709  0.001453 63.883353    -62.60     64.56      0.08
    17990.039176  9.054538  0.001476 59.006552    -65.29    164.95     -0.16
    17999.351576  9.055529  0.001513 63.870908    -68.30    172.92     -0.54
    18008.663976  9.056035  0.001486 61.493129    -64.06     84.04     -0.47
    18017.976376  9.056733  0.001479 60.236037    -70.51    -93.70      0.61
    18027.288776  9.057717  0.001513 64.487882    -68.08     -6.69      0.05
    18036.601177  9.058175  0.001482 59.257669    -68.36    -12.13      0.30
    18045.913577  9.058848  0.001464 63.002749    -73.28   -108.52      1.05
    18055.225977  9.059491  0.001446 62.501116    -68.48     59.49      0.39
    18064.538377  9.060249  0.001471 59.566852    -74.16    139.17      0.26
    18073.850777  9.060905  0.001438 64.581007    -73.20    124.43     -1.15
    18083.163177  9.061751  0.001472 59.680031    -72.05     14.15      0.63
    18092.475577  9.062480  0.001482 62.380725    -77.81    177.60     -0.62
    18101.787977  9.063081  0.001435 63.031481    -72.97   -119.13      1.09
    18111.100377  9.063901  0.001471 59.341289    -78.10   -140.42     -0.08
    18120.412777  9.064471  0.001442 64.493190    -77.87    101.60      0.23
    18129.725178  9.065138  0.001426 59.921233    -76.13   -108.31      0.08
    18139.037578  9.066117  0.001488 62.183175    -82.20    -47.06      0.24
    18148.349978  9.066603  0.001425 63.084936    -77.30    -82.92      0.01
    18157.662378  9.067680  0.001501 59.402476    -82.42    154.14      0.19
    18166.974778  9.068179  0.001472 64.432113    -82.09    -63.89      0.30
    18176.287178  9.069216  0.001505 59.825286    -80.58    -13.00     -0.61
    18185.599578  9.069797  0.001501 62.467377    -86.46    -51.54     -0.14
    18194.911978  9.070439  0.001483 62.703828    -81.45    173.50     -0.82
    18204.224378  9.071118  0.001468 59.712985    -87.15    -47.56     -1.24
    18213.536779  9.071819  0.001480 64.420524    -85.84     -5.92      0.13
    18222.849179  9.072411  0.001438 59.453234    -85.43    -52.97     -0.96
    18232.161579  9.073429  0.001502 63.175931    -90.47    169.33      0.22
    18241.473979  9.073948  0.001472 61.880350    -85.58    -64.24      0.35
    18250.786379  9.074812  0.001488 60.368608    -92.10    -21.49     -1.22
    18260.098779  9.075392  0.001478 64.221486    -89.17    -76.97     -0.55
    18269.411179  9.076019  0.001453 59.070206    -90.88    138.62     -0.38
    18278.723579  9.076559  0.001412 64.047250    -93.94    -96.10      0.02
    18288.035979  9.077656  0.001496 60.681948    -90.15    -65.30      0.10
    18297.348379  9.078317  0.001476 61.520231    -96.88   -121.40      1.11
    18306.660780  9.078834  0.001441 63.439696    -92.30     88.96     -0.62
    18315.973180  9.079728  0.001482 59.248351    -96.89   -149.51     -0.41
    18325.285580  9.080316  0.001449 64.563752    -96.65   -122.74      1.32
    18334.597980  9.081184  0.001483 59.478541    -95.65    175.43      0.61
    18343.910380  9.081865  0.001490 63.096829   -100.80     25.68     -0.32
    18353.222780  9.082602  0.001473 61.812448    -95.98    140.74     -1.42
    18362.535180  9.083207  0.001473 60.578166   -102.72    167.77      0.47
    18371.847580  9.083756  0.001432 63.974342    -98.92    100.59      0.33
    18381.159980  9.084677  0.001465 59.171309   -102.25    -51.81     -1.14
    18390.472380  9.085382  0.001484 64.326323   -103.30     61.27     -0.18
    18399.784781  9.085854  0.001417 59.835005   -101.28     82.26      0.91
    18409.097181  9.086776  0.001466 62.885592   -107.06     18.14      0.93
    18418.409581  9.087588  0.001491 61.879027   -102.01   -141.32     -0.02
    18427.721981  9.088331  0.001483 60.665220   -108.73    -24.52     -1.26
    18437.034381  9.088935  0.001478 63.871603   -104.99     -6.25      0.51
    18446.346781  9.089446  0.001437 59.155026   -108.45    -73.10      0.41
    18455.659181  9.090370  0.001464 64.528047   -109.07    130.54     -1.27
    18464.971581  9.091016  0.001474 59.441984   -107.74   -119.81     -0.36
    18474.283981  9.091609  0.001435 63.368632   -112.78    -97.37      0.88
    18483.596382  9.092457  0.001468 61.288320   -108.17   -168.12      0.91
    18492.908782  9.093211  0.001485 61.229766   -115.05     37.76     -0.31
    18502.221182  9.093909  0.001467 63.362253   -110.36    148.03     -1.38
    18511.533582  9.094630  0.001477 59.547169   -115.60    170.48      0.65
    18520.845982  9.095145  0.001448 64.396284   -113.88    101.42      0.50
    18530.158382  9.095947  0.001447 59.163085   -115.14    -53.74     -1.30
    18539.470782  9.096641  0.001469 64.124561   -117.76     59.11     -0.27
    18548.783182  9.097257  0.001434 60.022257   -114.89     79.05      1.15
    18558.095582  9.098165  0.001472 62.887865   -120.94     15.90      1.05
    18567.407982  9.098831  0.001480 61.621835   -115.89   -141.52     -0.26
    18576.720383  9.099584  0.001473 61.120421   -122.78    -22.43     -1.34
    18586.032783  9.100262  0.001476 63.355757   -118.27     -1.32      0.68
    18595.345183  9.100786  0.001447 59.567022   -123.40    -62.82      0.36
    18604.657583  9.101713  0.001470 64.447735   -121.52    144.63     -1.30
    18613.969983  9.102286  0.001466 59.015004   -123.35    -97.82     -0.52
    18623.282383  9.102858  0.001432 64.386136   -125.05    -69.63      0.13
    18632.594783  9.103546  0.001425 59.601730   -123.31   -131.94      0.94
    18641.907183  9.104480  0.001485 63.427699   -128.27     81.57     -0.08
    18651.219583  9.105303  0.001489 60.837845   -123.91   -160.17      0.49
    18660.531983  9.105688  0.001433 62.123521   -130.72   -124.14      0.31
    18669.844384  9.106480  0.001462 62.205610   -125.49    177.13     -0.53
    18679.156784  9.107364  0.001471 60.755606   -132.21     33.25      1.31
    18688.469184  9.107945  0.001474 63.477818   -127.96    157.88      0.38
    18697.781584  9.108810  0.001489 59.580527   -132.92   -162.10     -0.39
    18707.093984  9.109459  0.001477 64.380094   -130.94    146.16     -1.09
    18716.406384  9.110011  0.001460 59.017645   -133.28      5.83      0.07
    18725.718784  9.110661  0.001439 64.529678   -134.05    138.47     -1.16
    18735.031184  9.111604  0.001485 59.252318   -133.60    179.32      0.70
    18744.343584  9.112108  0.001463 64.012023   -137.09    135.66      0.14
    18753.655985  9.113096  0.001498 59.968177   -134.13      0.37     -0.16
    18762.968385  9.113677  0.001489 63.245553   -139.80    141.00     -0.23
    18772.280785  9.114271  0.001474 60.836694   -135.17   -171.98     -0.61
    18781.593185  9.115088  0.001479 62.324744   -141.98    153.14     -1.08
    18790.905585  9.115521  0.001454 61.846036   -136.79     22.33     -0.03
    18800.217985  9.116357  0.001468 61.224434   -143.68    171.21     -0.88
    18809.530385  9.116923  0.001435 62.921959   -138.82   -136.07      0.90
    18818.842785  9.117677  0.001460 60.225515   -145.03   -163.30     -0.23
    18828.155185  9.118246  0.001417 63.737948   -141.12     74.28      0.88
    18837.467585  9.119000  0.001435 59.613392   -146.10   -129.47      0.13
    18846.779986  9.119664  0.001443 64.147647   -143.64    -66.12      0.23
    18856.092386  9.120196  0.001394 59.303661   -146.96    -86.73     -0.20
    18865.404786  9.121219  0.001471 64.386758   -146.27    161.83      0.37
    18874.717186  9.121797  0.001438 59.087673   -147.76    -34.63     -0.92
    18884.029586  9.122536  0.001441 64.539867   -148.85     38.06      1.27
    18893.341986  9.123245  0.001458 59.066168   -148.71     26.02     -0.37
    18902.654386  9.123712  0.001404 64.392563   -151.30    -73.87     -0.30
    18911.966786  9.124565  0.001439 59.377100   -149.79     97.74     -0.92
    18921.279186  9.125345  0.001464 64.000061   -153.66   -176.90     -0.48
    18930.591586  9.126317  0.001491 59.779502   -150.92    178.16     -0.12
    18939.903987  9.126712  0.001458 63.669323   -155.94     90.68     -0.59
    18949.216387  9.127349  0.001440 60.074702   -152.22    -90.76      0.84
    18958.528787  9.128299  0.001482 63.405346   -158.02      7.45      0.70
    18967.841187  9.128706  0.001448 60.390277   -153.71     13.84     -0.16
    18977.153587  9.129354  0.001419 63.000896   -159.99    -62.26     -0.38
    18986.465987  9.130322  0.001472 60.838526   -155.29    129.66     -0.78
    18995.778387  9.130945  0.001475 62.553792   -161.90   -121.32     -0.06
    19005.090787  9.131385  0.001406 61.230785   -156.90   -105.22      1.01
    19014.403187  9.132217  0.001451 62.308344   -163.77   -168.48      0.68
    19023.715588  9.133067  0.001479 61.404068   -158.56     35.07      0.16
    19033.027988  9.133823  0.001478 62.180532   -165.56    159.07     -1.00
    19042.340388  9.134232  0.001447 61.554502   -160.33   -172.25      0.10
    19051.652788  9.134902  0.001426 61.949397   -167.28    137.83     -0.95
    19060.965188  9.135870  0.001478 61.808154   -162.10     -6.79      0.42
    19070.277588  9.136393  0.001460 61.737497   -169.06    129.25      0.25
    19079.589988  9.137281  0.001478 61.925806   -163.80    173.43     -0.65
    19088.902388  9.137900  0.001476 61.763721   -170.85    136.67     -0.63
    19098.214788  9.138458  0.001458 61.828418   -165.55      6.71     -0.54
    19107.527188  9.139305  0.001469 61.859488   -172.56    157.61     -1.07
    19116.839589  9.139734  0.001443 61.760704   -167.34   -145.71      0.07
    19126.151989  9.140612  0.001472 61.848450   -174.28   -167.84     -0.41
    19135.464389  9.141026  0.001407 61.758541   -169.08     77.27      0.01
    19144.776789  9.141940  0.001467 61.916138   -176.05   -117.31     -0.27
    19154.089189  9.142503  0.001425 61.595715   -170.81    -43.41     -1.30
    19163.401589  9.143371  0.001466 62.210483   -177.80    -50.50     -0.90
    19172.713989  9.143995  0.001466 61.254973   -172.58   -150.42     -0.31
    19182.026389  9.144761  0.001462 62.535805   -179.45     29.19      1.20
    19191.338789  9.145442  0.001472 60.959572   -174.45    119.89     -0.21
    19200.651189  9.145897  0.001428 62.757746    178.94    128.83     -0.24
    19209.963590  9.146569  0.001418 60.743177   -176.35     45.05      1.41
    19219.275990  9.147360  0.001457 63.048042    177.34   -115.80     -0.32
    19228.588390  9.148214  0.001469 60.347312   -178.27     -8.91     -1.02
    19237.900790  9.148804  0.001455 63.532107    175.87     15.13      1.07
    19247.213190  9.149411  0.001448 59.845877    179.62    -48.94      0.36
    19256.525590  9.150331  0.001474 63.938390    174.57    166.69     -0.94
    19265.837990  9.150864  0.001462 59.524222    177.34    -68.63     -0.57
    19275.150390  9.151442  0.001444 64.142326    173.35    -26.18     -0.43
    19284.462790  9.151978  0.001404 59.335793    174.99    -70.70     -1.12
    19293.775191  9.152881  0.001464 64.337223    172.23    159.27      0.42
    19303.087591  9.153338  0.001408 59.113691    172.52    -55.53     -0.33
    19312.399991  9.154392  0.001474 64.527951    171.24      3.90      0.70
    19321.712391  9.154829  0.001442 59.028720    169.90    -20.66      0.15
    19331.024791  9.155617  0.001446 64.438801    170.36   -132.99      1.40
    19340.337191  9.156187  0.001432 59.334061    167.22     33.65      0.70
    19349.649591  9.156800  0.001433 63.977237    169.44    111.70      0.36
    19358.961991  9.157349  0.001389 59.925615    164.68    109.74     -1.06
    19368.274391  9.158230  0.001444 63.356091    168.37     15.70      0.37
    19377.586791  9.159134  0.001473 60.589773    162.36   -156.79     -0.09
    19386.899192  9.159609  0.001431 62.630478    167.10    -58.19     -1.40
    19396.211592  9.160313  0.001455 61.463170    160.27    -41.93      0.31
    19405.523992  9.160922  0.001419 61.637082    165.53   -115.83      1.33
    19414.836392  9.161580  0.001420 62.590487    158.63     95.33     -0.90
    19424.148792  9.162370  0.001458 60.482557    163.45   -147.34     -0.34
    19433.461192  9.162818  0.001395 63.607294    157.52   -109.69      1.04
    19442.773592  9.163606  0.001432 59.613412    160.83   -159.18      0.44
    19452.085992  9.164376  0.001448 64.201816    156.80     69.35      0.66
    19461.398392  9.165091  0.001436 59.204022    157.84   -149.10      1.31
    19470.710792  9.165751  0.001459 64.404181    156.33    -88.76     -0.15
    19480.023193  9.166390  0.001433 59.190935    154.68   -115.64      1.20
    19489.335593  9.167163  0.001454 64.193683    155.93    135.49     -0.77
    19498.647993  9.167698  0.001441 59.723288    151.59    -58.42      0.39
    19507.960393  9.168674  0.001470 63.363865    155.31     20.32      0.84
    19517.272793  9.169070  0.001435 60.935325    148.95     20.63      0.84
    19526.585193  9.169691  0.001423 61.940955    154.11    -68.80      0.22
    19535.897593  9.170400  0.001415 62.467936    147.17    125.51     -1.64
    19545.209993  9.171044  0.001434 60.467506    151.98   -133.44     -0.29
    19554.522393  9.171757  0.001429 63.694532    146.26   -111.24      1.04
    19563.834794  9.172671  0.001466 59.474772    149.01   -175.19      0.85
    19573.147194  9.173149  0.001450 64.339775    145.98     40.50     -0.30
    19582.459594  9.174059  0.001465 59.144884    145.53    170.56     -0.85
    19591.771994  9.174449  0.001429 64.283949    145.96   -145.43      0.75
    19601.084394  9.175156  0.001441 59.651752    142.02    179.44     -0.48
    19610.396794  9.175775  0.001411 63.325486    145.65     54.05      1.42
    19619.709194  9.176431  0.001428 61.108077    139.22   -146.86      0.30
    19629.021594  9.177082  0.001413 61.587978    144.42    -78.87      0.49
    19638.333994  9.177676  0.001391 62.959805    137.68    -86.59     -0.57
    19647.646394  9.178474  0.001434 59.867099    141.85    174.75      0.01
    19656.958795  9.179419  0.001466 64.238168    137.36     -1.62     -0.72
    19666.271195  9.179743  0.001413 59.108579    138.18     95.70     -0.80
    19675.583595  9.180479  0.001438 64.347977    137.64    108.59      0.45
    19684.895995  9.181334  0.001441 59.619698    134.33     40.11      1.48
    19694.208395  9.181843  0.001431 63.315427    137.61   -111.89     -0.40
    19703.520795  9.182648  0.001457 61.131931    131.35     15.45     -0.41
    19712.833195  9.183079  0.001397 61.526454    136.43     52.66      1.34
    19722.145595  9.183803  0.001432 63.063705    129.89     15.36      0.19
    19731.457995  9.184470  0.001414 59.710572    133.61   -112.47      1.20
    19740.770395  9.185116  0.001409 64.417133    129.93     42.11      1.06
    19750.082796  9.185881  0.001441 59.024155    129.50    112.17      0.43
    19759.395196  9.186294  0.001376 64.189428    130.52     98.79     -0.20
    19768.707596  9.187274  0.001441 60.188312    125.58      4.05      0.91
    19778.019996  9.187914  0.001445 62.350582    130.22   -176.14     -0.62
    19787.332396  9.188398  0.001387 62.441182    123.37    -74.08     -0.92
    19796.644796  9.189359  0.001459 60.129105    127.96    -61.89      0.09
    19805.957196  9.189955  0.001446 64.155097    123.17   -127.62      0.91
    19815.269596  9.190319  0.001383 59.128992    123.89     83.81     -0.31
    19824.581996  9.191272  0.001448 64.216932    123.93   -148.58     -0.30
    19833.894397  9.191756  0.001395 60.021356    119.67   -102.63      1.10
    19843.206797  9.192482  0.001415 62.574765    123.93   -141.24      0.64
    19852.519197  9.193247  0.001439 62.207753    117.20    102.44      0.52
    19861.831597  9.193631  0.001371 60.282749    121.78   -101.90      0.72
    19871.143997  9.194674  0.001457 64.150935    117.04    -23.18      0.33
    19880.456397  9.195184  0.001420 59.073058    117.52    -28.92     -0.86
    19889.768797  9.195708  0.001388 64.226058    118.03   -119.35      0.94
    19899.081197  9.196622  0.001447 60.222966    113.16     73.57     -0.39
    19908.393597  9.197390  0.001455 62.123879    117.92    178.31     -0.61
    19917.705997  9.197846  0.001425 62.883804    111.17   -154.84      1.21
    19927.018398  9.198510  0.001426 59.596500    115.03    147.20      0.01
    19936.330798  9.199491  0.001468 64.523767    111.76      9.66      0.33
    19945.643198  9.199987  0.001455 59.215576    110.20    149.77      0.34
    19954.955598  9.200693  0.001461 63.495669    112.78   -154.08     -0.10
    19964.267998  9.201409  0.001458 61.439390    106.53   -175.89      0.48
    19973.580398  9.201914  0.001448 60.762088    111.55     75.97     -0.28
    19982.892798  9.202453  0.001416 63.931453    105.96   -110.95      1.23
    19992.205198  9.203433  0.001465 59.128656    107.26    -19.73     -0.09
    20001.517598  9.203804  0.001432 64.171472    107.26    -11.17     -0.18
    20010.829998  9.204245  0.001369 60.357819    102.58    -81.99      0.04
    20020.142399  9.205270  0.001447 61.880034    107.26    121.99     -0.60
    20029.454799  9.205883  0.001444 63.113323    100.79   -112.12      0.49
    20038.767199  9.206296  0.001379 59.461397    103.89    -69.34     -1.12
    20048.079599  9.207098  0.001431 64.397358    101.87   -107.72     -0.47
    20057.391999  9.207629  0.001394 59.703141     98.78    133.56     -0.58
    20066.704399  9.208396  0.001406 62.654124    102.69    -68.97     -1.27
    20076.016799  9.209034  0.001424 62.494731     96.02     10.23     -0.01
    20085.329199  9.210027  0.001461 59.758145    100.04      4.43     -0.32
    20094.641599  9.210364  0.001415 64.461793     96.89    -78.36     -0.82
    20103.954000  9.211018  0.001421 59.387254     94.73    115.00      0.45
    20113.266400  9.211775  0.001414 63.016928     98.12   -135.06      1.53
    20122.578800  9.212419  0.001429 62.254072     91.49    -97.96     -0.49
    20131.891200  9.213213  0.001454 59.835264     95.79   -150.28      0.02
    20141.203600  9.213457  0.001369 64.514440     92.31     81.35      0.11
    20150.516000  9.214416  0.001434 59.338407     90.33   -128.30     -0.44
    20159.828400  9.214832  0.001377 62.976265     93.72    -61.89     -0.72
    20169.140800  9.215676  0.001411 62.414304     87.07    -70.66     -1.19
    20178.453200  9.216356  0.001430 59.668750     91.21   -167.19     -0.56
    20187.765600  9.217286  0.001457 64.552930     88.15     18.80      0.78
    20197.078001  9.217742  0.001441 59.554827     85.57    126.61     -0.44
    20206.390401  9.218225  0.001409 62.559161     89.44    149.05     -0.67
    20215.702801  9.218754  0.001367 62.886149     82.81     96.36     -0.61
    20225.015201  9.219736  0.001446 59.358729     86.25    -43.00      0.39
    20234.327601  9.220073  0.001382 64.459566     84.38    100.76      0.28
    20243.640001  9.221157  0.001456 60.073410     80.59    165.59      0.11
    20252.952401  9.221538  0.001422 61.779868     85.12    145.14      0.13
    20262.264801  9.222255  0.001417 63.552205     78.87     48.62      1.47
    20271.577201  9.222744  0.001395 59.105048     80.84   -129.38      0.14
    20280.889601  9.223473  0.001414 64.073484     80.92    -27.98     -0.34
    20290.202002  9.224446  0.001455 61.001805     75.61     -4.33     -0.21
    20299.514402  9.224993  0.001447 60.713329     80.47    -66.09     -0.06
    20308.826802  9.225550  0.001425 64.205580     75.45    157.90     -1.04
    20318.139202  9.226092  0.001400 59.237295     74.98    -60.53     -1.43
    20327.451602  9.226754  0.001421 63.153892     77.52     -2.66     -0.09
    20336.764002  9.227572  0.001430 62.345450     71.11    -17.67     -1.33
    20346.076402  9.227919  0.001382 59.634290     75.01   -120.15      0.13
    20355.388802  9.228845  0.001443 64.394829     72.64     61.60      0.18
    20364.701202  9.229646  0.001449 60.128786     69.05    165.60     -0.92
    20374.013603  9.230037  0.001420 61.600286     73.53   -176.88      0.58
    20383.326003  9.230644  0.001402 63.754373     67.62    128.01     -0.18
    20392.638403  9.231692  0.001458 59.142662     68.63    -10.68     -0.01
    20401.950803  9.232043  0.001434 63.573544     70.00    130.40      0.25
    20411.263203  9.232859  0.001446 61.891726     63.94   -163.98     -0.06
    20420.575603  9.233496  0.001444 59.850143     68.17    176.27      0.66
    20429.888003  9.234012  0.001437 64.391448     65.28     81.39      0.18
    20439.200403  9.234406  0.001365 60.049428     62.00    -93.29      0.40
    20448.512803  9.235228  0.001415 61.583662     66.41      8.82      0.63
    20457.825203  9.236022  0.001442 63.820715     60.62     37.17     -0.04
    20467.137604  9.236849  0.001452 59.170638     61.22    -16.62     -0.66
    20476.450004  9.237192  0.001420 63.303494     63.15   -151.85     -0.00
    20485.762404  9.237982  0.001435 62.353835     56.89     -0.96     -0.86
    20495.074804  9.238275  0.001368 59.514461     60.51     63.99      0.51
    20504.387204  9.239231  0.001439 64.276022     58.93     54.17     -0.25
    20513.699604  9.239794  0.001404 60.736872     54.39    -32.67     -1.57
    20523.012004  9.240634  0.001445 60.701008     59.04    154.00      0.11
    20532.324404  9.241090  0.001421 64.293296     54.50    -92.87      0.51
    20541.636804  9.241599  0.001377 59.572467     52.85    -57.37     -1.50
    20550.949204  9.242415  0.001423 62.159819     56.56   -106.65     -0.50
    20560.261605  9.242959  0.001395 63.549823     50.45    130.69     -0.40
    20569.574005  9.243530  0.001378 59.134311     51.74    -73.16     -1.16
    20578.886405  9.244280  0.001417 63.400335     53.25      1.73      0.07
    20588.198805  9.245159  0.001443 62.400456     47.08      3.41     -0.48
    20597.511205  9.245584  0.001404 59.384744     50.53    -78.25     -0.88
    20606.823605  9.246188  0.001411 64.173843     49.46    121.71      0.27
    20616.136005  9.246816  0.001379 61.204122     44.38   -114.56      1.27
    20625.448405  9.247671  0.001434 60.106322     48.89    -71.58     -0.37
    20634.760805  9.248182  0.001415 64.447049     45.56   -106.41      0.88
    20644.073206  9.248937  0.001419 60.204939     42.21    144.21     -1.35
    20653.385606  9.249567  0.001431 61.043138     46.74    -51.79      0.27
    20662.698006  9.250270  0.001432 64.304735     41.77     39.47      0.90
    20672.010406  9.250650  0.001379 59.505866     40.34     51.73      0.87
    20681.322806  9.251334  0.001407 61.990407     44.13    -16.44     -0.25
    20690.635206  9.252292  0.001444 63.878000     38.23   -159.98      0.80
    20699.947606  9.252876  0.001442 59.123387     38.58    -23.18      0.37
    20709.260006  9.253491  0.001440 62.816416     41.22     33.65      0.04
    20718.572406  9.254182  0.001435 63.300041     34.97     15.90      1.00
    20727.884806  9.254668  0.001428 59.016717     36.76    -81.74     -0.39
    20737.197207  9.255102  0.001376 63.453600     38.13    100.41      0.32
    20746.509607  9.255910  0.001406 62.685013     31.95   -151.64      1.42
    20755.822007  9.256580  0.001427 59.106595     34.80   -123.68     -0.41
    20765.134407  9.257465  0.001446 63.903900     34.99   -174.33     -0.11
    20774.446807  9.257701  0.001382 62.122228     29.11     60.48      0.12
    20783.759207  9.258571  0.001434 59.312848     32.66   -147.09     -0.38
    20793.071607  9.258880  0.001358 64.169843     31.89    -69.59     -1.13
    20802.384007  9.259858  0.001430 61.675135     26.40    -69.03     -0.42
    20811.696407  9.260571  0.001440 59.551935     30.35   -151.15      0.10
    20821.008807  9.260923  0.001378 64.298044     28.87     51.72      1.27
    20830.321208  9.261589  0.001406 61.370782     23.75   -179.36      0.20
    20839.633608  9.262376  0.001414 59.748024     27.87   -135.12      1.44
    20848.946008  9.263045  0.001418 64.323252     25.98   -163.31      1.09
    20858.258408  9.263671  0.001428 61.227104     21.11     92.33      0.36
    20867.570808  9.263948  0.001344 59.845788     25.26    -94.68      0.45
    20876.883208  9.264918  0.001422 64.289297     23.22      4.06      0.72
    20886.195608  9.265625  0.001434 61.233418     18.44     27.46     -0.17
    20895.508008  9.266372  0.001433 59.819513     22.54    -30.55     -1.05
    20904.820408  9.266758  0.001413 64.234564     20.61   -164.92      0.04
    20914.132809  9.267453  0.001414 61.381933     15.74    -13.09     -1.07
    20923.445209  9.267841  0.001366 59.692502     19.72     54.76      0.54
    20932.757609  9.268774  0.001431 64.170322     18.12     50.25     -0.22
    20942.070009  9.269355  0.001405 61.644071     13.01    -28.97     -1.53
    20951.382409  9.270092  0.001429 59.483010     16.79    167.04      0.55
    20960.694809  9.270466  0.001391 64.076995     15.75    -69.70      0.38
    20970.007209  9.271428  0.001432 62.000355     10.30    -19.55     -1.11
    20979.319609  9.271978  0.001429 59.259001     13.73    -53.74      0.19
    20988.632009  9.272739  0.001443 63.906262     13.45   -161.73      0.04
    20997.944409  9.273262  0.001422 62.434316      7.67     15.23      1.22
    21007.256810  9.273803  0.001420 59.080093     10.51    112.61      0.44
    21016.569210  9.274299  0.001379 63.574371     11.18    135.62     -1.57
    21025.881610  9.274897  0.001375 62.931931      5.19     82.33     -0.44
    21035.194010  9.275586  0.001394 59.020467      7.12    -51.71      0.29
    21044.506410  9.276068  0.001347 63.033382      8.89     99.77     -0.72
    21053.818810  9.276970  0.001416 63.466090      2.94    176.15      0.56
    21063.131210  9.277654  0.001413 59.161399      3.57    175.00     -0.82
    21072.443610  9.278042  0.001362 62.262650      6.45     95.25     -0.84
    21081.756010  9.278917  0.001429 63.966748      0.96    -58.23      0.26
    21091.068410  9.279423  0.001387 59.584578     -0.04     69.68      1.25
    21100.380811  9.280203  0.001416 61.305944      3.75    122.34     -1.03
    21109.693211  9.280728  0.001414 64.326526     -0.73     98.63      0.42
    21119.005611  9.281627  0.001439 60.323644     -3.54      0.19     -0.30
    21128.318011  9.281997  0.001408 60.295628      0.65   -179.70      0.63
    21137.630411  9.282474  0.001381 64.389619     -2.24    -71.42      0.38
    21146.942811  9.283343  0.001407 61.359128     -6.72    -36.33     -1.65
    21156.255211  9.283948  0.001420 59.443029     -2.94    -85.36     -0.16
    21165.567611  9.284527  0.001400 63.992592     -3.73    154.32     -1.29
    21174.880011  9.285305  0.001421 62.548435     -9.36    -40.42     -1.28
    21184.192412  9.285813  0.001416 59.014506     -7.00     43.59     -0.49
    21193.504812  9.286427  0.001389 63.050471     -5.49     50.87      1.60
    21202.817212  9.287193  0.001430 63.643149    -11.29    -10.73      0.47
    21212.129612  9.287803  0.001424 59.265427    -11.26   -151.83     -0.41
    21221.442012  9.288536  0.001433 61.662220     -7.88    -11.07     -0.40
    21230.754412  9.288839  0.001397 64.306940    -12.58     57.74     -0.27
    21240.066812  9.289725  0.001426 60.295788    -15.25     48.65      0.69
    21249.379212  9.290386  0.001424 60.187003    -11.19    -36.63     -0.93
    21258.691612  9.290774  0.001405 64.228099    -13.52    162.65      0.13
    21268.004012  9.291242  0.001354 61.906933    -18.42    -70.99     -0.32
    21277.316413  9.292284  0.001430 59.189580    -15.45    -24.80      0.14
    21286.628813  9.292580  0.001388 63.242791    -14.70    -53.09      0.16
    21295.941213  9.293489  0.001418 63.546037    -20.44   -154.40      1.17
    21305.253613  9.293905  0.001389 59.225090    -20.19     27.76      0.33
    21314.566013  9.294447  0.001373 61.566463    -16.84    132.54     -0.66
    21323.878413  9.295509  0.001438 64.479310    -21.42    165.20     -0.44
    21333.190813  9.295878  0.001418 60.476124    -24.45    121.14      0.11
    21342.503213  9.296675  0.001426 59.877210    -20.45     -0.62     -0.79
    21351.815613  9.297291  0.001431 64.102695    -22.01    163.79      0.20
    21361.128013  9.297798  0.001421 62.449501    -27.31   -104.64      0.08
    21370.440414  9.298028  0.001333 59.156027    -25.34    -92.19      0.42
    21379.752814  9.298874  0.001388 62.408247    -23.31   -154.63      0.61
    21389.065214  9.299597  0.001410 64.096896    -28.51     71.08      0.66
    21398.377614  9.300247  0.001389 60.043043    -30.31   -140.43      1.63
    21407.690014  9.300954  0.001425 60.225021    -26.36    -67.67      0.08
    21417.002414  9.301229  0.001356 64.314662    -28.78    -68.12     -0.18
    21426.314814  9.302020  0.001380 62.160260    -33.76   -143.71      1.40
    21435.627214  9.302749  0.001414 59.019080    -31.28     64.78     -0.21
    21444.939614  9.303576  0.001430 62.743171    -29.67   -163.44      0.54
    21454.252015  9.303796  0.001371 64.057850    -35.01   -101.15     -0.35
    21463.564415  9.304706  0.001422 59.878324    -36.54   -117.57      0.32
    21472.876815  9.305388  0.001413 60.349170    -32.70    151.23     -1.46
    21482.189215  9.305858  0.001409 64.187207    -35.01    -15.26      0.46
    21491.501615  9.306316  0.001370 62.333707    -39.97    106.60      0.24
    21500.814015  9.307308  0.001424 59.138716    -38.00    151.67     -0.80
    21510.126415  9.307729  0.001413 62.196318    -35.88    119.56      0.27
    21519.438815  9.308552  0.001428 64.336709    -40.78     17.48      0.23
    21528.751215  9.308961  0.001393 60.420704    -43.32   -161.00      1.30
    21538.063615  9.309521  0.001392 59.688570    -39.51    -55.81      0.36
    21547.376016  9.310340  0.001413 63.936916    -40.57    -21.68     -1.09
    21556.688416  9.310910  0.001419 63.091828    -45.99    -61.81     -0.53
    21566.000816  9.311497  0.001405 59.231908    -45.34   -178.96     -0.75
    21575.313216  9.312261  0.001425 61.299618    -42.21    -12.11     -0.18
    21584.625616  9.312670  0.001410 64.364684    -45.90     84.30     -0.23
    21593.938016  9.313090  0.001353 61.600833    -49.98    106.09      0.13
    21603.250416  9.313707  0.001355 59.173434    -47.23     50.44      0.66
    21612.562816  9.314536  0.001406 62.663928    -45.94    -78.33      0.42
    21621.875216  9.314859  0.001334 64.217818    -51.07     81.39      0.94
    21631.187617  9.315842  0.001413 60.223426    -53.15    166.66      0.55
    21640.500017  9.316404  0.001400 59.754975    -49.39    175.33     -0.88
    21649.812417  9.316772  0.001344 63.874414    -50.44    111.99     -1.31
    21659.124817  9.317670  0.001411 63.266482    -55.78    -25.50      0.33
    21668.437217  9.317996  0.001350 59.441090    -55.68    122.55     -0.47
    21677.749617  9.318926  0.001402 60.778626    -52.33   -167.07      1.25
    21687.062017  9.319453  0.001399 64.247113    -55.12   -164.68     -0.13
    21696.374417  9.319932  0.001354 62.435996    -59.85    124.44     -1.12
    21705.686817  9.320890  0.001425 59.095110    -58.27    -25.39      0.23
    21714.999217  9.321275  0.001388 61.613254    -55.68    111.12      0.43
    21724.311618  9.322236  0.001433 64.531451    -59.73    178.32     -0.03
    21733.624018  9.322533  0.001397 61.477077    -63.60    170.60      0.66
    21742.936418  9.323044  0.001371 59.113952    -60.90     85.77      1.09
    21752.248818  9.323682  0.001364 62.460491    -59.44    -68.74     -1.23
    21761.561218  9.324387  0.001403 64.257541    -64.10     62.70     -0.36
    21770.873618  9.324788  0.001345 60.941463    -67.03    120.94     -0.68
    21780.186018  9.325544  0.001373 59.297235    -63.93    102.95     -0.99
    21789.498418  9.326243  0.001400 62.855714    -63.23     11.38     -0.36
    21798.810818  9.327022  0.001410 64.245807    -68.23   -151.50      1.24
    21808.123218  9.327555  0.001406 60.461966    -70.52    -26.34      0.29
    21817.435619  9.328222  0.001414 59.444435    -67.09     21.86     -0.50
    21826.748019  9.328959  0.001430 63.283406    -67.09     -2.50      0.32
    21836.060419  9.329315  0.001404 63.946866    -72.16    -96.38     -0.35
    21845.372819  9.329754  0.001350 60.315555    -73.94     93.31      0.41
    21854.685219  9.330487  0.001374 59.592421    -70.61   -152.65      1.42
    21863.997619  9.331248  0.001409 63.240702    -70.77   -107.86     -0.03
    21873.310019  9.331794  0.001385 64.044599    -75.82   -136.52      1.39
    21882.622419  9.332450  0.001401 60.246953    -77.61    124.08     -0.80
    21891.934819  9.332897  0.001370 59.509775    -74.19    -54.90      0.30
    21901.247220  9.333498  0.001355 63.337955    -74.37     55.66      1.25
    21910.559620  9.334256  0.001405 63.973125    -79.37     97.87     -0.17
    21919.872020  9.334914  0.001396 60.409982    -81.29     62.60      1.23
    21929.184420  9.335583  0.001400 59.477537    -78.10    -44.11     -1.01
    21938.496820  9.335997  0.001393 62.943968    -77.82    134.05      0.22
    21947.809220  9.336555  0.001358 64.253000    -82.65   -118.08      1.50
    21957.121620  9.337206  0.001370 60.757906    -85.17    -79.79     -1.13
    21966.434020  9.337946  0.001408 59.196802    -82.11   -121.57      0.16
    21975.746420  9.338407  0.001358 62.673184    -81.25    128.85     -1.87
    21985.058820  9.339201  0.001406 64.319051    -85.78    -54.35     -0.26
    21994.371221  9.339855  0.001410 61.285523    -88.90     49.51      0.62
    22003.683621  9.340005  0.001318 59.166716    -86.50     79.88      0.09
    22012.996021  9.340887  0.001386 61.846478    -84.74     37.67     -0.33
    22022.308421  9.341288  0.001331 64.487646    -88.57    -75.07      0.02
    22031.620821  9.342080  0.001365 62.106513    -92.61    101.61     -0.98
    22040.933221  9.342800  0.001392 59.054596    -91.07   -158.77     -0.63
    22050.245621  9.343354  0.001374 61.131008    -88.46   -133.85      1.69
    22059.558021  9.344013  0.001396 64.224125    -91.24   -175.04      0.72
    22068.870421  9.344639  0.001402 62.967181    -95.86     70.89      0.73
    22078.182821  9.345021  0.001337 59.596850    -95.82   -117.57      1.06
    22087.495222  9.345801  0.001391 60.009402    -92.65    -19.28      0.51
    22096.807622  9.346639  0.001416 63.689194    -93.78      9.20     -0.29
    22106.120022  9.347231  0.001407 63.944274    -98.70    -32.39     -0.92
    22115.432422  9.347649  0.001391 60.336495   -100.39   -149.17     -0.43
    22124.744822  9.348504  0.001418 59.379036    -97.42     18.92      0.75
    22134.057222  9.348915  0.001398 62.506763    -96.72    119.38     -0.97
    22143.369622  9.349386  0.001379 64.371670   -100.89    147.35     -0.31
    22152.682022  9.349823  0.001324 61.876790   -104.43    104.63     -0.77
    22161.994422  9.350721  0.001396 59.047863   -102.79    -14.68      0.72
    22171.306823  9.351256  0.001378 61.028015   -100.27    156.86     -1.33
    22180.619223  9.351615  0.001326 64.236826   -102.86   -103.75      0.08
    22189.931623  9.352570  0.001404 63.230343   -107.51    -74.13      0.03
    22199.244023  9.353091  0.001371 59.902230   -108.08   -119.64      1.34
    22208.556423  9.353824  0.001399 59.604338   -105.06    125.04     -0.85
    22217.868823  9.354227  0.001375 62.911351   -105.07    -64.24      0.37
    22227.181223  9.354969  0.001383 64.419496   -109.50     37.42      1.45
    22236.493623  9.355455  0.001373 61.484731   -112.64     69.75     -0.29
    22245.806023  9.356305  0.001411 59.072503   -110.75     25.66     -0.20
    22255.118423  9.356495  0.001326 61.116727   -108.51    -89.51     -0.30
    22264.430824  9.357355  0.001401 64.066790   -110.97     85.73     -0.17
    22273.743224  9.358131  0.001409 63.497221   -115.53   -169.29     -0.38
    22283.055624  9.358454  0.001359 60.111829   -116.57   -138.80      1.20
    22292.368024  9.359107  0.001382 59.315820   -113.62   -179.08     -0.49
    22301.680424  9.359570  0.001337 62.573329   -113.06     67.17      1.47
    22310.992824  9.360176  0.001357 64.412333   -117.05   -111.74     -0.32
    22320.305224  9.360908  0.001380 62.230170   -120.74     -4.12     -0.58
    22329.617624  9.361688  0.001387 59.383162   -119.95     28.05      1.57
    22338.930024  9.362116  0.001381 60.105388   -117.18     -8.83      0.31
    22348.242424  9.362769  0.001375 63.514181   -118.21   -117.20      1.14
    22357.554825  9.363084  0.001326 64.223944   -122.76     66.90      0.52
    22366.867225  9.363841  0.001374 61.169783   -125.34    178.37      0.09
    22376.179625  9.364724  0.001395 59.143175   -123.41   -145.10      1.23
    22385.492025  9.365164  0.001381 60.965042   -121.31   -177.80      0.76
    22394.804425  9.365775  0.001388 63.979792   -123.49     79.95      0.59
    22404.116825  9.366066  0.001313 63.832574   -128.02    -91.72      0.34
    22413.429225  9.366879  0.001370 60.513257   -129.68     24.04      0.37
    22422.741625  9.367548  0.001376 59.136944   -127.19     65.47      1.27
    22432.054025  9.368089  0.001353 61.631930   -125.76     37.70      1.58
    22441.366426  9.368746  0.001388 64.181858   -128.60    -57.54      0.37
    22450.678826  9.369284  0.001352 63.462944   -132.92    137.56     -1.31
    22459.991226  9.369771  0.001337 60.239088   -134.03   -101.77     -0.44
    22469.303626  9.370491  0.001369 59.161802   -131.38    -54.48      0.56
    22478.616026  9.370917  0.001315 61.944267   -130.29    -74.19     -0.94
    22487.928426  9.371752  0.001378 64.296934   -133.44   -165.52      0.75
    22497.240826  9.372443  0.001397 63.244783   -137.60     34.87      0.13
    22506.553226  9.373186  0.001407 60.203632   -138.49    163.71     -0.58
    22515.865626  9.373461  0.001369 59.164647   -135.95   -141.09     -0.27
    22525.178026  9.374331  0.001402 61.883865   -134.84   -156.15      0.44
    22534.490427  9.374747  0.001372 64.337712   -137.93    123.23     -1.17
    22543.802827  9.375301  0.001376 63.306843   -142.10    -30.76      0.18
    22553.115227  9.375669  0.001318 60.360436   -143.17    105.51     -0.46
    22562.427627  9.376665  0.001391 59.132024   -140.82    168.06      0.68
    22571.740027  9.377063  0.001366 61.491633   -139.41    163.08     -0.92
    22581.052427  9.377421  0.001308 64.254681   -142.09     88.06     -0.22
    22590.364827  9.378432  0.001399 63.642342   -146.36    -56.05     -0.09
    22599.677227  9.378820  0.001349 60.747525   -147.98     87.08      1.06
    22608.989627  9.379803  0.001412 59.133057   -146.04    161.24     -0.39
    22618.302027  9.380036  0.001370 60.834418   -144.14    163.05     -0.01
    22627.614428  9.380412  0.001310 63.878489   -146.00     97.07      0.12
    22636.926828  9.381498  0.001404 64.140225   -150.29    -36.83     -0.46
    22646.239228  9.381857  0.001370 61.454618   -152.78    116.61      0.24
    22655.551628  9.382766  0.001401 59.271221   -151.57   -161.73      1.15
    22664.864028  9.382943  0.001354 60.045809   -149.25   -148.76      0.19
    22674.176428  9.383617  0.001363 63.056647   -149.88    155.84     -1.09
    22683.488828  9.384339  0.001371 64.488631   -153.74     28.77      1.46
    22692.801228  9.384766  0.001366 62.522914   -157.23   -164.75      0.14
    22702.113628  9.385208  0.001320 59.798578   -157.29    -70.95     -0.14
    22711.426029  9.386219  0.001394 59.345757   -154.91    -47.50     -0.76
    22720.738429  9.386737  0.001389 61.771006   -154.06    -95.36      0.53
    22730.050829  9.387356  0.001379 64.302232   -156.86    152.46     -1.44
    22739.363229  9.387992  0.001402 63.721680   -160.97    -32.19      0.09
    22748.675629  9.388513  0.001383 60.953298   -162.74     72.81      0.79
    22757.988029  9.388787  0.001319 59.183467   -161.21    109.72     -1.31
    22767.300429  9.389636  0.001381 60.250923   -159.13     73.38     -0.24
    22776.612829  9.390172  0.001361 63.219952   -160.04    -28.87     -1.38
    22785.925229  9.391068  0.001410 64.466838   -163.86    159.08     -0.36
    22795.237629  9.391479  0.001391 62.634163   -167.26    -82.62      0.19
    22804.550030  9.391976  0.001361 60.008858   -167.57    -32.73     -1.67
    22813.862430  9.392697  0.001388 59.181467   -165.42    -56.29     -0.57
    22823.174830  9.393254  0.001390 61.282914   -164.18   -148.56     -0.11
    22832.487230  9.393684  0.001341 63.984835   -166.33     50.67      1.72
    22841.799630  9.394339  0.001376 64.116831   -170.33   -175.53      0.44
    22851.112030  9.394998  0.001375 61.877451   -172.94   -113.94      1.14
    22860.424430  9.395350  0.001320 59.498363   -172.43   -121.62      0.81
    22869.736830  9.396095  0.001366 59.414026   -170.14    160.42      0.21
    22879.049230  9.396943  0.001397 62.022561   -169.68     13.76      0.19
    22888.361630  9.397468  0.001396 64.186519   -172.40    159.82      0.29
    22897.674031  9.397951  0.001388 63.859436   -176.27   -122.87      0.04
    22906.986431  9.398362  0.001331 61.536903   -178.47   -116.87      1.60
    22916.298831  9.399101  0.001372 59.235009   -177.58   -179.00      0.77
    22925.611231  9.399762  0.001388 59.661357   -175.35     47.90      0.76
    22934.923631  9.400319  0.001370 62.243353   -175.26   -153.32      1.60
    22944.236031  9.400859  0.001384 64.160936   -178.04    -60.17      0.29
    22953.548431  9.401414  0.001354 63.927630    178.16    -35.08     -1.50
    22962.860831  9.401891  0.001334 61.494415    175.98    -81.28     -1.14
    22972.173231  9.402530  0.001359 59.236589    176.87    160.95     -0.07
    22981.485632  9.403393  0.001383 59.655810    178.98    -23.57     -1.51
    22990.798032  9.403746  0.001361 61.925992    179.25     82.05     -0.67
    23000.110432  9.404216  0.001344 64.091148    176.76    120.06      0.03
    23009.422832  9.404664  0.001302 64.152909    172.94     91.49     -0.30
    23018.735232  9.405492  0.001367 61.810759    170.47     -7.55      0.43
    23028.047632  9.406309  0.001390 59.567230    170.88   -175.03     -0.73
    23037.360032  9.406808  0.001371 59.334555    172.86    -52.14     -1.22
    23046.672432  9.407209  0.001360 61.250884    173.75      1.11     -0.44
    23055.984832  9.408088  0.001389 63.796650    171.87    -11.19     -1.02
    23065.297232  9.408345  0.001346 64.344099    168.19    -91.77     -0.70
    23074.609633  9.409010  0.001360 62.646684    165.20    117.64      0.37
    23083.922033  9.409394  0.001301 60.287565    164.59   -101.40      0.72
    23093.234433  9.410331  0.001385 59.021036    166.23    -29.53      0.56
    23102.546833  9.410813  0.001356 60.353350    167.86    -24.65     -1.28
    23111.859233  9.411181  0.001310 62.880647    167.04    -88.70     -0.67
    23121.171633  9.411982  0.001372 64.289030    164.00    139.30      0.33
    23130.484033  9.412403  0.001322 63.785049    160.48    -58.53     -0.90
    23139.796433  9.413093  0.001345 61.462334    158.51     31.76      1.26
    23149.108833  9.413855  0.001386 59.335463    159.18     55.58     -0.13
    23158.421233  9.414623  0.001399 59.433915    161.06      8.85      0.48
    23167.733634  9.414878  0.001359 61.261030    161.75   -103.65     -0.48
    23177.046034  9.415515  0.001366 63.586974    160.05     74.33      0.85
    23186.358434  9.416347  0.001394 64.483895    156.59   -172.91      0.68
    23195.670834  9.416604  0.001364 63.043006    153.43   -127.78     -0.23
    23204.983234  9.417467  0.001394 60.773245    152.31   -153.30      0.39
    23214.295634  9.417770  0.001345 59.201389    153.36    114.84     -1.25
    23223.608034  9.418386  0.001359 59.576750    155.16    -49.16      0.43
    23232.920434  9.418765  0.001305 61.855884    155.36     81.42      0.80
    23242.232834  9.419680  0.001382 63.832266    153.22    146.70      0.02
    23251.545235  9.420081  0.001350 64.320772    149.84    143.91     -0.43
    23260.857635  9.420482  0.001301 63.009444    146.86     71.77      1.00
    23270.170035  9.421399  0.001382 60.557540    145.87    -66.35     -0.37
    23279.482435  9.421750  0.001328 59.173494    147.05     83.57      1.06
    23288.794835  9.422775  0.001401 59.686075    148.63    168.39      0.17
    23298.107235  9.422972  0.001354 61.597325    148.90   -174.52     -0.26
    23307.419635  9.423548  0.001332 63.816343    146.96    137.13     -1.65
    23316.732035  9.424258  0.001361 64.402991    143.61     18.16      0.99
    23326.044435  9.424800  0.001368 63.152882    140.61   -164.84     -0.54
    23335.356835  9.425249  0.001323 61.096651    139.28    -56.22     -1.63
    23344.669236  9.426038  0.001372 59.264810    139.97    -19.49      0.67
    23353.981636  9.426417  0.001329 59.325786    141.67    -47.72     -0.43
    23363.294036  9.427076  0.001341 61.081994    142.31   -145.27      1.49
    23372.606436  9.427762  0.001377 63.105326    141.03     54.33     -0.43
    23381.918836  9.428561  0.001396 64.435774    138.10   -174.66     -0.36
    23391.231236  9.428641  0.001316 63.891516    134.79   -110.67      0.03
    23400.543636  9.429555  0.001383 61.912842    132.73   -114.74      0.15
    23409.856036  9.430294  0.001392 60.023205    132.57    174.13     -0.62
    23419.168436  9.430510  0.001341 59.044068    133.85     33.27      0.50
    23428.480836  9.431281  0.001374 59.938888    135.24   -172.82     -0.82
    23437.793237  9.431516  0.001296 62.044999    135.01    -86.19     -0.61
    23447.105637  9.432383  0.001380 63.744615    132.97    -66.34     -0.05
    23456.418037  9.432845  0.001341 64.436949    129.87   -114.00      1.26
    23465.730437  9.433646  0.001374 63.444038    126.86    135.71     -1.37
    23475.042837  9.434048  0.001365 61.319677    125.33    -47.12      0.39
    23484.355237  9.434568  0.001326 59.676925    125.60     62.88      1.52
    23493.667637  9.435245  0.001363 59.095595    126.93    109.23     -0.95
    23502.980037  9.435820  0.001361 60.161384    128.06     84.07      0.82
    23512.292437  9.436630  0.001389 62.268564    127.59     -4.07      0.01
    23521.604838  9.436911  0.001355 63.835092    125.46   -159.47      0.32
    23530.917238  9.437570  0.001358 64.406346    122.42    -19.84     -1.07
    23540.229638  9.437945  0.001318 63.490573    119.50     49.63      1.38
    23549.542038  9.438735  0.001373 61.452495    117.92     55.63     -0.42
    23558.854438  9.439453  0.001378 59.808042    118.00     -7.13     -1.04
    23568.166838  9.439709  0.001327 59.086753    119.15   -139.20      0.74
    23577.479238  9.440463  0.001371 59.831926    120.36     24.69     -0.61
    23586.791638  9.440860  0.001315 61.776437    120.24    122.91     -1.79
    23596.104038  9.441623  0.001373 63.453568    118.53    152.12      0.28
    23605.416438  9.441951  0.001324 64.392229    115.77    117.17      0.04
    23614.728839  9.442914  0.001377 64.027618    112.74     14.90      1.26
    23624.041239  9.443188  0.001349 62.313680    110.58   -151.93     -0.09
    23633.353639  9.443829  0.001344 60.544305    109.94    -26.12     -1.45
    23642.666039  9.444429  0.001341 59.275694    110.56     28.84      1.41
    23651.978439  9.445014  0.001358 59.185375    111.85     21.40     -0.58
    23661.290839  9.445498  0.001321 60.589539    112.52    -52.69     -1.67
    23670.603239  9.446207  0.001369 62.312134    111.79    164.47      0.55
    23679.915639  9.446582  0.001332 63.854594    109.77    -41.40     -0.27
    23689.228039  9.447249  0.001333 64.496000    106.88     44.59      1.65
    23698.540439  9.447837  0.001358 63.648171    104.08     68.13     -0.40
    23707.852840  9.448627  0.001380 62.141520    102.23     22.36     -0.03
    23717.165240  9.448817  0.001303 60.413503    101.63    -88.49     -0.86
    23726.477640  9.449630  0.001369 59.149854    102.34     91.48      0.25
    23735.790040  9.450409  0.001383 59.317299    103.48   -154.45      0.99
    23745.102440  9.450596  0.001324 60.379161    104.05   -103.54     -0.56
    23754.414840  9.451426  0.001373 62.078766    103.56   -121.12      0.44
    23763.727240  9.452100  0.001380 63.757245    101.69    159.08     -1.22
    23773.039640  9.452448  0.001357 64.346591     99.00     10.23      0.52
    23782.352040  9.453046  0.001349 64.041932     96.26    158.43     -1.08
    23791.664441  9.453383  0.001303 62.811897     94.03   -123.06      1.42
    23800.976841  9.454242  0.001369 60.962155     92.97   -106.93     -0.45
    23810.289241  9.455014  0.001385 59.674077     93.16   -159.96      0.24
    23819.601641  9.455097  0.001312 59.091365     94.01     83.05     -0.86
    23828.914041  9.455925  0.001367 59.550131     94.97   -102.66      0.42
    23838.226441  9.456693  0.001383 61.068819     95.09      7.92      0.44
    23847.538841  9.456943  0.001341 62.587884     94.08     54.19     -0.28
    23856.851241  9.457777  0.001382 63.920436     92.07     33.73      0.14
    23866.163641  9.458149  0.001337 64.492010     89.37    -49.37     -1.64
    23875.476041  9.458746  0.001363 63.851565     86.75    157.78      0.44
    23884.788442  9.459117  0.001309 62.687021     84.75    -57.98     -0.63
    23894.100842  9.459941  0.001355 61.098947     83.66     17.63      1.42
    23903.413242  9.460489  0.001363 59.630130     83.74     30.66     -0.54
    23912.725642  9.461165  0.001361 59.168558     84.50    -22.96     -1.56
    23922.038042  9.461426  0.001324 59.399019     85.28   -144.99      0.56
    23931.350442  9.462236  0.001372 60.528710     85.65     30.21     -0.20
    23940.662842  9.462802  0.001352 62.167451     84.95    141.96     -1.86
    23949.975242  9.463226  0.001349 63.416193     83.29   -175.30      0.43
    23959.287642  9.463927  0.001356 64.326169     80.99    165.89     -1.02
    23968.600042  9.464117  0.001288 64.362920     78.34     80.16     -0.18
    23977.912443  9.465056  0.001371 63.430528     76.00    -71.01      0.28
    23987.224843  9.465430  0.001315 62.224762     74.37     71.55      1.45
    23996.537243  9.466263  0.001375 60.698593     73.58    151.65     -0.16
    24005.849643  9.466587  0.001338 59.485870     73.76    164.12     -0.34
    24015.162043  9.466988  0.001288 59.164458     74.41    112.03     -1.05
    24024.474443  9.467838  0.001351 59.368946     75.09     -7.56      0.62
    24033.786843  9.468428  0.001354 60.467479     75.37    171.11     -1.16
    24043.099243  9.468788  0.001305 61.926536     74.73    -75.92     -1.29
    24052.411643  9.469445  0.001347 63.127341     73.32    -29.67      0.30
    24061.724044  9.469923  0.001311 64.191936     71.23    -44.75     -1.48
    24071.036444  9.470461  0.001310 64.433667     68.73   -128.16      0.72
    24080.348844  9.471235  0.001363 63.896492     66.39     85.46      0.37
    24089.661244  9.471701  0.001321 63.029698     64.43   -127.68      1.96
    24098.973644  9.472468  0.001372 61.591744     63.11    -41.91     -0.33
    24108.286044  9.472786  0.001330 60.284527     62.70    -23.83     -0.73
    24117.598444  9.473223  0.001291 59.475337     62.85    -70.08     -1.44
    24126.910844  9.474021  0.001346 59.006459     63.41    175.88      0.45
    24136.223244  9.474788  0.001370 59.475565     64.01      0.15     -0.93
    24145.535644  9.475216  0.001344 60.410101     64.08    119.58     -1.43
    24154.848045  9.475615  0.001339 61.556613     63.59    172.51     -0.26
    24164.160445  9.476435  0.001359 62.972113     62.35    163.46     -1.19
    24173.472845  9.476772  0.001333 63.855249     60.47     89.06     -0.85
    24182.785245  9.477278  0.001327 64.328911     58.28    -50.92      0.11
    24192.097645  9.477714  0.001284 64.372104     55.93    107.01     -0.89
    24201.410045  9.478448  0.001339 63.588110     53.80   -161.98      0.34
    24210.722445  9.479229  0.001366 62.606867     52.17   -135.33      0.86
    24220.034845  9.479857  0.001365 61.450418     51.03   -172.45      0.97
    24229.347245  9.480310  0.001366 60.162002     50.60     86.54     -0.19
    24238.659645  9.480471  0.001277 59.481103     50.72    -80.73      0.19
    24247.972046  9.481174  0.001307 59.095238     51.04     47.69      0.74
    24257.284446  9.481853  0.001338 59.236398     51.54    111.82      0.65
    24266.596846  9.482279  0.001290 60.080334     51.68    114.15     -1.40
    24275.909246  9.482893  0.001323 60.977387     51.32     49.05     -0.02
    24285.221646  9.483482  0.001317 62.172564     50.51    -79.54      0.45
    24294.534046  9.483902  0.001283 63.305639     49.04     90.07     -0.63
    24303.846446  9.484672  0.001345 63.938111     47.20   -166.40      0.02
    24313.158846  9.485324  0.001341 64.428132     45.13   -127.62      1.25
    24322.471246  9.485809  0.001334 64.329649     42.92   -151.22      1.25
    24331.783647  9.486403  0.001352 63.708390     40.93    121.35      0.39
    24341.096047  9.487041  0.001344 63.010022     39.24    -28.83     -1.73
    24350.408447  9.487599  0.001355 61.867504     37.94    114.08     -0.93
    24359.720847  9.488139  0.001357 60.787453     37.24   -167.33     -0.61
    24369.033247  9.488823  0.001354 60.000862     36.88   -154.30      1.52
    24378.345647  9.489210  0.001350 59.236019     36.93    157.46      0.63
    24387.658047  9.489918  0.001361 59.104972     37.23     43.75      0.91
    24396.970447  9.490132  0.001299 59.315538     37.39   -133.35      1.23
    24406.282847  9.490818  0.001334 59.741876     37.49    -12.98     -0.16
    24415.595247  9.491499  0.001340 60.730130     37.22     40.60      1.74
    24424.907648  9.491863  0.001319 61.616485     36.47     33.63      0.92
    24434.220048  9.492420  0.001324 62.552539     35.43    -36.98     -0.38
    24443.532448  9.493399  0.001377 63.536513     33.93   -173.01      0.65
    24452.844848  9.493695  0.001353 64.004081     32.14    -11.62      0.61
    24462.157248  9.494097  0.001319 64.371942     30.26     85.41      0.94
    24471.469648  9.494736  0.001321 64.421263     28.24    122.35     -1.68
    24480.782048  9.495388  0.001361 63.940582     26.35     91.01     -0.06
    24490.094448  9.496088  0.001366 63.470074     24.67     -1.72     -0.80
    24499.406848  9.496440  0.001337 62.648598     23.17   -160.50      1.30
    24508.719248  9.496890  0.001329 61.671726     22.10    -19.96     -0.16
    24518.031649  9.497545  0.001317 60.937678     21.31     53.71      1.86
    24527.344049  9.498044  0.001324 60.045535     20.81     68.37     -0.58
    24536.656449  9.498847  0.001363 59.470157     20.69     16.48     -0.57
    24545.968849  9.498903  0.001266 59.234901     20.61    -99.10      0.16
    24555.281249  9.499799  0.001350 59.015500     20.67     82.92     -0.38
    24564.593649  9.500604  0.001374 59.340695     20.72   -159.63      0.14
    24573.906049  9.500631  0.001281 59.787604     20.52   -104.03     -0.22
    24583.218449  9.501522  0.001356 60.315616     20.23   -112.74      0.03
    24592.530849  9.502277  0.001373 61.224218     19.62    176.49     -0.56
    24601.843250  9.502426  0.001315 61.916836     18.69     41.14      0.57
    24611.155650  9.503229  0.001358 62.671390     17.61   -155.80     -0.32
    24620.468050  9.503578  0.001306 63.459303     16.21    -54.70     -1.79
    24629.780450  9.504241  0.001351 63.837152     14.64    -20.64      0.56
    24639.092850  9.504622  0.001306 64.266067     13.00    -46.23     -0.82
    24648.405250  9.505249  0.001311 64.452529     11.21   -137.90      1.41
    24657.717650  9.505918  0.001353 64.260227      9.49     70.74     -0.19
    24667.030050  9.506608  0.001354 64.159485      7.81   -146.51      1.09
    24676.342450  9.507056  0.001341 63.694876      6.17    -63.01     -1.01
    24685.654850  9.507486  0.001328 63.090862      4.78    -46.43      0.19
    24694.967251  9.507831  0.001268 62.607384      3.49    -91.31      0.21
    24704.279651  9.508708  0.001351 61.804111      2.39    160.66      0.46
    24713.592051  9.509208  0.001334 61.166269      1.58     -9.05     -1.07
    24722.904451  9.509630  0.001296 60.628532      0.82    117.97     -1.71
    24732.216851  9.510250  0.001330 59.923183      0.30    179.08      0.36
    24741.529251  9.511110  0.001365 59.612203     -0.04   -179.68     -0.73
    24750.841651  9.511403  0.001325 59.294947     -0.42    118.84     -1.42
    24760.154051  9.511937  0.001329 59.030803     -0.60     -7.71     -0.33
    24769.466451  9.512804  0.001363 59.172479     -0.83    165.17     -1.14
    24778.778851  9.513035  0.001329 59.187895     -1.14    -85.47     -0.91
    24788.091252  9.513537  0.001314 59.443973     -1.39    -39.44     -0.46
    24797.403652  9.514186  0.001316 59.906717     -1.85    -53.81     -1.65
    24806.716052  9.514640  0.001328 60.201325     -2.38   -133.34     -0.43
    24816.028452  9.515150  0.001299 60.807208     -2.99     84.03      1.18
    24825.340852  9.515626  0.001289 61.341255     -3.83   -118.33      0.60
    24834.653252  9.516281  0.001326 61.767219     -4.69    -23.64      0.02
    24843.965652  9.517203  0.001368 62.444490     -5.73      8.15      0.11
    24853.278052  9.517591  0.001353 62.832702     -6.90    -22.25      0.27
    24862.590452  9.518145  0.001354 63.252076     -8.07   -115.80      0.64
    24871.902853  9.518268  0.001261 63.751907     -9.41     89.93     -0.11
    24881.215253  9.519089  0.001329 63.901249    -10.79   -127.38     -0.25
    24890.527653  9.519508  0.001297 64.202262    -12.14    -46.97     -0.79
    24899.840053  9.520460  0.001360 64.397870    -13.64    -28.48     -1.09
    24909.152453  9.520809  0.001349 64.313028    -15.05    -74.27      0.17
    24918.464853  9.521619  0.001369 64.451661    -16.45    179.69     -0.57
    24927.777253  9.521999  0.001348 64.324421    -17.92      9.43      1.13
    24937.089653  9.522382  0.001329 64.096762    -19.26    139.06      0.17
    24946.402053  9.523165  0.001350 64.051918    -20.61   -155.29      1.34
    24955.714453  9.523404  0.001316 63.680355    -21.94   -149.61      0.47
    24965.026854  9.524025  0.001321 63.414553    -23.14    153.76     -0.72
    24974.339254  9.524639  0.001321 63.203667    -24.36     31.94      1.74
    24983.651654  9.525071  0.001325 62.719551    -25.50   -147.83     -0.17
    24992.964054  9.525673  0.001317 62.488110    -26.54    -30.47     -1.46
    25002.276454  9.526284  0.001325 62.147342    -27.63     21.27      1.40
    25011.588854  9.526759  0.001331 61.691634    -28.56     15.17     -0.42
    25020.901254  9.527186  0.001286 61.514352    -29.48    -53.32     -1.60
    25030.213654  9.527975  0.001344 61.101042    -30.41    172.97      0.79
    25039.526054  9.528349  0.001315 60.780212    -31.18    -19.34     -0.68
    25048.838454  9.528706  0.001258 60.628990    -32.04     84.61      0.23
    25058.150855  9.529612  0.001348 60.223574    -32.83    127.71      0.05
    25067.463255  9.529859  0.001283 60.076129    -33.52    108.48      0.05
    25076.775655  9.530715  0.001328 59.911114    -34.33     26.36      1.75
    25086.088055  9.531264  0.001346 59.596178    -35.02   -114.09     -0.39
    25095.400455  9.531903  0.001340 59.590536    -35.70     39.85      1.38
    25104.712855  9.532417  0.001349 59.402773    -36.46    136.25     -0.58
    25114.025255  9.532769  0.001320 59.237746    -37.11    168.32     -0.41
    25123.337655  9.533394  0.001318 59.302232    -37.83    140.69     -1.78
    25132.650055  9.533811  0.001311 59.103931    -38.57     48.58     -0.25
    25141.962456  9.534430  0.001321 59.109873    -39.23   -105.20      1.01
    25151.274856  9.534941  0.001300 59.155115    -40.01     40.73      1.56
    25160.587256  9.535571  0.001339 59.000160    -40.71    126.39      0.53
    25169.899656  9.536111  0.001314 59.129681    -41.43    151.60     -1.57
    25179.212056  9.536614  0.001319 59.109387    -42.25    113.45     -1.31
    25188.524456  9.537216  0.001334 59.044678    -42.96     12.96     -0.69
    25197.836856  9.537917  0.001343 59.221149    -43.77   -150.12      1.47
    25207.149256  9.538383  0.001341 59.127046    -44.61    -11.50      0.69
    25216.461656  9.538846  0.001332 59.183963    -45.34     64.33      0.88
    25225.774056  9.539001  0.001252 59.317738    -46.22     80.20      0.27
    25235.086457  9.539806  0.001316 59.195989    -47.06     34.53     -0.31
    25244.398857  9.540190  0.001270 59.344108    -47.85    -73.69      0.20
    25253.711257  9.541011  0.001319 59.375579    -48.78    119.51     -1.41
    25263.023657  9.541569  0.001342 59.292617    -49.62   -111.90     -0.10
    25272.336057  9.542061  0.001304 59.470442    -50.49    -41.34     -1.75
    25281.648457  9.542825  0.001359 59.395068    -51.44    -35.08      0.02
    25290.960857  9.543124  0.001322 59.395357    -52.28    -89.49      0.82
    25300.273257  9.543970  0.001353 59.530925    -53.23    158.28     -1.16
    25309.585657  9.544288  0.001335 59.390812    -54.17    -18.90      0.61
    25318.898057  9.544579  0.001282 59.478303    -55.05    104.39      0.60
    25328.210458  9.545615  0.001362 59.514114    -56.06    167.80      0.02
    25337.522858  9.545816  0.001319 59.375455    -56.98    169.24     -0.02
    25346.835258  9.546130  0.001260 59.511731    -57.93    110.18     -0.42
    25356.147658  9.547143  0.001348 59.429577    -58.97    -10.84      0.59
    25365.460058  9.547463  0.001319 59.352527    -59.88    168.99     -0.72
    25374.772458  9.547740  0.001256 59.473703    -60.91    -72.58     -1.07
    25384.084858  9.548676  0.001339 59.304063    -61.96    -17.02      0.64
    25393.397258  9.549127  0.001316 59.317197    -62.90    -19.23     -1.13
    25402.709658  9.549358  0.001259 59.363957    -64.00    -83.52     -1.02
    25412.022059  9.550228  0.001333 59.174387    -65.03    149.65      0.55
    25421.334459  9.550710  0.001303 59.265286    -66.04    -34.40     -1.51
    25430.646859  9.551004  0.001272 59.211393    -67.18     78.22     -0.44
    25439.959259  9.551768  0.001320 59.079395    -68.22    129.67      0.59
    25449.271659  9.552176  0.001277 59.204287    -69.31    123.88     -1.52
    25458.584059  9.552712  0.001294 59.070347    -70.47     54.18     -0.15
    25467.896459  9.553300  0.001304 59.052999    -71.52    -76.08      0.70
    25477.208859  9.553647  0.001254 59.160416    -72.70     95.85     -0.71
    25486.521259  9.554440  0.001312 59.009511    -73.85   -154.91     -0.13
    25495.833659  9.554964  0.001303 59.122453    -74.96   -107.29      1.31
    25505.146060  9.555338  0.001268 59.180524    -76.19   -117.50      0.63
    25514.458460  9.556065  0.001315 59.098824    -77.31    171.41     -0.09
    25523.770860  9.556852  0.001339 59.314985    -78.49     37.65      1.54
    25533.083260  9.557175  0.001310 59.330253    -79.73   -154.09      1.10
    25542.395660  9.557576  0.001298 59.392683    -80.84    -46.28      0.16
    25551.708060  9.558621  0.001364 59.663642    -82.05      0.70      0.13
    25561.020460  9.558846  0.001328 59.681605    -83.26    -13.28      0.74
    25570.332860  9.559216  0.001294 59.915889    -84.35    -87.49      0.85
    25579.645260  9.559993  0.001328 60.196911    -85.55    141.12     -1.56
    25588.957661  9.560448  0.001334 60.281868    -86.67    -55.11      0.27
    25598.270061  9.561070  0.001325 60.665029    -87.73     49.03      1.41
    25607.582461  9.561388  0.001293 60.920986    -88.86     97.12     -1.13
    25616.894861  9.562142  0.001344 61.127425    -89.85     80.55      0.28
    25626.207261  9.562830  0.001351 61.599633    -90.84      5.70      0.07
    25635.519661  9.562975  0.001298 61.811057    -91.83   -129.23     -0.00
    25644.832061  9.563770  0.001347 62.155684    -92.67     35.14      0.01
    25654.144461  9.564284  0.001323 62.610374    -93.57    141.79     -1.79
    25663.456861  9.564619  0.001314 62.786549    -94.36   -175.65      0.21
    25672.769261  9.565365  0.001331 63.216776    -95.06    170.19     -1.30
    25682.081662  9.565592  0.001275 63.528203    -95.81     94.72     -0.96
    25691.394062  9.566295  0.001322 63.679645    -96.41    -42.16      0.30
    25700.706462  9.566677  0.001270 64.070996    -96.99    124.28     -1.52
    25710.018862  9.567216  0.001291 64.163002    -97.58   -132.74      0.52
    25719.331262  9.567853  0.001313 64.267123    -98.03    -88.46      0.77
    25728.643662  9.568111  0.001243 64.468544    -98.55   -103.09      0.61
    25737.956062  9.568989  0.001324 64.319325    -99.03   -177.72      0.53
    25747.268462  9.569649  0.001333 64.330232    -99.43     47.03      0.91
    25756.580862  9.570065  0.001305 64.220293    -99.95   -147.66      1.59
    25765.893262  9.570542  0.001321 63.859567   -100.43    -40.62      0.34
    25775.205663  9.571405  0.001351 63.716170   -100.94      6.02     -0.12
    25784.518063  9.571767  0.001338 63.271696   -101.58     -7.93      0.73
    25793.830463  9.572178  0.001319 62.796892   -102.19    -81.04      0.54
    25803.142863  9.572826  0.001322 62.462117   -102.97    148.82     -1.76
    25812.455263  9.573357  0.001341 61.803891   -103.84    -45.05      0.09
    25821.767663  9.573855  0.001324 61.344399   -104.76     61.86      1.26
    25831.080063  9.574236  0.001284 60.886766   -105.91    113.94     -1.63
    25840.392463  9.574955  0.001337 60.246782   -107.10    101.46      0.17
    25849.704863  9.575587  0.001342 59.943778   -108.41     30.53      0.99
    25859.017264  9.575690  0.001271 59.547307   -109.93    -97.01     -0.55
    25868.329664  9.576497  0.001331 59.189963   -111.40     73.16      0.26
    25877.642064  9.577349  0.001357 59.191013   -113.01   -174.70      0.03
    25886.954464  9.577343  0.001285 59.062151   -114.71   -121.80     -0.16
    25896.266864  9.578196  0.001340 59.178667   -116.26   -129.49      0.35
    25905.579264  9.578881  0.001350 59.551769   -117.90    165.39     -0.54
    25914.891664  9.579052  0.001306 59.789026   -119.43     39.52     -0.20
    25924.204064  9.579863  0.001345 60.377140   -120.76   -146.48      0.62
    25933.516464  9.580368  0.001342 60.998972   -122.06    -28.97     -0.83
    25942.828864  9.580655  0.001317 61.507845   -123.10     26.89     -0.42
    25952.141265  9.581449  0.001340 62.315128   -123.97     22.76      0.75
    25961.453665  9.581943  0.001343 62.877458   -124.73    -37.90     -0.43
    25970.766065  9.582335  0.001329 63.395581   -125.20   -159.45     -0.55
    25980.078465  9.583052  0.001337 63.999078   -125.61     18.48      1.11
    25989.390865  9.583460  0.001336 64.166927   -125.89    139.76      0.24
    25998.703265  9.584107  0.001347 64.386310   -126.02   -158.94     -0.16
    26008.015665  9.584556  0.001324 64.407840   -126.24   -158.20      1.55
    26017.328065  9.584894  0.001316 64.028950   -126.40    146.07      0.29
    26026.640465  9.585726  0.001343 63.770630   -126.64     29.19      1.23
    26035.952865  9.585926  0.001296 63.142484   -127.12   -145.16      1.18
    26045.265266  9.586427  0.001302 62.382343   -127.66    -17.41     -0.45
    26054.577666  9.587004  0.001287 61.774632   -128.51     47.74      2.15
    26063.890066  9.587457  0.001294 60.870518   -129.64     59.28     -0.35
    26073.202466  9.588222  0.001328 60.197629   -130.91      9.52     -0.75
    26082.514866  9.588317  0.001241 59.703305   -132.54    -99.50     -0.02
    26091.827266  9.589223  0.001330 59.162245   -134.30     93.41     -0.22
    26101.139666  9.589823  0.001324 59.117297   -136.13   -134.23      1.24
    26110.452066  9.590258  0.001312 59.213318   -138.09    -55.97     -1.43
    26119.764466  9.590657  0.001304 59.462906   -139.87    -41.52      0.43
    26129.076867  9.590987  0.001244 60.198810   -141.52    -83.52      0.10
    26138.389267  9.591866  0.001321 60.859038   -142.96    174.83      0.87
    26147.701667  9.592392  0.001328 61.685047   -144.00     16.07     -0.61
    26157.014067  9.593086  0.001335 62.676499   -144.82    158.30     -1.39
    26166.326467  9.593317  0.001307 63.287956   -145.30   -120.06     -0.43
    26175.638867  9.593771  0.001282 63.970788   -145.48    -98.07      1.13
    26184.951267  9.594288  0.001274 64.367330   -145.58   -132.93      1.50
    26194.263667  9.594944  0.001316 64.289108   -145.50    134.71      0.33
    26203.576067  9.595701  0.001333 64.205265   -145.46    -15.53     -1.37
    26212.888467  9.596131  0.001331 63.592111   -145.63    133.95     -0.83
    26222.200868  9.596680  0.001336 62.782595   -145.91   -135.86      0.05
    26231.513268  9.596803  0.001242 62.008125   -146.62   -103.25      0.72
    26240.825668  9.597477  0.001294 60.912659   -147.71   -127.29     -0.22
    26250.138068  9.598074  0.001294 60.105483   -149.09    150.10     -1.14
    26259.450468  9.598882  0.001336 59.516466   -150.93      6.80      1.03
    26268.762868  9.599150  0.001308 59.031420   -152.94    167.76      0.39
    26278.075268  9.599446  0.001255 59.189699   -155.00    -90.74      0.90
    26287.387668  9.600341  0.001325 59.568837   -157.08    -44.72     -0.98
    26296.700068  9.600690  0.001307 60.204943   -158.79    -60.96      0.46
    26306.012468  9.601343  0.001305 61.302563   -160.17   -135.41      1.95
    26315.324869  9.601816  0.001309 62.221686   -161.15     96.13     -0.78
    26324.637269  9.602304  0.001306 63.175681   -161.58    -95.67      0.91
    26333.949669  9.603077  0.001331 64.027148   -161.75     16.13      1.22
    26343.262069  9.603345  0.001314 64.257420   -161.61     71.41     -0.40
    26352.574469  9.603839  0.001291 64.360737   -161.35     64.73      1.56
    26361.886869  9.604635  0.001333 63.941122   -161.28      3.09      1.04
    26371.199269  9.605046  0.001332 63.033051   -161.36   -116.45     -0.08
    26380.511669  9.605332  0.001266 62.167708   -161.88     63.37      1.84
    26389.824069  9.605973  0.001307 60.964094   -162.98   -171.61      1.07
    26399.136470  9.606546  0.001317 59.959878   -164.46   -105.37      0.84
    26408.448870  9.606684  0.001230 59.406753   -166.47    -95.86      0.11
    26417.761270  9.607453  0.001292 59.017152   -168.73   -144.78     -0.03
    26427.073670  9.607854  0.001266 59.339799   -170.91    107.53      0.35
    26436.386070  9.608569  0.001291 60.114679   -172.95    -55.08     -1.80
    26445.698470  9.609231  0.001332 61.009349   -174.47     80.14     -0.27
    26455.010870  9.609715  0.001310 62.312390   -175.41    160.05     -1.60
    26464.323270  9.610302  0.001324 63.338015   -175.86    178.62      0.81
    26473.635670  9.610622  0.001300 64.019908   -175.76    141.81      0.03
    26482.948070  9.611215  0.001290 64.468113   -175.45     44.86      1.90
    26492.260471  9.611668  0.001301 64.092448   -175.13   -105.36     -0.61
    26501.572871  9.612442  0.001334 63.413945   -174.95     42.50      0.72
    26510.885271  9.612856  0.001307 62.398475   -175.35    137.51     -1.92
    26520.197671  9.613218  0.001300 61.013432   -176.29    170.03      0.21
    26529.510071  9.613836  0.001291 60.040709   -177.83    149.28     -1.76
    26538.822471  9.614043  0.001246 59.295981    179.96     67.95      0.05
    26548.134871  9.614832  0.001309 59.022489    177.61    -70.09      0.63
    26557.447271  9.615040  0.001230 59.624825    175.29     95.69      0.02
    26566.759671  9.615845  0.001294 60.484796    173.32   -157.73      1.12
    26576.072071  9.616512  0.001321 61.709016    172.10   -108.03      0.70
    26585.384472  9.616705  0.001248 63.087508    171.50   -116.79      1.39
    26594.696872  9.617438  0.001309 63.882366    171.52    178.17      0.52
    26604.009272  9.618039  0.001310 64.385801    171.99     53.78      1.09
    26613.321672  9.618331  0.001262 64.197261    172.42   -126.76      0.98
    26622.634072  9.618931  0.001300 63.255684    172.66     -4.01     -0.19
    26631.946472  9.619487  0.001278 62.182336    172.30     58.64      1.82
    26641.258872  9.619893  0.001273 60.753921    171.14     68.73     -0.24
    26650.571272  9.620648  0.001320 59.618313    169.35     19.77     -0.72
    26659.883672  9.620722  0.001224 59.200234    166.91    -86.77     -0.11
    26669.196073  9.621656  0.001315 59.216949    164.35    110.44     -0.43
    26678.508473  9.622185  0.001305 60.109054    162.20   -112.06      1.11
    26687.820873  9.622854  0.001324 61.484116    160.59    -27.61     -1.27
    26697.133273  9.623087  0.001299 62.709692    159.89     -5.05      0.28
    26706.445673  9.623661  0.001286 63.934772    159.97    -36.59     -1.69
    26715.758073  9.624005  0.001265 64.389093    160.42   -129.54      0.93
    26725.070473  9.624756  0.001316 64.040214    161.06     82.98      0.34
    26734.382873  9.625135  0.001264 63.256812    161.30   -123.10      1.78
    26743.695273  9.625833  0.001320 61.743903    160.80    -23.06      0.49
    26753.007673  9.626381  0.001320 60.360392    159.50     19.69     -0.54
    26762.320074  9.627075  0.001335 59.441865    157.28      4.14      0.72
    26771.632474  9.627366  0.001320 59.016648    154.66    -66.54      0.15
    26780.944874  9.627881  0.001305 59.677402    152.16    166.48     -1.34
    26790.257274  9.628548  0.001331 60.924213    150.17    -19.80     -0.26
    26799.569674  9.628942  0.001323 62.296171    149.21     96.48      0.36
    26808.882074  9.629529  0.001314 63.743036    149.13    158.26     -1.71
    26818.194474  9.630065  0.001327 64.320486    149.63    159.17      0.28
    26827.506874  9.630271  0.001284 64.125111    150.40    104.23      0.60
    26836.819274  9.631230  0.001337 63.283985    150.72     -5.73     -0.14
    26846.131674  9.631338  0.001292 61.653168    150.26   -173.55      0.40
    26855.444075  9.631879  0.001278 60.257472    148.87    -35.59     -1.37
    26864.756475  9.632317  0.001262 59.317816    146.43     41.93      1.64
    26874.068875  9.633018  0.001312 59.074825    143.69     67.63     -0.44
    26883.381275  9.633732  0.001325 60.041033    141.22     32.73      1.25
    26892.693675  9.634102  0.001309 61.457214    139.48    -54.68     -1.24
    26902.006075  9.634442  0.001292 62.933045    138.95    156.66     -0.26
    26911.318475  9.635015  0.001278 64.188689    139.27    -46.04     -1.93
    26920.630875  9.635442  0.001286 64.290942    140.05     51.13     -0.19
    26929.943275  9.635950  0.001277 63.620803    140.75     92.19      0.71
    26939.255676  9.636331  0.001239 62.271254    140.62     79.10      0.14
    26948.568076  9.636982  0.001289 60.496674    139.45      9.42     -0.17
    26957.880476  9.637550  0.001281 59.432214    137.22   -118.44      1.74
    26967.192876  9.637885  0.001249 59.141119    134.30     61.31      0.38
    26976.505276  9.638586  0.001294 59.816141    131.71   -176.61     -0.41
    26985.817676  9.639013  0.001256 61.489067    129.94   -114.28      1.86
    26995.130076  9.639534  0.001275 63.028851    129.33   -104.02     -0.55
    27004.442476  9.640306  0.001322 64.130003    129.86   -153.89     -0.28
    27013.754876  9.640359  0.001226 64.382860    130.72    101.39     -1.12
    27023.067276  9.641260  0.001318 63.310497    131.35    -61.69     -0.03
    27032.379677  9.641599  0.001265 61.819243    131.12     78.81      1.34
    27041.692077  9.642508  0.001335 60.179460    129.51    166.83      0.16
    27051.004477  9.642704  0.001296 59.082018    126.93   -161.81     -0.53
    27060.316877  9.643512  0.001323 59.382442    124.00    173.36     -0.94
    27069.629277  9.643667  0.001274 60.536361    121.53     92.22     -1.21
    27078.941677  9.644187  0.001286 62.221027    120.39    -48.01      0.20
    27088.254077  9.644624  0.001249 63.865715    120.46    118.53     -1.54
    27097.566477  9.645198  0.001287 64.309699    121.33   -134.61     -0.10
    27106.878877  9.645630  0.001263 63.797759    122.28    -83.66      0.74
    27116.191277  9.646114  0.001245 62.341563    122.34    -85.26     -0.99
    27125.503678  9.646773  0.001296 60.416264    121.15   -144.99     -0.45
    27134.816078  9.647030  0.001230 59.332059    118.69     99.82      0.26
    27144.128478  9.647793  0.001280 59.238131    115.55    -68.23     -1.44
    27153.440878  9.648500  0.001322 60.306160    113.03     63.65      0.10
    27162.753278  9.648889  0.001282 62.272583    111.71    142.99     -2.17
    27172.065678  9.649522  0.001318 63.733442    111.75    161.02      0.40
    27181.378078  9.649723  0.001266 64.353237    112.79    125.28     -0.13
    27190.690478  9.650483  0.001289 63.786669    113.70     31.61      1.99
    27200.002878  9.650946  0.001307 61.984204    113.73   -113.22     -0.48
    27209.315279  9.651531  0.001305 60.279366    112.35     42.37      1.36
    27218.627679  9.652196  0.001327 59.187151    109.54    147.31     -0.73
    27227.940079  9.652424  0.001294 59.325622    106.44   -166.22     -0.43
    27237.252479  9.653222  0.001325 60.946679    104.12   -175.73     -0.24
    27246.564879  9.653572  0.001311 62.765514    103.21    119.52     -1.03
    27255.877279  9.653987  0.001300 64.087054    103.81     -3.32     -0.72
    27265.189679  9.654813  0.001332 64.330509    104.94    177.85      0.10
    27274.502079  9.655054  0.001314 62.958559    105.65    -55.77      0.09
    27283.814479  9.655689  0.001321 61.138307    105.07     15.75     -0.37
    27293.126879  9.655969  0.001277 59.563806    102.77     30.55      1.66
    27302.439280  9.656461  0.001287 59.043117     99.64     -6.46     -0.01
    27311.751680  9.656839  0.001246 60.265276     96.79   -102.34      1.45
    27321.064080  9.657527  0.001283 62.145845     95.28    110.04     -1.26
    27330.376480  9.658064  0.001304 63.761743     95.53    -99.10      0.56
    27339.688880  9.658921  0.001336 64.448831     96.67     -1.26     -0.13
    27349.001280  9.658968  0.001281 63.362761     97.63     40.16      0.20
    27358.313680  9.659726  0.001320 61.509549     97.43     26.65      0.12
    27367.626080  9.660262  0.001306 59.774099     95.37    -39.15     -1.60
    27376.938480  9.660520  0.001284 59.010052     92.19   -163.27     -0.10
    27386.250880  9.661353  0.001327 60.096524     89.22     18.22      0.15
    27395.563281  9.661788  0.001319 62.055494     87.56    145.40     -0.95
    27404.875681  9.662096  0.001305 63.721271     87.77   -145.77     -0.48
    27414.188081  9.662624  0.001279 64.431623     89.00   -134.35      1.82
    27423.500481  9.663100  0.001295 63.292575     89.99   -174.72      0.89
    27432.812881  9.663588  0.001283 61.307082     89.69     88.79      0.92
    27442.125281  9.664035  0.001258 59.633631     87.44    -58.64     -1.85
    27451.437681  9.664662  0.001307 59.066953     84.12     94.90     -0.40
    27460.750081  9.665362  0.001324 60.394684     81.25   -165.85     -0.38
    27470.062481  9.665426  0.001240 62.522720     79.95   -123.67      1.16
    27479.374882  9.666148  0.001303 63.998179     80.55   -134.97     -0.36
    27488.687282  9.666803  0.001303 64.290687     81.93    158.16     -1.71
    27497.999682  9.667061  0.001272 62.748399     82.64     32.73      0.99
    27507.312082  9.667754  0.001309 60.581255     81.74   -143.72     -0.15
    27516.624482  9.668513  0.001326 59.284453     78.90    -14.15     -0.89
    27525.936882  9.668581  0.001275 59.417151     75.43     59.49     -0.44
    27535.249282  9.669178  0.001284 61.263942     73.17     75.87      1.18
    27544.561682  9.669597  0.001263 63.434475     72.77     37.69      1.91
    27553.874082  9.670214  0.001307 64.276319     73.96    -54.32      0.39
    27563.186482  9.670769  0.001292 63.658465     75.29    158.99     -1.53
    27572.498883  9.671361  0.001312 61.554365     75.17    -44.26     -0.74
    27581.811283  9.671766  0.001308 59.545050     73.08     58.12      0.01
    27591.123683  9.671878  0.001218 59.232615     69.61    108.32     -0.86
    27600.436083  9.672741  0.001297 60.489363     66.61    102.70     -0.96
    27609.748483  9.673338  0.001314 62.720738     65.65     39.44      0.19
    27619.060883  9.673437  0.001227 64.322625     66.48    -76.51     -1.17
    27628.373283  9.674251  0.001308 63.879184     67.98    109.59      0.06
    27637.685683  9.674714  0.001275 62.138622     68.44   -119.32      1.86
    27646.998083  9.675453  0.001316 59.961086     66.66    -36.74     -0.99
    27656.310483  9.675667  0.001280 59.008477     63.33    -12.16     -0.19
    27665.622884  9.676137  0.001258 60.305603     60.10    -39.52     -2.04
    27674.935284  9.676541  0.001252 62.468752     58.69   -126.55      0.35
    27684.247684  9.677169  0.001283 64.118907     59.51     92.05      0.79
    27693.560084  9.677403  0.001214 64.134087     61.05   -103.25      0.66
    27702.872484  9.678136  0.001281 62.123455     61.59      7.17      0.49
    27712.184884  9.678723  0.001280 59.984834     60.00     62.64      1.49
    27721.497284  9.678934  0.001222 59.141981     56.49     67.21      0.37
    27730.809684  9.679671  0.001281 60.202546     53.25     16.09     -0.13
    27740.122084  9.680019  0.001234 62.665469     52.03    -92.08      0.74
    27749.434485  9.680703  0.001279 64.229476     52.89    107.47     -1.20
    27758.746885  9.681335  0.001309 63.853636     54.55   -112.01      0.45
    27768.059285  9.681943  0.001306 61.962629     54.88    -21.33     -1.47
    27777.371685  9.682162  0.001274 59.635982     52.85     12.21      0.47
    27786.684085  9.682838  0.001293 59.148829     49.28     -4.55     -1.18
    27795.996485  9.683002  0.001226 60.814934     46.20    -77.01     -1.33
    27805.308885  9.683745  0.001294 63.031940     45.51    152.69      0.43
    27814.621285  9.684274  0.001276 64.408403     46.85    -29.15     -1.72
    27823.933685  9.684574  0.001248 63.487687     48.29     92.19     -0.94
    27833.246085  9.685149  0.001273 61.066118     48.07    159.54     -0.26
    27842.558486  9.686106  0.001326 59.362589     45.32    175.33     -0.65
    27851.870886  9.686378  0.001307 59.483794     41.51    136.79     -0.23
    27861.183286  9.686886  0.001310 61.598303     39.27     42.67      0.18
    27870.495686  9.686915  0.001213 63.914997     39.47   -106.78      0.92
    27879.808086  9.687697  0.001284 64.162622     41.16     50.72     -0.35
    27889.120486  9.688210  0.001271 62.542943     42.18    153.99     -1.50
    27898.432886  9.688747  0.001279 60.119961     40.68   -159.32      1.55
    27907.745286  9.689229  0.001285 59.005394     37.14   -160.90     -0.58
    27917.057686  9.689651  0.001256 60.517785     33.80    142.49     -1.79
    27926.370086  9.690142  0.001266 62.928584     32.78     26.79      1.05
    27935.682487  9.690856  0.001311 64.291085     34.15   -140.67     -0.11
    27944.994887  9.691554  0.001323 63.536828     35.73     -2.99     -0.09
    27954.307287  9.691768  0.001293 60.935544     35.40     81.99     -0.57
    27963.619687  9.691991  0.001236 59.204662     32.48    112.88      0.13
    27972.932087  9.692430  0.001216 59.798005     28.59     92.42     -0.76
    27982.244487  9.693126  0.001276 62.024316     26.68     15.08     -0.14
    27991.556887  9.693626  0.001256 64.183185     27.46   -119.05      1.90
    28000.869287  9.694040  0.001245 63.960929     29.23     56.27      0.59
    28010.181687  9.694653  0.001277 61.656950     29.72    177.60     -0.59
    28019.494088  9.694966  0.001224 59.562393     27.33   -116.65      1.79
    28028.806488  9.695621  0.001267 59.338341     23.34    -98.60     -0.99
    28038.118888  9.696366  0.001307 61.507772     20.85   -139.60      0.18
    28047.431288  9.696708  0.001265 63.946545     21.10    128.04     -2.00
    28056.743688  9.697195  0.001292 64.077759     22.97    -23.82      0.54
    28066.056088  9.697553  0.001244 62.172785     23.86    135.32     -1.37
    28075.368488  9.697933  0.001231 59.712579     21.80   -121.18      0.57
    28084.680888  9.698669  0.001287 59.168667     17.91    -68.94      0.65
    28093.993288  9.698920  0.001218 61.353684     15.04    -69.21     -0.88
    28103.305688  9.699501  0.001252 63.714967     15.07   -127.09      0.30
    28112.618089  9.700009  0.001257 64.177146     17.03    121.32      0.09
    28121.930489  9.700729  0.001274 62.323363     17.96    -40.90     -2.13
    28131.242889  9.701258  0.001300 59.651514     16.05    100.48     -0.28
    28140.555289  9.701928  0.001314 59.259551     12.12   -168.69     -0.57
    28149.867689  9.702043  0.001242 61.387782      9.16   -134.13      1.77
    28159.180089  9.702606  0.001282 63.711672      9.36   -150.67     -0.33
    28168.492489  9.703056  0.001252 64.237444     11.34    137.97     -1.94
    28177.804889  9.703671  0.001285 62.040334     12.15      9.23      1.25
    28187.117289  9.704175  0.001286 59.510622     10.03   -166.83     -0.76
    28196.429689  9.704697  0.001272 59.452919      5.94    -35.68     -1.93
    28205.742090  9.704999  0.001260 61.623986      3.30     37.74      0.42
    28215.054490  9.705682  0.001291 63.998930      3.92     57.49      0.92
    28224.366890  9.706251  0.001284 64.027942      5.91     23.50      1.71
    28233.679290  9.706697  0.001300 61.455054      6.38    -61.37      0.37
    28242.991690  9.707245  0.001284 59.340187      3.65    162.68     -1.59
    28252.304090  9.707803  0.001305 59.725002     -0.52    -28.62     -0.31
    28261.616490  9.708195  0.001300 62.240865     -2.40     85.65      0.36
    28270.928890  9.708686  0.001275 64.361225     -1.21    148.29     -1.92
    28280.241290  9.709174  0.001301 63.436036      0.71    153.00      0.33
    28289.553691  9.709451  0.001251 60.737342      0.40    107.12      0.51
    28298.866091  9.710395  0.001314 59.170941     -3.19      9.97      1.03
    28308.178491  9.710509  0.001270 60.325278     -7.00   -138.71     -0.16
    28317.490891  9.711272  0.001308 63.214936     -7.77     16.38     -0.20
    28326.803291  9.711487  0.001258 64.384107     -5.99    119.07     -1.66
    28336.115691  9.711934  0.001269 62.495474     -4.49    165.14     -0.01
    28345.428091  9.712769  0.001300 59.908869     -6.15    163.07     -1.55
    28354.740491  9.712993  0.001270 59.251770    -10.38    107.75     -1.25
    28364.052891  9.713453  0.001274 61.490279    -13.17     -2.18     -0.69
    28373.365291  9.714299  0.001311 64.115756    -12.62   -167.58      0.95
    28382.677692  9.714541  0.001294 63.799068    -10.48    -24.73      0.57
    28391.990092  9.715027  0.001277 61.244488    -10.17     64.40      1.42
    28401.302492  9.715304  0.001233 59.210107    -13.44    106.80     -1.55
    28410.614892  9.716069  0.001299 60.051759    -17.50     91.94     -0.11
    28419.927292  9.716697  0.001308 63.049305    -18.63     23.24      0.57
    28429.239692  9.716753  0.001239 64.354615    -16.83    -97.53     -0.56
    28438.552092  9.717507  0.001288 62.548846    -15.19     85.99      0.63
    28447.864492  9.717986  0.001267 59.882526    -16.93   -141.49      2.02
    28457.176892  9.718517  0.001292 59.273351    -21.24    -56.52     -0.39
    28466.489292  9.718809  0.001256 61.768403    -23.87    -27.61     -0.94
    28475.801693  9.719382  0.001253 64.250326    -23.03    -52.12     -2.14
    28485.114093  9.719897  0.001280 63.515441    -20.82   -133.33     -0.32
    28494.426493  9.720155  0.001219 60.789312    -21.04     94.69      0.54
    28503.738893  9.720648  0.001226 59.119320    -24.88    -84.90     -1.33
    28513.051293  9.721420  0.001288 60.662538    -28.59     39.56     -0.49
    28522.363693  9.721604  0.001213 63.698710    -28.81    110.95     -0.99
    28531.676093  9.722451  0.001295 64.107091    -26.62    127.89     -0.59
    28540.988493  9.722833  0.001271 61.617868    -25.73     91.13      0.92
    28550.300893  9.723655  0.001308 59.314978    -28.70      5.98      0.70
    28559.613294  9.723765  0.001266 59.942486    -33.00   -130.26     -0.43
    28568.925694  9.724469  0.001301 62.980803    -34.23     36.75      0.61
    28578.238094  9.725041  0.001304 64.387778    -32.31    152.69     -0.83
    28587.550494  9.725296  0.001285 62.296133    -30.73   -146.02     -0.48
    28596.862894  9.725862  0.001275 59.623426    -32.85   -137.11      1.71
    28606.175294  9.726387  0.001287 59.571478    -37.35   -176.34      1.19
    28615.487694  9.726803  0.001284 62.355724    -39.38     90.07      0.65
    28624.800094  9.727076  0.001228 64.435100    -37.79    -55.28     -2.04
    28634.112494  9.727797  0.001289 62.805558    -35.85    102.73     -0.65
    28643.424894  9.728401  0.001301 59.872123    -37.28   -149.88      0.20
    28652.737295  9.728357  0.001196 59.420971    -41.78    -90.98     -0.65
    28662.049695  9.729297  0.001294 61.946531    -44.39    -87.03     -0.25
    28671.362095  9.729811  0.001285 64.336893    -43.03   -138.95      1.47
    28680.674495  9.730208  0.001274 63.156355    -40.92    121.56     -1.41
    28689.986895  9.730594  0.001263 60.002836    -41.98    -33.57      0.04
    28699.299295  9.730930  0.001222 59.331819    -46.37    124.35     -1.75
    28708.611695  9.731477  0.001244 61.803995    -49.31   -134.56      0.36
    28717.924095  9.732035  0.001262 64.207846    -48.08    -86.63      0.75
    28727.236495  9.732316  0.001205 63.310166    -45.85    -89.30     -0.43
    28736.548895  9.732977  0.001262 60.053597    -46.85   -144.05     -0.42
    28745.861296  9.733292  0.001216 59.261755    -51.21    110.09      0.20
    28755.173696  9.734172  0.001276 61.897820    -54.19    -45.88     -1.54
    28764.486096  9.734577  0.001287 64.175097    -52.92     99.70      0.38
    28773.798496  9.735361  0.001308 63.237199    -50.65   -165.44      0.57
    28783.110896  9.735314  0.001235 60.010995    -51.86   -119.96      0.01
    28792.423296  9.736163  0.001297 59.254724    -56.28   -126.08      0.24
    28801.735696  9.736817  0.001308 62.153924    -59.02    176.02     -0.36
    28811.048096  9.736878  0.001261 64.252616    -57.57     63.43     -0.47
    28820.360496  9.737409  0.001251 62.913855    -55.35   -103.87      1.36
    28829.672897  9.737804  0.001235 59.841422    -57.01     40.61      1.89
    28838.985297  9.738425  0.001277 59.402570    -61.60    136.19      0.61
    28848.297697  9.739137  0.001298 62.525003    -63.77    178.59     -0.86
    28857.610097  9.739651  0.001303 64.362628    -61.96    164.78      0.39
    28866.922497  9.739911  0.001278 62.364326    -60.05     99.41      0.66
    28876.234897  9.740689  0.001300 59.533424    -62.36    -13.38     -1.05
    28885.547297  9.740881  0.001271 59.808245    -67.03    179.57      1.00
    28894.859697  9.741236  0.001251 63.011168    -68.39    -37.89     -0.65
    28904.172097  9.741728  0.001234 64.341109    -66.11     47.51      1.74
    28913.484497  9.742421  0.001292 61.650456    -64.84     85.59     -0.18
    28922.796898  9.742677  0.001240 59.202679    -68.02     70.23      1.74
    28932.109298  9.743451  0.001285 60.528950    -72.46      6.63      1.28
    28941.421698  9.743827  0.001291 63.591622    -72.71   -110.70      0.07
    28950.734098  9.743968  0.001202 64.000860    -70.10     76.61      1.31
    28960.046498  9.744573  0.001243 60.813927    -69.93   -144.55      0.69
    28969.358898  9.745042  0.001238 59.060684    -73.99    -55.86      0.30
    28978.671298  9.745968  0.001299 61.526906    -77.63    -17.48     -1.25
    28987.983698  9.746293  0.001291 64.127917    -76.67    -36.33      0.30
    28997.296098  9.746613  0.001248 63.194896    -74.13   -107.50      1.45
    29006.608498  9.747341  0.001283 59.941763    -75.47    136.26     -1.48
    29015.920899  9.747580  0.001266 59.395749    -80.19    -35.07      0.55
    29025.233299  9.747861  0.001208 62.667977    -82.33    103.38     -0.20
    29034.545699  9.748708  0.001280 64.327540    -80.23   -173.51      1.11
    29043.858099  9.749194  0.001290 61.930638    -78.55   -139.71     -0.15
    29053.170499  9.749791  0.001288 59.284520    -81.61   -157.44      1.44
    29062.482899  9.750143  0.001288 60.414086    -86.15    137.11      0.11
    29071.795299  9.750679  0.001295 63.714195    -86.33     16.73     -0.52
    29081.107699  9.751169  0.001279 63.869816    -83.67   -158.73      1.68
    29090.420099  9.751440  0.001265 60.463191    -83.74    -21.14      0.34
    29099.732500  9.751913  0.001244 59.230289    -88.21     64.55      1.84
    29109.044900  9.752354  0.001236 62.006198    -91.38    103.34     -1.46
    29118.357300  9.752960  0.001280 64.258590    -89.64     82.59      0.38
    29127.669700  9.753734  0.001305 62.574652    -87.51     12.02      0.81
    29136.982100  9.753741  0.001241 59.334522    -90.01   -105.53     -0.64
    29146.294500  9.754384  0.001264 60.121921    -94.69     83.43      0.85
    29155.606900  9.754816  0.001242 63.619437    -95.43   -140.41      2.19
    29164.919300  9.755392  0.001285 63.843488    -92.69    -53.97      0.14
    29174.231700  9.755889  0.001264 60.716705    -92.47    -18.15     -1.58
    29183.544100  9.756537  0.001294 59.206831    -97.01    -32.86     -0.95
    29192.856501  9.756892  0.001289 61.881966   -100.18   -100.19     -0.08
    29202.168901  9.757238  0.001247 64.413181    -98.40    141.51     -1.90
    29211.481301  9.757888  0.001293 62.317899    -96.33    -31.48      0.01
    29220.793701  9.758133  0.001252 59.226508    -98.99    107.29      0.88
    29230.106101  9.758977  0.001294 60.481445   -103.74   -162.98      1.24
    29239.418501  9.759063  0.001253 63.705046   -103.98   -124.84     -0.36
    29248.730901  9.759884  0.001294 63.672998   -101.09   -142.31      0.68
    29258.043301  9.760420  0.001296 60.297417   -101.64    154.09     -0.98
    29267.355701  9.760633  0.001268 59.281965   -106.44     39.25     -0.53
    29276.668102  9.761156  0.001262 62.649347   -108.81   -129.88      1.81
    29285.980502  9.761700  0.001275 64.311631   -106.50     10.98      1.26
    29295.292902  9.762064  0.001265 61.499997   -105.01    100.74      0.63
    29304.605302  9.762619  0.001256 59.173963   -108.82    144.78     -2.13
    29313.917702  9.763149  0.001289 61.242081   -112.96    133.71     -0.43
    29323.230102  9.763492  0.001265 64.206998   -111.79     68.78      0.93
    29332.542502  9.764049  0.001264 62.876532   -109.27    -42.80     -2.03
    29341.854902  9.764495  0.001274 59.367848   -111.41    151.13      0.64
    29351.167302  9.764665  0.001209 60.190465   -116.29    -60.59     -0.51
    29360.479702  9.765331  0.001245 63.691124   -116.91     31.68      1.66
    29369.792103  9.765977  0.001289 63.628491   -113.95     74.62      0.12
    29379.104503  9.766167  0.001213 60.297495   -114.38     65.46      1.72
    29388.416903  9.766864  0.001262 59.405198   -119.38     10.35      1.18
    29397.729303  9.767356  0.001271 62.759149   -121.49    -97.78      0.80
    29407.041703  9.767473  0.001193 64.293240   -118.89    103.03     -1.14
    29416.354103  9.768283  0.001271 61.048535   -117.90   -108.80     -0.56
    29425.666503  9.768886  0.001276 59.124918   -122.19     -7.38     -1.37
    29434.978903  9.769148  0.001233 61.981912   -125.75     39.31      1.92
    29444.291303  9.769710  0.001272 64.257803   -123.78     37.71     -0.40
    29453.603703  9.770361  0.001280 62.061926   -121.75    -15.56     -1.64
    29462.916104  9.770400  0.001214 59.122830   -125.25   -119.34      0.15
    29472.228504  9.771199  0.001274 61.053715   -129.58     87.63      0.55
    29481.540904  9.771376  0.001205 64.314179   -128.55   -119.35      1.85
    29490.853304  9.772107  0.001272 62.641168   -125.95    -15.13      0.68
    29500.165704  9.772718  0.001283 59.326854   -128.32     39.77      0.37
    29509.478104  9.772957  0.001229 60.556849   -133.29     44.11      2.04
    29518.790504  9.773463  0.001262 63.875497   -133.16     -1.57      0.22
    29528.102904  9.773825  0.001219 63.285001   -130.17   -102.21      1.35
    29537.415304  9.774487  0.001255 59.655754   -131.76    113.24     -1.33
    29546.727705  9.774991  0.001276 59.945000   -136.86    -84.77      0.42
    29556.040105  9.775628  0.001281 63.729045   -137.53     25.52      1.25
    29565.352505  9.775849  0.001256 63.555468   -134.51     86.67     -0.76
    29574.664905  9.776270  0.001241 59.934082   -135.25     94.86      1.12
    29583.977305  9.776680  0.001211 59.802033   -140.48     56.89      1.73
    29593.289705  9.777377  0.001278 63.289098   -141.80    -31.81      0.44
    29602.602105  9.778053  0.001293 63.870333   -138.70   -173.54     -0.61
    29611.914505  9.778521  0.001290 60.263154   -139.04     -5.67      0.63
    29621.226905  9.778723  0.001265 59.451228   -144.12    115.42      0.48
    29630.539305  9.779520  0.001296 63.222003   -145.88   -174.85     -0.33
    29639.851706  9.779689  0.001257 63.953882   -142.94   -159.72      1.24
    29649.164106  9.780118  0.001253 60.348160   -142.78    169.68     -0.92
    29658.476506  9.780260  0.001177 59.529306   -147.90     89.07     -0.01
    29667.788906  9.781256  0.001286 62.968944   -149.97    -42.58      0.04
    29677.101306  9.781396  0.001226 64.021710   -146.92    133.60     -0.86
    29686.413706  9.781765  0.001194 60.524796   -146.74    -99.93     -0.26
    29695.726106  9.782470  0.001255 59.327246   -151.80    -21.34      0.54
    29705.038506  9.783241  0.001288 63.055267   -153.86      7.24     -0.48
    29714.350906  9.783672  0.001289 64.016560   -150.91    -18.09      0.27
    29723.663306  9.784001  0.001270 60.366254   -150.65    -92.49      0.75
    29732.975707  9.784491  0.001255 59.534232   -155.81    149.53     -2.01
    29742.288107  9.785024  0.001283 63.056407   -157.80    -25.21      0.33
    29751.600507  9.785156  0.001222 63.927879   -154.66    109.28      0.38
    29760.912907  9.786035  0.001278 60.363525   -154.75   -165.14      1.47
    29770.225307  9.786308  0.001259 59.479932   -159.97   -123.84     -0.65
    29779.537707  9.786923  0.001273 63.318729   -161.53   -138.71      1.25
    29788.850107  9.787503  0.001292 63.833170   -158.45    158.20     -0.33
    29798.162507  9.787755  0.001269 59.971795   -158.85     44.83     -0.40
    29807.474907  9.788086  0.001217 59.842177   -164.16   -117.92      1.88
    29816.787308  9.788548  0.001235 63.536783   -165.30     30.54      1.05
    29826.099708  9.788978  0.001233 63.501176   -162.01    126.69     -0.07
    29835.412108  9.789968  0.001295 59.827569   -163.15    174.55     -0.07
    29844.724508  9.790060  0.001258 60.026153   -168.51    173.84      0.86
    29854.036908  9.790382  0.001220 63.861485   -168.78    122.46     -0.43
    29863.349308  9.791144  0.001266 63.198598   -165.65     16.88      1.61
    29872.661708  9.791495  0.001264 59.343652   -167.58   -132.15     -0.59
    29881.974108  9.792241  0.001286 60.632648   -172.74     27.22      0.87
    29891.286508  9.792619  0.001279 64.142455   -172.20    137.25     -0.69
    29900.598908  9.792955  0.001268 62.533940   -169.23   -165.78     -0.68
    29909.911309  9.793636  0.001280 59.259515   -172.25   -157.22      1.50
    29919.223709  9.793886  0.001265 61.190716   -176.98    165.62      0.70
    29928.536109  9.794265  0.001246 64.311041   -175.31     73.61      1.30
    29937.848509  9.794685  0.001219 61.923077   -173.06    -63.93     -1.90
    29947.160909  9.795315  0.001271 59.000393   -177.10    106.58      0.13
    29956.473309  9.795840  0.001261 62.094127    179.13   -132.20      1.61
    29965.785709  9.796203  0.001249 64.311391   -178.41    -58.65     -1.52
    29975.098109  9.796598  0.001245 60.908389   -177.07    -39.55      0.20
    29984.410509  9.796848  0.001190 59.360082    177.95    -62.88     -1.55
    29993.722909  9.797441  0.001228 62.911972    175.43   -140.98      0.77
    30003.035310  9.798008  0.001244 63.891846    178.69     90.33      0.75
    30012.347710  9.798262  0.001186 60.171206    178.44    -83.97     -0.90
    30021.660110  9.798978  0.001249 59.771648    172.97     52.93     -0.59
    30030.972510  9.799379  0.001228 63.763217    172.29    138.45     -1.19
    30040.284910  9.800183  0.001282 63.213796    175.54    170.89      0.48
    30049.597310  9.800368  0.001246 59.289212    173.53    158.02      0.18
    30058.909710  9.800600  0.001187 60.883432    168.37     97.35      0.15
    30068.222110  9.801560  0.001284 64.253543    169.44    -15.96      0.42
    30077.534510  9.801829  0.001256 62.011297    172.14   -178.39     -0.90
    30086.846911  9.802516  0.001267 59.168863    168.17    -26.72     -1.77
    30096.159311  9.802729  0.001247 62.017054    164.23     73.49     -0.54
    30105.471711  9.802997  0.001208 64.259506    166.98    121.64     -0.39
    30114.784111  9.803719  0.001238 60.804533    167.95    123.85     -2.12
    30124.096511  9.804228  0.001267 59.355519    162.70     76.31     -0.44
    30133.408911  9.804766  0.001262 63.395626    160.96    -19.45     -1.74
    30142.721311  9.805211  0.001266 63.567164    164.30   -170.93      1.38
    30152.033711  9.805530  0.001245 59.521901    163.05     -4.82     -0.58
    30161.346111  9.805761  0.001185 60.602883    157.62    113.51     -1.35
    30170.658511  9.806584  0.001268 64.153662    158.29    176.59      0.85
    30179.970912  9.807088  0.001273 62.192925    161.22   -167.36     -0.65
    30189.283312  9.807773  0.001286 59.154476    157.36    162.08     -0.66
    30198.595712  9.807978  0.001270 62.000696    153.35     82.15     -0.54
    30207.908112  9.808166  0.001207 64.260282    156.17    -49.93     -1.10
    30217.220512  9.808989  0.001263 60.604515    156.98    130.08     -1.31
    30226.532912  9.809396  0.001272 59.500520    151.58    -97.79      0.13
    30235.845312  9.810016  0.001273 63.666600    150.30    -13.69     -1.53
    30245.157712  9.810221  0.001249 63.203900    153.71     15.13      1.06
    30254.470112  9.810772  0.001260 59.290637    151.68      1.87     -1.08
    30263.782512  9.810979  0.001198 61.164903    146.47    -59.39     -2.02
    30273.094913  9.811630  0.001253 64.259454    148.13   -176.75      0.49
    30282.407313  9.812324  0.001283 61.482572    150.38     19.30      0.03
    30291.719713  9.812918  0.001293 59.256957    145.48    170.05      0.22
    30301.032113  9.813128  0.001274 62.863438    142.79    -89.24     -0.04
    30310.344513  9.813422  0.001226 63.839689    146.25    -38.81     -2.02
    30319.656913  9.814214  0.001282 59.708453    145.33    -38.26     -0.43
    30328.969313  9.814463  0.001261 60.395573    139.81    -84.03      0.63
    30338.281713  9.815258  0.001290 64.307470    140.58   -179.90     -0.10
    30347.594113  9.815227  0.001233 61.936499    143.36     33.50      0.19
    30356.906514  9.816038  0.001280 59.076169    139.16   -157.72     -0.48
    30366.218914  9.816441  0.001259 62.631356    135.65    -36.88     -1.87
    30375.531314  9.816725  0.001253 63.894609    138.93     28.53     -0.34
    30384.843714  9.817306  0.001253 59.994670    138.72     46.43      1.60
    30394.156114  9.817735  0.001247 60.256940    132.98     20.89      1.67
    30403.468514  9.818105  0.001250 64.062669    133.41    -55.82      0.41
    30412.780914  9.818925  0.001288 62.255773    136.42    177.48     -0.53
    30422.093314  9.819140  0.001255 59.053790    132.28      3.38      1.08
    30431.405714  9.819411  0.001227 62.451714    128.73    143.05     -0.51
    30440.718114  9.819920  0.001216 64.077922    131.96   -133.22      2.25
    30450.030515  9.820517  0.001263 59.842281    131.70    -91.08     -0.48
    30459.342915  9.820824  0.001220 60.321066    126.05    -99.28      1.22
    30468.655315  9.821475  0.001252 64.245155    126.56   -157.73      1.82
    30477.967715  9.821951  0.001268 61.888947    129.50     95.75      0.28
    30487.280115  9.822079  0.001193 59.183977    125.11    -55.10     -1.56
    30496.592515  9.822755  0.001237 62.764425    121.83    103.23     -1.38
    30505.904915  9.823368  0.001273 63.740625    125.37   -151.77     -0.39
    30515.217315  9.823353  0.001169 59.729028    124.43    -91.98     -0.00
    30524.529715  9.824244  0.001262 60.650295    118.80    -77.04     -0.72
    30533.842115  9.824655  0.001252 64.297123    120.21   -117.36      1.25
    30543.154516  9.825352  0.001276 61.473309    122.52    157.94     -0.68
    30552.466916  9.825527  0.001245 59.193387    117.45     26.16     -0.46
    30561.779316  9.826267  0.001281 63.378135    115.33   -156.53      0.61
    30571.091716  9.826663  0.001275 63.304114    118.92    -27.97     -0.32
    30580.404116  9.827027  0.001268 59.192204    116.74     53.38     -0.07
    30589.716516  9.827081  0.001170 61.591958    111.68     87.99      0.46
    30599.028916  9.827734  0.001228 64.240845    114.15     72.00     -0.48
    30608.341316  9.828432  0.001264 60.515994    115.35      7.33     -0.93
    30617.653716  9.828446  0.001168 59.906620    109.54   -103.38      0.62
    30626.966117  9.829302  0.001263 63.909060    109.18     97.01     -0.31
    30636.278517  9.829683  0.001227 62.374904    112.56   -115.83      1.66
    30645.590917  9.830481  0.001281 59.123200    108.43     -9.55      0.64
    30654.903317  9.830646  0.001257 62.573844    104.92     47.75     -0.38
    30664.215717  9.831102  0.001229 63.866000    108.48     49.86      2.11
    30673.528117  9.831542  0.001240 59.528685    107.36      9.91      1.09
    30682.840517  9.831975  0.001242 60.903306    101.85    -76.99      0.77
    30692.152917  9.832618  0.001250 64.416885    103.71    146.79     -1.84
    30701.465317  9.833034  0.001265 60.827747    105.51    -42.44      0.38
    30710.777717  9.833272  0.001219 59.606258     99.94     85.28      1.16
    30720.090118  9.834172  0.001281 63.917927     98.99    165.20     -0.32
    30729.402518  9.834239  0.001242 62.420441    102.53   -167.12     -0.30
    30738.714918  9.835089  0.001280 59.142592     98.67    177.19     -1.07
    30748.027318  9.835246  0.001236 62.645916     94.91    113.33     -1.41
    30757.339718  9.835670  0.001247 63.702066     98.57     -3.94     -0.70
    30766.652118  9.836489  0.001282 59.584458     97.34   -167.29      0.95
    30775.964518  9.836675  0.001259 61.100235     91.79    -14.38      0.75
    30785.276918  9.836949  0.001223 64.299502     94.08     85.47      1.07
    30794.589318  9.837724  0.001259 60.664374     95.41    141.75     -1.92
    30803.901718  9.837981  0.001250 59.793654     89.58    148.07      0.63
    30813.214119  9.838178  0.001186 64.127790     89.55    106.37      0.02
    30822.526519  9.838947  0.001244 61.984611     92.66     13.62      1.53
    30831.838919  9.839458  0.001265 59.091220     87.97   -120.09     -0.33
    30841.151319  9.839755  0.001218 63.317044     85.39     53.04      2.15
    30850.463719  9.840304  0.001252 63.161866     89.15    179.06      0.96
    30859.776119  9.840730  0.001244 59.119533     86.52   -101.34      1.11
    30869.088519  9.841009  0.001190 62.143165     81.83    -64.88     -1.82
    30878.400919  9.841699  0.001260 63.945230     85.12    -84.86     -0.34
    30887.713319  9.842342  0.001274 59.764694     84.79   -150.44      0.51
    30897.025720  9.842375  0.001193 60.902734     78.93    102.49     -1.40
    30906.338120  9.843017  0.001251 64.237589     80.87    -60.60      0.44
    30915.650520  9.843167  0.001168 60.781156     82.56     90.56      0.54
    30924.962920  9.843975  0.001236 59.860361     76.62   -162.45      1.47
    30934.275320  9.844429  0.001253 64.053928     76.67   -105.05      0.59
    30943.587720  9.844523  0.001162 61.890019     79.75    -97.17      0.50
    30952.900120  9.845194  0.001219 59.201690     74.68   -132.09     -0.23
    30962.212520  9.845681  0.001220 63.504624     72.71    143.27     -0.93
    30971.524920  9.846468  0.001267 62.876388     76.45      5.86      1.25
    30980.837320  9.846628  0.001233 58.994236     72.88   -172.35     -0.01
    30990.149721  9.847069  0.001217 62.718731     69.10    -37.59     -1.74
    30999.462121  9.847479  0.001212 63.613453     72.80     41.73      1.06
    31008.774521  9.848111  0.001257 59.218526     71.01     79.17      0.43
    31018.086921  9.848322  0.001189 61.833565     65.86     69.23      1.74
    31027.399321  9.848968  0.001242 64.059596     68.96      9.94      0.81
    31036.711721  9.849374  0.001231 59.763186     68.90    -97.20      1.35
    31046.024121  9.849683  0.001188 60.973212     62.98    115.53     -1.82
    31055.336521  9.850367  0.001256 64.228908     65.07    -88.29     -0.28
    31064.648921  9.851047  0.001273 60.487973     66.48     21.64      0.20
    31073.961321  9.850991  0.001182 60.213476     60.37     90.21     -0.88
    31083.273722  9.851715  0.001254 64.180435     61.23    104.78      0.48
    31092.586122  9.851918  0.001179 61.256761     63.75     71.47      1.68
    31101.898522  9.852752  0.001258 59.614499     57.96     -2.83      1.14
    31111.210922  9.853154  0.001259 63.967999     57.50   -127.50      0.25
    31120.523322  9.853331  0.001186 61.962956     60.78     56.51      1.96
    31129.835722  9.853910  0.001225 59.215038     55.65   -159.32      0.48
    31139.148122  9.854251  0.001203 63.648201     53.90    -65.57     -0.04
    31148.460522  9.855146  0.001271 62.549758     57.62    -21.34     -0.47
    31157.772922  9.855301  0.001237 59.022290     53.37    -22.17      0.58
    31167.085323  9.855548  0.001182 63.258581     50.45    -68.79     -0.55
    31176.397723  9.856287  0.001243 63.016470     54.35   -168.64      1.32
    31185.710123  9.856819  0.001261 59.016510     51.05     50.87     -0.24
    31195.022523  9.857216  0.001231 62.828162     47.14   -140.06      2.08
    31204.334923  9.857656  0.001251 63.371354     51.02    -18.23      0.62
    31213.647323  9.858161  0.001252 59.147769     48.62     57.39      0.96
    31222.959723  9.858210  0.001165 62.386004     43.95     89.13     -0.21
    31232.272123  9.859021  0.001255 63.648552     47.69     68.25     -0.47
    31241.584523  9.859726  0.001270 59.346871     46.08      3.08     -0.97
    31250.896923  9.859619  0.001177 61.950633     40.85   -108.40      0.17
    31260.209324  9.860372  0.001254 63.870699     44.36     88.94      0.41
    31269.521724  9.860593  0.001189 59.557626     43.43   -119.89      2.23
    31278.834124  9.861360  0.001258 61.555390     37.84     -9.79      0.82
    31288.146524  9.861845  0.001264 64.056423     41.06     47.22      0.36
    31297.458924  9.861879  0.001175 59.725981     40.68     57.72      1.75
    31306.771324  9.862481  0.001223 61.228161     34.88     26.77      0.38
    31316.083724  9.862818  0.001193 64.201805     37.80    -56.30     -0.70
    31325.396124  9.863788  0.001272 59.833813     37.85    173.34      0.57
    31334.708524  9.863839  0.001227 61.002142     31.95      0.58      0.08
    31344.020924  9.864304  0.001204 64.305361     34.59    137.91     -1.86
    31353.333325  9.864644  0.001199 59.897712     34.98   -134.56      0.60
    31362.645725  9.865364  0.001248 60.884182     29.01    -88.69      0.76
    31371.958125  9.865388  0.001155 64.354526     31.43    -93.03      0.21
    31381.270525  9.866059  0.001215 59.923149     32.07   -143.68      0.05
    31390.582925  9.866446  0.001196 60.863219     26.06    122.12     -0.21
    31399.895325  9.867419  0.001270 64.352536     28.34    -22.13     -1.06
    31409.207725  9.867589  0.001242 59.927016     29.12    144.78      0.55
    31418.520125  9.867783  0.001179 60.906520     23.05    -90.35      1.02
    31427.832525  9.868751  0.001274 64.302234     25.33    -14.86      0.20
    31437.144926  9.868905  0.001238 59.922410     26.11     14.24     -0.77
    31446.457326  9.869700  0.001271 60.988550     20.02     -0.74     -0.44
    31455.769726  9.869869  0.001248 64.222956     22.40    -65.85     -0.95
    31465.082126  9.870344  0.001242 59.897971     23.05   -177.67     -1.07
    31474.394526  9.870888  0.001242 61.093899     16.95     24.76      1.99
    31483.706926  9.871149  0.001237 64.150104     19.56   -179.57      0.42
    31493.019326  9.871389  0.001181 59.844774     19.93    -70.81      0.02
    31502.331726  9.872319  0.001263 61.229044     13.88     -5.77      0.65
    31511.644126  9.872506  0.001239 64.087014     16.79      9.14     -0.34
    31520.956526  9.873172  0.001248 59.742038     16.72    -20.33     -1.88
    31530.268927  9.873320  0.001208 61.408904     10.83    -95.57     -0.82
    31539.581327  9.873723  0.001214 64.025682     14.07    137.85     -0.29
    31548.893727  9.874535  0.001246 59.589496     13.42    -30.52     -2.04
    31558.206127  9.874894  0.001256 61.660255      7.81    113.90     -0.52
    31567.518527  9.875495  0.001271 63.936686     11.39   -152.71      0.38
    31576.830927  9.875310  0.001156 59.399802     10.04   -101.40     -0.05
    31586.143327  9.876229  0.001254 61.996317      4.86    -95.13     -0.21
    31595.455727  9.876774  0.001250 63.765747      8.71   -142.23      1.83
    31604.768127  9.877212  0.001253 59.197586      6.58    132.62     -1.05
    31614.080527  9.877394  0.001229 62.424661      1.99     -1.52     -0.55
    31623.392928  9.878261  0.001273 63.471156      6.04    174.25     -0.47
    31632.705328  9.878525  0.001260 59.047996      3.04    -52.77     -0.34
    31642.017728  9.878952  0.001259 62.916024     -0.78     33.69     -0.00
    31651.330128  9.878997  0.001167 63.031185      3.33     69.89      0.72
    31660.642528  9.879706  0.001237 59.012042     -0.56     65.73     -0.71
    31669.954928  9.880396  0.001265 63.431503     -3.43     12.76     -0.35
    31679.267328  9.880457  0.001194 62.450501      0.56    -88.47     -0.99
    31688.579728  9.880992  0.001228 59.144591     -4.21    125.75      0.65
    31697.892128  9.881247  0.001170 63.896243     -5.95    -64.18     -1.27
    31707.204529  9.881807  0.001204 61.765941     -2.33     54.02      0.00
    31716.516929  9.882205  0.001201 59.480704     -7.88    131.53     -0.01
    31725.829329  9.883184  0.001264 64.234855     -8.32    161.84     -1.31
    31735.141729  9.883386  0.001251 61.021095     -5.40    141.13      0.41
    31744.454129  9.883661  0.001207 60.023224    -11.50     79.51      1.32
    31753.766529  9.884479  0.001264 64.370487    -10.56    -28.03     -1.21
    31763.078929  9.884553  0.001222 60.298904     -8.70    173.66     -0.04
    31772.391329  9.885149  0.001226 60.748806    -14.98    -23.30     -1.95
    31781.703729  9.885338  0.001195 64.254279    -12.69     86.49     -0.86
    31791.016129  9.885904  0.001215 59.678128    -12.28    151.03     -0.24
    31800.328530  9.886739  0.001267 61.597766    -18.24    174.24     -0.58
    31809.640930  9.886975  0.001254 63.872947    -14.81    145.29      0.33
    31818.953330  9.887302  0.001225 59.257631    -16.15     72.17      1.36
    31828.265730  9.887900  0.001233 62.488187    -21.16    -40.16     -1.92
    31837.578130  9.888162  0.001233 63.233514    -17.02    150.81      0.44
    31846.890530  9.888394  0.001173 59.123244    -20.25    -56.76     -0.95
    31856.202930  9.888915  0.001189 63.303088    -23.70     46.67      1.23
    31865.515330  9.889568  0.001236 62.376153    -19.48    102.50      0.60
    31874.827730  9.889696  0.001161 59.350179    -24.43    118.91     -1.51
    31884.140130  9.890334  0.001212 63.922339    -25.86     84.89     -0.83
    31893.452531  9.890956  0.001239 61.382156    -22.36      2.86     -1.07
    31902.764931  9.891159  0.001175 59.956535    -28.50   -122.78      1.95
    31912.077331  9.891733  0.001231 64.218765    -27.71     67.44     -0.58
    31921.389731  9.892458  0.001260 60.382990    -25.77   -152.79      0.62
    31930.702131  9.892725  0.001225 60.896600    -32.21    -49.95     -2.15
    31940.014531  9.893071  0.001229 64.092021    -29.44     -2.98     -0.15
    31949.326931  9.893913  0.001266 59.571763    -29.74      2.19     -0.50
    31958.639331  9.894219  0.001260 62.025564    -35.35    -35.54     -0.59
    31967.951731  9.894599  0.001254 63.487724    -31.29   -125.56      0.25
    31977.264132  9.894566  0.001155 59.178263    -34.13    104.95     -1.22
    31986.576532  9.895449  0.001250 63.129013    -37.84    -71.90     -0.65
    31995.888932  9.895883  0.001237 62.459674    -33.56     59.53      1.43
    32005.201332  9.896503  0.001258 59.366242    -38.65    155.13     -0.96
    32014.513732  9.896608  0.001228 63.951636    -39.72   -160.52     -0.30
    32023.826132  9.897405  0.001262 61.183871    -36.52   -163.91      0.20
    32033.138532  9.897775  0.001257 60.181214    -42.89    153.50     -0.31
    32042.450932  9.898099  0.001251 64.234522    -41.23     59.54      0.11
    32051.763332  9.898105  0.001147 59.978800    -40.29    -78.05     -0.74
    32061.075732  9.898932  0.001231 61.458807    -46.45    102.13     -1.13
    32070.388133  9.899507  0.001252 63.818357    -42.74   -131.27      0.84
    32079.700533  9.899901  0.001227 59.236088    -44.79    -41.69     -2.25
    32089.012933  9.900166  0.001225 62.853621    -49.09     -2.50      0.45
    32098.325333  9.900823  0.001241 62.715861    -44.72     -9.01     -1.38
    32107.637733  9.901113  0.001217 59.287406    -49.57    -57.00     -1.99
    32116.950133  9.901527  0.001232 63.917181    -50.87   -155.02     -0.44
    32126.262533  9.901879  0.001187 61.208546    -47.60     58.31      2.08
    32135.574933  9.902269  0.001189 60.205312    -54.02   -123.98      0.09
    32144.887333  9.902936  0.001239 64.241906    -52.15      2.28     -0.82
    32154.199733  9.902968  0.001147 59.816282    -51.57     82.20      0.29
    32163.512134  9.903899  0.001251 61.725069    -57.52    121.64     -0.18
    32172.824534  9.903956  0.001177 63.608043    -53.51    109.31      0.16
    32182.136934  9.904407  0.001169 59.142527    -56.40     54.95      1.23
    32191.449334  9.905115  0.001238 63.274268    -59.82    -43.09      0.49
    32200.761734  9.905761  0.001248 62.162402    -55.64    170.80     -1.43
    32210.074134  9.906206  0.001254 59.571857    -61.35    -18.88      0.38
    32219.386534  9.906364  0.001223 64.188423    -61.16    103.99      0.62
    32228.698934  9.907232  0.001266 60.447641    -59.05   -178.21      0.04
    32238.011334  9.907182  0.001203 60.998557    -65.52   -142.24      0.54
    32247.323735  9.907978  0.001259 63.995069    -62.20   -156.06     -0.04
    32256.636135  9.908467  0.001249 59.282623    -63.72    148.84     -1.55
    32265.948535  9.908549  0.001221 62.787730    -68.27     47.15     -0.40
    32275.260935  9.908929  0.001185 62.661091    -63.85   -105.48      1.63
    32284.573335  9.909230  0.001165 59.351614    -68.94     65.46      0.29
    32293.885735  9.909921  0.001227 64.052219    -69.70   -172.24     -0.40
    32303.198135  9.910092  0.001153 60.774833    -66.92    -98.86      1.05
    32312.510535  9.910926  0.001239 60.713807    -73.48    -61.92     -1.13
    32321.822935  9.911154  0.001209 64.068916    -70.55    -79.60      0.66
    32331.135335  9.911666  0.001200 59.363361    -71.56   -139.65      2.20
    32340.447736  9.912288  0.001250 62.656821    -76.42    120.86     -0.04
    32349.760136  9.912516  0.001205 62.726835    -71.97    -29.38     -1.75
    32359.072536  9.913172  0.001234 59.353187    -76.96    138.86     -1.62
    32368.384936  9.913527  0.001246 64.046895    -77.76   -102.12     -0.01
    32377.697336  9.914030  0.001225 60.707635    -75.01    -26.01     -2.26
    32387.009736  9.914453  0.001232 60.852391    -81.60      4.45      1.32
    32396.322136  9.914770  0.001222 63.988312    -78.45    -10.18     -0.71
    32405.634536  9.914936  0.001153 59.296007    -79.87    -68.04     -1.73
    32414.946936  9.915632  0.001222 62.928791    -84.37   -172.90      0.88
    32424.259336  9.916323  0.001250 62.394134    -79.92     35.12      0.58
    32433.571737  9.916727  0.001229 59.554907    -85.42   -157.91      2.08
    32442.884137  9.917027  0.001236 64.170356    -85.40    -36.00      0.46
    32452.196537  9.917586  0.001235 60.255561    -83.35     37.24      1.44
    32461.508937  9.917637  0.001170 61.408756    -89.81     73.01     -0.11
    32470.821337  9.918434  0.001251 63.641493    -85.98     56.37     -0.05
    32480.133737  9.919129  0.001261 59.163671    -88.69     -1.06     -0.43
    32489.446137  9.919067  0.001204 63.499736    -91.97   -102.99     -0.73
    32498.758537  9.919506  0.001197 61.605084    -87.89    104.14      0.77
    32508.070937  9.919733  0.001146 60.111132    -94.20    -84.66     -0.69
    32517.383338  9.920451  0.001221 64.200450    -92.52     35.35     -0.20
    32526.695738  9.920662  0.001160 59.576476    -92.18    111.33     -0.01
    32536.008138  9.921608  0.001247 62.409829    -97.80    147.67     -1.33
    32545.320538  9.921746  0.001218 62.845456    -93.33    130.54      0.33
    32554.632938  9.921995  0.001159 59.332922    -98.00     73.75      1.79
    32563.945338  9.922928  0.001253 64.138423    -99.01    -26.20      0.02
    32573.257738  9.923165  0.001229 60.434792    -96.30   -174.11     -1.00
    32582.570138  9.923924  0.001263 61.239794   -102.87     -3.19     -0.21
    32591.882538  9.924084  0.001244 63.738306    -99.30    118.55     -0.30
    32601.194938  9.924700  0.001254 59.090974   -101.72   -161.66     -0.40
    32610.507339  9.924645  0.001166 63.622075   -105.09   -127.73      1.72
    32619.819739  9.925296  0.001226 61.431720   -101.08   -138.31     -0.47
    32629.132139  9.925930  0.001238 60.235105   -107.43    170.60     -1.37
    32638.444539  9.925962  0.001178 64.233031   -105.38     68.68     -0.07
    32647.756939  9.926611  0.001221 59.281958   -105.71    -76.79      0.84
    32657.069339  9.926752  0.001146 62.869625   -110.73     98.06     -0.36
    32666.381739  9.927387  0.001203 62.369057   -106.28   -138.03      0.03
    32675.694139  9.927704  0.001181 59.531197   -111.77    -53.43     -0.10
    32685.006539  9.928726  0.001257 64.379781   -111.36    -15.51     -0.70
    32694.318939  9.928815  0.001223 59.739780   -110.04    -24.74      0.56
    32703.631340  9.928992  0.001164 62.069221   -116.02    -72.90     -0.01
    32712.943740  9.929844  0.001238 63.137975   -111.72   -172.38      1.39
    32722.256140  9.930222  0.001238 59.142692   -116.13     50.88     -0.46
    32731.568540  9.930605  0.001210 64.240166   -117.13   -136.46      2.23
    32740.880940  9.931086  0.001231 60.312953   -114.69     -5.81      0.97
    32750.193340  9.931481  0.001226 61.366972   -121.10     83.46      0.81
    32759.505740  9.931756  0.001183 63.641596   -117.17    126.36     -2.33
    32768.818140  9.932408  0.001243 59.029225   -120.62    123.04      0.01
    32778.130540  9.932640  0.001198 63.944100   -122.70     75.35      1.32
    32787.442940  9.933471  0.001257 60.824912   -119.50    -16.14     -0.09
    32796.755340  9.933567  0.001218 60.881810   -126.11   -148.37     -0.39
    32806.067739  9.934319  0.001245 63.890229   -122.56     27.83      1.23
    32815.380139  9.934708  0.001245 59.072414   -125.24    165.38      0.77
    32824.692539  9.934967  0.001235 63.665746   -128.10   -102.05      0.56
    32834.004939  9.935238  0.001177 61.174366   -124.44    -54.27     -2.13
    32843.317338  9.935896  0.001242 60.649492   -131.10    -49.96     -0.21
    32852.629738  9.936094  0.001195 63.948571   -127.85    -94.92      1.10
    32861.942138  9.937013  0.001258 59.167815   -130.05   -179.05      0.71
    32871.254538  9.937046  0.001221 63.528815   -133.35     53.60     -0.41
    32880.566937  9.937533  0.001204 61.298498   -129.44   -125.45      2.11
    32889.879337  9.938019  0.001213 60.625999   -136.13     20.07      1.87
    32899.191737  9.938318  0.001215 63.918403   -133.02    116.94      0.44
    32908.504137  9.939206  0.001255 59.188705   -135.01    172.55     -0.99
    32917.816537  9.939327  0.001230 63.578890   -138.47   -178.50      1.04
    32927.128936  9.939569  0.001194 61.197062   -134.51    145.91     -0.88
    32936.441336  9.939846  0.001147 60.717946   -141.19     68.09      1.39
    32945.753736  9.940623  0.001238 63.876149   -138.06    -55.61      0.12
    32955.066136  9.940846  0.001181 59.111222   -140.19    139.22     -1.31
    32964.378535  9.941313  0.001184 63.745106   -143.41    -69.86     -1.80
    32973.690935  9.941830  0.001223 60.967978   -139.65     31.26     -0.63
    32983.003335  9.942000  0.001149 60.890802   -146.32     94.08      0.38
    32992.315735  9.942728  0.001217 63.808074   -142.92    110.42     -1.11
    33001.628134  9.943170  0.001223 59.024435   -145.59     81.78      0.96
    33010.940534  9.943923  0.001251 63.969262   -148.19     11.70      0.84
    33020.252934  9.944015  0.001219 60.658148   -144.87   -104.01     -0.70
    33029.565334  9.944298  0.001182 61.181113   -151.48     97.98      0.94
    33038.877733  9.944580  0.001147 63.643105   -147.64   -106.86      0.54
    33048.190133  9.945270  0.001208 59.034618   -151.20      7.97     -0.02
    33057.502533  9.945514  0.001163 64.153041   -152.77     75.45      1.74
    33066.814933  9.946115  0.001193 60.290001   -150.23    102.45     -1.58
    33076.127333  9.946721  0.001235 61.641883   -156.63     84.43      0.39
    33085.439732  9.947358  0.001248 63.236160   -152.27     18.09      1.48
    33094.752132  9.947441  0.001209 59.269043   -156.99    -83.56     -1.15
    33104.064532  9.947750  0.001188 64.237885   -157.18    124.42     -0.11
    33113.376932  9.948167  0.001165 59.839394   -155.77    -68.86     -1.92
    33122.689331  9.948712  0.001212 62.328776   -161.62     54.41     -0.51
    33132.001731  9.949004  0.001170 62.522474   -156.97    130.49     -1.40
    33141.314131  9.949916  0.001247 59.757707   -162.79    166.12      0.35
    33150.626531  9.949999  0.001212 64.187229   -161.40    155.64      0.15
    33159.938930  9.950145  0.001136 59.383072   -161.61    102.75     -0.38
    33169.251330  9.950966  0.001220 63.166964   -166.29      6.70      1.14
    33178.563730  9.951524  0.001241 61.565705   -161.89   -135.95      0.26
    33187.876130  9.951848  0.001199 60.534883   -168.51     40.93      2.38
    33197.188529  9.952219  0.001218 63.896355   -165.51    172.92      0.59
    33206.500929  9.952497  0.001181 59.095915   -167.78    -99.04      1.45
    33215.813329  9.953148  0.001205 63.954961   -170.55    -49.47     -2.07
    33225.125729  9.953559  0.001224 60.488315   -167.27    -53.28      0.58
    33234.438129  9.953690  0.001152 61.550648   -173.88    -93.22      0.96
    33243.750528  9.954527  0.001236 63.241616   -169.68    178.20      1.11
    33253.062928  9.954947  0.001236 59.228970   -174.19     51.48     -0.23
    33262.375328  9.955071  0.001166 64.371725   -174.37   -124.49      2.14
    33271.687728  9.955551  0.001194 59.570532   -173.26     19.24      0.65
    33281.000127  9.955954  0.001186 62.684771   -178.73    121.66     -0.04
    33290.312527  9.956821  0.001246 62.133609   -174.19    174.75      0.39
    33299.624927  9.956866  0.001203 60.032811    179.52   -169.82      0.30
    33308.937327  9.957459  0.001215 64.144264   -177.98    159.27     -1.73
    33318.249726  9.957549  0.001160 59.124450   -179.80     84.64     -0.80
    33327.562126  9.958189  0.001210 63.714836    177.15    -33.33      0.12
    33336.874526  9.958936  0.001238 60.729049   -179.45    164.83     -1.66
    33346.186926  9.959266  0.001239 61.469113    173.84    -38.09     -0.32
    33355.499325  9.959610  0.001223 63.141163    178.24     69.10      1.15
    33364.811725  9.960047  0.001208 59.459749    173.40    143.14     -2.33
    33374.124125  9.960425  0.001222 64.221243    173.65    164.58      0.55
    33383.436525  9.960767  0.001186 59.474308    174.32    147.28     -1.71
    33392.748925  9.960935  0.001141 63.119534    169.20     86.80     -0.61
    33402.061324  9.961582  0.001204 61.508897    173.65    -22.17      0.19
    33411.373724  9.962440  0.001248 60.655665    167.03   -167.75      0.15
    33420.686124  9.962684  0.001231 63.793058    170.34     -2.52      1.11
    33429.998524  9.962833  0.001193 59.044363    167.23    123.72      0.51
    33439.310923  9.963612  0.001227 64.245081    165.68   -155.61      1.75
    33448.623323  9.963696  0.001196 59.862740    167.77   -116.52     -0.60
    33457.935723  9.964351  0.001226 62.390248    161.80   -120.90      1.11
    33467.248123  9.964888  0.001231 62.318319    166.41   -172.04      1.35
    33476.560522  9.965194  0.001234 59.973862    160.22    100.54     -0.09
    33485.872922  9.965464  0.001186 64.131537    162.72    -34.40     -1.89
    33495.185322  9.966214  0.001240 59.098220    160.64    147.05     -0.45
    33504.497722  9.966382  0.001218 63.874162    158.07    -74.59      0.61
    33513.810121  9.967104  0.001239 60.364535    160.97     18.53      1.17
    33523.122521  9.967135  0.001188 61.995974    154.50     75.88     -0.59
    33532.434921  9.967652  0.001202 62.568598    159.23     80.06      1.30
    33541.747321  9.968009  0.001171 59.921066    153.31     48.05      2.34
    33551.059721  9.968547  0.001224 64.087963    155.27    -28.61      0.57
    33560.372120  9.969216  0.001239 59.136483    153.84   -148.71      0.66
    33569.684520  9.969151  0.001159 63.919108    150.73     48.56      1.67
    33578.996920  9.969744  0.001209 60.297574    153.91   -157.66     -0.65
    33588.309320  9.970133  0.001177 62.023571    147.42    -42.49     -2.22
    33597.621719  9.970600  0.001198 62.599481    152.00     19.10      1.27
    33606.934119  9.971254  0.001236 59.775477    146.20     47.44     -0.14
    33616.246519  9.971719  0.001224 64.242979    148.21     25.56      1.97
    33625.558919  9.972056  0.001229 59.021824    146.51    -34.06      0.67
    33634.871318  9.972511  0.001234 63.932879    143.78   -137.86      0.76
    33644.183718  9.972466  0.001141 60.279392    146.62     73.53      0.34
    33653.496118  9.973275  0.001226 62.085490    140.29   -113.28     -0.40
    33662.808518  9.973949  0.001245 62.421788    145.02     10.12     -0.12
    33672.120917  9.973927  0.001176 60.100078    138.75     98.29     -1.38
    33681.433317  9.974351  0.001193 63.940772    141.47    135.50      0.15
    33690.745717  9.974856  0.001179 59.173070    138.93    137.06     -2.49
    33700.058117  9.975280  0.001201 64.086526    137.03     91.16     -0.80
    33709.370517  9.975885  0.001223 59.821631    139.19      1.91     -1.23
    33718.682916  9.976010  0.001161 62.783109    133.31   -129.50      2.40
    33727.995316  9.976608  0.001212 61.691025    137.94     57.01     -0.46
    33737.307716  9.977326  0.001241 60.658439    131.33   -157.21      0.28
    33746.620116  9.977485  0.001203 63.660546    134.88    -56.28     -1.76
    33755.932515  9.977837  0.001200 59.139887    130.96      1.68     -0.25
    33765.244915  9.978661  0.001246 64.371546    130.76     15.52      0.80
    33774.557315  9.978906  0.001228 59.325944    131.20    -12.57      0.94
    33783.869715  9.979130  0.001205 63.354843    126.71    -81.12      0.87
    33793.182114  9.979905  0.001240 60.969452    130.66    165.29     -0.84
    33802.494514  9.979905  0.001195 61.470974    123.88     11.35      0.59
    33811.806914  9.980531  0.001219 62.871931    128.46    171.85     -1.43
    33821.119314  9.980713  0.001169 59.821257    122.76    -65.80     -2.06
    33830.431713  9.981243  0.001209 64.049779    124.77      7.01     -0.31
    33839.744113  9.981902  0.001220 59.144230    122.87     38.98      1.70
    33849.056513  9.982044  0.001188 64.089206    120.55     31.22      1.39
    33858.368913  9.982480  0.001193 59.796263    122.86    -20.36     -0.74
    33867.681313  9.982731  0.001145 62.851727    117.02   -114.94      2.17
    33876.993712  9.983516  0.001224 61.541791    121.57    108.21     -0.62
    33886.306112  9.983636  0.001170 60.867144    114.87    -69.51      0.32
    33895.618512  9.983959  0.001136 63.438024    118.83     65.30      1.11
    33904.930912  9.984638  0.001204 59.342807    114.09    162.99      0.66
    33914.243311  9.985328  0.001229 64.310532    115.05   -145.99      1.20
    33923.555711  9.985300  0.001160 59.157259    114.11   -135.60      1.32
    33932.868111  9.985909  0.001211 63.820094    111.01   -165.08     -0.58
    33942.180511  9.986157  0.001147 60.190952    113.88    119.22     -1.67
    33951.492910  9.986812  0.001210 62.476674    107.66      2.09      1.12
    33960.805310  9.987336  0.001229 61.786728    112.42   -159.30     -0.54
    33970.117710  9.987964  0.001243 60.815539    105.67      0.80      0.36
    33979.430110  9.988128  0.001229 63.352203    109.56    113.98     -0.01
    33988.742509  9.988741  0.001238 59.417351    104.99   -170.68     -0.80
    33998.054909  9.988848  0.001181 64.309452    105.79   -143.50      1.83
    34007.367309  9.989317  0.001207 59.032330    104.88   -153.15     -0.70
    34016.679709  9.989874  0.001209 64.039734    101.93    154.96     -2.20
    34025.992109  9.989920  0.001161 59.957952    104.48     54.09      0.37
    34035.304508  9.990591  0.001206 62.659111     98.61    -83.08      0.74
    34044.616908  9.990650  0.001120 61.622790    103.18     94.06     -0.57
    34053.929308  9.991314  0.001183 61.007730     96.32   -126.85     -0.22
    34063.241708  9.991713  0.001178 63.128813    100.67    -34.86     -1.39
    34072.554107  9.992509  0.001220 59.735647     95.27     15.99      1.94
    34081.866507  9.992656  0.001205 64.038651     97.15     25.86     -0.21
    34091.178907  9.993382  0.001230 59.130882     95.03     -5.61     -1.28
    34100.491307  9.993380  0.001172 64.213525     93.30    -80.14     -1.32
    34109.803706  9.993879  0.001191 59.436620     94.74    159.82     -0.31
    34119.116106  9.994720  0.001243 63.432007     89.82      2.10     -0.23
    34128.428506  9.994913  0.001225 60.695594     93.76    156.92      0.62
    34137.740906  9.995176  0.001194 61.867596     87.10    -84.95      1.04
    34147.053305  9.995947  0.001239 62.376014     91.81    -12.48     -0.51
    34156.365705  9.995970  0.001191 60.319392     85.36     21.27      0.06
    34165.678105  9.996775  0.001238 63.642805     88.93      8.58     -0.55
    34174.990505  9.997052  0.001216 59.398315     84.54    -41.16     -1.58
    34184.302905  9.997383  0.001220 64.167941     85.37   -138.47     -0.42
    34193.615304  9.997367  0.001123 59.180909     84.25     82.89      1.13
    34202.927704  9.997992  0.001172 64.065840     81.64    -93.12     -0.98
    34212.240104  9.998709  0.001226 59.650173     83.76     42.58      0.06
    34221.552504  9.999131  0.001203 63.261428     78.37    144.23     -2.52
    34230.864903  9.999299  0.001188 60.831502     82.54   -166.84      0.48
    34240.177303 10.000045  0.001230 61.811149     75.83   -151.26      0.14
    34249.489703 10.000538  0.001237 62.376096     80.51    175.96      0.71
    34258.802103 10.000766  0.001222 60.352539     74.06    107.73      0.12
    34268.114502 10.001346  0.001229 63.591047     77.73     -7.14     -1.17
    34277.426902 10.001569  0.001199 59.444891     73.08   -163.37      1.67
    34286.739302 10.001929  0.001205 64.129626     74.36     -0.12     -0.61
    34296.051702 10.002131  0.001143 59.164733     72.59    122.09     -1.87
    34305.364101 10.002716  0.001195 64.148163     70.78   -161.45      0.76
    34314.676501 10.003315  0.001220 59.414935     72.05   -126.64      1.03
    34323.988901 10.003448  0.001156 63.638833     67.45   -131.00      2.15
    34333.301301 10.003929  0.001191 60.273488     71.02   -178.68      0.15
    34342.613701 10.004213  0.001148 62.492398     64.68     94.13      0.80
    34351.926100 10.005084  0.001226 61.629741     69.31    -37.51     -1.22
    34361.238500 10.005169  0.001189 61.102197     62.51    150.96      0.24
    34370.550900 10.005400  0.001128 62.922309     67.00    -64.78     -1.65
    34379.863300 10.005995  0.001171 60.030347     60.98     38.85      0.97
    34389.175699 10.006434  0.001184 63.736230     64.07     98.11      0.82
    34398.488099 10.006778  0.001152 59.386589     60.09    122.89     -2.46
    34407.800499 10.007410  0.001214 64.171287     60.72     98.12     -0.53
    34417.112899 10.008045  0.001231 59.095164     59.45     33.10      0.52
    34426.425298 10.008060  0.001161 64.235328     57.36    -69.36     -1.77
    34435.737698 10.008633  0.001202 59.334547     58.66    139.51      0.62
    34445.050098 10.008936  0.001164 63.678967     54.22    -45.37     -1.91
    34454.362498 10.009301  0.001167 60.205889     57.53     80.84     -0.93
    34463.674897 10.009794  0.001193 62.618729     51.42    170.46     -0.68
    34472.987297 10.010430  0.001201 61.365289     55.97   -149.41      2.14
    34482.299697 10.010584  0.001179 61.536044     49.07   -140.29      0.30
    34491.612097 10.011252  0.001217 62.378014     53.87   -179.73     -1.20
    34500.924497 10.011277  0.001133 60.608331     47.31    104.49     -1.52
    34510.236896 10.011897  0.001197 63.243331     51.21    -20.93      0.34
    34519.549296 10.012663  0.001231 59.725319     46.07    179.96     -1.09
    34528.861696 10.013055  0.001233 64.020432     48.19    -26.14     -0.50
    34538.174096 10.013261  0.001212 59.104521     45.06     87.94      0.51
    34547.486495 10.013926  0.001227 64.369060     45.09    162.27     -1.73
    34556.798895 10.014064  0.001192 59.062120     44.11   -169.45      1.22
    34566.111295 10.014551  0.001210 64.126063     41.95   -177.53     -0.91
    34575.423695 10.014913  0.001181 59.487310     43.19    130.98     -2.45
    34584.736094 10.015170  0.001186 63.622229     38.87     36.71     -0.01
    34594.048494 10.015578  0.001164 60.065538     42.04   -102.41      1.55
    34603.360894 10.015852  0.001135 63.020861     36.11     86.10     -0.70
    34612.673294 10.016572  0.001212 60.790403     40.46   -135.16     -0.55
    34621.985693 10.016977  0.001186 62.154186     33.74    -30.18     -2.20
    34631.298093 10.017285  0.001180 61.774684     38.49     22.67      1.14
    34640.610493 10.017952  0.001225 61.104944     31.70     44.22     -0.16
    34649.922893 10.018505  0.001228 62.769258     36.22     15.88      1.46
    34659.235293 10.018726  0.001217 60.277306     29.94    -45.29      0.12
    34668.547692 10.019314  0.001235 63.426110     33.69   -154.97      0.22
    34677.860092 10.019224  0.001137 59.749521     28.52     57.82      1.68
    34687.172492 10.019900  0.001208 63.856594     30.85   -131.48     -0.44
    34696.484892 10.020609  0.001229 59.302061     27.37     -0.61     -1.10
    34705.797291 10.020449  0.001149 64.250941     27.88     86.31     -0.83
    34715.109691 10.021015  0.001182 59.005557     26.23    131.32      0.58
    34724.422091 10.021538  0.001178 64.359678     24.98    139.60     -2.51
    34733.734491 10.021958  0.001199 59.129529     25.02    101.44     -1.03
    34743.046890 10.022513  0.001224 64.032599     22.11     23.88     -0.38
    34752.359290 10.022390  0.001114 59.567630     23.80    -96.54     -0.03
    34761.671690 10.023293  0.001220 63.584532     19.28    105.32     -0.21
    34770.984090 10.023428  0.001154 60.019291     22.43   -100.24      1.52
    34780.296489 10.024073  0.001193 63.167156     16.67     19.60      1.80
    34789.608889 10.024523  0.001215 60.512266     20.79     94.02      0.57
    34798.921289 10.024723  0.001155 62.560614     14.30    134.40     -2.08
    34808.233689 10.025418  0.001219 61.234738     18.90    124.13     -0.83
    34817.546089 10.025762  0.001210 61.754241     12.10     77.70      0.84
    34826.858488 10.026416  0.001233 62.034200     16.87    -12.12     -0.90
    34836.170888 10.026393  0.001179 61.082303     10.03   -139.83      0.08
    34845.483288 10.027104  0.001215 62.599487     14.70     44.65      1.32
    34854.795688 10.027545  0.001211 60.612315      8.19   -164.92      1.89
    34864.108087 10.027752  0.001205 63.040698     12.27    -59.48      0.39
    34873.420487 10.028505  0.001233 60.080603      6.57      9.13     -0.26
    34882.732887 10.028511  0.001179 63.595255      9.72     29.92      1.57
    34892.045287 10.029026  0.001203 59.531148      4.98     17.35     -0.75
    34901.357686 10.029397  0.001176 64.022244      7.19    -40.24     -2.42
    34910.670086 10.029669  0.001167 59.264811      3.42   -139.99      0.22
    34919.982486 10.030174  0.001187 64.131902      4.59     77.80      1.22
    34929.294886 10.030251  0.001113 59.214531      1.97   -100.88      0.20
    34938.607285 10.030993  0.001195 64.174645      1.91     37.32     -0.33
    34947.919685 10.031270  0.001148 59.113892      0.57    135.58     -1.41
    34957.232085 10.032040  0.001212 64.301975     -0.73   -170.58      1.40
    34966.544485 10.032314  0.001203 59.036820     -0.94   -153.74     -0.85
    34975.856885 10.033075  0.001235 64.271028     -3.28   -179.12     -0.53
    34985.169284 10.033193  0.001206 59.215438     -2.53    113.96     -0.99
    34994.481684 10.033609  0.001209 63.985955     -5.80      7.17     -0.93
    35003.794084 10.033973  0.001180 59.536657     -4.11   -145.94      2.41
    35013.106484 10.034225  0.001182 63.737214     -8.34     28.69      0.08
    35022.418883 10.034798  0.001187 59.723053     -5.71    158.19     -1.92
    35031.731283 10.034824  0.001120 63.614799    -10.77   -113.48      0.93
    35041.043683 10.035647  0.001207 59.893620     -7.50    -67.60      0.56
    35050.356083 10.035773  0.001136 63.332545    -13.06    -56.10     -1.59
    35059.668482 10.036252  0.001162 60.281406     -9.36    -92.46     -1.22
    35068.980882 10.036803  0.001198 62.886936    -15.36   -165.27     -0.67
    35078.293282 10.036883  0.001114 60.692158    -11.19     74.96      1.06
    35087.605682 10.037715  0.001208 62.599112    -17.65    -76.25     -0.96
    35096.918081 10.037987  0.001176 60.905239    -13.09     81.03      1.50
    35106.230481 10.038537  0.001192 62.427097    -19.82   -154.20      2.18
    35115.542881 10.038986  0.001219 61.115671    -15.11    -73.94      0.28
    35124.855281 10.039240  0.001177 62.104554    -21.91    -28.09     -1.99
    35134.167681 10.039915  0.001220 61.498613    -17.18    -32.31     -0.52
    35143.480080 10.040121  0.001202 61.713641    -24.02    -71.44      0.68
    35152.792480 10.040775  0.001216 61.838953    -19.20   -156.89      1.62
    35162.104880 10.040857  0.001176 61.519990    -26.14     86.97     -1.09
    35171.417280 10.041208  0.001166 61.958792    -21.25    -81.35      0.96
    35180.729679 10.041388  0.001109 61.418826    -28.17     78.59      0.81
    35190.042079 10.042036  0.001182 62.106986    -23.42   -168.08      0.31
    35199.354479 10.042379  0.001148 61.152071    -30.14    -91.06      1.25
    35208.666879 10.043005  0.001185 62.413220    -25.56    -55.70     -2.17
    35217.979278 10.043409  0.001203 60.870028    -32.20    -61.57      0.43
    35227.291678 10.043605  0.001139 62.609229    -27.62   -112.86      2.05
    35236.604078 10.044388  0.001217 60.811025    -34.26    164.45      0.70
    35245.916478 10.044745  0.001217 62.603773    -29.74     34.36     -0.23
    35255.228877 10.044996  0.001165 60.780609    -36.23   -133.77      2.51
    35264.541277 10.045322  0.001182 62.691688    -31.91     16.56      0.55
    35273.853677 10.045603  0.001148 60.584132    -38.22    130.64     -0.47
    35283.166077 10.046405  0.001204 62.908664    -34.03   -164.07      1.79
    35292.478477 10.046682  0.001200 60.430011    -40.29   -129.47     -0.66
    35301.790876 10.047306  0.001213 62.971080    -36.08   -145.57      1.55
    35311.103276 10.047695  0.001220 60.491259    -42.36    167.05      0.51
    35320.415676 10.047995  0.001211 62.879192    -38.17     72.08      0.52
    35329.728076 10.048043  0.001131 60.530400    -44.36    -54.73     -2.29
    35339.040475 10.048812  0.001213 62.914634    -40.31    128.09     -0.43
    35348.352875 10.049001  0.001169 60.402604    -46.40    -84.32      1.06
    35357.665275 10.049738  0.001209 63.051757    -42.37     18.59      2.06
    35366.977675 10.049998  0.001206 60.363444    -48.54     89.92     -0.68
    35376.290074 10.050033  0.001127 62.988115    -44.37    112.42     -0.62
    35385.602474 10.050536  0.001140 60.524501    -50.64    101.70     -1.71
    35394.914874 10.051214  0.001208 62.816966    -46.44     42.27     -0.46
    35404.227274 10.051361  0.001139 60.605402    -52.68    -48.99     -2.07
    35413.539673 10.052064  0.001206 62.808267    -48.52    169.62      0.93
    35422.852073 10.052315  0.001185 60.542532    -54.79     -2.34     -0.88
    35432.164473 10.052834  0.001181 62.838526    -50.51    140.00     -2.39
    35441.476873 10.053143  0.001182 60.632618    -56.96   -115.58     -0.76
    35450.789273 10.053347  0.001141 62.656082    -52.49    -55.86     -0.78
    35460.101672 10.054220  0.001209 60.891313    -59.08    -29.53     -1.32
    35469.414072 10.054390  0.001195 62.418712    -54.52    -52.14      0.55
    35478.726472 10.054687  0.001149 61.027460    -61.14   -108.56      1.88
    35488.038872 10.055421  0.001218 62.350907    -56.59    152.71     -0.16
    35497.351271 10.055647  0.001195 61.070492    -63.26     17.57     -0.70
    35506.663671 10.056369  0.001221 62.267560    -58.57   -165.88      1.26
    35515.976071 10.056544  0.001205 61.300798    -65.43    -20.80      0.62
    35525.288471 10.056831  0.001176 61.956631    -60.56     76.07      1.38
    35534.600870 10.057413  0.001194 61.652920    -67.50    143.93     -2.24
    35543.913270 10.057611  0.001189 61.636543    -62.67    158.74      0.55
    35553.225670 10.057966  0.001160 61.849997    -69.51    144.61     -1.88
    35562.538070 10.058240  0.001136 61.491064    -64.77     81.10     -0.63
    35571.850469 10.058766  0.001178 61.992250    -71.59    -16.33     -0.04
    35581.162869 10.059560  0.001216 61.274075    -66.84   -160.48      1.30
    35590.475269 10.059591  0.001172 62.341074    -73.62     22.91      1.28
    35599.787669 10.060023  0.001172 60.851120    -68.97    162.07     -1.10
    35609.100069 10.060160  0.001107 62.752415    -75.55    -96.40      0.46
    35618.412468 10.061000  0.001206 60.498616    -71.22    -39.34      0.56
    35627.724868 10.061360  0.001189 62.976520    -77.41    -14.72     -1.67
    35637.037268 10.061964  0.001208 60.320110    -73.51    -37.40     -1.39
    35646.349668 10.062217  0.001211 63.173332    -79.29    -96.61      0.03
    35655.662067 10.062759  0.001201 60.045531    -75.77    162.91     -2.07
    35664.974467 10.062912  0.001175 63.558067    -81.11     21.75      1.51
    35674.286867 10.063427  0.001202 59.633457    -78.15   -158.41     -0.82
    35683.599267 10.064102  0.001222 63.906471    -82.79    -15.69     -1.58
    35692.911666 10.064093  0.001179 59.385471    -80.70     82.20     -0.97
    35702.224066 10.064459  0.001164 64.013320    -84.42    143.55     -1.12
    35711.536466 10.065364  0.001227 59.317317    -83.22    162.24     -0.55
    35720.848866 10.065417  0.001203 64.089274    -86.07    142.28      0.55
    35730.161265 10.065515  0.001130 59.171139    -85.75     80.86      1.43
    35739.473665 10.066479  0.001226 64.284641    -87.65    -16.67      0.17
    35748.786065 10.066622  0.001192 58.993645    -88.42   -155.48     -0.80
    35758.098465 10.067289  0.001212 64.344420    -89.12     22.87      1.43
    35767.410865 10.067536  0.001203 59.091952    -91.13    164.90      0.99
    35776.723264 10.067738  0.001178 64.112612    -90.61    -95.17      1.00
    35786.035664 10.068402  0.001197 59.384672    -93.77    -29.79     -1.81
    35795.348064 10.068573  0.001189 63.848876    -92.18    -12.14      0.60
    35804.660464 10.068929  0.001164 59.605164    -96.35    -26.65     -1.82
    35813.972863 10.069157  0.001129 63.648745    -93.76    -87.16     -1.06
    35823.285263 10.069717  0.001174 59.894509    -98.94    176.00     -0.13
    35832.597663 10.070453  0.001203 63.249308    -95.34     33.53      2.17
    35841.910063 10.070488  0.001152 60.488830   -101.46   -140.03      1.23
    35851.222462 10.071038  0.001188 62.576594    -97.07      1.81     -0.91
    35860.534862 10.071106  0.001106 61.177443   -103.72    108.69     -1.55
    35869.847262 10.071834  0.001192 61.938042    -99.03    166.87      0.80
    35879.159662 10.072408  0.001210 61.718054   -105.83   -165.28     -0.57
    35888.472061 10.072948  0.001218 61.406613   -101.10    174.83      0.64
    35897.784461 10.073141  0.001207 62.302157   -107.84    122.45      0.33
    35907.096861 10.073712  0.001211 60.744332   -103.31     23.61      0.82
    35916.409261 10.073587  0.001130 63.041905   -109.62   -107.18     -0.24
    35925.721661 10.074345  0.001204 59.996480   -105.79     74.65      0.58
    35935.034060 10.074703  0.001175 63.662067   -111.14   -138.98      2.38
    35944.346460 10.075243  0.001211 59.504745   -108.52    -32.53      0.46
    35953.658860 10.075632  0.001215 63.961119   -112.52     35.74      0.12
    35962.971260 10.075563  0.001114 59.295614   -111.37     60.41      1.63
    35972.283659 10.076213  0.001184 64.142315   -113.83     50.75     -0.43
    35981.596059 10.076944  0.001212 59.111324   -114.26     -0.88     -1.34
    35990.908459 10.076766  0.001122 64.289151   -115.08    -92.88     -0.70
    36000.220859 10.077393  0.001174 59.098762   -117.28    135.16      0.58
    36009.533258 10.077907  0.001171 64.110679   -116.25    -33.43     -2.54
    36018.845658 10.078322  0.001186 59.534853   -120.28    117.22     -1.48
    36028.158058 10.078858  0.001212 63.515919   -117.54   -136.40      0.25
    36037.470458 10.078844  0.001123 60.232976   -122.99    -60.28     -2.44
    36046.782857 10.079546  0.001200 62.808614   -119.10    -34.24      0.47
    36056.095257 10.079707  0.001146 60.915211   -125.46    -38.09     -1.14
    36065.407657 10.080035  0.001122 62.107996   -120.87    -88.11     -1.21
    36074.720057 10.080566  0.001172 61.704231   -127.71   -173.34      0.10
    36084.032457 10.081067  0.001160 61.225370   -122.91     55.10      2.19
    36093.344856 10.081263  0.001134 62.689046   -129.57   -104.66     -0.48
    36102.657256 10.082000  0.001206 60.232538   -125.36     46.89     -0.12
    36111.969656 10.082606  0.001213 63.546794   -131.04    166.33     -1.47
    36121.282056 10.082538  0.001159 59.538748   -128.22   -120.17     -0.63
    36130.594455 10.082940  0.001155 63.989427   -132.23    -83.57      0.91
    36139.906855 10.083128  0.001102 59.247717   -131.30    -85.01     -0.89
    36149.219255 10.083868  0.001187 64.169624   -133.31   -126.65     -0.56
    36158.531655 10.084307  0.001164 59.139209   -134.45    153.66     -2.10
    36167.844054 10.084702  0.001166 64.178868   -134.33     28.97      1.89
    36177.156454 10.085214  0.001202 59.331207   -137.67   -127.38     -0.46
    36186.468854 10.085757  0.001202 63.743665   -135.37     29.30      2.14
    36195.781254 10.086088  0.001210 60.085490   -140.70    155.35      0.33
    36205.093653 10.086456  0.001205 62.800253   -136.71   -125.51      0.75
    36214.406053 10.086373  0.001103 61.152109   -143.25    -76.95     -1.46
    36223.718453 10.087229  0.001205 61.727995   -138.53    -76.98     -0.37
    36233.030853 10.087512  0.001174 62.138284   -145.31   -111.38      1.64
    36242.343253 10.088182  0.001212 60.777262   -140.80    172.64      0.65
    36251.655652 10.088340  0.001199 63.049406   -146.95     62.72     -0.43
    36260.968052 10.088380  0.001108 59.874761   -143.52    -94.09      1.21
    36270.280452 10.088877  0.001140 63.898534   -148.15     77.91     -0.50
    36279.592852 10.089607  0.001197 59.147650   -146.70   -154.36     -0.85
    36288.905251 10.089628  0.001114 64.345515   -149.00    -62.75     -1.85
    36298.217651 10.090378  0.001191 59.035948   -150.18    -14.63      0.96
    36307.530051 10.090850  0.001200 64.103611   -149.77     -1.90     -1.22
    36316.842451 10.091355  0.001202 59.597368   -153.53    -27.41     -1.50
    36326.154850 10.091579  0.001202 63.368254   -150.79    -97.29     -0.27
    36335.467250 10.091957  0.001175 60.454430   -156.46    161.09     -2.04
    36344.779650 10.092396  0.001186 62.445983   -152.23     10.18      1.67
    36354.092050 10.092629  0.001177 61.499173   -158.93   -168.60     -0.59
    36363.404449 10.093203  0.001177 61.287151   -154.16    -32.46     -2.58
    36372.716849 10.093296  0.001144 62.767665   -160.77     66.61     -0.37
    36382.029249 10.093740  0.001147 60.020563   -156.80    122.33      0.09
    36391.341649 10.094502  0.001190 63.849535   -161.92    147.03     -2.10
    36400.654049 10.094819  0.001205 59.194821   -160.11    124.28      0.33
    36409.966448 10.095036  0.001163 64.256810   -162.65     65.77      1.59
    36419.278848 10.095782  0.001212 59.135464   -163.69    -28.31     -0.79
    36428.591248 10.095862  0.001183 64.003101   -163.32   -165.32     -0.42
    36437.903648 10.096644  0.001215 59.643960   -167.13     20.29      0.71
    36447.216047 10.096821  0.001200 63.306440   -164.25    164.92      0.68
    36456.528447 10.097081  0.001180 60.568861   -170.16    -85.48      0.85
    36465.840847 10.097768  0.001206 62.201311   -165.67    -17.40     -1.43
    36475.153247 10.097774  0.001167 61.917781   -172.51     13.19      0.83
    36484.465646 10.098443  0.001200 60.754830   -167.83      2.76     -1.23
    36493.778046 10.098813  0.001180 63.331828   -174.00    -41.31     -2.24
    36503.090446 10.099027  0.001180 59.528821   -170.90   -132.03     -0.69
    36512.402846 10.099110  0.001103 64.144492   -174.77    102.88      0.02
    36521.715245 10.099900  0.001174 59.108192   -174.55    -60.31     -1.69
    36531.027645 10.100255  0.001185 64.141570   -175.31     93.68      0.55
    36540.340045 10.100886  0.001189 59.441525   -178.21   -148.99      2.09
    36549.652445 10.101112  0.001191 63.536599   -176.01    -68.49     -0.88
    36558.964845 10.101297  0.001152 60.322227    178.52    -26.26     -0.82
    36568.277244 10.102095  0.001203 62.418804   -177.22    -26.63     -1.54
    36577.589644 10.102369  0.001203 61.717359    175.99    -62.41     -0.02
    36586.902044 10.102834  0.001199 60.892462   -179.29   -143.04      1.31
    36596.214444 10.102923  0.001143 63.248988    174.48    108.25     -1.68
    36605.526843 10.103401  0.001174 59.529007    177.63    -49.94      0.64
    36614.839243 10.103567  0.001116 64.184252    173.79    121.73     -1.74
    36624.151643 10.104003  0.001136 59.058317    173.82   -110.48     -0.68
    36633.464043 10.104552  0.001168 64.134024    173.42    -20.39     -0.93
    36642.776442 10.105227  0.001184 59.569307    170.03     29.58      2.31
    36652.088842 10.105338  0.001168 63.292898    172.75     43.26     -0.12
    36661.401242 10.106063  0.001211 60.696167    166.86     20.14     -0.21
    36670.713642 10.106333  0.001180 61.978130    171.36    -44.74     -2.09
    36680.026041 10.106528  0.001173 62.192318    164.60   -146.26     -0.44
    36689.338441 10.106809  0.001127 60.421857    168.97     66.66      2.29
    36698.650841 10.107097  0.001121 63.664135    163.44   -108.31     -0.04
    36707.963241 10.107862  0.001189 59.202173    165.46     31.95     -0.71
    36717.275641 10.108169  0.001151 64.347873    163.08    137.41     -2.46
    36726.588040 10.108510  0.001161 59.112606    161.41   -161.18      0.97
    36735.900440 10.109171  0.001205 63.819321    162.79   -136.63      0.64
    36745.212840 10.109453  0.001165 60.180436    157.76   -148.74      2.36
    36754.525240 10.109690  0.001175 62.435168    161.82    159.06      0.56
    36763.837639 10.110107  0.001153 61.739384    155.14     70.86      1.76
    36773.150039 10.110656  0.001179 60.850565    159.73    -56.55     -1.77
    36782.462439 10.110902  0.001174 63.223565    153.71    136.88      0.44
    36791.774839 10.111000  0.001095 59.557626    156.48    -68.81     -1.10
    36801.087238 10.111556  0.001145 64.175657    153.21     47.31      0.52
    36810.399638 10.111922  0.001138 59.058046    152.46    124.94      0.32
    36819.712038 10.112894  0.001215 64.072114    153.06    165.13     -1.10
    36829.024438 10.112922  0.001176 59.852643    148.50    166.08      0.87
    36838.336837 10.113072  0.001122 62.722782    152.38    127.85     -1.17
    36847.649237 10.113485  0.001116 61.647618    145.66     52.23      1.91
    36856.961637 10.114172  0.001189 60.816078    150.38    -63.85      0.59
    36866.274037 10.114539  0.001160 63.354128    144.29    149.02     -2.29
    36875.586437 10.115133  0.001202 59.456383    146.99    -45.10     -0.79
    36884.898836 10.115301  0.001184 64.140314    143.92     85.01      0.63
    36894.211236 10.116098  0.001215 59.203537    142.87    178.33     -0.17
    36903.523636 10.115967  0.001160 63.832549    143.79   -128.49     -0.19
    36912.836036 10.116565  0.001184 60.065325    138.98   -112.52      1.28
    36922.148435 10.116768  0.001138 62.517674    143.00   -138.39      2.17
    36931.460835 10.117173  0.001171 61.804606    136.28    165.27      0.57
    36940.773235 10.117592  0.001149 60.621090    140.84     61.37      2.17
    36950.085635 10.117975  0.001150 63.612337    135.11    -69.29     -1.80
    36959.398034 10.118400  0.001171 59.177572    137.17    110.44      0.95
    36968.710434 10.118468  0.001095 64.345959    135.05   -103.51      1.61
    36978.022834 10.119273  0.001175 59.244436    132.77      5.54      1.31
    36987.335234 10.119641  0.001175 63.502835    134.97     73.22      1.28
    36996.647633 10.119703  0.001100 60.756189    129.14    110.76     -2.10
    37005.960033 10.120518  0.001194 61.668912    133.72     99.30     -0.33
    37015.272433 10.120867  0.001176 62.642513    127.11     54.94      1.78
    37024.584833 10.121526  0.001209 59.941316    130.83    -27.78     -0.80
    37033.897233 10.121544  0.001178 63.947190    126.51   -147.71     -0.56
    37043.209632 10.121988  0.001157 59.149482    126.71     49.25      2.37
    37052.522032 10.122266  0.001153 64.064216    126.60   -147.38      1.25
    37061.834432 10.122616  0.001152 59.770131    122.46    -20.03     -0.39
    37071.146832 10.122928  0.001113 62.765799    126.16     61.40      2.04
    37080.459231 10.123673  0.001197 61.676201    119.48    115.27     -0.64
    37089.771631 10.123718  0.001126 60.630061    124.11    121.74     -0.37
    37099.084031 10.124022  0.001103 63.665264    118.37     97.11     -1.03
    37108.396431 10.124652  0.001167 59.125263    120.25     29.05     -0.68
    37117.708830 10.124739  0.001097 64.301136    118.50    -75.50     -0.03
    37127.021230 10.125715  0.001195 59.421759    115.71    144.31     -0.77
    37136.333630 10.125742  0.001155 63.186448    118.45    -38.84     -0.08
    37145.646030 10.125913  0.001087 61.184620    112.24    106.75     -1.13
    37154.958429 10.126528  0.001148 61.166944    116.88   -154.16      0.75
    37164.270829 10.126982  0.001155 63.136900    110.67    -86.17      0.96
    37173.583229 10.127373  0.001134 59.529503    113.44    -56.69     -2.48
    37182.895629 10.127924  0.001194 64.155588    110.57    -68.20     -0.13
    37192.208029 10.128245  0.001158 59.243030    108.94   -118.10      1.76
    37201.520428 10.128914  0.001208 63.601949    110.73    156.91     -0.47
    37210.832828 10.129027  0.001176 60.634791    105.01     35.29     -0.55
    37220.145228 10.129423  0.001152 61.637482    109.64   -132.64      2.41
    37229.457628 10.129652  0.001142 62.900066    103.07     31.85      1.24
    37238.770027 10.130094  0.001151 59.540977    106.40    153.49     -0.71
    37248.082427 10.130372  0.001116 64.296810    102.99   -123.55      2.15
    37257.394827 10.131044  0.001186 59.087104    101.74    -74.14     -0.49
    37266.707227 10.131082  0.001117 63.670498    103.32    -67.65      0.06
    37276.019626 10.131433  0.001095 60.690577     97.68    -93.46     -0.60
    37285.332026 10.132051  0.001164 61.540492    102.28   -163.79     -0.40
    37294.644426 10.132226  0.001101 62.934200     95.76     93.00      0.74
    37303.956826 10.133115  0.001189 59.602191     98.98    -49.54     -1.31
    37313.269225 10.133216  0.001159 64.139241     95.71    129.26      0.37
    37322.581625 10.133251  0.001073 59.271951     94.34    -88.50      0.18
    37331.894025 10.134059  0.001166 63.541796     95.99     13.43      1.01
    37341.206425 10.134482  0.001163 60.730512     90.34     81.48      1.30
    37350.518825 10.134681  0.001115 61.522817     94.89    110.81     -2.26
    37359.831224 10.135375  0.001192 62.984449     88.48    102.36     -0.29
    37369.143624 10.135711  0.001167 59.491856     91.46     50.75      1.97
    37378.456024 10.136329  0.001202 64.282470     88.62    -29.93     -0.78
    37387.768424 10.136457  0.001175 59.202337     86.61   -152.04     -0.77
    37397.080823 10.136912  0.001162 63.409993     88.98     42.79      2.45
    37406.393223 10.137092  0.001146 61.132203     82.78   -150.90      1.27
    37415.705623 10.137475  0.001145 60.958083     87.51    -27.60     -0.88
    37425.018023 10.137746  0.001110 63.537511     81.48     58.92      2.24
    37434.330422 10.138485  0.001191 59.143771     83.51    109.00     -0.18
    37443.642822 10.138488  0.001117 64.236247     81.95    121.07     -0.64
    37452.955222 10.138850  0.001101 59.663060     78.62     97.25     -1.34
    37462.267622 10.139541  0.001176 62.703712     82.01     30.31     -0.56
    37471.580021 10.139606  0.001093 61.891258     75.45    -67.98     -0.76
    37480.892421 10.140588  0.001200 60.339920     79.76    150.01     -0.16
    37490.204821 10.140635  0.001159 63.836808     74.81    -24.33     -0.47
    37499.517221 10.140867  0.001108 59.172008     75.28    123.00     -2.48
    37508.829621 10.141362  0.001148 63.920697     75.39   -131.41     -0.07
    37518.142020 10.141638  0.001126 60.208164     70.67    -58.89     -0.06
    37527.454420 10.142548  0.001196 62.005969     74.90    -26.78     -1.35
    37536.766820 10.142678  0.001180 62.640766     68.30    -30.06      0.61
    37546.079220 10.142728  0.001099 59.662130     71.76    -73.63     -0.08
    37555.391619 10.143410  0.001156 64.253548     68.44   -153.23      1.86
    37564.704019 10.143868  0.001182 59.174262     66.73     91.65      0.46
    37574.016419 10.143913  0.001101 63.396054     69.01    -61.87     -1.90
    37583.328819 10.144650  0.001173 61.240969     62.78    108.89     -1.35
    37592.641218 10.145118  0.001190 60.758949     67.46   -125.79      0.89
    37601.953618 10.145624  0.001187 63.754772     61.76    -26.73     -2.03
    37611.266018 10.145647  0.001151 59.031860     63.05     26.29     -0.17
    37620.578418 10.146345  0.001188 64.119650     62.53     42.89      1.36
    37629.890817 10.146616  0.001162 60.093703     58.12     25.27      2.29
    37639.203217 10.146815  0.001158 62.016020     62.28    -31.73      0.18
    37648.515617 10.147261  0.001142 62.695680     55.67   -124.90      2.63
    37657.828017 10.147679  0.001156 59.634641     59.08    106.17     -1.44
    37667.140417 10.147964  0.001152 64.163527     55.89    -63.15      0.44
    37676.452816 10.148016  0.001071 59.386767     54.01     92.61     -0.37
    37685.765216 10.148745  0.001152 63.131305     56.43   -152.91      0.46
    37695.077616 10.149054  0.001129 61.462160     50.20    -70.72      0.37
    37704.390016 10.149928  0.001195 60.600441     54.64    -29.29     -1.34
    37713.702415 10.150013  0.001175 63.764548     49.42    -24.04      0.58
    37723.014815 10.150118  0.001105 59.124994     50.00    -55.44     -1.27
    37732.327215 10.150577  0.001123 63.909599     50.29   -127.52      0.90
    37741.639615 10.151073  0.001158 60.394605     45.21    127.90      0.56
    37750.952014 10.151813  0.001189 61.605194     49.68    -16.75     -1.75
    37760.264414 10.152080  0.001189 63.154958     43.34    162.51      0.62
    37769.576814 10.152119  0.001124 59.244771     45.83    -57.89      0.28
    37778.889214 10.152632  0.001132 64.300350     44.06     44.70      2.53
    37788.201613 10.153177  0.001185 59.673712     40.53    115.58     -0.02
    37797.514013 10.153363  0.001135 62.428447     44.32    144.70     -2.15
    37806.826413 10.154061  0.001178 62.494709     37.62    140.24     -1.85
    37816.138813 10.154330  0.001183 59.628032     41.33     90.57      0.51
    37825.451213 10.155052  0.001208 64.306964     37.95     10.29      0.23
    37834.763612 10.154785  0.001115 59.314314     35.97   -106.86     -0.77
    37844.076012 10.155380  0.001160 63.012480     38.68     93.05      0.95
    37853.388412 10.155425  0.001077 61.818162     32.25    -96.92      0.65
    37862.700812 10.156007  0.001142 60.172364     36.53     30.44      0.20
    37872.013211 10.156370  0.001124 64.042928     31.97    125.16     -0.41
    37881.325611 10.157313  0.001202 59.181440     31.43    179.25      0.97
    37890.638011 10.157276  0.001163 63.442942     32.93   -162.58     -0.31
    37899.950411 10.157973  0.001190 61.180375     27.06   -178.27     -0.98
    37909.262810 10.158254  0.001178 60.746790     31.54    123.72     -1.45
    37918.575210 10.158542  0.001180 63.710127     26.16     31.98     -0.58
    37927.887610 10.158488  0.001079 59.164934     26.78   -100.48      1.14
    37937.200010 10.159249  0.001166 63.777344     27.21     94.10     -1.00
    37946.512409 10.159744  0.001174 60.658336     21.94   -110.32      1.33
    37955.824809 10.160339  0.001197 61.251276     26.40      6.13      1.15
    37965.137209 10.160484  0.001183 63.448760     20.50     92.17     -0.40
    37974.449609 10.160620  0.001118 59.152531     21.99    137.03     -1.83
    37983.762009 10.161402  0.001186 64.045442     21.57    144.46     -1.27
    37993.074408 10.161568  0.001170 60.303441     16.79    115.36      0.62
    38002.386808 10.161980  0.001146 61.561728     21.21     44.44      2.63
    38011.699208 10.162508  0.001185 63.324037     14.98    -51.64     -1.23
    38021.011608 10.162686  0.001150 59.114076     16.98    166.33     -0.96
    38030.324007 10.163499  0.001203 64.182649     16.09    -10.66     -0.62
    38039.636407 10.163594  0.001184 60.152932     11.59    136.64      0.30
    38048.948807 10.163922  0.001159 61.659315     15.96   -118.50      1.66
    38058.261207 10.164452  0.001175 63.285610      9.61    -39.38     -1.89
    38067.573606 10.164566  0.001152 59.106185     11.80     -7.61      0.13
    38076.886006 10.165304  0.001192 64.185375     10.74     -7.44     -1.37
    38086.198406 10.165564  0.001180 60.171043      6.34    -43.85     -1.02
    38095.510806 10.165937  0.001190 61.624560     10.67   -123.39      0.39
    38104.823205 10.166056  0.001118 63.299419      4.35    130.52     -2.47
    38114.135605 10.166695  0.001179 59.138668      6.48    -22.89      0.79
    38123.448005 10.166861  0.001147 64.098067      5.52    153.57     -1.44
    38132.760405 10.167074  0.001101 60.300215      1.04    -65.66     -2.41
    38142.072805 10.167609  0.001154 61.510867      5.35     30.37     -0.40
    38151.385204 10.167794  0.001099 63.336014     -0.82     95.98      0.63
    38160.697604 10.168550  0.001160 59.192161      1.02    124.67     -1.88
    38170.010004 10.168817  0.001166 63.963258      0.37    112.39      0.61
    38179.322404 10.169042  0.001105 60.458373     -4.31     66.71      2.07
    38188.634803 10.169754  0.001185 61.345751      0.02    -17.48      0.75
    38197.947203 10.170118  0.001183 63.417730     -5.93   -134.22      0.14
    38207.259603 10.170020  0.001080 59.191427     -4.53     67.11      1.39
    38216.572003 10.170711  0.001159 63.841704     -4.64   -124.35     -0.60
    38225.884402 10.171337  0.001185 60.665814     -9.74      8.10     -0.91
    38235.196802 10.171350  0.001113 61.085720     -5.32     99.81     -1.66
    38244.509202 10.171861  0.001161 63.622260    -10.93    157.04      0.25
    38253.821602 10.172644  0.001193 59.139190    -10.24    177.74     -1.20
    38263.134001 10.172870  0.001190 63.682254     -9.56    159.21      0.31
    38272.446401 10.173007  0.001155 61.024700    -15.18    107.84      0.74
    38281.758801 10.173760  0.001193 60.685793    -10.76     14.68      1.39
    38291.071201 10.173705  0.001146 63.917097    -15.78   -107.42     -0.59
    38300.383601 10.174042  0.001129 59.127487    -16.11     87.06      1.36
    38309.696000 10.174261  0.001084 63.388351    -14.39   -113.39      1.12
    38319.008400 10.174844  0.001148 61.579461    -20.58     14.18      0.07
    38328.320800 10.175011  0.001085 60.131213    -16.35     98.21      0.35
    38337.633200 10.176034  0.001196 64.212932    -20.42    151.86     -0.63
    38346.945599 10.176006  0.001144 59.269822    -22.15    165.64     -0.06
    38356.257999 10.176516  0.001146 62.829367    -19.24    143.81     -2.65
    38365.570399 10.176781  0.001140 62.335892    -25.78     86.39     -1.05
    38374.882799 10.177243  0.001153 59.521700    -22.25    -11.50     -1.32
    38384.195198 10.177693  0.001149 64.321620    -24.85   -146.16      2.49
    38393.507598 10.177953  0.001150 59.735113    -28.20     49.73     -0.55
    38402.819998 10.178667  0.001192 61.993596    -24.25   -158.77      0.12
    38412.132398 10.179013  0.001179 63.170385    -30.65    -35.44     -1.50
    38421.444797 10.179188  0.001169 59.089444    -28.45     44.05     -0.74
    38430.757197 10.179157  0.001078 64.098012    -29.17     87.87      0.93
    38440.069597 10.179855  0.001140 60.561523    -34.11    102.03     -1.66
    38449.381997 10.180394  0.001173 60.982342    -29.59     68.94      0.95
    38458.694397 10.181083  0.001203 63.887276    -35.16      8.09      0.69
    38468.006796 10.181032  0.001157 59.026822    -34.93    -90.85     -0.93
    38477.319196 10.181199  0.001114 63.456457    -33.52    131.35     -1.13
    38486.631596 10.181986  0.001167 61.654281    -39.65    -37.25     -2.41
    38495.943996 10.182309  0.001181 59.980385    -35.45    107.87      0.36
    38505.256395 10.182713  0.001166 64.255833    -39.31   -138.02      2.02
    38514.568795 10.183022  0.001160 59.467855    -41.45    -55.07     -1.94
    38523.881195 10.183208  0.001145 62.406350    -38.18    -17.40     -0.46
    38533.193595 10.184044  0.001189 62.797106    -44.64     -8.45     -1.17
    38542.505994 10.184311  0.001190 59.273244    -41.84    -42.46      0.04
    38551.818394 10.184515  0.001164 64.100105    -43.28   -110.79      1.05
    38561.130794 10.185051  0.001172 60.409287    -47.71    150.70     -1.98
    38570.443194 10.185101  0.001145 61.138524    -43.37      5.70      0.24
    38579.755593 10.185883  0.001190 63.731678    -49.02   -167.43     -0.56
    38589.067993 10.186328  0.001192 59.121449    -48.63    -20.70     -0.14
    38598.380393 10.186444  0.001176 63.360330    -47.32     88.65      0.40
    38607.692793 10.186986  0.001177 61.710045    -53.37    168.51     -1.81
    38617.005193 10.187024  0.001138 59.948501    -49.36   -158.21      1.28
    38626.317592 10.187658  0.001185 64.172492    -52.87   -152.87     -0.44
    38635.629992 10.188314  0.001200 59.686127    -55.43    174.50     -0.44
    38644.942392 10.188371  0.001177 62.090675    -51.90    102.50     -0.61
    38654.254792 10.188783  0.001172 63.054243    -58.18     -0.40     -1.29
    38663.567191 10.188985  0.001130 59.228034    -56.12   -147.69      2.44
    38672.879591 10.189393  0.001163 63.843279    -56.56     36.49     -0.52
    38682.191991 10.190077  0.001191 60.920384    -61.71   -175.90     -0.65
    38691.504391 10.190207  0.001154 60.595887    -57.40    -68.07     -1.78
    38700.816790 10.190520  0.001161 63.979548    -62.13      5.73     -0.73
    38710.129190 10.191017  0.001147 59.351358    -63.25     39.74      2.40
    38719.441590 10.191158  0.001137 62.689906    -60.61     41.03      0.22
    38728.753990 10.191755  0.001173 62.501834    -66.96      9.52     -1.00
    38738.066389 10.191908  0.001111 59.433694    -64.01    -62.52     -2.16
    38747.378789 10.192364  0.001153 64.032540    -65.55   -171.92      0.08
    38756.691189 10.193027  0.001178 60.470873    -70.01     44.63      1.66
    38766.003589 10.192983  0.001113 61.019124    -65.74   -137.47      1.66
    38775.315989 10.193523  0.001157 63.810492    -70.99     11.13     -0.55
    38784.628388 10.193596  0.001078 59.242734    -71.36    120.39     -1.80
    38793.940788 10.194326  0.001157 62.977066    -69.28   -171.82      1.31
    38803.253188 10.194840  0.001182 62.242339    -75.54   -132.14      0.32
    38812.565588 10.194958  0.001115 59.556317    -72.29   -136.42      2.76
    38821.877987 10.195402  0.001153 64.093590    -74.25   -169.45      0.65
    38831.190387 10.195543  0.001102 60.337589    -78.42    121.36     -0.50
    38840.502787 10.196390  0.001174 61.129914    -74.20      8.87      1.75
    38849.815187 10.196552  0.001161 63.776254    -79.56   -130.42     -0.50
    38859.127586 10.197060  0.001151 59.218503    -79.84     46.87      2.07
    38868.439986 10.197371  0.001155 62.971036    -77.75   -169.59      1.56
    38877.752386 10.197651  0.001149 62.286651    -84.04    -57.59      0.50
    38887.064786 10.198444  0.001187 59.493285    -80.88     12.31      0.98
    38896.377186 10.198338  0.001138 64.064160    -82.58     50.57     -0.14
    38905.689585 10.199045  0.001182 60.469132    -87.03     51.75      0.89
    38915.001985 10.199422  0.001169 60.924349    -82.76     13.12      1.74
    38924.314385 10.199666  0.001176 63.904739    -87.79    -54.61      0.43
    38933.626785 10.200346  0.001195 59.292935    -88.67   -161.36     -0.01
    38942.939184 10.200128  0.001104 62.691239    -86.07     53.16      1.03
    38952.251584 10.200808  0.001177 62.641967    -92.38   -121.83     -0.14
    38961.563984 10.201458  0.001190 59.312435    -89.82     20.18      1.43
    38970.876384 10.201604  0.001177 63.918888    -90.62    132.07     -0.68
    38980.188783 10.202005  0.001179 60.930195    -95.73   -152.53     -0.42
    38989.501183 10.201899  0.001078 60.435966    -91.50   -119.57      2.00
    38998.813583 10.202519  0.001149 64.101479    -95.69   -113.05     -0.59
    39008.125983 10.203268  0.001187 59.570888    -97.81   -147.52      0.64
    39017.438382 10.203579  0.001176 62.061472    -94.36    143.13     -1.46
    39026.750782 10.203680  0.001158 63.230702   -100.47     39.62     -0.59
    39036.063182 10.203819  0.001089 59.146894    -99.17   -105.08      1.89
    39045.375582 10.204311  0.001121 63.475711    -98.40     80.35     -0.83
    39054.687982 10.204991  0.001178 61.730041   -104.34   -130.47     -0.11
    39064.000381 10.205553  0.001178 59.763322   -100.64    -19.45     -1.66
    39073.312781 10.205490  0.001140 64.137583   -103.18     56.36     -0.35
    39082.625181 10.205813  0.001120 60.235870   -107.07     96.51      1.19
    39091.937581 10.206106  0.001090 61.099189   -102.91    101.64     -1.69
    39101.249980 10.206749  0.001166 63.861188   -108.08     71.52     -0.39
    39110.562380 10.207464  0.001192 59.303074   -108.88      5.13     -0.84
    39119.874780 10.207245  0.001102 62.590416   -106.24    -98.98     -0.63
    39129.187180 10.207819  0.001151 62.819431   -112.48    124.47      0.47
    39138.499579 10.208101  0.001108 59.233022   -110.35    -47.51     -2.75
    39147.811979 10.208586  0.001151 63.711220   -110.46    101.58     -1.27
    39157.124379 10.209154  0.001180 61.406652   -116.03   -142.49      0.06
    39166.436779 10.209192  0.001102 59.966892   -112.11    -62.76     -2.54
    39175.749178 10.209762  0.001164 64.146523   -115.17    -20.87      0.66
    39185.061578 10.210194  0.001155 60.111679   -118.65     -9.16     -1.60
    39194.373978 10.210713  0.001177 61.196167   -114.59    -38.86     -1.52
    39203.686378 10.210913  0.001173 63.820934   -119.86   -101.06     -0.04
    39212.998778 10.211412  0.001163 59.313825   -120.58    162.36     -1.98
    39222.311177 10.211505  0.001136 62.519535   -117.93     23.47      1.32
    39231.623577 10.212074  0.001174 62.904230   -124.14   -141.89     -0.32
    39240.935977 10.212736  0.001187 59.201354   -122.24     10.46      0.98
    39250.248377 10.212802  0.001172 63.558115   -121.98    130.31      0.11
    39259.560776 10.213323  0.001182 61.686729   -127.74   -143.81      0.45
    39268.873176 10.213079  0.001070 59.742111   -124.09    -96.83     -0.22
    39278.185576 10.213889  0.001172 64.089217   -126.46    -83.45      0.09
    39287.497976 10.214043  0.001104 60.497617   -130.62   -106.23      1.95
    39296.810375 10.214613  0.001149 60.725493   -126.46   -166.42      1.76
    39306.122775 10.214936  0.001154 64.036732   -131.03    102.95      0.65
    39315.435175 10.215550  0.001165 59.603659   -132.89    -22.42     -2.24
    39324.747575 10.215765  0.001165 61.882981   -129.49    167.98      0.94
    39334.059974 10.215995  0.001133 63.470804   -135.37    -27.54     -0.96
    39343.372374 10.216048  0.001065 59.175724   -134.82     97.04     -1.18
    39352.684774 10.216724  0.001144 62.958041   -133.12   -176.52      0.45
    39361.997174 10.217237  0.001147 62.545640   -139.29   -121.40      1.92
    39371.309574 10.217223  0.001081 59.258084   -136.71   -101.71     -0.62
    39380.621973 10.218046  0.001174 63.750302   -137.19   -119.17     -0.23
    39389.934373 10.218655  0.001189 61.478680   -142.67   -169.25      0.16
    39399.246773 10.218707  0.001147 59.792092   -138.83    102.41     -1.20
    39408.559173 10.218987  0.001141 64.156205   -141.52    -19.92     -0.93
    39417.871572 10.219825  0.001192 60.461303   -145.54   -177.40      0.30
    39427.183972 10.219787  0.001152 60.644283   -141.35    -13.92      0.76
    39436.496372 10.219913  0.001097 64.139064   -145.87    120.17     -0.38
    39445.808772 10.220556  0.001129 59.654553   -147.99   -145.80      2.56
    39455.121171 10.221034  0.001173 61.645783   -144.34    -85.35      0.25
    39464.433571 10.221040  0.001090 63.740721   -150.08    -55.47     -1.78
    39473.745971 10.221637  0.001135 59.167557   -150.16    -65.36     -1.83
    39483.058371 10.222169  0.001173 62.626725   -147.78   -114.77      0.48
    39492.370770 10.222768  0.001183 63.044270   -154.01    169.52     -1.31
    39501.683170 10.222572  0.001113 59.046385   -152.26     51.73     -0.31
    39510.995570 10.223119  0.001139 63.447438   -151.58   -101.89      1.38
    39520.307970 10.223160  0.001066 62.164669   -157.60     75.60      0.79
    39529.620370 10.223775  0.001135 59.286554   -154.43   -146.58     -0.47
    39538.932769 10.224095  0.001108 64.019622   -155.60    -41.73     -1.77
    39548.245169 10.224633  0.001135 61.236342   -160.83     25.31      2.17
    39557.557569 10.225092  0.001171 59.829961   -156.81     58.01     -0.20
    39566.869969 10.225298  0.001115 64.294917   -159.72     54.50      2.44
    39576.182368 10.225694  0.001133 60.381424   -163.73     20.30      1.44
    39585.494768 10.225949  0.001115 60.569861   -159.48    -53.56     -0.05
    39594.807168 10.226793  0.001175 64.274888   -163.84   -160.84      1.86
    39604.119568 10.226808  0.001138 59.699120   -166.37     60.15     -0.67
    39613.431967 10.227295  0.001145 61.392548   -162.46   -122.98      1.98
    39622.744367 10.227664  0.001139 63.990944   -167.86     26.55      2.38
    39632.056767 10.227924  0.001144 59.248375   -168.84    140.37      0.68
    39641.369167 10.228563  0.001162 62.180186   -165.72   -146.18      2.08
    39650.681566 10.228454  0.001097 63.509594   -171.73    -98.46     -0.68
    39659.993966 10.229108  0.001155 59.045562   -171.25    -94.00      0.84
    39669.306366 10.229296  0.001095 62.853591   -169.19   -125.19      2.49
    39678.618766 10.229859  0.001157 62.920204   -175.40    176.01      1.06
    39687.931166 10.230156  0.001136 59.064839   -173.67     75.81      1.39
    39697.243565 10.230520  0.001124 63.370022   -172.82    -54.06     -2.54
    39706.555965 10.230999  0.001166 62.301579   -178.88    137.27      0.54
    39715.868365 10.230974  0.001075 59.253030   -176.18    -67.21     -0.29
    39725.180765 10.231465  0.001101 63.734178   -176.53     53.35      1.01
    39734.493164 10.231936  0.001137 61.722660    177.83    143.06      0.37
    39743.805564 10.232812  0.001189 59.541830   -178.81   -167.60      0.61
    39753.117964 10.232699  0.001129 63.959324    179.73   -150.37      0.82
    39762.430364 10.233258  0.001162 61.215004    174.67   -164.82     -0.90
    39771.742763 10.233680  0.001146 59.874308    178.44    141.65     -2.69
    39781.055163 10.233828  0.001141 64.078453    175.99     52.33     -0.41
    39790.367563 10.233968  0.001087 60.790765    171.60    -69.29     -0.04
    39799.679963 10.234800  0.001154 60.209078    175.57    132.84     -2.24
    39808.992362 10.235009  0.001158 64.128560    172.28    -61.49      0.56
    39818.304762 10.235178  0.001092 60.422872    168.59     70.74      2.18
    39827.617162 10.235941  0.001173 60.533065    172.61    167.26      0.86
    39836.929562 10.236218  0.001171 64.136501    168.62   -127.90      0.09
    39846.241962 10.236101  0.001058 60.100062    165.62    -99.46      0.75
    39855.554361 10.236794  0.001140 60.855469    169.58   -107.43     -0.79
    39864.866761 10.237427  0.001177 64.115189    165.00   -148.57      0.18
    39874.179161 10.237682  0.001142 59.808474    162.68    138.19     -2.19
    39883.491561 10.237841  0.001137 61.182556    166.48     22.37     -0.48
    39892.803960 10.238321  0.001134 64.061339    161.43   -124.61      2.23
    39902.116360 10.238446  0.001090 59.550944    159.75     56.49      0.80
    39911.428760 10.239072  0.001153 61.517624    163.33   -160.46     -0.81
    39920.741160 10.239310  0.001101 63.973662    157.90    -46.94     -2.56
    39930.053559 10.239721  0.001126 59.339368    156.82     24.31      1.11
    39939.365959 10.240277  0.001158 61.843857    160.12     61.24      1.42
    39948.678359 10.240147  0.001059 63.838060    154.42     68.89      1.58
    39957.990759 10.240818  0.001130 59.189827    153.88     41.04     -0.35
    39967.303158 10.241275  0.001135 62.131424    156.87    -23.82     -2.21
    39976.615558 10.241324  0.001080 63.669779    151.00   -123.91      1.66
    39985.927958 10.242042  0.001157 59.110168    150.91    102.92      0.45
    39995.240358 10.242055  0.001071 62.355468    153.59    -65.45     -1.65
    40004.552758 10.242607  0.001116 63.491169    147.64     94.03     -1.45
    40013.865157 10.243267  0.001168 59.090330    147.90   -145.58     -0.60
    40023.177557 10.243306  0.001095 62.498808    150.31    -57.73     -2.60
    40032.489957 10.243852  0.001149 63.342233    144.34     -5.67      0.87
    40041.802357 10.244456  0.001170 59.119399    144.83     13.30     -0.94
    40051.114756 10.244885  0.001180 62.563740    147.03     -5.98      0.49
    40060.427156 10.245016  0.001162 63.249809    141.09    -54.56      0.48
    40069.739556 10.245570  0.001167 59.167205    141.69   -142.44      1.71
    40079.051956 10.245579  0.001117 62.559625    143.79     99.09     -1.44
    40088.364355 10.245986  0.001138 63.233556    137.87    -55.41      0.46
    40097.676755 10.246054  0.001064 59.203130    138.48    116.84     -2.02
    40106.989155 10.246686  0.001126 62.515641    140.57   -109.95     -0.73
    40116.301555 10.247184  0.001149 63.285347    134.68     -5.71     -1.34
    40125.613954 10.247228  0.001072 59.201978    135.22     57.08      2.15
    40134.926354 10.247978  0.001163 62.448846    137.39     90.23     -0.40
    40144.238754 10.248002  0.001089 63.378066    131.49     88.58      1.32
    40153.551154 10.248343  0.001080 59.168957    131.91     51.27      1.45
    40162.863554 10.248852  0.001131 62.380213    134.22    -20.59      0.07
    40172.175953 10.249269  0.001112 63.488794    128.32   -126.29      2.47
    40181.488353 10.249614  0.001123 59.128286    128.58     97.19     -1.67
    40190.800753 10.250028  0.001133 62.307555    131.07    -82.46      1.04
    40200.113153 10.250093  0.001064 63.594489    125.18     70.35      1.67
    40209.425552 10.250756  0.001133 59.110289    125.22   -172.96      0.83
    40218.737952 10.251028  0.001106 62.216719    127.90    -94.09      1.55
    40228.050352 10.251720  0.001152 63.686641    122.09    -40.20     -2.16
    40237.362752 10.251841  0.001136 59.153777    121.83    -30.57      0.66
    40246.675151 10.252034  0.001081 62.076173    124.72    -51.51     -2.08
    40255.987551 10.252353  0.001086 63.761633    119.05   -106.48     -0.28
    40265.299951 10.252890  0.001123 59.268641    118.40    162.95     -0.45
    40274.612351 10.253513  0.001141 61.862922    121.50     32.98      2.69
    40283.924750 10.253546  0.001113 63.838668    116.07   -120.65     -0.28
    40293.237150 10.254336  0.001171 59.454584    114.92     44.77      0.64
    40302.549550 10.254844  0.001185 61.555576    118.26    175.15      0.34
    40311.861950 10.254893  0.001161 63.927677    113.17    -84.21     -0.37
    40321.174350 10.255246  0.001137 59.702639    111.41    -18.90     -2.00
    40330.486749 10.255719  0.001155 61.173794    114.98      4.42      1.64
    40339.799149 10.255876  0.001140 64.038257    110.34      2.90     -0.34
    40349.111549 10.256275  0.001121 59.996639    107.87    -33.61     -2.57
    40358.423949 10.256479  0.001110 60.749640    111.66   -111.81     -0.56
    40367.736348 10.256885  0.001121 64.149067    107.56    141.28     -0.42
    40377.048748 10.257775  0.001182 60.325350    104.35     -0.39      0.20
    40386.361148 10.257657  0.001131 60.320845    108.27    179.89      0.60
    40395.673548 10.258067  0.001122 64.229775    104.82    -27.65     -1.75
    40404.985947 10.258157  0.001066 60.695116    100.86     87.95     -0.69
    40414.298347 10.258753  0.001129 59.929842    104.79    164.89      0.07
    40423.610747 10.259511  0.001170 64.226572    102.10   -149.69      1.79
    40432.923147 10.259389  0.001096 61.105510     97.46   -134.88      1.26
    40442.235546 10.260018  0.001153 59.602568    101.19   -157.72     -0.90
    40451.547946 10.260440  0.001142 64.088719     99.39    148.35     -2.74
    40460.860346 10.260512  0.001112 61.571549     94.18     57.56     -0.15
    40470.172746 10.260794  0.001092 59.354400     97.46    -70.44      0.49
    40479.485146 10.261438  0.001131 63.784953     96.68    134.02     -2.69
    40488.797545 10.261879  0.001166 62.098773     91.05    -59.54      0.14
    40498.109945 10.261963  0.001100 59.199351     93.60     69.05      2.19
    40507.422345 10.262744  0.001174 63.320212     93.93    168.82      0.66
    40516.734745 10.262924  0.001162 62.669501     88.09   -123.45     -0.32
    40526.047144 10.262808  0.001053 59.156712     89.63    -95.69      0.90
    40535.359544 10.263506  0.001126 62.718933     91.11    -98.74     -0.93
    40544.671944 10.264080  0.001168 63.254917     85.29   -135.58      0.21
    40553.984344 10.264569  0.001157 59.246919     85.61    153.98     -1.83
    40563.296743 10.264593  0.001134 62.032180     88.15     44.69     -0.50
    40572.609143 10.264833  0.001099 63.784033     82.65    -95.52      1.64
    40581.921543 10.265062  0.001068 59.501888     81.61     93.48     -1.23
    40591.233943 10.265854  0.001159 61.305502     85.00   -118.40     -0.20
    40600.546342 10.266522  0.001181 64.170123     80.15      1.78     -0.79
    40609.858742 10.266281  0.001095 59.932290     77.71     86.89     -1.20
    40619.171142 10.266713  0.001113 60.592596     81.59    132.21      0.10
    40628.483542 10.267437  0.001153 64.318026     77.75    152.02     -2.50
    40637.795942 10.267713  0.001162 60.545196     74.00    132.86     -0.19
    40647.108341 10.267864  0.001119 59.959124     77.89     75.43      1.81
    40656.420741 10.268701  0.001181 64.173368     75.40     -8.31      0.21
    40665.733141 10.268641  0.001140 61.315185     70.57   -125.90     -0.68
    40675.045541 10.268794  0.001086 59.467505     73.90     74.40      2.07
    40684.357940 10.269118  0.001085 63.721538     73.02   -111.66      0.04
    40693.670340 10.269740  0.001145 62.190404     67.46     28.84     -0.64
    40702.982740 10.269981  0.001092 59.193935     69.69    132.67     -2.45
    40712.295140 10.270390  0.001127 63.004790     70.49   -161.76      1.04
    40721.607539 10.270957  0.001161 63.065454     64.69   -123.51      0.84
    40730.919939 10.270952  0.001074 59.210580     65.35   -123.50      2.15
    40740.232339 10.271442  0.001127 62.096556     67.70   -155.03     -0.05
    40749.544739 10.271805  0.001108 63.805902     62.24    143.08     -1.90
    40758.857138 10.272181  0.001101 59.554980     61.06     39.63      2.26
    40768.169538 10.272755  0.001158 61.109203     64.53    -94.70      0.38
    40777.481938 10.272572  0.001048 64.244144     60.01    100.31     -0.29
    40786.794338 10.273156  0.001091 60.225556     57.00    -98.82     -1.11
    40796.106738 10.273820  0.001154 60.184466     60.90     22.71     -0.77
    40805.419137 10.273789  0.001068 64.261267     57.91    116.63     -2.45
    40814.731537 10.274459  0.001140 61.152857     53.36    172.25      1.08
    40824.043937 10.275047  0.001163 59.477957     56.81   -165.24     -0.79
    40833.356337 10.275501  0.001173 63.802205     55.76   -177.36      1.24
    40842.668736 10.275557  0.001148 62.213428     50.22    141.33      0.57
    40851.981136 10.275832  0.001111 59.147291     52.37     59.65      2.36
    40861.293536 10.276394  0.001152 62.904751     53.36    -49.25     -1.29
    40870.605936 10.276519  0.001129 63.224220     47.62    166.52     -0.45
    40879.918335 10.277313  0.001167 59.293933     47.79    -12.30     -1.52
    40889.230735 10.277498  0.001164 61.729501     50.51    131.47     -0.21
    40898.543135 10.277750  0.001147 63.968098     45.47   -115.06      1.29
    40907.855535 10.278239  0.001146 59.941838     43.37    -31.17     -2.31
    40917.167934 10.278287  0.001121 60.510160     47.07      9.64      0.03
    40926.480334 10.279123  0.001175 64.247966     43.56     22.43      0.38
    40935.792734 10.279415  0.001165 60.979432     39.42      1.78      1.31
    40945.105134 10.279490  0.001134 59.524051     43.00    -55.69      0.71
    40954.417534 10.280091  0.001150 63.918450     41.64   -146.29      2.46
    40963.729933 10.280138  0.001112 62.192446     36.15     97.50     -1.47
    40973.042333 10.280424  0.001108 59.046919     38.42    -63.07      0.65
    40982.354733 10.280619  0.001060 62.987432     39.38    108.77     -2.09
    40991.667133 10.281181  0.001121 63.291124     33.62   -113.76     -0.69
    41000.979532 10.281721  0.001135 59.250976     33.67    -10.97     -1.62
    41010.291932 10.281762  0.001074 61.655600     36.51     53.03      1.65
    41019.604332 10.282450  0.001157 63.990005     31.67     92.04     -0.03
    41028.916732 10.282415  0.001064 60.143129     29.18     93.65      0.88
    41038.229131 10.282821  0.001082 60.269688     32.83     60.43      0.09
    41047.541531 10.283431  0.001135 64.070271     30.00     -3.38     -0.72
    41056.853931 10.283500  0.001057 61.495538     25.36   -102.46      1.42
    41066.166331 10.284351  0.001161 59.262443     28.39    124.77     -0.30
    41075.478730 10.284325  0.001096 63.435698     28.17    -41.23     -1.03
    41084.791130 10.284786  0.001091 62.914439     22.42    123.48     -2.61
    41094.103530 10.285253  0.001137 59.008261     23.51   -112.59     -0.77
    41103.415930 10.285696  0.001131 62.210167     25.72    -19.63     -2.31
    41112.728330 10.285833  0.001100 63.930918     20.33     38.27      2.22
    41122.040729 10.286458  0.001157 59.648684     18.73     67.22     -0.25
    41131.353129 10.286560  0.001090 60.743288     22.32     54.51      2.77
    41140.665529 10.287054  0.001132 64.182238     18.73     16.77      1.48
    41149.977929 10.287251  0.001109 61.018897     14.65    -54.80      0.24
    41159.290328 10.288084  0.001162 59.548120     17.91   -166.03      1.71
    41168.602728 10.288059  0.001128 63.531697     17.12     55.07     -0.48
    41177.915128 10.288553  0.001137 62.642202     11.59   -119.37      1.52
    41187.227528 10.288831  0.001109 59.134690     12.87     30.98      2.31
    41196.539927 10.289107  0.001128 62.162068     14.87    149.78      0.37
    41205.852327 10.289526  0.001112 63.913189      9.54   -124.83      2.30
    41215.164727 10.289892  0.001120 59.735958      7.90    -68.34     -1.72
    41224.477127 10.290162  0.001112 60.554556     11.53    -55.02      0.51
    41233.789526 10.290284  0.001055 64.289418      8.07    -66.11     -1.98
    41243.101926 10.290885  0.001111 61.146884      3.76   -114.05     -0.53
    41252.414326 10.291361  0.001124 59.363463      7.01    162.81     -1.79
    41261.726726 10.291616  0.001096 63.550034      6.49     43.23      2.70
    41271.039126 10.292123  0.001146 62.789239      0.88    -99.73     -0.48
    41280.351525 10.292214  0.001083 59.171104      1.80     74.80      1.96
    41289.663925 10.292620  0.001092 61.939849      4.09   -141.79      1.91
    41298.976325 10.293074  0.001128 63.939362     -0.88    -26.56      0.03
    41308.288725 10.293513  0.001109 60.142397     -3.18     49.70      2.67
    41317.601124 10.293844  0.001126 60.151046      0.38     96.27     -1.28
    41326.913524 10.294058  0.001110 64.031148     -2.13    106.33      0.77
    41336.225924 10.294186  0.001043 61.870951     -7.05     87.80     -0.16
    41345.538324 10.294788  0.001112 59.063905     -4.55     30.94     -0.12
    41354.850723 10.295005  0.001077 62.957820     -3.79    -57.71     -0.88
    41364.163123 10.295936  0.001164 63.509258     -9.46   -178.45      1.07
    41373.475523 10.295989  0.001132 59.292164     -9.88     28.14     -0.69
    41382.787923 10.296701  0.001167 61.178174     -6.69   -163.51      0.59
    41392.100322 10.296965  0.001163 64.201866    -10.81    -22.40      0.20
    41401.412722 10.297158  0.001146 60.784011    -14.45     83.67      0.80
    41410.725122 10.297730  0.001151 59.609666    -11.15    156.78     -2.20
    41420.037522 10.297726  0.001126 63.532410    -12.04   -167.00      0.84
    41429.349922 10.298346  0.001163 62.758740    -17.50   -157.91     -0.30
    41438.662321 10.298945  0.001176 59.192980    -16.61    173.55      0.29
    41447.974721 10.298958  0.001154 61.778788    -14.24    111.28      0.28
    41457.287121 10.299554  0.001169 64.119028    -19.11     19.43      0.41
    41466.599521 10.299250  0.001061 60.248636    -21.76   -105.27     -0.38
    41475.911920 10.299988  0.001145 59.891979    -18.12     90.92      0.79
    41485.224320 10.299902  0.001047 64.039465    -20.17   -102.05      1.39
    41494.536720 10.300456  0.001101 62.164899    -25.39     34.51      1.12
    41503.849120 10.300798  0.001094 59.030976    -23.44    134.59     -0.08
    41513.161519 10.301562  0.001146 62.499033    -21.95   -161.10      2.17
    41522.473919 10.301612  0.001126 63.760155    -27.26   -121.46     -0.65
    41531.786319 10.302182  0.001136 59.841950    -28.89   -122.18      1.66
    41541.098719 10.302403  0.001117 60.389657    -25.45   -156.40      2.16
    41550.411118 10.302692  0.001128 64.005485    -28.19    141.44      0.40
    41559.723518 10.303263  0.001134 61.871262    -32.97     43.53      2.49
    41569.035918 10.303353  0.001103 59.104745    -30.68    -84.86     -1.39
    41578.348318 10.303717  0.001111 62.666264    -29.61    107.87      0.67
    41587.660718 10.303747  0.001033 63.777857    -35.09    -85.44     -0.40
    41596.973117 10.304421  0.001105 59.588436    -36.32     44.74     -0.14
    41606.285517 10.304748  0.001093 60.566745    -32.82    140.55     -1.58
    41615.597917 10.305438  0.001135 64.228489    -36.02   -157.87      2.44
    41624.910317 10.305621  0.001134 61.538727    -40.59   -121.92     -0.57
    41634.222716 10.306000  0.001118 59.206034    -38.01   -128.90      2.45
    41643.535116 10.306362  0.001125 62.831429    -37.33   -163.81      1.96
    41652.847516 10.306629  0.001128 63.544688    -42.73    131.88      0.52
    41662.159916 10.307301  0.001145 59.705528    -43.80     29.65      2.11
    41671.472315 10.307286  0.001113 60.520646    -40.48   -103.04     -1.06
    41680.784715 10.307644  0.001115 64.107694    -43.53     88.87      1.22
    41690.097115 10.307761  0.001050 61.766869    -48.17   -108.68      1.35
    41699.409515 10.308343  0.001114 59.038511    -45.74     18.36      0.01
    41708.721914 10.308486  0.001062 62.751618    -44.78    112.05     -0.28
    41718.034314 10.309481  0.001165 63.767531    -50.23    175.46      0.67
    41727.346714 10.309522  0.001133 59.638572    -51.54   -154.24     -0.76
    41736.659114 10.310230  0.001165 60.471641    -48.11   -162.42      0.91
    41745.971514 10.310431  0.001159 64.067416    -50.93    162.33      0.53
    41755.283913 10.310579  0.001128 61.884945    -55.68     93.81      0.95
    41764.596313 10.311400  0.001177 59.176057    -53.66     -8.51     -0.81
    41773.908713 10.311157  0.001112 62.337852    -52.29   -146.11      0.20
    41783.221113 10.311784  0.001145 63.906439    -57.39     46.50      1.17
    41792.533512 10.312124  0.001124 60.094466    -59.48   -155.20      2.68
    41801.845912 10.312328  0.001127 59.936660    -55.99    -29.54      0.56
    41811.158312 10.312591  0.001091 63.974360    -57.98     62.52      2.22
    41820.470712 10.313212  0.001140 62.442350    -63.22    129.51     -1.74
    41829.783111 10.313288  0.001108 59.004079    -61.82    153.91      0.05
    41839.095511 10.313902  0.001130 61.963652    -59.71    149.90     -2.59
    41848.407911 10.314195  0.001143 64.063599    -64.46    112.49     -0.85
    41857.720311 10.314698  0.001161 60.499875    -67.37     41.56      0.24
    41867.032710 10.314693  0.001083 59.660108    -64.12    -61.25     -2.34
    41876.345110 10.315120  0.001129 63.428111    -64.99    159.73      0.56
    41885.657510 10.315713  0.001148 63.080504    -70.38     -4.77     -1.64
    41894.969910 10.316181  0.001160 59.315310    -70.29    152.68     -0.82
    41904.282310 10.316316  0.001144 61.020748    -67.32    -85.48      0.77
    41913.594709 10.317035  0.001177 64.290211    -71.13      9.57      0.31
    41922.907109 10.316742  0.001084 61.329418    -75.29     72.88     -0.64
    41932.219509 10.317185  0.001108 59.141356    -72.52     96.47      1.16
    41941.531909 10.317220  0.001032 62.915229    -71.98     92.66     -0.55
    41950.844308 10.317853  0.001110 63.641971    -77.34     57.35     -0.48
    41960.156708 10.318395  0.001122 59.810368    -78.70    -11.71     -1.70
    41969.469108 10.318339  0.001049 60.258541    -75.41   -119.60      1.26
    41978.781508 10.319104  0.001147 63.863016    -77.66    106.44      0.29
    41988.093907 10.319144  0.001063 62.436957    -82.69    -58.00     -1.43
    41997.406307 10.319624  0.001097 59.094741    -81.45    100.70     -1.75
    42006.718707 10.320240  0.001150 61.685364    -79.21   -136.17     -0.23
    42016.031107 10.320512  0.001110 64.251782    -83.74    -37.74     -2.64
    42025.343506 10.320703  0.001108 60.745217    -87.08     21.47      1.06
    42034.655906 10.321339  0.001151 59.367285    -83.93     47.99      0.89
    42043.968306 10.321439  0.001089 63.281703    -84.21     42.63      2.52
    42053.280706 10.321763  0.001118 63.356393    -89.60     10.98      0.19
    42062.593106 10.321872  0.001058 59.608475    -90.34    -56.75     -1.13
    42071.905505 10.322614  0.001122 60.497145    -87.18   -163.11      1.99
    42081.217905 10.323026  0.001148 63.971305    -89.85     65.71      0.04
    42090.530305 10.322937  0.001046 62.254385    -94.70   -100.11      1.54
    42099.842705 10.323379  0.001078 59.051825    -93.21     61.92     -0.39
    42109.155104 10.324065  0.001140 61.835467    -91.15   -170.73     -1.03
    42118.467504 10.323968  0.001044 64.240449    -95.78    -71.41     -2.05
    42127.779904 10.324667  0.001126 60.708789    -99.02     -9.48      1.01
    42137.092304 10.325324  0.001157 59.389186    -95.91     20.49     -0.25
    42146.404703 10.325533  0.001135 63.192737    -96.12     16.71      2.24
    42155.717103 10.325667  0.001123 63.438098   -101.44    -12.85      0.23
    42165.029503 10.325699  0.001043 59.744209   -102.45    -78.95      0.14
    42174.341903 10.326548  0.001135 60.257859    -99.25    179.23      1.40
    42183.654302 10.326941  0.001155 63.883812   -101.52     50.07      0.03
    42192.966702 10.326870  0.001058 62.567866   -106.57   -113.34      2.26
    42202.279102 10.327335  0.001098 59.061880   -105.57     52.68     -0.43
    42211.591502 10.327975  0.001140 61.446269   -103.09   -176.70     -1.39
    42220.903902 10.327867  0.001053 64.279841   -107.23    -75.02     -1.68
    42230.216301 10.328437  0.001116 61.188290   -111.08     -8.75      0.59
    42239.528701 10.329259  0.001165 59.210377   -108.47     23.73      0.68
    42248.841101 10.329235  0.001109 62.633624   -107.75     24.11      2.08
    42258.153501 10.329539  0.001122 63.821426   -112.77     -1.48     -0.47
    42267.465900 10.329584  0.001045 60.303223   -114.95    -61.47     -2.13
    42276.778300 10.330197  0.001106 59.658981   -111.78   -161.63      1.32
    42286.090700 10.330697  0.001129 63.471439   -112.72     71.31      1.12
    42295.403100 10.330584  0.001032 63.314484   -118.08    -83.34     -1.03
    42304.715499 10.331355  0.001129 59.386346   -118.49     84.93     -1.08
    42314.027899 10.331905  0.001148 60.562194   -115.32   -143.74      1.19
    42323.340299 10.332272  0.001148 64.093094   -118.12    -35.71     -1.65
    42332.652699 10.332343  0.001126 62.217418   -122.95     36.71     -0.63
    42341.965098 10.332493  0.001064 59.172137   -121.70     72.16      1.98
    42351.277498 10.332942  0.001092 61.469061   -119.48     80.69     -0.91
    42360.589898 10.333563  0.001151 64.128318   -123.46     55.65      0.27
    42369.902298 10.334174  0.001162 61.465240   -127.39      0.39     -0.18
    42379.214698 10.334131  0.001126 59.055946   -125.03    -90.02     -1.04
    42388.527097 10.334334  0.001090 62.393548   -123.89    147.42     -1.69
    42397.839497 10.335257  0.001166 64.108509   -128.84     -6.06      0.13
    42407.151897 10.335085  0.001113 60.432719   -131.50    168.22      0.51
    42416.464297 10.335298  0.001064 59.500865   -128.39    -50.03     -2.03
    42425.776696 10.335636  0.001068 63.165979   -128.76     56.57      0.85
    42435.089096 10.336169  0.001117 63.526155   -133.94    136.35      0.28
    42444.401496 10.337023  0.001166 59.945081   -135.30   -177.71     -0.26
    42453.713896 10.336867  0.001112 59.916402   -132.15   -168.36      1.33
    42463.026295 10.337318  0.001128 63.658107   -133.65    175.06     -1.23
    42472.338695 10.337567  0.001087 63.146127   -138.89    127.82     -2.82
    42481.651095 10.337875  0.001106 59.316479   -139.04     41.72     -0.46
    42490.963495 10.338047  0.001059 60.600586   -135.98    -77.25      0.56
    42500.275894 10.338845  0.001136 64.069297   -138.76    138.73     -1.68
    42509.588294 10.338993  0.001126 62.339751   -143.58    -41.32      0.54
    42518.900694 10.338952  0.001036 59.218630   -142.62    107.02     -0.63
    42528.213094 10.339509  0.001084 61.173384   -140.20   -139.78      0.79
    42537.525494 10.339897  0.001101 64.116216   -143.73    -53.99      0.21
    42546.837893 10.340805  0.001161 61.923939   -148.08      0.36     -0.13
    42556.150293 10.340668  0.001105 58.998052   -146.34     18.35      0.60
    42565.462693 10.341314  0.001149 61.791218   -144.45      6.29     -1.11
    42574.775093 10.341684  0.001136 64.263677   -148.78    -34.66     -2.08
    42584.087492 10.341877  0.001138 61.184652   -152.44   -110.75     -0.62
    42593.399892 10.342038  0.001080 59.182735   -150.02    141.12     -2.47
    42602.712292 10.342696  0.001143 62.303596   -149.00     -3.34      1.28
    42612.024692 10.342837  0.001127 64.008298   -153.63   -171.59     -0.76
    42621.337091 10.343501  0.001151 60.901955   -156.65    -13.37     -1.73
    42630.649491 10.343613  0.001131 59.212693   -153.95    108.47     -1.25
    42639.961891 10.344064  0.001148 62.682604   -153.45   -161.12     -0.54
    42649.274291 10.343795  0.001028 64.022021   -158.46    -99.38      0.31
    42658.586690 10.344697  0.001144 60.346401   -160.87    -69.64     -0.28
    42667.899090 10.344611  0.001053 59.466552   -157.82    -76.56      0.60
    42677.211490 10.344986  0.001058 63.069577   -158.08   -111.69      0.20
    42686.523890 10.345541  0.001117 63.659550   -163.15   -176.64     -0.33
    42695.836290 10.345650  0.001047 60.207871   -164.98     82.85      1.33
    42705.148689 10.346537  0.001149 59.593987   -161.95    -48.21     -0.71
    42714.461089 10.346489  0.001095 63.231066   -162.58    148.32     -0.72
    42723.773489 10.347028  0.001097 63.677800   -167.78    -42.06     -2.88
    42733.085889 10.347376  0.001124 59.852906   -169.20     89.69     -0.98
    42742.398288 10.347956  0.001148 59.806467   -166.01   -171.28     -1.16
    42751.710688 10.347665  0.001039 63.525309   -167.20   -102.62      0.23
    42761.023088 10.348479  0.001142 63.332704   -172.33    -62.96      0.40
    42770.335488 10.348406  0.001051 59.833964   -173.33    -54.86     -1.82
    42779.647887 10.348939  0.001085 59.940222   -170.32    -82.78     -1.62
    42788.960287 10.349556  0.001145 63.496192   -171.65   -141.68     -0.38
    42798.272687 10.349697  0.001080 63.411852   -176.79    133.61     -2.83
    42807.585087 10.350113  0.001112 59.635338   -177.67      8.34      1.46
    42816.897486 10.350655  0.001148 59.999595   -174.51   -145.79      0.09
    42826.209886 10.350930  0.001118 63.717431   -176.14     27.66      2.62
    42835.522286 10.351090  0.001118 63.162429    178.76    175.36      0.64
    42844.834686 10.351160  0.001051 59.662565    178.11    -72.81      0.32
    42854.147086 10.352028  0.001136 60.089303   -178.92      4.26      1.54
    42863.459485 10.352314  0.001147 63.565137    179.50     54.67     -0.28
    42872.771885 10.352275  0.001056 63.314425    174.41     71.11      2.14
    42882.084285 10.352676  0.001076 59.615932    173.66     58.49      0.01
    42891.396685 10.353321  0.001133 60.004900    176.79     10.55     -1.23
    42900.709084 10.353251  0.001044 63.729773    175.13    -66.10     -2.26
    42910.021484 10.353865  0.001114 63.206866    170.04   -176.81      0.74
    42919.333884 10.354541  0.001150 59.686038    169.33     40.84      1.12
    42928.646284 10.354373  0.001066 60.044734    172.27   -135.53      2.43
    42937.958683 10.354913  0.001119 63.473543    170.87     22.55     -0.35
    42947.271083 10.355339  0.001103 63.434770    165.82    150.31     -2.58
    42956.583483 10.355360  0.001059 59.788314    164.74   -120.44      0.53
    42965.895883 10.355921  0.001107 59.792231    167.85    -62.96      0.87
    42975.208282 10.356474  0.001122 63.547469    166.64    -30.42     -2.62
    42984.520682 10.356873  0.001149 63.450091    161.53    -33.76      0.22
    42993.833082 10.356797  0.001079 59.891193    160.30    -68.74      0.72
    43003.145482 10.357207  0.001073 59.783478    163.25   -138.36      2.51
    43012.457882 10.357746  0.001137 63.178054    162.44    126.11      0.48
    43021.770281 10.358308  0.001145 63.697930    157.45      0.79     -1.29
    43031.082681 10.358492  0.001115 60.173110    155.66   -162.36      2.14
    43040.395081 10.358683  0.001112 59.440592    158.66      6.27     -0.92
    43049.707481 10.359066  0.001097 63.119890    158.29    144.56     -2.98
    43059.019880 10.359200  0.001079 63.817125    153.30   -110.61     -0.48
    43068.332280 10.359553  0.001085 60.379970    151.17    -36.65     -0.57
    43077.644680 10.360568  0.001162 59.433813    153.90      2.40      0.59
    43086.957080 10.360345  0.001107 62.622034    154.09     12.52      0.53
    43096.269479 10.360992  0.001139 64.030952    149.40     -4.58     -1.53
    43105.581879 10.361112  0.001093 60.878049    146.53    -54.31     -2.72
    43114.894279 10.361451  0.001117 59.086124    149.08   -141.93     -0.85
    43124.206679 10.361445  0.001031 62.365281    149.95    101.31     -0.25
    43133.519078 10.362391  0.001144 64.144462    145.43    -42.25     -1.04
    43142.831478 10.362363  0.001099 61.193801    142.10    139.66      0.14
    43152.143878 10.362487  0.001035 59.173826    144.16    -69.16     -1.87
    43161.456278 10.363039  0.001095 61.717062    145.61     47.41     -0.25
    43170.768678 10.363353  0.001085 64.171534    141.71    137.33     -0.91
    43180.081077 10.364136  0.001136 61.896263    137.67   -166.87      1.82
    43189.393477 10.364167  0.001111 58.991539    139.12   -140.34     -0.72
    43198.705877 10.364844  0.001147 61.259282    141.27   -150.28      1.34
    43208.018277 10.365187  0.001147 64.148347    137.92    174.42      0.93
    43217.330676 10.365283  0.001128 62.324778    133.47    107.56      0.76
    43226.643076 10.366058  0.001162 59.324188    134.06      7.55      0.05
    43235.955476 10.365709  0.001078 60.548616    136.62   -125.16     -0.13
    43245.267876 10.366305  0.001120 63.851637    134.30     71.36      1.34
    43254.580275 10.366322  0.001047 63.120822    129.40   -121.44      2.70
    43263.892675 10.366868  0.001101 59.502400    128.94     15.52      0.63
    43273.205075 10.367013  0.001051 60.009678    131.91    118.10     -0.54
    43282.517475 10.367882  0.001140 63.514221    130.50   -171.14      1.89
    43291.829874 10.367981  0.001128 63.480203    125.58   -125.39     -0.57
    43301.142274 10.368231  0.001078 60.195652    124.02   -117.90      2.38
    43310.454674 10.368411  0.001071 59.452224    126.76   -139.36      1.10
    43319.767074 10.368908  0.001107 62.761966    126.72    169.76     -0.94
    43329.079474 10.368902  0.001022 64.090908    121.97     87.16      0.42
    43338.391873 10.369778  0.001133 60.812838    119.16    -26.48      0.75
    43347.704273 10.370227  0.001138 59.119916    121.57   -172.19     -1.30
    43357.016673 10.370626  0.001141 62.081169    122.59      7.44      1.55
    43366.329073 10.370663  0.001118 64.090163    118.54    162.16      0.51
    43375.641472 10.370712  0.001043 61.803359    114.73    -75.18      0.23
    43384.953872 10.371525  0.001121 59.113193    116.05     12.16      1.93
    43394.266272 10.371846  0.001138 61.009035    118.26     70.41      0.57
    43403.578672 10.371592  0.001017 64.156366    115.20    100.76     -0.79
    43412.891071 10.372394  0.001107 62.661499    110.54    100.19     -1.30
    43422.203471 10.372878  0.001132 59.369129    110.70     62.61      1.10
    43431.515871 10.373522  0.001159 60.258607    113.38     -3.65      0.26
    43440.828271 10.373454  0.001127 63.483003    111.76    -98.56     -0.75
    43450.140670 10.373599  0.001073 63.537554    106.92    136.67     -1.57
    43459.453070 10.374441  0.001151 60.163235    105.35    -21.95     -0.57
    43468.765470 10.374397  0.001108 59.343431    108.15    145.36      0.56
    43478.077870 10.374401  0.001031 62.802048    108.15    -73.94     -0.94
    43487.390270 10.374960  0.001083 64.049039    103.51     34.79      1.30
    43496.702669 10.375373  0.001104 61.050880    100.52    114.04      0.70
    43506.015069 10.376153  0.001142 59.168406    102.53    161.78     -1.62
    43515.327469 10.376073  0.001112 61.533939    104.01    174.03      0.91
    43524.639869 10.376490  0.001112 64.160971    100.46    162.86     -1.73
    43533.952268 10.376700  0.001073 62.371919     96.15    119.90     -2.50
    43543.264668 10.377135  0.001114 59.149622     96.79     40.64     -0.82
    43552.577068 10.377126  0.001031 60.503968     99.37    -69.20     -0.61
    43561.889468 10.378083  0.001145 63.744001     97.26    153.13     -0.35
    43571.201867 10.378070  0.001105 63.286313     92.49    -14.20     -0.52
    43580.514267 10.378549  0.001101 60.078493     91.26    148.50     -3.02
    43589.826667 10.378799  0.001105 59.448340     93.94    -85.81     -1.35
    43599.139067 10.379332  0.001136 62.740238     93.90     11.30     -0.87
    43608.451466 10.379041  0.001015 64.153716     89.28     79.70      0.47
    43617.763866 10.379976  0.001137 61.104354     86.20    118.32     -0.14
    43627.076266 10.379879  0.001047 59.100859     88.19    123.24     -0.84
    43636.388666 10.380332  0.001065 61.475566     89.74     98.62     -1.92
    43645.701066 10.380903  0.001128 64.029346     86.42     42.94     -0.57
    43655.013465 10.381123  0.001082 62.630548     82.04    -39.35     -2.66
    43664.325865 10.381502  0.001098 59.370493     82.14   -160.77      1.70
    43673.638265 10.382013  0.001137 60.056476     84.88     50.84      0.26
    43682.950665 10.382081  0.001066 63.543283     83.41   -129.22      2.66
    43692.263064 10.382402  0.001096 63.619498     78.60     26.42      0.32
    43701.575464 10.382695  0.001079 60.434384     76.68    149.20     -1.63
    43710.887864 10.382906  0.001043 59.287315     79.07   -125.89      1.85
    43720.200264 10.383611  0.001127 62.048097     79.84    -66.24      0.49
    43729.512663 10.383860  0.001088 64.248994     75.83    -32.89     -2.63
    43738.825063 10.384474  0.001141 61.969410     71.91    -34.27     -1.20
    43748.137463 10.384472  0.001103 59.083160     72.97    -70.09      0.88
    43757.449863 10.384862  0.001086 60.698957     75.29   -137.12      3.25
    43766.762262 10.385368  0.001137 63.722396     73.04    133.86     -0.29
    43776.074662 10.385688  0.001133 63.337199     68.37     12.10     -0.92
    43785.387062 10.385949  0.001096 60.146905     67.01   -145.85      3.05
    43794.699462 10.386089  0.001094 59.303969     69.63     30.56     -0.31
    43804.011862 10.386773  0.001130 62.548788     69.87    175.51     -1.50
    43813.324261 10.386784  0.001080 64.185399     65.51    -67.69     -2.08
    43822.636661 10.387136  0.001105 61.541016     62.05     15.53     -0.46
    43831.949061 10.387362  0.001058 59.178436     63.38     64.53      2.51
    43841.261461 10.387842  0.001097 60.779716     65.45     89.86     -1.36
    43850.573860 10.388244  0.001115 63.815525     63.05     80.41      1.06
    43859.886260 10.388523  0.001084 63.346461     58.33     42.71      2.99
    43869.198660 10.388935  0.001119 59.891936     57.20    -23.24      0.92
    43878.511060 10.389324  0.001117 59.448610     59.90   -125.17      1.97
    43887.823459 10.389381  0.001062 62.610789     59.89    109.94     -2.19
    43897.135859 10.389911  0.001121 64.046947     55.65    -50.41      0.54
    43906.448259 10.389924  0.001043 61.727853     52.20    123.70     -1.84
    43915.760659 10.390262  0.001050 59.127700     53.34    -97.51     -1.20
    43925.073058 10.390888  0.001114 60.651359     55.59     10.31     -1.05
    43934.385458 10.390757  0.001010 63.900524     53.26     89.94     -0.05
    43943.697858 10.391774  0.001141 63.337247     48.52    141.67     -0.08
    43953.010258 10.391800  0.001090 60.100180     47.24    162.16     -1.32
    43962.322658 10.392557  0.001139 59.393838     49.69    150.33     -1.95
    43971.635057 10.392681  0.001136 62.185023     50.12    106.62      0.00
    43980.947457 10.393129  0.001136 64.216484     46.14     35.50      1.39
    43990.259857 10.393230  0.001095 62.058245     42.27    -60.24     -2.24
    43999.572257 10.393433  0.001094 59.122850     43.08    165.08     -0.03
    44008.884656 10.394274  0.001152 60.415778     45.47      2.22     -0.44
    44018.197056 10.394321  0.001129 63.488356     43.74    169.95      1.03
    44027.509456 10.394386  0.001085 63.650515     39.13    -49.00      0.04
    44036.821856 10.394670  0.001051 60.692147     36.99     57.66      2.67
    44046.134255 10.395327  0.001131 59.046085     39.17    136.52      0.61
    44055.446655 10.395778  0.001140 61.705032     40.39   -174.72     -1.11
    44064.759055 10.396010  0.001111 64.200756     36.88   -158.07      2.41
    44074.071455 10.396079  0.001101 62.569557     32.64   -165.32     -0.22
    44083.383854 10.396581  0.001101 59.622025     32.48    155.23     -2.66
    44092.696254 10.396580  0.001058 59.744959     34.98     80.58     -0.93
    44102.008654 10.397043  0.001093 62.851531     34.46    -21.31     -0.70
    44111.321054 10.397754  0.001126 64.166106     30.02   -153.61      2.47
    44120.633454 10.397650  0.001077 61.385067     26.83     49.15      0.19
    44129.945853 10.398413  0.001138 59.065489     28.30   -143.13      0.11
    44139.258253 10.398865  0.001147 60.832345     30.25     -5.39      0.50
    44148.570653 10.398898  0.001132 63.675576     27.99    105.44      0.01
    44157.883053 10.399438  0.001141 63.512036     23.41   -172.18     -0.78
    44167.195452 10.399210  0.001049 60.358728     21.71   -123.13      1.09
    44176.507852 10.399891  0.001131 59.107504     24.09   -104.02      0.35
    44185.820252 10.399920  0.001049 61.961562     24.93   -116.35      2.48
    44195.132652 10.400364  0.001092 64.119125     21.33   -152.27      1.09
    44204.445051 10.400616  0.001083 62.540505     17.23    142.15     -0.62
    44213.757451 10.401140  0.001087 59.631278     17.04     40.02      3.05
    44223.069851 10.401517  0.001124 59.637228     19.58    -86.23     -0.49
    44232.382251 10.401429  0.001042 62.872528     19.11    116.01     -0.70
    44241.694650 10.401898  0.001060 64.168122     14.71    -67.17     -2.49
    44251.007050 10.402526  0.001131 61.532250     11.46     75.10     -0.32
    44260.319450 10.403189  0.001155 59.206991     12.60   -172.43     -0.22
    44269.631850 10.402923  0.001075 60.469559     14.68    -88.17     -1.61
    44278.944250 10.403230  0.001088 63.489891     12.93    -34.48     -0.36
    44288.256649 10.404153  0.001150 63.835395      8.34     -6.72     -0.82
    44297.569049 10.404094  0.001120 60.702631      6.07    -12.00      1.18
    44306.881449 10.404142  0.001064 59.063690      8.09    -45.65     -0.72
    44316.193849 10.404328  0.001029 61.356282      9.47   -111.39      1.01
    44325.506248 10.404966  0.001110 63.888237      6.61    157.57      0.56
    44334.818648 10.405552  0.001131 63.223680      2.20     36.38      1.53
    44344.131048 10.405368  0.001044 60.090280      0.98   -113.05      0.27
    44353.443448 10.406088  0.001129 59.197582      3.43     64.51      0.05
    44362.755847 10.406521  0.001117 62.127875      3.97   -148.53      2.47
    44372.068247 10.406810  0.001133 64.124815      0.29    -24.06      0.49
    44381.380647 10.407046  0.001121 62.525931     -3.71     68.09      1.14
    44390.693047 10.407224  0.001075 59.667965     -3.94    134.36     -3.01
    44400.005446 10.407614  0.001110 59.545666     -1.48    161.66      0.84
    44409.317846 10.408047  0.001117 62.692365     -1.72    167.71     -2.02
    44418.630246 10.408500  0.001128 64.215699     -5.92    144.12     -1.84
    44427.942646 10.408689  0.001132 61.886281     -9.45     88.82      0.02
    44437.255046 10.409323  0.001149 59.345456     -8.81      4.61     -0.52
    44446.567445 10.408930  0.001054 60.034621     -6.56   -109.76     -0.65
    44455.879845 10.409442  0.001095 63.067975     -7.56    106.37      0.85
    44465.192245 10.409613  0.001043 64.124594    -11.97    -59.66     -2.46
    44474.504645 10.410247  0.001117 61.408789    -15.03     99.87     -1.11
    44483.817044 10.410715  0.001131 59.103688    -13.78   -133.01      0.78
    44493.129444 10.411126  0.001132 60.512656    -11.76    -30.61     -1.58
    44502.441844 10.411133  0.001113 63.375619    -13.44     41.00     -0.55
    44511.754244 10.411170  0.001045 63.890801    -17.90     83.64      1.70
    44521.066643 10.411642  0.001069 61.080415    -20.48    102.79     -2.02
    44530.379043 10.412161  0.001120 58.985804    -18.84     83.60      0.66
    44539.691443 10.412542  0.001104 60.896384    -17.08     36.04      2.92
    44549.003843 10.412892  0.001130 63.654184    -19.31    -33.21      0.20
    44558.316242 10.413220  0.001133 63.620324    -23.71   -134.08      0.64
    44567.628642 10.412961  0.001011 60.838650    -25.88     97.64     -1.07
    44576.941042 10.413810  0.001125 58.985786    -24.06    -64.86      0.08
    44586.253442 10.413703  0.001035 61.115177    -22.47    104.66      0.10
    44595.565842 10.413987  0.001030 63.892364    -25.08   -112.37      0.55
    44604.878241 10.414571  0.001100 63.407306    -29.48      3.33     -0.29
    44614.190641 10.414626  0.001024 60.607153    -31.25     86.71      1.00
    44623.503041 10.415583  0.001139 59.078140    -29.37    142.07     -0.31
    44632.815441 10.415530  0.001091 61.199938    -27.98    167.65     -1.05
    44642.127840 10.416330  0.001144 64.015480    -30.73    166.42     -1.18
    44651.440240 10.416438  0.001134 63.332873    -35.15    135.62      0.10
    44660.752640 10.416608  0.001100 60.397532    -36.70     73.71      1.72
    44670.065040 10.417318  0.001145 59.176463    -34.75    -14.92     -0.22
    44679.377439 10.417217  0.001114 61.252960    -33.51   -133.90     -0.71
    44688.689839 10.417271  0.001044 64.006728    -36.29     77.18      2.02
    44698.002239 10.417600  0.001051 63.383985    -40.73    -93.74     -0.89
    44707.314639 10.418352  0.001132 60.299726    -42.21     60.64     -0.04
    44716.627038 10.418988  0.001152 59.206639    -40.21   -174.78      0.07
    44725.939438 10.418898  0.001113 61.291358    -39.07    -77.21     -1.05
    44735.251838 10.419199  0.001108 63.915853    -41.77     -7.69     -1.44
    44744.564238 10.419562  0.001101 63.489107    -46.19     29.56      2.98
    44753.876638 10.419695  0.001091 60.356284    -47.82     44.18     -0.47
    44763.189037 10.420450  0.001140 59.133742    -45.79     23.43      0.27
    44772.501437 10.420760  0.001145 61.280272    -44.62    -23.55     -0.58
    44781.813837 10.420823  0.001126 63.787677    -47.21    -99.41      0.08
    44791.126237 10.421275  0.001118 63.571194    -51.56    159.97     -2.35
    44800.438636 10.421303  0.001085 60.572729    -53.44     22.93      1.84
    44809.751036 10.421867  0.001128 59.012682    -51.54   -139.21     -0.40
    44819.063436 10.422181  0.001107 61.141310    -50.15     25.40      2.48
    44828.375836 10.422339  0.001110 63.697246    -52.56    167.64      0.85
    44837.688235 10.422437  0.001062 63.631424    -56.88    -80.06      0.85
    44847.000635 10.423302  0.001134 60.895284    -59.05      2.52      1.22
    44856.313035 10.423327  0.001113 58.966259    -57.40     56.09     -0.79
    44865.625435 10.423349  0.001039 60.834126    -55.72     75.61      2.32
    44874.937834 10.423680  0.001051 63.603022    -57.82     74.75     -0.55
    44884.250234 10.424349  0.001125 63.742126    -62.10     42.41     -0.34
    44893.562634 10.424852  0.001126 61.260167    -64.63    -17.18     -2.27
    44902.875034 10.424714  0.001071 59.050003    -63.41   -110.96     -0.82
    44912.187434 10.425003  0.001058 60.391956    -61.40    126.52     -0.48
    44921.499833 10.425896  0.001141 63.401864    -63.00    -20.97     -1.49
    44930.812233 10.425882  0.001114 63.917864    -67.26    160.47      0.73
    44940.124633 10.425974  0.001055 61.641108    -70.17    -43.13     -1.80
    44949.437033 10.426114  0.001025 59.255382    -69.46     79.23     -0.59
    44958.749432 10.426712  0.001088 59.908268    -67.28    172.23     -0.30
    44968.061832 10.427050  0.001064 62.997122    -68.16   -124.63      2.86
    44977.374232 10.427380  0.001089 64.112258    -72.24    -80.93     -1.54
    44986.686632 10.427725  0.001094 62.081299    -75.65    -73.84      0.84
    44995.999031 10.427658  0.001006 59.553487    -75.53    -94.13      0.29
    45005.311431 10.428253  0.001080 59.511115    -73.32   -144.58     -0.33
    45014.623831 10.428522  0.001055 62.374463    -73.39    137.69     -1.60
    45023.936231 10.429126  0.001091 64.230829    -77.09     28.14      2.47
    45033.248630 10.429478  0.001125 62.646835    -80.96   -103.87     -0.30
    45042.561030 10.429341  0.001022 59.946345    -81.60     89.09      1.35
    45051.873430 10.429717  0.001044 59.260177    -79.55   -104.38     -0.62
    45061.185830 10.430458  0.001121 61.610776    -78.79     31.30     -0.53
    45070.498230 10.430713  0.001084 64.111231    -81.82    143.11     -3.10
    45079.810629 10.430795  0.001072 63.301666    -86.07   -139.69      0.64
    45089.123029 10.431225  0.001080 60.483319    -87.60    -90.36      1.42
    45098.435429 10.431376  0.001038 59.155702    -85.92    -66.28     -2.74
    45107.747829 10.432099  0.001127 60.797371    -84.49    -78.18     -0.07
    45117.060228 10.432223  0.001076 63.661199    -86.54   -117.04      2.36
    45126.372628 10.432888  0.001131 63.893705    -90.87   -179.78      1.35
    45135.685028 10.433055  0.001128 61.229569    -93.43     87.20      0.23
    45144.997428 10.433238  0.001076 59.231281    -92.41    -34.79     -2.71
    45154.309827 10.433706  0.001117 60.055070    -90.49    167.21      1.09
    45163.622227 10.433818  0.001093 62.893706    -91.41    -12.51     -1.31
    45172.934627 10.434281  0.001089 64.238963    -95.42    140.01     -2.88
    45182.247027 10.434546  0.001106 62.185012    -98.90   -100.39     -0.92
    45191.559426 10.434942  0.001105 59.580460    -98.92     -9.02     -1.90
    45200.871826 10.434916  0.001040 59.490775    -96.85     47.74      2.06
    45210.184226 10.435629  0.001125 61.909852    -96.57     81.96      0.12
    45219.496626 10.435414  0.001015 64.162580    -99.80     85.91      1.36
    45228.809026 10.435839  0.001040 63.200868   -103.94     63.97      0.31
    45238.121425 10.436471  0.001101 60.300521   -105.25     11.14     -0.89
    45247.433825 10.436350  0.001005 59.178423   -103.52    -72.39     -1.77
    45256.746225 10.437135  0.001107 60.852479   -102.23    171.62      1.09
    45266.058625 10.437695  0.001132 63.580181   -104.22     31.62      0.28
    45275.371024 10.437641  0.001060 63.982901   -108.48   -139.14      2.89
    45284.683424 10.437949  0.001085 61.393298   -111.19     25.57     -0.06
    45293.995824 10.438447  0.001091 59.256356   -110.36    158.36     -2.25
    45303.308224 10.438404  0.001035 59.897875   -108.42   -101.65     -0.82
    45312.620623 10.438905  0.001086 62.544931   -108.97    -29.22     -0.01
    45321.933023 10.439776  0.001138 64.256903   -112.67     15.86      0.97
    45331.245423 10.439521  0.001071 62.670618   -116.46     32.93      1.19
    45340.557823 10.440182  0.001124 59.882843   -117.10     21.06     -0.90
    45349.870222 10.440706  0.001128 59.272084   -115.18    -22.07     -1.76
    45359.182622 10.440750  0.001117 61.265485   -114.30    -95.77     -0.66
    45368.495022 10.441087  0.001102 63.843187   -116.79    165.51     -2.06
    45377.807422 10.441270  0.001073 63.779529   -121.04     33.06      2.61
    45387.119822 10.441717  0.001117 61.066856   -123.32   -122.00     -0.59
    45396.432221 10.442083  0.001096 59.208338   -122.26     45.45      2.82
    45405.744621 10.442339  0.001101 60.051866   -120.46   -171.73      1.74
    45415.057021 10.442453  0.001077 62.743363   -121.25    -56.84      0.41
    45424.369421 10.443175  0.001114 64.267132   -125.05     27.33      2.69
    45433.681820 10.443223  0.001093 62.547577   -128.72     88.62     -1.25
    45442.994220 10.443319  0.001052 59.869327   -129.24    113.18      0.35
    45452.306620 10.443687  0.001043 59.265160   -127.36    112.24     -2.43
    45461.619020 10.444324  0.001121 61.238516   -126.50     77.75     -0.48
    45470.931419 10.444918  0.001137 63.839194   -128.94     17.08      0.26
    45480.243819 10.444808  0.001076 63.794605   -133.14    -68.12     -2.17
    45489.556219 10.445052  0.001084 61.215443   -135.54    171.79     -0.25
    45498.868619 10.445913  0.001132 59.269549   -134.69     21.33      1.41
    45508.181018 10.445690  0.001071 59.832853   -132.81   -156.46      0.93
    45517.493418 10.446217  0.001107 62.528314   -133.32     -0.61     -1.42
    45526.805818 10.446368  0.001057 64.253173   -136.93    127.52     -3.00
    45536.118218 10.446684  0.001084 62.832151   -140.72   -137.79     -0.32
    45545.430618 10.446800  0.001032 60.223263   -141.72    -71.74      0.20
    45554.743017 10.447776  0.001124 59.143007   -140.08    -33.46     -1.52
    45564.055417 10.447696  0.001087 60.766563   -138.79    -28.10      0.31
    45573.367817 10.447934  0.001051 63.553513   -140.69    -44.81     -2.96
    45582.680217 10.448189  0.001052 64.013945   -144.80    -94.38     -1.03
    45591.992616 10.448733  0.001099 61.843169   -147.73   -172.33     -0.96
    45601.305016 10.448653  0.001002 59.567327   -147.59     77.20      1.34
    45610.617416 10.449592  0.001125 59.368355   -145.64    -59.45     -0.29
    45619.929816 10.449521  0.001055 61.845640   -145.33    134.64     -1.21
    45629.242215 10.449962  0.001065 64.055160   -148.31    -57.32     -2.80
    45638.554615 10.450429  0.001116 63.439302   -152.34     77.93     -0.55
    45647.867015 10.450996  0.001130 61.034663   -154.33   -174.45     -0.88
    45657.179415 10.450725  0.001036 59.139077   -153.34    -97.01     -1.22
    45666.491814 10.451274  0.001085 59.939641   -151.49    -51.91      0.62
    45675.804214 10.451796  0.001093 62.765263   -152.29    -28.83     -2.76
    45685.116614 10.452181  0.001127 64.114605   -155.88    -39.26     -0.11
    45694.429014 10.452205  0.001075 62.878627   -159.54    -77.67      0.94
    45703.741414 10.452771  0.001090 60.359122   -160.71   -146.93      3.05
    45713.053813 10.453086  0.001117 58.983703   -159.10    117.93      0.23
    45722.366213 10.453507  0.001116 60.706444   -157.72     -7.02     -1.97
    45731.678613 10.453799  0.001109 63.326069   -159.44   -165.16      2.24
    45740.991013 10.453906  0.001097 64.008358   -163.28     15.07     -0.43
    45750.303412 10.454516  0.001113 62.386505   -166.51    165.22     -2.26
    45759.615812 10.454504  0.001073 59.757967   -166.95    -76.96     -1.91
    45768.928212 10.454979  0.001100 59.142147   -165.01      9.47     -1.18
    45778.240612 10.454903  0.001016 61.350526   -164.27     65.38      2.19
    45787.553011 10.455623  0.001112 63.589629   -166.57    100.35     -0.94
    45796.865411 10.455675  0.001056 63.914462   -170.51    101.86      0.73
    45806.177811 10.455840  0.001012 61.854667   -173.35     76.30      0.50
    45815.490211 10.456461  0.001085 59.343162   -173.11     20.32     -0.35
    45824.802610 10.456510  0.001017 59.471511   -171.16    -66.32     -0.65
    45834.115010 10.457352  0.001112 61.724202   -170.96    177.20      1.33
    45843.427410 10.457643  0.001123 63.813581   -173.60     36.46     -0.51
    45852.739810 10.457884  0.001083 63.812590   -177.61   -137.69      3.01
    45862.052210 10.458045  0.001075 61.340251    179.97     23.81      1.28
    45871.364609 10.458348  0.001066 59.233599   -179.33    154.87     -1.28
    45880.677009 10.458363  0.001001 59.708545   -177.56   -108.39      1.37
    45889.989409 10.459160  0.001107 61.953077   -177.65    -36.46      0.66
    45899.301809 10.459820  0.001137 64.055225    179.42      8.29     -0.59
    45908.614208 10.459880  0.001092 63.607747    175.42     20.78      2.49
    45917.926608 10.459999  0.001084 61.023520    173.37      8.63     -0.26
    45927.239008 10.460419  0.001072 59.263668    174.23    -34.10     -2.93
    45936.551408 10.460479  0.001047 59.740726    175.92   -111.05     -0.54
    45945.863807 10.460911  0.001070 62.177803    175.67    146.05     -0.65
    45955.176207 10.461790  0.001131 64.162891    172.52     13.72      1.69
    45964.488607 10.461551  0.001074 63.380524    168.63   -143.56      0.30
    45973.801007 10.462308  0.001126 60.983765    166.76     27.76     -0.10
    45983.113406 10.462792  0.001135 59.217714    167.60    168.54      0.15
    45992.425806 10.462818  0.001118 59.715952    169.36    -80.59      0.38
    46001.738206 10.463373  0.001130 62.352805    168.97      3.96     -0.80
    46011.050606 10.463085  0.001044 64.080773    165.78     58.85      0.62
    46020.363006 10.463735  0.001112 63.358457    162.00     85.68      0.81
    46029.675405 10.463606  0.001004 61.104931    160.05     82.82      1.15
    46038.987805 10.464133  0.001059 59.115789    160.87     51.23     -0.09
    46048.300205 10.464687  0.001093 59.753463    162.68     -9.91     -1.83
    46057.612605 10.464551  0.001002 62.296457    162.27   -102.39      0.66
    46066.925004 10.465336  0.001109 63.949499    159.23    139.92      0.53
    46076.237404 10.465855  0.001119 63.566576    155.44     -4.54     -1.64
    46085.549804 10.466267  0.001131 61.214586    153.28    176.92      1.10
    46094.862204 10.466160  0.001081 59.122878    154.05    -29.40      0.59
    46104.174603 10.466147  0.000998 59.728180    155.81     94.72      0.26
    46113.487003 10.466889  0.001091 61.963021    155.62   -170.37      1.63
    46122.799403 10.467264  0.001102 63.899085    152.84   -101.63      1.07
    46132.111803 10.467374  0.001040 63.788798    148.94    -57.47     -2.79
    46141.424202 10.468035  0.001120 61.374736    146.58    -49.71      0.01
    46150.736602 10.467897  0.001036 59.341304    147.07    -70.62      0.64
    46160.049002 10.468168  0.001017 59.504577    148.75   -120.62      1.35
    46169.361402 10.468727  0.001082 61.537625    149.02    162.67      0.25
    46178.673802 10.469173  0.001072 63.854540    146.53     55.13      2.62
    46187.986201 10.469408  0.001069 63.906433    142.61    -73.28     -1.89
    46197.298601 10.469742  0.001084 61.789181    139.96    121.07      0.72
    46206.611001 10.469707  0.000998 59.683178    139.92    -69.53     -1.63
    46215.923401 10.470285  0.001063 59.178956    141.57     66.91     -0.76
    46225.235800 10.470876  0.001098 61.135407    142.33    176.32     -1.69
    46234.548200 10.470687  0.001000 63.567117    140.25   -104.42      0.81
    46243.860600 10.471535  0.001116 63.987210    136.49    -50.56      0.39
    46253.173000 10.471773  0.001082 62.452641    133.43    -23.78     -2.36
    46262.485399 10.472388  0.001123 60.042289    132.70    -30.48     -1.12
    46271.797799 10.472417  0.001099 58.988155    134.26    -68.68      0.92
    46281.110199 10.472738  0.001070 60.635246    135.41   -135.20      2.90
    46290.422599 10.473242  0.001123 62.945730    134.01    136.56     -0.57
    46299.734998 10.473505  0.001112 64.100931    130.59     16.77     -0.85
    46309.047398 10.473616  0.001055 63.130155    127.05   -135.38      2.95
    46318.359798 10.473918  0.001075 60.536100    125.61     49.80     -0.52
    46327.672198 10.474678  0.001131 59.095573    126.75   -159.22     -0.42
    46336.984598 10.474965  0.001117 59.957090    128.19    -35.16     -1.83
    46346.296997 10.475090  0.001115 62.170088    127.74     57.96     -0.46
    46355.609397 10.475015  0.001027 64.093548    124.77    126.81     -2.25
    46364.921797 10.475938  0.001126 63.647663    120.95    163.33      0.34
    46374.234197 10.475853  0.001079 61.367169    118.77    173.34     -0.77
    46383.546596 10.476493  0.001101 59.486910    119.07    154.52     -2.80
    46392.858996 10.476666  0.001099 59.291390    120.68    102.41     -1.01
    46402.171396 10.477167  0.001124 61.345525    121.17     22.70     -0.21
    46411.483796 10.476856  0.001006 63.650459    118.94    -81.56     -1.55
    46420.796195 10.477646  0.001108 63.968176    115.23    142.37      0.57
    46430.108595 10.477980  0.001092 62.460531    112.24    -18.06     -2.24
    46439.420995 10.478513  0.001124 60.098455    111.46    148.36     -1.25
    46448.733395 10.478571  0.001102 58.973546    112.89    -76.90      0.86
    46458.045794 10.479077  0.001104 60.434548    114.09     30.03      2.40
    46467.358194 10.479296  0.001108 62.682458    112.98    114.99     -1.29
    46476.670594 10.479485  0.001089 64.074731    109.79    167.94     -1.19
    46485.982994 10.480206  0.001124 63.468083    106.15   -169.46      1.26
    46495.295394 10.480051  0.001080 61.020699    104.25   -173.71      0.89
    46504.607793 10.480384  0.001065 59.264019    104.90    154.10     -2.02
    46513.920193 10.480442  0.001015 59.531497    106.42     89.32     -0.99
    46523.232593 10.480993  0.001078 61.453483    106.64     -3.48     -0.35
    46532.544993 10.481434  0.001067 63.735629    104.35   -126.28      3.04
    46541.857392 10.481548  0.001048 64.035840    100.59     91.00     -1.23
    46551.169792 10.482137  0.001098 62.293856     97.69    -87.81      0.88
    46560.482192 10.482137  0.001016 60.152715     96.99     64.39      2.55
    46569.794592 10.482703  0.001078 59.003966     98.27   -170.09      1.17
    46579.106991 10.482833  0.001042 60.257926     99.56    -74.60      0.67
    46588.419391 10.483788  0.001132 62.674676     98.54     -6.14      0.45
    46597.731791 10.483638  0.001087 63.993446     95.44     34.93     -0.32
    46607.044191 10.484161  0.001099 63.576649     91.87     44.24      2.08
    46616.356590 10.484310  0.001067 61.423067     89.67     26.77      2.50
    46625.668990 10.484537  0.001072 59.316042     90.00    -18.50      0.15
    46634.981390 10.484559  0.000998 59.374537     91.56    -96.16      1.05
    46644.293790 10.485460  0.001114 61.066960     92.02    159.55      0.81
    46653.606190 10.485847  0.001120 63.294456     90.24     28.29     -0.37
    46662.918589 10.485853  0.001049 64.234324     86.68   -134.60      2.87
    46672.230989 10.486134  0.001074 62.813906     83.39     39.98     -0.25
    46681.543389 10.486799  0.001113 60.607716     82.15   -177.34     -1.45
    46690.855789 10.486777  0.001049 59.179631     82.97    -63.83     -2.66
    46700.168188 10.487171  0.001083 59.607252     84.46     17.16     -0.82
    46709.480588 10.487320  0.001025 61.930430     84.29     69.15      2.51
    46718.792988 10.487775  0.001065 63.773610     81.73    101.67     -1.64
    46728.105388 10.488159  0.001087 63.907707     78.16     98.69      1.00
    46737.417787 10.488180  0.001005 62.399739     75.30     68.62      2.25
    46746.730187 10.488798  0.001078 60.000471     74.59     11.06      1.37
    46756.042587 10.488912  0.001040 59.048945     75.92    -77.14      0.91
    46765.354987 10.489930  0.001136 60.206146     77.03    167.52     -0.22
    46774.667386 10.489707  0.001080 62.285435     76.29     23.17     -0.22
    46783.979786 10.490451  0.001118 64.056370     73.45   -150.22      1.27
    46793.292186 10.490616  0.001100 63.785130     69.78      9.66      1.89
    46802.604586 10.490673  0.001080 61.743704     67.37    141.95      0.38
    46811.916986 10.490947  0.001038 59.808424     67.16   -118.96      2.59
    46821.229385 10.491645  0.001117 59.057126     68.49    -44.17     -0.08
    46830.541785 10.491794  0.001092 60.438394     69.50      0.61     -1.59
    46839.854185 10.492384  0.001118 62.813638     68.29     13.68      1.90
    46849.166585 10.492328  0.001085 64.006472     65.21      3.93      0.44
    46858.478984 10.492605  0.001058 63.593018     61.74    -33.34     -2.07
    46867.791384 10.492658  0.001005 61.612359     59.48   -103.83      0.13
    46877.103784 10.493230  0.001074 59.458899     59.56    157.29      0.50
    46886.416184 10.494002  0.001115 59.238159     60.99     28.26      1.83
    46895.728583 10.493705  0.001034 60.658071     61.66   -125.70      0.42
    46905.040983 10.494486  0.001116 62.824288     60.42     50.99      0.38
    46914.353383 10.494997  0.001120 64.226777     57.22   -161.15      2.18
    46923.665783 10.495145  0.001120 63.427251     53.71    -37.74      0.11
    46932.978182 10.495449  0.001109 61.420367     51.73     52.76      1.28
    46942.290582 10.495432  0.001043 59.586040     51.76    119.79     -3.01
    46951.602982 10.495922  0.001090 59.075110     53.17    149.05      0.87
    46960.915382 10.496322  0.001080 60.750449     53.92    157.47     -2.53
    46970.227782 10.496730  0.001109 62.892097     52.51    134.75     -1.52
    46979.540181 10.496934  0.001106 64.027931     49.43     82.84      0.51
    46988.852581 10.497618  0.001133 63.608053     45.97      5.57     -0.02
    46998.164981 10.497406  0.001064 61.477342     43.81   -100.08     -1.01
    47007.477381 10.497572  0.001045 59.526345     43.90    121.80      0.31
    47016.789780 10.498270  0.001080 59.227441     45.18    -40.30     -2.96
    47026.102180 10.498612  0.001112 60.458112     45.98    122.66      0.39
    47035.414580 10.498584  0.001036 62.765921     44.85   -100.22      2.08
    47044.726980 10.499360  0.001108 64.134611     41.75     11.82      2.03
    47054.039379 10.499511  0.001108 63.561420     38.33     96.71      0.40
    47063.351779 10.499843  0.001082 61.852180     36.05    154.49     -2.93
    47072.664179 10.500280  0.001106 59.749743     35.71    175.42      1.55
    47081.976579 10.500372  0.001076 59.014856     37.05    173.58     -1.09
    47091.288978 10.500873  0.001085 60.350313     37.97    143.47     -3.11
    47100.601378 10.501040  0.001089 62.319234     37.08     81.82     -0.96
    47109.913778 10.501486  0.001101 63.957169     34.39     -4.92     -1.51
    47119.226178 10.501342  0.001016 63.947869     30.85   -123.14      2.11
    47128.538578 10.502128  0.001113 62.104911     28.23     95.44     -0.21
    47137.850977 10.501944  0.001010 60.148961     27.61    -78.23      0.25
    47147.163377 10.502322  0.001025 59.077170     28.56     81.27     -1.18
    47156.475777 10.503009  0.001101 59.764519     29.79   -149.95     -0.93
    47165.788177 10.503163  0.001045 61.959989     29.41    -45.70     -3.18
    47175.100576 10.503498  0.001070 63.636794     27.03     25.18      0.84
    47184.412976 10.503920  0.001088 64.040350     23.67     71.20      1.39
    47193.725376 10.503795  0.000989 62.875075     20.64     91.71     -0.40
    47203.037776 10.504611  0.001098 60.581759     19.36     81.56     -0.90
    47212.350175 10.505166  0.001113 59.226544     20.05     38.97      1.40
    47221.662575 10.505577  0.001126 59.454804     21.25    -26.91     -1.03
    47230.974975 10.505594  0.001104 61.054748     21.55   -124.16     -0.33
    47240.287375 10.505430  0.001000 63.269853     19.84    113.92     -1.90
    47249.599774 10.506385  0.001119 64.131312     16.59    -37.92     -0.73
    47258.912174 10.506340  0.001067 63.348803     13.36    141.98     -0.14
    47268.224574 10.506491  0.001011 61.572489     11.35    -63.53     -2.50
    47277.536974 10.506970  0.001062 59.539602     11.25     57.47     -0.65
    47286.849374 10.507330  0.001055 59.095962     12.55    151.91     -1.68
    47296.161773 10.507638  0.001053 60.363243     13.30   -146.38      2.71
    47305.474173 10.508178  0.001112 62.266953     12.46   -104.94     -0.33
    47314.786573 10.508041  0.001014 63.973975      9.82    -95.51      1.36
    47324.098973 10.508376  0.001026 63.962972      6.35   -110.41      0.06
    47333.411372 10.509030  0.001097 62.370886      3.70   -154.88     -0.84
    47342.723772 10.509143  0.001031 60.491240      2.71    133.15     -2.96
    47352.036172 10.509537  0.001058 59.078441      3.39     26.26      0.86
    47361.348572 10.509953  0.001077 59.489552      4.70   -106.91      1.93
    47370.660971 10.509906  0.000997 61.361776      4.70     97.40     -1.31
    47379.973371 10.510693  0.001104 63.141108      2.92    -89.87     -0.42
    47389.285771 10.510981  0.001079 64.184255     -0.18     53.37      2.26
    47398.598171 10.511624  0.001124 63.495616     -3.50    173.39      0.70
    47407.910570 10.511695  0.001108 61.464943     -5.49    -96.81      0.05
    47417.222970 10.511853  0.001057 59.784733     -5.63    -33.64     -2.98
    47426.535370 10.512398  0.001106 59.050085     -4.61     -6.42      1.46
    47435.847770 10.512512  0.001083 60.031221     -3.63     -0.58     -1.37
    47445.160170 10.513135  0.001107 62.159687     -4.30    -23.58     -2.02
    47454.472569 10.513229  0.001105 63.655450     -6.71    -75.83     -0.72
    47463.784969 10.513738  0.001117 64.074645     -9.97   -155.46     -0.10
    47473.097369 10.513484  0.001013 62.957428    -12.96     99.60     -1.77
    47482.409769 10.514070  0.001088 60.791943    -14.37    -38.89      0.81
    47491.722168 10.514511  0.001076 59.386706    -14.00    159.41     -2.51
    47501.034568 10.515042  0.001115 59.214075    -12.89    -35.64     -0.55
    47510.346968 10.515045  0.001080 60.530193    -12.28    101.29      1.08
    47519.659368 10.515586  0.001089 62.703692    -13.46   -148.56      2.84
    47528.971767 10.515793  0.001101 63.919910    -16.23    -60.28     -0.69
    47538.284167 10.516114  0.001093 63.890429    -19.48     -3.04     -1.51
    47547.596567 10.516556  0.001098 62.552334    -22.17     21.47      2.67
    47556.908967 10.516533  0.001067 60.383360    -23.20     23.68      0.05
    47566.221366 10.517236  0.001104 59.210516    -22.53     -4.13     -1.80
    47575.533766 10.517293  0.001067 59.413312    -21.47    -60.68     -2.63
    47584.846166 10.517595  0.001088 60.851915    -21.16   -148.04     -0.74
    47594.158566 10.517484  0.000989 62.985440    -22.60     99.55     -0.62
    47603.470966 10.518449  0.001116 64.039745    -25.55    -39.77     -0.57
    47612.783365 10.518446  0.001066 63.727004    -28.75    152.53     -0.59
    47622.095765 10.518918  0.001064 62.323507    -31.23    -40.59     -3.04
    47631.408165 10.519247  0.001094 60.209795    -32.08     92.95     -1.05
    47640.720565 10.519818  0.001116 59.121215    -31.32   -161.17     -0.68
    47650.032964 10.519520  0.001015 59.512988    -30.30    -81.48     -1.66
    47659.345364 10.520064  0.001077 60.964451    -30.13    -32.93      0.58
    47668.657764 10.520757  0.001113 63.048018    -31.65     -6.82     -1.69
    47677.970164 10.521037  0.001113 64.087110    -34.61    -12.24      0.75
    47687.282563 10.520971  0.001068 63.690319    -37.78    -43.14      0.21
    47696.594963 10.521022  0.000993 62.312117    -40.22   -104.11      1.81
    47705.907363 10.521803  0.001095 60.253261    -41.10    168.53      1.20
    47715.219763 10.522240  0.001104 59.114041    -40.36     51.41      0.99
    47724.532162 10.521874  0.000981 59.500432    -39.37    -91.73     -0.72
    47733.844562 10.522803  0.001107 60.865542    -39.17     95.21     -0.24
    47743.156962 10.522807  0.001033 62.913552    -40.55   -107.10      2.31
    47752.469362 10.523314  0.001070 64.078847    -43.43     26.35      2.49
    47761.781762 10.523590  0.001085 63.765202    -46.62    133.53      0.64
    47771.094161 10.524193  0.001102 62.510187    -49.12   -150.77      2.23
    47780.406561 10.524086  0.001046 60.502392    -50.23    -98.13     -1.41
    47789.718961 10.524469  0.001066 59.162298    -49.69    -81.08      1.16
    47799.031361 10.524427  0.000984 59.362378    -48.66    -87.46     -0.52
    47808.343760 10.525109  0.001073 60.552451    -48.29   -122.82     -0.83
    47817.656160 10.525664  0.001093 62.547738    -49.38    175.13     -1.78
    47826.968560 10.525455  0.001002 63.958662    -52.01     84.59     -0.70
    47836.280960 10.526117  0.001085 63.921424    -55.18    -34.25      0.60
    47845.593359 10.526821  0.001117 62.902442    -57.91   -178.05     -1.15
    47854.905759 10.526915  0.001089 60.991161    -59.41      5.43      1.81
    47864.218159 10.526975  0.001062 59.374713    -59.21    165.07     -0.74
    47873.530559 10.527043  0.000996 59.205720    -58.25    -64.00     -2.49
    47882.842958 10.527524  0.001049 60.076919    -57.63     34.83      0.31
    47892.155358 10.527800  0.001031 61.949144    -58.19    108.86      0.33
    47901.467758 10.528738  0.001117 63.653436    -60.43    158.32     -1.38
    47910.780158 10.528630  0.001081 64.045079    -63.50    176.39      0.57
    47920.092558 10.529204  0.001100 63.424024    -66.44    170.86     -1.90
    47929.404957 10.529497  0.001093 61.729480    -68.48    135.40     -2.11
    47938.717357 10.529767  0.001107 59.840831    -68.89     68.69     -0.26
    47948.029757 10.530161  0.001087 59.154901    -68.12    -22.21     -2.49
    47957.342157 10.530036  0.001042 59.521435    -67.27   -146.22      0.81
    47966.654556 10.530692  0.001098 61.086016    -67.22     64.82      1.28
    47975.966956 10.530527  0.000997 63.022624    -68.79   -110.35      1.62
    47985.279356 10.531119  0.001074 63.947632    -71.54     49.56     -0.46
    47994.591756 10.531738  0.001103 63.911694    -74.63   -179.41     -1.52
    48003.904155 10.531577  0.001017 62.666593    -77.25    -76.44     -1.89
    48013.216555 10.532007  0.001066 60.680891    -78.43     -4.79      0.14
    48022.528955 10.532733  0.001099 59.442243    -78.22     38.11      2.44
    48031.841355 10.532460  0.001018 59.124576    -77.36     57.81      0.26
    48041.153754 10.533234  0.001103 60.092673    -76.68     47.39      0.02
    48050.466154 10.533838  0.001124 62.018743    -77.38      9.09      1.19
    48059.778554 10.533849  0.001103 63.437923    -79.50    -53.42     -0.36
    48069.090954 10.534284  0.001113 64.128783    -82.41   -146.09      0.47
    48078.403354 10.533937  0.000989 63.617220    -85.47     96.87     -1.31
    48087.715753 10.534774  0.001101 61.875210    -87.59    -52.06      0.35
    48097.028153 10.534720  0.001024 60.255374    -88.23    134.39     -2.00
    48106.340553 10.535189  0.001050 59.177175    -87.80    -68.74     -2.53
    48115.652953 10.535702  0.001101 59.225629    -86.82     56.93     -0.38
    48124.965352 10.536189  0.001097 60.712156    -86.57    159.84     -2.43
    48134.277752 10.536053  0.001047 62.353285    -87.69   -128.37     -0.04
    48143.590152 10.536423  0.001059 63.729250    -90.00    -82.81      1.03
    48152.902552 10.536654  0.001021 64.201659    -93.09    -59.19     -2.67
    48162.214951 10.537317  0.001106 63.161347    -95.93    -69.49     -0.34
    48171.527351 10.537471  0.001062 61.604960    -97.70   -108.34      2.05
    48180.839751 10.538110  0.001105 60.003111    -98.24   -172.31      1.87
    48190.152151 10.538190  0.001095 58.987158    -97.55     96.23      0.41
    48199.464550 10.538651  0.001087 59.528352    -96.68    -21.05     -2.85
    48208.776950 10.538803  0.001081 60.842186    -96.69   -172.91      1.74
    48218.089350 10.539141  0.001091 62.534094    -97.85     14.95     -0.91
    48227.401750 10.539866  0.001125 63.965171   -100.35    173.52     -0.70
    48236.714150 10.539845  0.001103 64.018679   -103.43    -55.21     -0.48
    48246.026549 10.540176  0.001099 63.139075   -106.10     46.62      0.94
    48255.338949 10.540270  0.001045 61.602754   -107.92    126.53     -3.11
    48264.651349 10.540553  0.001070 59.808436   -108.33    169.82      0.85
    48273.963749 10.541345  0.001119 59.125017   -107.65   -169.88     -0.54
    48283.276148 10.541496  0.001097 59.456636   -106.92    179.76      1.65
    48292.588548 10.541456  0.001061 60.716900   -106.79    145.30      0.21
    48301.900948 10.541506  0.000989 62.613235   -108.00     82.06      1.07
    48311.213348 10.542298  0.001094 63.760333   -110.43     -7.15      1.19
    48320.525747 10.542653  0.001100 64.057590   -113.35   -123.70      0.81
    48329.838147 10.542398  0.000982 63.387561   -116.19     93.89     -0.71
    48339.150547 10.543273  0.001101 61.638928   -118.07    -78.26     -0.61
    48348.462947 10.543332  0.001043 60.106421   -118.59     78.34      2.19
    48357.775346 10.543784  0.001057 59.191273   -118.20   -150.25      2.73
    48367.087746 10.544054  0.001073 59.198787   -117.32    -44.66      0.85
    48376.400146 10.544665  0.001098 60.578835   -117.08     30.47      2.43
    48385.712546 10.544538  0.001039 62.158693   -118.09     84.53     -1.33
    48395.024946 10.544917  0.001062 63.521317   -120.16    105.22      0.76
    48404.337345 10.544876  0.000978 64.239823   -123.07    103.65     -1.45
    48413.649745 10.545508  0.001057 63.542879   -126.00     71.86     -0.88
    48422.962145 10.546134  0.001097 62.191964   -128.07     12.37     -0.96
    48432.274545 10.545977  0.001005 60.628336   -129.12    -73.01     -2.52
    48441.586944 10.546518  0.001069 59.234687   -128.94    168.25      0.81
    48450.899344 10.547266  0.001111 59.156303   -128.11     25.00      0.72
    48460.211744 10.547025  0.001034 59.977907   -127.69   -146.14      1.83
    48469.524144 10.547524  0.001084 61.437339   -128.10     19.15     -0.98
    48478.836543 10.548047  0.001088 63.188208   -129.82    156.86     -2.60
    48488.148943 10.548052  0.001062 63.984144   -132.48    -95.20     -1.21
    48497.461343 10.548454  0.001074 63.926600   -135.36    -13.45     -1.48
    48506.773743 10.548800  0.001055 63.021052   -137.95     36.45      3.12
    48516.086142 10.549085  0.001076 61.244377   -139.52     66.80     -0.77
    48525.398542 10.549464  0.001069 59.860780   -139.81     61.66      2.43
    48534.710942 10.549678  0.001045 59.137712   -139.37     32.23      2.70
    48544.023342 10.549950  0.001063 59.286430   -138.59    -22.58      0.28
    48553.335742 10.550023  0.001000 60.693493   -138.48   -108.76      2.42
    48562.648141 10.550896  0.001109 62.206027   -139.57    143.85     -0.59
    48571.960541 10.551017  0.001084 63.516740   -141.61      6.40     -0.98
    48581.272941 10.551639  0.001103 64.237629   -144.45   -161.05      2.16
    48590.585341 10.551544  0.001070 63.624795   -147.33      8.40      1.07
    48599.897740 10.551783  0.001052 62.398209   -149.48    151.28     -1.59
    48609.210140 10.551811  0.000984 60.885674   -150.70    -96.90     -0.39
    48618.522540 10.552442  0.001066 59.413478   -150.74    -13.31      0.72
    48627.834940 10.553042  0.001086 59.106902   -150.06     42.28      1.98
    48637.147339 10.552833  0.001015 59.635081   -149.55     74.97     -0.58
    48646.459739 10.553590  0.001099 60.896650   -149.65     76.24      0.78
    48655.772139 10.553717  0.001038 62.657445   -150.95     50.27      3.11
    48665.084539 10.554115  0.001081 63.708389   -153.28      1.83      1.26
    48674.396938 10.554191  0.001042 64.092221   -156.03    -75.60      0.81
    48683.709338 10.555173  0.001124 63.633906   -158.84   -179.69      0.35
    48693.021738 10.554923  0.001064 62.117358   -160.91     48.70     -0.40
    48702.334138 10.555340  0.001059 60.660442   -161.87   -114.50      2.28
    48711.646538 10.555310  0.000997 59.488445   -161.95     58.68      1.42
    48720.958937 10.555944  0.001074 58.966572   -161.27   -154.85     -0.92
    48730.271337 10.556294  0.001052 59.760987   -160.72    -35.43     -3.23
    48739.583737 10.556305  0.001024 60.999158   -161.03     51.55      0.47
    48748.896137 10.556750  0.001052 62.506437   -162.24    114.88      0.52
    48758.208536 10.557488  0.001094 63.842895   -164.53    154.93     -2.31
    48767.520936 10.557613  0.001095 64.059785   -167.35    161.88      0.92
    48776.833336 10.557709  0.001049 63.586640   -170.01    146.81     -1.54
    48786.145736 10.557846  0.001004 62.409539   -172.19    102.83     -1.90
    48795.458135 10.558357  0.001066 60.694546   -173.31     28.95     -0.49
    48804.770535 10.558346  0.000990 59.596528   -173.37    -71.74     -0.13
    48814.082935 10.559404  0.001109 59.063707   -172.91    160.31      0.47
    48823.395335 10.559359  0.001072 59.424354   -172.28      6.78     -1.21
    48832.707734 10.560136  0.001120 60.815046   -172.39   -176.08      0.05
    48842.020134 10.560119  0.001096 62.181322   -173.50    -24.78      0.67
    48851.332534 10.560103  0.001036 63.495559   -175.46     99.47      1.11
    48860.644934 10.560963  0.001103 64.214869   -178.20   -163.18      2.27
    48869.957334 10.560987  0.001091 63.746168    179.03    -89.19     -0.59
    48879.269733 10.561039  0.001027 62.810401    176.77    -44.30     -2.00
    48888.582133 10.561879  0.001105 61.362264    175.22    -28.33     -1.38
    48897.894533 10.561779  0.001067 59.826767    174.81    -42.19      0.80
    48907.206933 10.561689  0.000974 59.216251    175.17    -80.23     -0.30
    48916.519332 10.562296  0.001037 59.195001    175.67   -148.02      1.47
    48925.831732 10.562665  0.001047 60.076308    175.98    119.33      0.56
    48935.144132 10.563533  0.001118 61.648404    175.31     -0.12      0.39
    48944.456532 10.563286  0.001058 62.896063    173.68   -146.20      0.17
    48953.768931 10.563981  0.001102 63.924663    171.35     39.65      0.91
    48963.081331 10.564233  0.001081 64.164115    168.53   -161.44      2.36
    48972.393731 10.564321  0.001077 63.333777    165.96    -26.90      0.56
    48981.706131 10.564448  0.001020 62.213156    164.03     76.88      2.07
    48991.018530 10.565252  0.001104 60.716668    162.92    157.26     -0.01
    49000.330930 10.565390  0.001088 59.443284    162.87   -151.73     -0.95
    49009.643330 10.565564  0.001044 59.149299    163.30   -133.00      3.33
    49018.955730 10.565672  0.001035 59.385766    163.75   -133.46     -0.10
    49028.268130 10.566419  0.001098 60.525322    163.79   -163.78     -0.96
    49037.580529 10.566673  0.001074 62.068401    162.79    141.33     -3.10
    49046.892929 10.566814  0.001075 63.189871    160.96     54.88     -0.59
    49056.205329 10.566821  0.001009 64.083070    158.52    -54.94     -1.62
    49065.517729 10.567866  0.001120 64.071071    155.71    166.31      0.02
    49074.830128 10.567657  0.001065 63.136236    153.29      1.71     -0.24
    49084.142528 10.568390  0.001099 62.011534    151.52    171.21     -1.77
    49093.454928 10.568566  0.001095 60.500685    150.53    -48.47     -1.19
    49102.767328 10.568856  0.001096 59.370920    150.55     62.62      0.46
    49112.079727 10.569265  0.001085 59.145909    150.97    151.51     -2.44
    49121.392127 10.569126  0.001047 59.404431    151.37   -152.14      0.14
    49130.704527 10.569699  0.001075 60.593488    151.33   -122.22      2.11
    49140.016927 10.569587  0.000996 62.049489    150.31   -115.04      1.00
    49149.329326 10.570277  0.001086 63.160882    148.53   -134.38     -0.62
    49158.641726 10.570922  0.001112 64.087317    146.10    178.70     -1.26
    49167.954126 10.570736  0.001044 64.057137    143.35    105.31     -1.78
    49177.266526 10.571118  0.001072 63.257004    140.95      2.88     -0.98
    49186.578926 10.571404  0.001037 62.201253    139.06   -130.04      3.48
    49195.891325 10.571677  0.001049 60.670638    137.97     78.85     -1.07
    49205.203725 10.572130  0.001070 59.557768    137.86   -107.43      1.55
    49214.516125 10.572312  0.001029 59.155576    138.13     40.65      3.22
    49223.828525 10.572688  0.001067 59.222412    138.57    165.60      0.76
    49233.140924 10.572754  0.001011 60.303629    138.67   -100.01      1.97
    49242.453324 10.573663  0.001108 61.613265    137.86    -27.55     -0.73
    49251.765724 10.573588  0.001071 62.809540    136.35     15.02     -0.62
    49261.078124 10.574244  0.001094 63.927802    134.11     28.44      2.35
    49270.390523 10.574215  0.001060 64.101426    131.44     19.19      1.60
    49279.702923 10.574489  0.001061 63.633449    128.94    -15.82     -0.93
    49289.015323 10.574467  0.000980 62.767089    126.78    -79.56     -1.28
    49298.327723 10.575070  0.001060 61.257900    125.35   -173.26      1.04
    49307.640122 10.575552  0.001069 60.062187    124.83     66.83      1.83
    49316.952522 10.575495  0.001004 59.303772    124.84    -74.68     -2.36
    49326.264922 10.576162  0.001087 58.986929    125.30    108.99      0.74
    49335.577322 10.575998  0.000982 59.725099    125.59    -91.73      1.51
    49344.889722 10.576473  0.001025 60.769243    125.22     42.41      1.40
    49354.202121 10.576860  0.001046 62.034775    124.25    151.28     -0.53
    49363.514521 10.577265  0.001033 63.393094    122.40   -131.76      3.52
    49372.826921 10.577681  0.001080 63.948484    119.98    -72.55     -1.15
    49382.139321 10.577749  0.001034 64.052171    117.46    -45.53     -0.91
    49391.451720 10.578373  0.001061 63.569428    114.96    -42.23     -3.14
    49400.764120 10.578708  0.001097 62.282295    113.00    -71.36     -0.27
    49410.076520 10.579001  0.001071 61.090350    111.85   -127.53      2.19
    49419.388920 10.579532  0.001110 59.925487    111.29    155.12     -0.72
    49428.701319 10.579576  0.001084 59.073126    111.47     47.24     -0.81
    49438.013719 10.579327  0.000972 59.202332    111.86    -88.73      0.45
    49447.326119 10.580224  0.001083 59.692433    111.99    112.14     -1.47
    49456.638519 10.580322  0.001051 60.788682    111.71    -78.73      1.30
    49465.950918 10.580376  0.000989 62.228714    110.57     66.73      1.98
    49475.263318 10.580933  0.001063 63.193714    108.75   -172.36      0.66
    49484.575718 10.581018  0.001010 63.999628    106.48    -79.84      0.90
    49493.888118 10.582063  0.001115 64.156504    103.85    -11.97     -0.16
    49503.200518 10.581882  0.001070 63.457439    101.46     28.01     -0.65
    49512.512917 10.582486  0.001086 62.596762     99.50     37.69      2.25
    49521.825317 10.582529  0.001052 61.283868     98.08     23.71      2.27
    49531.137717 10.582729  0.001050 60.003409     97.55    -15.08     -0.69
    49540.450117 10.582650  0.000958 59.376959     97.52    -83.76     -0.39
    49549.762516 10.583533  0.001068 59.005963     97.77    179.31      1.38
    49559.074916 10.583900  0.001079 59.480562     98.10     56.68      1.63
    49568.387316 10.583680  0.000977 60.528549     97.83    -88.82     -0.99
    49577.699716 10.584547  0.001094 61.579992     97.00     95.62     -0.22
    49587.012115 10.584551  0.001023 62.930540     95.50   -108.03      2.17
    49596.324515 10.585033  0.001054 63.791011     93.31     24.72      2.39
    49605.636915 10.585261  0.001067 64.026374     90.89    132.40      0.54
    49614.949315 10.585888  0.001085 63.973044     88.42   -149.82      2.19
    49624.261714 10.585809  0.001043 63.079548     86.15    -93.45     -1.20
    49633.574114 10.586143  0.001051 61.910994     84.54    -70.19      0.97
    49642.886514 10.586219  0.000989 60.838521     83.48    -67.82     -2.41
    49652.198914 10.586891  0.001074 59.629103     83.09    -97.31     -1.03
    49661.511314 10.587538  0.001111 59.134955     83.27   -153.87      0.11
    49670.823713 10.587523  0.001053 59.191266     83.46    127.35     -2.58
    49680.136113 10.587698  0.001060 59.621100     83.61     17.07     -0.81
    49689.448513 10.587967  0.001026 60.822520     83.24   -121.80      3.33
    49698.760913 10.588186  0.001024 61.947133     82.15     81.99     -1.00
    49708.073312 10.588811  0.001084 63.002163     80.57   -107.33      0.83
    49717.385712 10.589119  0.001056 63.954851     78.38     36.88      3.30
    49726.698112 10.589469  0.001091 64.069022     75.90    159.66      0.80
    49736.010512 10.589598  0.001060 63.820312     73.56   -107.98      1.56
    49745.322911 10.590150  0.001076 63.155028     71.35    -36.51     -2.78
    49754.635311 10.590116  0.001058 61.869276     69.69      0.01      0.68
    49763.947711 10.590878  0.001106 60.809578     68.73     13.81     -0.27
    49773.260111 10.591134  0.001093 59.796881     68.22     -1.52      1.65
    49782.572510 10.591035  0.001054 59.065315     68.31    -41.52      0.81
    49791.884910 10.591126  0.000991 59.182042     68.53   -110.26      2.30
    49801.197310 10.591978  0.001095 59.535244     68.58    157.75      0.84
    49810.509710 10.592269  0.001096 60.462152     68.35     38.27     -0.01
    49819.822110 10.591990  0.000977 61.745379     67.42   -109.13      1.47
    49829.134509 10.592745  0.001083 62.686151     65.94     80.79     -0.79
    49838.446909 10.593044  0.001063 63.673041     63.99   -121.32      2.43
    49847.759309 10.593538  0.001086 64.154941     61.59     14.32      2.22
    49857.071709 10.593613  0.001079 63.917122     59.21    124.27      0.69
    49866.384108 10.594256  0.001103 63.525026     56.99   -154.78      1.65
    49875.696508 10.593950  0.001011 62.516099     55.04    -96.23     -1.16
    49885.008908 10.594463  0.001059 61.293095     53.78    -69.91      0.80
    49894.321308 10.594439  0.000979 60.378557     53.01    -64.73     -2.46
    49903.633707 10.595076  0.001058 59.398164     52.72    -90.35     -1.57
    49912.946107 10.595708  0.001097 59.049333     52.91   -144.06      0.18
    49922.258507 10.595969  0.001078 59.276125     53.00    141.03     -2.68
    49931.570907 10.595917  0.001054 59.722482     52.96     34.49     -0.63
    49940.883306 10.596082  0.001004 60.845111     52.53    -98.76      1.82
    49950.195706 10.596609  0.001046 61.925524     51.43    108.99     -2.28
    49959.508106 10.596973  0.001076 62.870335     49.90    -77.32      0.89
    49968.820506 10.596923  0.000988 63.832159     47.86     72.35      2.20
    49978.132906 10.597523  0.001058 64.064972     45.51   -161.88      1.35
    49987.445305 10.597677  0.001035 63.946039     43.22    -63.17      0.56
    49996.757705 10.598599  0.001108 63.531039     40.98      8.27      1.15
    50006.070105 10.598383  0.001055 62.437877     39.13     55.37     -0.64
    50015.382505 10.598755  0.001046 61.448944     37.84     70.81      2.18
    50024.694904 10.598740  0.000986 60.444402     36.94     63.81      1.44
    50034.007304 10.599395  0.001067 59.444902     36.67     31.15     -0.82
    50043.319704 10.599765  0.001049 59.176816     36.71    -28.05     -3.06
    50052.632104 10.599663  0.001000 59.124872     36.73   -118.52     -0.02
    50061.944503 10.600177  0.001040 59.547677     36.81    126.48      0.58
    50071.256903 10.601064  0.001106 60.562667     36.39    -11.70     -1.26
    50080.569303 10.600865  0.001060 61.444232     35.49    179.75      1.15
    50089.881703 10.601264  0.001067 62.564152     34.20     -9.96     -1.80
    50099.194102 10.601583  0.001056 63.515445     32.30    133.11     -2.96
    50108.506502 10.601863  0.001081 63.884037     30.16   -113.83     -0.73
    50117.818902 10.602214  0.001061 64.160512     27.89    -23.16     -2.47
    50127.131302 10.602294  0.001029 63.827300     25.56     35.45      2.08
    50136.443702 10.602862  0.001091 63.013064     23.58     73.42      0.21
    50145.756101 10.602673  0.000979 62.243623     21.93     81.87      1.63
    50155.068501 10.603175  0.001028 61.070827     20.70     67.81     -0.71
    50164.380901 10.603872  0.001092 60.084912     20.10     24.30     -0.81
    50173.693301 10.603959  0.001041 59.510439     19.77    -42.70     -3.37
    50183.005700 10.604151  0.001046 58.983227     19.75   -141.86     -0.38
    50192.318100 10.604222  0.000995 59.191671     19.89     93.58      1.34
    50201.630500 10.604997  0.001062 59.719070     19.69    -50.64     -2.78
    50210.942900 10.605169  0.001065 60.394683     19.31    130.77      0.79
    50220.255299 10.605093  0.000974 61.581490     18.45    -67.76     -1.53
    50229.567699 10.605528  0.001016 62.493533     17.03     64.25     -0.02
    50238.880099 10.606029  0.001057 63.294610     15.34    172.00     -0.96
    50248.192499 10.605986  0.000974 64.026594     13.23   -109.70      1.99
    50257.504898 10.606851  0.001095 64.051678     10.95    -52.31     -0.33
    50266.817298 10.606961  0.001052 63.901981      8.79    -22.61     -1.70
    50276.129698 10.607706  0.001102 63.431865      6.66    -20.38     -1.23
    50285.442098 10.607680  0.001084 62.410508      4.91    -46.31      0.64
    50294.754498 10.607690  0.001010 61.562798      3.61    -98.11      1.80
    50304.066897 10.608400  0.001080 60.571376      2.64   -174.74      1.92
    50313.379297 10.608634  0.001086 59.639119      2.21     83.12      0.49
    50322.691697 10.608677  0.001018 59.294887      2.03    -42.84     -3.22
    50332.004097 10.609332  0.001090 59.008526      1.97    157.33      0.88
    50341.316496 10.609340  0.001038 59.263294      2.02    -22.74     -1.56
    50350.628896 10.609726  0.001033 59.982491      1.71    131.01     -3.24
    50359.941296 10.610061  0.001071 60.647136      1.13   -105.69     -0.72
    50369.253696 10.610562  0.001082 61.745991      0.20     -4.84     -1.93
    50378.566095 10.610276  0.000987 62.701296     -1.30     66.71      0.86
    50387.878495 10.610946  0.001074 63.331444     -3.03    114.66      0.67
    50397.190895 10.611152  0.001029 64.030312     -5.06    140.41     -3.17
    50406.503295 10.611758  0.001089 64.110927     -7.32    134.63     -1.15
    50415.815694 10.611795  0.001060 63.862595     -9.44    101.86      1.02
    50425.128094 10.612098  0.001030 63.523513    -11.49     43.33      3.24
    50434.440494 10.612639  0.001095 62.591610    -13.31    -36.22      0.28
    50443.752894 10.613001  0.001093 61.712318    -14.65   -145.51      0.22
    50453.065294 10.612658  0.000972 60.872623    -15.73     79.69      0.00
    50462.377693 10.613483  0.001089 59.864997    -16.34    -81.88     -0.15
    50471.690093 10.613320  0.000990 59.408270    -16.61     88.17      1.66
    50481.002493 10.613660  0.001000 59.088531    -16.81   -124.89      0.92
    50490.314893 10.614210  0.001050 59.045767    -16.79     -3.64     -0.90
    50499.627292 10.614080  0.000957 59.627322    -16.99     88.41      0.82
    50508.939692 10.615057  0.001087 60.157036    -17.46    156.48      0.75
    50518.252092 10.615384  0.001092 61.045893    -18.12   -160.52     -0.72
    50527.564492 10.615544  0.001046 62.085673    -19.33   -148.23      3.33
    50536.876891 10.615672  0.001051 62.760803    -20.82   -154.80      0.07
    50546.189291 10.616293  0.001081 63.584723    -22.57    171.23     -1.95
    50555.501691 10.616186  0.001015 64.034327    -24.68    110.50     -2.49
    50564.814091 10.616657  0.001066 64.017806    -26.77     20.78     -0.64
    50574.126490 10.616564  0.000972 64.014556    -28.87    -95.04      1.39
    50583.438890 10.617485  0.001082 63.451577    -30.93    128.41     -1.50
    50592.751290 10.617458  0.001043 62.676055    -32.62    -39.25     -0.12
    50602.063690 10.617800  0.001021 61.996779    -34.09    132.00     -3.34
    50611.376090 10.618240  0.001068 60.938844    -35.23    -88.12     -1.36
    50620.688489 10.618788  0.001098 60.166323    -35.91     25.93     -0.26
    50630.000889 10.618627  0.001014 59.614816    -36.43    118.28     -2.97
    50639.313289 10.619008  0.001048 59.046137    -36.63    178.18      0.21
    50648.625689 10.619730  0.001089 59.110674    -36.73   -146.24      1.59
    50657.938088 10.619432  0.001007 59.290558    -36.98   -134.57      1.45
    50667.250488 10.620095  0.001080 59.696456    -37.21   -147.29     -0.86
    50676.562888 10.620758  0.001102 60.584349    -37.82    172.77     -1.36
    50685.875288 10.620714  0.001074 61.268868    -38.75    106.58     -1.27
    50695.187687 10.621107  0.001085 62.162521    -39.88     13.80     -0.97
    50704.500087 10.620772  0.000962 63.061784    -41.49   -105.74      0.99
    50713.812487 10.621609  0.001085 63.496715    -43.28    111.67     -0.13
    50723.124887 10.621487  0.000993 64.025094    -45.20    -57.03     -1.27
    50732.437286 10.621909  0.001012 64.166624    -47.35    109.05     -2.41
    50741.749686 10.622479  0.001080 63.864186    -49.38   -114.63     -0.33
    50751.062086 10.623131  0.001100 63.640358    -51.31     -1.33     -1.09
    50760.374486 10.622821  0.001021 62.925842    -53.15     85.78     -1.23
    50769.686886 10.623163  0.001038 62.095421    -54.60    144.91     -0.13
    50778.999285 10.624059  0.001105 61.433847    -55.84    179.47     -0.04
    50788.311685 10.623841  0.001048 60.461613    -56.79   -173.13      1.16
    50797.624085 10.624267  0.001057 59.828370    -57.34    171.94     -1.86
    50806.936485 10.624524  0.001040 59.413272    -57.81    129.76     -2.99
    50816.248884 10.624865  0.001070 58.979784    -58.02     57.92     -0.89
    50825.561284 10.625025  0.001023 59.146716    -58.19    -35.78     -2.88
    50834.873684 10.625438  0.001049 59.371459    -58.54   -161.81      2.15
    50844.186084 10.625861  0.001083 59.787622    -58.86     52.92     -0.05
    50853.498483 10.625799  0.000997 60.643015    -59.54   -123.17      3.27
    50862.810883 10.626124  0.001026 61.268162    -60.50     41.42      0.34
    50872.123283 10.626716  0.001070 62.100084    -61.62    178.72     -1.59
    50881.435683 10.626610  0.000984 62.949464    -63.16    -69.69     -2.82
    50890.748082 10.627137  0.001051 63.377937    -64.87     11.49      0.31
    50900.060482 10.627421  0.001026 63.934695    -66.69     67.86      2.24
    50909.372882 10.627598  0.001008 64.144361    -68.76    105.53     -2.24
    50918.685282 10.628171  0.001077 63.962763    -70.73    109.40      0.65
    50927.997682 10.628002  0.000969 63.879010    -72.66     90.45      0.67
    50937.310081 10.628477  0.001016 63.310742    -74.56     45.64      1.09
    50946.622481 10.628898  0.001042 62.622996    -76.14    -23.50     -0.74
    50955.934881 10.629123  0.001000 62.055219    -77.58   -123.70      3.06
    50965.247281 10.629788  0.001084 61.118672    -78.76    117.53     -0.48
    50974.559680 10.629747  0.001025 60.448750    -79.58    -29.89     -1.79
    50983.872080 10.630573  0.001091 59.904605    -80.31    155.83     -1.50
    50993.184480 10.630518  0.001064 59.264144    -80.73    -46.94      0.95
    51002.496880 10.630437  0.000976 59.161683    -81.02     85.93      1.85
    51011.809279 10.631225  0.001058 59.076137    -81.40   -165.88      2.17
    51021.121679 10.631418  0.001059 59.174989    -81.61    -82.88      1.26
    51030.434079 10.632065  0.001082 59.744661    -82.06    -21.97     -2.81
    51039.746479 10.631998  0.001050 60.154388    -82.70      5.16      1.34
    51049.058878 10.632513  0.001079 60.866191    -83.41     12.70     -1.10
    51058.371278 10.633086  0.001108 61.702014    -84.53     -8.14     -0.08
    51067.683678 10.633036  0.001081 62.240077    -85.82    -54.34      0.35
    51076.996078 10.633335  0.001057 63.036101    -87.26   -128.11      2.52
    51086.308478 10.633749  0.001078 63.563366    -89.03    139.63     -1.79
    51095.620877 10.633802  0.001063 63.805392    -90.82     15.66     -0.67
    51104.933277 10.634213  0.001049 64.177435    -92.72   -136.34      3.00
    51114.245677 10.634177  0.001017 64.058303    -94.71     52.49      0.51
    51123.558077 10.634874  0.001085 63.810839    -96.55   -146.54     -0.49
    51132.870476 10.635464  0.001098 63.596574    -98.39    -11.02     -1.24
    51142.182876 10.635410  0.001073 62.890950   -100.08     97.53     -0.83
    51151.495276 10.635772  0.001073 62.327921   -101.50   -178.90     -1.67
    51160.807676 10.635651  0.000991 61.721019   -102.86   -125.41      2.47
    51170.120075 10.636361  0.001084 60.850108   -103.90    -91.33     -0.20
    51179.432475 10.636124  0.000974 60.366049   -104.71    -86.94      0.96
    51188.744875 10.636498  0.000990 59.780288   -105.47   -105.18     -0.46
    51198.057275 10.637241  0.001075 59.265978   -105.90   -150.80     -0.93
    51207.369674 10.637391  0.001025 59.207593   -106.32    140.32     -3.46
    51216.682074 10.637510  0.001018 59.004855   -106.75     39.54      0.40
    51225.994474 10.637832  0.001021 59.161021   -107.03    -84.77      1.57
    51235.306874 10.638381  0.001039 59.572742   -107.55    131.91     -3.15
    51244.619274 10.638739  0.001077 59.845067   -108.13    -45.90      0.73
    51253.931673 10.638594  0.000986 60.550612   -108.81    116.04     -0.86
    51263.244073 10.638862  0.000985 61.175186   -109.82   -109.26     -0.10
    51272.556473 10.639387  0.001047 61.711112   -110.89      0.61     -0.64
    51281.868873 10.639427  0.000970 62.536102   -112.21     82.82      1.24
    51291.181272 10.640309  0.001086 62.989051   -113.75    143.07     -0.13
    51300.493672 10.640412  0.001058 63.452718   -115.32    176.97     -1.31
    51309.806072 10.641183  0.001106 63.958195   -117.12   -177.14      0.57
    51319.118472 10.641036  0.001066 63.978897   -118.95    164.69      0.85
    51328.430871 10.640991  0.000998 64.113814   -120.75    122.29     -0.62
    51337.743271 10.641336  0.000993 64.068506   -122.66     50.42      2.50
    51347.055671 10.641914  0.001067 63.630218   -124.42    -42.59      0.70
    51356.368071 10.642608  0.001100 63.402680   -126.08   -162.80      0.45
    51365.680470 10.642205  0.000997 62.858049   -127.74     50.68      1.46
    51374.992870 10.642933  0.001083 62.173255   -129.09   -119.81      0.13
    51384.305270 10.643178  0.001045 61.742299   -130.36     39.71      3.54
    51393.617670 10.643426  0.001062 60.983728   -131.51    179.17      1.58
    51402.930070 10.643467  0.001016 60.409148   -132.34    -68.75      0.76
    51412.242469 10.644310  0.001081 60.015919   -133.16     15.78      2.53
    51421.554869 10.644330  0.001068 59.422054   -133.81     79.82     -1.07
    51430.867269 10.644192  0.000981 59.255161   -134.27    113.76     -0.40
    51440.179669 10.644952  0.001051 59.105146   -134.83    125.37     -2.31
    51449.492068 10.645203  0.001067 58.968403   -135.23    105.63      1.00
    51458.804468 10.645249  0.000997 59.286840   -135.70     62.12      2.84
    51468.116868 10.645878  0.001066 59.437170   -136.30     -3.35      1.48
    51477.429268 10.646061  0.001052 59.813169   -136.85    -96.30      1.56
    51486.741667 10.646632  0.001070 60.435185   -137.67    150.44     -2.87
    51496.054067 10.646547  0.001043 60.796547   -138.57      3.59      0.73
    51505.366467 10.647281  0.001092 61.480563   -139.56   -164.12     -0.54
    51514.678867 10.647606  0.001089 62.100781   -140.85      0.30      1.36
    51523.991267 10.647489  0.001053 62.483175   -142.14    141.53      0.52
    51533.303666 10.647544  0.000982 63.157200   -143.59   -105.08      2.21
    51542.616066 10.648436  0.001089 63.499747   -145.25    -13.50      0.81
    51551.928466 10.648604  0.001081 63.733483   -146.84     51.37      0.01
    51561.240866 10.648226  0.000947 64.119057   -148.59     90.39      0.12
    51570.553265 10.649073  0.001064 64.048768   -150.40    105.68     -1.33
    51579.865665 10.649193  0.001030 64.043574   -152.09     90.91      1.25
    51589.178065 10.649353  0.000990 64.011507   -153.87     52.40      2.84
    51598.490465 10.649889  0.001056 63.571733   -155.57     -8.08      0.66
    51607.802864 10.650001  0.001005 63.343448   -157.13    -97.75      1.96
    51617.115264 10.650869  0.001090 62.925839   -158.71    152.05     -0.98
    51626.427664 10.650728  0.001051 62.295881   -160.08     12.57     -0.71
    51635.740064 10.651459  0.001087 61.952310   -161.36   -154.48      1.86
    51645.052463 10.651370  0.001043 61.316351   -162.58     16.01      1.83
    51654.364863 10.651571  0.001033 60.758411   -163.54    163.34     -1.16
    51663.677263 10.651562  0.000956 60.431722   -164.51    -76.89     -1.47
    51672.989663 10.652207  0.001038 59.822761   -165.33     14.77      0.82
    51682.302063 10.652437  0.001015 59.555312   -165.96     81.53      2.17
    51691.614462 10.652922  0.001037 59.351339   -166.70    130.27     -3.18
    51700.926862 10.653153  0.001050 59.011845   -167.24    143.78      0.83
    51710.239262 10.653349  0.001005 59.121061   -167.76    139.76     -2.97
    51719.551662 10.653698  0.001029 59.098620   -168.43    106.49     -2.38
    51728.864061 10.654219  0.001075 59.159234   -168.93     45.88     -0.41
    51738.176461 10.654534  0.001049 59.570018   -169.60    -34.73     -3.31
    51747.488861 10.654457  0.001021 59.731267   -170.36   -147.32      0.56
    51756.801261 10.654941  0.001040 60.162644   -171.07     76.95      1.79
    51766.113660 10.654956  0.000978 60.694491   -172.03    -78.22     -2.12
    51775.426060 10.655719  0.001084 60.987113   -173.01     95.11     -0.17
    51784.738460 10.655825  0.001029 61.620598   -174.07   -117.94      2.80
    51794.050860 10.656296  0.001065 62.076944   -175.36      8.13      2.00
    51803.363259 10.656455  0.001060 62.419614   -176.60    108.58      0.93
    51812.675659 10.657212  0.001102 63.028379   -178.01   -175.87     -0.15
    51821.988059 10.656860  0.001019 63.269439   -179.53   -126.60      0.06
    51831.300459 10.657374  0.001056 63.571328    179.00   -104.33      1.38
    51840.612859 10.657179  0.000955 63.955732    177.35   -105.48      1.52
    51849.925258 10.657838  0.001044 63.931742    175.71   -129.84     -0.53
    51859.237658 10.658495  0.001079 64.117642    174.12    179.18     -1.61
    51868.550058 10.658185  0.000980 64.164902    172.39    103.31     -2.33
    51877.862458 10.658748  0.001049 63.913682    170.77     -1.49      0.09
    51887.174857 10.659156  0.001039 63.929444    169.19   -131.89      2.88
    51896.487257 10.659090  0.000991 63.640523    167.53     79.57     -0.91
    51905.799657 10.659793  0.001073 63.256238    166.07   -100.35      0.73
    51915.112057 10.659817  0.000999 63.099998    164.60     53.91      3.36
    51924.424456 10.660249  0.001049 62.568185    163.15   -172.40      1.45
    51933.736856 10.660398  0.001016 62.179036    161.90    -65.54      0.55
    51943.049256 10.661178  0.001076 61.872216    160.61     14.12      2.25
    51952.361656 10.661251  0.001068 61.259144    159.46     73.10     -0.90
    51961.674055 10.661142  0.000983 60.968340    158.43    102.07      0.49
    51970.986455 10.661660  0.001017 60.575073    157.36    110.72     -2.40
    51980.298855 10.662192  0.001077 60.071007    156.50     87.70      0.52
    51989.611255 10.662566  0.001055 59.921735    155.64     40.23      2.93
    51998.923655 10.662889  0.001082 59.533027    154.77    -27.19      0.41
    52008.236054 10.663163  0.001078 59.287199    154.11   -123.28      0.70
    52017.548454 10.662951  0.000980 59.276555    153.33    120.30     -3.26
    52026.860854 10.663644  0.001068 58.997394    152.61    -29.64      1.00
    52036.173254 10.663905  0.001042 59.065295    152.01    162.52     -2.38
    52045.485653 10.664481  0.001080 59.142340    151.21    -33.65     -1.90
    52054.798053 10.664517  0.001069 59.076149    150.55    102.61      0.50
    52064.110453 10.664969  0.001066 59.404681    149.84   -145.58      2.30
    52073.422853 10.665241  0.001073 59.528910    148.99    -52.78     -1.54
    52082.735252 10.665321  0.001052 59.713471    148.24     10.10     -1.22
    52092.047652 10.665527  0.001016 60.178276    147.35     44.03      3.44
    52101.360052 10.665742  0.001029 60.334690    146.38     61.89     -0.89
    52110.672452 10.666394  0.001074 60.736936    145.47     47.86      1.12
    52119.984851 10.666767  0.001075 61.186893    144.35     10.55      2.03
    52129.297251 10.666848  0.001066 61.375620    143.27    -50.01      0.69
    52138.609651 10.667302  0.001068 61.898574    142.13   -138.76      2.42
    52147.922051 10.667361  0.001034 62.222650    140.82    114.37     -2.21
    52157.234451 10.667512  0.001034 62.454403    139.61    -24.77     -0.32
    52166.546850 10.668399  0.001096 62.957575    138.26    174.31     -1.30
    52175.859250 10.668405  0.001074 63.110996    136.82    -14.70      0.96
    52185.171650 10.668319  0.001012 63.368099    135.49    134.38     -0.54
    52194.484050 10.668372  0.000949 63.727028    133.98   -104.26      1.30
    52203.796449 10.669121  0.001054 63.721622    132.49     -5.94      0.93
    52213.108849 10.669391  0.001031 63.968901    131.06     65.13      2.41
    52222.421249 10.669609  0.001015 64.101755    129.47    118.86     -3.08
    52231.733649 10.670004  0.001057 63.989352    127.98    137.81      0.61
    52241.046048 10.670203  0.001009 64.177692    126.50    138.98     -2.88
    52250.358448 10.670584  0.001040 64.064712    124.91    111.40     -2.17
    52259.670848 10.671025  0.001076 63.910884    123.47     56.56      0.09
    52268.983248 10.671567  0.001082 63.982123    121.97    -18.31     -2.17
    52278.295647 10.671304  0.001026 63.669309    120.47   -122.20     -0.35
    52287.608047 10.671571  0.001012 63.527981    119.09    109.24      0.58
    52296.920447 10.672253  0.001053 63.434116    117.62    -39.18     -2.95
    52306.232847 10.672430  0.001068 63.016768    116.25    139.84      0.71
    52315.545247 10.672336  0.000978 62.903716    114.94    -60.98     -0.97
    52324.857646 10.672608  0.000978 62.633114    113.55     70.83      0.36
    52334.170046 10.673142  0.001040 62.219877    112.34    179.26     -0.57
    52343.482446 10.673153  0.000960 62.115595    111.10   -100.58      2.04
    52352.794846 10.674073  0.001081 61.712046    109.84    -39.75     -0.68
    52362.107245 10.674089  0.001044 61.392027    108.77     -6.52     -1.45
    52371.419645 10.674918  0.001097 61.257370    107.59     -0.21      0.34
    52380.732045 10.674741  0.001058 60.799863    106.48    -17.95      1.09
    52390.044445 10.674687  0.000987 60.623874    105.51    -58.48     -0.75
    52399.356844 10.675029  0.000982 60.422789    104.40   -128.29      2.43
    52408.669244 10.675545  0.001048 60.021506    103.44    141.25      0.82
    52417.981644 10.676299  0.001089 59.972537    102.52     23.69      1.37
    52427.294044 10.675890  0.000990 59.711551    101.50   -116.37     -0.02
    52436.606443 10.676610  0.001070 59.460817    100.65     75.97      0.62
    52445.918843 10.676499  0.000977 59.489440     99.72   -117.52      2.60
    52455.231243 10.676928  0.001022 59.206504     98.79     28.18      0.54
    52464.543643 10.677167  0.001012 59.156999     98.00    148.48     -1.51
    52473.856043 10.677311  0.000969 59.189210     97.05   -121.07      2.03
    52483.168442 10.677994  0.001061 58.965828     96.20    -51.16      0.85
    52492.480842 10.678562  0.001074 59.094223     95.38     -4.48     -2.08
    52501.793242 10.678711  0.001059 59.081503     94.41     10.66      2.21
    52511.105642 10.678803  0.001045 58.994432     93.61      7.86     -1.07
    52520.418041 10.679421  0.001064 59.229790     92.72    -20.93     -2.88
    52529.730441 10.679404  0.001044 59.174190     91.75    -77.31     -1.73
    52539.042841 10.679904  0.001072 59.263228     90.94   -158.77     -0.98
    52548.355241 10.679507  0.000945 59.509290     89.95     96.80     -1.45
    52557.667640 10.680418  0.001070 59.451369     88.99    -35.46      0.86
    52566.980040 10.680772  0.001059 59.706193     88.11    172.43     -2.13
    52576.292440 10.681285  0.001090 59.882790     87.05     -9.69      0.73
    52585.604840 10.681116  0.001043 59.897891     86.10    145.77      0.63
    52594.917239 10.681032  0.000956 60.252246     85.11    -83.09      0.17
    52604.229639 10.681626  0.001022 60.336284     84.00     21.56      1.80
    52613.542039 10.681997  0.001040 60.471964     83.03    103.02      1.17
    52622.854439 10.682707  0.001078 60.826560     81.91    162.68     -1.94
    52632.166839 10.682486  0.001032 60.846800     80.80   -168.42      0.89
    52641.479238 10.683185  0.001084 61.113155     79.76   -160.50     -0.53
    52650.791638 10.683586  0.001083 61.385651     78.55   -179.75      1.11
    52660.104038 10.683503  0.001055 61.398205     77.45    137.75      0.77
    52669.416438 10.683624  0.001000 61.753168     76.32     68.08      2.79
    52678.728837 10.684407  0.001087 61.895471     75.06    -20.85     -0.13
    52688.041237 10.684497  0.001069 61.971201     73.95   -137.87     -0.42
    52697.353637 10.684233  0.000950 62.329786     72.73     78.44      1.61
    52706.666037 10.684938  0.001041 62.352747     71.45    -84.56     -1.62
    52715.978436 10.685242  0.001041 62.522473     70.31     80.58      1.63
    52725.290836 10.685434  0.001006 62.806387     69.01   -136.97      3.52
    52734.603236 10.685802  0.001052 62.764538     67.75    -15.05      0.95
    52743.915636 10.685958  0.001005 63.021255     66.57     78.08      2.11
    52753.228035 10.686743  0.001084 63.168232     65.23    151.72     -1.26
    52762.540435 10.686644  0.001047 63.141532     64.00   -163.99     -0.61
    52771.852835 10.687275  0.001064 63.435234     62.74   -146.58      2.35
    52781.165235 10.687177  0.001024 63.440401     61.40   -149.81      1.65
    52790.477635 10.687600  0.001055 63.484114     60.18   -176.28     -1.18
    52799.790034 10.687749  0.001003 63.737507     58.86    132.34     -3.27
    52809.102434 10.688047  0.001032 63.640613     57.55     51.31     -0.45
    52818.414834 10.688160  0.000993 63.779785     56.33    -51.66     -0.85
    52827.727234 10.689193  0.001090 63.929797     54.96    179.22      0.92
    52837.039633 10.688990  0.001047 63.800275     53.70     28.17     -0.52
    52846.352033 10.689706  0.001085 64.009787     52.45   -151.32      1.73
    52855.664433 10.689851  0.001069 64.017737     51.07      7.15      1.95
    52864.976833 10.689788  0.001035 63.931544     49.85    142.13      0.28
    52874.289232 10.689827  0.000962 64.146381     48.56   -111.27      2.70
    52883.601632 10.690724  0.001082 64.029882     47.21    -24.42      0.46
    52892.914032 10.691003  0.001080 64.039980     46.01     35.27      0.05
    52902.226432 10.690629  0.000951 64.187058     44.69     68.97      1.66
    52911.538831 10.691364  0.001055 64.004439     43.39     81.93     -0.84
    52920.851231 10.691618  0.001030 64.115407     42.18     64.24      2.31
    52930.163631 10.691995  0.001034 64.145636     40.84     25.40      2.69
    52939.476031 10.692190  0.001049 63.980954     39.61    -36.23      0.67
    52948.788431 10.692487  0.001019 64.148184     38.37   -126.64      2.90
    52958.100830 10.692957  0.001063 64.046315     37.05    125.51     -1.58
    52967.413230 10.693049  0.001039 63.971739     35.86    -12.74     -0.97
    52976.725630 10.693903  0.001094 64.126453     34.58   -175.80      0.36
    52986.038030 10.693713  0.001051 63.933562     33.30     -2.75      1.00
    52995.350429 10.693864  0.001021 63.972462     32.13    148.70     -1.86
    53004.662829 10.693810  0.000950 64.040831     30.82    -87.32     -1.14
    53013.975229 10.694472  0.001040 63.830964     29.60     11.36     -0.11
    53023.287629 10.694483  0.000971 63.961000     28.42     84.58      1.66
    53032.600028 10.695398  0.001068 63.911944     27.10    139.12     -1.82
    53041.912428 10.695346  0.001037 63.760322     25.94    163.32     -0.23
    53051.224828 10.696134  0.001083 63.923467     24.72    166.73     -2.08
    53060.537228 10.696273  0.001081 63.762243     23.44    142.20     -0.28
    53069.849627 10.696213  0.001032 63.720310     22.31     92.63      1.35
    53079.162027 10.696874  0.001062 63.839799     21.06     19.57      2.57
    53088.474427 10.697002  0.001072 63.626822     19.83    -73.90     -0.52
    53097.786827 10.697281  0.001048 63.709459     18.69    166.22     -2.11
    53107.099227 10.697620  0.001050 63.723250     17.42     16.38      2.43
    53116.411626 10.697704  0.001050 63.540697     16.26   -150.81     -0.77
    53125.724026 10.698468  0.001091 63.697384     15.09     13.28      0.33
    53135.036426 10.698625  0.001083 63.595362     13.83    154.75      0.00
    53144.348826 10.698626  0.001051 63.510066     12.72    -90.58      1.26
    53153.661225 10.699410  0.001096 63.670005     11.50      2.53      0.09
    53162.973625 10.699084  0.001031 63.482003     10.29     71.00     -0.90
    53172.286025 10.699214  0.000994 63.528466      9.18    112.36      0.19
    53181.598425 10.699862  0.001031 63.613224      7.93    134.42     -3.19
    53190.910824 10.700165  0.001067 63.414863      6.78    124.51      0.51
    53200.223224 10.699964  0.000964 63.562617      5.66     93.28      0.91
    53209.535624 10.700470  0.001005 63.533385      4.40     37.00      2.51
    53218.848024 10.700861  0.001037 63.402898      3.30    -40.60      0.30
    53228.160423 10.701423  0.001052 63.588474      2.14   -147.32      3.05
    53237.472823 10.701396  0.001023 63.453717      0.91     88.94     -1.35
    53246.785223 10.701646  0.001017 63.443040     -0.17    -66.20      0.54
    53256.097623 10.701902  0.000988 63.590561     -1.37    120.45     -3.17
    53265.410023 10.702476  0.001067 63.408224     -2.53    -83.69     -0.72
    53274.722422 10.702832  0.001060 63.520580     -3.62     47.22      1.88
    53284.034822 10.703361  0.001087 63.571014     -4.84    159.62     -0.73
    53293.347222 10.703327  0.001069 63.420650     -5.95   -115.92     -0.39
    53302.659622 10.703265  0.000979 63.614475     -7.08    -53.35     -2.48
    53311.972021 10.704111  0.001077 63.545574     -8.28    -19.73      0.42
    53321.284421 10.704079  0.001040 63.500202     -9.34     -6.73     -1.17
    53330.596821 10.704798  0.001077 63.691169    -10.51    -17.98     -2.38
    53339.909221 10.704862  0.001069 63.537241    -11.68    -56.80     -0.40
    53349.221620 10.705057  0.001050 63.617562    -12.72   -120.99      2.02
    53358.534020 10.705699  0.001082 63.735146    -13.93    157.30     -1.70
    53367.846420 10.705498  0.001044 63.568919    -15.03     46.07     -0.69
    53377.158820 10.705464  0.000963 63.751949    -16.10    -90.79      1.42
    53386.471219 10.706091  0.001021 63.748210    -17.30    114.58     -2.44
    53395.783619 10.706436  0.001051 63.650724    -18.36    -72.15      0.75
    53405.096019 10.706263  0.000947 63.866677    -19.46     79.56      1.47
    53414.408419 10.706854  0.001018 63.756770    -20.62   -151.90      1.25
    53423.720819 10.707114  0.001014 63.777929    -21.66    -46.93     -0.38
    53433.033218 10.707699  0.001036 63.945404    -22.79     29.26      3.05
    53442.345618 10.707918  0.001060 63.782672    -23.90     88.07     -0.68
    53451.658018 10.707841  0.000979 63.924141    -24.94    118.32     -0.52
    53460.970418 10.708504  0.001034 63.981793    -26.09    127.27     -2.71
    53470.282817 10.708784  0.001060 63.851308    -27.13    105.78      0.63
    53479.595217 10.708847  0.000996 64.057109    -28.20     60.87      3.21
    53488.907617 10.709510  0.001064 63.991354    -29.34     -3.44      1.32
    53498.220017 10.709584  0.001046 63.954752    -30.33    -94.65      1.30
    53507.532416 10.710189  0.001059 64.146655    -31.44    154.56     -2.88
    53516.844816 10.710124  0.001036 63.987409    -32.54     11.50      0.90
    53526.157216 10.710769  0.001082 64.070094    -33.52   -152.06      0.35
    53535.469616 10.711015  0.001061 64.164419    -34.65     17.90      2.74
    53544.782015 10.710991  0.001043 63.987117    -35.69    167.71      0.56
    53554.094415 10.710916  0.000958 64.153373    -36.69    -67.55     -0.94
    53563.406815 10.711554  0.001022 64.112423    -37.81     28.61      2.46
    53572.719215 10.711884  0.001049 63.992185    -38.80    104.80      0.89
    53582.031615 10.712491  0.001064 64.173656    -39.84    158.96     -2.56
    53591.344014 10.712537  0.001049 64.010571    -40.93   -178.38      1.43
    53600.656414 10.712902  0.001059 63.999183    -41.89   -173.90     -1.25
    53609.968814 10.713489  0.001085 64.103682    -42.98    164.24     -1.18
    53619.281214 10.713437  0.001067 63.879296    -44.01    116.62      0.13
    53628.593613 10.713853  0.001063 63.967828    -44.99     43.91      2.04
    53637.906013 10.714044  0.001046 63.937571    -46.09    -46.17     -2.25
    53647.218413 10.714173  0.001046 63.740770    -47.06   -166.91     -0.73
    53656.530813 10.714574  0.001031 63.864532    -48.09     45.74      3.39
    53665.843212 10.714536  0.000997 63.690487    -49.19   -118.00      0.07
    53675.155612 10.715268  0.001071 63.574298    -50.13     49.68      0.42
    53684.468012 10.715816  0.001082 63.652695    -51.22   -167.31      1.82
    53693.780412 10.715768  0.001066 63.374951    -52.28    -45.47      0.14
    53703.092811 10.716128  0.001059 63.359219    -53.24     48.47      1.68
    53712.405211 10.716162  0.001013 63.312437    -54.37    125.38     -3.19
    53721.717611 10.716396  0.001035 63.018573    -55.40    169.07      0.47
    53731.030011 10.717211  0.001087 63.062797    -56.41   -167.56      0.25
    53740.342411 10.717181  0.001046 62.868293    -57.55   -169.99      2.22
    53749.654810 10.717230  0.001027 62.628439    -58.56    167.46     -0.56
    53758.967210 10.717353  0.000969 62.659679    -59.65    120.75     -2.90
    53768.279610 10.717748  0.001013 62.346942    -60.79     44.48      0.28
    53777.592010 10.717977  0.000999 62.206540    -61.82    -52.65     -0.39
    53786.904409 10.718899  0.001080 62.155093    -63.00   -175.58      1.28
    53796.216809 10.718707  0.001034 61.792954    -64.11     40.49     -0.53
    53805.529209 10.719259  0.001051 61.747309    -65.20   -132.42      2.32
    53814.841609 10.719248  0.001004 61.565797    -66.44     33.78      2.57
    53824.154008 10.719531  0.001029 61.239351    -67.55    178.76     -0.70
    53833.466408 10.719573  0.000955 61.233749    -68.74    -61.74     -2.37
    53842.778808 10.720062  0.001007 60.932783    -70.02     28.37      1.58
    53852.091208 10.720444  0.001024 60.710372    -71.14     97.97      1.26
    53861.403607 10.721042  0.001047 60.675179    -72.44    148.28     -3.25
    53870.716007 10.721130  0.001049 60.311749    -73.73    165.52      1.10
    53880.028407 10.721442  0.001038 60.217813    -74.92    166.00     -2.29
    53889.340807 10.721927  0.001055 60.104242    -76.31    140.03     -2.62
    53898.653207 10.722063  0.001065 59.771122    -77.60     86.75     -0.20
    53907.965606 10.722651  0.001080 59.780669    -78.89     11.80     -0.20
    53917.278006 10.722324  0.000997 59.582375    -80.33    -84.79     -2.10
    53926.590406 10.722683  0.001019 59.357767    -81.63    149.82      0.09
    53935.902806 10.723589  0.001085 59.422921    -83.03      3.10     -0.07
    53945.215205 10.723315  0.001024 59.176491    -84.48   -169.10      1.34
    53954.527605 10.723751  0.001046 59.117768    -85.81     -1.31     -1.82
    53963.840005 10.724113  0.001038 59.182777    -87.30    141.16     -3.08
    53973.152405 10.724256  0.001050 58.963778    -88.73   -104.05     -0.98
    53982.464804 10.724716  0.001051 59.072108    -90.11     -9.98     -2.43
    53991.777204 10.724468  0.000964 59.101565    -91.65     55.26      1.55
    54001.089604 10.725136  0.001051 58.988077    -93.03    100.67      0.74
    54010.402004 10.725007  0.000955 59.226966    -94.46    124.73     -2.56
    54019.714403 10.725762  0.001047 59.216084    -95.98    121.21     -1.92
    54029.026803 10.725922  0.001034 59.270187    -97.32     90.48      1.24
    54038.339203 10.726337  0.001025 59.566244    -98.78     36.96      3.70
    54047.651603 10.726673  0.001062 59.555162   -100.22    -35.07      0.66
    54056.964003 10.727082  0.001069 59.792933   -101.52   -135.21      1.22
    54066.276402 10.726760  0.000963 60.081668   -102.96    105.65     -2.53
    54075.588802 10.727400  0.001049 60.124882   -104.29    -45.00      0.81
    54084.901202 10.727555  0.001006 60.516816   -105.54    147.20     -2.82
    54094.213602 10.728124  0.001054 60.738994   -106.91    -48.30     -2.15
    54103.526001 10.728354  0.001062 60.891862   -108.10     89.34      0.73
    54112.838401 10.728857  0.001067 61.352505   -109.32   -155.35      2.27
    54122.150801 10.728973  0.001063 61.500451   -110.55    -58.82     -1.15
    54131.463201 10.729194  0.001056 61.786784   -111.62      9.88     -1.33
    54140.775600 10.729178  0.000980 62.211355   -112.79     50.56      3.16
    54150.088000 10.729699  0.001048 62.303382   -113.86     75.48     -0.76
    54159.400400 10.729867  0.001012 62.693812   -114.83     68.70      2.72
    54168.712800 10.730032  0.000987 62.985572   -115.91     42.17      2.70
    54178.025199 10.730410  0.001030 63.070582   -116.83     -6.07     -0.17
    54187.337599 10.730321  0.000938 63.476741   -117.75    -80.96     -0.17
    54196.649999 10.731274  0.001061 63.581267   -118.73    178.96      1.51
    54205.962399 10.731500  0.001061 63.688206   -119.52     56.90      0.51
    54215.274799 10.731122  0.000927 63.995515   -120.41    -88.59     -0.40
    54224.587198 10.731995  0.001053 63.919564   -121.28    101.73     -1.07
    54233.899598 10.732045  0.001003 64.055289   -122.03    -95.90      1.79
    54243.211998 10.732302  0.000986 64.157091   -122.90     45.02      2.93
    54252.524398 10.732735  0.001039 63.965911   -123.70    165.08      0.57
    54261.836797 10.732779  0.000972 64.074537   -124.47   -102.80      2.20
    54271.149197 10.733662  0.001076 63.921100   -125.35    -29.62     -0.53
    54280.461597 10.733699  0.001053 63.691629   -126.12     16.69     -0.97
    54289.773997 10.734120  0.001037 63.696953   -126.99     35.07      3.08
    54299.086396 10.734073  0.001016 63.321028   -127.90     36.28      0.58
    54308.398796 10.734717  0.001068 63.105063   -128.74     12.22     -1.06
    54317.711196 10.734979  0.001043 62.934880   -129.75    -34.85     -2.84
    54327.023596 10.735132  0.001053 62.436713   -130.72   -109.97     -0.76
    54336.335995 10.735354  0.001019 62.250095   -131.71    155.18     -2.96
    54345.648395 10.735580  0.001009 61.900627   -132.89     29.19      2.81
    54354.960795 10.736064  0.001064 61.405314   -133.96   -112.72      0.04
    54364.273195 10.735804  0.000945 61.235149   -135.16     76.83      2.27
    54373.585595 10.736225  0.000989 60.764487   -136.50   -112.13     -0.46
    54382.897994 10.736936  0.001060 60.391885   -137.72     31.79     -0.52
    54392.210394 10.737422  0.001061 60.222472   -139.15    154.52     -2.58
    54401.522794 10.737244  0.001025 59.756441   -140.61   -110.24     -1.04
    54410.835194 10.737471  0.000994 59.582419   -142.01    -36.99     -1.71
    54420.147593 10.738215  0.001062 59.429657   -143.62      8.63      2.16
    54429.459993 10.738130  0.001033 59.101169   -145.15     37.05     -1.01
    54438.772393 10.738766  0.001058 59.153684   -146.71     35.58      1.91
    54448.084793 10.738842  0.001034 59.050708   -148.40     13.44      2.24
    54457.397192 10.738888  0.001013 58.969892   -149.94    -30.57      0.01
    54466.709592 10.738884  0.000940 59.223109   -151.57   -102.08      1.89
    54476.021992 10.739753  0.001050 59.210553   -153.22    165.24      1.32
    54485.334392 10.740173  0.001071 59.420979   -154.69     48.12      0.83
    54494.646791 10.739683  0.000930 59.801480   -156.30    -91.50     -0.30
    54503.959191 10.740583  0.001057 59.913951   -157.77    103.77     -0.37
    54513.271591 10.740421  0.000968 60.378671   -159.12    -86.74      1.28
    54522.583991 10.740680  0.000955 60.779984   -160.57     61.16      1.40
    54531.896391 10.741202  0.001025 61.022192   -161.80   -173.31     -0.48
    54541.208790 10.741157  0.000941 61.623186   -162.98    -72.63     -1.15
    54550.521190 10.742021  0.001048 61.948107   -164.19      1.02      1.85
    54559.833590 10.742331  0.001062 62.290813   -165.16     54.77      0.31
    54569.145990 10.741967  0.000931 62.852085   -166.17     83.26      0.79
    54578.458389 10.742753  0.001042 63.033121   -167.11     90.51     -1.24
    54587.770789 10.743015  0.001028 63.410487   -167.88     68.36      1.87
    54597.083189 10.743385  0.001030 63.755740   -168.72     25.20      2.98
    54606.395589 10.743601  0.001047 63.778993   -169.45    -38.76      0.71
    54615.707988 10.743939  0.001030 64.075568   -170.12   -130.91      2.85
    54625.020388 10.744205  0.001034 64.085664   -170.87    120.78     -1.97
    54634.332788 10.744329  0.001026 63.979126   -171.48    -18.07     -0.66
    54643.645188 10.745236  0.001089 64.071485   -172.19   -179.22     -0.29
    54652.957587 10.745062  0.001047 63.743795   -172.94     -5.07      1.26
    54662.269987 10.745119  0.001004 63.539820   -173.60    149.26     -1.63
    54671.582387 10.745116  0.000939 63.345135   -174.47    -82.39     -1.48
    54680.894787 10.745739  0.001025 62.792019   -175.31     20.62      0.04
    54690.207187 10.745737  0.000952 62.526639   -176.19    100.92      0.45
    54699.519586 10.746794  0.001079 62.071186   -177.30    159.56     -0.43
    54708.831986 10.746619  0.001031 61.471021   -178.35   -166.53     -0.85
    54718.144386 10.747355  0.001067 61.190403   -179.55   -159.05      1.84
    54727.456786 10.747262  0.001032 60.611544    179.06   -172.20      1.90
    54736.769185 10.747411  0.001010 60.154479    177.74    153.40     -1.03
    54746.081585 10.747344  0.000931 59.927208    176.19     92.65     -0.58
    54755.393985 10.748006  0.001019 59.427184    174.58      7.18      0.88
    54764.706385 10.748265  0.001005 59.267899    173.01   -102.21      2.29
    54774.018784 10.748792  0.001029 59.169700    171.23    131.92     -2.71
    54783.331184 10.748900  0.001028 58.938187    169.53    -26.56      0.81
    54792.643584 10.749344  0.001030 59.133548    167.83    158.59     -2.89
    54801.955984 10.749738  0.001056 59.220254    166.02    -44.39     -1.56
    54811.268383 10.749872  0.001049 59.353145    164.42     87.10      1.02
    54820.580783 10.750562  0.001079 59.845803    162.78   -162.70      1.65
    54829.893183 10.750432  0.001042 60.096510    161.18    -72.10     -1.56
    54839.205583 10.750629  0.001029 60.558234    159.84     -8.72     -1.80
    54848.517983 10.751130  0.001035 61.179336    158.44     26.30      3.34
    54857.830382 10.751119  0.001022 61.503388    157.22     46.37     -0.43
    54867.142782 10.751777  0.001063 62.139650    156.20     36.52      1.76
    54876.455182 10.752070  0.001059 62.655980    155.13      5.63      2.07
    54885.767582 10.752052  0.001040 62.947959    154.30    -47.83      0.74
    54895.079981 10.752278  0.001001 63.520881    153.55   -128.59      3.25
    54904.392381 10.752872  0.001066 63.725425    152.78    134.50     -1.23
    54913.704781 10.752970  0.001045 63.890457    152.22      8.70     -1.11
    54923.017181 10.753256  0.001017 64.165857    151.60   -144.36      3.30
    54932.329580 10.753333  0.001019 63.980601    151.00     47.10     -0.42
    54941.641980 10.754072  0.001074 63.952488    150.48   -150.06      0.52
    54950.954380 10.754452  0.001079 63.792476    149.78     -8.86      0.31
    54960.266780 10.754381  0.001056 63.295433    149.14    107.89      0.53
    54969.579179 10.755024  0.001079 63.061227    148.39   -159.18      1.15
    54978.891579 10.754724  0.000998 62.507324    147.45    -85.57     -1.85
    54988.203979 10.754981  0.001009 61.899748    146.53    -40.82     -0.14
    54997.516379 10.755834  0.001065 61.520954    145.37    -15.20     -2.22
    55006.828779 10.755839  0.001052 60.804317    144.05    -18.25      1.01
    55016.141178 10.755808  0.000992 60.326892    142.74    -39.58     -1.43
    55025.453578 10.755809  0.000931 59.968763    141.12    -86.34     -1.15
    55034.765978 10.756419  0.001013 59.401466    139.47   -157.49     -0.24
    55044.078378 10.756438  0.000948 59.266449    137.80    108.39      0.03
    55053.390777 10.757564  0.001075 59.109400    135.88     -9.26      1.04
    55062.703177 10.757430  0.001038 58.949209    134.10   -147.85     -1.06
    55072.015577 10.757798  0.001023 59.248256    132.30     43.87      3.25
    55081.327977 10.757767  0.000990 59.391644    130.44   -141.26      1.31
    55090.640376 10.758306  0.001037 59.708273    128.82     10.07     -1.24
    55099.952776 10.758516  0.001004 60.342775    127.21    138.03     -3.40
    55109.265176 10.758707  0.001016 60.706674    125.73   -122.45     -0.69
    55118.577576 10.758836  0.000983 61.361043    124.51    -43.66     -1.20
    55127.889975 10.759685  0.001061 62.040033    123.31      8.62      1.96
    55137.202375 10.759622  0.001037 62.434457    122.36     42.84     -0.78
    55146.514775 10.760050  0.001031 63.118465    121.56     47.20      2.80
    55155.827175 10.760083  0.001002 63.514678    120.78     32.79      2.25
    55165.139575 10.760458  0.001032 63.741706    120.25     -3.09     -1.00
    55174.451974 10.760380  0.000942 64.124135    119.69    -63.71     -2.52
    55183.764374 10.760946  0.001012 64.024434    119.15   -152.59      0.98
    55193.076774 10.761116  0.000993 63.960338    118.73     97.74      1.24
    55202.389174 10.761917  0.001052 63.837846    118.13    -30.45     -2.62
    55211.701573 10.761837  0.001030 63.278642    117.51    170.52      0.67
    55221.013973 10.762440  0.001057 62.942954    116.85     -6.21     -1.89
    55230.326373 10.762807  0.001072 62.358099    115.89    151.07     -1.09
    55239.638773 10.762823  0.001049 61.608356    114.91    -76.73      0.84
    55248.951172 10.763242  0.001043 61.164834    113.71     32.36      2.89
    55258.263572 10.763534  0.001061 60.428474    112.25    124.65     -1.22
    55267.575972 10.763651  0.001042 59.869304    110.77   -170.76     -1.50
    55276.888372 10.763711  0.000981 59.586342    109.01   -133.96      3.30
    55286.200771 10.764063  0.001023 59.106579    107.16   -111.34     -1.10
    55295.513171 10.764513  0.001035 59.052058    105.33   -120.15      2.26
    55304.825571 10.764722  0.001006 59.146567    103.32   -149.04      3.03
    55314.137971 10.764885  0.001019 59.176282    101.47    161.39      0.67
    55323.450371 10.764888  0.000951 59.700723     99.70     84.94      1.79
    55332.762770 10.765859  0.001067 60.151217     97.94    -12.30      0.84
    55342.075170 10.766002  0.001058 60.639504     96.51   -133.35     -0.39
    55351.387570 10.765660  0.000930 61.479791     95.18     79.29      1.65
    55360.699970 10.766360  0.001022 62.002594     94.00    -85.94     -1.64
    55370.012369 10.766659  0.001025 62.644493     93.17     78.05      1.79
    55379.324769 10.766829  0.000991 63.328879     92.36   -139.16      3.73
    55388.637169 10.767229  0.001039 63.576999     91.75    -15.20      0.88
    55397.949569 10.767234  0.000974 63.993047     91.32     81.08      2.07
    55407.261968 10.768194  0.001078 64.114030     90.82    158.53     -0.53
    55416.574368 10.768090  0.001044 63.906493     90.44   -150.25     -0.81
    55425.886768 10.768266  0.000992 63.851540     89.99   -126.32      3.15
    55435.199168 10.768410  0.000994 63.316615     89.38   -117.92     -0.22
    55444.511567 10.769131  0.001066 62.752692     88.75   -137.21      0.23
    55453.823967 10.769637  0.001073 62.260423     87.82   -178.91      0.55
    55463.136367 10.769634  0.001061 61.376895     86.74    117.03     -0.08
    55472.448767 10.770066  0.001067 60.790689     85.50     28.39      0.39
    55481.761167 10.769715  0.000958 60.203968     83.89    -79.64     -2.20
    55491.073566 10.770274  0.001028 59.510149     82.23    143.04      0.85
    55500.385966 10.770917  0.001053 59.310597     80.39    -10.87     -2.57
    55509.698366 10.771220  0.001066 59.065652     78.32    165.61      0.92
    55519.010766 10.770968  0.001004 58.997664     76.42    -37.51      0.13
    55528.323165 10.770858  0.000915 59.407809     74.43     96.49     -0.59
    55537.635565 10.771581  0.001003 59.676604     72.51   -155.29      1.34
    55546.947965 10.771734  0.000988 60.262570     70.93    -68.32      0.60
    55556.260365 10.772741  0.001077 61.066723     69.40     -4.44      0.30
    55565.572764 10.772394  0.001014 61.607513     68.15     36.00     -0.15
    55574.885164 10.772949  0.001037 62.444601     67.22     49.82      2.38
    55584.197564 10.772846  0.000974 63.105317     66.37     43.53      2.41
    55593.509964 10.773304  0.001030 63.475584     65.82     16.46     -0.65
    55602.822363 10.773676  0.001010 64.011268     65.38    -34.14     -3.27
    55612.134763 10.773677  0.000989 64.038136     64.96   -113.08     -0.37
    55621.447163 10.774038  0.001007 63.940324     64.67    147.47     -0.83
    55630.759563 10.774810  0.001053 63.816467     64.22     21.51      2.68
    55640.071963 10.774713  0.001026 63.152279     63.69   -120.81     -0.68
    55649.384362 10.775033  0.001013 62.631715     63.05     66.95      2.42
    55658.696762 10.775001  0.000955 61.955579     62.03   -124.15      2.06
    55668.009162 10.775515  0.001025 61.026974     60.90     23.67     -0.79
    55677.321562 10.775895  0.001007 60.477678     59.48    148.46     -3.53
    55686.633961 10.775789  0.000959 59.785882     57.71   -115.54      0.00
    55695.946361 10.776298  0.001004 59.241825     55.92    -39.80      0.10
    55705.258761 10.777229  0.001074 59.172673     53.87     12.20      1.35
    55714.571161 10.776771  0.000990 59.015969     51.73     43.50      0.32
    55723.883560 10.777514  0.001058 59.270271     49.81     49.46      0.90
    55733.195960 10.777647  0.001013 59.848805     47.84     30.91      3.47
    55742.508360 10.777740  0.001022 60.300223     46.13     -6.14      1.05
    55751.820760 10.777758  0.000959 61.170693     44.75    -67.77     -0.34
    55761.133159 10.778398  0.001016 61.974724     43.50   -156.58      2.88
    55770.445559 10.778781  0.001054 62.578491     42.64     96.36      0.51
    55779.757959 10.778983  0.001012 63.408469     42.01    -32.31     -3.30
    55789.070359 10.779433  0.001058 63.766159     41.49    168.09      1.03
    55798.382759 10.779485  0.001027 63.980838     41.22     -8.62     -1.36
    55807.695158 10.780029  0.001040 64.142442     40.89    151.32     -2.88
    55817.007558 10.780139  0.001048 63.702999     40.55    -75.79     -0.54
    55826.319958 10.780668  0.001065 63.335577     40.16     34.37      1.11
    55835.632358 10.780630  0.001011 62.723748     39.43    128.12     -3.05
    55844.944757 10.780771  0.001018 61.780230     38.57   -168.45     -0.39
    55854.257157 10.781162  0.001005 61.146062     37.40   -129.18      3.61
    55863.569557 10.781118  0.000964 60.301197     35.82   -103.75     -0.93
    55872.881957 10.781825  0.001045 59.580509     34.14   -108.10      0.72
    55882.194356 10.781945  0.000994 59.322140     32.13   -136.31      3.79
    55891.506756 10.782345  0.001030 58.986279     29.96    177.84      1.65
    55900.819156 10.782302  0.000983 59.111349     27.93    106.77      1.15
    55910.131556 10.783221  0.001057 59.597521     25.83     11.65      2.28
    55919.443955 10.783170  0.001041 60.015840     23.98   -102.35     -1.13
    55928.756355 10.783030  0.000955 60.900251     22.47    116.14     -0.46
    55938.068755 10.783848  0.001037 61.754640     21.13    -45.35     -2.34
    55947.381155 10.783940  0.001035 62.427632     20.23    124.40      0.76
    55956.693555 10.783766  0.000932 63.322583     19.57    -85.29      0.34
    55966.005954 10.784276  0.000989 63.735896     19.08     41.25      0.97
    55975.318354 10.784616  0.001005 63.979927     18.87    146.47     -0.85
    55984.630754 10.785003  0.000992 64.134597     18.59   -136.93      3.56
    55993.943154 10.785415  0.001047 63.655549     18.30    -74.89     -0.54
    56003.255553 10.785388  0.000981 63.224127     17.93    -38.59     -2.23
    56012.567953 10.786242  0.001064 62.535131     17.17    -26.59     -1.74
    56021.880353 10.786118  0.001026 61.518437     16.24    -39.84      0.61
    56031.192753 10.786002  0.000930 60.840396     14.97    -71.95     -0.86
    56040.505152 10.786371  0.000962 59.995715     13.23   -129.77      1.09
    56049.817552 10.786865  0.001003 59.326011     11.40    152.21     -0.23
    56059.129952 10.787175  0.000985 59.184389      9.26     46.72      3.54
    56068.442352 10.787612  0.001038 59.018185      7.01    -72.70     -1.54
    56077.754751 10.787563  0.000980 59.336724      4.96    138.33     -0.62
    56087.067151 10.788370  0.001043 60.033110      2.95    -30.25     -2.48
    56096.379551 10.788464  0.001047 60.627112      1.28    132.83      0.63
    56105.691951 10.788359  0.000964 61.629555      0.01    -84.85      1.11
    56115.004351 10.788806  0.000990 62.520569     -1.03     33.93      2.68
    56124.316750 10.789163  0.001028 63.134085     -1.62    132.62      0.64
    56133.629150 10.789848  0.001058 63.867824     -2.00   -154.82      1.90
    56142.941550 10.789544  0.000991 64.019217     -2.29   -100.76     -0.94
    56152.253950 10.789854  0.001001 63.946810     -2.39    -75.22      1.10
    56161.566349 10.789932  0.000942 63.742346     -2.70    -65.74     -3.00
    56170.878749 10.790670  0.001043 62.921542     -3.16    -85.57     -0.77
    56180.191149 10.791031  0.001038 62.210580     -3.82   -129.52      2.46
    56189.503549 10.791579  0.001071 61.338491     -5.01    169.87      0.37
    56198.815948 10.791544  0.001052 60.290872     -6.43     84.31      0.01
    56208.128348 10.791896  0.001028 59.737267     -8.22    -21.12     -3.08
    56217.440748 10.791905  0.001000 59.193682    -10.41   -157.38      2.42
    56226.753148 10.792402  0.001052 58.955531    -12.56     51.21     -0.35
    56236.065547 10.792410  0.000980 59.337496    -14.79   -129.37      3.59
    56245.377947 10.792623  0.000994 59.712970    -16.92     33.87      0.90
    56254.690347 10.793055  0.001018 60.501717    -18.60    173.36     -1.64
    56264.002747 10.793031  0.000948 61.547498    -20.06    -71.26     -2.48
    56273.315147 10.793470  0.001012 62.286717    -21.07     17.23      0.25
    56282.627546 10.793655  0.000973 63.224178    -21.66     83.29      2.11
    56291.939946 10.794351  0.001036 63.820109    -22.09    133.45     -2.42
    56301.252346 10.794351  0.001018 63.953908    -22.21    153.02      0.06
    56310.564746 10.794915  0.001028 64.068911    -22.35    155.70     -3.14
    56319.877145 10.795172  0.001051 63.524265    -22.63    130.61     -1.01
    56329.189545 10.795281  0.001022 62.808451    -23.01     81.73      1.50
    56338.501945 10.795967  0.001064 62.060542    -23.87     12.79      2.11
    56347.814345 10.795986  0.001049 60.908794    -25.08    -75.67     -0.53
    56357.126744 10.796284  0.001038 60.130273    -26.61    172.08     -2.32
    56366.439144 10.796332  0.000997 59.501519    -28.68     30.49      3.34
    56375.751544 10.796677  0.001032 58.975188    -30.86   -124.34     -0.91
    56385.063944 10.797002  0.001011 59.164947    -33.11     49.97      2.98
    56394.376343 10.797150  0.000996 59.505668    -35.42   -153.71      2.54
    56403.688743 10.797317  0.001004 60.118958    -37.29    -18.51     -0.38
    56413.001143 10.797293  0.000922 61.224138    -38.86     90.65      0.13
    56422.313543 10.798078  0.001031 62.057523    -40.05    176.12      1.51
    56431.625943 10.798446  0.001043 62.964756    -40.69   -120.36      1.25
    56440.938342 10.798210  0.000940 63.768792    -41.12    -76.16     -1.95
    56450.250742 10.798968  0.001053 63.927042    -41.27    -60.63      0.34
    56459.563142 10.798740  0.000949 64.041067    -41.31    -64.55     -0.90
    56468.875542 10.799098  0.000961 63.628163    -41.56    -91.41     -1.25
    56478.187941 10.799790  0.001048 62.777502    -41.91   -142.48     -0.70
    56487.500341 10.800011  0.001004 62.027212    -42.70    147.74     -3.64
    56496.812741 10.799982  0.000979 60.895714    -43.98     48.76      0.38
    56506.125141 10.800337  0.000989 59.973393    -45.55    -70.05      1.11
    56515.437540 10.801159  0.001047 59.452069    -47.67    153.92     -2.81
    56524.749940 10.801114  0.001027 58.967314    -49.99    -12.77      1.22
    56534.062340 10.801397  0.001019 59.170325    -52.24    165.06     -2.35
    56543.374740 10.801771  0.001027 59.749365    -54.53    -41.94     -3.19
    56552.687139 10.802023  0.001050 60.399182    -56.37     84.14     -0.48
    56561.999539 10.802574  0.001068 61.565182    -57.74   -170.34     -0.24
    56571.311939 10.802232  0.000977 62.523317    -58.78    -85.09     -2.08
    56580.624339 10.802596  0.001012 63.267582    -59.25    -27.14     -0.24
    56589.936739 10.803474  0.001069 64.004058    -59.47      9.15      0.83
    56599.249138 10.803151  0.001010 63.999128    -59.56     23.68      1.04
    56608.561538 10.803792  0.001059 63.775926    -59.56     17.02     -0.79
    56617.873938 10.804246  0.001065 63.245362    -59.90    -13.52     -0.60
    56627.186338 10.804212  0.001051 62.139713    -60.50    -67.69      0.33
    56636.498737 10.804663  0.001051 61.251752    -61.54   -144.96      1.81
    56645.811137 10.804717  0.001017 60.244424    -63.20    121.96     -2.66
    56655.123537 10.804829  0.001011 59.361638    -65.14     -0.49     -0.82
    56664.435937 10.805471  0.001038 59.158212    -67.46   -146.93      2.83
    56673.748336 10.805198  0.000970 59.106285    -69.94     50.46      0.38
    56683.060736 10.805991  0.001058 59.567331    -72.09   -137.59     -0.01
    56692.373136 10.806500  0.001071 60.574951    -74.05     10.04      1.64
    56701.685536 10.806445  0.001052 61.439057    -75.53    137.81      0.21
    56710.997935 10.806643  0.001027 62.556044    -76.37   -121.27      2.23
    56720.310335 10.807130  0.001046 63.492662    -76.93    -35.45     -2.76
    56729.622735 10.807019  0.001020 63.840790    -77.06     19.78     -0.44
    56738.935135 10.807395  0.001004 64.116228    -77.02     51.23      2.96
    56748.247535 10.807348  0.000967 63.694345    -77.14     67.07     -0.06
    56757.559934 10.808110  0.001056 62.875828    -77.39     56.42      0.21
    56766.872334 10.808523  0.001044 62.054370    -78.13     21.90      2.46
    56776.184734 10.808643  0.001050 60.797100    -79.40    -30.90      0.73
    56785.497134 10.808774  0.001020 59.885044    -81.08   -109.50      1.98
    56794.809533 10.809437  0.001058 59.332503    -83.34    155.46     -1.97
    56804.121933 10.809201  0.001009 58.937286    -85.74     32.31     -0.61
    56813.434333 10.809537  0.000999 59.347910    -88.09   -115.58      2.74
    56822.746733 10.809462  0.000940 60.070704    -90.33     81.38     -0.87
    56832.059132 10.810283  0.001052 60.927968    -91.96   -109.51     -0.06
    56841.371532 10.810642  0.001038 62.219315    -93.10     34.53      3.14
    56850.683932 10.810938  0.001058 63.107478    -93.80    161.90      0.57
    56859.996332 10.810928  0.001023 63.749542    -93.93    -97.63      1.44
    56869.308731 10.811709  0.001070 64.168228    -93.96    -15.16     -1.73
    56878.621131 10.811359  0.001006 63.749683    -93.97     39.87     -0.13
    56887.933531 10.811688  0.000996 63.175363    -94.08     71.33      2.18
    56897.245931 10.811641  0.000939 62.224014    -94.77     86.70     -1.01
    56906.558331 10.812434  0.001049 60.938650    -95.87     75.39     -0.31
    56915.870730 10.812752  0.001026 60.086952    -97.54     39.66      2.66
    56925.183130 10.813172  0.001058 59.288409    -99.80    -13.32      1.12
    56934.495530 10.813167  0.001032 58.953093   -102.18    -90.80      1.08
    56943.807930 10.813864  0.001065 59.393779   -104.65    172.02     -1.35
    56953.120329 10.813493  0.000989 59.975273   -106.88     48.51      0.00
    56962.432729 10.813950  0.001016 61.040802   -108.49    -98.71      1.71
    56971.745129 10.813791  0.000925 62.311182   -109.67     96.75     -1.42
    56981.057529 10.814574  0.001043 63.117022   -110.22    -94.79     -0.62
    56990.369928 10.814899  0.001028 63.913864   -110.31     48.17      2.72
    56999.682328 10.815431  0.001064 64.100007   -110.33    174.37      0.94
    57008.994728 10.815353  0.001037 63.623207   -110.23    -84.19      0.76
    57018.307128 10.816076  0.001072 63.032927   -110.48     -3.13     -1.06
    57027.619527 10.815608  0.000975 61.821537   -111.27     52.83      0.27
    57036.931927 10.816114  0.001012 60.651510   -112.49     86.05      1.53
    57046.244327 10.815949  0.000920 59.818553   -114.44    102.44     -1.85
    57055.556727 10.816718  0.001031 59.055023   -116.81     92.44     -1.20
    57064.869127 10.817072  0.001026 59.086988   -119.26     57.24      1.92
    57074.181526 10.817622  0.001059 59.642151   -121.74      3.36      1.88
    57083.493926 10.817616  0.001046 60.401015   -123.72    -72.09      0.28
    57092.806326 10.818159  0.001063 61.719052   -125.10   -171.25     -0.46
    57102.118726 10.817708  0.000958 62.797789   -125.98     65.96      0.24
    57111.431125 10.818320  0.001029 63.555565   -126.20    -80.27      0.98
    57120.743525 10.818199  0.000936 64.143570   -126.17    115.61     -2.53
    57130.055925 10.818910  0.001034 63.830664   -126.08    -75.71     -1.18
    57139.368325 10.819183  0.001022 63.218588   -126.10     68.13      2.11
    57148.680724 10.819720  0.001047 62.283816   -126.71   -166.49      2.41
    57157.993124 10.819807  0.001045 60.899649   -127.82    -61.43      0.53
    57167.305524 10.820370  0.001067 59.976227   -129.55     19.69      0.43
    57176.617924 10.819792  0.000935 59.257975   -131.94     80.58     -0.93
    57185.930323 10.820462  0.001019 58.954825   -134.43    115.32      1.01
    57195.242723 10.820533  0.000958 59.561119   -136.90    134.26     -3.45
    57204.555123 10.821189  0.001036 60.363981   -139.09    124.91     -1.88
    57213.867523 10.821324  0.001020 61.490216   -140.49     90.62      1.21
    57223.179923 10.821646  0.001006 62.829935   -141.36     34.68      3.79
    57232.492322 10.822033  0.001050 63.546733   -141.67    -38.05      0.45
    57241.804722 10.822357  0.001047 64.047446   -141.52   -138.11      1.42
    57251.117122 10.822103  0.000956 63.945976   -141.44    104.96     -2.39
    57260.429522 10.822621  0.001024 63.075547   -141.48    -41.67      0.71
    57269.741921 10.823045  0.001016 62.164828   -142.02    156.56     -3.09
    57279.054321 10.823526  0.001058 60.853897   -143.29    -33.17     -0.48
    57288.366721 10.823393  0.001004 59.715549   -145.09    115.41      1.20
    57297.679121 10.823432  0.000944 59.243384   -147.51   -117.90      3.20
    57306.991520 10.824124  0.001030 59.027562   -150.16     -9.59      1.48
    57316.303920 10.824343  0.001019 59.612991   -152.53     73.47      2.04
    57325.616320 10.824674  0.001011 60.762669   -154.59    140.76     -3.59
    57334.928720 10.824744  0.001011 61.809232   -155.90    175.18      0.66
    57344.241119 10.825504  0.001061 63.091174   -156.48   -167.82     -0.61
    57353.553519 10.825723  0.001054 63.880241   -156.67   -176.38      1.78
    57362.865919 10.825564  0.001012 63.954579   -156.44    156.13     -0.00
    57372.178319 10.825430  0.000914 63.760131   -156.30    106.17     -1.32
    57381.490719 10.826050  0.000989 62.722062   -156.59     30.23      1.53
    57390.803118 10.826307  0.000988 61.483718   -157.33    -64.73      0.73
    57400.115518 10.827248  0.001066 60.406550   -158.92    178.59      0.40
    57409.427918 10.826818  0.000991 59.312397   -161.13     40.36     -0.45
    57418.740318 10.827413  0.001027 59.039337   -163.63   -123.67      2.08
    57428.052717 10.827254  0.000948 59.395460   -166.32     53.00      2.33
    57437.365117 10.827773  0.001014 60.096260   -168.54   -150.05     -0.66
    57446.677517 10.828242  0.001020 61.480193   -170.10    -16.69     -2.75
    57455.989917 10.828161  0.000972 62.679218   -171.06     91.26     -1.53
    57465.302316 10.828588  0.001015 63.540326   -171.22    176.58     -0.97
    57474.614716 10.828701  0.000961 64.149230   -171.10   -124.10      3.57
    57483.927116 10.829224  0.001029 63.764066   -170.92    -77.55     -1.25
    57493.239516 10.829148  0.000965 63.007065   -170.91    -59.40     -0.38
    57502.551915 10.829584  0.000969 61.909676   -171.64    -58.56     -3.40
    57511.864315 10.830142  0.001045 60.441831   -173.01    -86.14     -0.25
    57521.176715 10.830443  0.001025 59.574044   -175.05   -135.33      2.55
    57530.489115 10.831006  0.001068 59.089395   -177.73    159.78     -0.27
    57539.801515 10.830949  0.001041 59.159859    179.66     69.29     -0.27
    57549.113914 10.830950  0.000975 60.184829    177.35    -40.08     -3.61
    57558.426314 10.831485  0.001034 61.310934    175.59    179.49      1.88
    57567.738714 10.831735  0.001037 62.543436    174.76     23.96     -0.84
    57577.051114 10.832213  0.001039 63.708468    174.49   -159.74      2.61
    57586.363513 10.832151  0.001020 63.963545    174.64     -0.85      1.01
    57595.675913 10.832193  0.000972 63.822366    174.95    136.49     -1.72
    57604.988313 10.832333  0.000936 63.026070    174.82   -112.76      0.83
    57614.300713 10.832852  0.001007 61.618526    174.17    -21.36      0.30
    57623.613112 10.833362  0.001013 60.495518    172.73     45.11      3.03
    57632.925512 10.833383  0.000985 59.428011    170.46     97.96     -1.90
    57642.237912 10.833640  0.000995 58.956755    167.90    120.27      1.12
    57651.550312 10.833783  0.000950 59.461079    165.19    128.58     -3.55
    57660.862711 10.834411  0.001026 60.264698    162.89    107.77     -1.39
    57670.175111 10.834746  0.001033 61.583837    161.45     62.75      1.80
    57679.487511 10.835378  0.001066 62.991041    160.65      0.10      0.70
    57688.799911 10.835229  0.001040 63.686912    160.57    -85.22     -0.49
    57698.112311 10.835646  0.001032 64.098555    160.90    167.63     -2.44
    57707.424710 10.835616  0.000987 63.647616    161.03     31.80      2.86
    57716.737110 10.836100  0.001046 62.479504    160.87   -118.31     -0.16
    57726.049510 10.835947  0.000947 61.337862    159.94     63.68      3.26
    57735.361910 10.836185  0.000967 59.953350    158.10   -129.40      0.37
    57744.674309 10.836886  0.001029 59.125456    155.74     14.06     -1.42
    57753.986709 10.837037  0.000989 59.183925    152.95    136.42     -3.46
    57763.299109 10.837178  0.000996 59.647770    150.35   -128.41     -0.65
    57772.611509 10.837265  0.000959 60.906378    148.46    -53.35     -0.62
    57781.923908 10.838244  0.001058 62.351081    147.26     -1.76      0.98
    57791.236308 10.838038  0.001018 63.316630    146.94     30.15     -0.73
    57800.548708 10.838673  0.001039 64.081458    147.15     35.00      2.25
    57809.861108 10.838662  0.001008 63.885445    147.40     21.26      2.20
    57819.173507 10.838818  0.001007 62.981179    147.51    -11.89     -1.12
    57828.485907 10.838777  0.000920 61.876813    146.86    -68.37     -2.35
    57837.798307 10.839261  0.000985 60.349990    145.35   -150.65      0.65
    57847.110707 10.839453  0.000961 59.375276    143.20    107.50      1.05
    57856.423107 10.840551  0.001067 59.124902    140.38    -13.23     -0.75
    57865.735506 10.840163  0.000998 59.370013    137.66   -158.93      0.03
    57875.047906 10.840906  0.001054 60.579491    135.55     32.06      1.47
    57884.360306 10.840878  0.001011 61.982046    134.09   -159.01      3.11
    57893.672706 10.840971  0.001008 63.090849    133.62     -8.38     -0.07
    57902.985105 10.840989  0.000934 64.036392    133.75    119.13     -2.32
    57912.297505 10.841427  0.000984 63.933534    134.05   -140.92      1.21
    57921.609905 10.841682  0.000985 63.179844    134.27    -59.35      0.49
    57930.922305 10.842623  0.001063 62.077063    133.74      0.34      0.55
    57940.234704 10.842248  0.000995 60.487496    132.39     39.37     -0.47
    57949.547104 10.842842  0.001026 59.481204    130.26     53.04      1.98
    57958.859504 10.842703  0.000953 59.099276    127.44     47.47      2.66
    57968.171904 10.843181  0.001009 59.307811    124.72     23.49     -0.76
    57977.484303 10.843532  0.000999 60.546554    122.50    -23.80     -3.19
    57986.796703 10.843488  0.000954 61.913154    121.00    -97.51     -1.17
    57996.109103 10.843942  0.001005 63.103953    120.57    167.21     -0.77
    58005.421503 10.844263  0.000981 64.056124    120.69     45.84      3.81
    58014.733903 10.844531  0.001011 63.890038    121.04    -87.65     -1.43
    58024.046302 10.844567  0.000964 63.161276    121.27    109.10      0.58
    58033.358702 10.844821  0.000942 61.958420    120.68    -69.53     -2.94
    58042.671102 10.845489  0.001034 60.349808    119.26     84.09     -0.59
    58051.983502 10.845941  0.001039 59.426959    117.03   -143.93      1.74
    58061.295901 10.846348  0.001057 59.075864    114.13    -28.09     -0.81
    58070.608301 10.846335  0.001038 59.441174    111.43     62.37     -0.59
    58079.920701 10.846240  0.000955 60.808723    109.30    133.44     -3.15
    58089.233101 10.846884  0.001036 62.153802    108.00    175.13      1.58
    58098.545500 10.847110  0.001038 63.340120    107.74   -158.99     -0.99
    58107.857900 10.847623  0.001040 64.125002    107.97   -160.79      2.43
    58117.170300 10.847489  0.001015 63.729163    108.36   -179.82      0.96
    58126.482700 10.847573  0.000970 62.865429    108.45    140.64     -2.16
    58135.795099 10.847666  0.000929 61.503145    107.61     74.63      0.37
    58145.107499 10.848223  0.001000 59.948322    105.94    -10.40     -0.05
    58154.419899 10.848493  0.000975 59.244272    103.42   -120.84      3.57
    58163.732299 10.848889  0.001003 59.135081    100.45    117.02     -2.32
    58173.044699 10.848949  0.000988 59.839213     97.93    -36.19      0.07
    58182.357098 10.849625  0.001022 61.389454     96.07    154.60     -3.51
    58191.669498 10.849924  0.001049 62.688154     95.16    -43.47     -0.51
    58200.981898 10.849768  0.000981 63.736681     95.24     96.56      1.39
    58210.294298 10.850230  0.000992 64.128864     95.60   -145.25      3.75
    58219.606697 10.850546  0.001034 63.345328     95.92    -43.81      0.68
    58228.919097 10.851084  0.001046 62.245563     95.69     31.65      1.76
    58238.231497 10.850739  0.000951 60.734399     94.37     91.15     -1.93
    58247.543897 10.851292  0.001016 59.403416     92.22    122.02      1.04
    58256.856296 10.851454  0.000969 59.117987     89.41    138.91     -3.28
    58266.168696 10.852019  0.001039 59.451691     86.50    127.99     -1.33
    58275.481096 10.852099  0.001014 60.601106     84.35     93.52      1.28
    58284.793496 10.852420  0.000997 62.271531     83.06     37.37      3.66
    58294.105895 10.852783  0.001039 63.360983     82.75    -35.73      0.59
    58303.418295 10.853136  0.001042 64.039579     83.16   -135.68      1.70
    58312.730695 10.852893  0.000951 63.809587     83.52    108.61     -2.57
    58322.043095 10.853358  0.001010 62.554347     83.55    -36.71      0.56
    58331.355495 10.853947  0.001029 61.241901     82.67    163.43     -3.05
    58340.667894 10.854349  0.001056 59.800592     80.64    -23.91      0.00
    58349.980294 10.854090  0.000989 58.994585     78.00    128.98      0.77
    58359.292694 10.853981  0.000902 59.379816     75.04    -99.47      1.62
    58368.605094 10.854742  0.001004 60.287890     72.53     10.75      1.83
    58377.917493 10.854904  0.000985 61.801659     71.12     98.63      1.37
    58387.229893 10.855825  0.001066 63.320613     70.60    166.78     -1.06
    58396.542293 10.855459  0.001004 63.891085     70.87   -150.85     -0.19
    58405.854693 10.856006  0.001019 63.896920     71.43   -132.37      2.37
    58415.167092 10.855851  0.000957 62.896599     71.47   -131.88      2.00
    58424.479492 10.856381  0.001023 61.276703     70.76   -150.82     -0.98
    58433.791892 10.857028  0.001041 60.022334     68.94    167.62     -2.27
    58443.104292 10.856915  0.001008 59.073693     66.19    103.46     -1.95
    58452.416691 10.857335  0.001030 59.156685     63.30     16.82     -1.39
    58461.729091 10.856956  0.000905 60.340066     60.72    -92.26      0.08
    58471.041491 10.857871  0.001041 61.677810     59.13    137.48      0.34
    58480.353891 10.858057  0.001013 63.184214     58.71    -12.66     -2.35
    58489.666291 10.858744  0.001061 64.059045     58.91    170.63      0.09
    58498.978690 10.858444  0.001010 63.749650     59.48    -26.43      0.44
    58508.291090 10.858361  0.000924 62.922194     59.64    117.94     -2.15
    58517.603490 10.858733  0.000949 61.329892     58.78   -123.99      0.76
    58526.915890 10.859196  0.000991 59.798800     56.99    -23.40     -0.71
    58536.228289 10.859425  0.000959 59.185987     54.21     50.50      3.75
    58545.540689 10.859952  0.001025 59.227620     51.16    112.53     -1.40
    58554.853089 10.859901  0.000973 60.340318     48.78    146.46     -1.11
    58564.165489 10.860816  0.001053 62.030834     47.26    159.83     -1.93
    58573.477888 10.860743  0.001032 63.236498     46.88    147.09      0.78
    58582.790288 10.860561  0.000940 64.058381     47.32    116.12     -0.70
    58592.102688 10.860845  0.000941 63.776233     47.78     60.98      0.89
    58601.415088 10.861306  0.000999 62.492996     47.85    -13.60     -0.23
    58610.727487 10.861443  0.000941 61.105010     46.88   -113.36      2.92
    58620.039887 10.862266  0.001046 59.599365     44.72    132.87     -0.71
    58629.352287 10.862249  0.001003 58.975645     41.91     -5.46     -1.64
    58638.664687 10.863023  0.001054 59.568819     38.90   -169.03      1.54
    58647.977087 10.862686  0.000997 60.681435     36.60      8.94      1.02
    58657.289486 10.863098  0.001012 62.362550     35.53    166.98     -2.39
    58666.601886 10.863204  0.000969 63.703247     35.35    -58.86     -3.45
    58675.914286 10.863608  0.001025 63.936941     35.91     49.06     -0.77
    58685.226686 10.863707  0.000969 63.529119     36.40    140.76     -3.52
    58694.539085 10.864063  0.000990 62.084483     36.06   -157.09      2.47
    58703.851485 10.864519  0.001032 60.393797     34.77   -109.01      0.75
    58713.163885 10.864114  0.000898 59.404866     32.28    -81.70     -0.77
    58722.476285 10.864953  0.001015 59.030537     29.17    -76.10     -1.78
    58731.788684 10.865169  0.001002 59.870044     26.47    -97.30      1.60
    58741.101084 10.865359  0.000971 61.516211     24.56   -138.86      3.76
    58750.413484 10.865717  0.001018 62.885605     23.89    162.04      0.91
    58759.725884 10.865775  0.000966 63.962784     24.22     76.13      2.42
    58769.038283 10.866613  0.001050 63.924960     24.75    -26.22     -0.73
    58778.350683 10.866541  0.001024 62.767905     25.03   -153.66     -0.92
    58787.663083 10.866697  0.000973 61.366777     24.26     53.23      3.70
    58796.975483 10.866793  0.000967 59.751786     22.24   -111.49     -0.72
    58806.287883 10.867513  0.001039 58.993255     19.44     56.28      0.63
    58815.600282 10.867957  0.001034 59.505206     16.34   -157.71      2.78
    58824.912682 10.867943  0.001027 60.619390     13.96    -29.72      0.86
    58834.225082 10.868078  0.000994 62.342216     12.85     72.15      2.28
    58843.537482 10.868832  0.001053 63.721324     12.71    157.79     -1.55
    58852.849881 10.868624  0.001015 63.930541     13.33   -143.77     -0.61
    58862.162281 10.868632  0.000943 63.441825     13.84   -109.54      2.98
    58871.474681 10.868978  0.000966 61.905403     13.43    -87.35     -2.05
    58880.787081 10.869524  0.001023 60.187869     11.98    -94.96      1.06
    58890.099480 10.869415  0.000939 59.290453      9.31   -122.44      3.56
    58899.411880 10.869924  0.000994 59.113966      6.14   -166.74      1.70
    58908.724280 10.869968  0.000964 60.172517      3.55    126.25      0.11
    58918.036680 10.870551  0.000990 61.939072      1.91     32.61      3.56
    58927.349079 10.870912  0.001041 63.237970      1.56    -76.12     -0.37
    58936.661479 10.870998  0.000987 64.066593      2.11    151.14     -2.60
    58945.973879 10.871659  0.001047 63.668776      2.64     -8.32      0.96
    58955.286279 10.871434  0.001000 62.207254      2.65    175.51     -0.68
    58964.598679 10.872084  0.001023 60.711578      1.41    -20.45     -3.17
    58973.911078 10.872259  0.001027 59.314370     -1.10    118.91     -1.54
    58983.223478 10.872578  0.001041 59.016368     -4.12   -124.12      0.69
    58992.535878 10.872947  0.001033 60.049261     -7.03    -22.48     -2.90
    59001.848278 10.872747  0.000987 61.471154     -8.88     50.92     -0.44
    59011.160677 10.872864  0.000954 63.136281     -9.33    102.80      0.77
    59020.473077 10.873605  0.001013 64.075415     -8.99    138.51     -3.09
    59029.785477 10.873646  0.001014 63.644352     -8.30    144.31      0.76
    59039.097877 10.873762  0.000959 62.576828     -8.17    136.90     -3.39
    59048.410276 10.874146  0.000985 60.802272     -9.34    103.85     -2.30
    59057.722676 10.874616  0.001034 59.346720    -11.62     48.51     -0.40
    59067.035076 10.875056  0.001024 59.150024    -14.75    -23.05     -2.90
    59076.347476 10.874800  0.000969 59.809164    -17.74   -120.87     -0.62
    59085.659875 10.875057  0.000971 61.410000    -19.56    119.81      0.45
    59094.972275 10.875991  0.001049 63.173815    -20.19    -18.03     -1.55
    59104.284675 10.875747  0.001008 63.886024    -19.77    177.72      0.59
    59113.597075 10.876357  0.001038 63.797955    -19.03     -3.80     -1.88
    59122.909475 10.876664  0.001046 62.530181    -19.00    150.89     -1.10
    59132.221874 10.876674  0.001024 60.678264    -20.02    -77.37      1.10
    59141.534274 10.877118  0.001023 59.492107    -22.43     34.19      3.04
    59150.846674 10.877350  0.001035 59.040631    -25.65    131.18     -1.14
    59160.159074 10.877573  0.001034 59.862825    -28.47   -158.35     -1.09
    59169.471473 10.877276  0.000917 61.673066    -30.36   -113.23      2.74
    59178.783873 10.877991  0.001020 63.109909    -30.87    -82.74     -1.01
    59188.096273 10.877865  0.000948 64.021003    -30.29    -80.59      1.09
    59197.408673 10.877972  0.000910 63.742201    -29.68    -95.23     -0.78
    59206.721072 10.878735  0.001017 62.200209    -29.64   -133.50     -0.70
    59216.033472 10.879308  0.001036 60.631504    -30.86    169.30     -2.42
    59225.345872 10.878964  0.000954 59.289930    -33.51     89.58     -1.82
    59234.658272 10.879396  0.000991 59.032854    -36.65    -12.46     -0.59
    59243.970671 10.879878  0.000995 60.265689    -39.46   -138.87      3.69
    59253.283071 10.879936  0.000989 61.841456    -41.13     82.12     -1.35
    59262.595471 10.880204  0.000991 63.382968    -41.29    -87.50      1.40
    59271.907871 10.880065  0.000906 64.131297    -40.71     86.25     -0.37
    59281.220271 10.880835  0.001018 63.335252    -40.07   -123.01     -0.89
    59290.532670 10.881453  0.001048 61.941601    -40.25      6.28     -1.13
    59299.845070 10.881365  0.000989 60.202404    -41.93    117.00     -2.83
    59309.157470 10.881626  0.001011 59.018299    -44.70   -156.93     -1.21
    59318.469870 10.881393  0.000906 59.384438    -47.93    -92.69      1.31
    59327.782269 10.882375  0.001032 60.613052    -50.55    -44.90     -1.14
    59337.094669 10.882275  0.000987 62.337996    -51.65    -22.56     -1.03
    59346.407069 10.883108  0.001044 63.847918    -51.59    -19.94     -2.69
    59355.719469 10.883093  0.001035 63.898113    -50.86    -43.68      0.25
    59365.031868 10.882930  0.000950 63.015537    -50.32    -87.48      1.52
    59374.344268 10.883468  0.000984 61.348503    -51.07   -152.03      3.49
    59383.656668 10.883818  0.001023 59.569803    -53.14    126.84      0.96
    59392.969068 10.884454  0.001049 59.093700    -56.21     22.40      0.97
    59402.281467 10.883913  0.000936 59.715813    -59.42   -100.62     -1.28
    59411.593867 10.884540  0.001015 61.224758    -61.43    109.19      1.02
    59420.906267 10.884522  0.000936 63.141781    -62.05    -56.54     -2.98
    59430.218667 10.885142  0.001023 63.934415    -61.60    110.26     -1.22
    59439.531067 10.885337  0.001007 63.657995    -60.76   -106.19      1.67
    59448.843466 10.885831  0.001019 62.373719    -60.76     18.80      2.85
    59458.155866 10.885980  0.001030 60.375704    -62.05    126.16      0.69
    59467.468266 10.886491  0.001046 59.252421    -64.68   -149.61      0.95
    59476.780666 10.886041  0.000938 59.239222    -68.06    -82.44     -2.08
    59486.093065 10.886530  0.000999 60.315848    -70.73    -43.50      0.86
    59495.405465 10.887117  0.001018 62.314327    -72.08    -19.46     -3.26
    59504.717865 10.887476  0.001044 63.657568    -72.11    -24.59      0.16
    59514.030265 10.887218  0.000976 63.938261    -71.24    -48.53     -0.05
    59523.342664 10.887147  0.000892 63.146702    -70.76    -93.24     -0.03
    59532.655064 10.887782  0.000986 61.204908    -71.42   -159.48      0.68
    59541.967464 10.887888  0.000940 59.661612    -73.45    114.91     -0.13
    59551.279864 10.888898  0.001044 59.103384    -76.73      6.19      2.20
    59560.592263 10.888794  0.001017 59.678337    -79.84   -118.80     -0.97
    59569.904663 10.888658  0.000930 61.539097    -81.77     88.60      1.38
    59579.217063 10.889090  0.000966 63.219189    -82.31    -79.38     -2.39
    59588.529463 10.889603  0.001029 63.932631    -81.63     83.16      0.77
    59597.841863 10.889793  0.000979 63.629085    -80.88   -135.03      3.71
    59607.154262 10.890089  0.001016 61.891901    -81.03     -8.64      1.38
    59616.466662 10.890172  0.000975 60.116754    -82.56     93.89      1.89
    59625.779062 10.891108  0.001057 59.176065    -85.57    178.42      0.58
    59635.091462 10.890839  0.001008 59.299733    -88.87   -117.92     -1.19
    59644.403861 10.890754  0.000936 60.919468    -91.26    -80.17      0.90
    59653.716261 10.891363  0.000983 62.793763    -92.27    -57.90     -2.96
    59663.028661 10.891645  0.001018 63.811914    -91.81    -65.90      0.86
    59672.341061 10.891371  0.000900 63.893487    -90.95    -91.34      0.88
    59681.653460 10.891940  0.000967 62.426765    -90.79   -137.65      1.21
    59690.965860 10.892299  0.000984 60.527893    -91.89    157.80     -1.42
    59700.278260 10.892201  0.000904 59.340724    -94.63     66.75      2.69
    59709.590660 10.893127  0.001032 59.123105    -98.02    -39.01      0.63
    59718.903059 10.893478  0.001037 60.477895   -100.68   -167.26     -1.03
    59728.215459 10.893370  0.000969 62.442333   -102.03     36.74      3.70
    59737.527859 10.893684  0.001009 63.659295   -101.82   -132.56     -0.70
    59746.840259 10.894358  0.001037 63.997084   -100.91     29.59      1.80
    59756.152659 10.894498  0.001032 62.765191   -100.55    174.10      1.54
    59765.465058 10.894457  0.000997 60.809008   -101.38    -62.27      0.93
    59774.777458 10.894872  0.000991 59.475031   -103.88     38.41      3.41
    59784.089858 10.895236  0.001031 59.052094   -107.28    125.04     -0.59
    59793.402258 10.895419  0.001017 60.201175   -110.13   -173.31     -1.63
    59802.714657 10.895514  0.000972 62.219282   -111.69   -139.53      3.79
    59812.027057 10.895785  0.001009 63.554441   -111.64   -117.91     -0.88
    59821.339457 10.896184  0.001003 64.019095   -110.71   -126.42      2.70
    59830.651857 10.896347  0.000987 62.970104   -110.25   -151.97      3.00
    59839.964256 10.896479  0.000989 60.962358   -110.94    164.99     -0.37
    59849.276656 10.896339  0.000892 59.551543   -113.31     98.16      0.04
    59858.589056 10.897234  0.001002 59.064593   -116.76      9.30      2.27
    59867.901456 10.897487  0.001016 60.085140   -119.67    -98.40      1.29
    59877.213855 10.897644  0.000971 62.144569   -121.29    136.75     -4.00
    59886.526255 10.898068  0.001027 63.546206   -121.32    -20.36      0.97
    59895.838655 10.898293  0.001012 63.992691   -120.36    168.42     -2.08
    59905.151055 10.898831  0.001044 63.011904   -119.85    -26.43     -1.72
    59914.463455 10.898837  0.001030 60.959264   -120.56    115.66      0.70
    59923.775854 10.898909  0.000975 59.514543   -122.91   -122.63      3.31
    59933.088254 10.899611  0.001046 59.093942   -126.37    -15.83      0.83
    59942.400654 10.899696  0.001038 60.102692   -129.32     67.22      0.09
    59951.713054 10.899567  0.000949 62.203275   -130.86    131.48     -3.52
    59961.025453 10.900185  0.001026 63.615579   -130.83    165.79      1.08
    59970.337853 10.900460  0.001026 63.934363   -129.84   -174.87     -1.53
    59979.650253 10.901033  0.001054 62.927453   -129.36    179.42      0.69
    59988.962653 10.900792  0.001006 60.814927   -130.20    155.08      0.81
    59998.275052 10.900641  0.000916 59.399542   -132.66    111.47     -0.15
    60007.587452 10.901098  0.000943 59.186878   -136.20     44.16      2.68
    60016.899852 10.901494  0.000997 60.283403   -139.04    -40.49      0.85
    60026.212252 10.902192  0.001030 62.415234   -140.36   -150.49      2.49
    60035.524651 10.901843  0.000955 63.776756   -140.20     83.57     -1.39
    60044.837051 10.902224  0.000984 63.823716   -139.16    -70.80      0.97
    60054.149451 10.902384  0.000936 62.676857   -138.79    121.51     -3.55
    60063.461851 10.903068  0.001030 60.534605   -139.93    -73.84     -0.78
    60072.774251 10.903124  0.000988 59.210456   -142.61     70.03      2.21
    60082.086650 10.903694  0.001016 59.329977   -146.16   -163.79      2.95
    60091.399050 10.903771  0.001025 60.626410   -148.83    -56.51      0.63
    60100.711450 10.904305  0.001040 62.740525   -149.79     25.85      1.07
    60110.023850 10.903922  0.000950 63.945948   -149.36     89.97     -1.47
    60119.336249 10.904320  0.000991 63.618966   -148.34    127.41      0.68
    60128.648649 10.904882  0.001003 62.247655   -148.21    151.04     -3.57
    60137.961049 10.905220  0.001033 60.129882   -149.78    146.29      0.54
    60147.273449 10.904956  0.000949 59.039065   -152.76    125.38      0.11
    60156.585848 10.904976  0.000891 59.620218   -156.26     83.86      0.12
    60165.898248 10.905626  0.000986 61.158700   -158.57     20.14      0.39
    60175.210648 10.905665  0.000931 63.176930   -159.03    -64.55     -0.71
    60184.523048 10.906646  0.001038 64.088353   -158.35   -174.07      2.03
    60193.835447 10.906682  0.001028 63.259473   -157.42     59.80     -0.32
    60203.147847 10.906324  0.000898 61.635601   -157.70    -89.86      0.65
    60212.460247 10.907064  0.000992 59.682357   -159.86    104.72     -2.29
    60221.772647 10.907301  0.000999 58.968951   -163.14    -88.34      1.51
    60231.085047 10.907294  0.000926 60.097375   -166.39     60.05      3.30
    60240.397446 10.907754  0.000992 61.873697   -168.17   -169.76      1.43
    60249.709846 10.907847  0.000952 63.602711   -168.06    -62.57      0.07
    60259.022246 10.908587  0.001014 64.041089   -167.14     19.62      2.98
    60268.334646 10.908781  0.001035 62.666029   -166.53     86.58     -0.17
    60277.647045 10.908659  0.000943 60.839792   -167.43    132.85     -2.83
    60286.959445 10.909549  0.001043 59.263173   -170.22    154.20      0.01
    60296.271845 10.909250  0.000978 59.142445   -173.66    157.38     -0.13
    60305.584245 10.909621  0.000970 60.825418   -176.43    143.06     -3.86
    60314.896644 10.909963  0.001001 62.697443   -177.46    100.94     -1.52
    60324.209044 10.910456  0.001041 63.923544   -176.78     36.84      0.34
    60333.521444 10.910523  0.000986 63.715178   -175.85    -41.86     -3.64
    60342.833844 10.910592  0.000990 61.824323   -175.81   -148.60     -0.38
    60352.146243 10.910653  0.000932 59.998741   -177.51     85.04      2.31
    60361.458643 10.911314  0.000992 59.084874    179.10    -52.67     -3.05
    60370.771043 10.911417  0.000996 59.686650    175.78    138.90      0.84
    60380.083443 10.911585  0.000953 61.793914    173.84    -42.92     -3.55
    60389.395843 10.911990  0.000989 63.493763    173.64    108.24     -2.39
    60398.708242 10.912445  0.001032 63.925613    174.71   -124.52      0.45
    60408.020642 10.913007  0.001048 62.979968    175.37    -12.78     -1.40
    60417.333042 10.912775  0.001002 60.775989    174.50     76.80     -1.30
    60426.645442 10.912905  0.000965 59.269279    171.89    146.82     -1.93
    60435.957841 10.913661  0.001023 59.302570    168.25   -167.98      2.55
    60445.270241 10.913547  0.001002 60.648970    165.50   -136.74     -0.81
    60454.582641 10.914007  0.001012 62.842223    164.62   -134.56      2.79
    60463.895041 10.914009  0.000974 64.001360    165.20   -149.45      2.36
    60473.207440 10.914295  0.000998 63.451131    166.29    176.73     -0.94
    60482.519840 10.914295  0.000923 61.847173    166.20    122.09     -3.35
    60491.832240 10.914628  0.000962 59.741737    164.19     41.56      0.44
    60501.144640 10.914839  0.000950 58.997807    160.88    -55.41      0.04
    60510.457039 10.915926  0.001053 60.107571    157.51   -174.41      1.37
    60519.769439 10.915537  0.000987 61.939817    155.79     47.68     -0.40
    60529.081839 10.915871  0.000981 63.728095    156.04   -117.34      2.67
    60538.394239 10.915775  0.000918 63.954421    157.02     61.38      1.42
    60547.706639 10.916483  0.001017 62.391915    157.57   -140.17     -0.79
    60557.019038 10.917163  0.001047 60.502905    156.33     -3.11     -1.34
    60566.331438 10.917040  0.001006 59.085245    153.20    114.87     -2.26
    60575.643838 10.917384  0.001025 59.422999    149.72   -150.53     -0.99
    60584.956238 10.917027  0.000902 61.430541    147.35    -74.81     -1.94
    60594.268637 10.917888  0.001027 63.212134    146.92    -24.78      0.89
    60603.581037 10.918251  0.001030 64.015623    147.96      8.23     -1.31
    60612.893437 10.918507  0.001019 63.125818    148.73     14.99      2.69
    60622.205837 10.918359  0.000987 60.908933    148.11      8.25     -0.37
    60631.518236 10.918942  0.001000 59.382047    145.53    -18.51     -3.13
    60640.830636 10.918941  0.000974 59.231406    141.82    -68.06     -2.78
    60650.143036 10.919418  0.001023 60.659295    139.07   -141.21     -0.81
    60659.455436 10.919296  0.000935 62.940028    138.15    128.80     -3.59
    60668.767835 10.919826  0.001002 63.957281    138.84      9.41      1.63
    60678.080235 10.920266  0.001024 63.405414    139.98   -126.11      1.33
    60687.392635 10.919809  0.000890 61.625138    139.71     79.41      0.54
    60696.705035 10.920646  0.001015 59.512811    137.50    -94.40     -0.92
    60706.017435 10.920775  0.000974 59.100413    134.03     66.24      2.91
    60715.329834 10.921092  0.000977 60.389993    130.77   -150.30      3.55
    60724.642234 10.921275  0.000997 62.339450    129.48    -25.67      0.62
    60733.954634 10.921267  0.000924 63.979030    130.03     72.15      2.78
    60743.267034 10.922171  0.001042 63.652330    131.08    154.15      0.17
    60752.579433 10.922308  0.001030 61.852864    131.29   -146.78     -0.53
    60761.891833 10.921942  0.000902 59.970673    129.40   -110.16      2.11
    60771.204233 10.922679  0.001007 58.953744    125.92    -87.35     -1.32
    60780.516633 10.922787  0.000972 60.016831    122.63    -92.61      2.02
    60789.829032 10.922775  0.000911 62.217791    120.91   -115.46      1.87
    60799.141432 10.923329  0.000996 63.674361    121.25   -158.51     -0.32
    60808.453832 10.923462  0.000949 63.865664    122.44    137.75     -3.09
    60817.766232 10.923692  0.000948 62.202333    122.71     46.63      1.77
    60827.078631 10.924123  0.000986 59.987561    121.19    -59.19      0.90
    60836.391031 10.925034  0.001055 59.127148    117.81    176.91     -1.17
    60845.703431 10.924594  0.000972 59.828402    114.26     27.66      1.63
    60855.015831 10.925219  0.001032 61.886084    112.51   -139.70      0.20
    60864.328231 10.925434  0.001001 63.797930    112.62     26.92      3.60
    60873.640630 10.925453  0.000999 63.776703    113.77    178.32      0.80
    60882.953030 10.925450  0.000937 62.369032    114.32    -50.97     -2.04
    60892.265430 10.925616  0.000918 60.235195    112.76     53.99      1.88
    60901.577830 10.926218  0.000993 58.934953    109.50    143.63      0.90
    60910.890229 10.926904  0.001027 59.861401    105.99   -149.47      2.20
    60920.202629 10.926534  0.000949 61.844973    103.96    -99.08     -1.19
    60929.515029 10.927002  0.000999 63.577142    104.15    -77.02      1.22
    60938.827429 10.926873  0.000908 63.987363    105.31    -69.54     -2.51
    60948.139828 10.927647  0.001015 62.278433    105.80    -87.65     -1.04
    60957.452228 10.927996  0.001018 60.196000    104.43   -127.47      2.03
    60966.764628 10.928577  0.001043 59.114926    101.02    177.90      1.01
    60976.077028 10.928461  0.001026 59.697729     97.50    102.25      0.05
    60985.389427 10.928977  0.001038 61.931752     95.62      5.24     -1.33
    60994.701827 10.928467  0.000924 63.716414     95.70   -116.43      0.76
    61004.014227 10.929085  0.001004 63.770504     96.97    101.80      1.04
    61013.326627 10.929062  0.000922 62.384946     97.43    -55.00     -3.55
    61022.639027 10.929846  0.001024 60.065368     95.82    121.68     -1.04
    61031.951426 10.929697  0.000966 58.991750     92.53    -81.85      1.49
    61041.263826 10.929849  0.000921 60.004461     88.95     55.33      3.37
    61050.576226 10.930348  0.000996 61.951028     87.13    174.81      1.12
    61059.888626 10.930364  0.000942 63.785380     87.51    -90.58      1.52
    61069.201025 10.931365  0.001046 63.840488     88.65    -14.54      0.16
    61078.513425 10.931199  0.001011 61.978881     89.04     40.25     -0.80
    61087.825825 10.931099  0.000923 60.016190     87.31     70.96      2.97
    61097.138225 10.931487  0.000960 59.015303     83.71     91.41     -2.16
    61106.450624 10.932062  0.001017 60.026701     80.37     82.22      0.99
    61115.763024 10.932041  0.000947 62.398950     78.81     52.10      3.78
    61125.075424 10.932423  0.000995 63.804648     79.29      5.81      1.11
    61134.387824 10.932374  0.000938 63.632531     80.59    -63.56     -0.00
    61143.700223 10.933100  0.000993 61.840331     80.62   -156.62      3.26
    61153.012623 10.933370  0.001025 59.578396     78.57     96.74      0.21
    61162.325023 10.933438  0.000966 59.124493     74.95    -29.12     -3.33
    61171.637423 10.934085  0.001030 60.472999     71.63    176.26      1.58
    61180.949823 10.933925  0.000995 62.564861     70.55      6.59     -0.92
    61190.262222 10.934795  0.001051 64.087601     71.33    173.73     -1.53
    61199.574622 10.934736  0.001032 63.340476     72.43    -41.30     -0.48
    61208.887022 10.934753  0.000987 61.284005     72.26     81.74      1.95
    61218.199422 10.935502  0.001041 59.496204     69.68   -171.44      1.98
    61227.511821 10.935378  0.001017 59.120352     65.89    -81.62     -1.03
    61236.824221 10.935575  0.000993 60.913883     63.10    -14.90     -2.45
    61246.136621 10.935862  0.000986 63.149493     62.36     23.60      3.22
    61255.449021 10.936102  0.001015 63.915032     63.44     49.73     -0.73
    61264.761420 10.936388  0.000984 63.064145     64.46     47.20      3.52
    61274.073820 10.936360  0.000958 60.743092     63.60     31.63      1.62
    61283.386220 10.936800  0.000988 59.078056     60.68     -2.71     -1.47
    61292.698620 10.936746  0.000920 59.597564     56.88    -57.88     -3.34
    61302.011019 10.937156  0.000969 61.442098     54.48   -139.94      0.36
    61311.323419 10.937315  0.000948 63.504566     54.49    119.87     -0.21
    61320.635819 10.938363  0.001049 64.011811     55.66     -2.25      0.70
    61329.948219 10.938073  0.000998 62.293414     56.34   -142.83     -0.64
    61339.260619 10.938407  0.000982 60.212303     54.91     51.78      3.36
    61348.573018 10.938260  0.000921 59.059638     51.34   -126.47      1.44
    61357.885418 10.938979  0.001013 59.900256     47.86     34.65     -0.97
    61367.197818 10.939603  0.001042 62.330454     46.21    172.82     -1.81
    61376.510218 10.939422  0.000999 63.840905     46.67    -71.08     -1.94
    61385.822617 10.939885  0.001030 63.564879     48.05     21.99     -0.65
    61395.135017 10.939458  0.000897 61.728769     48.05     98.44     -1.93
    61404.447417 10.940270  0.001012 59.462002     45.77    151.06      1.14
    61413.759817 10.940772  0.001029 59.144335     42.06   -170.70     -1.32
    61423.072216 10.940811  0.000996 60.796020     38.91   -159.74      3.23
    61432.384616 10.940820  0.000992 62.879745     38.15   -162.74     -0.57
    61441.697016 10.941561  0.001026 64.101091     39.23    170.64     -2.17
    61451.009416 10.941575  0.001012 62.979794     40.22    122.10     -1.85
    61460.321815 10.941901  0.001028 60.674866     39.52     51.52      0.26
    61469.634215 10.942150  0.000995 59.230142     36.41    -31.68     -3.63
    61478.946615 10.942053  0.000967 59.501359     32.57   -142.78      0.35
    61488.259015 10.942365  0.000972 61.652977     30.41     86.66      1.86
    61497.571415 10.942566  0.000945 63.733551     30.45    -57.90     -3.69
    61506.883814 10.943032  0.001016 63.731282     31.80    126.16      0.65
    61516.196214 10.942818  0.000906 62.164684     32.32    -63.40     -1.53
    61525.508614 10.943140  0.000926 59.888324     30.40     86.10     -1.39
    61534.821014 10.943846  0.001009 58.949899     26.78   -144.64     -1.04
    61544.133413 10.944033  0.000973 60.480995     23.43    -32.56     -3.85
    61553.445813 10.943977  0.000948 62.668264     22.19     50.70      0.75
    61562.758213 10.944318  0.000965 63.949649     23.18    116.43      0.63
    61572.070613 10.945247  0.001043 63.315108     24.33    164.20     -1.42
    61581.383012 10.944877  0.000979 60.891817     23.81   -171.93      0.61
    61590.695412 10.945661  0.001033 59.220675     20.98   -163.98     -0.80
    61600.007812 10.945944  0.001034 59.512338     17.03   -179.21      1.78
    61609.320212 10.945720  0.000994 61.408862     14.64    147.37      0.76
    61618.632611 10.945614  0.000905 63.640498     14.67     90.62      1.30
    61627.945011 10.946370  0.000995 63.861025     15.95     13.10      2.05
    61637.257411 10.946537  0.000992 62.091873     16.58    -83.87      1.49
    61646.569811 10.947274  0.001031 59.985787     14.76    163.81     -2.31
    61655.882211 10.946935  0.000968 58.976391     11.01     25.42      0.69
    61665.194610 10.947618  0.001029 60.386860      7.72   -131.79      1.40
    61674.507010 10.947343  0.000934 62.840640      6.52     48.36      3.72
    61683.819410 10.947763  0.000992 63.907488      7.51   -146.92     -0.39
    61693.131810 10.948449  0.001026 63.190147      8.75     -5.27     -2.09
    61702.444209 10.948377  0.000981 60.862725      8.02    116.55     -2.78
    61711.756609 10.948678  0.001007 59.046627      5.03   -143.73     -1.03
    61721.069009 10.948443  0.000903 59.679985      1.17    -60.16     -2.73
    61730.381409 10.949260  0.001014 61.737417     -1.12     -3.85      1.77
    61739.693808 10.949565  0.001028 63.656373     -0.78     36.49     -0.16
    61749.006208 10.949401  0.000931 63.846659      0.57     51.08      3.35
    61758.318608 10.949796  0.000988 61.732230      0.87     53.26     -0.75
    61767.631008 10.950477  0.001033 59.637873     -1.22     30.53      0.74
    61776.943407 10.950865  0.001039 59.185406     -5.17     -9.38      0.73
    61786.255807 10.950755  0.001020 60.707601     -8.24    -70.52      0.62
    61795.568207 10.951293  0.001032 63.193165     -8.85   -154.40      1.51
    61804.880607 10.951073  0.000975 63.999239     -7.70    105.56     -2.20
    61814.193007 10.951261  0.000974 62.620719     -6.65    -20.31     -1.07
    61823.505406 10.952137  0.001035 60.422574     -7.90   -166.51      1.77
    61832.817806 10.951743  0.000962 58.963796    -11.43     32.53      0.39
    61842.130206 10.952527  0.001037 60.012762    -15.01   -150.17     -0.00
    61851.442606 10.952916  0.001043 62.489978    -16.65      4.41      1.44
    61860.755005 10.952757  0.001014 63.852438    -15.86    139.19      0.77
    61870.067405 10.952729  0.000940 63.401056    -14.47   -109.77      3.03
    61879.379805 10.953586  0.001039 61.110164    -14.91    -12.93      0.70
    61888.692205 10.953573  0.001019 59.117773    -17.74     62.96     -0.23
    61898.004604 10.953305  0.000908 59.577893    -21.67    121.23     -2.92
    61907.317004 10.954248  0.001031 61.619446    -24.13    152.62      0.34
    61916.629404 10.954166  0.000986 63.619183    -23.85    166.51     -1.30
    61925.941804 10.954885  0.001031 63.857021    -22.46    159.30     -2.13
    61935.254203 10.954881  0.001023 61.709230    -22.13    128.75      0.43
    61944.566603 10.954793  0.000952 59.595176    -24.28     79.36      2.64
    61953.879003 10.955503  0.001006 59.221899    -28.30     13.48      2.74
    61963.191403 10.955601  0.001019 60.857009    -31.28    -71.49      0.59
    61972.503803 10.956181  0.001036 63.340884    -31.70   -178.38     -1.37
    61981.816202 10.955741  0.000943 63.966129    -30.44     49.68      1.06
    61991.128602 10.956347  0.001009 62.355948    -29.51   -100.94      1.40
    62000.441002 10.955949  0.000876 60.139253    -31.10     91.69      0.06
    62009.753402 10.956683  0.000981 58.972466    -34.88    -94.42     -1.49
    62019.065801 10.957254  0.001018 60.375125    -38.28     54.03      1.44
    62028.378201 10.957761  0.001039 62.912128    -39.43   -175.62      1.51
    62037.690601 10.957631  0.001018 63.914002    -38.31    -65.58      0.16
    62047.003001 10.958213  0.001036 62.974396    -37.07     21.83      0.94
    62056.315400 10.957767  0.000935 60.529591    -38.12     94.57     -2.08
    62065.627800 10.958187  0.000979 58.944706    -41.49    141.93      0.81
    62074.940200 10.958992  0.001036 60.054851    -45.26    174.73     -1.50
    62084.252600 10.958893  0.001003 62.341923    -46.97   -179.37      1.92
    62093.564999 10.959034  0.000990 63.900438    -46.06    171.02     -1.37
    62102.877399 10.959393  0.000983 63.371139    -44.73    140.55     -3.67
    62112.189799 10.959653  0.001012 60.837695    -45.19     85.51     -0.88
    62121.502199 10.960183  0.001034 59.148399    -48.23     14.37     -1.02
    62130.814599 10.959753  0.000923 59.722119    -52.27    -74.33     -2.63
    62140.126998 10.960176  0.000982 61.863526    -54.31    170.72      0.18
    62149.439398 10.960872  0.001019 63.916065    -53.75     34.44      2.68
    62158.751798 10.960533  0.000938 63.521754    -52.36   -117.06      0.28
    62168.064198 10.961235  0.001015 61.229092    -52.34     68.15      1.01
    62177.376597 10.961098  0.000928 59.377169    -55.17   -126.98      3.93
    62186.688997 10.961466  0.000965 59.387696    -59.25     24.18      1.20
    62196.001397 10.961691  0.000966 61.620628    -61.59    153.97     -1.89
    62205.313797 10.961542  0.000880 63.809172    -61.40   -102.99      0.79
    62214.626196 10.962312  0.000996 63.582963    -59.89    -18.38      0.77
    62223.938596 10.962780  0.000998 61.639740    -59.61     44.46      2.78
    62233.250996 10.962568  0.000932 59.434541    -62.22     96.33     -2.25
    62242.563396 10.963074  0.000995 59.210128    -66.21    119.89      1.15
    62251.875795 10.963113  0.000930 61.492625    -68.89    130.60     -3.37
    62261.188195 10.963708  0.001002 63.566028    -68.91    113.84     -1.74
    62270.500595 10.963937  0.001005 63.723782    -67.32     73.88      1.48
    62279.812995 10.964452  0.001014 61.878622    -66.97     17.04      2.64
    62289.125395 10.964571  0.001024 59.414515    -69.29    -55.25      0.39
    62298.437794 10.965031  0.001035 59.236752    -73.27   -149.12      0.28
    62307.750194 10.964522  0.000910 61.321069    -76.22     99.25     -2.25
    62317.062594 10.965128  0.001001 63.407599    -76.27    -40.19      0.80
    62326.374994 10.965694  0.001013 63.911511    -74.74    166.15     -2.83
    62335.687393 10.965920  0.001023 61.890583    -74.30    -14.06      0.97
    62344.999793 10.965750  0.000966 59.494893    -76.42    151.79     -0.66
    62354.312193 10.965735  0.000902 59.306799    -80.50    -59.74     -3.44
    62363.624593 10.966204  0.000955 61.126251    -83.51     62.50     -0.65
    62372.936992 10.966670  0.000990 63.454618    -83.56    166.54     -1.99
    62382.249392 10.966449  0.000894 63.939857    -82.11   -114.99      2.02
    62391.561792 10.967263  0.001013 61.817171    -81.55    -51.10      0.61
    62400.874192 10.967737  0.001015 59.625923    -83.68     -4.57     -2.22
    62410.186591 10.967819  0.000995 59.238700    -87.84     15.53      3.02
    62419.498991 10.967867  0.000992 61.081726    -90.73     23.42     -0.90
    62428.811391 10.968670  0.001039 63.584876    -90.84      5.28     -0.31
    62438.123791 10.968677  0.001030 63.793874    -89.37    -33.12     -0.01
    62447.436191 10.968672  0.000987 61.814102    -88.77    -93.10      1.60
    62456.748590 10.969384  0.001032 59.631422    -91.09   -169.55      1.76
    62466.060990 10.969271  0.001008 59.148666    -95.19     97.73     -0.95
    62475.373390 10.969397  0.000979 61.283487    -97.98    -17.32     -2.55
    62484.685790 10.969884  0.001001 63.637028    -98.08   -160.48      3.00
    62493.998189 10.969986  0.001006 63.675878    -96.48     44.21     -0.71
    62503.310589 10.970376  0.000993 61.810099    -96.04   -138.34      3.40
    62512.622989 10.970327  0.000958 59.449964    -98.57     26.21      2.41
    62521.935389 10.970613  0.000978 59.223557   -102.58    173.49     -1.06
    62531.247788 10.970562  0.000902 61.572859   -105.31    -60.91     -3.31
    62540.560188 10.970996  0.000959 63.615381   -105.19     36.81      0.83
    62549.872588 10.971159  0.000941 63.666073   -103.52    118.22     -0.13
    62559.184988 10.972188  0.001037 61.589063   -103.37    178.81      1.13
    62568.497387 10.971833  0.000977 59.220250   -106.05   -136.14     -0.86
    62577.809787 10.972194  0.000969 59.470424   -110.11   -116.26      2.94
    62587.122187 10.972057  0.000905 61.778462   -112.64   -110.35      0.32
    62596.434587 10.972787  0.001012 63.686385   -112.15   -128.36     -0.61
    62605.746987 10.973482  0.001042 63.620469   -110.56   -169.03      0.73
    62615.059386 10.973487  0.001024 61.150417   -110.69    134.08     -0.56
    62624.371786 10.973671  0.001021 59.126567   -113.61     55.56      0.77
    62633.684186 10.973813  0.000975 59.744063   -117.76    -36.00     -3.63
    62642.996586 10.973815  0.000970 61.996624   -119.85   -157.45      0.56
    62652.308985 10.974266  0.000988 63.920994   -119.02     61.23      2.61
    62661.621385 10.974034  0.000899 63.350498   -117.59    -94.34     -0.70
    62670.933785 10.974886  0.001017 60.704421   -118.02     86.34      0.17
    62680.246185 10.974734  0.000929 59.144698   -121.35   -113.54      3.36
    62689.558584 10.975134  0.000953 59.970158   -125.43     31.29      2.70
    62698.870984 10.975346  0.000974 62.403196   -126.93    156.54     -0.46
    62708.183384 10.975227  0.000883 64.107144   -125.86   -104.88      2.06
    62717.495784 10.976151  0.001015 62.865931   -124.56    -22.65      0.96
    62726.808183 10.976496  0.001019 60.345188   -125.47     39.51      0.59
    62736.120583 10.975933  0.000877 59.112130   -129.27     84.45     -0.24
    62745.432983 10.976904  0.001020 60.279800   -133.00    108.45     -0.41
    62754.745383 10.976649  0.000919 62.971160   -133.93    110.25     -0.22
    62764.057783 10.976912  0.000924 64.033028   -132.62     93.25     -1.74
    62773.370182 10.977646  0.001020 62.346703   -131.49     53.00     -0.48
    62782.682582 10.978236  0.001031 59.984784   -133.15     -3.23     -1.45
    62791.994982 10.977962  0.000977 59.063158   -137.25    -77.93     -2.19
    62801.307382 10.978262  0.000991 60.857684   -140.45   -175.10     -1.50
    62810.619781 10.978137  0.000904 63.491321   -140.82     62.78      3.04
    62819.932181 10.978867  0.001015 63.764963   -139.24    -72.12     -0.61
    62829.244581 10.978700  0.000924 61.856988   -138.57    130.51     -1.68
    62838.556981 10.979464  0.000992 59.531943   -141.05    -44.06     -3.11
    62847.869380 10.979574  0.001004 59.226252   -145.20    116.74      0.73
    62857.181780 10.979447  0.000916 61.660673   -147.82   -101.22      2.44
    62866.494180 10.980037  0.000977 63.785713   -147.53     21.23      2.74
    62875.806580 10.980126  0.000973 63.441008   -145.80    124.91      0.49
    62885.118979 10.980820  0.001005 61.233005   -145.91   -154.90      3.19
    62894.431379 10.980745  0.000983 59.084996   -149.11    -85.21     -1.70
    62903.743779 10.980756  0.000943 59.745091   -153.13    -41.35     -0.65
    62913.056179 10.981758  0.001036 62.432681   -155.01    -16.17     -1.52
    62922.368579 10.981529  0.000997 63.885177   -153.99    -15.99      0.90
    62931.680978 10.981695  0.000959 63.013214   -152.48    -29.97     -2.90
    62940.993378 10.982012  0.000968 60.397834   -153.53    -65.63     -2.96
    62950.305778 10.982405  0.001013 58.918963   -157.26   -122.46     -0.74
    62959.618178 10.982792  0.001007 60.546263   -160.97    165.28     -2.83
    62968.930577 10.982500  0.000940 63.044539   -161.88     67.23     -0.25
    62978.242977 10.982807  0.000958 63.902154   -160.29    -50.27     -0.07
    62987.555377 10.983808  0.001042 62.302004   -159.40    174.02     -0.63
    62996.867777 10.983374  0.000966 59.581713   -161.42     18.13      0.58
    63006.180176 10.984201  0.001033 59.204892   -165.53   -154.73     -0.22
    63015.492576 10.984422  0.001019 61.430443   -168.57      9.08      2.39
    63024.804976 10.984259  0.000991 63.558506   -168.37    155.26      0.58
    63034.117376 10.984028  0.000888 63.695049   -166.64    -80.44     -0.06
    63043.429775 10.984722  0.000965 61.265763   -166.64     21.99      2.71
    63052.742175 10.984988  0.000981 59.082904   -169.61    109.90      1.21
    63062.054575 10.985844  0.001039 59.844483   -173.80    179.32     -0.55
    63071.366975 10.985287  0.000948 62.278392   -175.73   -135.34      0.75
    63080.679375 10.985844  0.000996 63.947155   -174.59   -111.73      1.70
    63089.991774 10.985574  0.000887 63.006432   -173.18   -105.61      0.85
    63099.304174 10.986271  0.000992 60.172642   -174.25   -117.34     -1.01
    63108.616574 10.986955  0.001031 59.054878   -178.09   -151.13      0.80
    63117.928974 10.987194  0.001028 60.686850    178.20    158.85     -0.50
    63127.241373 10.987175  0.001019 63.122438    177.65     84.57      0.30
    63136.553773 10.987736  0.001026 63.988076    179.28     -7.46     -1.96
    63145.866173 10.987297  0.000943 61.871977    179.95   -122.62     -0.05
    63155.178573 10.987651  0.000962 59.397336    177.66    103.63      1.64
    63164.490972 10.988020  0.000954 59.479503    173.32    -40.84     -4.01
    63173.803372 10.988461  0.001013 61.692949    170.74    143.66      0.48
    63183.115772 10.988282  0.000938 63.860270    171.44    -47.37     -1.57
    63192.428172 10.988394  0.000902 63.389031    173.03    101.01     -2.58
    63201.740571 10.989032  0.000994 60.624705    172.59   -132.49     -0.93
    63211.052971 10.989486  0.000991 59.102841    169.06    -20.00     -3.27
    63220.365371 10.989159  0.000906 60.260427    165.00     67.83      0.04
    63229.677771 10.989705  0.000979 62.810261    163.96    136.49      0.41
    63238.990171 10.990613  0.001040 64.088486    165.45   -175.22      0.35
    63248.302570 10.990099  0.000959 62.202514    166.45   -146.94      0.94
    63257.614970 10.990783  0.001019 59.634608    164.56   -136.46      0.61
    63266.927370 10.990874  0.000966 59.318040    160.23   -147.12      3.66
    63276.239770 10.990905  0.000974 61.374412    157.34   -172.70      0.81
    63285.552169 10.991110  0.000945 63.776243    157.76    140.18     -2.40
    63294.864569 10.991171  0.000912 63.512126    159.42     66.99      0.72
    63304.176969 10.991649  0.000971 60.837068    159.28    -21.68     -0.12
    63313.489369 10.992097  0.000970 59.148677    155.85   -132.75      3.80
    63322.801768 10.992270  0.000972 60.081365    151.70    107.12     -2.21
    63332.114168 10.992366  0.000961 62.715893    150.49    -43.07     -0.22
    63341.426568 10.993064  0.001000 64.105693    151.90    151.51     -3.63
    63350.738968 10.993191  0.001015 62.262434    153.02    -41.03      0.43
    63360.051367 10.992946  0.000915 59.723727    151.22    112.06      0.33
    63369.363767 10.993058  0.000885 59.294446    146.85   -114.03      1.79
    63378.676167 10.993656  0.000974 61.351187    143.94      1.69      0.49
    63387.988567 10.993595  0.000896 63.817832    144.36     93.83      1.06
    63397.300967 10.994653  0.001031 63.462083    146.03    166.99      0.83
    63406.613366 10.994662  0.001011 60.792150    145.85   -138.05     -0.62
    63415.925766 10.994306  0.000884 59.148637    142.34   -104.63      2.05
    63425.238166 10.995018  0.000978 60.140785    138.22    -83.76     -1.92
    63434.550566 10.995261  0.000981 62.846093    137.16    -92.54      1.72
    63443.862965 10.995159  0.000901 64.069157    138.65   -118.92      2.52
    63453.175365 10.995640  0.000973 62.066061    139.70   -161.79      0.08
    63462.487765 10.995802  0.000931 59.602550    137.61    137.20     -2.41
    63471.800165 10.995986  0.000917 59.365657    133.19     51.29      2.26
    63481.112564 10.996511  0.000990 61.610982    130.56    -49.77      0.82
    63490.424964 10.997328  0.001043 63.949679    131.23   -172.60     -0.24
    63499.737364 10.996834  0.000948 63.217731    132.88     42.18      1.32
    63509.049764 10.997461  0.001010 60.501561    132.35   -120.37      1.01
    63518.362163 10.997215  0.000906 59.125863    128.48     56.89      3.67
    63527.674563 10.997609  0.000954 60.461900    124.61   -139.38      0.18
    63536.986963 10.998228  0.001009 63.213119    124.05      0.79     -1.80
    63546.299363 10.998118  0.000939 63.948281    125.69    120.93     -3.86
    63555.611763 10.998462  0.000984 61.607124    126.38   -143.68     -0.80
    63564.924162 10.998371  0.000899 59.366271    123.73    -62.23     -1.63
    63574.236562 10.999368  0.001016 59.627895    119.28     -3.33      2.00
    63583.548962 10.999351  0.001003 62.141853    117.27     40.30     -0.75
    63592.861362 10.999326  0.000930 64.088110    118.41     55.61      3.73
    63602.173761 10.999591  0.000956 62.710961    119.87     60.21     -0.64
    63611.486161 11.000273  0.001018 59.983145    118.58     40.81      0.25
    63620.798561 11.000804  0.001034 59.190556    114.32      3.98      1.25
    63630.110961 11.000666  0.001012 61.075863    111.02    -51.39      0.40
    63639.423360 11.000947  0.001002 63.665885    111.21   -131.56      2.44
    63648.735760 11.001187  0.000992 63.591725    112.96    135.59     -2.58
    63658.048160 11.001199  0.000983 60.874445    112.94     16.89     -1.07
    63667.360560 11.001375  0.000939 59.139914    109.45   -122.80      4.00
    63676.672959 11.001552  0.000939 60.203015    105.26     89.54     -1.81
    63685.985359 11.002028  0.000988 62.892315    104.28    -89.08      1.26
    63695.297759 11.001733  0.000874 64.054799    105.88     74.20      1.94
    63704.610159 11.002332  0.000960 61.887601    106.78   -139.11     -0.04
    63713.922559 11.002874  0.000988 59.411002    104.43    -10.21     -2.46
    63723.234958 11.002530  0.000885 59.575979     99.93     98.50     -2.41
    63732.547358 11.003121  0.000973 61.999878     97.66   -176.81      0.41
    63741.859758 11.003321  0.000938 64.029877     98.78   -113.36      2.88
    63751.172158 11.003805  0.000981 62.839933    100.28    -61.19     -2.56
    63760.484557 11.003877  0.000966 59.955957     99.05    -36.15      0.37
    63769.796957 11.004522  0.000998 59.191255     94.82    -22.14     -3.15
    63779.109357 11.004751  0.001018 61.165270     91.46    -34.82      0.11
    63788.421757 11.004552  0.000954 63.630505     91.74    -67.22      0.90
    63797.734156 11.004656  0.000903 63.573515     93.54   -120.41      2.75
    63807.046556 11.005150  0.000977 60.730543     93.33    171.38      0.85
    63816.358956 11.005223  0.000929 59.055599     89.73     81.80      2.48
    63825.671356 11.006160  0.001027 60.459628     85.62    -21.27     -1.08
    63834.983755 11.005950  0.000988 63.056642     84.89   -150.22     -0.76
    63844.296155 11.006128  0.000942 63.953885     86.68     55.87      3.75
    63853.608555 11.006215  0.000932 61.623785     87.27   -107.45     -0.85
    63862.920955 11.006873  0.001006 59.171026     84.51     64.47      0.99
    63872.233355 11.007114  0.000973 59.856582     80.08   -143.06      4.23
    63881.545754 11.007278  0.000995 62.453357     78.25     -5.64      1.48
    63890.858154 11.007168  0.000929 63.992696     79.76    108.06      0.62
    63900.170554 11.007919  0.000992 62.452290     81.00   -160.59      3.41
    63909.482954 11.008128  0.001014 59.536888     79.05    -81.28      0.02
    63918.795353 11.008301  0.000977 59.359848     74.68    -20.46     -3.02
    63928.107753 11.008611  0.000989 61.852551     71.92     11.58      2.74
    63937.420153 11.008767  0.001000 63.822758     72.85     30.89     -0.89
    63946.732553 11.009354  0.001016 63.085249     74.56     23.45      2.61
    63956.044952 11.009200  0.000978 60.111716     73.42      2.67      1.65
    63965.357352 11.009224  0.000941 59.026458     69.30    -34.87     -0.82
    63974.669752 11.009206  0.000874 61.258043     65.84    -95.35      0.27
    63983.982152 11.009880  0.000980 63.588153     66.03   -176.98      0.81
    63993.294551 11.009962  0.000932 63.475505     67.99     79.69      2.34
    64002.606951 11.010796  0.001014 60.791701     67.60    -35.08     -2.33
    64011.919351 11.010616  0.000970 58.915436     63.87   -174.42     -0.52
    64021.231751 11.011400  0.001023 60.644694     59.95     26.28      1.97
    64030.544151 11.011079  0.000955 63.337936     59.35   -151.96      2.45
    64039.856550 11.011537  0.001001 63.686522     61.32     12.44     -1.18
    64049.168950 11.012068  0.001013 61.408957     61.65    157.02     -3.10
    64058.481350 11.012000  0.000994 59.038810     58.33    -79.35     -1.53
    64067.793750 11.012501  0.001022 60.057244     54.14     25.34     -0.38
    64077.106149 11.012167  0.000916 63.013941     52.87    113.74     -3.49
    64086.418549 11.012605  0.000982 63.825324     54.60    173.61      0.53
    64095.730949 11.013210  0.001004 61.880406     55.56   -143.48      2.33
    64105.043349 11.012749  0.000906 59.310503     52.76   -113.40      0.11
    64114.355748 11.013596  0.001015 59.601710     48.36   -104.61      0.17
    64123.668148 11.013468  0.000926 62.593062     46.53   -119.84      3.47
    64132.980548 11.013774  0.000961 63.953594     47.95   -150.51      1.34
    64142.292948 11.014037  0.000964 62.230878     49.33    159.92     -1.92
    64151.605347 11.013857  0.000870 59.633021     47.11     88.48     -0.18
    64160.917747 11.014589  0.000971 59.336028     42.60     -0.70      1.05
    64170.230147 11.014872  0.000964 62.110820     40.29   -111.60      2.93
    64179.542547 11.015120  0.000957 64.051299     41.37    125.02     -3.32
    64188.854947 11.015274  0.000973 62.538963     43.00    -28.50      0.32
    64198.167346 11.016029  0.001013 59.886875     41.38    167.27     -2.86
    64207.479746 11.016271  0.001026 59.244335     36.83    -20.78      0.46
    64216.792146 11.015980  0.000962 61.650483     34.07    133.45      0.44
    64226.104546 11.015800  0.000864 64.023957     34.91    -93.52      0.65
    64235.416945 11.016503  0.000968 62.870490     36.63     19.39      1.19
    64244.729345 11.016595  0.000924 60.053773     35.52    115.25      0.39
    64254.041745 11.017522  0.001014 59.205031     31.10   -168.77      2.64
    64263.354145 11.017438  0.000998 61.312349     27.89   -107.26     -1.07
    64272.666544 11.017206  0.000903 63.864524     28.50    -71.95     -0.29
    64281.978944 11.017983  0.000987 63.186533     30.31    -53.18     -2.37
    64291.291344 11.018061  0.000977 60.209683     29.55    -58.68      1.16
    64300.603744 11.017811  0.000873 59.150654     25.33    -75.51     -1.03
    64309.916144 11.018374  0.000939 61.124277     21.77   -114.65     -0.45
    64319.228543 11.018959  0.001001 63.664831     22.14   -174.26     -1.57
    64328.540943 11.018637  0.000884 63.438981     24.02    106.25     -2.37
    64337.853343 11.019212  0.000966 60.413870     23.49      4.71      0.59
    64347.165743 11.019550  0.000961 59.049368     19.49   -113.99      3.07
    64356.478142 11.019665  0.000931 61.032155     15.69    117.48     -3.52
    64365.790542 11.020091  0.000990 63.515961     15.78    -43.87      0.70
    64375.102942 11.020243  0.000947 63.541339     17.79    143.32     -3.91
    64384.415342 11.020803  0.001004 60.660002     17.40    -53.53     -2.16
    64393.727741 11.020838  0.000987 58.940031     13.53     89.90      1.38
    64403.040141 11.021232  0.000977 60.913886      9.66   -144.71      4.01
    64412.352541 11.021561  0.001021 63.487418      9.49    -34.28      0.27
    64421.664941 11.021781  0.001008 63.511418     11.57     50.08      1.54
    64430.977340 11.021761  0.000948 60.852933     11.35    123.56     -3.74
    64440.289740 11.021984  0.000972 58.912024      7.47    169.53      0.87
    64449.602140 11.022717  0.001024 60.755073      3.60   -158.66      0.19
    64458.914540 11.022472  0.000958 63.536070      3.30   -151.06      2.93
    64468.226940 11.022834  0.000997 63.471258      5.37   -157.93     -1.03
    64477.539339 11.023514  0.001023 60.928468      5.28    174.04     -1.71
    64486.851739 11.023506  0.001009 58.981126      1.37    127.77     -1.05
    64496.164139 11.023757  0.001011 60.628556     -2.51     60.26      0.98
    64505.476539 11.024185  0.001014 63.593344     -2.82    -22.10     -2.97
    64514.788938 11.023928  0.000972 63.484391     -0.82   -131.53     -0.46
    64524.101338 11.023894  0.000905 60.864510     -0.80    101.76      0.72
    64533.413738 11.024834  0.001004 59.086220     -4.76    -36.58     -2.87
    64542.726138 11.024646  0.000972 60.601636     -8.69    158.07      0.80
    64552.038537 11.025209  0.000985 63.581029     -8.87    -20.91     -3.34
    64561.350937 11.025480  0.001007 63.549866     -6.94    134.40     -1.64
    64570.663337 11.025553  0.000988 60.706917     -6.97    -90.45      1.28
    64579.975737 11.026012  0.000988 59.117477    -10.91     28.98      3.34
    64589.288136 11.026218  0.001014 60.723443    -14.89    134.88     -0.23
    64598.600536 11.026483  0.001014 63.518275    -14.92   -145.20      0.13
    64607.912936 11.026036  0.000889 63.577473    -12.95    -82.67     -1.77
    64617.225336 11.026791  0.000997 60.571106    -13.18    -43.29      1.00
    64626.537736 11.027132  0.000985 59.057278    -17.14    -14.43     -2.92
    64635.850135 11.027603  0.001019 60.947135    -21.05    -11.86      0.68
    64645.162535 11.027352  0.000972 63.527398    -20.94    -27.30      0.20
    64654.474935 11.027285  0.000891 63.495871    -18.91    -59.99     -3.01
    64663.787335 11.027696  0.000937 60.487065    -19.41   -116.10     -0.48
    64673.099734 11.028204  0.000975 58.980940    -23.46    173.98     -1.88
    64682.412134 11.027911  0.000866 61.194890    -27.19     80.55      1.30
    64691.724534 11.028829  0.001004 63.641913    -26.93    -30.67      0.72
    64701.036934 11.029341  0.001028 63.283474    -24.83   -162.27     -0.07
    64710.349333 11.028872  0.000914 60.393217    -25.65     44.97      3.28
    64719.661733 11.029490  0.000993 58.967291    -29.92   -117.91     -0.94
    64728.974133 11.029739  0.000966 61.395379    -33.30     50.91      3.37
    64738.286533 11.029868  0.000960 63.837793    -32.82   -156.13      2.68
    64747.598932 11.030004  0.000963 62.979495    -30.80    -21.11     -0.75
    64756.911332 11.029873  0.000867 60.192683    -31.89     93.07     -0.44
    64766.223732 11.030615  0.000967 59.088419    -36.41   -171.78      1.75
    64775.536132 11.030870  0.000970 61.584232    -39.44    -95.00      1.73
    64784.848532 11.031406  0.000992 64.010707    -38.60    -34.21     -3.03
    64794.160931 11.031255  0.000972 62.694064    -36.75     -1.74      0.48
    64803.473331 11.032069  0.001028 59.873394    -38.22     17.25     -0.07
    64812.785731 11.032036  0.000979 59.323670    -42.91     15.95      2.91
    64822.098131 11.031984  0.000968 61.871518    -45.53      0.13     -0.54
    64831.410530 11.032323  0.000949 64.077165    -44.30    -36.74     -4.05
    64840.722930 11.032454  0.000950 62.433023    -42.73    -98.94     -1.26
    64850.035330 11.032951  0.000990 59.514004    -44.66   -175.63     -1.87
    64859.347730 11.032499  0.000857 59.599883    -49.39     88.07      0.15
    64868.660129 11.033475  0.001001 62.291029    -51.60    -27.60      0.83
    64877.972529 11.033973  0.001025 64.005121    -49.94   -163.15     -0.33
    64887.284929 11.033672  0.000935 62.128444    -48.71     37.93      3.64
    64896.597329 11.034067  0.000984 59.210955    -51.28   -129.91     -1.03
    64905.909728 11.034658  0.001002 59.857387    -55.86     36.14      2.47
    64915.222128 11.034754  0.000994 62.798477    -57.52   -174.60      2.38
    64924.534528 11.034661  0.000964 63.826998    -55.60    -45.04      0.28
    64933.846928 11.034742  0.000900 61.683344    -54.73     61.29      3.23
    64943.159328 11.035512  0.001004 59.057008    -57.98    155.77      1.27
    64952.471727 11.035829  0.001013 60.154426    -62.35   -130.15      0.77
    64961.784127 11.035402  0.000891 63.288247    -63.28    -74.01     -2.35
    64971.096527 11.036081  0.000999 63.624843    -61.22    -45.12      0.80
    64980.408927 11.036245  0.000956 61.086498    -60.87    -27.28     -3.42
    64989.721326 11.036915  0.001014 59.061784    -64.75    -31.93     -1.32
    64999.033726 11.036722  0.000980 60.606674    -68.78    -56.39      1.03
    65008.346126 11.036543  0.000882 63.654474    -68.89   -100.93      2.26
    65017.658526 11.037242  0.000972 63.389159    -66.85   -163.87      2.03
    65026.970925 11.037304  0.000942 60.423008    -67.20    115.81      0.67
    65036.283325 11.038234  0.001019 59.158564    -71.55     15.91      2.65
    65045.595725 11.037975  0.000975 61.240710    -75.11    -97.68     -1.32
    65054.908125 11.037917  0.000920 63.851706    -74.39    122.36     -0.87
    65064.220524 11.038790  0.001006 63.017534    -72.50    -34.29     -2.73
    65073.532924 11.038710  0.000980 59.809793    -73.78    145.58      0.99
    65082.845324 11.038702  0.000914 59.323093    -78.36    -44.00     -2.97
    65092.157724 11.039061  0.000940 62.001083    -81.20    102.33     -2.50
    65101.470124 11.039590  0.001006 63.892758    -79.82   -134.90     -0.48
    65110.782523 11.039936  0.000986 62.440387    -78.23    -26.08     -3.31
    65120.094923 11.039709  0.000944 59.377325    -80.55     60.56     -0.83
    65129.407323 11.039872  0.000926 59.620500    -85.18    130.85     -0.15
    65138.719723 11.040931  0.001028 62.762042    -87.04   -179.21      0.72
    65148.032122 11.040584  0.000974 63.829099    -85.18   -148.49     -0.48
    65157.344522 11.041211  0.001003 61.653578    -84.17   -140.66      2.36
    65166.656922 11.041028  0.000939 59.159904    -87.50   -146.77      3.07
    65175.969322 11.041329  0.000972 60.159664    -91.90   -167.19     -0.84
    65185.281721 11.041738  0.000962 63.376892    -92.61    150.55     -3.95
    65194.594121 11.041669  0.000938 63.620844    -90.56     82.59     -1.49
    65203.906521 11.042146  0.000975 60.757365    -90.41     -1.36     -1.76
    65213.218921 11.041806  0.000860 59.124650    -94.53   -105.09      1.71
    65222.531320 11.042817  0.001010 60.969310    -98.42    137.02      0.10
    65231.843720 11.043067  0.000995 63.756239    -97.98     -2.38     -1.94
    65241.156120 11.043409  0.000998 63.171808    -95.97   -167.81      2.90
    65250.468520 11.043209  0.000963 59.930279    -97.03     17.23     -0.61
    65259.780920 11.044045  0.001020 59.270440   -101.59   -177.48     -1.33
    65269.093319 11.044195  0.001018 61.935780   -104.56    -32.53     -1.23
    65278.405719 11.044141  0.000997 63.886330   -103.20     88.31      0.98
    65287.718119 11.044813  0.001024 62.425954   -101.58   -167.91      1.47
    65297.030519 11.044657  0.000989 59.346425   -103.96    -77.36     -1.53
    65306.342918 11.044794  0.000971 59.684885   -108.61     -7.47     -2.00
    65315.655318 11.045067  0.000951 62.883639   -110.31     35.85      3.89
    65324.967718 11.045318  0.000989 63.781623   -108.35     68.59     -0.82
    65334.280118 11.045335  0.000924 61.427753   -107.52     73.98      3.19
    65343.592517 11.045304  0.000881 59.104818   -111.15     70.40      0.24
    65352.904917 11.046123  0.000993 60.433906   -115.41     45.84     -0.85
    65362.217317 11.046804  0.001031 63.598700   -115.67     -0.56     -1.26
    65371.529717 11.046556  0.000977 63.398740   -113.57    -66.41     -2.05
    65380.842116 11.046934  0.001004 60.348646   -113.94   -152.62     -0.82
    65390.154516 11.046485  0.000868 59.192485   -118.42    108.02     -2.51
    65399.466916 11.047338  0.000992 61.482808   -121.82    -16.51      1.32
    65408.779316 11.047818  0.001018 63.927806   -120.76   -157.66     -0.17
    65418.091716 11.047608  0.000937 62.673486   -118.97     37.25      3.64
    65427.404115 11.047909  0.000974 59.463893   -120.89   -136.76     -1.06
    65436.716515 11.048677  0.001018 59.616052   -125.63     25.13      1.03
    65446.028915 11.048814  0.001014 62.619501   -127.67    169.08      1.01
    65455.341315 11.048639  0.000977 63.835199   -125.73    -68.67      0.96
    65464.653714 11.049149  0.000978 61.636013   -124.78     32.89      3.52
    65473.966114 11.049416  0.001005 59.020632   -128.22    124.77     -0.58
    65483.278514 11.049619  0.000999 60.407405   -132.55   -165.49     -1.46
    65492.590914 11.049312  0.000896 63.570610   -133.00   -122.12      3.39
    65501.903313 11.050017  0.001001 63.334308   -130.78    -90.41     -0.64
    65511.215713 11.049747  0.000892 60.447754   -131.16    -82.22      1.04
    65520.528113 11.049983  0.000892 59.152119   -135.73    -85.19     -2.05
    65529.840513 11.050788  0.001004 61.503803   -138.99   -113.08     -0.43
    65539.152913 11.051411  0.001025 64.041213   -137.90   -162.37      1.34
    65548.465313 11.051378  0.001008 62.470224   -136.16    134.04     -1.44
    65557.777714 11.051566  0.001003 59.413646   -138.21     48.61      0.11
    65567.090114 11.051461  0.000926 59.791805   -143.05    -47.57     -4.34
    65576.402514 11.051808  0.000973 62.715632   -144.79   -174.83      1.54
    65585.714915 11.052370  0.001005 63.860924   -142.68     42.61      1.26
    65595.027315 11.051918  0.000885 61.329010   -142.06   -118.16      1.74
    65604.339716 11.052634  0.000991 58.920751   -145.77     67.51     -1.09
    65613.652116 11.053025  0.000984 60.814471   -149.93   -132.43      2.97
    65622.964517 11.053215  0.000986 63.690831   -149.91     11.47      2.47
    65632.276917 11.053142  0.000958 63.074696   -147.65    136.19      0.43
    65641.589318 11.053286  0.000908 60.137306   -148.69   -121.35      3.89
    65650.901718 11.054037  0.001007 59.201497   -153.45    -28.83      0.74
    65660.214118 11.054301  0.001015 62.041060   -156.10     40.29      0.31
    65669.526519 11.053712  0.000860 64.089445   -154.62     89.24     -0.51
    65678.838919 11.054677  0.001002 61.866629   -153.17    117.55      0.21
    65688.151320 11.054451  0.000904 59.231490   -156.01    132.21     -2.15
    65697.463720 11.055043  0.000959 60.222670   -160.78    128.98     -3.76
    65706.776121 11.055364  0.000999 63.171524   -161.54     98.24      0.43
    65716.088521 11.055519  0.000952 63.670656   -159.27     47.67      4.10
    65725.400922 11.056015  0.001006 60.559893   -159.51    -13.63      1.34
    65734.713322 11.056011  0.000982 58.988237   -163.81    -94.89      1.43
    65744.025722 11.056704  0.001017 61.626080   -167.32    168.28     -1.79
    65753.338123 11.056258  0.000949 63.866433   -166.34     45.16     -0.05
    65762.650523 11.056584  0.000945 62.476838   -164.38    -98.36      2.25
    65771.962924 11.056685  0.000910 59.514820   -166.66    109.81     -3.01
    65781.275324 11.057314  0.001001 59.656703   -171.49    -68.34      0.33
    65790.587725 11.057044  0.000897 62.960462   -172.94     95.21      1.03
    65799.900125 11.057337  0.000909 63.807862   -170.88   -120.36      0.72
    65809.212526 11.057854  0.000973 60.911810   -170.37      7.16     -1.37
    65818.524926 11.057705  0.000879 59.110784   -174.43    118.16     -2.79
    65827.837326 11.058262  0.000947 61.079984   -178.43   -155.39      1.67
    65837.149727 11.058493  0.000953 63.790805   -177.75    -86.40      1.53
    65846.462127 11.059141  0.000986 62.901801   -175.73    -31.52     -3.38
    65855.774528 11.059042  0.000965 59.558955   -177.44     -2.89      0.90
    65865.086928 11.059800  0.001022 59.564779    177.77     14.39     -0.69
    65874.399329 11.059964  0.001004 62.726218    175.72      7.10      2.42
    65883.711729 11.059749  0.000969 63.780016    177.78    -16.45      0.28
    65893.024129 11.059740  0.000893 61.355312    178.58    -56.72     -3.16
    65902.336530 11.059943  0.000906 59.015373    174.68   -119.51      0.13
    65911.648930 11.060400  0.000954 60.811485    170.60    162.68     -0.80
    65920.961331 11.060478  0.000897 63.862842    170.90     58.56      3.68
    65930.273731 11.061234  0.001006 62.875224    173.05    -56.72     -0.36
    65939.586132 11.061349  0.000971 59.762845    171.68    168.69     -2.45
    65948.898532 11.061929  0.001005 59.533641    166.73     10.89      2.59
    65958.210933 11.061625  0.000962 62.430508    164.59   -159.95     -0.09
    65967.523333 11.062472  0.001019 63.968184    166.59      6.28     -1.02
    65976.835733 11.062625  0.001013 61.368359    167.41    153.35     -0.36
    65986.148134 11.062500  0.000978 58.934013    163.76    -77.46      1.31
    65995.460534 11.063052  0.000990 60.933519    159.51     33.34      3.24
    66004.772935 11.063201  0.001001 63.704562    159.72    129.30     -1.00
    66014.085335 11.063489  0.001008 62.933610    162.02   -159.64     -0.85
    66023.397736 11.062910  0.000861 59.873043    160.50   -107.23      1.89
    66032.710136 11.063847  0.001000 59.380570    155.60    -66.72     -0.43
    66042.022537 11.063666  0.000917 62.596548    153.57    -47.80     -1.94
    66051.334937 11.064270  0.000966 63.960638    155.48    -49.19     -3.35
    66060.647337 11.064548  0.000997 61.166359    156.36    -74.88      0.77
    66069.959738 11.064407  0.000908 59.100025    152.55   -114.99      3.35
    66079.272138 11.065009  0.000978 60.965630    148.30   -169.95      2.71
    66088.584539 11.065067  0.000965 63.713498    148.83    114.22      0.86
    66097.896939 11.065830  0.001011 62.941758    150.97     15.86      2.44
    66107.209340 11.065627  0.000974 59.569471    149.24    -93.68     -1.44
    66116.521740 11.065564  0.000921 59.561951    144.40    135.05     -0.88
    66125.834141 11.066608  0.001022 62.856851    142.51    -15.28     -1.16
    66135.146541 11.066272  0.000972 63.715475    144.67    171.14      0.59
    66144.458941 11.066786  0.000978 61.073553    145.25    -14.95     -3.16
    66153.771342 11.067127  0.000996 59.043691    141.04    138.44     -1.84
    66163.083742 11.067212  0.000997 61.150353    137.22    -88.93      0.73
    66172.396143 11.067763  0.001010 63.996685    138.05     23.55      2.37
    66181.708543 11.067734  0.000995 62.497953    140.00    122.27     -1.21
    66191.020944 11.068040  0.001000 59.386260    137.91   -159.67     -1.26
    66200.333344 11.067478  0.000855 59.956278    132.93   -100.56      1.24
    66209.645745 11.068471  0.001006 62.999705    131.64    -58.40     -0.28
    66218.958145 11.068342  0.000933 63.677246    134.02    -36.35     -2.73
    66228.270545 11.069158  0.001007 60.659789    133.93    -33.98     -2.21
    66237.582946 11.069013  0.000981 58.972151    129.46    -51.12      1.16
    66246.895346 11.068791  0.000878 61.791661    126.13    -83.48      0.43
    66256.207747 11.069240  0.000929 63.976457    127.40   -138.84      1.93
    66265.520147 11.069539  0.000949 61.988782    129.16    150.28     -0.62
    66274.832548 11.069659  0.000899 59.283899    126.21     56.90      3.72
    66284.144948 11.070421  0.001005 60.234929    121.43    -45.89     -0.06
    66293.457349 11.070629  0.000998 63.441272    121.06   -172.64     -1.58
    66302.769749 11.070685  0.000948 63.387706    123.35     34.36      3.73
    66312.082149 11.070907  0.000977 59.963196    122.54   -125.97     -1.00
    66321.394550 11.071385  0.000983 59.336942    117.73     48.80      2.75
    66330.706950 11.071367  0.000947 62.385634    115.10   -152.47      3.13
    66340.019351 11.071549  0.000966 63.840536    117.08    -11.38     -0.61
    66349.331751 11.071391  0.000865 61.493780    118.11    109.64     -2.12
    66358.644152 11.071953  0.000933 58.990120    114.25   -150.18      1.53
    66367.956552 11.072164  0.000940 60.913635    110.13    -64.55      0.72
    66377.268952 11.073224  0.001030 63.934773    110.61     -0.10      0.37
    66386.581353 11.072725  0.000958 62.620744    112.75     45.09     -0.35
    66395.893753 11.072981  0.000941 59.532683    110.87     69.39      3.03
    66405.206154 11.072822  0.000867 59.851080    105.80     85.14     -1.15
    66414.518554 11.073664  0.000995 62.934593    104.46     74.82     -0.51
    66423.830955 11.074007  0.000977 63.728369    106.83     40.63      3.38
    66433.143355 11.074261  0.000992 60.548931    106.73     -5.01      1.88
    66442.455756 11.074190  0.000961 59.014545    102.22    -68.36      1.43
    66451.768156 11.074832  0.000988 61.955242     98.95   -152.78      3.06
    66461.080556 11.074856  0.000991 63.911053    100.45    107.68     -1.28
    66470.392957 11.074983  0.000960 61.819950    102.05    -14.29     -2.39
    66479.705357 11.075472  0.000974 59.179220     98.69   -158.28      3.30
    66489.017758 11.075451  0.000970 60.489712     94.13     49.57     -1.00
    66498.330158 11.075884  0.000981 63.711952     94.23   -132.39      3.02
    66507.642559 11.075895  0.000945 63.026107     96.46     30.63      3.00
    66516.954959 11.076117  0.000959 59.615436     95.05   -179.66     -0.99
    66526.267360 11.076149  0.000898 59.678519     90.04    -47.28     -3.83
    66535.579760 11.076375  0.000918 62.821836     88.19     57.82      0.47
    66544.892160 11.076742  0.000942 63.700878     90.55    147.23     -1.04
    66554.204561 11.077212  0.000953 60.852176     90.77   -147.10      4.36
    66563.516961 11.077448  0.000981 58.979915     86.27    -86.25     -1.44
    66572.829362 11.077342  0.000915 61.716316     82.90    -50.95     -1.29
    66582.141762 11.078215  0.000997 64.049258     84.25    -34.72     -2.59
    66591.454163 11.078097  0.000977 61.812757     85.91    -42.55      0.93
    66600.766563 11.077952  0.000884 59.181159     82.76    -59.65     -2.09
    66610.078964 11.078296  0.000909 60.572930     78.04    -97.66     -1.39
    66619.391364 11.078894  0.000989 63.576514     78.13   -157.18     -1.10
    66628.703764 11.078829  0.000905 63.074275     80.46    126.87     -3.69
    66638.016165 11.079104  0.000938 59.606228     78.87     27.64      0.62
    66647.328565 11.079383  0.000939 59.600255     73.92    -85.63      1.97
    66656.640966 11.080078  0.000983 63.024040     72.21    147.80     -3.26
    66665.953366 11.079959  0.000968 63.585841     74.56     -8.80      0.55
    66675.265767 11.080686  0.001014 60.646425     74.70   -176.92     -1.65
    66684.578167 11.080961  0.001015 59.150244     69.97     -5.43      1.35
    66693.890568 11.080624  0.000959 61.823070     66.83    149.96      0.46
    66703.202968 11.080424  0.000856 64.074819     68.49    -74.95     -1.13
    66712.515368 11.080991  0.000930 61.625681     69.82     37.98      1.42
    66721.827769 11.081253  0.000930 58.986858     66.35    138.69     -0.23
    66731.140169 11.081803  0.000955 60.977740     61.89   -144.31      4.41
    66740.452570 11.082029  0.000989 63.733683     62.34    -78.43     -1.17
    66749.764970 11.081984  0.000929 62.664372     64.65    -36.79     -2.43
    66759.077371 11.082964  0.001022 59.483720     62.42    -14.26      0.05
    66768.389771 11.082531  0.000957 59.844571     57.44     -7.17      0.67
    66777.702172 11.083113  0.000982 63.337611     56.52    -16.71     -3.00
    66787.014572 11.083321  0.000988 63.418539     58.89    -50.75     -1.88
    66796.326972 11.083519  0.000995 60.049109     58.34   -104.25      1.11
    66805.639373 11.084189  0.001020 59.407304     53.37   -170.01      0.85
    66814.951773 11.083960  0.000984 62.416168     50.87    106.66     -1.64
    66824.264174 11.084247  0.000986 63.846679     53.08     -0.51     -1.92
    66833.576574 11.084060  0.000899 61.121714     53.72   -130.41      3.55
    66842.888975 11.084679  0.000992 58.925122     49.45     93.32     -0.59
    66852.201375 11.084395  0.000886 61.581182     45.78    -66.30     -0.42
    66861.513775 11.084928  0.000933 64.022078     47.01    116.36     -3.12
    66870.826176 11.085404  0.000989 61.858935     48.81    -86.94      0.77
    66880.138576 11.085364  0.000917 59.197231     45.60     54.95      4.03
    66889.450977 11.085893  0.000976 60.636287     40.87   -175.53      2.42
    66898.763377 11.085867  0.000950 63.668319     41.17    -67.99      0.83
    66908.075778 11.086648  0.000999 62.898436     43.46     16.93      2.93
    66917.388178 11.086542  0.000981 59.412656     41.49     91.86     -1.25
    66926.700579 11.086492  0.000923 59.872429     36.53    146.23     -1.88
    66936.012979 11.087452  0.001021 63.311843     35.37    177.06      0.96
    66945.325379 11.087093  0.000965 63.324480     37.87   -168.81     -0.31
    66954.637780 11.087904  0.001013 60.186755     37.28   -172.31     -0.76
    66963.950180 11.088041  0.001009 59.346830     32.22    166.52      1.10
    66973.262581 11.087823  0.000962 62.452227     29.93    126.92      0.74
    66982.574981 11.087815  0.000891 63.937721     32.12     63.69      3.48
    66991.887382 11.088465  0.000979 60.807715     32.63    -12.07      1.37
    67001.199782 11.088660  0.000969 59.019045     28.25   -106.98      2.28
    67010.512183 11.089085  0.000972 61.878404     24.68    146.62     -3.66
    67019.824583 11.089017  0.000963 63.877258     26.28      8.79      0.32
    67029.136983 11.089692  0.001003 61.710496     27.83   -145.66      2.30
    67038.449384 11.089254  0.000900 59.085919     24.08     46.52      2.79
    67047.761784 11.089881  0.000982 60.895537     19.78   -135.76     -0.83
    67057.074185 11.090594  0.001020 63.972721     20.54     15.24      1.09
    67066.386585 11.090596  0.001008 62.370696     22.58    150.49      0.11
    67075.698986 11.090526  0.000966 59.184031     20.05    -93.24      1.58
    67085.011386 11.091314  0.001017 60.409149     15.09      8.19      1.43
    67094.323787 11.091013  0.000974 63.499316     14.78     91.14     -1.30
    67103.636187 11.091120  0.000939 63.022310     17.31    152.03     -2.35
    67112.948587 11.091770  0.000989 59.713327     15.69   -168.70      2.76
    67122.260988 11.091696  0.000969 59.627071     10.60   -137.20     -1.10
    67131.573388 11.092117  0.000973 63.173805      9.31   -134.23      2.87
    67140.885789 11.092063  0.000937 63.505780     11.72   -146.60      2.40
    67150.198189 11.092395  0.000967 60.084408     11.30   -173.06     -1.52
    67159.510590 11.092637  0.000934 59.423706      6.28    143.78     -4.04
    67168.822990 11.092735  0.000938 62.524894      3.86     75.56     -1.23
    67178.135391 11.093178  0.000967 63.778927      6.22    -10.55     -2.08
    67187.447791 11.092953  0.000872 60.861385      6.58   -119.14      2.89
    67196.760191 11.093757  0.000994 58.991605      1.97    123.92      0.45
    67206.072592 11.094000  0.000973 62.001927     -1.23    -11.60     -2.85
    67215.384992 11.094496  0.001004 64.017860      0.50   -175.91      2.20
    67224.697393 11.094224  0.000960 61.266711      1.78      9.19     -0.85
    67234.009793 11.095108  0.001018 59.096225     -2.24    176.82     -1.60
    67243.322194 11.095145  0.001009 61.376257     -6.36    -34.83     -0.99
    67252.634594 11.095034  0.000972 63.883176     -5.04     89.75      1.36
    67261.946995 11.095667  0.000999 62.053475     -3.25   -162.85      2.85
    67271.259395 11.095709  0.000998 58.998074     -6.62    -65.90     -0.75
    67280.571795 11.095975  0.000994 60.796105    -11.12     10.14     -1.46
    67289.884196 11.095566  0.000878 63.915396    -10.65     61.31      2.13
    67299.196596 11.096386  0.000999 62.359003     -8.39     98.34      0.21
    67308.508997 11.096048  0.000877 59.318781    -10.91    119.38     -1.45
    67317.821397 11.096782  0.000964 60.350121    -15.96    123.93     -2.95
    67327.133798 11.096966  0.000979 63.515474    -16.09    101.23      1.05
    67336.446198 11.096913  0.000897 63.023836    -13.63     60.32      3.93
    67345.758598 11.097377  0.000954 59.478114    -15.47      8.73      1.68
    67355.070999 11.097357  0.000918 59.863554    -20.51    -60.99      0.63
    67364.383399 11.098142  0.000975 63.428087    -21.52   -154.94      3.71
    67373.695800 11.098245  0.000993 63.181560    -18.97     98.16     -0.62
    67383.008200 11.098347  0.000940 59.896909    -19.94    -27.09     -3.30
    67392.320601 11.099021  0.001001 59.638328    -25.20   -175.96      2.46
    67401.633001 11.098754  0.000965 62.876170    -26.81     23.23     -0.75
    67410.945402 11.099598  0.001018 63.652658    -24.28   -163.44      1.45
    67420.257802 11.099510  0.000989 60.197251    -24.72     -4.66      1.91
    67429.570202 11.099334  0.000935 59.249026    -29.67    139.96      0.31
    67438.882603 11.099265  0.000856 62.731970    -32.03    -97.32      1.19
    67448.195003 11.099982  0.000967 63.679265    -29.70      5.38      1.35
    67457.507404 11.100070  0.000925 60.578326    -29.38     89.70      2.19
    67466.819804 11.101011  0.001016 59.238150    -34.28    163.35     -0.91
    67476.132205 11.100623  0.000960 62.159261    -37.18   -146.15     -0.67
    67485.444605 11.100920  0.000939 63.941557    -35.00   -120.54      3.28
    67494.757006 11.100864  0.000899 60.959107    -34.32   -103.97     -0.62
    67504.069406 11.101606  0.000996 58.965040    -38.78   -108.26      0.42
    67513.381806 11.101719  0.000943 62.017132    -42.22   -133.80      4.12
    67522.694207 11.101978  0.000974 63.912264    -40.42   -174.17      1.78
    67532.006607 11.101887  0.000918 61.249380    -39.13    126.75     -0.45
    67541.319008 11.102198  0.000908 59.117146    -43.42     46.21      4.31
    67550.631408 11.102787  0.000993 61.513888    -47.28    -44.32      0.41
    67559.943809 11.103292  0.001015 64.002730    -45.64   -160.22      0.21
    67569.256209 11.102650  0.000877 61.643789    -44.19     65.23      1.21
    67578.568610 11.103447  0.000988 58.907454    -48.02    -83.35      0.44
    67587.881010 11.103114  0.000871 61.385089    -52.18    111.24     -1.43
    67597.193410 11.103707  0.000944 63.949104    -51.02    -75.71     -2.54
    67606.505811 11.104194  0.000990 61.788261    -49.11     73.18      1.23
    67615.818211 11.104529  0.000973 59.143564    -52.68   -151.17      3.57
    67625.130612 11.104687  0.000995 60.984332    -57.18    -28.13      0.91
    67634.443012 11.104768  0.000965 63.893985    -56.17     69.05      2.27
    67643.755413 11.105383  0.001002 62.175161    -54.20    153.98     -2.14
    67653.067813 11.105149  0.000960 58.986029    -57.39   -142.28     -1.13
    67662.380214 11.105191  0.000904 60.871743    -62.02    -98.52      2.45
    67671.692614 11.105606  0.000936 63.896484    -61.46    -66.58     -2.75
    67681.005014 11.105861  0.000960 62.205473    -59.17    -63.39      1.05
    67690.317415 11.105648  0.000856 59.254366    -62.11    -68.00     -2.30
    67699.629815 11.106258  0.000933 60.619814    -67.02    -93.36     -1.71
    67708.942216 11.106884  0.001003 63.753838    -66.52   -141.91      0.19
    67718.254616 11.107293  0.000998 62.564005    -64.27    155.96     -2.80
    67727.567017 11.107068  0.000963 59.126655    -66.96     73.74     -1.39
    67736.879417 11.107280  0.000940 60.510942    -71.81    -22.88     -2.75
    67746.191818 11.107524  0.000933 63.813406    -71.73   -147.74      3.73
    67755.504218 11.107980  0.000998 62.480885    -69.29     77.85     -0.16
    67764.816618 11.107551  0.000860 59.354231    -71.72    -75.60     -0.40
    67774.129019 11.108353  0.000962 60.385743    -76.83    116.76     -2.62
    67783.441419 11.108515  0.000969 63.603669    -76.76    -78.61      1.12
    67792.753820 11.108350  0.000870 62.791661    -74.32     69.48      2.44
    67802.066220 11.108807  0.000934 59.246534    -76.66   -154.80      0.62
    67811.378621 11.108968  0.000921 60.268614    -81.66    -35.79     -1.49
    67820.691021 11.109111  0.000884 63.743058    -81.86     56.30      2.98
    67830.003421 11.109726  0.000977 62.642354    -79.33    135.11      0.81
    67839.315822 11.110450  0.001015 59.408309    -81.48   -163.02     -0.12
    67848.628222 11.109809  0.000886 60.289359    -86.70   -119.37      1.37
    67857.940623 11.110518  0.000991 63.523622    -86.84    -95.18      0.69
    67867.253023 11.110087  0.000848 62.894469    -84.31    -90.90      0.63
    67876.565424 11.110664  0.000926 59.341153    -86.52    -99.87     -1.47
    67885.877824 11.111396  0.001001 60.162675    -91.55   -129.99      0.57
    67895.190225 11.111968  0.001022 63.726413    -91.86   -178.50      0.66
    67904.502625 11.111756  0.000996 62.704880    -89.34    114.41     -0.40
    67913.815025 11.112205  0.001002 59.396059    -91.38     29.30      0.57
    67923.127426 11.111842  0.000907 60.298310    -96.61    -66.02     -3.84
    67932.439826 11.112215  0.000962 63.513119    -96.82    168.47      0.47
    67941.752227 11.112948  0.000999 62.862257    -94.24     26.07      2.09
    67951.064627 11.112405  0.000898 59.352893    -96.49   -128.35      0.70
    67960.377028 11.113235  0.001001 60.166499   -101.55     59.52      0.02
    67969.689428 11.113253  0.000941 63.748507   -101.74   -137.95      4.11
    67979.001829 11.113373  0.000954 62.658735    -99.25     12.11      1.29
    67988.314229 11.113518  0.000920 59.308080   -101.42    146.40     -1.80
    67997.626629 11.113438  0.000856 60.415677   -106.61   -100.60      0.69
    68006.939030 11.114114  0.000964 63.578574   -106.65     -6.44      0.68
    68016.251430 11.114296  0.000924 62.714215   -104.10     65.09      3.65
    68025.563831 11.114866  0.000975 59.318653   -106.60    131.40     -2.88
    68034.876231 11.114734  0.000947 60.312146   -111.59    171.51     -0.38
    68044.188632 11.115700  0.001019 63.831852   -111.48   -167.89      0.81
    68053.501032 11.115326  0.000957 62.517947   -109.11   -166.34      2.12
    68062.813433 11.115693  0.000973 59.173856   -111.60   -175.52     -1.85
    68072.125833 11.116201  0.000989 60.646895   -116.65    156.57     -3.10
    68081.438233 11.116170  0.000987 63.704356   -116.38    104.15     -1.05
    68090.750634 11.116652  0.001000 62.430520   -113.92     32.07      1.04
    68100.063034 11.116700  0.000965 59.225775   -116.84    -47.80     -3.50
    68109.375435 11.116674  0.000956 60.587957   -121.71   -152.48     -0.57
    68118.687835 11.116602  0.000882 63.916196   -121.10     81.93      2.03
    68128.000236 11.117415  0.000982 62.224975   -118.91    -55.19     -2.17
    68137.312636 11.117299  0.000935 59.017036   -121.96    145.38      0.13
    68146.625037 11.117922  0.000967 60.992938   -126.72    -24.70     -3.54
    68155.937437 11.118168  0.000997 63.839659   -125.92    136.98     -0.03
    68165.249837 11.117919  0.000916 62.008471   -123.73    -78.39      1.21
    68174.562238 11.118102  0.000887 59.142432   -127.26     51.00      3.46
    68183.874638 11.118565  0.000958 61.023102   -131.78    167.47      0.95
    68193.187039 11.118570  0.000901 63.991017   -130.56   -101.74      2.59
    68202.499439 11.119537  0.001007 61.816461   -128.77    -23.77     -0.62
    68211.811840 11.119419  0.000974 58.914630   -132.48     35.97     -1.15
    68221.124240 11.119198  0.000874 61.480819   -136.74     73.37      3.18
    68230.436641 11.119704  0.000942 63.945003   -135.33     99.69     -2.26
    68239.749041 11.119964  0.000944 61.443742   -133.63     98.09      1.40
    68249.061441 11.119668  0.000839 59.113891   -137.82     87.41      0.03
    68258.373842 11.120362  0.000939 61.611237   -141.78     57.97     -0.81
    68267.686242 11.121065  0.000995 63.960688   -139.88      6.58     -1.41
    68276.998643 11.120950  0.000934 61.239998   -138.70    -60.03     -3.69
    68286.311043 11.121171  0.000958 58.933577   -143.18   -146.88     -1.01
    68295.623444 11.121033  0.000876 62.074669   -146.62    110.11     -0.78
    68304.935844 11.122042  0.001006 63.901560   -144.58    -14.75      0.79
    68314.248244 11.122023  0.000981 60.755212   -143.69   -154.07     -1.22
    68323.560645 11.122188  0.000934 59.228697   -148.55     45.10      4.00
    68332.873045 11.122168  0.000926 62.310782   -151.56   -125.21     -0.23
    68342.185446 11.122953  0.001006 63.759287   -149.07     37.72      0.73
    68351.497846 11.123354  0.001009 60.570025   -148.88   -175.37      1.62
    68360.810247 11.123175  0.000980 59.183301   -153.97    -42.20      1.04
    68370.122647 11.123216  0.000928 62.755204   -156.26     68.24      3.34
    68379.435048 11.124035  0.001015 63.652708   -153.76    164.46     -0.06
    68388.747448 11.123927  0.000988 60.013952   -154.03   -119.57     -0.32
    68398.059848 11.123616  0.000874 59.600217   -159.30    -55.71     -3.29
    68407.372249 11.124614  0.001003 63.063235   -161.07    -18.52      0.73
    68416.684649 11.124562  0.000970 63.285983   -158.26      3.75     -1.41
    68425.997050 11.125281  0.001014 59.864610   -159.36      5.79      1.41
    68435.309450 11.124974  0.000961 59.740618   -164.75     -5.18      1.72
    68444.621851 11.125060  0.000929 63.387610   -165.60    -33.17     -1.96
    68453.934251 11.125046  0.000879 63.071515   -162.96    -83.67     -2.25
    68463.246652 11.125570  0.000953 59.341021   -164.75   -151.77     -0.96
    68472.559052 11.125517  0.000885 60.264176   -169.98    126.90     -2.34
    68481.871452 11.126174  0.000957 63.685210   -170.21     18.84      2.69
    68491.183853 11.126519  0.000987 62.495530   -167.57   -102.59      0.98
    68500.496253 11.126280  0.000882 59.302770   -170.24    124.32     -3.65
    68509.808654 11.127073  0.000996 60.635074   -175.29    -33.68      0.24
    68519.121054 11.126951  0.000937 63.833234   -174.57    152.45     -1.79
    68528.433455 11.127465  0.000957 62.177624   -172.41    -39.35     -3.89
    68537.745855 11.127690  0.000987 58.947284   -175.85    107.80     -0.05
    68547.058256 11.127863  0.000956 61.247762    179.69   -121.77      2.99
    68556.370656 11.128509  0.001012 64.019947   -179.04     -6.83      1.00
    68565.683056 11.128394  0.000987 61.417481   -177.27     87.83      0.53
    68574.995457 11.128948  0.000998 59.098401    178.55    170.65     -2.44
    68584.307857 11.128398  0.000905 61.796744    174.61   -131.06      1.42
    68593.620258 11.128923  0.000964 63.854612    176.70    -90.82      1.43
    68602.932658 11.128884  0.000886 61.026416    177.66    -62.14     -3.73
    68612.245059 11.129614  0.000993 59.044084    172.80    -56.77     -0.23
    68621.557459 11.129371  0.000910 62.377678    169.90    -68.21      0.62
    68630.869860 11.129386  0.000863 63.817392    172.31    -97.81     -0.50
    68640.182260 11.130028  0.000958 60.221529    172.43   -145.17     -0.99
    68649.494660 11.130333  0.000940 59.445509    167.23    154.67     -3.47
    68658.807061 11.130191  0.000888 62.981314    165.18     69.05      0.27
    68668.119461 11.130627  0.000942 63.311975    167.99    -33.49     -0.21
    68677.431862 11.131422  0.000990 59.890052    167.02   -155.20      3.04
    68686.744262 11.131101  0.000927 59.788991    161.56     75.61     -1.31
    68696.056663 11.131339  0.000933 63.398116    160.81    -81.84      1.41
    68705.369063 11.131318  0.000868 63.000493    163.47    109.14     -3.31
    68714.681464 11.132107  0.000985 59.252504    161.38    -82.87     -0.61
    68723.993864 11.132168  0.000936 60.444490    156.24     67.76      3.17
    68733.306264 11.132568  0.000961 63.853826    156.41   -158.47      3.52
    68742.618665 11.132593  0.000957 62.153729    158.87    -41.23      0.78
    68751.931065 11.132767  0.000914 59.162178    155.67     55.42      4.10
    68761.243466 11.133478  0.001002 61.122858    150.91    144.00     -1.08
    68770.555866 11.133519  0.000988 63.878831    152.29   -154.67     -0.95
    68779.868267 11.133190  0.000865 61.625950    154.02   -114.39      2.73
    68789.180667 11.133918  0.000975 58.936408    149.73    -80.83     -1.36
    68798.493067 11.133820  0.000913 61.866952    146.03    -72.33      1.03
    68807.805468 11.133896  0.000876 63.975850    148.09    -78.28     -2.54
    68817.117868 11.134664  0.000986 60.636379    148.92   -107.38     -0.55
    68826.430269 11.135244  0.001007 59.248743    143.94   -151.08      1.52
    68835.742669 11.135392  0.000999 62.675845    141.24    151.20     -1.04
    68845.055070 11.135402  0.000993 63.499808    143.98     67.92      0.53
    68854.367470 11.135743  0.000967 60.117693    143.52    -25.08     -3.89
    68863.679871 11.135505  0.000918 59.608946    138.05   -142.17      1.05
    68872.992271 11.135889  0.000952 63.250448    136.91     83.85      1.97
    68882.304671 11.135842  0.000882 63.145220    139.64    -62.67     -3.80
    68891.617072 11.136596  0.000988 59.329811    137.80    125.17      0.47
    68900.929472 11.136236  0.000887 60.346923    132.58    -57.07     -1.22
    68910.241873 11.136476  0.000879 63.827897    132.63    100.30     -2.73
    68919.554273 11.137203  0.000984 62.179412    135.14   -125.53     -0.69
    68928.866674 11.137848  0.001007 59.153055    131.94     -2.84     -1.65
    68938.179074 11.137476  0.000934 61.171638    127.18    103.61     -2.86
    68947.491475 11.137822  0.000970 63.879695    128.66   -174.62     -1.32
    68956.803875 11.137603  0.000864 61.500746    130.30   -112.62      2.62
    68966.116275 11.138467  0.000991 58.955562    125.83    -58.06     -0.34
    68975.428676 11.138363  0.000934 62.058587    122.36    -23.55     -2.04
    68984.741076 11.139246  0.001013 63.915246    124.62    -12.56     -0.53
    68994.053477 11.138862  0.000951 60.374538    125.09    -18.41      0.59
    69003.365877 11.139015  0.000911 59.389509    119.89    -33.77     -3.33
    69012.678278 11.139263  0.000917 62.977077    117.73    -72.46     -2.93
    69021.990678 11.139831  0.000990 63.269839    120.61   -134.39     -0.42
    69031.303079 11.140148  0.000967 59.791969    119.48    154.58     -4.06
    69040.615479 11.139858  0.000910 59.963493    113.97     61.10     -0.23
    69049.927879 11.140132  0.000925 63.550660    113.63    -49.75     -0.37
    69059.240280 11.141166  0.001019 62.692747    116.24    179.46      0.73
    69068.552680 11.140632  0.000934 59.067386    113.46     35.79     -0.28
    69077.865081 11.141259  0.000974 60.915907    108.61   -128.28      2.31
    69087.177481 11.140949  0.000887 64.002328    109.60     49.14      2.96
    69096.489882 11.141475  0.000964 61.498328    111.56   -147.60     -0.99
    69105.802282 11.142242  0.001005 59.085869    107.37     -1.82     -1.63
    69115.114683 11.142171  0.000977 61.941293    103.49    126.71     -2.51
    69124.427083 11.142404  0.000996 63.782749    105.81   -129.99      0.02
    69133.739483 11.142567  0.000948 60.669459    106.38    -36.33     -4.12
    69143.051884 11.142486  0.000925 59.241837    101.12     34.33      0.39
    69152.364284 11.142787  0.000936 62.883300     99.05     87.94      1.89
    69161.676685 11.143098  0.000929 63.445115    101.80    128.99     -3.72
    69170.989085 11.143392  0.000966 59.560581    100.69    143.52      1.14
    69180.301486 11.143500  0.000929 60.083818     95.29    152.30     -3.49
    69189.613886 11.144060  0.000973 63.683989     94.87    135.45     -2.56
    69198.926287 11.144123  0.000973 62.385060     97.60     95.81      1.15
    69208.238687 11.144364  0.000939 59.210137     94.61     42.60      4.20
    69217.551087 11.144801  0.000995 61.058615     89.71    -20.41      0.76
    69226.863488 11.144820  0.000968 63.904203     91.16   -109.57      1.52
    69236.175888 11.145323  0.000980 61.467401     92.79    150.08     -3.67
    69245.488289 11.145065  0.000933 58.957169     88.23     26.07      0.42
    69254.800689 11.145477  0.000949 62.231830     84.92   -114.73      2.54
    69264.113090 11.145223  0.000868 63.817135     87.34     90.77     -1.82
    69273.425490 11.146078  0.000990 60.134329     87.45    -87.25      0.36
    69282.737890 11.145764  0.000875 59.596277     82.08     80.34      2.52
    69292.050291 11.146037  0.000899 63.233924     80.52   -128.22      1.37
    69301.362691 11.146597  0.000961 62.961120     83.45      4.01     -1.32
    69310.675092 11.146524  0.000878 59.478258     81.51    121.02     -3.34
    69319.987492 11.146879  0.000926 60.420145     76.16   -143.62      0.70
    69329.299893 11.147009  0.000909 63.822738     76.75    -65.66      0.53
    69338.612293 11.148045  0.001010 62.025618     78.97     -5.51      0.34
    69347.924694 11.147690  0.000950 58.901969     75.15     41.26     -1.11
    69357.237094 11.147953  0.000932 61.741779     71.04     64.56      3.26
    69366.549494 11.147789  0.000876 63.948210     73.03     75.11     -0.05
    69375.861895 11.148624  0.000988 60.596293     73.95     64.39      0.17
    69385.174295 11.148968  0.000966 59.367690     68.76     36.51      3.71
    69394.486696 11.149130  0.000984 62.873649     66.43     -4.84      1.68
    69403.799096 11.148936  0.000924 63.293682     69.37    -68.37      0.68
    69413.111497 11.149523  0.000951 59.721238     68.10   -151.20      4.22
    69422.423897 11.149798  0.000987 60.067458     62.60    119.00     -0.53
    69431.736298 11.150135  0.000991 63.728918     62.62      4.27     -1.59
    69441.048698 11.149807  0.000896 62.325282     65.10   -134.55      3.19
    69450.361098 11.150429  0.000983 58.934449     61.75     80.15     -0.42
    69459.673499 11.150122  0.000870 61.473246     57.25    -87.20      1.08
    69468.985899 11.150505  0.000910 63.944805     58.97     89.36     -1.94
    69478.298300 11.151198  0.000991 60.850193     60.26   -117.75      0.66
    69487.610700 11.151690  0.000994 59.276285     55.21     22.15      2.68
    69496.923101 11.151698  0.000994 62.658253     52.55    147.47      0.39
    69506.235501 11.151759  0.000961 63.436981     55.45   -112.72      2.40
    69515.547902 11.152431  0.001003 59.817962     54.45    -21.23     -2.09
    69524.860302 11.152114  0.000953 59.926465     48.95     49.45     -1.04
    69534.172702 11.151943  0.000874 63.709968     48.74     98.40      0.83
    69543.485103 11.152828  0.000970 62.392536     51.28    134.34     -2.69
    69552.797503 11.152734  0.000940 58.956590     48.09    148.45      0.58
    69562.109904 11.153207  0.000952 61.450569     43.48    153.99     -4.11
    69571.422304 11.153538  0.000985 63.925930     45.15    131.35     -1.39
    69580.734705 11.153506  0.000947 60.888415     46.50     90.09      1.86
    69590.047105 11.153844  0.000933 59.286244     41.42     36.33      4.29
    69599.359506 11.154183  0.000989 62.667147     38.80    -30.59      0.77
    69608.671906 11.154364  0.000963 63.434007     41.73   -123.64      2.34
    69617.984306 11.154706  0.000968 59.736854     40.61    135.85     -3.34
    69627.296707 11.154555  0.000942 59.998856     35.12     10.89     -0.01
    69636.609107 11.155065  0.000957 63.782746     35.07   -134.64      3.11
    69645.921508 11.154842  0.000897 62.216862     37.57     68.11     -0.43
    69655.233908 11.155541  0.000985 58.940442     34.14   -108.76      0.74
    69664.546309 11.155453  0.000903 61.639339     29.68     55.52      4.19
    69673.858709 11.155724  0.000940 63.861419     31.62   -154.74      1.20
    69683.171110 11.155977  0.000930 60.698572     32.67    -21.97     -2.46
    69692.483510 11.155727  0.000840 59.387586     27.36     92.37     -0.96
    69701.795910 11.156415  0.000947 62.868941     25.21   -173.06      0.65
    69711.108311 11.156440  0.000886 63.280456     28.20    -99.53      2.71
    69720.420711 11.157426  0.000997 59.517359     26.53    -33.57     -2.06
    69729.733112 11.157129  0.000947 60.296495     21.17     10.39     -0.71
    69739.045512 11.157787  0.000977 63.943381     21.66     31.06      3.15
    69748.357913 11.157434  0.000914 61.825463     23.88     39.13      1.55
    69757.670313 11.158148  0.000987 58.936042     19.90     33.29     -0.83
    69766.982713 11.158698  0.001006 62.068025     15.95      6.08      1.13
    69776.295114 11.158549  0.000991 63.725046     18.31    -39.59      0.48
    69785.607514 11.158516  0.000929 60.294031     18.68   -104.87      2.56
    69794.919915 11.159335  0.001004 59.633810     13.10    179.49      1.56
    69804.232315 11.159191  0.000985 63.224743     11.83     84.38     -0.39
    69813.544716 11.159283  0.000935 62.887987     14.77    -29.22     -3.72
    69822.857116 11.159593  0.000952 59.204071     12.20   -166.52      2.68
    69832.169517 11.159952  0.000988 60.847880      7.20     49.18     -0.56
    69841.481917 11.159764  0.000894 64.054583      8.49   -123.67      3.96
    69850.794317 11.160003  0.000922 61.172314     10.13     54.97     -0.49
    69860.106718 11.160804  0.001000 59.064877      5.41   -145.66     -0.08
    69869.419118 11.161264  0.001015 62.688042      2.38     -3.76     -0.13
    69878.731519 11.161028  0.000985 63.394037      5.21    116.89      0.15
    69888.043919 11.161424  0.000980 59.768091      4.42   -140.43      2.62
    69897.356320 11.161560  0.000964 60.161902     -1.25    -43.20     -3.50
    69906.668720 11.161557  0.000961 63.629504     -1.25     24.00     -0.88
    69915.981121 11.161444  0.000867 62.219341      1.33     71.24      2.99
    69925.293521 11.162129  0.000957 58.995419     -2.48    114.13     -2.36
    69934.605921 11.162114  0.000932 61.676170     -6.63    130.98      0.48
    69943.918322 11.162458  0.000921 63.968462     -4.40    134.96     -4.36
    69953.230722 11.162972  0.000989 60.324118     -3.90    113.66     -0.53
    69962.543123 11.162912  0.000936 59.479008     -9.29     78.78      2.45
    69971.855523 11.163293  0.000943 63.374864    -10.81     26.53      3.67
    69981.167924 11.163412  0.000965 62.731268     -7.85    -42.09      0.96
    69990.480324 11.163765  0.000948 59.255514    -10.28   -130.29      3.31
    69999.792725 11.164114  0.000973 61.011886    -15.46    134.37     -2.52
    70009.105125 11.164134  0.000963 63.859302    -13.97      9.94     -1.14
    70018.417525 11.164348  0.000924 61.230020    -12.41   -135.73      4.37
    70027.729926 11.164385  0.000920 59.102431    -17.43     76.61     -1.66
    70037.042326 11.164813  0.000953 62.691729    -20.02   -100.26      2.10
    70046.354727 11.164560  0.000853 63.469707    -17.18     66.25      2.67
    70055.667127 11.165110  0.000936 59.456719    -18.45   -138.79     -0.66
    70064.979528 11.165779  0.000978 60.368525    -23.88     -0.80     -2.25
    70074.291928 11.165578  0.000911 63.910697    -23.55    116.71     -3.50
    70083.604329 11.165946  0.000960 61.667304    -21.19   -148.71     -0.90
    70092.916729 11.165695  0.000852 59.097016    -25.41    -63.91     -2.07
    70102.229129 11.166640  0.000981 62.170152    -29.19     -1.72      2.05
    70111.541530 11.166860  0.000991 63.621258    -26.47     45.02     -0.04
    70120.853930 11.166359  0.000846 60.088215    -26.74     72.27      2.07
    70130.166331 11.167123  0.000957 59.789345    -32.40     91.12     -1.71
    70139.478731 11.167224  0.000934 63.601642    -32.83     81.27      2.27
    70148.791132 11.167201  0.000873 62.384920    -30.16     56.84      2.47
    70158.103532 11.167678  0.000941 58.915869    -33.61     21.25     -0.61
    70167.415933 11.167899  0.000920 61.699351    -37.99    -31.49     -3.46
    70176.728333 11.167864  0.000883 63.895613    -35.86   -111.30      0.26
    70186.040733 11.168318  0.000933 60.322239    -35.20    156.18     -0.57
    70195.353134 11.168804  0.000938 59.618773    -40.73     44.41      4.37
    70204.665534 11.168948  0.000951 63.316830    -42.13    -75.79     -1.82
    70213.977935 11.168897  0.000911 62.688894    -39.08    136.74     -1.17
    70223.290335 11.169902  0.000997 59.228529    -41.92    -21.99     -2.77
    70232.602736 11.169672  0.000968 61.135247    -46.85    157.37      1.22
    70241.915136 11.169679  0.000911 63.973195    -45.01    -36.86     -2.77
    70251.227536 11.169891  0.000902 60.845111    -43.91    109.12     -3.27
    70260.539937 11.170404  0.000971 59.197643    -49.17   -121.91     -1.00
    70269.852337 11.170935  0.000986 63.169207    -51.13     -8.49     -2.45
    70279.164738 11.170524  0.000910 63.003112    -48.20     82.99     -1.50
    70288.477138 11.170861  0.000929 59.183278    -50.28    159.47     -0.84
    70297.789539 11.171361  0.000945 60.991420    -55.54   -143.44      4.17
    70307.101939 11.171389  0.000952 63.872076    -54.23    -96.71     -1.49
    70316.414340 11.171404  0.000900 61.082855    -52.54    -76.28      1.08
    70325.726740 11.171677  0.000893 59.264092    -57.68    -61.38     -3.62
    70335.039140 11.172302  0.000988 62.756454    -60.16    -74.12      0.06
    70344.351541 11.172111  0.000894 63.275733    -57.11   -106.64      2.98
    70353.663941 11.172460  0.000919 59.414655    -58.91   -150.33      2.95
    70362.976342 11.172637  0.000934 60.557538    -64.24    152.96      0.10
    70372.288742 11.172621  0.000862 64.030845    -63.23     69.25      3.53
    70381.601143 11.173532  0.000985 61.260182    -61.41    -25.72      0.72
    70390.913543 11.173813  0.000992 59.061006    -66.17   -137.21      0.25
    70400.225944 11.173153  0.000832 62.817544    -69.06     94.01     -0.81
    70409.538344 11.174114  0.000983 63.239576    -66.11    -57.32      0.01
    70418.850744 11.173975  0.000901 59.505169    -67.44    139.41     -2.57
    70428.163145 11.174663  0.000967 60.593344    -73.04    -39.69     -3.52
    70437.475545 11.174729  0.000978 63.795503    -72.19    114.55      0.71
    70446.787946 11.174536  0.000874 61.509762    -70.11   -107.35      3.14
    70456.100346 11.175070  0.000934 59.078203    -74.96     20.56      2.80
    70465.412747 11.175209  0.000940 62.536480    -77.88    131.23      0.67
    70474.725147 11.175690  0.000943 63.492469    -74.94   -143.82      4.13
    70484.037548 11.176006  0.000985 59.441836    -76.27    -65.40     -0.81
    70493.349948 11.176036  0.000953 60.438841    -81.73     -5.82     -2.23
    70502.662348 11.176412  0.000949 63.993023    -81.05     26.21      3.66
    70511.974749 11.176468  0.000960 61.340067    -78.94     50.29     -0.90
    70521.287149 11.176849  0.000954 59.122475    -83.64     51.93      3.43
    70530.599550 11.176709  0.000899 62.676054    -86.74     40.63      3.02
    70539.911950 11.177151  0.000958 63.278477    -83.70     11.64     -0.99
    70549.224351 11.177482  0.000936 59.599842    -85.04    -32.43     -4.50
    70558.536751 11.177401  0.000909 60.493414    -90.65    -97.48     -1.58
    70567.849152 11.177914  0.000963 63.857897    -89.72    178.86     -1.70
    70577.161552 11.177517  0.000837 61.483210    -87.76     74.41      1.76
    70586.473952 11.178477  0.000979 59.016968    -92.62    -39.28      0.89
    70595.786353 11.178829  0.000989 62.719393    -95.39   -170.56     -1.26
    70605.098753 11.178719  0.000927 63.366312    -92.47     31.22      3.83
    70614.411154 11.178976  0.000959 59.317808    -93.99   -132.33     -1.14
    70623.723554 11.179486  0.000967 60.704940    -99.41     40.18      2.92
    70633.035955 11.179482  0.000947 63.934033    -98.44   -163.37      2.60
    70642.348355 11.179493  0.000931 61.129752    -96.53    -22.16     -0.91
    70651.660756 11.179329  0.000839 59.259647   -101.57    103.34     -1.56
    70660.973156 11.179938  0.000926 62.813341   -104.16   -153.06      1.10
    70670.285556 11.180023  0.000899 63.135755   -101.03    -66.96      0.32
    70679.597957 11.181097  0.000996 59.397962   -103.03      3.31      1.59
    70688.910357 11.180824  0.000958 60.760633   -108.34     61.88     -1.03
    70698.222758 11.180575  0.000865 63.993495   -106.89     93.98      1.49
    70707.535158 11.181250  0.000930 60.990206   -105.46    116.88     -3.37
    70716.847559 11.181450  0.000952 59.167963   -110.65    116.36      1.15
    70726.159959 11.181159  0.000837 63.195515   -112.71    103.40     -0.77
    70735.472359 11.181686  0.000906 62.896601   -109.72     68.92     -0.80
    70744.784760 11.182370  0.000974 59.119333   -112.08     20.08     -1.39
    70754.097160 11.182408  0.000926 61.296385   -117.20    -41.09     -4.71
    70763.409561 11.182463  0.000934 63.845955   -115.40   -131.18     -0.32
    70772.721961 11.182541  0.000888 60.629518   -114.27    126.95     -1.44
    70782.034362 11.183496  0.000987 59.532724   -119.87      7.17      2.67
    70791.346762 11.183303  0.000963 63.250486   -121.25   -125.08     -0.86
    70800.659163 11.183202  0.000876 62.667057   -118.21     76.03      2.60
    70809.971563 11.183507  0.000902 59.057072   -121.43    -87.60     -2.44
    70819.283963 11.184145  0.000981 61.508021   -125.99     83.36      0.93
    70828.596364 11.184027  0.000896 63.948865   -123.70   -126.25      4.15
    70837.908764 11.184299  0.000932 60.139274   -123.38     14.13      1.38
    70847.221165 11.184362  0.000900 59.728203   -128.99    139.85     -0.97
    70856.533565 11.184485  0.000864 63.731085   -129.64   -120.58      3.32
    70865.845966 11.185124  0.000961 62.031434   -126.86    -33.70      0.98
    70875.158366 11.185747  0.000989 59.040287   -130.72     36.03      2.14
    70884.470767 11.185193  0.000868 62.172736   -134.78     94.80     -2.23
    70893.783167 11.185740  0.000951 63.537163   -131.96    124.61      0.77
    70903.095567 11.186113  0.000929 59.871387   -132.49    147.45     -4.39
    70912.407968 11.186595  0.000993 60.201015   -138.29    147.45     -0.52
    70921.720368 11.186301  0.000925 63.781159   -137.82    129.33      0.06
    70931.032769 11.186170  0.000836 61.671660   -135.57     95.51     -1.22
    70940.345169 11.186737  0.000918 58.990909   -140.31     46.43     -0.56
    70949.657570 11.187140  0.000937 62.664645   -143.23    -18.77     -2.41
    70958.969970 11.186918  0.000854 63.348837   -140.26   -108.62      0.66
    70968.282371 11.187596  0.000951 59.258211   -141.90    148.99      1.13
    70977.594771 11.188250  0.000986 60.858441   -147.29     31.42      1.84
    70986.907171 11.187707  0.000885 63.954907   -145.99   -103.14     -0.92
    70996.219572 11.188326  0.000957 60.807365   -144.41     99.08      1.57
    71005.531972 11.188032  0.000847 59.425244   -149.80    -64.85     -2.54
    71014.844373 11.188840  0.000961 63.175085   -151.66    107.06     -1.55
    71024.156773 11.188977  0.000943 62.699980   -148.50   -104.28      2.22
    71033.469174 11.189254  0.000926 59.177405   -151.51     33.10      4.19
    71042.781574 11.189426  0.000955 61.445919   -156.26    159.23      1.08
    71052.093975 11.189351  0.000888 63.888237   -153.89   -100.68      2.55
    71061.406375 11.190382  0.000999 60.230218   -153.64    -12.51      0.61
    71070.718775 11.190263  0.000974 59.712344   -159.31     60.82     -0.71
    71080.031176 11.189854  0.000848 63.778124   -159.69    114.13     -2.11
    71089.343576 11.190894  0.000994 61.952226   -157.09    146.06     -0.46
    71098.655977 11.190700  0.000932 58.935989   -161.20    166.57     -1.37
    71107.968377 11.191563  0.000999 62.465359   -164.86    169.53     -1.63
    71117.280778 11.191391  0.000981 63.394450   -161.96    148.97      0.86
    71126.593178 11.191137  0.000886 59.532625   -162.99    116.33      0.03
    71135.905579 11.191238  0.000852 60.646895   -168.68     67.41      1.71
    71145.217979 11.191828  0.000947 63.819729   -167.61      0.35      0.17
    71154.530379 11.191710  0.000857 61.144483   -165.78    -87.05      1.39
    71163.842780 11.192734  0.000982 59.269042   -171.12    173.84      1.81
    71173.155180 11.192759  0.000984 63.036003   -173.11     57.43     -0.12
    71182.467581 11.192271  0.000834 62.906590   -170.01    -79.69     -0.88
    71191.779981 11.193316  0.000981 59.041498   -172.88    128.45     -0.53
    71201.092382 11.193024  0.000910 61.469034   -177.61    -39.06     -1.06
    71210.404782 11.193516  0.000925 63.948122   -175.38    135.94     -4.50
    71219.717182 11.193923  0.000981 60.048639   -175.05    -73.19     -0.13
    71229.029583 11.193960  0.000931 59.898182    179.26     64.75      3.34
    71238.341983 11.194569  0.000986 63.795347    178.91   -172.57      2.50
    71247.654384 11.194477  0.000966 61.735875   -178.42    -68.46      0.98
    71256.966784 11.195184  0.001000 59.111564    177.18     20.39      1.77
    71266.279185 11.194692  0.000911 62.538330    173.75     97.12     -2.57
    71275.591585 11.194897  0.000925 63.262255    176.88    146.21     -0.64
    71284.903986 11.195923  0.001003 59.482226    175.28   -177.92      0.57
    71294.216386 11.195371  0.000925 60.778780    169.77   -156.35      1.30
    71303.528786 11.196109  0.000994 63.928580    171.37   -154.27     -0.09
    71312.841187 11.196348  0.000976 60.798278    172.62   -172.33      2.48
    71322.153587 11.196141  0.000944 59.345407    167.10    159.92      1.18
    71331.465988 11.196018  0.000866 63.472182    165.82    113.34     -0.94
    71340.778388 11.196427  0.000900 62.411163    168.74     42.75      2.20
    71350.090789 11.196733  0.000926 58.911173    165.21    -37.02      0.43
    71359.403189 11.197256  0.000943 62.126597    161.00   -138.72      4.25
    71368.715590 11.197407  0.000957 63.579418    163.73    108.61     -1.61
    71378.027990 11.197442  0.000920 59.655440    163.18    -25.36     -2.04
    71387.340390 11.198400  0.001007 60.500123    157.37   -176.28      1.09
    71396.652791 11.197922  0.000940 63.818486    158.18     15.38      0.66
    71405.965191 11.198670  0.000991 61.197838    160.20   -169.70     -1.05
    71415.277592 11.199040  0.001002 59.302962    154.87    -10.43      0.66
    71424.589992 11.198740  0.000962 63.041208    152.83    131.01      0.79
    71433.902393 11.198586  0.000868 62.831460    156.00   -109.54      3.08
    71443.214793 11.199380  0.000965 59.054035    152.92     -0.29      2.44
    71452.527194 11.199455  0.000961 61.598169    148.33     92.90      1.15
    71461.839594 11.200130  0.000994 63.877976    150.83    167.20     -1.83
    71471.151994 11.199580  0.000915 59.844345    150.70   -138.81     -0.07
    71480.464395 11.200033  0.000937 60.106796    144.97    -99.61      2.31
    71489.776795 11.199905  0.000867 63.939566    145.27    -72.55     -3.04
    71499.089196 11.200676  0.000980 61.300541    147.55    -72.80      0.44
    71508.401596 11.200258  0.000857 59.190741    142.59    -83.54      1.46
    71517.713997 11.200537  0.000866 63.022915    140.01   -109.88      0.23
    71527.026397 11.201250  0.000964 62.810523    143.26   -156.98     -1.09
    71536.338798 11.201420  0.000920 59.209031    140.58    144.66     -4.50
    71545.651198 11.201367  0.000899 61.498670    135.62     63.13     -0.18
    71554.963598 11.201657  0.000918 63.773185    138.11    -34.69     -1.37
    71564.275999 11.202290  0.000952 60.124974    138.18   -154.28      4.16
    71573.588399 11.202340  0.000952 59.965449    132.33     83.50     -1.39
    71582.900800 11.202145  0.000877 63.848495    132.63    -66.10     -0.47
    71592.213200 11.202913  0.000949 61.536331    134.88    131.22     -3.79
    71601.525601 11.203007  0.000959 59.021043    129.97    -53.20      1.18
    71610.838001 11.202754  0.000851 63.039135    127.45    111.46     -1.26
    71620.150402 11.203126  0.000893 62.901092    130.55   -106.36     -0.79
    71629.462802 11.203764  0.000961 59.023476    127.95     22.51     -1.47
    71638.775202 11.203826  0.000908 61.659305    123.06    138.29     -4.26
    71648.087603 11.203924  0.000924 63.726911    125.45   -133.98      0.04
    71657.400003 11.204032  0.000888 59.947633    125.58    -58.19      0.02
    71666.712404 11.205072  0.000996 60.210499    119.67      3.23      1.56
    71676.024804 11.204728  0.000952 63.746502    120.06     47.79     -0.93
    71685.337205 11.204859  0.000903 61.410605    122.34     67.32      3.46
    71694.649605 11.204806  0.000864 59.219379    117.14     83.83     -1.26
    71703.962005 11.205607  0.000980 62.979944    114.92     74.80      0.31
    71713.274406 11.205760  0.000928 62.866986    118.10     43.59      4.40
    71722.586806 11.205985  0.000949 59.023695    115.01      5.45      2.22
    71731.899207 11.205904  0.000913 61.710392    110.49    -49.19     -0.12
    71741.211607 11.206138  0.000885 63.822798    113.08   -131.19      4.53
    71750.524008 11.206783  0.000975 59.679471    112.68    139.70      0.84
    71759.836408 11.207204  0.000991 60.361761    106.97     32.66      0.92
    71769.148809 11.206504  0.000846 63.986781    107.71    -92.32     -1.07
    71778.461209 11.207346  0.000965 60.934412    109.63    120.68      0.91
    71787.773609 11.207408  0.000914 59.393420    104.27    -32.37     -3.77
    71797.086010 11.208107  0.000995 63.339895    102.50    148.57     -0.99
    71806.398410 11.207758  0.000926 62.351830    105.67    -49.54      0.56
    71815.710811 11.207596  0.000832 59.104216    102.01    103.20     -1.40
    71825.023211 11.208154  0.000913 62.103952     97.87   -123.66     -0.27
    71834.335612 11.208657  0.000948 63.479309    100.91     -8.90     -2.24
    71843.648012 11.208287  0.000838 59.564717     99.67     88.46     -0.69
    71852.960413 11.208949  0.000940 60.685030     94.08    170.95      1.06
    71862.272813 11.209389  0.000948 63.979580     95.68   -128.39      3.42
    71871.585213 11.209327  0.000900 60.599900     96.80    -74.91     -3.04
    71880.897614 11.209604  0.000935 59.526102     91.13    -45.43      0.93
    71890.210014 11.210130  0.000942 63.731765     90.42    -26.45     -4.17
    71899.522415 11.210476  0.000987 61.874451     93.13    -34.84     -0.31
    71908.834815 11.210138  0.000905 58.976590     88.75    -53.58      0.38
    71918.147216 11.210024  0.000823 62.816011     85.53    -87.92     -0.36
    71927.459616 11.210696  0.000928 63.015254     88.70   -143.85      0.01
    71936.772017 11.210944  0.000906 59.178762     86.49    148.88     -2.58
    71946.084417 11.210869  0.000852 61.508682     81.32     59.42      2.50
    71955.396817 11.211532  0.000962 63.704932     83.71    -44.97      0.95
    71964.709218 11.212248  0.000993 60.037940     83.87   -165.87      0.23
    71974.021618 11.211606  0.000872 60.185790     77.91     59.29      0.63
    71983.334019 11.212283  0.000971 63.785220     78.52    -96.78      0.98
    71992.646419 11.211879  0.000832 61.273170     80.58     90.98      0.25
    72001.958820 11.212572  0.000934 59.225887     75.19    -92.38     -1.84
    72011.271220 11.213031  0.000969 63.258865     73.48     59.24      1.54
    72020.583621 11.213465  0.000972 62.527061     76.54   -165.94      2.91
    72029.896021 11.213404  0.000961 58.895041     72.86    -41.40      1.16
    72039.208421 11.213541  0.000930 62.276214     68.91     62.45      3.21
    72048.520822 11.214170  0.000987 63.471473     71.86    152.78     -1.27
    72057.833222 11.214065  0.000962 59.274125     70.48   -136.70     -1.02
    72067.145623 11.213648  0.000830 61.091076     64.99    -81.28      0.11
    72076.458023 11.214700  0.000980 63.891746     66.79    -43.83     -1.41
    72085.770424 11.214512  0.000920 60.228625     67.67    -24.86     -1.46
    72095.082824 11.215367  0.000984 59.988620     61.75    -17.18     -2.56
    72104.395225 11.215316  0.000982 63.714318     61.66    -33.99      0.58
    72113.707625 11.214986  0.000879 61.484560     64.20    -65.56     -0.24
    72123.020025 11.215024  0.000840 59.241497     59.05   -111.29      1.31
    72132.332426 11.215641  0.000937 63.009894     56.78   -173.15      0.10
    72141.644826 11.215521  0.000848 62.711932     60.04    104.15     -0.23
    72150.957227 11.216424  0.000955 59.024226     56.62      5.66      2.66
    72160.269627 11.216631  0.000981 61.966151     52.37   -104.69      0.51
    72169.582028 11.216367  0.000872 63.621594     55.32    126.58     -3.78
    72178.894428 11.217136  0.000974 59.389020     54.10    -25.72      1.14
    72188.206828 11.217110  0.000945 60.840493     48.59    175.36     -2.11
    72197.519229 11.217937  0.001004 64.023609     50.28     -8.57     -0.69
    72206.831629 11.217599  0.000955 60.238537     51.20    150.47      1.13
    72216.144030 11.217328  0.000858 59.876685     45.39    -59.70     -0.96
    72225.456430 11.217529  0.000854 63.846488     45.19     66.21      1.42
    72234.768831 11.218100  0.000932 61.365033     47.72    177.63     -0.55
    72244.081231 11.217858  0.000826 59.265056     42.64    -86.66      0.91
    72253.393632 11.218993  0.000983 63.158771     40.32     -8.07      1.44
    72262.706032 11.219139  0.000980 62.508317     43.64     51.36      0.60
    72272.018432 11.218525  0.000824 59.112758     40.10     99.95     -1.82
    72281.330833 11.219598  0.000981 62.123025     35.89    128.38     -0.47
    72290.643233 11.219318  0.000896 63.426652     39.04    138.04     -1.74
    72299.955634 11.219993  0.000947 59.426693     37.48    134.96     -3.76
    72309.268034 11.220191  0.000977 60.976613     32.02    111.03      0.20
    72318.580435 11.220060  0.000898 63.942377     34.12     66.63      3.42
    72327.892835 11.220550  0.000942 60.134900     34.56     10.90      2.71
    72337.205236 11.220595  0.000939 59.964575     28.71    -57.81      1.26
    72346.517636 11.221241  0.000963 63.969606     29.10   -150.08      3.27
    72355.830036 11.221277  0.000963 61.086637     31.19    107.12     -1.62
    72365.142437 11.221288  0.000926 59.280305     25.85    -13.17     -2.08
    72374.454837 11.221906  0.000962 63.512996     24.21   -157.88      3.51
    72383.767238 11.221733  0.000941 62.107235     27.29     47.84     -0.85
    72393.079638 11.222201  0.000952 59.033882     23.21   -127.80      3.16
    72402.392039 11.222001  0.000886 62.668300     19.63     43.55      3.74
    72411.704439 11.222439  0.000946 63.009456     22.93   -161.13     -0.73
    72421.016840 11.222981  0.000952 59.229396     20.59    -20.67     -3.81
    72430.329240 11.222782  0.000909 61.602793     15.50    100.75     -2.60
    72439.641640 11.223289  0.000966 63.645652     18.22   -159.96     -1.05
    72448.954041 11.222889  0.000838 59.796213     17.75    -72.05     -2.58
    72458.266441 11.223616  0.000950 60.519345     11.87     -3.75      1.92
    72467.578842 11.224046  0.000974 63.917433     13.33     47.95      1.59
    72476.891242 11.223543  0.000842 60.609279     14.55     86.09     -1.06
    72486.203643 11.224414  0.000975 59.625406      8.71    107.37      0.10
    72495.516043 11.224040  0.000857 63.793987      8.44    110.22     -0.40
    72504.828444 11.224516  0.000900 61.527280     10.93     97.09     -2.53
    72514.140844 11.225127  0.000977 59.076208      5.90     66.34     -0.11
    72523.453244 11.225659  0.000994 63.297164      3.72     18.02      1.77
    72532.765645 11.225611  0.000977 62.413567      6.88    -45.55     -0.46
    72542.078045 11.225850  0.000977 58.949971      3.23   -126.48      1.18
    72551.390446 11.225968  0.000934 62.507189     -0.72    143.77     -4.32
    72560.702846 11.225919  0.000932 63.153543      2.47     23.26      0.11
    72570.015247 11.226121  0.000906 59.231034      0.51   -110.37      3.49
    72579.327647 11.226235  0.000880 61.541703     -4.77    112.37     -3.62
    72588.640048 11.226722  0.000956 63.646524     -2.19    -58.05      0.77
    72597.952448 11.226574  0.000861 59.828755     -2.43    124.99     -3.31
    72607.264848 11.227112  0.000924 60.553892     -8.40    -69.06     -3.27
    72616.577249 11.227497  0.000970 63.848492     -6.97     71.23      0.88
    72625.889649 11.228014  0.000977 60.624050     -5.70   -162.44      2.88
    72635.202050 11.228064  0.000981 59.701939    -11.63    -43.70     -0.03
    72644.514450 11.228254  0.000973 63.743294    -11.75     50.08      1.48
    72653.826851 11.228380  0.000935 61.486358     -9.33    133.44     -3.96
    72663.139251 11.228361  0.000926 59.122412    -14.57   -165.26     -0.04
    72672.451651 11.228724  0.000929 63.349232    -16.41   -122.07      3.19
    72681.764052 11.228652  0.000885 62.309597    -13.32    -89.40     -1.82
    72691.076452 11.229182  0.000954 58.902446    -17.34    -78.26      1.40
    72700.388853 11.228835  0.000832 62.716778    -20.85    -78.57     -0.63
    72709.701253 11.229443  0.000916 63.001357    -17.62   -100.32     -1.30
    72719.013654 11.230115  0.000983 59.045784    -20.12   -138.38      0.23
    72728.326054 11.230630  0.000997 61.913557    -24.99    171.81     -1.19
    72737.638455 11.230366  0.000967 63.500576    -22.14     99.18     -0.90
    72746.950855 11.230916  0.000985 59.500362    -23.04     12.23     -1.23
    72756.263255 11.230219  0.000839 61.034415    -28.80    -87.47     -1.98
    72765.575656 11.230885  0.000947 63.777955    -26.79    147.72      0.84
    72774.888056 11.231701  0.000994 60.169282    -26.21     10.68      0.07
    72784.200457 11.231151  0.000889 60.189278    -32.28   -141.96      2.56
    72793.512857 11.231763  0.000977 63.815993    -31.48     49.45     -0.21
    72802.825258 11.231881  0.000925 60.944710    -29.68   -143.27      4.42
    72812.137658 11.231919  0.000920 59.494625    -35.47     19.17      1.68
    72821.450059 11.232228  0.000931 63.630090    -36.12    162.45     -2.02
    72830.762459 11.232129  0.000861 61.723804    -33.44    -75.02     -2.75
    72840.074859 11.232602  0.000929 59.045469    -38.45     32.08     -0.66
    72849.387260 11.232566  0.000868 63.233964    -40.64    123.70     -1.52
    72858.699660 11.233320  0.000954 62.437573    -37.48   -168.80      2.79
    72868.012061 11.233536  0.000974 58.894837    -41.33   -107.67      0.17
    72877.324461 11.233136  0.000845 62.662887    -44.97    -62.84     -2.64
    72886.636862 11.234068  0.000975 63.024727    -41.74    -42.86     -0.70
    72895.949262 11.233828  0.000901 59.037201    -44.23    -34.80     -0.91
    72905.261663 11.234338  0.000925 61.960328    -49.08    -37.72     -4.81
    72914.574063 11.234617  0.000968 63.461786    -46.17    -69.75     -0.64
    72923.886463 11.234688  0.000926 59.427064    -47.25   -116.29      3.24
    72933.198864 11.235344  0.000976 61.184388    -52.93   -171.80      2.83
    72942.511264 11.235230  0.000968 63.732992    -50.70    112.98      0.60
    72951.823665 11.235860  0.000987 59.984468    -50.47     19.49      1.14
    72961.136065 11.235365  0.000892 60.419710    -56.53    -81.81     -2.97
    72970.448466 11.235673  0.000928 63.837263    -55.28    148.39      0.02
    72979.760866 11.236598  0.000993 60.631893    -53.90      4.81      0.56
    72989.073267 11.236078  0.000908 59.748678    -59.88   -151.15      1.24
    72998.385667 11.236763  0.000985 63.771034    -59.83     34.11      0.09
    73007.698067 11.236967  0.000958 61.299925    -57.56   -162.15      3.34
    73017.010468 11.236828  0.000932 59.252775    -63.05     -5.34      1.07
    73026.322868 11.236852  0.000880 63.544846    -64.33    133.38     -2.35
    73035.635269 11.236957  0.000862 61.934156    -61.42   -112.53      0.64
    73044.947669 11.237461  0.000924 58.978138    -66.10     -7.32     -0.36
    73054.260070 11.237361  0.000848 63.156972    -68.71     75.77      3.17
    73063.572470 11.238319  0.000982 62.500058    -65.48    146.45     -0.29
    73072.884871 11.238470  0.000970 58.932299    -69.12   -158.59     -1.38
    73082.197271 11.238190  0.000868 62.629260    -72.96   -126.47      4.44
    73091.509671 11.238666  0.000942 62.987057    -69.67   -103.44     -1.19
    73100.822072 11.238761  0.000906 59.091136    -72.19   -103.96      2.96
    73110.134472 11.238632  0.000836 61.993854    -77.02   -113.79      1.89
    73119.446873 11.239324  0.000946 63.383974    -73.98   -143.47     -0.72
    73128.759273 11.239974  0.000974 59.399043    -75.34    172.01     -2.63
    73138.071674 11.239754  0.000919 61.306423    -80.90    112.48     -3.13
    73147.384074 11.240127  0.000967 63.682779    -78.37     28.60     -1.02
    73156.696474 11.239809  0.000843 59.811004    -78.63    -66.14     -2.66
    73166.008875 11.240499  0.000943 60.633750    -84.58    179.68      2.07
    73175.321275 11.240924  0.000977 63.873055    -82.81     49.59      1.20
    73184.633676 11.240356  0.000830 60.275995    -82.06    -95.47     -0.01
    73193.946076 11.241287  0.000970 60.045702    -88.08    105.75     -0.37
    73203.258477 11.240892  0.000860 63.940853    -87.27    -74.74      0.25
    73212.570877 11.241201  0.000864 60.760878    -85.63     91.40     -2.05
    73221.883278 11.241954  0.000970 59.585361    -91.45   -118.92     -0.69
    73231.195678 11.242610  0.001004 63.866972    -91.71     11.31      0.51
    73240.508078 11.242476  0.000969 61.248275    -89.33    127.56     -1.84
    73249.820479 11.242721  0.000978 59.275577    -94.72   -133.05     -0.03
    73259.132879 11.242588  0.000899 63.640272    -96.10    -45.39     -4.87
    73268.445280 11.242752  0.000924 61.739889    -93.16     12.56      1.13
    73277.757680 11.243213  0.000943 59.110579    -97.96     62.78      2.32
    73287.070081 11.242892  0.000848 63.273394   -100.40    101.85     -2.59
    73296.382481 11.243685  0.000971 62.222923    -97.10    112.80      0.54
    73305.694882 11.243294  0.000848 59.065057   -101.19    116.47     -1.42
    73315.007282 11.243812  0.000897 62.803913   -104.60    103.09     -2.71
    73324.319682 11.244413  0.000978 62.700203   -101.14     64.47      0.31
    73333.632083 11.244991  0.000987 59.104148   -104.44     15.29      1.54
    73342.944483 11.244930  0.000979 62.282239   -108.66    -46.04     -0.82
    73352.256884 11.245164  0.000978 63.146406   -105.29   -132.83      0.95
    73361.569284 11.245130  0.000915 59.209276   -107.73    134.85     -4.34
    73370.881685 11.245155  0.000924 61.757253   -112.60     17.04      0.58
    73380.194085 11.245555  0.000926 63.528995   -109.51   -119.77      3.24
    73389.506486 11.245387  0.000862 59.362337   -111.07     98.85     -2.77
    73398.818886 11.246059  0.000960 61.272527   -116.43    -66.95      0.88
    73408.131286 11.245655  0.000831 63.813330   -113.80    112.95     -2.06
    73417.443687 11.246265  0.000907 59.560527   -114.46    -84.11     -2.29
    73426.756087 11.246865  0.000972 60.844442   -120.16     61.70      0.50
    73436.068488 11.247474  0.000996 63.976165   -118.12   -171.25      1.63
    73445.380888 11.247345  0.000976 59.813895   -117.90    -56.56     -0.32
    73454.693289 11.247634  0.000976 60.480623   -123.81     41.69      0.84
    73464.005689 11.247448  0.000905 64.007920   -122.44    126.00     -4.04
    73473.318090 11.247580  0.000924 60.138645   -121.41   -175.42      0.15
    73482.630490 11.248118  0.000941 60.168865   -127.41   -128.29      3.33
    73491.942890 11.247813  0.000872 63.934322   -126.73    -92.59     -1.78
    73501.255291 11.248485  0.000956 60.531213   -125.00    -82.73      1.28
    73510.567691 11.248055  0.000825 59.892735   -130.97    -79.80     -0.39
    73519.880092 11.248674  0.000915 63.787689   -130.98    -96.95     -1.63
    73529.192492 11.249347  0.000977 60.974606   -128.68   -135.93      0.66
    73538.504893 11.249897  0.000999 59.629693   -134.50    176.91     -0.06
    73547.817293 11.249654  0.000969 63.604364   -135.18    109.77     -0.35
    73557.129694 11.250175  0.000991 61.429218   -132.45     22.77      0.58
    73566.442094 11.249632  0.000870 59.385798   -137.99    -70.36     -3.42
    73575.754494 11.250063  0.000934 63.414261   -139.33    169.71      0.02
    73585.066895 11.250739  0.000966 61.853247   -136.32     31.00      3.50
    73594.379295 11.250200  0.000865 59.164418   -141.45   -111.75     -0.35
    73603.691696 11.250910  0.000957 63.223645   -143.44     81.37      1.08
    73613.004096 11.250495  0.000823 62.212586   -140.24   -103.53      1.73
    73622.316497 11.251039  0.000903 58.992216   -144.88     63.25     -1.27
    73631.628897 11.251768  0.000979 63.041898   -147.51   -152.12     -0.17
    73640.941297 11.252164  0.000985 62.496218   -144.22    -23.55     -2.01
    73650.253698 11.252044  0.000966 58.896594   -148.29     89.28     -0.75
    73659.566098 11.252541  0.000983 62.854100   -151.55   -173.17     -1.23
    73668.878499 11.252031  0.000874 62.718152   -148.21    -95.11     -1.66
    73678.190899 11.252431  0.000920 58.891184   -151.71    -32.85      0.52
    73687.503300 11.253325  0.000988 62.641093   -155.56     15.11      1.07
    73696.815700 11.252804  0.000904 62.900867   -152.21     43.87      0.75
    73706.128101 11.253456  0.000969 58.971009   -155.16     58.20      1.36
    73715.440501 11.253159  0.000862 62.390747   -159.54     55.44      4.07
    73724.752901 11.253564  0.000928 63.066796   -156.22     38.91     -0.24
    73734.065302 11.254305  0.000980 59.102391   -158.65      6.18     -1.87
    73743.377702 11.254337  0.000944 62.102641   -163.48    -40.73     -3.67
    73752.690103 11.254465  0.000968 63.234664   -160.23   -113.98     -0.52
    73762.002503 11.254922  0.000959 59.248962   -162.20    165.44     -3.43
    73771.314904 11.254378  0.000860 61.784476   -167.37     64.03      0.41
    73780.627304 11.254831  0.000920 63.413312   -164.26    -55.50      0.71
    73789.939705 11.255849  0.000994 59.376427   -165.80    173.79     -1.12
    73799.252105 11.255260  0.000910 61.470947   -171.21     24.48      1.63
    73808.564505 11.255974  0.000980 63.595473   -168.29   -142.77      0.69
    73817.876906 11.255843  0.000910 59.474220   -169.43     32.12      4.19
    73827.189306 11.255926  0.000922 61.195020   -175.00   -159.56      0.21
    73836.501707 11.256518  0.000949 63.761131   -172.33    -13.34     -2.93
    73845.814107 11.256538  0.000920 59.542820   -173.07    115.98     -3.01
    73855.126508 11.256885  0.000964 60.980811   -178.76   -130.94     -0.87
    73864.438908 11.256993  0.000914 63.886147   -176.38    -33.09     -4.22
    73873.751309 11.256897  0.000891 59.607084   -176.72     41.73      0.92
    73883.063709 11.257254  0.000915 60.835666    177.49    107.41      1.48
    73892.376109 11.258064  0.000974 63.954313    179.57    158.04     -3.21
    73901.688510 11.257741  0.000923 59.682914    179.62   -175.50      0.93
    73911.000910 11.258483  0.000984 60.730693    173.73   -156.88     -0.27
    73920.313311 11.258583  0.000959 63.960556    175.53   -163.31      3.47
    73929.625711 11.258369  0.000923 59.791651    175.95   -178.25     -0.31
    73938.938112 11.258751  0.000917 60.646021    169.96    154.12     -3.95
    73948.250512 11.258733  0.000896 63.914671    171.53    101.58     -2.86
    73957.562913 11.259275  0.000957 59.936702    172.26     31.85     -1.09
    73966.875313 11.259220  0.000887 60.546337    166.16    -44.55     -4.57
    73976.187713 11.259435  0.000916 63.857550    167.56   -150.76      1.28
    73985.500114 11.259672  0.000907 60.106106    168.54     91.53      1.99
    73994.812514 11.260324  0.000954 60.420398    162.37    -31.47     -3.52
    74004.124915 11.260194  0.000940 63.815928    163.63    174.77      0.87
    74013.437315 11.260918  0.000981 60.276254    164.78     10.89     -1.07
    74022.749716 11.260964  0.000953 60.272998    158.58   -170.38      2.93
    74032.062116 11.260819  0.000935 63.815366    159.72     -5.22     -0.57
    74041.374517 11.261114  0.000906 60.419364    160.99    144.28     -4.55
    74050.686917 11.261226  0.000908 60.125615    154.80    -83.91     -2.50
    74059.999317 11.261805  0.000976 63.855587    155.82     27.10     -0.74
    74069.311718 11.261622  0.000880 60.510777    157.18    128.01     -4.74
    74078.624118 11.261850  0.000910 59.995901    151.04   -152.54      0.67
    74087.936519 11.261922  0.000883 63.918171    151.92    -89.58      1.79
    74097.248919 11.262806  0.000962 60.540116    153.35    -36.38     -3.16
    74106.561320 11.262535  0.000924 59.910771    147.28     -4.40      0.69
    74115.873720 11.263430  0.000995 63.978982    148.02     11.74      0.12
    74125.186120 11.263218  0.000941 60.524427    149.54      8.39      2.89
    74134.498521 11.263206  0.000923 59.880025    143.52     -1.02     -0.79
    74143.810921 11.263717  0.000936 64.007922    144.12    -30.53     -4.15
    74153.123322 11.263826  0.000945 60.487722    145.74    -82.47     -1.72
    74162.435722 11.264292  0.000979 59.900623    139.74   -145.73     -0.34
    74171.748123 11.264269  0.000919 63.995501    140.23    136.65     -4.03
    74181.060523 11.264255  0.000923 60.466359    141.95     34.90     -0.79
    74190.372924 11.264214  0.000858 59.960312    135.93    -77.52      1.15
    74199.685324 11.265302  0.000981 63.948469    136.37    154.96     -1.20
    74208.997724 11.264960  0.000929 60.473730    138.17      7.45     -1.14
    74218.310125 11.265806  0.000985 60.019328    132.09   -154.90      2.27
    74227.622525 11.265407  0.000916 63.883019    132.54     26.47      2.32
    74236.934926 11.265854  0.000954 60.510115    134.36   -165.80     -1.65
    74246.247326 11.266484  0.000982 60.060988    128.22    -12.57     -2.23
    74255.559727 11.266327  0.000965 63.820885    128.74    118.46     -0.70
    74264.872127 11.266576  0.000952 60.553956    130.53   -129.43      2.35
    74274.184528 11.267115  0.000983 60.065856    124.34    -21.09     -1.79
    74283.496928 11.266826  0.000949 63.791257    124.98     61.61     -0.85
    74292.809328 11.266743  0.000864 60.574942    126.67    130.66     -3.14
    74302.121729 11.267578  0.000968 60.043277    120.46   -179.36      2.49
    74311.434129 11.267573  0.000963 63.806629    121.24   -141.25     -0.85
    74320.746530 11.267502  0.000879 60.555272    122.79   -127.88      4.24
    74330.058930 11.267658  0.000893 60.023058    116.59   -115.96     -0.76
    74339.371331 11.268361  0.000974 63.862509    117.51   -131.55      0.85
    74348.683731 11.268676  0.000956 60.478435    118.89   -163.61      3.11
    74357.996132 11.268573  0.000946 60.036250    112.74    156.21      1.41
    74367.308532 11.268395  0.000867 63.940599    113.78     93.56      1.53
    74376.620932 11.269172  0.000945 60.352677    114.98     13.83      3.11
    74385.933333 11.269312  0.000958 60.106009    108.89    -74.49      0.77
    74395.245733 11.269979  0.000991 64.009703    110.05    177.17     -1.83
    74404.558134 11.269314  0.000879 60.195834    111.09     47.50      1.19
    74413.870534 11.269928  0.000945 60.234590    105.03    -92.04      1.41
    74423.182935 11.269582  0.000832 64.031013    106.32    113.59     -3.51
    74432.495335 11.270530  0.000969 60.027792    107.20    -64.30     -0.85
    74441.807736 11.270216  0.000880 60.411081    101.15    105.83      1.18
    74451.120136 11.270145  0.000822 63.996233    102.61   -101.12      0.45
    74460.432536 11.270833  0.000926 59.883009    103.31     36.36     -0.88
    74469.744937 11.271283  0.000931 60.608397     97.26    162.61     -3.31
    74479.057337 11.270991  0.000864 63.912091     98.92    -95.58     -1.34
    74488.369738 11.271479  0.000919 59.769977     99.41     -8.56     -0.75
    74497.682138 11.271589  0.000870 60.803378     93.34     62.30      3.96
    74506.994539 11.272224  0.000965 63.805487     95.27    122.77     -1.41
    74516.306939 11.272171  0.000917 59.694182     95.48    162.73     -2.10
    74525.619340 11.273023  0.000983 60.981890     89.42   -173.50      1.46
    74534.931740 11.272592  0.000929 63.709967     91.66   -166.32      0.57
    74544.244140 11.273316  0.000978 59.636383     91.50   -172.82     -1.78
    74553.556541 11.273634  0.000983 61.139548     85.52    164.82     -0.43
    74562.868941 11.273346  0.000948 63.633535     88.06    120.91      0.97
    74572.181342 11.273340  0.000876 59.571112     87.47     60.84      4.22
    74581.493742 11.274094  0.000970 61.284148     81.65     -6.12      1.69
    74590.806143 11.274047  0.000945 63.582605     84.47    -96.94      1.30
    74600.118543 11.274756  0.000980 59.468430     83.40    162.66     -2.97
    74609.430943 11.274205  0.000899 61.437629     77.82     40.77      0.78
    74618.743344 11.274543  0.000910 63.536486     80.86   -100.32      2.16
    74628.055744 11.274571  0.000862 59.331944     79.30    113.30     -4.04
    74637.368145 11.275262  0.000969 61.628727     74.03    -57.92      0.31
    74646.680545 11.274857  0.000847 63.466366     77.24    115.64     -1.26
    74655.992946 11.275221  0.000874 59.172750     75.19    -83.64     -2.57
    74665.305346 11.275891  0.000965 61.870885     70.28     58.74     -0.55
    74674.617747 11.276535  0.000988 63.345445     73.60   -177.57     -0.40
    74683.930147 11.276336  0.000952 59.022268     71.07    -65.03     -1.66
    74693.242547 11.276603  0.000968 62.172232     66.57     29.90     -0.83
    74702.554948 11.276145  0.000836 63.149758     69.95    107.56     -2.72
    74711.867348 11.276844  0.000937 58.915834     66.94    166.45      1.46
    74721.179749 11.277413  0.000980 62.507959     62.87   -145.99      1.17
    74730.492149 11.276847  0.000846 62.882899     66.29   -119.16      1.96
    74739.804550 11.277609  0.000960 58.881247     62.80   -102.00     -0.32
    74749.116950 11.277353  0.000859 62.841687     59.18   -107.01      3.60
    74758.429351 11.277583  0.000871 62.552584     62.61   -124.98      0.95
    74767.741751 11.278269  0.000951 58.921035     58.63   -155.85     -1.40
    74777.054151 11.278710  0.000959 63.136182     55.53    157.25     -3.89
    74786.366552 11.278533  0.000930 62.185441     58.93     85.94     -1.58
    74795.678952 11.278987  0.000954 59.036345     54.44      5.20     -1.98
    74804.991353 11.278411  0.000818 63.361022     51.92    -94.36     -0.18
    74814.303753 11.279233  0.000946 61.816912     55.22    147.04      1.04
    74823.616154 11.279930  0.000986 59.210263     50.22     19.14      0.02
    74832.928554 11.279287  0.000866 63.522252     48.37   -129.60      2.51
    74842.240955 11.280057  0.000969 61.472082     51.48     67.22      0.02
    74851.553355 11.279784  0.000861 59.426655     45.99   -112.82      3.46
    74860.865755 11.279994  0.000885 63.632596     44.88     55.54      0.21
    74870.178156 11.280734  0.000968 61.152466     47.66   -156.92     -1.09
    74879.490556 11.281167  0.000968 59.663757     41.78    -19.38     -2.93
    74888.802957 11.281018  0.000953 63.712239     41.45     95.17     -1.14
    74898.115357 11.281571  0.000981 60.844641     43.76   -166.56     -1.00
    74907.427758 11.280947  0.000842 59.918196     37.59    -76.51     -3.17
    74916.740158 11.281521  0.000932 63.779727     38.06    -12.41      0.28
    74926.052559 11.282119  0.000952 60.528318     39.76     35.34      3.34
    74935.364959 11.281635  0.000856 60.190002     33.46     79.64     -1.10
    74944.677359 11.282251  0.000943 63.823755     34.70     96.13      1.24
    74953.989760 11.281898  0.000815 60.187765     35.67    102.60     -1.86
    74963.302160 11.282643  0.000923 60.498663     29.42     94.50     -2.13
    74972.614561 11.283034  0.000952 63.836230     31.35     60.81      1.87
    74981.926961 11.283448  0.000953 59.829201     31.49     15.31      3.32
    74991.239362 11.283441  0.000959 60.866211     25.47    -39.11      0.97
    75000.551762 11.283538  0.000915 63.784972     27.98   -119.19      3.09
    75009.864163 11.284255  0.000984 59.478545     27.24    153.32     -0.94
    75019.176563 11.284071  0.000954 61.302808     21.62     48.08     -0.96
    75028.488963 11.283634  0.000823 63.637319     24.57    -78.12     -0.77
    75037.801364 11.284773  0.000976 59.178324     22.94    142.30     -0.31
    75047.113764 11.284516  0.000920 61.809191     17.87    -10.19     -1.53
    75056.426165 11.285458  0.000990 63.370921     21.12    174.93     -0.59
    75065.738565 11.285130  0.000939 58.967360     18.59    -13.95      1.49
    75075.050966 11.285094  0.000898 62.344892     14.19    148.03     -2.57
    75084.363366 11.285132  0.000853 62.974763     17.62    -72.90     -3.50
    75093.675766 11.285714  0.000939 58.880638     14.22     50.42     -1.29
    75102.988167 11.286133  0.000944 62.858793     10.60    162.34     -3.61
    75112.300567 11.285753  0.000858 62.475185     14.05   -110.86     -0.20
    75121.612968 11.286192  0.000909 58.935251      9.82    -33.44      0.27
    75130.925368 11.286966  0.000960 63.296953      7.10     24.99      3.18
    75140.237769 11.286619  0.000906 61.907674     10.41     71.54     -1.17
    75149.550169 11.286825  0.000902 59.137409      5.42     98.85      1.88
    75158.862570 11.286932  0.000861 63.623531      3.69    117.83     -4.03
    75168.174970 11.287646  0.000969 61.324116      6.66    108.08     -0.07
    75177.487370 11.287346  0.000871 59.470656      1.04     88.55      2.37
    75186.799771 11.287500  0.000857 63.817172      0.37     53.26      2.33
    75196.112171 11.287950  0.000921 60.775082      2.79      2.80     -0.82
    75205.424572 11.287817  0.000836 59.909466     -3.29    -60.00     -2.54
    75214.736972 11.288367  0.000904 63.879847     -2.88   -148.53      2.14
    75224.049373 11.288573  0.000905 60.283186     -1.23    111.18      1.24
    75233.361773 11.289581  0.000994 60.413263     -7.52      0.54     -0.17
    75242.674174 11.288998  0.000912 63.820518     -6.07   -131.93     -0.15
    75251.986574 11.289247  0.000899 59.862756     -5.42     76.57      2.88
    75261.298974 11.289123  0.000830 60.953780    -11.63    -77.33     -3.01
    75270.611375 11.289934  0.000963 63.653959     -9.25     98.64     -0.02
    75279.923775 11.289602  0.000844 59.516866     -9.78    -99.86      3.00
    75289.236176 11.289866  0.000857 61.497690    -15.57     53.06      2.24
    75298.548576 11.290432  0.000934 63.396261    -12.47   -173.19     -0.96
    75307.860977 11.290398  0.000857 59.255014    -14.27    -52.48     -3.99
    75317.173377 11.290603  0.000886 62.036386    -19.31     46.38      0.96
    75326.485778 11.290838  0.000890 63.038593    -15.77    130.05     -0.29
    75335.798178 11.291716  0.000959 59.097999    -18.86   -162.69      3.28
    75345.110578 11.291553  0.000942 62.561660    -22.86   -102.84     -1.34
    75354.422979 11.291339  0.000854 62.582967    -19.20    -69.26     -0.26
    75363.735379 11.292217  0.000944 59.074130    -23.47    -42.76     -2.91
    75373.047780 11.292155  0.000939 63.063252    -26.23    -40.08      0.92
    75382.360180 11.292111  0.000863 62.025600    -22.82    -47.89     -4.01
    75391.672581 11.292558  0.000912 59.208209    -28.06    -72.64     -2.63
    75400.984981 11.293004  0.000965 63.498821    -29.45   -118.24      0.82
    75410.297382 11.293673  0.000990 61.379695    -26.64   -177.75      0.41
    75419.609782 11.293410  0.000954 59.515837    -32.55    113.21     -1.38
    75428.922182 11.293844  0.000975 63.824458    -32.58     21.68     -0.51
    75438.234583 11.293200  0.000827 60.682601    -30.67    -83.39     -2.39
    75447.546983 11.293885  0.000936 60.000356    -36.88    154.36      1.29
    75456.859384 11.294652  0.000984 63.971672    -35.67     16.43      0.30
    75466.171784 11.294029  0.000868 60.001851    -34.91   -140.05      2.79
    75475.484185 11.294728  0.000962 60.641521    -41.03     56.93     -0.65
    75484.796585 11.294789  0.000906 63.891712    -38.77   -135.17      4.49
    75494.108986 11.294769  0.000897 59.419669    -39.33     26.58      1.72
    75503.421386 11.295145  0.000924 61.399345    -44.95    175.47     -1.67
    75512.733786 11.295183  0.000869 63.565143    -41.93    -56.93     -4.06
    75522.046187 11.295487  0.000915 59.024219    -43.89     52.06     -1.12
    75531.358587 11.295703  0.000897 62.197045    -48.65    151.01     -2.70
    75540.670988 11.295856  0.000880 63.014430    -45.20   -137.56      3.37
    75549.983388 11.296356  0.000951 58.877858    -48.55    -70.42      1.13
    75559.295789 11.296743  0.000947 62.939347    -52.12    -16.43     -3.63
    75568.608189 11.296810  0.000936 62.285782    -48.65      7.35      2.45
    75577.920589 11.297123  0.000956 59.008654    -53.23     29.00     -1.30
    75587.232990 11.297528  0.000960 63.526186    -55.40     25.07      3.66
    75596.545390 11.297253  0.000917 61.463607    -52.31      9.58      1.48
    75605.857791 11.297523  0.000912 59.412284    -57.87    -15.59     -2.46
    75615.170191 11.297512  0.000863 63.877943    -58.51    -60.82     -4.44
    75624.482592 11.297937  0.000930 60.643699    -56.24   -129.33     -0.97
    75633.794992 11.298210  0.000914 60.039578    -62.36    156.98     -3.49
    75643.107393 11.298015  0.000855 63.950516    -61.51     55.99      1.98
    75652.419793 11.298620  0.000930 59.919147    -60.44    -55.28      1.12
    75661.732193 11.299410  0.000985 60.814600    -66.64   -177.04     -0.62
    75671.044594 11.298865  0.000898 63.745787    -64.47     37.02      1.46
    75680.356994 11.299491  0.000959 59.380224    -64.92   -121.39      0.99
    75689.669395 11.299088  0.000835 61.648500    -70.64     65.48      3.01
    75698.981795 11.299645  0.000928 63.298179    -67.48   -122.56     -1.04
    75708.294196 11.300362  0.000979 59.083174    -69.63     30.49      0.56
    75717.606596 11.300674  0.000985 62.443062    -74.31    171.77      0.20
    75726.918997 11.300438  0.000953 62.663329    -70.66    -68.99      0.87
    75736.231397 11.300935  0.000957 59.065056    -74.46     36.91      3.30
    75745.543797 11.301066  0.000956 63.105618    -77.67    135.24     -2.43
    75754.856198 11.301152  0.000957 61.908371    -74.10   -153.83     -1.05
    75764.168598 11.300574  0.000802 59.327525    -79.31    -93.93      0.97
    75773.480999 11.301694  0.000966 63.567491    -80.75    -48.24     -0.70
    75782.793399 11.301572  0.000907 61.094598    -77.89    -21.18     -2.54
    75792.105800 11.302501  0.000993 59.834385    -84.01     -8.22     -0.31
    75801.418200 11.302078  0.000938 63.785577    -83.65    -14.15      0.99
    75810.730601 11.302233  0.000896 60.309960    -82.05    -30.98     -3.57
    75820.043001 11.302420  0.000897 60.538660    -88.44    -62.49     -4.04
    75829.355401 11.302855  0.000960 63.731879    -86.47   -119.24     -0.46
    75838.667802 11.303471  0.000978 59.648535    -86.58    174.61     -1.92
    75847.980202 11.303043  0.000904 61.358853    -92.50     95.25     -2.28
    75857.292603 11.303337  0.000931 63.409332    -89.37     -6.60     -1.75
    75866.605003 11.303266  0.000856 59.210577    -91.39   -126.17      4.15
    75875.917404 11.303984  0.000960 62.207666    -96.15    110.86     -0.83
    75885.229804 11.303771  0.000886 62.824194    -92.48    -36.16     -2.74
    75894.542205 11.304787  0.000984 59.068039    -96.34    162.29     -1.02
    75903.854605 11.304349  0.000928 62.982800    -99.42    -15.86      0.63
    75913.167005 11.304701  0.000911 62.023585    -95.92    153.09     -4.33
    75922.479406 11.304980  0.000931 59.272483   -101.27    -54.63     -2.88
    75931.791806 11.305196  0.000954 63.568109   -102.40     76.57      0.78
    75941.104207 11.305862  0.000980 61.094944    -99.78   -167.18      1.93
    75950.416607 11.305706  0.000954 59.810103   -105.99    -57.00     -1.45
    75959.729008 11.306026  0.000968 63.869409   -105.19     28.26     -0.30
    75969.041408 11.305453  0.000826 60.171562   -104.08    101.68     -2.60
    75978.353809 11.306181  0.000942 60.621198   -110.35    157.05      1.39
    75987.666209 11.306834  0.000981 63.802644   -107.97   -163.24      0.01
    75996.978609 11.306309  0.000868 59.418762   -108.76   -141.44      3.19
    76006.291010 11.306885  0.000951 61.594619   -114.26   -125.91     -0.89
    76015.603410 11.307199  0.000931 63.341243   -110.90   -140.07      4.00
    76024.915811 11.307126  0.000902 58.989319   -113.70   -159.58      2.33
    76034.228211 11.307314  0.000916 62.588389   -117.72    167.21     -1.27
    76043.540612 11.307221  0.000835 62.528979   -114.12    112.99     -3.42
    76052.853012 11.307676  0.000900 58.992651   -118.71     42.29     -0.28
    76062.165412 11.307827  0.000885 63.420103   -120.79    -41.23     -1.94
    76071.477813 11.308297  0.000908 61.492527   -117.77   -150.44      4.17
    76080.790213 11.308650  0.000956 59.453224   -123.59     99.46      0.03
    76090.102614 11.308709  0.000908 63.920205   -123.60    -29.86     -4.08
    76099.415014 11.309281  0.000966 60.407623   -121.90    174.74      1.76
    76108.727415 11.309139  0.000931 60.301232   -128.13     16.31     -1.15
    76118.039815 11.309986  0.000986 63.961162   -126.32   -167.79      1.55
    76127.352216 11.309692  0.000938 59.496963   -126.49     -4.13      2.06
    76136.664616 11.309581  0.000898 61.393829   -132.22    150.46     -1.40
    76145.977016 11.309487  0.000824 63.501758   -129.13    -77.12     -2.85
    76155.289417 11.310032  0.000905 58.959760   -131.43     38.76     -0.72
    76164.601817 11.310242  0.000889 62.514830   -135.79    143.98     -2.71
    76173.914218 11.310403  0.000872 62.621244   -132.23   -138.15      3.10
    76183.226618 11.310905  0.000944 58.928322   -136.50    -64.40      1.18
    76192.539019 11.311514  0.000967 63.435370   -138.91     -5.79     -2.30
    76201.851419 11.311112  0.000900 61.484178   -135.77     26.43      2.22
    76211.163820 11.311771  0.000970 59.430919   -141.47     54.01      0.10
    76220.476220 11.311401  0.000853 63.950307   -141.69     57.03      4.07
    76229.788620 11.311729  0.000904 60.329773   -139.85     51.91     -0.63
    76239.101021 11.312536  0.000978 60.377557   -146.09     29.92      0.06
    76248.413421 11.312949  0.000986 63.935953   -144.34    -10.66     -0.35
    76257.725822 11.312717  0.000956 59.407352   -144.47    -67.77      0.72
    76267.038222 11.313078  0.000950 61.565110   -150.21   -138.60      2.99
    76276.350623 11.313265  0.000956 63.371149   -147.08    138.28     -2.63
    76285.663023 11.313305  0.000944 58.933419   -149.49     34.92     -1.24
    76294.975424 11.312831  0.000810 62.726280   -153.74    -82.11     -0.50
    76304.287824 11.313921  0.000971 62.375847   -150.16    141.59     -0.33
    76313.600224 11.313858  0.000921 59.030363   -154.67     -4.65     -1.92
    76322.912625 11.314621  0.000978 63.589020   -156.75   -172.75      1.80
    76332.225025 11.314121  0.000914 61.170392   -153.76      5.13      0.86
    76341.537426 11.314655  0.000941 59.694182   -159.68    174.62     -2.57
    76350.849826 11.315009  0.000954 63.950797   -159.42    -37.54     -2.98
    76360.162227 11.315085  0.000962 60.027594   -157.98     89.54      0.49
    76369.474627 11.315589  0.000972 60.776249   -164.25   -152.63      2.10
    76378.787028 11.315549  0.000954 63.726650   -161.98    -49.28     -1.92
    76388.099428 11.315754  0.000961 59.224404   -162.79     34.50     -1.00
    76397.411828 11.315236  0.000817 62.022075   -168.20    107.97     -2.30
    76406.724229 11.316102  0.000950 62.966828   -164.73    156.16      1.06
    76416.036629 11.316570  0.000968 58.967093   -167.98   -162.22     -1.39
    76425.349030 11.316364  0.000898 63.113709   -171.50   -144.03      4.69
    76434.661430 11.316579  0.000932 61.841212   -167.94   -134.04     -0.98
    76443.973831 11.317247  0.000963 59.336808   -173.22   -143.76      2.30
    76453.286231 11.317299  0.000949 63.780854   -174.27   -168.51      3.06
    76462.598632 11.317109  0.000910 60.609700   -171.83    152.38     -0.05
    76471.911032 11.316873  0.000807 60.252052   -178.13    100.29     -0.49
    76481.223432 11.317565  0.000905 63.851602   -176.76     25.36      2.11
    76490.535833 11.317678  0.000889 59.587412   -176.41    -61.53      0.96
    76499.848233 11.318538  0.000959 61.470428    177.58   -163.04      3.05
    76509.160634 11.318347  0.000942 63.308001   -179.30     81.00     -1.36
    76518.473034 11.318168  0.000856 59.051938    178.45    -52.71     -1.02
    76527.785435 11.319252  0.000975 62.677333    174.03    160.31     -1.15
    76537.097835 11.318799  0.000917 62.289773    177.75     -8.60     -0.06
    76546.410235 11.319604  0.000965 59.169711    173.09    175.22     -2.51
    76555.722636 11.319789  0.000976 63.544748    171.14    -22.59     -0.07
    76565.035036 11.319432  0.000903 61.042866    174.14    121.94      0.95
    76574.347437 11.319293  0.000818 59.931933    167.96   -104.23      2.77
    76583.659837 11.319972  0.000922 63.841204    168.67     13.08      1.62
    76592.972238 11.319898  0.000863 59.898065    169.73    113.86      0.63
    76602.284638 11.320799  0.000951 61.120784    163.44   -160.30      3.85
    76611.597039 11.320772  0.000956 63.475935    166.24    -87.88     -0.58
    76620.909439 11.320814  0.000896 59.181711    164.64    -30.04     -3.79
    76630.221839 11.321447  0.000958 62.395998    159.72      4.98      2.71
    76639.534240 11.321330  0.000939 62.543243    163.46     29.09     -0.96
    76648.846640 11.321823  0.000943 59.130064    159.21     33.94      3.80
    76658.159041 11.321549  0.000895 63.383761    156.76     28.68      2.32
    76667.471441 11.321993  0.000935 61.279154    159.99      6.60     -1.76
    76676.783842 11.322447  0.000943 59.785684    153.95    -27.33     -3.73
    76686.096242 11.322421  0.000945 63.800034    154.32    -85.16     -1.18
    76695.408643 11.322959  0.000973 60.048442    155.66   -157.83     -0.33
    76704.721043 11.322693  0.000887 60.956618    149.30    123.53     -3.99
    76714.033443 11.322916  0.000927 63.528256    151.98     16.64     -0.65
    76723.345844 11.322826  0.000847 59.239302    150.56   -104.31      3.50
    76732.658244 11.323649  0.000943 62.277504    145.52    131.89     -2.49
    76741.970645 11.323460  0.000909 62.621276    149.28    -20.60     -1.02
    76751.283045 11.324506  0.000989 59.130250    145.08    177.84     -1.13
    76760.595446 11.324164  0.000943 63.334787    142.57     -3.11      1.74
    76769.907846 11.324231  0.000911 61.332095    145.84    163.80     -2.66
    76779.220247 11.324546  0.000906 59.789128    139.75    -41.28     -4.63
    76788.532647 11.324762  0.000946 63.789520    140.18     88.29     -0.84
    76797.845047 11.325366  0.000971 60.054611    141.47   -156.25      0.76
    76807.157448 11.325310  0.000932 60.998360    135.10    -45.35     -3.61
    76816.469848 11.325385  0.000943 63.495973    137.89     37.09     -0.88
    76825.782249 11.325004  0.000815 59.226640    136.29    110.08     -1.62
    76835.094649 11.326079  0.000968 62.353396    131.39    166.20      1.23
    76844.407050 11.326162  0.000959 62.520526    135.18   -153.80     -0.93
    76853.719450 11.326012  0.000868 59.164295    130.72   -131.50      4.28
    76863.031851 11.326235  0.000911 63.398698    128.57   -115.71     -0.92
    76872.344251 11.326811  0.000947 61.162773    131.65   -127.58      2.58
    76881.656651 11.326825  0.000896 59.918781    125.41   -147.03      4.13
    76890.969052 11.326927  0.000923 63.788031    126.28    178.93      0.21
    76900.281452 11.326876  0.000846 59.880385    127.11    128.73     -3.11
    76909.593853 11.327070  0.000850 61.227173    120.88     59.86      1.30
    76918.906253 11.327495  0.000910 63.366495    124.01    -24.21     -0.63
    76928.218654 11.327688  0.000870 59.152710    121.76   -127.89      4.93
    76937.531054 11.328322  0.000954 62.611911    117.37    126.23     -1.39
    76946.843455 11.328356  0.000932 62.251945    121.18     -5.83     -2.32
    76956.155855 11.328804  0.000937 59.279021    116.14   -155.36      4.36
    76965.468255 11.328576  0.000913 63.568497    114.75     48.83     -0.52
    76974.780656 11.329133  0.000936 60.815228    117.39   -133.43      2.94
    76984.093056 11.328989  0.000874 60.236505    110.95     37.04      4.02
    76993.405457 11.329287  0.000927 63.749688    112.58   -167.40     -0.68
    77002.717857 11.329712  0.000918 59.590123    112.55    -27.51     -4.17
    77012.030258 11.329612  0.000888 61.658304    106.70     95.66     -2.69
    77021.342658 11.330115  0.000950 63.067967    110.23   -162.57     -1.32
    77030.655058 11.329702  0.000821 59.088131    106.99    -68.91     -3.01
    77039.967459 11.330374  0.000923 62.996459    103.55      3.14      1.53
    77049.279859 11.330783  0.000937 61.750210    107.14     58.78      2.52
    77058.592260 11.330483  0.000846 59.539981    101.39    111.97     -3.53
    77067.904660 11.331100  0.000946 63.733720    101.20    135.50      0.96
    77077.217061 11.331264  0.000902 60.285497    102.94    152.05     -4.23
    77086.529461 11.331871  0.000964 60.775616     96.48    150.31     -1.35
    77095.841862 11.331546  0.000915 63.574713     99.08    127.97      0.80
    77105.154262 11.331234  0.000795 59.277742     97.71     95.93     -0.24
    77114.466662 11.331813  0.000876 62.283085     92.69     48.45      1.00
    77123.779063 11.332250  0.000914 62.552291     96.52    -15.70     -2.21
    77133.091463 11.331861  0.000794 59.179185     91.98    -95.72      0.33
    77142.403864 11.332775  0.000935 63.442540     89.98    168.77      1.24
    77151.716264 11.333069  0.000926 61.045978     92.95     53.47      3.31
    77161.028665 11.333011  0.000879 60.061335     86.58    -61.83     -4.07
    77170.341065 11.333310  0.000928 63.771614     87.87    150.34      0.68
    77179.653466 11.334078  0.000969 59.681102     88.18     -4.73     -2.17
    77188.965866 11.333996  0.000946 61.545106     82.19   -178.68      2.46
    77198.278266 11.333937  0.000920 63.122506     85.66     -5.67     -1.38
    77207.590667 11.334544  0.000937 59.087222     82.55    154.53     -3.67
    77216.903067 11.334618  0.000953 62.982176     79.02    -65.32     -1.08
    77226.215468 11.334864  0.000947 61.735473     82.64     54.13      2.19
    77235.527868 11.335444  0.000978 59.566561     76.84    169.97     -0.35
    77244.840269 11.335161  0.000950 63.746320     76.77    -95.65     -0.52
    77254.152669 11.335509  0.000932 60.191003     78.38    -14.75     -3.76
    77263.465070 11.335203  0.000861 60.913598     71.93     45.82      3.08
    77272.777470 11.335757  0.000944 63.494222     74.73     93.93      1.04
    77282.089870 11.335664  0.000858 59.204121     72.99    133.10     -4.65
    77291.402271 11.336473  0.000967 62.501745     68.28    148.67     -0.20
    77300.714671 11.336129  0.000891 62.305539     72.12    148.99     -1.43
    77310.027072 11.336647  0.000911 59.275091     67.15    141.62     -4.78
    77319.339472 11.336906  0.000953 63.593270     65.77    109.30     -0.83
    77328.651873 11.337027  0.000919 60.688250     68.33     58.79      3.25
    77337.964273 11.337630  0.000963 60.396744     61.84      3.58      2.49
    77347.276674 11.337480  0.000954 63.688647     63.80    -71.30      0.62
    77356.589074 11.338130  0.000973 59.404243     63.24   -162.17      0.76
    77365.901474 11.337630  0.000884 62.028060     57.75     98.56     -2.79
    77375.213875 11.337817  0.000901 62.724720     61.50    -27.83     -0.56
    77384.526275 11.338807  0.000972 59.123242     57.40   -164.97      1.89
    77393.838676 11.338201  0.000891 63.372413     54.98     45.85      0.11
    77403.151076 11.338877  0.000950 61.120453     58.12   -126.40      2.29
    77412.463477 11.338569  0.000850 60.024635     51.80     52.41      4.06
    77421.775877 11.338992  0.000922 63.778775     52.98   -142.41     -0.55
    77431.088278 11.339771  0.000969 59.644357     53.34      4.38     -1.93
    77440.400678 11.339774  0.000942 61.654886     47.34    139.78     -3.04
    77449.713078 11.339877  0.000955 63.028269     50.88   -110.56      0.14
    77459.025479 11.340497  0.000972 59.078168     47.56     -6.54     -2.31
    77468.337879 11.339817  0.000871 63.172489     44.29     78.78     -1.18
    77477.650280 11.340124  0.000888 61.457119     47.80    145.16     -0.98
    77486.962680 11.341026  0.000961 59.762659     41.77   -162.00      3.38
    77496.275081 11.340599  0.000908 63.807337     42.23   -119.64     -0.98
    77505.587481 11.340802  0.000885 59.843230     43.28   -101.51      2.73
    77514.899881 11.340708  0.000826 61.352971     37.03    -85.45     -1.98
    77524.212282 11.341537  0.000959 63.223202     40.26    -97.07     -0.29
    77533.524682 11.341553  0.000893 59.060213     37.57   -123.10      3.77
    77542.837083 11.341783  0.000910 62.993744     33.76   -158.62      3.10
    77552.149483 11.341815  0.000900 61.691722     37.42    148.45     -0.44
    77561.461884 11.341690  0.000812 59.588936     31.67     79.69      2.27
    77570.774284 11.342539  0.000937 63.810937     31.63     -4.20      1.59
    77580.086685 11.342655  0.000917 59.991336     33.11   -106.86      2.87
    77589.399085 11.343124  0.000932 61.162835     26.73    148.40     -3.95
    77598.711485 11.342960  0.000916 63.355479     29.74     11.68      0.19
    77608.023886 11.343565  0.000945 59.064173     27.47   -136.41      3.09
    77617.336286 11.342989  0.000827 62.901101     23.30     66.29      1.53
    77626.648687 11.343880  0.000954 61.835848     27.04   -111.42     -0.02
    77635.961087 11.343814  0.000878 59.489336     21.50     55.07      4.37
    77645.273488 11.343968  0.000891 63.834299     21.13   -150.11      2.44
    77654.585888 11.344263  0.000911 60.053734     22.83    -10.11     -1.85
    77663.898289 11.344134  0.000832 61.058400     16.43    117.64     -4.04
    77673.210689 11.344579  0.000902 63.428979     19.28   -141.56      0.05
    77682.523089 11.344638  0.000862 59.033856     17.22    -48.41     -1.24
    77691.835490 11.345291  0.000914 62.862108     12.94     24.77      4.03
    77701.147890 11.345567  0.000958 61.880802     16.66     87.10     -0.14
    77710.460291 11.345301  0.000857 59.427399     11.21    138.21     -3.22
    77719.772691 11.346231  0.000973 63.857525     10.76    164.73      0.55
    77729.085092 11.345927  0.000915 60.041764     12.49    179.92     -1.55
    77738.397492 11.346809  0.000977 61.040531      6.11   -178.08     -0.75
    77747.709893 11.346613  0.000952 63.451737      8.94    162.32      1.24
    77757.022293 11.346334  0.000869 58.998612      6.87    133.50     -0.69
    77766.334693 11.346241  0.000799 62.915234      2.63     88.67     -0.09
    77775.647094 11.346906  0.000908 61.846854      6.31     24.51     -0.17
    77784.959494 11.346874  0.000845 59.436702      0.83    -48.04     -2.21
    77794.271895 11.347393  0.000886 63.919611      0.50   -146.59      4.05
    77803.584295 11.347797  0.000943 59.951800      2.07    107.09      1.12
    77812.896696 11.348313  0.000954 61.125993     -4.23     -8.80     -2.82
    77822.209096 11.348012  0.000898 63.433294     -1.31   -154.28      2.61
    77831.521497 11.348538  0.000956 58.934142     -3.65     55.06      0.24
    77840.833897 11.348087  0.000827 63.028664     -7.60   -115.33      3.69
    77850.146297 11.348609  0.000907 61.714632     -4.02     62.91     -1.03
    77859.458698 11.349303  0.000960 59.481221     -9.68   -135.97      0.91
    77868.771098 11.349625  0.000961 63.965027     -9.63      7.60      2.40
    77878.083499 11.349424  0.000935 59.788517     -8.42    137.49      1.21
    77887.395899 11.349399  0.000874 61.287414    -14.60   -106.83      3.17
    77896.708300 11.350152  0.000960 63.331338    -11.46     -7.59      1.48
    77906.020700 11.350149  0.000950 58.887251    -14.27     78.15      0.71
    77915.333101 11.350396  0.000919 63.206909    -17.76    153.58     -4.32
    77924.645501 11.350281  0.000902 61.489878    -14.35   -161.13      1.84
    77933.957901 11.350875  0.000953 59.635026    -20.26   -119.91      1.54
    77943.270302 11.350186  0.000794 64.003815    -19.66    -96.34      0.41
    77952.582702 11.351164  0.000942 59.582865    -19.02    -88.06     -0.90
    77961.895103 11.351024  0.000870 61.572355    -24.94    -96.55      2.75
    77971.207503 11.351022  0.000830 63.152316    -21.54   -120.68      2.12
    77980.519904 11.351624  0.000916 58.876386    -25.04   -154.24     -1.00
    77989.832304 11.352063  0.000924 63.427002    -27.81    156.45     -3.99
    77999.144704 11.351831  0.000873 61.164622    -24.71     83.80     -1.77
    78008.457105 11.352239  0.000916 59.883072    -30.92      2.43     -1.37
    78017.769505 11.351928  0.000805 63.971345    -29.56   -100.88      1.75
    78027.081906 11.352988  0.000957 59.342337    -29.74    145.32      1.00
    78036.394306 11.353195  0.000959 61.931015    -35.24     20.16     -1.01
    78045.706707 11.352870  0.000856 62.833218    -31.59   -131.63      3.77
    78055.019107 11.353437  0.000941 58.952953    -35.91     75.18     -1.14
    78064.331508 11.353286  0.000865 63.634536    -37.74   -103.89      2.97
    78073.643908 11.353344  0.000840 60.742717    -35.16     66.80      0.20
    78082.956308 11.354132  0.000950 60.281838    -41.55   -134.80     -0.98
    78092.268709 11.354833  0.000987 63.840450    -39.38      2.12     -0.62
    78101.581109 11.354667  0.000953 59.135020    -40.62    127.12     -1.36
    78110.893510 11.354831  0.000956 62.396374    -45.40   -124.87      1.09
    78120.205910 11.355152  0.000943 62.378952    -41.67    -28.69     -4.10
    78129.518311 11.354864  0.000896 59.177044    -46.88     48.71     -0.82
    78138.830711 11.354826  0.000849 63.816908    -47.51    110.33     -0.04
    78148.143112 11.356008  0.000975 60.253808    -45.77    157.95     -1.13
    78157.455512 11.355505  0.000908 60.834931    -52.14   -167.60     -0.07
    78166.767912 11.356339  0.000965 63.546076    -49.13   -155.18      2.39
    78176.080313 11.355913  0.000881 59.007723    -51.66   -152.43      2.90
    78185.392713 11.356299  0.000932 62.888771    -55.41   -160.19     -1.18
    78194.705114 11.357026  0.000971 61.755582    -51.84    169.64     -1.83
    78204.017514 11.356937  0.000956 59.582639    -57.84    127.91     -0.57
    78213.329915 11.356998  0.000934 63.856067    -57.16     65.05      2.20
    78222.642315 11.357709  0.000975 59.742408    -56.59     -7.49      0.17
    78231.954716 11.357467  0.000950 61.528139    -62.55    -92.68     -0.95
    78241.267116 11.357659  0.000920 63.038275    -58.91    162.70     -3.57
    78250.579516 11.357533  0.000865 59.050555    -62.84     38.42      3.18
    78259.891917 11.358073  0.000952 63.362430    -65.17    -93.28      0.65
    78269.204317 11.357691  0.000817 61.009591    -62.23    118.30     -3.13
    78278.516718 11.358638  0.000950 60.227712    -68.74    -45.11     -1.37
    78287.829118 11.358322  0.000886 63.719223    -66.68    131.42     -0.34
    78297.141519 11.358431  0.000836 59.321196    -67.67    -59.70     -4.55
    78306.453919 11.359015  0.000926 62.324164    -72.71     89.15     -1.64
    78315.766320 11.359559  0.000959 62.312900    -68.80   -143.29      1.81
    78325.078720 11.359997  0.000979 59.344480    -74.08    -18.57     -1.16
    78334.391120 11.359727  0.000951 63.695507    -74.73     84.16     -0.46
    78343.703521 11.360251  0.000957 60.198181    -72.93    173.14     -2.60
    78353.015921 11.359621  0.000839 61.074681    -79.41   -112.50     -0.04
    78362.328322 11.360114  0.000911 63.280740    -76.22    -57.79      0.82
    78371.640722 11.361008  0.000964 59.085748    -78.99    -10.62     -2.19
    78380.953123 11.360569  0.000910 63.087921    -82.51     14.84      1.92
    78390.265523 11.361187  0.000964 61.371026    -78.99     26.99     -0.41
    78399.577924 11.361373  0.000929 59.946128    -85.25     23.58      3.90
    78408.890324 11.361185  0.000916 63.764514    -84.07      8.16      0.50
    78418.202724 11.361553  0.000908 59.469114    -84.02    -21.12     -3.81
    78427.515125 11.361536  0.000871 62.075031    -89.71    -66.20     -3.55
    78436.827525 11.362042  0.000949 62.541033    -85.87   -134.99     -0.78
    78446.139926 11.362207  0.000902 59.205827    -90.46    152.63     -4.54
    78455.452326 11.361983  0.000860 63.690349    -91.98     54.52      0.82
    78464.764727 11.362323  0.000882 60.352613    -89.59    -56.01      0.57
    78474.077127 11.363401  0.000980 60.866742    -96.13   -176.39      0.70
    78483.389527 11.362779  0.000898 63.453962    -93.39     43.70     -0.13
    78492.701928 11.363162  0.000909 59.018303    -95.50   -113.05      2.99
    78502.014328 11.362786  0.000806 63.049362    -99.53     83.14     -0.18
    78511.326729 11.363726  0.000949 61.507884    -95.91   -103.34     -0.60
    78520.639129 11.363843  0.000903 59.752775   -101.88     55.91      3.54
    78529.951530 11.364013  0.000907 63.904237   -101.15   -158.77      3.14
    78539.263930 11.364045  0.000898 59.429473   -100.76    -26.12     -0.20
    78548.576331 11.363865  0.000807 61.976804   -106.54     91.26      0.52
    78557.888731 11.364574  0.000914 62.682237   -102.85   -172.25      1.80
    78567.201131 11.364674  0.000895 59.037450   -107.20    -85.86      2.05
    78576.513532 11.365631  0.000973 63.776664   -108.88    -11.90     -1.37
    78585.825932 11.365099  0.000906 60.355350   -106.49     40.38     -0.75
    78595.138333 11.365262  0.000874 60.741770   -112.93     79.05      3.19
    78604.450733 11.365381  0.000858 63.597174   -110.26    108.66     -3.54
    78613.763134 11.365905  0.000929 58.909131   -112.41    113.79      1.23
    78623.075534 11.365548  0.000811 63.072278   -116.31    112.76     -1.80
    78632.387935 11.366095  0.000880 61.553084   -112.81     90.33     -2.31
    78641.700335 11.366753  0.000954 59.671355   -118.80     54.64      0.11
    78651.012735 11.367386  0.000987 63.994792   -117.86      2.27      0.55
    78660.325136 11.367148  0.000952 59.378526   -117.80    -62.96     -0.75
    78669.637536 11.367433  0.000960 61.986965   -123.33   -143.25      0.69
    78678.949937 11.367224  0.000879 62.686193   -119.62    123.13     -4.24
    78688.262337 11.367399  0.000902 59.034955   -124.33      9.36      0.24
    78697.574738 11.367679  0.000894 63.793485   -125.48   -120.70      3.71
    78706.887138 11.367810  0.000882 60.273327   -123.50    103.03     -2.85
    78716.199539 11.368089  0.000919 60.852888   -129.89    -54.62      1.09
    78725.511939 11.368204  0.000870 63.494509   -126.82    137.08     -4.59
    78734.824339 11.368839  0.000954 58.934729   -129.66    -52.01     -0.99
    78744.136740 11.368612  0.000895 63.147467   -132.93    104.54      1.56
    78753.449140 11.368517  0.000820 61.344656   -129.64   -116.23      3.23
    78762.761541 11.369048  0.000899 59.930243   -135.98     17.38      0.77
    78772.073941 11.369044  0.000850 63.843620   -134.28    131.48     -2.25
    78781.386342 11.369299  0.000852 59.313837   -135.05   -136.39      3.68
    78790.698742 11.369839  0.000932 62.287848   -140.09    -48.73      1.00
    78800.011143 11.370607  0.000977 62.305977   -136.22     15.73      1.41
    78809.323543 11.369819  0.000840 59.359326   -141.71     73.77     -1.07
    78818.635943 11.370349  0.000911 63.772795   -141.85    108.37      1.09
    78827.948344 11.370610  0.000877 59.957204   -140.63    135.74     -4.87
    78837.260744 11.371132  0.000960 61.416686   -146.87    141.60     -0.03
    78846.573145 11.370756  0.000868 63.010633   -143.23    132.33     -1.34
    78855.885545 11.370939  0.000843 59.102678   -147.16    114.28     -3.93
    78865.197946 11.371511  0.000937 63.440028   -149.35     74.39     -1.09
    78874.510346 11.372160  0.000965 60.704310   -146.58     18.02      0.17
    78883.822747 11.372148  0.000940 60.615841   -153.19    -43.01     -2.97
    78893.135147 11.372260  0.000952 63.482657   -150.52   -130.53     -0.62
    78902.447547 11.372105  0.000860 59.120309   -152.57    135.96     -4.39
    78911.759948 11.372434  0.000905 62.949140   -156.62     18.37      2.32
    78921.072348 11.372868  0.000936 61.473602   -152.93   -112.22      1.94
    78930.384749 11.372439  0.000816 59.931577   -159.16    113.66     -3.68
    78939.697149 11.373296  0.000952 63.764379   -157.96    -49.49      0.30
    78949.009550 11.373075  0.000856 59.364141   -158.11    139.65     -2.69
    78958.321950 11.373700  0.000912 62.329751   -163.58    -44.06     -4.14
    78967.634350 11.373878  0.000943 62.226832   -159.68    105.15      0.62
    78976.946751 11.373724  0.000856 59.367766   -164.86   -113.95      3.89
    78986.259151 11.374297  0.000922 63.860052   -165.39     13.78      3.08
    78995.571552 11.374244  0.000896 59.802177   -163.93    126.16      0.79
    79004.883952 11.374623  0.000891 61.557544   -170.18   -137.85      4.73
    79014.196353 11.375020  0.000954 62.950424   -166.69    -52.98     -0.66
    79023.508753 11.375286  0.000947 58.982052   -170.49     16.00     -1.59
    79032.821154 11.374697  0.000816 63.679413   -172.66     64.28      2.82
    79042.133554 11.375621  0.000956 60.450502   -170.05    101.87     -0.11
    79051.445954 11.375231  0.000846 60.718407   -176.52    128.44     -1.97
    79060.758355 11.376034  0.000932 63.546896   -173.82    134.24     -2.76
    79070.070755 11.375992  0.000918 58.889161   -176.15    122.20      1.53
    79079.383156 11.375686  0.000808 63.222641   -179.77    102.54     -0.63
    79088.695556 11.376166  0.000871 61.245472   -176.41     61.78     -0.29
    79098.007957 11.376773  0.000935 59.963412    177.34     12.70     -1.74
    79107.320357 11.376581  0.000846 63.910143    178.99    -54.11     -4.52
    79116.632758 11.376856  0.000887 59.102682    178.08   -141.46     -0.39
    79125.945158 11.376918  0.000851 62.566814    173.30    122.49     -0.71
    79135.257558 11.377944  0.000958 62.051436    177.02      3.81      2.44
    79144.569959 11.377764  0.000933 59.416211    171.31   -118.09     -1.24
    79153.882359 11.377338  0.000810 63.958973    171.80     95.56      0.87
    79163.194760 11.378242  0.000921 59.559509    172.21    -59.21     -2.99
    79172.507160 11.378231  0.000912 61.844964    166.50    126.25      0.84
    79181.819561 11.378124  0.000830 62.694223    170.32    -59.60     -4.08
    79191.131961 11.378701  0.000912 59.135347    165.40     98.17     -2.49
    79200.444362 11.379118  0.000947 63.750353    164.60   -124.32      1.43
    79209.756762 11.379689  0.000970 60.107583    166.23      1.41      1.43
    79219.069162 11.379545  0.000955 61.223132    159.90    118.00     -0.06
    79228.381563 11.379985  0.000964 63.120753    163.45   -149.51      1.61
    79237.693963 11.379704  0.000890 59.059196    159.58    -60.01     -3.84
    79247.006364 11.379862  0.000915 63.460910    157.47      4.36     -0.70
    79256.318764 11.380153  0.000887 60.634246    160.09     49.13      4.54
    79265.631165 11.380236  0.000884 60.739022    153.47     96.85     -2.42
    79274.943565 11.380367  0.000888 63.392586    156.47    112.94      1.07
    79284.255966 11.380506  0.000844 59.092872    153.77    127.26     -4.84
    79293.568366 11.381189  0.000946 63.175178    150.40    117.12     -0.88
    79302.880766 11.380937  0.000861 61.085508    153.78     88.25      2.53
    79312.193167 11.381045  0.000829 60.334610    147.21     52.94      3.82
    79321.505567 11.381514  0.000912 63.596806    149.38      2.00      0.34
    79330.817968 11.381321  0.000818 59.145195    147.93    -63.26     -1.78
    79340.130368 11.381879  0.000882 62.898976    143.51   -148.79      3.65
    79349.442769 11.382208  0.000916 61.490262    147.26    113.40      1.13
    79358.755169 11.383068  0.000977 59.923551    141.10      5.16      0.14
    79368.067570 11.382376  0.000878 63.792169    142.32   -122.83     -0.11
    79377.379970 11.382734  0.000895 59.219124    141.94     92.10      2.09
    79386.692370 11.382852  0.000856 62.556083    136.77    -55.74     -4.50
    79396.004771 11.383432  0.000951 61.943767    140.62    124.52      0.51
    79405.317171 11.383020  0.000834 59.515005    135.00    -58.83     -0.64
    79414.629572 11.383307  0.000842 63.941550    135.32    100.85     -2.58
    79423.941972 11.384014  0.000943 59.406101    135.84   -118.95     -0.65
    79433.254373 11.384657  0.000972 62.112942    130.14     11.46     -0.11
    79442.566773 11.384480  0.000934 62.440899    133.91    124.45     -2.05
    79451.879173 11.384781  0.000953 59.186617    128.90   -136.60     -0.53
    79461.191574 11.384497  0.000853 63.961240    128.40    -48.91     -4.83
    79470.503974 11.384782  0.000898 59.722943    129.60     12.36      1.45
    79479.816375 11.385205  0.000919 61.619600    123.58     67.48      2.67
    79489.128775 11.384962  0.000835 62.886826    127.21    110.80     -4.10
    79498.441176 11.385632  0.000935 59.003710    122.73    131.51      1.07
    79507.753576 11.385634  0.000877 63.809974    121.54    145.15     -3.66
    79517.065977 11.386312  0.000951 60.115343    123.34    136.95     -2.56
    79526.378377 11.386181  0.000927 61.171698    117.01    115.46      1.04
    79535.690777 11.385867  0.000812 63.179068    120.51     75.59      2.70
    79545.003178 11.386375  0.000877 58.978640    116.58     27.88      1.79
    79554.315578 11.386582  0.000889 63.561690    114.67    -34.80     -0.80
    79563.627979 11.386551  0.000822 60.485394    117.05   -121.04      3.43
    79572.940379 11.387280  0.000939 60.867858    110.51    149.26      1.20
    79582.252780 11.387786  0.000958 63.311886    113.78     36.02      1.61
    79591.565180 11.387134  0.000824 59.047657    110.43    -82.96     -2.69
    79600.877581 11.387802  0.000928 63.362821    107.85    134.22      1.01
    79610.189981 11.388288  0.000927 60.739251    110.71    -17.74     -4.05
    79619.502381 11.388562  0.000951 60.699513    104.05    170.62      1.59
    79628.814782 11.388311  0.000906 63.379291    107.02    -13.47     -1.40
    79638.127182 11.388885  0.000921 59.087734    104.28    151.53     -4.63
    79647.439583 11.388995  0.000940 63.267016    101.06    -64.26     -1.59
    79656.751983 11.389166  0.000925 60.886383    104.30     59.59      2.69
    79666.064384 11.389856  0.000976 60.557557     97.67   -179.45      1.35
    79675.376784 11.389581  0.000949 63.466409    100.23    -78.64     -0.33
    79684.689185 11.390162  0.000966 59.044580     98.07      8.89     -1.11
    79694.001585 11.389376  0.000824 63.224944     94.37     82.35     -1.20
    79703.313985 11.389973  0.000908 60.996887     97.78    134.18      0.82
    79712.626386 11.390822  0.000965 60.362565     91.31   -178.95     -1.13
    79721.938786 11.390366  0.000899 63.625009     93.50   -156.82      2.11
    79731.251187 11.390960  0.000955 58.967910     91.76   -142.06     -0.53
    79740.563587 11.391031  0.000907 63.158661     87.76   -147.81      4.32
    79749.875988 11.390905  0.000897 61.175152     91.25   -164.19      0.61
    79759.188388 11.391351  0.000915 60.127587     84.91    169.74     -2.98
    79768.500789 11.391378  0.000875 63.795763     86.84    122.03     -3.92
    79777.813189 11.391773  0.000934 58.957741     85.38     57.18     -1.14
    79787.125589 11.392174  0.000928 63.015259     81.19    -15.49     -3.78
    79796.437990 11.391733  0.000843 61.410709     84.71   -113.14     -0.16
    79805.750390 11.392103  0.000887 59.936035     78.46    142.41      0.37
    79815.062791 11.393100  0.000963 63.875583     80.25     17.08      2.69
    79824.375191 11.392456  0.000871 59.045210     78.92   -114.92     -1.27
    79833.687592 11.392804  0.000891 62.825213     74.62     92.22      2.00
    79842.999992 11.392766  0.000828 61.589952     78.22    -70.40     -3.66
    79852.312393 11.393525  0.000946 59.859957     71.92    108.67     -0.46
    79861.624793 11.393157  0.000840 63.821359     73.69    -91.04      1.76
    79870.937193 11.393261  0.000820 59.164827     72.49     59.49      1.27
    79880.249594 11.393867  0.000914 62.700755     68.02   -161.78     -0.92
    79889.561994 11.394041  0.000869 61.642833     71.75    -40.94     -4.55
    79898.874395 11.394052  0.000854 59.903084     65.42     63.55     -0.54
    79908.186795 11.394401  0.000894 63.720967     67.13    152.60     -1.18
    79917.499196 11.394700  0.000870 59.238984     66.04   -137.47      4.61
    79926.811596 11.395174  0.000944 62.714596     61.46    -69.07     -0.88
    79936.123996 11.395110  0.000887 61.570428     65.27    -23.79     -3.32
    79945.436397 11.395914  0.000961 60.004855     58.92      5.15      2.25
    79954.748797 11.395539  0.000916 63.677100     60.58     22.79     -0.71
    79964.061198 11.396378  0.000967 59.199588     59.57     22.20      1.22
    79973.373598 11.396230  0.000932 62.847002     54.93      9.61      2.97
    79982.685999 11.396058  0.000896 61.446092     58.73    -17.53     -1.00
    79991.998399 11.396026  0.000824 60.053664     52.44    -53.95     -4.31
    80001.310800 11.396369  0.000875 63.728300     54.06   -116.48     -0.69
    80010.623200 11.396876  0.000907 59.073165     53.01    172.39     -2.35
    80019.935600 11.396417  0.000789 62.965818     48.49     85.16     -0.07
    80029.248001 11.397232  0.000922 61.361902     52.15    -20.84      1.28
    80038.560401 11.397781  0.000942 60.021788     45.91   -135.67      2.13
    80047.872802 11.397259  0.000838 63.802237     47.64     96.35     -2.66
    80057.185202 11.397861  0.000920 58.971712     46.35    -54.19      1.47
    80066.497603 11.398138  0.000897 63.018360     42.08    152.09     -4.13
    80075.810003 11.398606  0.000955 61.331995     45.62    -30.36      0.18
    80085.122404 11.398211  0.000881 60.017537     39.30    142.03     -0.08
    80094.434804 11.398262  0.000824 63.823389     41.27    -60.99     -4.04
    80103.747204 11.398800  0.000905 58.967539     39.64     77.01     -1.75
    80113.059605 11.399447  0.000962 63.024609     35.68   -157.83     -0.49
    80122.372005 11.399414  0.000905 61.300737     39.09    -45.72     -4.47
    80131.684406 11.399490  0.000917 60.121351     32.65     49.62     -1.19
    80140.996806 11.399327  0.000839 63.719444     34.97    130.62     -3.51
    80150.309207 11.400116  0.000920 59.042379     32.90   -169.27      3.34
    80159.621607 11.400262  0.000944 63.062498     29.26   -113.46      0.07
    80168.934008 11.399724  0.000790 61.144625     32.61    -77.93     -1.37
    80178.246408 11.400764  0.000944 60.373448     25.98    -52.15     -1.85
    80187.558808 11.400454  0.000874 63.512686     28.64    -48.90     -0.54
    80196.871209 11.400809  0.000864 59.085346     26.19    -51.45     -4.63
    80206.183609 11.401288  0.000945 63.215092     22.86    -76.15     -0.99
    80215.496010 11.401385  0.000903 60.842741     26.07   -120.25      3.20
    80224.808410 11.401849  0.000936 60.683247     19.38   -168.65      3.33
    80234.120811 11.401738  0.000926 63.316705     22.30    124.62      0.98
    80243.433211 11.402187  0.000922 59.048926     19.43     41.36      3.81
    80252.745612 11.402423  0.000940 63.458801     16.55    -47.65     -1.91
    80262.058012 11.402474  0.000935 60.490410     19.46   -161.36     -1.63
    80271.370412 11.402094  0.000810 60.984760     12.82     71.54      3.29
    80280.682813 11.402921  0.000939 63.182287     15.98    -66.73     -0.93
    80289.995213 11.402662  0.000858 58.977463     12.61    140.14     -1.80
    80299.307614 11.403621  0.000949 63.710379     10.33    -26.96     -3.43
    80308.620014 11.403428  0.000925 60.176925     12.74    141.94      1.18
    80317.932415 11.403193  0.000832 61.232530      6.29    -50.42     -2.68
    80327.244815 11.403425  0.000843 63.073738      9.69     93.15     -2.27
    80336.557216 11.404127  0.000933 58.952266      5.67   -135.14     -1.11
    80345.869616 11.404639  0.000944 63.843126      4.19    -15.95     -3.38
    80355.182016 11.404206  0.000880 59.956982      5.97     83.22     -1.90
    80364.494417 11.404525  0.000902 61.462314     -0.25    172.93     -1.63
    80373.806817 11.404426  0.000826 62.862192      3.45   -122.45      3.86
    80383.119218 11.405223  0.000949 59.088797     -1.31    -58.36     -0.13
    80392.431618 11.405330  0.000920 63.839262     -1.92    -13.06     -2.83
    80401.744019 11.405738  0.000933 59.762780     -0.82      8.72      2.99
    80411.056419 11.405531  0.000910 61.798007     -6.76     29.03     -0.80
    80420.368819 11.406345  0.000963 62.491151     -2.83     22.45      1.91
    80429.681220 11.406193  0.000916 59.377857     -8.26      8.71      2.93
    80438.993620 11.406113  0.000900 63.787519     -8.00    -18.79     -0.92
    80448.306021 11.406001  0.000814 59.538533     -7.67    -61.51     -3.86
    80457.618421 11.406409  0.000876 62.265064    -13.19   -121.95     -0.26
    80466.930822 11.406815  0.000902 61.988109     -9.17    163.12     -2.90
    80476.243222 11.406466  0.000793 59.752072    -15.15     72.38      1.97
    80485.555623 11.407303  0.000928 63.735846    -14.09    -31.49      0.94
    80494.868023 11.407932  0.000959 59.248218    -14.59   -151.23      1.76
    80504.180423 11.407148  0.000814 62.791313    -19.49     80.62     -0.55
    80513.492824 11.407933  0.000926 61.427057    -15.66    -71.73      1.07
    80522.805224 11.407794  0.000846 60.109378    -21.97    134.44     -4.42
    80532.117625 11.408547  0.000950 63.687830    -20.14    -46.87     -1.52
    80541.430025 11.408266  0.000878 58.968699    -21.68    118.57      1.25
    80550.742426 11.408099  0.000793 63.236426    -25.62    -83.65     -1.06
    80560.054826 11.408730  0.000896 60.927462    -22.26     52.71     -0.87
    80569.367227 11.409278  0.000928 60.458390    -28.77   -178.64     -2.32
    80578.679627 11.409005  0.000847 63.554162    -26.13    -69.65     -3.42
    80587.992027 11.409412  0.000903 58.858229    -28.86     23.70     -0.97
    80597.304428 11.409184  0.000812 63.532326    -31.65    103.75      0.15
    80606.616828 11.410274  0.000953 60.492844    -28.99    166.68      1.15
    80615.929229 11.410302  0.000946 60.909762    -35.49   -137.47     -0.77
    80625.241629 11.409793  0.000802 63.240173    -32.13   -107.23      2.94
    80634.554030 11.410533  0.000911 58.987107    -36.11    -78.63     -2.01
    80643.866430 11.410455  0.000869 63.692170    -37.59    -74.98      1.32
    80653.178831 11.410374  0.000797 60.075402    -35.81    -79.82     -2.70
    80662.491231 11.411184  0.000923 61.507322    -42.11   -100.39     -1.22
    80671.803631 11.411705  0.000946 62.697400    -38.21   -144.18      2.66
    80681.116032 11.412113  0.000967 59.312109    -43.30    168.81      0.92
    80690.428432 11.411828  0.000939 63.747562    -43.51    102.23      0.74
    80699.740833 11.412472  0.000956 59.609583    -42.78     19.34      1.83
    80709.053233 11.412187  0.000908 62.216356    -48.51    -68.06     -3.07
    80718.365634 11.412309  0.000908 61.987128    -44.48    177.41     -1.74
    80727.678034 11.412396  0.000854 59.741144    -50.38     49.59      4.47
    80736.990435 11.412812  0.000930 63.748094    -49.35    -84.73     -1.47
    80746.302835 11.412577  0.000840 59.162062    -49.94    119.26      0.12
    80755.615235 11.413326  0.000906 62.910905    -54.68    -42.61     -4.01
    80764.927636 11.413431  0.000928 61.265224    -50.94    126.46      1.03
    80774.240036 11.413042  0.000813 60.229882    -57.36    -66.15     -1.07
    80783.552437 11.413382  0.000839 63.645003    -55.18     80.22     -1.20
    80792.864837 11.414124  0.000936 58.892333    -57.28   -146.23     -1.34
    80802.177238 11.414473  0.000925 63.445810    -60.62    -23.29     -4.43
    80811.489638 11.414198  0.000880 60.618276    -57.66     75.73     -1.59
    80820.802039 11.414507  0.000900 60.804922    -64.18    168.45     -2.16
    80830.114439 11.414413  0.000823 63.320020    -61.01   -125.31      4.14
    80839.426839 11.415182  0.000942 58.923880    -64.75    -59.63      0.13
    80848.739240 11.415403  0.000923 63.735199    -66.41    -10.99     -2.96
    80858.051640 11.415625  0.000925 60.043335    -64.58     12.11      3.55
    80867.364041 11.415557  0.000915 61.502548    -70.84     35.90     -1.04
    80876.676441 11.416180  0.000936 62.697852    -66.97     30.44      3.22
    80885.988842 11.415958  0.000891 59.286613    -72.14     20.42      3.07
    80895.301242 11.416175  0.000913 63.784251    -72.12     -3.46     -1.45
    80904.613642 11.416405  0.000875 59.529006    -71.71    -43.07     -4.58
    80913.926043 11.416544  0.000902 62.322077    -77.18    -99.84     -1.71
    80923.238443 11.417074  0.000938 61.833580    -73.18   -173.90     -2.08
    80932.550844 11.416557  0.000813 59.911171    -79.38    104.77     -3.22
    80941.863244 11.417122  0.000908 63.658046    -77.78     -0.78      0.38
    80951.175645 11.417348  0.000878 59.116997    -79.06   -119.42      4.02
    80960.488045 11.417640  0.000893 63.137623    -83.22    120.96     -3.71
    80969.800446 11.417660  0.000888 60.897110    -79.72    -29.62     -0.09
    80979.112846 11.418622  0.000963 60.658941    -86.35    176.80     -1.86
    80988.425246 11.418380  0.000926 63.349987    -83.52     -2.20      2.01
    80997.737647 11.418474  0.000908 58.929636    -86.59    175.07     -2.22
    81007.050047 11.419097  0.000946 63.729867    -88.93    -24.73     -3.81
    81016.362448 11.419080  0.000948 60.061481    -86.68    113.10     -0.36
    81025.674848 11.419149  0.000911 61.448003    -93.03   -119.00      3.09
    81034.987249 11.419762  0.000965 62.792867    -89.36     -5.55      1.33
    81044.299649 11.419606  0.000942 59.122403    -94.21     97.08      0.19
    81053.612050 11.420211  0.000966 63.941009    -94.46   -177.35     -1.11
    81062.924450 11.419470  0.000842 59.456300    -93.94   -107.46     -1.23
    81072.236850 11.419935  0.000898 62.258508    -99.38    -51.35      0.72
    81081.549251 11.420815  0.000957 61.966980    -95.47    -10.25     -1.84
    81090.861651 11.420354  0.000891 59.758564   -101.64     15.97      1.80
    81100.174052 11.421050  0.000961 63.736190    -99.94     28.03     -0.03
    81109.486452 11.421121  0.000913 59.136198   -101.46     22.20      3.98
    81118.798853 11.420937  0.000901 63.047633   -105.35     10.54      0.35
    81128.111253 11.421409  0.000909 60.937041   -101.98    -19.22     -4.08
    81137.423654 11.421395  0.000875 60.746201   -108.73    -61.79     -3.81
    81146.736054 11.421858  0.000944 63.182414   -105.54   -128.33     -0.46
    81156.048454 11.422253  0.000928 59.104123   -109.09    161.63     -4.00
    81165.360855 11.421746  0.000853 63.680794   -111.00     69.56     -0.70
    81174.673255 11.422083  0.000870 59.900794   -108.99    -36.43     -0.93
    81183.985656 11.422853  0.000929 61.823586   -115.31   -156.80      4.10
    81193.298056 11.422668  0.000911 62.379463   -111.44     72.92     -1.44
    81202.610457 11.422508  0.000839 59.401975   -116.71    -75.25      1.23
    81211.922857 11.423107  0.000888 63.938985   -116.39    127.49     -4.12
    81221.235258 11.423397  0.000928 59.146494   -116.50    -55.26      1.26
    81230.547658 11.423078  0.000823 62.772948   -121.41    118.95     -2.05
    81239.860058 11.423502  0.000867 61.427004   -117.72    -88.68     -2.46
    81249.172459 11.424146  0.000948 60.095359   -124.12     52.01     -0.53
    81258.484859 11.424728  0.000969 63.684564   -121.75    176.00     -1.12
    81267.797260 11.424442  0.000928 58.908768   -124.30    -71.59     -1.70
    81277.109660 11.424822  0.000955 63.444261   -127.09     24.34     -0.69
    81286.422061 11.424294  0.000815 60.447647   -124.52    107.05     -3.40
    81295.734461 11.424823  0.000902 61.163327   -131.06    173.07      1.06
    81305.046862 11.425449  0.000935 62.888432   -127.32   -139.10      3.03
    81314.359262 11.424809  0.000810 59.254956   -132.13    -93.77     -1.47
    81323.671662 11.425573  0.000929 63.744318   -132.49    -73.05      0.99
    81332.984063 11.425251  0.000807 59.562109   -131.82    -60.33     -3.43
    81342.296463 11.426026  0.000911 62.391521   -137.41    -63.24     -2.76
    81351.608864 11.426124  0.000906 61.704970   -133.38    -90.87      1.95
    81360.921264 11.426022  0.000827 60.041530   -139.66   -124.24      4.41
    81370.233665 11.426472  0.000907 63.615291   -137.81   -171.45      1.48
    81379.546065 11.426382  0.000843 58.995284   -139.60    128.04     -1.03
    81388.858465 11.426624  0.000840 63.417122   -143.12     47.09      4.08
    81398.170866 11.427189  0.000922 60.459745   -140.10    -44.49      1.17
    81407.483266 11.427781  0.000951 61.091141   -146.69   -148.91      2.12
    81416.795667 11.427294  0.000860 63.004744   -143.27     92.21     -2.17
    81426.108067 11.427565  0.000888 59.023443   -147.57    -44.76      0.92
    81435.420468 11.428477  0.000956 63.937640   -148.40    168.77     -2.65
    81444.732868 11.428192  0.000912 59.496435   -147.49     -1.18      1.99
    81454.045269 11.428475  0.000925 62.222677   -153.08   -173.71     -2.03
    81463.357669 11.429160  0.000964 61.980524   -149.20    -10.71     -0.89
    81472.670069 11.428854  0.000927 59.757699   -155.34    142.49      1.11
    81481.982470 11.428479  0.000822 63.762188   -153.52    -81.52      0.94
    81491.294870 11.428912  0.000845 59.069825   -155.37     39.71      3.83
    81500.607271 11.429285  0.000906 63.195261   -158.85    153.15      0.46
    81509.919671 11.429283  0.000838 60.695506   -155.78   -118.84      4.44
    81519.232072 11.430174  0.000954 61.041485   -162.52    -30.28     -0.54
    81528.544472 11.430191  0.000941 62.915758   -158.91     32.33     -0.65
    81537.856873 11.429513  0.000778 59.244340   -163.35     83.84      1.02
    81547.169273 11.430587  0.000946 63.762003   -164.12    122.34     -0.86
    81556.481673 11.430364  0.000864 59.501979   -163.18    144.38     -2.22
    81565.794074 11.431257  0.000948 62.445248   -168.85    155.39     -2.50
    81575.106474 11.430975  0.000920 61.656710   -164.88    142.10      1.15
    81584.418875 11.430748  0.000827 59.997996   -171.09    127.31     -2.36
    81593.731275 11.431041  0.000845 63.692582   -169.20     89.96     -1.89
    81603.043676 11.431729  0.000935 58.883134   -171.19     39.61     -1.29
    81612.356076 11.432097  0.000922 63.515520   -174.41    -20.87     -3.97
    81621.668477 11.431804  0.000878 60.360536   -171.67   -103.95     -1.64
    81630.980877 11.432066  0.000890 61.194038   -178.16    166.01     -2.04
    81640.293277 11.432141  0.000838 62.911295   -174.54     49.23      4.63
    81649.605678 11.432761  0.000939 59.145768   -179.39    -65.64     -0.36
    81658.918078 11.432856  0.000900 63.891311   -179.46    160.04     -3.44
    81668.230479 11.433466  0.000947 59.407671   -179.29      2.70      2.59
    81677.542879 11.433088  0.000904 62.513975    175.60   -157.08     -0.77
    81686.855280 11.433948  0.000962 61.542118    179.46     17.70      1.76
    81696.167680 11.433799  0.000924 60.253694    172.86   -174.24      3.06
    81705.480081 11.433648  0.000891 63.425442    175.49    -21.41     -0.79
    81714.792481 11.433583  0.000814 59.080128    172.61    119.93     -3.94
    81724.104881 11.433955  0.000877 63.547482    170.18   -119.87     -0.56
    81733.417282 11.434429  0.000899 60.026698    172.46    -11.76     -2.75
    81742.729682 11.434040  0.000793 61.780040    166.04     82.51      0.19
    81752.042083 11.434723  0.000910 62.291867    169.98    158.16      1.04
    81761.354483 11.435339  0.000935 59.529335    164.50   -136.32      2.90
    81770.666884 11.434902  0.000848 63.868661    165.24    -80.65     -2.82
    81779.979284 11.435299  0.000895 59.014020    164.54    -48.88      1.14
    81789.291685 11.435902  0.000920 63.147724    160.22    -19.99     -4.05
    81798.604085 11.436066  0.000942 60.862025    163.57    -19.97      1.14
    81807.916485 11.435815  0.000882 60.702905    157.00    -21.23     -1.65
    81817.228886 11.436235  0.000881 63.264156    160.21    -41.45     -4.97
    81826.541286 11.436526  0.000928 58.987682    156.14    -79.03     -1.28
    81835.853687 11.436854  0.000930 63.826550    155.18   -133.21      2.42
    81845.166087 11.437446  0.000971 59.637293    156.14    164.45     -0.50
    81854.478488 11.437182  0.000938 62.202014    150.49     87.96     -0.31
    81863.790888 11.437685  0.000951 61.849653    154.50     -6.16     -2.43
    81873.103288 11.436983  0.000825 60.014740    148.11   -112.79      0.05
    81882.415689 11.437481  0.000895 63.536372    150.30    122.35      0.77
    81891.728089 11.438423  0.000960 59.075728    147.95    -10.28     -2.07
    81901.040490 11.437919  0.000897 63.459561    145.05   -163.69      1.91
    81910.352890 11.438548  0.000947 60.164804    147.63     31.00     -0.28
    81919.665291 11.438529  0.000892 61.639057    141.10   -149.71      4.48
    81928.977691 11.438473  0.000897 62.398074    145.00     18.37     -0.21
    81938.290092 11.439100  0.000930 59.468769    139.65    175.20     -2.90
    81947.602492 11.439193  0.000915 63.887080    140.24    -47.42     -3.36
    81956.914892 11.439394  0.000940 59.021575    139.63     71.73      0.14
    81966.227293 11.440033  0.000969 63.141787    135.30   -176.51     -0.96
    81975.539693 11.439579  0.000892 60.845017    138.63    -82.77     -2.43
    81984.852094 11.439801  0.000906 60.749820    132.05     -0.32     -1.88
    81994.164494 11.439658  0.000818 63.205066    135.35     56.90      4.37
    82003.476895 11.440412  0.000934 59.031108    131.07    115.41     -0.74
    82012.789295 11.440367  0.000884 63.843054    130.39    154.13     -2.94
    82022.101696 11.441266  0.000970 59.533415    131.05    172.57      0.72
    82031.414096 11.440686  0.000896 62.387358    125.64   -176.11      0.25
    82040.726496 11.441504  0.000948 61.611202    129.59    177.32     -2.15
    82050.038897 11.441706  0.000961 60.241784    123.02    158.51     -0.04
    82059.351297 11.441326  0.000901 63.392033    125.64    120.56      0.91
    82068.663698 11.441141  0.000804 59.079873    122.65     70.32      3.40
    82077.976098 11.441822  0.000904 63.618701    120.45      9.32      2.04
    82087.288499 11.441774  0.000859 59.843446    122.44    -69.72      1.38
    82096.600899 11.442588  0.000927 62.041233    116.22   -160.56      3.58
    82105.913300 11.442615  0.000942 61.997457    120.23     94.47     -0.55
    82115.225700 11.442596  0.000883 59.768691    114.31    -20.54     -3.49
    82124.538100 11.443048  0.000914 63.786498    115.82   -163.42      3.43
    82133.850501 11.443159  0.000931 58.885691    114.10     52.06     -1.07
    82143.162901 11.442942  0.000839 63.496500    110.80   -115.81      4.52
    82152.475302 11.443099  0.000848 60.314448    113.46     69.83     -0.72
    82161.787702 11.443883  0.000941 61.338754    107.01   -120.77      0.60
    82171.100103 11.444154  0.000918 62.696113    110.81     26.32      4.49
    82180.412503 11.444123  0.000914 59.346018    105.44    170.79      1.95
    82189.724904 11.443862  0.000843 63.837186    106.19    -63.35     -0.33
    82199.037304 11.444154  0.000835 59.198097    105.37     42.81      4.38
    82208.349704 11.444706  0.000924 62.994658    101.16    144.36      0.97
    82217.662105 11.445070  0.000915 60.831708    104.55   -138.79      3.45
    82226.974505 11.445064  0.000891 61.007277     97.76    -60.21     -3.65
    82236.286906 11.445089  0.000893 62.840541    101.37    -12.73     -0.58
    82245.599306 11.445920  0.000943 59.295336     96.74     24.90      3.09
    82254.911707 11.445364  0.000865 63.810182     96.44     52.69      0.03
    82264.224107 11.446038  0.000931 59.235187     96.69     60.68      1.55
    82273.536508 11.445670  0.000823 62.905215     91.69     56.91      4.16
    82282.848908 11.446098  0.000894 61.036850     95.37     41.33     -0.87
    82292.161308 11.446853  0.000949 60.617426     88.77     12.65     -1.44
    82301.473709 11.446986  0.000936 63.266633     91.83    -34.41     -2.86
    82310.786109 11.446999  0.000935 58.960346     87.91    -96.61      0.02
    82320.098510 11.447685  0.000973 63.911117     86.94   -171.62     -0.20
    82329.410910 11.447119  0.000875 59.463008     87.69    100.81     -2.67
    82338.723311 11.447376  0.000903 62.437859     82.35     -1.78     -1.51
    82348.035711 11.447380  0.000836 61.568825     86.19   -129.04      5.23
    82357.348111 11.447970  0.000922 60.271879     79.59    109.27     -1.81
    82366.660512 11.447783  0.000862 63.378732     82.47    -39.50     -2.07
    82375.972912 11.448861  0.000964 59.095656     78.98    161.20     -1.72
    82385.285313 11.448425  0.000915 63.652831     77.39    -16.29      1.10
    82394.597713 11.448746  0.000893 59.691564     78.83    157.83     -3.86
    82403.910114 11.449135  0.000928 62.338969     72.95    -43.36     -2.95
    82413.222514 11.449182  0.000932 61.584400     76.99     91.78      1.02
    82422.534915 11.449465  0.000905 60.219793     70.59   -140.11      4.06
    82431.847315 11.449713  0.000943 63.461261     72.97    -24.76      0.83
    82441.159715 11.449743  0.000919 58.916003     70.09     74.47      1.85
    82450.472116 11.450405  0.000953 63.810663     68.00    164.68     -2.27
    82459.784516 11.449897  0.000891 59.672580     69.70   -127.00     -1.06
    82469.096917 11.449847  0.000833 62.134942     63.78    -69.21      0.50
    82478.409317 11.450906  0.000950 61.918163     67.69    -26.45     -2.16
    82487.721718 11.450495  0.000890 59.886883     61.46      2.71     -0.12
    82497.034118 11.451474  0.000967 63.664657     63.71     14.00      0.63
    82506.346519 11.451162  0.000906 58.979053     60.92     12.58      3.23
    82515.658919 11.451224  0.000910 63.563727     58.71      3.20     -1.41
    82524.971319 11.451842  0.000926 59.966981     60.60    -24.23     -4.16
    82534.283720 11.451802  0.000926 61.984101     54.43    -65.98     -2.06
    82543.596120 11.452098  0.000933 61.921982     58.56   -130.17      1.71
    82552.908521 11.452640  0.000963 60.033423     52.28    165.04     -1.45
    82562.220921 11.452302  0.000926 63.497060     54.38     77.27     -1.02
    82571.533322 11.452522  0.000897 59.003868     51.90    -19.34     -3.58
    82580.845722 11.452372  0.000851 63.678116     49.38   -139.11      3.43
    82590.158123 11.452980  0.000932 59.778110     51.43     93.08      1.03
    82599.470523 11.452861  0.000854 62.095037     45.30    -40.92     -4.44
    82608.782923 11.453517  0.000945 61.914574     49.25    154.76      0.72
    82618.095324 11.453300  0.000885 59.854359     43.14    -11.03     -1.68
    82627.407724 11.454160  0.000948 63.718563     45.18    163.21     -2.55
    82636.720125 11.454027  0.000932 58.877568     42.59    -38.67      1.07
    82646.032525 11.453633  0.000837 63.642831     40.28    108.94      0.41
    82655.344926 11.453741  0.000805 59.936840     42.13   -122.40      2.78
    82664.657326 11.454280  0.000893 61.937668     36.07      1.22      0.13
    82673.969727 11.454054  0.000791 61.984810     40.14    102.68     -0.46
    82683.282127 11.455012  0.000909 60.010755     33.78   -168.12      3.53
    82692.594527 11.455097  0.000921 63.477853     36.08    -92.37      1.10
    82701.906928 11.455557  0.000916 59.077239     33.33    -24.56     -4.27
    82711.219328 11.455351  0.000895 63.632933     31.07     17.09      2.17
    82720.531729 11.455880  0.000937 59.743021     32.94     48.86      1.33
    82729.844129 11.455273  0.000790 62.267030     26.88     69.92      2.23
    82739.156530 11.456102  0.000923 61.666575     30.89     75.02     -1.13
    82748.468930 11.456267  0.000893 60.115818     24.59     63.72      3.39
    82757.781331 11.456234  0.000855 63.543826     26.94     38.40      3.38
    82767.093731 11.456512  0.000891 58.870127     23.92      5.47     -0.72
    82776.406131 11.456622  0.000850 63.824411     22.10    -42.70     -4.30
    82785.718532 11.456671  0.000847 59.617958     23.48   -113.73     -0.65
    82795.030932 11.457096  0.000894 62.260883     17.80    169.10     -1.59
    82804.343333 11.456930  0.000800 61.686682     21.71     66.68      3.53
    82813.655733 11.457812  0.000933 60.208089     15.16    -36.02      0.76
    82822.968134 11.458259  0.000958 63.377506     18.03   -160.49     -0.35
    82832.280534 11.457501  0.000800 59.113524     14.39     60.85      2.99
    82841.592934 11.458339  0.000933 63.685685     13.11    -87.20     -0.22
    82850.905335 11.457845  0.000793 59.548668     14.14    106.24     -0.51
    82860.217735 11.458497  0.000867 62.619496      8.61    -67.02     -3.92
    82869.530136 11.458921  0.000924 61.203752     12.54     90.79      1.33
    82878.842536 11.458682  0.000823 60.646702      5.88   -116.97      4.45
    82888.154937 11.459091  0.000887 63.134595      8.95     21.20      2.09
    82897.467337 11.459179  0.000864 59.053908      4.92    149.55     -1.14
    82906.779738 11.458991  0.000784 63.952429      4.24   -103.46      1.49
    82916.092138 11.459761  0.000901 59.189432      4.53     -8.72      1.43
    82925.404538 11.459904  0.000877 62.869530     -0.30     72.75      3.17
    82934.716939 11.460587  0.000938 60.999978      3.20    143.51     -2.66
    82944.029339 11.460285  0.000897 60.771005     -3.47   -162.21     -0.81
    82953.341740 11.460659  0.000883 62.999618      0.09   -131.29      4.38
    82962.654140 11.460479  0.000844 59.260368     -4.80    -97.86     -1.76
    82971.966541 11.461000  0.000912 63.768679     -4.50    -91.88      1.72
    82981.278941 11.460520  0.000771 59.231686     -5.08    -94.74      0.90
    82990.591342 11.461235  0.000882 63.098947     -9.30   -108.39     -1.09
    82999.903742 11.461972  0.000949 60.545328     -6.04   -145.20      1.08
    83009.216142 11.462433  0.000963 61.417131    -12.78    173.52      0.05
    83018.528543 11.462143  0.000936 62.428809     -8.90    110.30      0.33
    83027.840943 11.462619  0.000938 59.568273    -14.34     36.30      2.50
    83037.153344 11.462596  0.000919 63.813192    -13.32    -46.87     -3.46
    83046.465744 11.462632  0.000911 58.893016    -14.81   -151.36     -1.42
    83055.778145 11.462172  0.000783 63.566998    -18.04     91.41      0.52
    83065.090545 11.463361  0.000952 60.057107    -15.62    -40.09     -0.37
    83074.402946 11.463155  0.000901 61.746468    -21.90    179.22     -1.75
    83083.715346 11.463839  0.000938 62.170808    -17.92     12.95      2.97
    83093.027746 11.463400  0.000877 59.802842    -24.07   -154.53      0.49
    83102.340147 11.464221  0.000955 63.600839    -21.90     17.15     -0.49
    83111.652547 11.464532  0.000956 59.034032    -24.72    175.42      1.39
    83120.964948 11.464153  0.000913 63.591752    -26.74    -39.14      1.02
    83130.277348 11.463826  0.000794 59.740667    -25.16     88.70      2.11
    83139.589749 11.464457  0.000876 62.378868    -31.02   -152.75      3.16
    83148.902149 11.464562  0.000873 61.409439    -26.98    -51.00      0.52
    83158.214550 11.465189  0.000903 60.513899    -33.60     36.24      4.90
    83167.526950 11.465319  0.000929 63.178819    -30.65    114.59     -1.34
    83176.839350 11.465502  0.000912 59.062135    -34.53    177.22     -2.60
    83186.151751 11.465535  0.000868 63.949289    -35.32   -144.27      5.00
    83195.464151 11.465793  0.000913 59.170403    -35.03   -107.00     -1.19
    83204.776552 11.465559  0.000823 62.961345    -39.78    -90.69      2.21
    83214.088952 11.465822  0.000832 60.870705    -36.37    -83.89     -3.03
    83223.401353 11.466547  0.000935 60.936532    -43.04    -94.38      0.17
    83232.713753 11.466405  0.000851 62.843354    -39.32   -126.26      4.81
    83242.026154 11.466674  0.000876 59.374360    -44.59   -160.06      2.82
    83251.338554 11.466768  0.000878 63.741453    -43.73    149.57     -0.87
    83260.650954 11.466506  0.000776 59.127291    -45.00     81.57      0.78
    83269.963355 11.467295  0.000904 63.322523    -48.51      1.63      1.48
    83279.275755 11.467333  0.000857 60.162673    -45.80    -97.01      2.81
    83288.588156 11.468274  0.000954 61.871738    -52.29    161.84     -1.43
    83297.900556 11.467922  0.000910 61.944818    -48.21     35.38     -1.02
    83307.212957 11.467805  0.000829 59.986450    -54.35   -103.14      3.29
    83316.525357 11.468255  0.000880 63.560600    -52.24    110.79     -3.17
    83325.837757 11.468370  0.000881 58.888382    -55.08    -58.26      1.43
    83335.150158 11.468426  0.000825 63.864115    -56.91    129.14     -4.69
    83344.462558 11.469108  0.000922 59.482212    -55.73    -68.35     -1.54
    83353.774959 11.469087  0.000892 62.511954    -61.15     82.80      2.16
    83363.087359 11.469251  0.000860 61.345559    -57.38   -144.00      5.10
    83372.399760 11.469490  0.000902 60.570140    -64.09    -12.48      1.45
    83381.712160 11.469271  0.000816 63.074827    -60.65     95.49      1.12
    83391.024561 11.470221  0.000916 59.276611    -65.35   -168.24      3.78
    83400.336961 11.470226  0.000930 63.732950    -65.21    -83.47      0.53
    83409.649361 11.470781  0.000934 59.192320    -65.74    -11.84     -3.11
    83418.961762 11.470229  0.000856 63.228117    -69.87     39.32      2.14
    83428.274162 11.470828  0.000920 60.305945    -66.79     77.12      1.88
    83437.586563 11.470430  0.000799 61.672356    -73.40    111.91     -3.27
    83446.898963 11.471324  0.000938 62.155785    -69.43    118.43     -0.33
    83456.211364 11.470901  0.000833 59.768457    -75.32    118.45      0.33
    83465.523764 11.471077  0.000815 63.702298    -73.49    104.86     -3.28
    83474.836165 11.471812  0.000925 58.855116    -76.09     73.37     -0.93
    83484.148565 11.472391  0.000953 63.777474    -78.11     26.91      1.97
    83493.460965 11.472576  0.000949 59.614343    -76.77    -29.36     -0.73
    83502.773366 11.472458  0.000934 62.395315    -82.32   -100.52      0.79
    83512.085766 11.473114  0.000957 61.391261    -78.46    173.45     -1.96
    83521.398167 11.472454  0.000857 60.620181    -85.22     76.72     -1.68
    83530.710567 11.472617  0.000857 62.985893    -81.75    -40.73     -1.26
    83540.022968 11.473699  0.000952 59.341729    -86.47   -170.35      2.67
    83549.335368 11.473150  0.000892 63.745189    -86.30     50.39     -0.81
    83558.647769 11.473341  0.000865 59.105640    -86.92   -110.72      3.65
    83567.960169 11.473136  0.000799 63.374063    -90.89     85.98     -1.11
    83577.272569 11.474050  0.000934 60.148977    -88.01   -101.65     -0.07
    83586.584970 11.473963  0.000859 61.787250    -94.46     59.10      4.09
    83595.897370 11.474108  0.000870 62.064117    -90.51   -153.95      2.48
    83605.209771 11.474285  0.000880 59.849660    -96.60    -13.91     -1.08
    83614.522171 11.474095  0.000787 63.626849    -94.36    105.59     -2.49
    83623.834572 11.474660  0.000867 58.915933    -97.53   -150.24      0.55
    83633.146972 11.474714  0.000847 63.767831    -98.94    -57.52     -0.46
    83642.459373 11.475591  0.000918 59.498281    -98.14     15.56      3.56
    83651.771773 11.475592  0.000930 62.656313   -103.30     85.92     -0.60
    83661.084173 11.475357  0.000830 61.006130    -99.59    136.08     -3.84
    83670.396574 11.476326  0.000952 61.052751   -106.43    170.84      1.01
    83679.708974 11.476029  0.000908 62.616497   -102.64   -168.00     -1.32
    83689.021375 11.476874  0.000955 59.554023   -107.94   -161.11      2.18
    83698.333775 11.476471  0.000903 63.737669   -106.98   -168.32      2.43
    83707.646176 11.476678  0.000900 58.926522   -108.56    176.24     -2.26
    83716.958576 11.477079  0.000903 63.682223   -111.55    145.93     -4.68
    83726.270977 11.477150  0.000923 59.745981   -109.49     92.83     -1.34
    83735.583377 11.477609  0.000943 62.223826   -115.44     31.32      0.71
    83744.895777 11.477701  0.000919 61.600619   -111.53    -42.72     -3.70
    83754.208178 11.477645  0.000910 60.320885   -118.10   -132.13     -1.18
    83763.520578 11.477388  0.000814 63.238990   -114.94    123.35     -3.17
    83772.832979 11.478258  0.000921 59.167441   -119.36      1.77      2.80
    83782.145379 11.478422  0.000939 63.755479   -119.39   -128.12     -0.10
    83791.457780 11.477772  0.000775 59.209690   -119.90     84.63      1.10
    83800.770180 11.478747  0.000923 63.210755   -123.95    -70.49     -1.64
    83810.082580 11.478468  0.000838 60.249981   -120.97    110.33      1.09
    83819.394981 11.478581  0.000806 61.842322   -127.54    -69.29     -3.52
    83828.707381 11.479354  0.000929 61.908477   -123.47     83.12     -0.59
    83838.019782 11.479696  0.000921 60.059293   -129.66   -133.50      3.17
    83847.332182 11.480050  0.000945 63.489695   -127.31     -3.36      1.86
    83856.644583 11.479775  0.000904 58.920277   -130.69    114.72      1.33
    83865.956983 11.480278  0.000912 63.929454   -131.76   -145.68      4.19
    83875.269384 11.480492  0.000933 59.249778   -131.43    -51.86     -1.59
    83884.581784 11.480548  0.000927 62.920701   -136.08     24.00     -1.09
    83893.894184 11.479939  0.000772 60.740209   -132.76     80.12      1.14
    83903.206585 11.481024  0.000941 61.281031   -139.49    131.57     -0.16
    83912.518985 11.481010  0.000896 62.377484   -135.45    164.04     -3.13
    83921.831386 11.481707  0.000947 59.821343   -141.40   -179.22      2.15
    83931.143786 11.481248  0.000896 63.492424   -139.48   -173.97     -0.04
    83940.456187 11.482066  0.000946 59.034898   -142.19    179.86     -2.10
    83949.768587 11.482203  0.000949 63.774343   -144.06    155.76     -0.16
    83959.080988 11.481861  0.000888 59.350729   -142.93    115.44      1.67
    83968.393388 11.481777  0.000815 62.867276   -148.20     64.80      3.99
    83977.705788 11.482330  0.000900 60.827490   -144.61     -0.31      1.88
    83987.018189 11.482318  0.000863 61.052462   -151.27    -75.66      1.48
    83996.330589 11.483278  0.000949 62.691255   -147.55   -171.71      2.46
    84005.642990 11.483050  0.000919 59.476520   -153.10     87.96     -1.12
    84014.955390 11.483015  0.000868 63.739905   -151.55    -31.48     -3.92
    84024.267791 11.483708  0.000929 59.019261   -153.95   -171.88      3.23
    84033.580191 11.483582  0.000918 63.590113   -156.11     44.36     -0.86
    84042.892592 11.483529  0.000842 59.657334   -154.67   -125.03      4.83
    84052.204992 11.483522  0.000828 62.616285   -160.27     66.88     -0.24
    84061.517392 11.484355  0.000936 60.985127   -156.40   -127.30      0.71
    84070.829793 11.484601  0.000910 61.065170   -163.19     28.35      4.63
    84080.142193 11.484523  0.000911 62.612830   -159.54    170.91      1.66
    84089.454594 11.484317  0.000832 59.484117   -164.82    -56.91     -0.13
    84098.766994 11.484525  0.000820 63.809537   -163.64     52.85      3.49
    84108.079395 11.485051  0.000897 58.848634   -165.70    155.90      1.35
    84117.391795 11.485208  0.000869 63.728488   -168.07   -119.68      4.03
    84126.704196 11.485873  0.000937 59.611213   -166.60    -42.06     -2.02
    84136.016596 11.485669  0.000909 62.466993   -172.12     18.33     -1.35
    84145.328996 11.485673  0.000836 61.197425   -168.33     54.29      4.80
    84154.641397 11.486045  0.000887 60.888316   -175.14     95.87     -2.20
    84163.953797 11.485997  0.000853 62.674294   -171.35    106.23      1.35
    84173.266198 11.486051  0.000807 59.609953   -176.79    118.16     -4.59
    84182.578598 11.486799  0.000927 63.619689   -175.53    102.15     -0.58
    84191.890999 11.486651  0.000850 58.993071   -177.56     73.48      3.78
    84201.203399 11.486926  0.000854 63.761628    179.98     35.56      4.40
    84210.515800 11.487135  0.000883 59.454656   -178.50    -14.29      0.22
    84219.828200 11.486887  0.000787 62.715198    176.02    -77.24     -0.58
    84229.140600 11.487592  0.000885 60.998746    179.68   -163.34      3.04
    84238.453001 11.487808  0.000896 60.928643    173.01    107.40      1.30
    84247.765401 11.488694  0.000963 62.733265    176.75     -1.73     -0.04
    84257.077802 11.488022  0.000864 59.508380    171.16   -119.69     -1.01
    84266.390202 11.488141  0.000850 63.659178    172.76    100.52      1.28
    84275.702603 11.488811  0.000897 59.048519    170.27    -42.22     -4.29
    84285.015003 11.488853  0.000916 63.623995    168.27    149.51      1.14
    84294.327403 11.489076  0.000878 59.509292    169.48    -24.01     -4.05
    84303.639804 11.489622  0.000936 62.822797    164.14    145.73     -2.00
    84312.952204 11.489385  0.000898 60.718338    167.82    -65.55      1.35
    84322.264605 11.489137  0.000797 61.320382    161.07     77.46      2.91
    84331.577005 11.489667  0.000874 62.379058    164.90   -156.62      1.84
    84340.889406 11.489702  0.000855 59.684202    159.17    -38.01     -0.86
    84350.201806 11.489841  0.000812 63.691607    161.04     54.85      4.48
    84359.514207 11.490561  0.000921 58.895489    158.06    145.08      1.25
    84368.826607 11.490967  0.000938 63.821833    156.72   -143.56      1.71
    84378.139007 11.490318  0.000804 59.367184    157.20    -81.36     -2.90
    84387.451408 11.490998  0.000911 62.903824    152.47    -39.03      1.05
    84396.763808 11.491663  0.000941 60.605861    155.81     -7.47     -2.74
    84406.076209 11.491569  0.000911 61.567114    149.08      6.82      3.21
    84415.388609 11.491588  0.000905 62.023062    153.20     10.96     -1.49
    84424.701010 11.492421  0.000961 60.123373    146.96      1.58     -0.06
    84434.013410 11.492165  0.000932 63.315078    149.45    -26.35      1.11
    84443.325811 11.491811  0.000841 59.036109    145.80    -63.78      0.95
    84452.638211 11.491876  0.000799 63.940627    145.15   -118.24      2.87
    84461.950611 11.492435  0.000885 59.007799    144.90    176.91      0.79
    84471.263012 11.492310  0.000818 63.336083    140.93     97.73      1.18
    84480.575412 11.493280  0.000930 60.164576    143.59      0.72      2.36
    84489.887813 11.493335  0.000934 61.873767    137.32   -102.18      0.19
    84499.200213 11.493167  0.000845 61.764026    141.38    138.48     -5.15
    84508.512614 11.493709  0.000916 60.412094    134.72     -1.07      2.42
    84517.825014 11.494024  0.000939 63.020178    138.02   -150.32     -0.56
    84527.137415 11.493858  0.000852 59.379930    133.30     43.02      5.26
    84536.449815 11.493954  0.000880 63.720389    133.77   -128.82     -0.63
    84545.762215 11.494708  0.000939 58.996289    132.48     37.95      1.61
    84555.074616 11.494903  0.000931 63.676211    129.44   -167.10      3.54
    84564.387016 11.494645  0.000894 59.583019    131.34    -24.85      1.04
    84573.699417 11.494390  0.000796 62.575387    125.64    106.97     -0.46
    84583.011817 11.494822  0.000849 61.095091    129.38   -144.80      2.88
    84592.324218 11.495118  0.000881 60.888097    122.69    -39.46      0.73
    84601.636618 11.495548  0.000877 62.704891    126.45     39.96      4.96
    84610.949019 11.495903  0.000930 59.578831    120.78    121.93     -1.53
    84620.261419 11.495997  0.000915 63.584688    122.58    179.32     -2.17
    84629.573819 11.495998  0.000853 59.074551    119.74   -141.19      4.61
    84638.886220 11.496301  0.000915 63.685759    118.21   -104.08     -1.04
    84648.198620 11.496051  0.000818 59.323201    118.88    -91.82      2.83
    84657.511021 11.496286  0.000820 63.118957    114.06    -79.90     -2.93
    84666.823421 11.497029  0.000928 60.318748    117.34    -96.46      0.70
    84676.135822 11.496902  0.000849 61.774746    110.77   -121.50      4.92
    84685.448222 11.497147  0.000875 61.908503    114.75   -159.47      2.56
    84694.760623 11.497215  0.000866 60.132858    108.45    155.25     -0.97
    84704.073023 11.496953  0.000763 63.338440    111.30     86.69      0.19
    84713.385423 11.497772  0.000886 59.108135    106.95      7.93      1.89
    84722.697824 11.497705  0.000842 63.826216    107.19    -85.82      1.66
    84732.010224 11.498905  0.000965 59.091832    106.02    169.52      0.06
    84741.322625 11.498360  0.000902 63.426603    102.85     51.22     -0.92
    84750.635025 11.498097  0.000796 59.817576    104.94    -87.29      1.37
    84759.947426 11.499059  0.000918 62.501267     99.02    132.67     -3.36
    84769.259826 11.498832  0.000878 61.003372    102.96    -35.96      0.36
    84778.572227 11.499420  0.000899 61.103935     96.19    156.46     -4.19
    84787.884627 11.499665  0.000937 62.492795     99.92    -39.57      0.07
    84797.197027 11.499289  0.000854 59.624368     94.31    118.94      0.85
    84806.509428 11.499175  0.000777 63.682845     96.12    -99.00      0.58
    84815.821828 11.499817  0.000875 58.893651     93.08     32.75     -0.55
    84825.134229 11.500071  0.000871 63.843726     91.93    151.16     -3.50
    84834.446629 11.499812  0.000791 59.260018     92.07   -111.53      0.79
    84843.759030 11.500456  0.000892 63.093996     87.78    -21.18      0.33
    84853.071430 11.500806  0.000876 60.298768     90.71     46.37      4.82
    84862.383830 11.501028  0.000893 61.966866     84.22    118.44     -3.06
    84871.696231 11.500987  0.000874 61.560890     88.40    160.39     -1.44
    84881.008631 11.501974  0.000955 60.619817     81.74   -166.80      2.36
    84890.321032 11.501348  0.000871 62.890799     85.02   -148.06      0.76
    84899.633432 11.502122  0.000938 59.349233     80.16   -140.38      0.66
    84908.945833 11.502062  0.000891 63.841335     81.04   -153.30      4.74
    84918.258233 11.501982  0.000878 58.849697     79.01   -170.07      0.23
    84927.570634 11.502430  0.000891 63.776646     76.87    158.72     -3.67
    84936.883034 11.502392  0.000862 59.437557     77.90    108.68     -3.70
    84946.195434 11.502787  0.000920 62.800229     72.88     45.01     -0.93
    84955.507835 11.503034  0.000886 60.658714     76.29    -30.46     -4.74
    84964.820235 11.502785  0.000845 61.556309     69.57   -122.18      0.11
    84974.132636 11.502999  0.000853 61.929361     73.74    130.81     -0.42
    84983.445036 11.504035  0.000944 60.304586     67.29     13.23      2.64
    84992.757437 11.503644  0.000899 63.095178     70.20   -116.89     -1.06
    85002.069837 11.503466  0.000824 59.224857     65.87     96.41      1.93
    85011.382238 11.503965  0.000859 63.884534     66.12    -56.64     -4.46
    85020.694638 11.504292  0.000907 58.868176     64.77    124.70      1.42
    85030.007038 11.504003  0.000802 63.712889     62.01    -56.39     -3.10
    85039.319439 11.504510  0.000862 59.571548     63.51    102.10     -2.92
    85048.631839 11.505029  0.000928 62.632444     58.16   -113.10      0.57
    85057.944240 11.505600  0.000942 60.877913     61.75     14.59      2.70
    85067.256640 11.505540  0.000937 61.340292     54.96    139.73     -0.22
    85076.569041 11.505607  0.000911 62.138719     59.09   -121.14      2.25
    85085.881441 11.506150  0.000940 60.153859     52.78    -21.73     -2.53
    85095.193842 11.505776  0.000900 63.184011     55.48     52.08     -0.97
    85104.506242 11.505520  0.000803 59.193455     51.41    117.28     -0.79
    85113.818642 11.506724  0.000954 63.866426     51.39    165.99      0.43
    85123.131043 11.506391  0.000900 58.885443     50.30   -155.79     -1.56
    85132.443443 11.506726  0.000888 63.685183     47.31   -137.75      4.24
    85141.755844 11.506437  0.000840 59.579829     48.99   -125.81      0.09
    85151.068244 11.507233  0.000938 62.599845     43.53   -128.61      0.51
    85160.380645 11.507422  0.000899 60.913505     47.14   -153.31      4.40
    85169.693045 11.507302  0.000891 61.279425     40.38   -179.13      1.67
    85179.005446 11.507235  0.000835 62.182106     44.49    136.24     -2.68
    85188.317846 11.507178  0.000779 60.146226     38.16     76.92      0.68
    85197.630246 11.507838  0.000890 63.168054     40.92      2.45     -0.22
    85206.942647 11.507545  0.000780 59.242861     36.77    -84.12      1.28
    85216.255047 11.508762  0.000938 63.841407     36.83    174.60      1.87
    85225.567448 11.508735  0.000928 58.892569     35.64     62.00      0.15
    85234.879848 11.508275  0.000795 63.740922     32.78    -60.61     -3.89
    85244.192249 11.509255  0.000935 59.491552     34.29    151.71      1.09
    85253.504649 11.509209  0.000909 62.724494     29.00      1.87     -2.04
    85262.817050 11.509835  0.000943 60.773273     32.49   -173.74      2.46
    85272.129450 11.509354  0.000882 61.408074     25.78      8.46      1.13
    85281.441850 11.509966  0.000914 62.050312     29.92    173.15     -2.93
    85290.754251 11.510289  0.000929 60.266102     23.45    -33.64     -2.40
    85300.066651 11.510211  0.000924 63.038207     26.48     97.16      0.79
    85309.379052 11.510591  0.000907 59.345484     21.93   -140.92      3.75
    85318.691452 11.510834  0.000938 63.755716     22.48    -28.61      0.09
    85328.003853 11.510878  0.000925 58.887711     20.77     65.96      1.14
    85337.316253 11.511214  0.000911 63.833292     18.41    154.15     -4.20
    85346.628653 11.510826  0.000863 59.299245     19.46   -142.84     -0.02
    85355.941054 11.511005  0.000849 62.984691     14.60    -88.73      2.39
    85365.253454 11.511660  0.000896 60.477618     17.75    -42.83     -4.60
    85374.565855 11.511567  0.000893 61.712751     11.24    -17.90      0.92
    85383.878255 11.512309  0.000936 61.760484     15.39     -3.85     -2.63
    85393.190656 11.512484  0.000942 60.566789      8.66     -4.71      1.93
    85402.503056 11.512065  0.000880 62.785477     12.15    -18.64     -0.64
    85411.815457 11.512313  0.000848 59.581523      6.95    -39.00     -5.05
    85421.127857 11.512542  0.000885 63.611759      8.28    -83.62     -2.41
    85430.440257 11.513135  0.000934 58.922039      5.68   -139.81     -0.20
    85439.752658 11.513475  0.000934 63.921439      4.25    155.66     -3.36
    85449.065058 11.513161  0.000897 59.065315      4.41     71.41     -1.56
    85458.377459 11.513395  0.000885 63.322842      0.35    -20.85     -3.24
    85467.689859 11.513275  0.000831 60.034085      2.87   -138.40      3.57
    85477.002260 11.513938  0.000928 62.172627     -3.21    104.63      0.64
    85486.314660 11.514015  0.000875 61.266975      0.77    -29.25     -4.77
    85495.627061 11.514419  0.000922 61.030923     -6.09    177.48      2.30
    85504.939461 11.514476  0.000914 62.353991     -2.13     14.65     -1.64
    85514.251861 11.515161  0.000944 59.973655     -8.13   -163.64      2.50
    85523.564262 11.514714  0.000892 63.314878     -5.78      4.78      1.54
    85532.876662 11.514936  0.000884 59.100047     -9.56    166.16     -2.98
    85542.189063 11.515067  0.000858 63.925520     -9.73    -49.86     -5.16
    85551.501463 11.515389  0.000911 58.881574    -10.87     74.58     -1.24
    85560.813864 11.516066  0.000953 63.686893    -13.67   -170.39     -0.70
    85570.126264 11.515630  0.000862 59.542002    -12.26    -66.92     -4.05
    85579.438665 11.515855  0.000899 62.751461    -17.46     19.88     -1.13
    85588.751065 11.515485  0.000770 60.628541    -14.02     89.45      0.67
    85598.063465 11.516665  0.000940 61.693941    -20.72    153.55      0.48
    85607.375866 11.516687  0.000921 61.700189    -16.52   -161.23     -1.39
    85616.688266 11.516474  0.000831 60.597017    -23.17   -130.91      4.92
    85626.000667 11.516878  0.000904 62.782442    -19.80   -107.46     -1.45
    85635.313067 11.516980  0.000868 59.493065    -24.95   -103.77      2.90
    85644.625468 11.516753  0.000797 63.701461    -23.54   -110.78      1.21
    85653.937868 11.517523  0.000911 58.874760    -26.37   -128.49     -1.44
    85663.250269 11.518252  0.000953 63.902281    -27.46   -165.25      0.36
    85672.562669 11.518288  0.000942 59.102328    -27.70    147.30     -0.73
    85681.875069 11.518124  0.000915 63.331493    -31.39     84.50      1.30
    85691.187470 11.518911  0.000959 59.906686    -29.15      7.41      1.01
    85700.499870 11.518500  0.000901 62.477709    -35.04    -75.82     -1.90
    85709.812271 11.518785  0.000911 60.866636    -31.15    178.95     -2.64
    85719.124671 11.518343  0.000793 61.469801    -38.00     59.57      4.07
    85728.437072 11.519188  0.000927 61.970824    -33.96    -69.31      0.10
    85737.749472 11.519114  0.000867 60.239118    -40.24    153.98     -3.85
    85747.061873 11.519902  0.000951 63.152876    -37.33     -9.87      1.03
    85756.374273 11.519463  0.000879 59.217229    -42.02   -177.12     -0.45
    85765.686673 11.520395  0.000950 63.826373    -41.04     -1.65     -1.36
    85774.999074 11.520362  0.000937 58.935036    -43.44    158.91      1.38
    85784.311474 11.519957  0.000869 63.720351    -45.00    -51.32      0.23
    85793.623875 11.519703  0.000766 59.289930    -44.71     82.78      0.64
    85802.936275 11.520355  0.000873 63.227186    -48.92   -153.76      0.67
    85812.248676 11.520423  0.000832 59.932586    -46.27    -45.60     -1.98
    85821.561076 11.520660  0.000825 62.478160    -52.39     46.01      4.09
    85830.873476 11.521181  0.000908 60.896697    -48.47    126.82      1.14
    85840.185877 11.521881  0.000949 61.299959    -55.22   -161.87      0.31
    85849.498277 11.521133  0.000824 62.185447    -51.32   -110.13     -0.17
    85858.810678 11.521647  0.000891 60.032273    -57.51    -68.94      1.54
    85868.123078 11.521871  0.000862 63.265731    -54.62    -37.48     -5.48
    85877.435479 11.522397  0.000929 59.260146    -59.33    -28.41      0.90
    85886.747879 11.522135  0.000866 63.699677    -58.34    -27.39     -2.13
    85896.060280 11.522683  0.000891 59.066048    -60.69    -37.48     -5.00
    85905.372680 11.522835  0.000925 63.694028    -62.35    -69.27     -0.37
    85914.685080 11.522770  0.000862 59.208948    -61.98   -115.83      3.99
    85923.997481 11.523361  0.000913 63.407023    -66.18   -167.89      3.62
    85933.309881 11.523285  0.000903 59.764916    -63.66    123.90      1.40
    85942.622282 11.523609  0.000891 62.551198    -69.58     42.26      4.10
    85951.934682 11.523964  0.000933 60.883376    -65.85    -49.54     -1.76
    85961.247083 11.523941  0.000913 61.273085    -72.54   -155.73     -1.36
    85970.559483 11.523463  0.000776 62.153130    -68.52     75.98      1.86
    85979.871884 11.524452  0.000932 60.190408    -74.97    -54.18     -0.51
    85989.184284 11.524294  0.000867 63.019205    -71.75    156.09     -2.95
    85998.496684 11.525225  0.000949 59.499978    -76.80     -7.44      0.35
    86007.809085 11.524684  0.000889 63.545790    -75.48    174.77      0.28
    86017.121485 11.525301  0.000914 59.040182    -78.19    -10.44     -3.64
    86026.433886 11.525567  0.000933 63.860267    -79.41    145.09     -2.15
    86035.746286 11.525368  0.000897 58.977381    -79.59    -76.57      1.75
    86045.058687 11.525421  0.000845 63.604697    -83.16     50.77      5.42
    86054.371087 11.525974  0.000918 59.604549    -81.26    168.89      1.88
    86063.683488 11.525856  0.000878 62.687968    -86.69    -86.54      2.01
    86072.995888 11.526800  0.000957 60.690888    -83.23      0.88      1.23
    86082.308288 11.526360  0.000900 61.628984    -89.89     82.60     -1.67
    86091.620689 11.526312  0.000845 61.706865    -85.69    142.95     -3.40
    86100.933089 11.527119  0.000922 60.701613    -92.45   -171.71      3.41
    86110.245490 11.526968  0.000911 62.584177    -88.82   -135.21     -1.01
    86119.557890 11.526925  0.000839 59.768416    -94.40   -116.52      4.30
    86128.870291 11.526962  0.000835 63.446423    -92.39   -104.36     -1.32
    86138.182691 11.527705  0.000926 59.010833    -96.04   -110.67      0.64
    86147.495092 11.527602  0.000852 63.927923    -96.13   -134.54      5.02
    86156.807492 11.527729  0.000867 58.892683    -97.54   -163.01      1.34
    86166.119892 11.527953  0.000869 63.683007    -99.93    155.20     -2.45
    86175.432293 11.527686  0.000778 59.407927    -99.03     94.45     -2.03
    86184.744693 11.528304  0.000883 63.054195   -103.66     21.55     -0.10
    86194.057094 11.528119  0.000790 60.125430   -100.75    -66.34     -1.21
    86203.369494 11.529074  0.000909 62.343023   -107.04   -167.54      3.44
    86212.681895 11.529209  0.000922 60.964204   -103.02     78.45      0.78
    86221.994295 11.529063  0.000843 61.348285   -109.82    -39.07     -5.27
    86231.306696 11.529616  0.000920 62.077904   -105.89    170.81      1.85
    86240.619096 11.529828  0.000919 60.164948   -112.15     22.80     -1.33
    86249.931496 11.530041  0.000893 63.136294   -109.09   -152.91      4.84
    86259.243897 11.529796  0.000860 59.351252   -114.14     33.25      0.25
    86268.556297 11.530629  0.000944 63.643351   -112.64   -162.28     -0.36
    86277.868698 11.531012  0.000955 59.076598   -115.71     -9.58      0.67
    86287.181098 11.530622  0.000915 63.713532   -116.48    128.49      1.04
    86296.493499 11.530425  0.000819 59.092010   -117.10   -109.60      4.00
    86305.805899 11.531175  0.000915 63.614015   -120.29      5.10      2.70
    86315.118299 11.531127  0.000893 59.376728   -118.70    102.34      1.94
    86324.430700 11.531950  0.000951 63.098456   -123.81   -169.58      1.18
    86333.743100 11.531475  0.000885 60.185138   -120.70    -97.28     -1.90
    86343.055501 11.531455  0.000852 62.059078   -127.00    -36.92     -1.57
    86352.367901 11.532489  0.000943 61.339171   -123.06      1.81      1.61
    86361.680302 11.531977  0.000878 60.983140   -129.84     38.31     -0.50
    86370.992702 11.532490  0.000899 62.296544   -125.82     48.08      4.12
    86380.305103 11.532051  0.000798 60.192307   -132.18     57.46      2.34
    86389.617503 11.532829  0.000920 62.983846   -129.12     48.56     -0.67
    86398.929903 11.533445  0.000941 59.484502   -133.98     24.36      2.95
    86408.242304 11.533385  0.000929 63.629936   -132.79    -11.50      1.63
    86417.554704 11.533017  0.000855 58.929504   -135.57    -60.08      1.22
    86426.867105 11.533110  0.000810 63.946911   -136.48   -126.58      4.73
    86436.179505 11.533797  0.000913 58.932470   -137.19    159.76      1.77
    86445.491906 11.533808  0.000880 63.605869   -140.16     69.68      2.67
    86454.804306 11.534540  0.000937 59.507156   -138.82    -29.43     -2.66
    86464.116707 11.534097  0.000888 62.926528   -143.78   -146.05     -0.70
    86473.429107 11.534029  0.000810 60.245054   -140.67     77.17      3.20
    86482.741507 11.534721  0.000893 62.231706   -147.05    -56.33     -3.53
    86492.053908 11.534604  0.000868 61.012169   -143.00    139.34      0.40
    86501.366308 11.535221  0.000895 61.344380   -149.82    -23.07     -4.33
    86510.678709 11.535428  0.000927 62.010446   -145.85    145.45      0.49
    86519.991109 11.535025  0.000841 60.253488   -152.18    -48.34     -0.39
    86529.303510 11.534989  0.000776 63.034141   -149.01    100.93     -2.67
    86538.615910 11.535689  0.000884 59.438311   -154.25   -122.10     -1.43
    86547.928311 11.536353  0.000934 63.578635   -152.42     -0.81     -2.37
    86557.240711 11.535847  0.000826 59.135453   -155.99    111.96     -4.40
    86566.553111 11.536304  0.000899 63.704876   -156.14   -156.64     -1.02
    86575.865512 11.535865  0.000767 59.058344   -157.47    -74.32     -1.18
    86585.177912 11.537073  0.000931 63.732111   -159.92     -7.56      1.86
    86594.490313 11.537135  0.000924 59.163956   -159.09     48.26     -0.15
    86603.802713 11.536430  0.000760 63.416312   -163.45     92.23     -0.21
    86613.115114 11.537566  0.000932 59.758438   -161.02    119.34     -0.75
    86622.427514 11.537213  0.000847 62.566447   -166.76    137.56     -1.52
    86631.739915 11.537942  0.000901 60.747146   -163.17    139.21     -3.90
    86641.052315 11.538012  0.000924 61.595755   -169.84    126.00      0.75
    86650.364715 11.537558  0.000794 61.657935   -165.67     97.52      0.81
    86659.677116 11.537813  0.000807 60.814994   -172.48     62.32      1.16
    86668.989516 11.538395  0.000896 62.386087   -168.64      9.85     -1.45
    86678.301917 11.538255  0.000807 60.039740   -174.64    -49.75     -4.30
    86687.614317 11.538581  0.000853 63.163730   -172.01   -135.24      0.57
    86696.926718 11.538673  0.000838 59.261476   -176.50    135.13     -0.27
    86706.239118 11.539544  0.000906 63.793390   -175.52     23.97      4.39
    86715.551519 11.539474  0.000908 58.896054   -178.28    -88.08     -1.42
    86724.863919 11.539335  0.000838 63.854348   -179.11    140.84     -3.09
    86734.176319 11.540420  0.000950 59.076417   -179.93     -8.67      0.95
    86743.488720 11.539868  0.000888 63.533421    177.19   -165.25     -0.63
    86752.801120 11.540753  0.000947 59.445802    178.45     18.58      1.63
    86762.113521 11.540445  0.000895 63.178734    173.63   -166.42      3.33
    86771.425921 11.540467  0.000879 59.904840    176.51     -3.28     -1.63
    86780.738322 11.540948  0.000888 62.561402    170.44    150.29     -4.73
    86790.050722 11.541040  0.000908 60.725268    174.17    -81.27     -1.72
    86799.363122 11.541441  0.000931 61.550746    167.53     40.20      0.42
    86808.675523 11.541695  0.000917 61.772411    171.56    148.57     -3.28
    86817.987923 11.541517  0.000899 60.603670    164.88   -116.16     -1.35
    86827.300324 11.541487  0.000840 62.574450    168.66    -36.18     -3.82
    86836.612724 11.541865  0.000867 59.969242    162.62     26.49      3.99
    86845.925125 11.542231  0.000925 63.100998    165.37     81.08      0.77
    86855.237525 11.541833  0.000801 59.423119    160.75    128.64     -4.23
    86864.549926 11.542772  0.000931 63.625911    161.81    150.40      0.22
    86873.862326 11.542554  0.000869 58.941554    159.04    167.12     -2.09
    86883.174726 11.543487  0.000952 63.945712    158.24    167.68     -2.20
    86892.487127 11.543194  0.000911 58.894427    157.26    151.15      1.44
    86901.799527 11.542859  0.000823 63.707322    154.70    128.50     -1.65
    86911.111928 11.542798  0.000772 59.348139    155.51     88.25     -1.77
    86920.424328 11.543516  0.000890 63.173307    151.14     36.06     -0.75
    86929.736729 11.543855  0.000871 59.897512    153.67    -28.58     -4.68
    86939.049129 11.543506  0.000806 62.678254    147.80   -109.87      0.09
    86948.361530 11.543994  0.000867 60.459564    151.46    154.75     -0.62
    86957.673930 11.544321  0.000854 61.979764    144.85     45.87      5.20
    86966.986330 11.544751  0.000918 61.307655    148.88    -69.80     -1.54
    86976.298731 11.544580  0.000867 60.986703    142.17    160.68     -2.09
    86985.611131 11.545436  0.000936 62.295265    146.06      7.14      2.48
    86994.923532 11.544974  0.000872 60.138882    139.71   -146.66     -0.36
    87004.235932 11.545740  0.000930 62.959814    143.00     34.99      2.16
    87013.548333 11.545474  0.000856 59.643017    137.59   -150.38      4.05
    87022.860733 11.545658  0.000896 63.350486    139.62     13.08     -1.13
    87032.173134 11.546237  0.000911 59.230380    135.79    164.51     -4.01
    87041.485534 11.546152  0.000896 63.746715    136.04    -63.68     -2.62
    87050.797934 11.546548  0.000928 58.888456    134.05     53.57      0.63
    87060.110335 11.547062  0.000943 63.932095    132.52    164.65     -3.01
    87069.422735 11.546551  0.000877 58.968691    132.20   -103.10     -1.88
    87078.735136 11.546829  0.000879 63.593930    129.05    -20.70     -3.04
    87088.047536 11.546829  0.000831 59.484638    130.37     37.43      4.83
    87097.359937 11.547391  0.000922 63.031677    125.57     98.33     -0.23
    87106.672337 11.547237  0.000832 60.038645    128.43    140.24     -4.19
    87115.984738 11.548112  0.000947 62.545859    122.33    165.84      0.60
    87125.297138 11.547676  0.000879 60.582915    126.12    178.46     -1.34
    87134.609538 11.548601  0.000945 61.865333    119.45   -178.37     -0.71
    87143.921939 11.548352  0.000917 61.400924    123.49    163.74      1.66
    87153.234339 11.548091  0.000851 60.917441    116.79    143.17     -0.93
    87162.546740 11.548060  0.000784 62.330153    120.66    102.87     -2.66
    87171.859140 11.548647  0.000877 60.137134    114.33     51.78     -1.19
    87181.171541 11.549060  0.000889 62.934350    117.63    -14.68     -3.58
    87190.483941 11.548607  0.000785 59.686225    112.16    -93.00     -1.67
    87199.796342 11.549186  0.000881 63.308386    114.29    170.82     -0.16
    87209.108742 11.549311  0.000831 59.264327    110.30     61.81      4.57
    87218.421142 11.549910  0.000912 63.729186    110.78    -50.94     -2.43
    87227.733543 11.549857  0.000878 58.891393    108.49    176.33     -1.82
    87237.045943 11.550499  0.000914 63.943555    107.33     24.69      4.22
    87246.358344 11.550002  0.000847 58.929720    106.58   -129.55     -0.62
    87255.670744 11.550629  0.000908 63.663425    103.89     55.61      2.45
    87264.983145 11.550275  0.000808 59.354039    104.73   -132.94      4.58
    87274.295545 11.550702  0.000880 63.214673    100.41     35.03     -0.43
    87283.607945 11.551532  0.000932 59.787761    102.82   -177.82     -2.03
    87292.920346 11.551596  0.000921 62.834495     97.13    -39.52     -2.75
    87302.232746 11.551607  0.000922 60.241791    100.58     75.59      0.49
    87311.545147 11.552212  0.000944 62.230723     94.16   -172.80     -0.02
    87320.857547 11.551866  0.000894 61.000314     98.07    -78.58     -2.15
    87330.169948 11.552018  0.000895 61.339777     91.36      5.62     -1.94
    87339.482348 11.551677  0.000784 61.890551     95.40     65.94      3.15
    87348.794749 11.552574  0.000926 60.596698     88.72    127.18      0.15
    87358.107149 11.552711  0.000900 62.494163     92.54    169.20     -3.38
    87367.419549 11.553096  0.000907 60.109867     86.37   -166.20      3.69
    87376.731950 11.552940  0.000898 62.945321     89.37   -148.96     -0.97
    87386.044350 11.553640  0.000933 59.570953     84.33   -148.95      3.07
    87395.356751 11.553357  0.000880 63.505776     86.00   -161.69      3.17
    87404.669151 11.553460  0.000878 59.042969     82.36    179.52     -1.54
    87413.981552 11.553780  0.000871 63.876580     82.66    144.82     -5.46
    87423.293952 11.553817  0.000876 58.904968     80.37     91.28     -2.20
    87432.606353 11.554431  0.000935 63.794748     79.26     24.68     -0.38
    87441.918753 11.554287  0.000859 59.096523     78.53    -48.32     -4.95
    87451.231153 11.554312  0.000879 63.578931     75.75   -142.66     -0.56
    87460.543554 11.554152  0.000790 59.284711     76.69    111.49     -0.31
    87469.855954 11.555341  0.000938 63.419647     72.38     -5.60      1.60
    87479.168355 11.555112  0.000910 59.541234     74.61   -135.57     -1.26
    87488.480755 11.554732  0.000788 62.989561     69.21     78.79      2.95
    87497.793156 11.555482  0.000891 60.156810     72.34    -75.23     -2.30
    87507.105556 11.555451  0.000870 62.235347     66.16    113.56      1.17
    87516.417957 11.555345  0.000789 60.942198     69.97    -67.73     -3.80
    87525.730357 11.556098  0.000909 61.574323     63.22     96.64     -1.60
    87535.042757 11.556295  0.000892 61.519580     67.42   -122.07      3.61
    87544.355158 11.556664  0.000905 61.077489     60.55     17.90      4.05
    87553.667558 11.556494  0.000891 62.045419     64.55    141.27      1.05
    87562.979959 11.556456  0.000820 60.415820     58.17   -108.73      4.24
    87572.292359 11.557335  0.000935 62.767753     61.47    -10.92      1.27
    87581.604760 11.557316  0.000920 59.695326     55.88     75.75      0.71
    87590.917160 11.557500  0.000887 63.356085     58.38    150.13     -5.12
    87600.229561 11.557362  0.000856 59.312617     53.67   -157.55      2.23
    87609.541961 11.557806  0.000900 63.554418     55.13   -115.11      2.05
    87618.854361 11.557280  0.000769 59.175343     51.71    -77.61     -2.90
    87628.166762 11.558239  0.000926 63.677361     51.69    -63.35     -0.08
    87637.479162 11.557801  0.000804 58.982952     49.83    -57.38     -1.40
    87646.791563 11.558327  0.000851 63.866633     48.30    -63.02     -3.86
    87656.103963 11.558793  0.000920 58.896736     47.84    -90.01      0.60
    87665.416364 11.558778  0.000855 63.765765     45.01   -128.08      4.44
    87674.728764 11.559114  0.000892 59.203853     45.79   -175.47      2.70
    87684.041165 11.559017  0.000866 63.312345     41.72    126.55      0.52
    87693.353565 11.559235  0.000836 59.705748     43.74     45.39      5.26
    87702.665965 11.559816  0.000922 62.904719     38.45    -35.33      0.62
    87711.978366 11.560145  0.000930 60.077591     41.58   -140.45      1.76
    87721.290766 11.559623  0.000807 62.567602     35.38    114.39     -4.14
    87730.603167 11.560062  0.000880 60.521648     39.14    -20.95      0.73
    87739.915567 11.560895  0.000946 61.946227     32.56   -159.01      1.05
    87749.227968 11.560200  0.000825 61.264959     36.52     42.55      2.99
    87758.540368 11.560927  0.000920 61.176191     29.79   -118.30     -0.27
    87767.852768 11.560689  0.000822 61.957348     33.87     53.00      5.12
    87777.165169 11.560789  0.000830 60.656961     27.13   -132.80      0.96
    87786.477569 11.561546  0.000923 62.370518     31.00     19.34     -1.16
    87795.789970 11.562060  0.000940 60.245157     24.77    163.86     -2.31
    87805.102370 11.561851  0.000925 62.809783     27.90    -73.27     -0.65
    87814.414771 11.562265  0.000929 59.672252     22.57     40.20      1.81
    87823.727171 11.562399  0.000920 63.380029     24.73    144.03     -2.97
    87833.039572 11.562326  0.000906 59.183153     20.36   -128.38     -1.44
    87842.351972 11.562009  0.000803 63.701388     21.56    -53.41     -3.65
    87851.664372 11.562825  0.000898 59.053362     18.24      2.76      2.85
    87860.976773 11.563044  0.000928 63.698024     18.28     52.28      0.20
    87870.289173 11.562304  0.000753 59.065560     16.27     86.78      1.07
    87879.601574 11.563319  0.000913 63.742555     14.90    111.12     -1.38
    87888.913974 11.562956  0.000816 58.974642     14.31    117.17      0.28
    87898.226375 11.563243  0.000811 63.822527     11.61    118.37     -4.48
    87907.538775 11.563911  0.000918 59.046412     12.18     95.20     -0.30
    87916.851176 11.563845  0.000854 63.551087      8.44     61.06      4.03
    87926.163576 11.564247  0.000886 59.480732     10.00     15.76      3.87
    87935.475976 11.564228  0.000882 63.062800      5.22    -36.42      0.53
    87944.788377 11.564036  0.000787 59.935908      7.86   -113.00      4.33
    87954.100777 11.565003  0.000923 62.735919      2.07    168.82      1.78
    87963.413178 11.565028  0.000906 60.236008      5.54     68.67      2.00
    87972.725578 11.565342  0.000891 62.387818     -0.85    -31.52     -4.58
    87982.037979 11.565054  0.000863 60.705520      2.99   -162.72      0.63
    87991.350379 11.565584  0.000895 61.743853     -3.64     61.53      2.96
    88000.662780 11.565221  0.000800 61.401889      0.37    -85.29     -2.33
    88009.975180 11.565985  0.000918 61.099891     -6.41    112.23      0.68
    88019.287580 11.565508  0.000785 61.948933     -2.30    -63.73     -2.33
    88028.599981 11.566166  0.000865 60.709301     -9.03    112.23     -3.57
    88037.912381 11.566518  0.000908 62.285764     -5.15    -98.32      1.67
    88047.224782 11.566598  0.000855 60.312190    -11.43     45.88      5.37
    88056.537182 11.566795  0.000893 62.754405     -8.22    178.74      1.89
    88065.849583 11.566583  0.000824 59.743963    -13.72    -58.99      0.38
    88075.161983 11.567042  0.000842 63.308462    -11.27     39.71      5.28
    88084.474384 11.567451  0.000909 59.324290    -16.06    138.22      1.18
    88093.786784 11.567958  0.000927 63.550907    -14.33   -146.11      2.72
    88103.099184 11.567418  0.000820 59.224663    -18.27    -70.99     -4.36
    88112.411585 11.567787  0.000880 63.590181    -17.57    -23.95      0.20
    88121.723985 11.568756  0.000943 59.098688    -20.31     15.62      1.29
    88131.036386 11.568002  0.000841 63.784708    -20.85     41.67      1.87
    88140.348786 11.568726  0.000923 58.875125    -22.41     56.45      0.51
    88149.661187 11.568350  0.000809 63.921399    -24.03     53.23      4.59
    88158.973587 11.568611  0.000854 58.910236    -24.61     45.53     -0.63
    88168.285988 11.569427  0.000935 63.703211    -27.19     20.24     -0.64
    88177.598388 11.569842  0.000940 59.216994    -26.75    -18.91     -1.00
    88186.910788 11.569571  0.000922 63.411425    -30.42    -71.07      0.48
    88196.223189 11.569924  0.000906 59.443539    -28.87   -140.85      3.37
    88205.535589 11.570230  0.000932 63.293409    -33.59    148.32     -1.61
    88214.847990 11.570199  0.000921 59.596836    -31.14     53.15     -0.23
    88224.160390 11.569983  0.000828 63.042049    -36.58    -43.69     -5.29
    88233.472791 11.570295  0.000875 60.003692    -33.58   -170.87      2.15
    88242.785191 11.570742  0.000910 62.496815    -39.52     61.26      1.79
    88252.097591 11.570146  0.000764 60.582659    -36.00    -80.48     -2.69
    88261.409992 11.571147  0.000924 62.026371    -42.50    123.21     -0.08
    88270.722392 11.570782  0.000812 60.962618    -38.46    -47.21     -2.95
    88280.034793 11.571495  0.000887 61.747689    -45.31    134.75     -4.28
    88289.347193 11.571602  0.000907 61.260262    -41.15    -70.00      1.01
    88298.659594 11.571202  0.000786 61.304258    -47.93     82.59      2.38
    88307.971994 11.571583  0.000835 61.803079    -43.94   -142.02      2.00
    88317.284395 11.571890  0.000868 60.686983    -50.55    -11.36     -1.21
    88326.596795 11.571648  0.000764 62.360637    -46.71     97.79     -1.64
    88335.909195 11.572292  0.000863 60.286412    -53.14   -163.95      1.73
    88345.221596 11.572324  0.000833 62.630904    -49.56    -81.59      1.58
    88354.533996 11.573431  0.000940 60.070450    -55.56     -5.24      0.62
    88363.846397 11.573043  0.000902 62.874089    -52.58     53.07     -1.03
    88373.158797 11.572656  0.000785 59.694148    -57.85     98.96      1.38
    88382.471198 11.573617  0.000906 63.311610    -55.67    134.76     -2.98
    88391.783598 11.573364  0.000861 59.269863    -60.18    153.25      0.15
    88401.095999 11.574185  0.000914 63.628819    -58.67    162.67     -3.95
    88410.408399 11.574298  0.000928 59.132964    -62.54    153.60      0.74
    88419.720799 11.573850  0.000845 63.638236    -61.74    134.42     -0.87
    88429.033200 11.573687  0.000760 59.138809    -64.72    105.59     -3.08
    88438.345600 11.574383  0.000875 63.689628    -64.95     57.68     -1.03
    88447.658001 11.575054  0.000912 58.973974    -66.86      0.93     -2.64
    88456.970401 11.574570  0.000817 63.889526    -68.09    -68.48     -4.36
    88466.282802 11.574981  0.000875 58.843094    -69.15   -156.69     -0.98
    88475.595202 11.574690  0.000777 63.863968    -71.14    105.99     -0.98
    88484.907603 11.575819  0.000923 59.021456    -71.43     -8.08      2.20
    88494.220003 11.575827  0.000921 63.588687    -74.26   -128.74     -0.24
    88503.532403 11.575165  0.000755 59.266732    -73.63     93.76     -0.51
    88512.844804 11.576270  0.000926 63.462870    -77.41    -54.02     -0.88
    88522.157204 11.575932  0.000831 59.320004    -75.87    141.93     -1.70
    88531.469605 11.576777  0.000908 63.428481    -80.44    -29.78     -3.69
    88540.782005 11.576689  0.000904 59.468866    -78.27    134.23      1.27
    88550.094406 11.576292  0.000798 63.114442    -83.37    -63.26     -1.23
    88559.406806 11.576464  0.000791 59.900663    -80.71     79.71     -1.16
    88568.719207 11.577175  0.000902 62.676340    -86.35   -146.06     -1.17
    88578.031607 11.577555  0.000885 60.275364    -83.08    -25.91     -5.12
    88587.344007 11.577213  0.000829 62.458641    -89.33     79.62     -1.62
    88596.656408 11.577657  0.000875 60.451308    -85.56    169.85     -2.37
    88605.968808 11.577348  0.000769 62.252953    -92.12   -113.12      3.63
    88615.281209 11.578329  0.000921 60.758687    -88.23    -46.18      0.52
    88624.593609 11.578609  0.000921 61.783066    -94.84     12.32     -1.48
    88633.906010 11.578118  0.000813 61.278687    -90.86     44.57      4.22
    88643.218410 11.578804  0.000916 61.319572    -97.65     80.44     -0.91
    88652.530811 11.578329  0.000782 61.635753    -93.47     89.20      1.58
    88661.843211 11.578786  0.000833 61.106935   -100.35     99.04     -3.06
    88671.155611 11.579378  0.000915 61.805039    -96.23     79.77      1.30
    88680.468012 11.579222  0.000825 60.850569   -102.90     55.12      4.70
    88689.780412 11.579432  0.000867 62.156728    -99.09     17.89      1.70
    88699.092813 11.579530  0.000849 60.377720   -105.43    -26.34     -1.94
    88708.405213 11.579360  0.000765 62.631364   -101.92    -94.13     -0.19
    88717.717614 11.579995  0.000865 60.024599   -108.02   -168.65      0.61
    88727.030014 11.579832  0.000789 62.852763   -104.73     98.14      1.32
    88736.342414 11.581045  0.000930 59.922379   -110.53     -2.13      2.03
    88745.654815 11.580892  0.000921 62.947072   -107.68   -117.98     -0.32
    88754.967215 11.580312  0.000768 59.711315   -112.88    118.24     -2.88
    88764.279616 11.581465  0.000930 63.255788   -110.71    -27.95      0.05
    88773.592016 11.581266  0.000882 59.336314   -115.28   -179.04     -1.88
    88782.904417 11.582141  0.000948 63.571593   -113.63      7.93      2.01
    88792.216817 11.581579  0.000871 59.172219   -117.77   -170.89      2.04
    88801.529218 11.582067  0.000904 63.594325   -116.56     -1.87     -2.39
    88810.841618 11.582548  0.000927 59.200331   -120.12    153.40     -2.59
    88820.154018 11.582353  0.000918 63.584738   -119.63    -70.22      0.32
    88829.466419 11.582469  0.000869 59.076135   -122.39     54.32      3.86
    88838.778819 11.583026  0.000930 63.795247   -122.67    170.86      1.52
    88848.091220 11.582874  0.000905 58.862446   -124.77    -87.25      1.26
    88857.403620 11.583632  0.000945 63.916564   -125.61      2.63     -0.43
    88866.716021 11.582948  0.000851 58.897983   -127.20     80.04     -1.97
    88876.028421 11.583089  0.000846 63.759463   -128.59    141.34     -1.11
    88885.340822 11.584162  0.000940 59.067925   -129.53   -172.33      2.09
    88894.653222 11.583584  0.000875 63.676406   -131.65   -132.36     -0.84
    88903.965622 11.583831  0.000857 59.040281   -131.82   -114.46      3.83
    88913.278023 11.583499  0.000775 63.791125   -134.66    -98.54     -0.29
    88922.590423 11.584428  0.000914 58.980629   -134.25   -102.34     -0.11
    88931.902824 11.584264  0.000829 63.715852   -137.55   -121.53      4.73
    88941.215224 11.584416  0.000838 59.196325   -136.74   -149.02      2.94
    88950.527625 11.584782  0.000882 63.427040   -140.51    175.17     -1.49
    88959.840025 11.584666  0.000795 59.441935   -139.09    122.63     -4.72
    88969.152426 11.584932  0.000845 63.311877   -143.52     52.83     -0.21
    88978.464826 11.585258  0.000846 59.463839   -141.49    -27.42     -2.55
    88987.777226 11.585138  0.000789 63.317793   -146.41   -124.61      3.83
    88997.089627 11.585927  0.000911 59.535476   -144.03    129.58      1.22
    89006.402027 11.586450  0.000933 63.088627   -149.23     14.25     -0.55
    89015.714428 11.585671  0.000796 59.860719   -146.57   -121.42      1.05
    89025.026828 11.586471  0.000915 62.747627   -152.13     95.81      0.99
    89034.339229 11.586066  0.000781 60.132267   -149.03    -60.46     -3.36
    89043.651629 11.586992  0.000916 62.636301   -155.04    129.74     -1.53
    89052.964030 11.586617  0.000837 60.185162   -151.54    -59.49      0.56
    89062.276430 11.586564  0.000773 62.577112   -157.82    110.86     -3.57
    89071.588830 11.587289  0.000892 60.348687   -154.20   -103.89     -1.47
    89080.901231 11.587880  0.000933 62.256696   -160.54     33.20      1.28
    89090.213631 11.588226  0.000940 60.732305   -156.84    157.92     -1.75
    89099.526032 11.588015  0.000919 61.925289   -163.38    -89.43     -0.17
    89108.838432 11.588649  0.000946 60.964764   -159.37      6.13     -0.62
    89118.150833 11.587923  0.000823 61.853259   -166.19     97.72     -3.24
    89127.463233 11.588239  0.000865 61.003417   -162.03    164.73     -1.30
    89136.775634 11.588638  0.000858 61.727360   -168.83   -138.93      5.19
    89146.088034 11.588785  0.000885 61.230762   -164.79    -88.07     -1.98
    89155.400434 11.588658  0.000835 61.364297   -171.51    -53.62      0.05
    89164.712835 11.589525  0.000911 61.596627   -167.46    -31.84     -3.83
    89174.025235 11.589357  0.000896 61.101078   -174.27    -26.13      1.45
    89183.337636 11.589421  0.000847 61.748831   -170.11    -29.34     -3.94
    89192.650036 11.589938  0.000897 61.063412   -176.96    -44.06     -3.70
    89201.962437 11.590018  0.000909 61.785525   -172.86    -83.27      1.11
    89211.274837 11.590081  0.000855 60.903972   -179.54   -127.94      4.95
    89220.587237 11.590417  0.000899 62.045127   -175.68    175.36      2.10
    89229.899638 11.590292  0.000861 60.563369    177.85    108.66      1.71
    89239.212038 11.591064  0.000909 62.369811   -178.40     20.86      4.04
    89248.524439 11.591015  0.000913 60.389314    175.13    -66.38     -1.19
    89257.836839 11.591347  0.000915 62.432365    178.90   -177.05     -2.37
    89267.149240 11.590716  0.000777 60.399131    172.52     59.05      3.37
    89276.461640 11.591536  0.000916 62.454414    176.05    -75.32      0.44
    89285.774041 11.591374  0.000829 60.218683    170.02    144.87     -4.41
    89295.086441 11.592231  0.000935 62.730647    173.21    -22.08      0.09
    89304.398841 11.591765  0.000862 59.907698    167.39    167.82     -0.55
    89313.711242 11.592591  0.000919 62.960002    170.48    -17.72     -3.54
    89323.023642 11.592656  0.000928 59.838043    164.73    142.79     -0.14
    89332.336043 11.592251  0.000843 62.926030    167.71    -73.42      1.37
    89341.648443 11.592212  0.000779 59.864599    162.19     62.40      3.54
    89350.960844 11.592745  0.000876 62.971627    164.84   -174.82      0.85
    89360.273244 11.592584  0.000796 59.666105    159.68    -62.14     -0.36
    89369.585645 11.593229  0.000860 63.235401    162.00     28.27      4.06
    89378.898045 11.593472  0.000898 59.436052    157.07    116.55      1.37
    89388.210445 11.594277  0.000948 63.366616    159.26   -173.11     -0.31
    89397.522846 11.593431  0.000810 59.456407    154.43   -112.44     -0.70
    89406.835246 11.593820  0.000861 63.281872    156.46    -71.73      1.27
    89416.147647 11.594341  0.000871 59.493530    151.92    -31.18     -5.11
    89425.460047 11.594501  0.000908 63.349225    153.56    -19.99      1.37
    89434.772448 11.594646  0.000884 59.294150    149.42     -7.96     -3.00
    89444.084848 11.595372  0.000941 63.588976    150.75    -17.22     -1.51
    89453.397249 11.594974  0.000895 59.136479    146.76    -38.11      1.45
    89462.709649 11.594559  0.000779 63.616111    148.03    -69.45     -1.25
    89472.022049 11.594771  0.000784 59.230247    144.15   -114.78      0.75
    89481.334450 11.595439  0.000885 63.493518    145.19   -172.60     -1.13
    89490.646850 11.595169  0.000776 59.244938    141.66    120.20     -3.57
    89499.959251 11.595675  0.000851 63.597170    142.32     30.10      1.83
    89509.271651 11.595786  0.000843 59.039250    139.10    -65.50      1.51
    89518.584052 11.596873  0.000938 63.786682    139.55   -175.89      1.52
    89527.896452 11.596344  0.000875 58.970104    136.44     66.12     -1.82
    89537.208853 11.596157  0.000803 63.720868    136.81    -72.94      0.65
    89546.521253 11.597153  0.000905 59.106404    133.84    143.93     -3.06
    89555.833653 11.596864  0.000878 63.615400    133.98    -21.60      0.40
    89565.146054 11.597560  0.000910 59.088742    131.33    169.27     -3.69
    89574.458454 11.597773  0.000932 63.755452    131.12    -21.64      0.17
    89583.770855 11.597292  0.000845 58.909985    128.75    138.79      0.41
    89593.083255 11.597091  0.000756 63.886980    128.40    -70.87     -2.86
    89602.395656 11.597654  0.000841 58.919180    126.04     62.82     -1.08
    89611.708056 11.598365  0.000910 63.764059    125.67   -175.30     -2.07
    89621.020457 11.597913  0.000797 59.069583    123.46    -62.81     -4.77
    89630.332857 11.598344  0.000873 63.682846    122.81     28.26     -0.14
    89639.645257 11.598108  0.000778 59.006895    120.93    111.87     -0.41
    89648.957658 11.599303  0.000930 63.845361    120.02    179.67      2.33
    89658.270058 11.599186  0.000911 58.841986    118.26   -119.55     -0.86
    89667.582459 11.598603  0.000764 63.903718    117.33    -74.33     -1.64
    89676.894859 11.599777  0.000925 58.916952    115.57    -42.86     -0.69
    89686.207260 11.599432  0.000862 63.735421    114.58    -23.81     -1.25
    89695.519660 11.600364  0.000931 59.051811    112.99    -15.98     -2.53
    89704.832060 11.600086  0.000907 63.712954    111.76    -26.34      1.22
    89714.144461 11.599788  0.000813 58.944270    110.42    -42.95     -1.95
    89723.456861 11.599925  0.000798 63.888423    109.00    -73.17     -3.65
    89732.769262 11.600597  0.000899 58.830189    107.72   -120.86     -1.27
    89742.081662 11.601282  0.000940 63.881960    106.34   -178.44     -1.80
    89751.394063 11.600831  0.000857 58.963345    105.01    112.68     -3.37
    89760.706463 11.601206  0.000909 63.712718    103.60     26.60     -1.20
    89770.018864 11.600626  0.000754 59.059379    102.43    -68.05     -3.02
    89779.331264 11.601572  0.000896 63.755370    100.78    178.04      2.02
    89788.643664 11.601873  0.000909 58.914173     99.81     55.45      1.91
    89797.956065 11.601253  0.000768 63.912618     98.09    -73.67     -3.39
    89807.268465 11.602188  0.000909 58.846854     97.05    133.93      1.08
    89816.580866 11.602244  0.000873 63.839631     95.43    -22.00     -3.68
    89825.893266 11.602996  0.000944 59.001240     94.36    161.36     -0.21
    89835.205667 11.602462  0.000880 63.684724     92.67    -25.72      0.67
    89844.518067 11.602585  0.000825 59.040340     91.76    140.19     -4.58
    89853.830468 11.602898  0.000871 63.778791     89.92    -72.94     -2.66
    89863.142868 11.603368  0.000917 58.872927     89.08     58.65      0.46
    89872.455268 11.603989  0.000942 63.914076     87.26   -178.25      0.33
    89881.767669 11.603696  0.000912 58.867309     86.31    -67.51     -0.77
    89891.080069 11.604095  0.000931 63.787008     84.61     28.46      0.08
    89900.392470 11.603588  0.000813 59.039302     83.61    117.13     -4.32
    89909.704870 11.603935  0.000877 63.684027     81.87   -175.90      0.18
    89919.017271 11.604182  0.000850 59.014268     80.99   -122.47      4.82
    89928.329671 11.604276  0.000845 63.833306     79.13    -67.45     -3.78
    89937.642072 11.604428  0.000856 58.852178     78.27    -39.48      0.59
    89946.954472 11.605313  0.000920 63.915329     76.52    -14.85     -3.63
    89956.266872 11.605255  0.000912 58.908645     75.45    -13.02      1.98
    89965.579273 11.605124  0.000875 63.755013     73.87    -14.52     -2.20
    89974.891673 11.605731  0.000899 59.054771     72.78    -30.54     -4.31
    89984.204074 11.605713  0.000918 63.703642     71.12    -65.13     -0.51
    89993.516474 11.605658  0.000855 58.967477     70.12   -113.37      3.41
    90002.828875 11.606260  0.000911 63.871231     68.45   -169.47      3.46
    90012.141275 11.606138  0.000894 58.829534     67.32    122.86      1.43
    90021.453676 11.606541  0.000894 63.888309     65.87     38.06      4.00
    90030.766076 11.606751  0.000908 58.934353     64.53    -50.53     -2.02
    90040.078476 11.606771  0.000908 63.716497     63.21   -159.21     -1.42
    90049.390877 11.606208  0.000758 59.053300     61.84     76.35      2.64
    90058.703277 11.607239  0.000916 63.727414     60.50    -53.66     -0.45
    90068.015678 11.607134  0.000860 58.921971     59.14    162.55     -3.06
    90077.328078 11.608035  0.000943 63.905354     57.86     -0.20      1.12
    90086.640479 11.607436  0.000862 58.834704     56.31   -170.83      0.21
    90095.952879 11.608321  0.000936 63.858887     55.30      6.10     -1.53
    90105.265280 11.608517  0.000934 58.993575     53.49    167.09      0.98
    90114.577680 11.608010  0.000873 63.690067     52.64    -42.98      0.59
    90123.890080 11.607590  0.000743 59.060401     50.81     95.14      0.09
    90133.202481 11.608250  0.000837 63.763663     49.94   -142.02      1.83
    90142.514881 11.608477  0.000845 58.901834     48.05    -27.05     -1.39
    90151.827282 11.608281  0.000762 63.895974     47.37     67.33      3.09
    90161.139682 11.609203  0.000900 58.884629     45.17    155.50      1.79
    90170.452083 11.609492  0.000903 63.777822     44.81   -132.47      2.37
    90179.764483 11.609199  0.000822 59.060726     42.39    -63.95     -4.39
    90189.076883 11.609522  0.000882 63.635027     42.15    -21.98      0.86
    90198.389284 11.610417  0.000940 59.071682     39.67     14.53      0.13
    90207.701684 11.609789  0.000839 63.738111     39.50     34.14      2.70
    90217.014085 11.610413  0.000917 58.931206     36.86     47.88     -0.83
    90226.326485 11.610479  0.000869 63.823939     36.95     38.20      5.09
    90235.638886 11.610343  0.000844 58.993157     33.98     27.49      1.25
    90244.951286 11.610917  0.000901 63.654881     34.40      1.27     -2.41
    90254.263687 11.611114  0.000879 59.191480     31.19    -36.10     -4.87
    90263.576087 11.611188  0.000904 63.536393     31.74    -95.24     -0.81
    90272.888487 11.611874  0.000941 59.163598     28.46   -161.75     -0.11
    90282.200888 11.611410  0.000853 63.662231     29.11    122.04     -4.12
    90291.513288 11.611659  0.000884 59.059368     25.60     28.22     -1.43
    90300.825689 11.611156  0.000749 63.665342     26.61    -78.76     -0.78
    90310.138089 11.612423  0.000922 59.212152     22.70    163.04      1.59
    90319.450490 11.612455  0.000919 63.438159     24.04     32.90     -0.57
    90328.762890 11.611827  0.000764 59.395741     19.94   -112.54      3.57
    90338.075291 11.612638  0.000897 63.355492     21.38     95.23     -1.52
    90347.387691 11.612380  0.000816 59.338268     17.17    -74.76      1.27
    90356.700091 11.612559  0.000801 63.452822     18.80    107.78     -3.95
    90366.012492 11.613302  0.000915 59.313043     14.28    -87.92     -0.49
    90375.324892 11.613243  0.000847 63.364079     16.29     58.24      4.46
    90384.637293 11.613492  0.000860 59.536365     11.42   -158.06      3.74
    90393.949693 11.613475  0.000860 63.111017     13.70    -28.66     -0.24
    90403.262094 11.613226  0.000753 59.712082      8.67     86.74      1.70
    90412.574494 11.614036  0.000880 63.054524     11.05   -173.20      2.12
    90421.886895 11.614028  0.000846 59.666045      5.89    -81.77      2.28
    90431.199295 11.615107  0.000947 63.115107      8.48     -4.52     -0.03
    90440.511695 11.614553  0.000873 59.732765      2.98     63.76     -1.57
    90449.824096 11.614266  0.000785 62.928567      5.97    111.68     -0.75
    90459.136496 11.615503  0.000927 60.030154      0.16    154.74     -1.97
    90468.448897 11.615012  0.000869 62.647002      3.33    176.30     -0.22
    90477.761297 11.615998  0.000943 60.176452     -2.55   -168.30      0.41
    90487.073698 11.615631  0.000884 62.609633      0.66   -172.52      3.05
    90496.386098 11.615647  0.000871 60.148133     -5.36   -177.51     -1.48
    90505.698499 11.616328  0.000911 62.586190     -1.89    157.51     -3.84
    90515.010899 11.616319  0.000913 60.327911     -8.23    120.57     -1.16
    90524.323299 11.616380  0.000886 62.301544     -4.46     63.07      2.94
    90533.635700 11.617002  0.000925 60.654698    -10.98      4.32      2.29
    90542.948100 11.616814  0.000917 62.025521     -7.14    -72.35      0.42
    90552.260501 11.617348  0.000931 60.774779    -13.67   -157.65      0.44
    90561.572901 11.616812  0.000834 61.987941     -9.83    102.66     -3.33
    90570.885302 11.616991  0.000860 60.811192    -16.44    -10.94     -0.39
    90580.197702 11.617632  0.000883 61.889164    -12.42   -145.34      4.68
    90589.510103 11.617372  0.000842 61.084483    -19.25     86.26     -2.30
    90598.822503 11.617484  0.000835 61.542607    -15.05    -72.73      1.52
    90608.134903 11.617785  0.000825 61.428615    -21.92    133.55     -5.53
    90617.447304 11.618320  0.000912 61.283517    -17.83    -52.39      0.40
    90626.759704 11.617868  0.000804 61.526818    -24.55    122.47     -1.19
    90636.072105 11.618041  0.000787 61.247478    -20.56    -80.28     -3.46
    90645.384505 11.618764  0.000902 61.606326    -27.29     65.39     -1.04
    90654.696906 11.619458  0.000939 61.057697    -23.20   -167.32      0.73
    90664.009306 11.619403  0.000918 61.951156    -30.00    -40.77     -2.56
    90673.321706 11.619434  0.000915 60.668858    -25.96     59.72      0.51
    90682.634107 11.619835  0.000911 62.255176    -32.56    161.54     -3.75
    90691.946507 11.619326  0.000843 60.468635    -28.81   -122.24     -1.04
    90701.258908 11.619476  0.000833 62.308314    -35.14    -51.20     -0.44
    90710.571308 11.620527  0.000928 60.421821    -31.60      0.53      1.65
    90719.883709 11.620033  0.000875 62.444633    -37.79     49.68     -0.95
    90729.196109 11.620070  0.000821 60.172951    -34.35     72.60      4.13
    90738.508510 11.620172  0.000807 62.807355    -40.38    101.54     -3.28
    90747.820910 11.620784  0.000896 59.820647    -37.21     99.67      1.43
    90757.133310 11.620239  0.000754 63.037498    -42.85     96.07      0.62
    90766.445711 11.620763  0.000828 59.707854    -40.18     76.88     -1.78
    90775.758111 11.621498  0.000917 63.048835    -45.34     44.64      0.14
    90785.070512 11.622177  0.000949 59.674876    -43.04     -1.96     -0.06
    90794.382912 11.621844  0.000913 63.201997    -47.93    -56.78     -0.53
    90803.695313 11.622055  0.000902 59.414721    -45.89   -132.62      2.83
    90813.007713 11.622498  0.000921 63.521041    -50.40    152.67     -3.06
    90822.320114 11.622156  0.000886 59.147262    -48.92     53.83     -1.44
    90831.632514 11.621978  0.000798 63.625280    -52.77    -51.03     -3.37
    90840.944914 11.622835  0.000900 59.153451    -51.94   -179.10      3.07
    90850.257315 11.622872  0.000914 63.550399    -55.23     51.92     -0.46
    90859.569715 11.622242  0.000750 59.155897    -54.86    -97.38      1.89
    90868.882116 11.623179  0.000893 63.675180    -57.71    108.93     -1.94
    90878.194516 11.622954  0.000827 58.937676    -57.84    -66.56      1.21
    90887.506917 11.623063  0.000793 63.886631    -60.09    115.92     -4.38
    90896.819317 11.623786  0.000908 58.840371    -60.93    -84.45     -0.84
    90906.131718 11.623802  0.000862 63.826590    -62.43     61.44      3.92
    90915.444118 11.624141  0.000873 59.000960    -64.00   -160.04      4.10
    90924.756518 11.624068  0.000873 63.671308    -64.85    -31.49      0.64
    90934.068919 11.623809  0.000767 59.066410    -66.95     78.98      3.51
    90943.381319 11.624789  0.000904 63.727786    -67.31   -179.77      2.35
    90952.693720 11.624735  0.000879 58.970244    -69.96    -91.41      2.12
    90962.006120 11.625576  0.000938 63.775094    -69.65    -12.47     -2.53
    90971.318521 11.624860  0.000837 59.079701    -73.10     49.38     -0.53
    90980.630921 11.624956  0.000820 63.532023    -71.99     95.24      1.67
    90989.943322 11.625697  0.000879 59.386582    -76.09    140.72     -4.61
    90999.255722 11.625601  0.000883 63.265035    -74.48    157.80      1.12
    91008.568122 11.626227  0.000910 59.522761    -79.00    175.44     -2.84
    91017.880523 11.626479  0.000926 63.213278    -76.95    168.95      1.44
    91027.192923 11.626008  0.000855 59.573876    -82.01    158.79      0.31
    91036.505324 11.626207  0.000823 63.075348    -79.34    136.10     -5.15
    91045.817724 11.626528  0.000865 59.890491    -85.02     97.95     -2.63
    91055.130125 11.627091  0.000925 62.663655    -81.80     40.77      0.47
    91064.442525 11.627477  0.000919 60.312587    -87.88    -16.81     -2.57
    91073.754926 11.627232  0.000902 62.323654    -84.38    -97.15     -1.24
    91083.067326 11.627542  0.000895 60.510588    -90.67    178.39     -2.99
    91092.379726 11.626973  0.000774 62.189479    -86.98     70.68      0.71
    91101.692127 11.627615  0.000879 60.710783    -93.53    -40.99      1.25
    91111.004527 11.628521  0.000940 61.892197    -89.51   -169.71      0.09
    91120.316928 11.627661  0.000801 61.177605    -96.36     53.10      1.63
    91129.629328 11.628357  0.000897 61.382587    -92.16   -102.47      1.79
    91138.941729 11.627730  0.000740 61.622838    -99.00     99.43     -1.15
    91148.254129 11.628705  0.000891 61.038769    -94.97    -79.87     -1.78
    91157.566529 11.628645  0.000850 61.820031   -101.61     89.38      2.17
    91166.878930 11.628377  0.000760 60.858057    -97.73   -115.95      2.60
    91176.191330 11.628969  0.000861 62.085756   -104.29     35.42     -0.47
    91185.503731 11.629591  0.000893 60.478365   -100.48    168.00     -3.64
    91194.816131 11.629347  0.000832 62.568554   -106.85    -68.01     -4.22
    91204.128532 11.629728  0.000892 59.991788   -103.40     33.72     -1.49
    91213.440932 11.629634  0.000814 62.921614   -109.26    134.45     -4.65
    91222.753333 11.629810  0.000834 59.757881   -106.42   -151.84      1.85
    91232.065733 11.630156  0.000868 63.026659   -111.69    -79.90      1.67
    91241.378133 11.630977  0.000916 59.639692   -109.39    -19.85     -3.08
    91250.690534 11.630433  0.000860 63.250654   -114.14     23.02      0.80
    91260.002934 11.631033  0.000898 59.318095   -112.37     50.59      3.17
    91269.315335 11.630370  0.000759 63.623736   -116.50     74.34      0.92
    91278.627735 11.631313  0.000905 59.015681   -115.52     80.99     -0.27
    91287.940136 11.630950  0.000796 63.756854   -118.74     71.80      4.25
    91297.252536 11.631053  0.000788 59.025227   -118.73     56.34      1.12
    91306.564937 11.631835  0.000900 63.674464   -121.03     28.09     -1.10
    91315.877337 11.632507  0.000927 59.057676   -121.80    -13.37     -3.17
    91325.189737 11.632165  0.000890 63.742029   -123.40    -70.01     -2.00
    91334.502138 11.632629  0.000920 58.912016   -124.93   -140.97      0.30
    91343.814538 11.632676  0.000879 63.864799   -125.63    142.95     -4.67
    91353.126939 11.632481  0.000858 58.919816   -128.19     46.72     -1.24
    91362.439339 11.632352  0.000791 63.694369   -127.85    -60.51     -1.35
    91371.751740 11.633486  0.000917 59.214846   -131.35    178.63      2.53
    91381.064140 11.633297  0.000907 63.373867   -130.18     49.26     -0.96
    91390.376541 11.632817  0.000768 59.455399   -134.39    -96.41      2.63
    91399.688941 11.633593  0.000879 63.228940   -132.56    110.88     -2.46
    91409.001341 11.633487  0.000846 59.558649   -137.46    -59.84      1.21
    91418.313742 11.633541  0.000792 63.084736   -134.90    122.85     -4.95
    91427.626142 11.634253  0.000902 59.886491   -140.56    -71.82     -1.50
    91436.938543 11.634175  0.000849 62.634143   -137.26     73.61      3.56
    91446.250943 11.634404  0.000838 60.432464   -143.51   -143.83      5.24
    91455.563344 11.634504  0.000868 62.129506   -139.81    -13.81      0.66
    91464.875744 11.634245  0.000765 60.805591   -146.29    105.60      0.06
    91474.188145 11.634965  0.000857 61.852602   -142.44   -157.43      3.85
    91483.500545 11.635148  0.000877 61.073367   -149.11    -61.15      1.33
    91492.812945 11.636001  0.000934 61.503799   -145.02     13.14      2.25
    91502.125346 11.635366  0.000840 61.590092   -151.89     87.21     -2.47
    91511.437746 11.635464  0.000829 60.902164   -147.73    135.41     -0.98
    91520.750147 11.636601  0.000937 62.172224   -154.44    178.21      0.41
    91530.062547 11.635877  0.000852 60.403609   -150.65   -156.25      0.16
    91539.374948 11.636626  0.000913 62.486648   -156.91   -139.78      2.03
    91548.687348 11.636175  0.000810 60.150161   -153.60   -140.69      3.81
    91557.999749 11.636612  0.000884 62.742449   -159.39   -142.64     -1.08
    91567.312149 11.637461  0.000936 59.809923   -156.55   -168.29      0.18
    91576.624549 11.637440  0.000922 63.196509   -161.79    159.66      0.53
    91585.936950 11.637064  0.000855 59.332426   -159.64    108.97      1.98
    91595.249350 11.637233  0.000822 63.581397   -164.03     48.22      5.29
    91604.561751 11.637750  0.000899 59.090332   -162.90    -21.28      1.67
    91613.874151 11.637690  0.000862 63.640936   -166.21   -105.98      2.81
    91623.186552 11.638589  0.000935 59.103824   -166.13    161.55     -2.10
    91632.498952 11.638065  0.000879 63.659298   -168.48     51.53     -0.92
    91641.811352 11.637693  0.000765 58.998669   -169.29    -71.39     -0.41
    91651.123753 11.639018  0.000933 63.836470   -170.70    155.56     -1.33
    91660.436153 11.638596  0.000865 58.863564   -172.60      8.52     -1.11
    91669.748554 11.639354  0.000914 63.822438   -172.80   -156.06      3.39
    91679.060954 11.638764  0.000822 59.076253   -175.94     34.73      2.06
    91688.373355 11.639493  0.000917 63.478557   -174.99   -148.78     -0.53
    91697.685755 11.639984  0.000924 59.439159   -179.10     12.62      3.03
    91706.998156 11.639609  0.000892 63.174874   -177.31    162.99      1.54
    91716.310556 11.639325  0.000799 59.646757    177.80    -54.85     -0.71
    91725.622956 11.639430  0.000777 62.993057   -179.62     66.60      1.54
    91734.935357 11.639952  0.000859 59.927538    174.67   -176.40      0.11
    91744.247757 11.639719  0.000761 62.585664    178.05    -78.65      0.10
    91753.560158 11.640643  0.000883 60.519159    171.65      9.60      3.34
    91762.872558 11.640781  0.000895 61.945224    175.57     83.40      1.80
    91772.184959 11.641116  0.000884 61.114775    168.87    156.49     -4.83
    91781.497359 11.640870  0.000852 61.452192    172.88   -162.07      1.53
    91790.809760 11.641459  0.000903 61.485541    166.18   -121.47      1.97
    91800.122160 11.640738  0.000745 61.100435    170.16    -96.68      0.13
    91809.434560 11.641763  0.000908 61.940258    163.49    -79.31     -0.82
    91818.746961 11.641254  0.000776 60.539624    167.39    -83.99      1.34
    91828.059361 11.641431  0.000775 62.597569    160.98    -88.94     -2.03
    91837.371762 11.642282  0.000906 59.900600    164.35   -117.60     -0.49
    91846.684162 11.642800  0.000914 63.064428    158.70   -155.08      2.87
    91855.996563 11.642922  0.000926 59.567277    161.17    155.96      0.85
    91865.308963 11.642657  0.000876 63.247552    156.43     95.37      1.57
    91874.621364 11.643323  0.000908 59.376115    158.01     17.78      3.63
    91883.933764 11.643258  0.000912 63.510796    154.17    -62.67     -0.77
    91893.246164 11.643641  0.000921 59.036767    154.78   -162.51     -1.34
    91902.558565 11.642811  0.000763 63.838585    152.05     86.77     -0.83
    91911.870965 11.643594  0.000881 58.826669    151.39    -39.94      1.52
    91921.183366 11.644350  0.000935 63.854736    150.01   -173.68     -1.19
    91930.495766 11.643752  0.000827 58.993816    147.97     33.81      3.34
    91939.808167 11.644349  0.000913 63.599775    147.91   -125.04     -0.06
    91949.120567 11.644056  0.000803 59.237868    144.71     57.29      5.10
    91958.432968 11.644239  0.000834 63.431598    145.69   -124.61     -0.21
    91967.745368 11.645074  0.000923 59.370017    141.47     37.86      0.09
    91977.057768 11.645546  0.000940 63.263785    143.51   -176.51      1.73
    91986.370169 11.645181  0.000900 59.721469    138.19    -37.04      1.18
    91995.682569 11.644879  0.000803 62.757233    141.29     82.23      3.09
    92004.994970 11.645683  0.000888 60.378624    135.11   -164.23      4.41
    92014.307370 11.645657  0.000894 62.084530    138.83    -64.91      1.14
    92023.619771 11.646318  0.000924 60.941268    132.28     23.56      2.40
    92032.932171 11.645878  0.000854 61.611139    136.21    100.69     -3.16
    92042.244572 11.645944  0.000854 61.354038    129.50    163.26     -1.00
    92051.556972 11.646645  0.000887 61.152022    133.54   -155.58      4.26
    92060.869372 11.646335  0.000852 61.960094    126.82   -109.61     -1.37
    92070.181773 11.646487  0.000834 60.448617    130.72    -92.79      2.96
    92079.494173 11.646452  0.000784 62.678604    124.39    -70.50     -3.93
    92088.806574 11.647252  0.000909 59.815962    127.63    -77.86      0.39
    92098.118974 11.646776  0.000788 63.103786    122.15    -90.42      2.47
    92107.431375 11.646901  0.000780 59.519195    124.38   -115.24      0.46
    92116.743775 11.647652  0.000893 63.326475    119.95   -149.59     -1.18
    92126.056175 11.648213  0.000902 59.265425    121.15    162.17     -4.39
    92135.368576 11.647864  0.000856 63.652992    117.77     99.22     -2.34
    92144.680976 11.648439  0.000910 58.922541    117.80     22.36     -1.47
    92153.993377 11.647891  0.000779 63.906418    115.77    -60.90     -4.81
    92163.305777 11.648365  0.000850 58.855023    114.26   -166.26      1.09
    92172.618178 11.648428  0.000823 63.756712    113.80     78.74      3.19
    92181.930578 11.649220  0.000896 59.157614    110.84    -37.49     -3.74
    92191.242979 11.648923  0.000868 63.412744    111.68   -179.45     -0.10
    92200.555379 11.649730  0.000916 59.446777    107.58     29.79      2.85
    92209.867779 11.649070  0.000815 63.173495    109.50   -132.52      1.89
    92219.180180 11.649852  0.000912 59.707703    104.30     57.53     -0.32
    92228.492580 11.649749  0.000836 62.809792    107.30   -136.95      5.16
    92237.804981 11.649731  0.000836 60.292415    101.13     31.04      1.27
    92247.117381 11.650285  0.000892 62.094095    104.95   -179.83     -2.59
    92256.429782 11.650480  0.000868 61.078340     98.24    -37.79     -4.93
    92265.742182 11.650647  0.000904 61.367143    102.32     78.81     -0.90
    92275.054583 11.651181  0.000929 61.655087     95.58   -166.76     -0.94
    92284.366983 11.650756  0.000836 60.870948     99.49    -67.27     -4.06
    92293.679383 11.650979  0.000876 62.145866     93.02     19.32     -1.20
    92302.991784 11.650558  0.000742 60.317281     96.60     88.00      1.46
    92312.304184 11.651823  0.000920 62.822424     90.59    154.28      0.12
    92321.616585 11.651820  0.000901 59.614314     93.47   -157.43     -1.54
    92330.928985 11.651369  0.000785 63.417792     88.45   -124.89      5.38
    92340.241386 11.651944  0.000875 59.174165     90.05    -94.43     -1.97
    92349.553786 11.651804  0.000816 63.621059     86.44    -84.77      1.71
    92358.866187 11.651784  0.000769 59.086924     86.62    -80.47     -3.17
    92368.178587 11.652621  0.000907 63.658579     84.38    -95.07     -0.58
    92377.490987 11.652675  0.000847 59.004418     83.22   -124.99      4.23
    92386.803388 11.652904  0.000869 63.764337     82.37   -161.43      3.56
    92396.115788 11.652835  0.000847 58.963530     79.70    152.92      0.13
    92405.428189 11.652570  0.000746 63.643780     80.43     89.13      0.80
    92414.740589 11.653314  0.000851 59.330362     76.21     15.21      2.31
    92424.052990 11.653288  0.000827 63.104112     78.38    -73.04      1.42
    92433.365390 11.654366  0.000920 59.971272     72.95   -170.56      2.53
    92442.677791 11.654055  0.000898 62.496706     76.09     79.03     -1.13
    92451.990191 11.653775  0.000804 60.496631     69.92    -40.26     -3.08
    92461.302591 11.654799  0.000918 62.020680     73.63    176.03      1.84
    92470.614992 11.654483  0.000880 61.044103     66.99     33.48     -1.24
    92479.927392 11.654788  0.000860 61.365870     71.09   -137.45      5.47
    92489.239793 11.654447  0.000800 61.871975     64.25     57.11      1.19
    92498.552193 11.655289  0.000908 60.496176     68.25   -131.15      0.30
    92507.864594 11.655497  0.000879 62.649436     61.89     29.27      4.97
    92517.176994 11.655365  0.000867 59.848467     65.06    179.44      1.96
    92526.489395 11.655351  0.000833 63.079868     59.70    -37.17     -2.13
    92535.801795 11.655109  0.000748 59.499799     61.78     85.09     -1.14
    92545.114195 11.655789  0.000864 63.403633     57.56   -161.76     -0.08
    92554.426596 11.655618  0.000775 59.128062     58.41    -61.34     -1.79
    92563.738996 11.656319  0.000857 63.780627     55.57     22.25      3.75
    92573.051397 11.656553  0.000890 58.830620     54.84     99.43      1.46
    92582.363797 11.657167  0.000910 63.876444     53.72    167.13     -3.18
    92591.676198 11.656600  0.000828 58.986044     51.21   -145.84      1.57
    92600.988598 11.657131  0.000889 63.519425     51.81   -109.61      2.32
    92610.300998 11.656574  0.000747 59.453527     47.75    -76.52     -2.80
    92619.613399 11.657565  0.000905 63.067560     49.71    -67.18     -0.21
    92628.925799 11.657064  0.000782 59.862185     44.49    -63.81     -0.14
    92638.238200 11.657401  0.000796 62.670342     47.50    -72.97     -4.04
    92647.550600 11.658127  0.000904 60.389231     41.29    -97.19     -0.35
    92656.863001 11.658363  0.000880 62.001047     45.18   -141.25      4.94
    92666.175401 11.658652  0.000905 61.265316     38.34    176.85      2.51
    92675.487802 11.658353  0.000854 61.069857     42.53    114.11      1.43
    92684.800202 11.658691  0.000843 62.113181     35.80     40.75      5.51
    92694.112602 11.659168  0.000918 60.337272     39.52    -41.57      0.17
    92703.425003 11.659319  0.000910 62.652912     33.47   -137.01      0.82
    92712.737403 11.658938  0.000804 59.848969     36.37    117.00     -4.90
    92722.049804 11.659319  0.000876 63.147304     31.26     -8.82      1.24
    92731.362204 11.659986  0.000909 59.308341     33.04   -145.92      2.06
    92740.674605 11.659219  0.000777 63.678257     29.27     71.30      0.15
    92749.987005 11.660066  0.000902 58.874308     29.46    -89.59      1.05
    92759.299406 11.659462  0.000749 63.882507     27.45    101.16     -0.47
    92768.611806 11.660218  0.000855 58.924739     25.77    -79.59     -2.67
    92777.924206 11.660503  0.000881 63.623429     25.61     78.91      1.98
    92787.236607 11.660445  0.000806 59.294243     22.22   -131.03      5.24
    92796.549007 11.660715  0.000862 63.258986     23.60     11.36      0.96
    92805.861408 11.660687  0.000816 59.647228     18.84    144.19     -2.88
    92815.173808 11.660596  0.000755 62.886915     21.49   -106.52      0.80
    92824.486209 11.661211  0.000856 60.184196     15.53     -0.80      0.34
    92833.798609 11.661008  0.000764 62.182340     19.27     84.36      2.37
    92843.111010 11.662229  0.000922 61.101798     12.50    167.14      1.18
    92852.423410 11.662125  0.000905 61.211938     16.68   -129.28     -0.21
    92861.735810 11.661500  0.000749 61.985043      9.92    -70.14     -2.66
    92871.048211 11.662615  0.000919 60.444174     13.70    -34.90      0.46
    92880.360611 11.662502  0.000880 62.570879      7.56     -0.87     -2.25
    92889.673012 11.663159  0.000912 59.899010     10.55      8.28      2.88
    92898.985412 11.662641  0.000859 63.128927      5.37     17.04      0.65
    92908.297813 11.663476  0.000920 59.299341      7.19      9.19     -1.68
    92917.610213 11.663744  0.000927 63.695709      3.42    -11.56      0.54
    92926.922614 11.663288  0.000867 58.862754      3.55    -46.28      1.55
    92936.235014 11.662925  0.000756 63.875141      1.65    -90.84      1.45
    92945.547414 11.663504  0.000828 58.950460     -0.20   -148.46      2.50
    92954.859815 11.663659  0.000843 63.583308     -0.15    144.23     -0.85
    92964.172215 11.663705  0.000784 59.355943     -3.77     58.03      5.08
    92973.484616 11.664434  0.000901 63.174857     -2.14    -33.37      0.85
    92982.797016 11.664865  0.000919 59.761293     -7.16   -138.56      1.53
    92992.109417 11.664153  0.000775 62.728823     -4.24    105.87     -3.69
    93001.421817 11.664764  0.000873 60.394002    -10.45    -27.23      1.29
    93010.734218 11.665579  0.000932 61.932640     -6.52   -171.83     -0.61
    93020.046618 11.665013  0.000832 61.382946    -13.38     31.30      4.40
    93029.359018 11.665496  0.000898 60.908683     -9.23   -134.77     -0.78
    93038.671419 11.665594  0.000850 62.281053    -15.85     42.46      5.09
    93047.983819 11.665411  0.000826 60.145669    -12.33   -148.94      1.63
    93057.296220 11.666010  0.000894 62.850930    -18.08     12.17     -1.78
    93066.608620 11.666576  0.000910 59.624321    -15.62    155.10     -3.51
    93075.921021 11.666416  0.000907 63.362636    -20.14    -74.63     -0.94
    93085.233421 11.666815  0.000911 59.096851    -19.13     39.38      2.02
    93094.545821 11.667083  0.000916 63.820542    -21.97    151.53     -2.49
    93103.858222 11.666925  0.000900 58.818682    -22.88   -116.21     -1.04
    93113.170622 11.666942  0.000845 63.823759    -23.67    -30.87     -4.95
    93122.483023 11.666952  0.000823 59.110280    -26.66     32.27      2.83
    93131.795423 11.667334  0.000878 63.339805    -25.48     88.93      1.69
    93141.107824 11.667474  0.000833 59.696723    -30.17    143.41     -5.59
    93150.420224 11.667780  0.000890 62.762290    -27.56    166.85      1.68
    93159.732625 11.668174  0.000907 60.268829    -33.43   -166.82     -1.75
    93169.045025 11.668479  0.000901 62.151417    -29.82   -166.79      3.95
    93178.357425 11.668051  0.000853 61.049987    -36.50   -164.21      0.55
    93187.669826 11.668871  0.000915 61.229658    -32.34    179.10     -2.41
    93196.982226 11.669124  0.000923 62.100026    -39.14    153.49     -1.65
    93206.294627 11.668845  0.000887 60.192611    -35.36    106.40      1.49
    93215.607027 11.668815  0.000823 62.937601    -41.32     52.71      4.96
    93224.919428 11.669394  0.000902 59.533808    -38.76    -11.60      2.12
    93234.231828 11.669270  0.000869 63.358732    -43.29    -87.04      1.72
    93243.544229 11.670176  0.000933 59.198911    -42.32   -177.24      1.14
    93252.856629 11.669671  0.000881 63.651631    -45.14     84.45     -1.45
    93262.169029 11.669659  0.000829 58.933542    -46.01    -28.52     -3.17
    93271.481430 11.670291  0.000885 63.811507    -46.87   -161.98      4.02
    93280.793830 11.670333  0.000895 59.009943    -49.82     65.48     -1.20
    93290.106231 11.669805  0.000761 63.461331    -48.59    -89.82      1.63
    93299.418631 11.670520  0.000848 59.668385    -53.48    115.11     -3.89
    93308.731032 11.670620  0.000858 62.657174    -50.57    -68.33      1.45
    93318.043432 11.670287  0.000743 60.530197    -56.71    111.36     -2.83
    93327.355833 11.671061  0.000862 61.839263    -52.96    -92.06     -1.90
    93336.668233 11.671560  0.000902 61.285703    -59.59     55.23      1.62
    93345.980633 11.672041  0.000918 61.076263    -55.62   -173.01      2.84
    93355.293034 11.671829  0.000902 62.146933    -62.21    -44.13      0.68
    93364.605434 11.671769  0.000841 60.138765    -58.62     60.64      4.10
    93373.917835 11.672623  0.000931 63.097855    -64.38    166.64      0.23
    93383.230235 11.672347  0.000901 59.282684    -62.12   -108.20     -0.31
    93392.542636 11.672495  0.000858 63.666345    -66.17    -27.51     -4.73
    93401.855036 11.672332  0.000830 58.975369    -65.90     26.91      2.74
    93411.167437 11.672812  0.000892 63.696993    -67.88     78.37      1.64
    93420.479837 11.672528  0.000785 59.078170    -69.66    123.42     -4.88
    93429.792237 11.673276  0.000905 63.534441    -69.64    142.96      0.81
    93439.104638 11.673162  0.000843 59.297839    -73.35    161.60     -3.06
    93448.417038 11.673997  0.000924 63.206979    -71.47    160.24     -1.79
    93457.729439 11.673569  0.000871 59.876585    -76.92    148.66      1.37
    93467.041839 11.673347  0.000777 62.412208    -73.50    127.54     -3.45
    93476.354240 11.673620  0.000795 60.924958    -80.12     95.45     -3.04
    93485.666640 11.674350  0.000901 61.305092    -75.98     42.25     -0.72
    93494.979041 11.674867  0.000916 61.962728    -82.74    -11.30     -3.48
    93504.291441 11.674467  0.000857 60.392321    -78.99    -87.02     -2.23
    93513.603841 11.674863  0.000895 62.690897    -85.00   -168.98     -1.82
    93522.916242 11.674176  0.000733 59.735033    -82.30     92.18     -1.22
    93532.228642 11.675130  0.000886 63.319998    -87.03    -16.72      1.41
    93541.541043 11.675600  0.000903 59.117577    -85.89   -140.05      2.46
    93550.853443 11.674877  0.000769 63.821385    -88.74     93.24     -2.26
    93560.165844 11.675642  0.000883 58.820294    -89.80    -55.69      1.45
    93569.478244 11.675869  0.000859 63.791761    -90.31    152.75     -4.67
    93578.790644 11.676407  0.000921 59.189537    -93.68    -20.58      0.93
    93588.103045 11.675948  0.000849 63.181249    -92.06    157.78     -0.95
    93597.415445 11.676483  0.000860 59.932092    -97.23    -29.58     -4.84
    93606.727846 11.676717  0.000905 62.423908    -94.13    118.06     -0.74
    93616.040246 11.676668  0.000861 60.680692   -100.43   -100.77      2.67
    93625.352647 11.677011  0.000862 61.644500    -96.53     24.26      4.70
    93634.665047 11.677047  0.000880 61.610307   -103.27    148.51      1.22
    93643.977448 11.676986  0.000813 60.611620    -99.31   -112.59      4.42
    93653.289848 11.677943  0.000923 62.718067   -105.64    -12.12      0.56
    93662.602248 11.677757  0.000901 59.580119   -102.65     66.61      0.14
    93671.914649 11.677686  0.000827 63.487621   -107.49    143.30     -5.52
    93681.227049 11.677937  0.000861 59.076353   -106.44   -169.45      2.90
    93690.539450 11.678313  0.000902 63.684881   -109.15   -122.76      1.29
    93699.851850 11.677538  0.000726 59.049879   -110.27    -87.75     -1.15
    93709.164251 11.678636  0.000902 63.605383   -110.84    -68.11     -0.84
    93718.476651 11.678187  0.000788 59.211013   -114.07    -59.69     -0.34
    93727.789052 11.678666  0.000825 63.306931   -112.55    -60.50     -4.87
    93737.101452 11.679190  0.000904 59.758640   -117.77    -79.49      0.07
    93746.413852 11.678943  0.000807 62.514595   -114.49   -115.18      4.51
    93755.726253 11.679218  0.000829 60.831905   -121.03   -151.35      3.58
    93765.038653 11.679332  0.000844 61.336622   -116.92    156.80     -0.79
    93774.351054 11.679088  0.000743 61.965121   -123.69     94.59     -0.14
    93783.663454 11.679746  0.000850 60.329033   -119.94     12.86      1.83
    93792.975855 11.679821  0.000829 62.761562   -125.90    -73.40      1.34
    93802.288255 11.680896  0.000927 59.644706   -123.35   -177.05      1.71
    93811.600656 11.680464  0.000883 63.377741   -127.81     74.17     -1.09
    93820.913056 11.680156  0.000781 59.073346   -127.04    -51.26     -2.72
    93830.225456 11.681394  0.000931 63.837409   -129.45    168.95      0.37
    93839.537857 11.680950  0.000866 58.851644   -131.03     20.71     -1.33
    93848.850257 11.681535  0.000890 63.715511   -130.95   -147.82      4.31
    93858.162658 11.681015  0.000804 59.359528   -134.98     42.21      2.05
    93867.475058 11.681788  0.000910 62.951007   -132.69   -144.18     -0.35
    93876.787459 11.682271  0.000916 60.274506   -138.44     16.32      3.50
    93886.099859 11.681928  0.000886 62.013373   -134.89    164.81      1.71
    93895.412260 11.681685  0.000805 61.172730   -141.47    -52.72     -0.70
    93904.724660 11.681650  0.000758 61.110930   -137.49     67.17      1.79
    93914.037060 11.682235  0.000857 62.135962   -144.07   -175.56      0.55
    93923.349461 11.682034  0.000759 60.085468   -140.56    -77.61      0.44
    93932.661861 11.682943  0.000881 63.165405   -146.14     11.06      3.40
    93941.974262 11.683065  0.000893 59.166143   -144.20     87.34      1.55
    93951.286662 11.683474  0.000889 63.781041   -147.77    159.17     -4.39
    93960.599063 11.683108  0.000831 58.886134   -148.21   -154.80      1.71
    93969.911463 11.683623  0.000888 63.702370   -149.26   -115.43      2.09
    93979.223864 11.682972  0.000736 59.221819   -152.15    -82.18     -1.82
    93988.536264 11.684002  0.000904 63.240556   -150.94    -69.16     -0.25
    93997.848664 11.683485  0.000777 59.774661   -155.82    -62.97     -0.72
    94007.161065 11.683911  0.000804 62.604307   -152.88    -69.98     -4.04
    94016.473465 11.684568  0.000904 60.613533   -159.19    -91.58     -0.01
    94025.785866 11.684565  0.000839 61.581821   -155.17   -132.56      5.25
    94035.098266 11.684894  0.000881 61.848786   -162.01   -171.67      3.39
    94044.410667 11.684708  0.000837 60.309244   -158.10    131.30      0.32
    94053.723067 11.684640  0.000772 62.958752   -164.14     60.86      4.89
    94063.035467 11.685455  0.000891 59.412750   -161.68    -19.09      1.91
    94072.347868 11.685489  0.000872 63.508112   -165.88   -111.52      2.70
    94081.660268 11.686085  0.000899 59.078626   -165.54    148.86     -3.41
    94090.972669 11.685676  0.000863 63.661163   -167.46     29.14     -0.59
    94100.285069 11.685688  0.000805 59.051289   -169.49   -104.42      3.87
    94109.597470 11.686181  0.000856 63.533603   -169.02    120.96     -3.57
    94118.909870 11.686146  0.000849 59.432074   -173.39    -35.43      0.86
    94128.222271 11.686884  0.000892 62.877686   -170.74    161.73     -4.24
    94137.534671 11.686999  0.000906 60.452158   -176.92    -18.43      1.35
    94146.847071 11.686648  0.000831 61.675970   -172.94    151.61     -1.99
    94156.159472 11.686979  0.000823 61.727302   -179.77    -43.18     -5.63
    94165.471872 11.687391  0.000893 60.488287   -175.85     95.24     -1.04
    94174.784273 11.687679  0.000893 62.687667    178.01   -132.00      2.66
    94184.096673 11.688259  0.000929 59.687022   -179.30    -10.10      0.60
    94193.409074 11.687917  0.000899 63.342716    176.14    101.74      0.30
    94202.721474 11.688602  0.000926 59.110270    176.94   -162.61      0.94
    94212.033875 11.687977  0.000835 63.788687    174.58    -71.67     -3.43
    94221.346275 11.688229  0.000855 58.883616    172.86     -0.30     -1.37
    94230.658675 11.688199  0.000795 63.666409    173.16     53.54      5.34
    94239.971076 11.688812  0.000888 59.430394    168.84    112.55     -2.33
    94249.283476 11.688596  0.000830 62.797342    171.47    146.92     -2.16
    94258.595877 11.689677  0.000926 60.529378    165.36    173.13     -0.09
    94267.908277 11.689019  0.000855 61.649467    169.21   -177.58      0.66
    94277.220678 11.689793  0.000914 61.606730    162.52   -171.31     -1.66
    94286.533078 11.690023  0.000911 60.633168    166.35    171.76      1.56
    94295.845479 11.689593  0.000860 62.570482    160.20    152.21      0.61
    94305.157879 11.689371  0.000757 59.693973    162.99    118.50     -3.33
    94314.470279 11.689724  0.000809 63.461599    158.36     70.78     -0.59
    94323.782680 11.690418  0.000886 58.946842    159.11     11.55     -2.25
    94333.095080 11.690052  0.000778 63.895765    156.93    -56.34     -5.05
    94342.407481 11.690403  0.000831 58.917862    154.91   -144.38      0.11
    94351.719881 11.690351  0.000789 63.512618    155.53    119.47     -0.74
    94361.032282 11.691504  0.000906 59.655091    150.98      9.75      3.65
    94370.344682 11.691285  0.000897 62.604083    153.73   -107.87     -0.84
    94379.657083 11.690849  0.000771 60.628781    147.60    125.07     -2.82
    94388.969483 11.692012  0.000921 61.615966    151.41    -24.09     -0.08
    94398.281883 11.691562  0.000860 61.652183    144.73   -175.98     -1.10
    94407.594284 11.692507  0.000926 60.522427    148.56     10.43      1.62
    94416.906684 11.691992  0.000861 62.812540    142.49   -167.48      2.66
    94426.219085 11.692342  0.000875 59.399650    145.04      3.13     -2.56
    94435.531485 11.692980  0.000914 63.692401    140.86    161.18     -2.67
    94444.843886 11.692802  0.000903 58.853459    140.96    -58.92      0.57
    94454.156286 11.692627  0.000835 63.784075    139.50     69.88      3.46
    94463.468687 11.693288  0.000885 59.145964    136.81   -169.27      3.66
    94472.781087 11.693108  0.000879 63.231013    138.00    -60.59      1.12
    94482.093487 11.693737  0.000897 59.871568    133.02     34.76      3.60
    94491.405888 11.693644  0.000882 62.416407    136.09    122.36     -2.50
    94500.718288 11.693724  0.000880 60.817438    129.71   -164.08     -1.74
    94510.030689 11.693261  0.000750 61.354234    133.70   -113.41      4.24
    94519.343089 11.694255  0.000903 62.067054    126.99    -56.93     -1.28
    94528.655490 11.694103  0.000842 60.052812    130.62    -22.52     -3.41
    94537.967890 11.695057  0.000931 63.259986    125.04     -0.85      1.29
    94547.280290 11.694376  0.000847 59.098237    126.77      9.88      0.22
    94556.592691 11.695287  0.000926 63.773868    123.60     10.96     -0.50
    94565.905091 11.695394  0.000910 58.967348    122.61     -4.44      2.55
    94575.217492 11.694924  0.000857 63.559963    122.19    -27.59      0.35
    94584.529892 11.694734  0.000764 59.404458    118.59    -58.60     -3.88
    94593.842293 11.695153  0.000826 62.974478    120.58   -111.81     -0.96
    94603.154693 11.695694  0.000881 60.156021    114.91   -169.18     -2.02
    94612.467094 11.695428  0.000782 62.035192    118.55    117.89     -4.47
    94621.779494 11.695745  0.000840 61.363513    111.81     31.79      0.20
    94631.091894 11.695681  0.000779 60.689065    115.86    -68.55      0.32
    94640.404295 11.696820  0.000909 62.737160    109.50   -176.07      2.43
    94649.716695 11.696621  0.000895 59.474666    112.35     63.85     -0.86
    94659.029096 11.696092  0.000755 63.577463    107.87    -66.34     -1.69
    94668.341496 11.697329  0.000913 58.995969    108.25    147.34     -0.77
    94677.653897 11.696946  0.000862 63.682537    106.50     -8.79     -1.47
    94686.966297 11.697995  0.000940 59.161313    104.13   -178.09     -0.23
    94696.278698 11.697455  0.000880 63.325472    105.01     -2.26      2.07
    94705.591098 11.697560  0.000856 59.723085    100.23    171.42     -2.72
    94714.903498 11.698073  0.000883 62.545885    103.25    -33.89     -4.48
    94724.215899 11.698123  0.000900 60.814703     96.78    108.41     -0.57
    94733.528299 11.698205  0.000859 61.244531    100.90   -128.47      3.99
    94742.840700 11.698792  0.000915 62.254162     94.17     -3.77      2.02
    94752.153100 11.698582  0.000890 59.860002     97.66    101.13      1.22
    94761.465501 11.699205  0.000918 63.328624     92.36   -161.85      1.68
    94770.777901 11.698811  0.000860 59.109112     93.72    -75.48     -2.77
    94780.090302 11.698954  0.000866 63.670400     90.93     -4.72     -1.81
    94789.402702 11.698964  0.000806 59.058711     89.55     47.55      5.35
    94798.715102 11.699455  0.000894 63.491345     89.55    100.76     -1.30
    94808.027503 11.699123  0.000801 59.451914     85.51    137.99     -2.02
    94817.339903 11.700241  0.000916 62.873357     87.93    159.03     -1.70
    94826.652304 11.699712  0.000853 60.416791     81.86    170.39      0.86
    94835.964704 11.700457  0.000901 61.652615     85.81    170.87     -3.67
    94845.277105 11.700734  0.000917 61.877855     78.98    158.45     -0.39
    94854.589505 11.700247  0.000844 60.189021     82.82    128.97      1.00
    94863.901906 11.699868  0.000729 63.115059     77.00     96.44     -0.46
    94873.214306 11.700403  0.000812 59.249063     78.98     44.97      0.63
    94882.526706 11.700929  0.000864 63.637683     75.54    -11.76     -2.40
    94891.839107 11.700394  0.000729 59.037922     74.83    -85.08     -1.80
    94901.151507 11.701184  0.000860 63.578984     74.17   -172.81      0.98
    94910.463908 11.701083  0.000793 59.321090     70.70     89.89      2.67
    94919.776308 11.702210  0.000923 63.047442     72.67    -17.44     -0.13
    94929.088709 11.701863  0.000879 60.178842     66.89   -134.23     -1.42
    94938.401109 11.701434  0.000752 61.902906     70.69     86.68      2.01
    94947.713510 11.702453  0.000892 61.613881     63.87    -49.80     -2.42
    94957.025910 11.702122  0.000834 60.397690     67.85    148.73     -0.89
    94966.338310 11.703071  0.000911 62.965456     61.77    -14.43     -3.20
    94975.650711 11.702864  0.000888 59.317315     64.11    158.26      1.73
    94984.963111 11.702718  0.000833 63.609636     60.28    -28.48     -2.72
    94994.275512 11.703005  0.000826 59.028303     59.92    129.26     -4.99
    95003.587912 11.703369  0.000896 63.597853     58.97    -91.84     -0.43
    95012.900313 11.703873  0.000902 59.282164     55.76     37.48      2.95
    95022.212713 11.704106  0.000919 63.115053     57.49    159.09     -0.25
    95031.525113 11.703937  0.000893 60.093137     51.90    -91.78      0.74
    95040.837514 11.704666  0.000931 62.015879     55.58      2.33     -0.41
    95050.149914 11.703941  0.000829 61.514538     48.77     91.92     -2.54
    95059.462315 11.704167  0.000838 60.491243     52.81    160.01     -2.18
    95068.774715 11.704508  0.000840 62.923209     46.65   -144.86      5.81
    95078.087116 11.704729  0.000882 59.331530     49.07    -91.35     -1.72
    95087.399516 11.704456  0.000800 63.626739     45.17    -54.20     -1.50
    95096.711917 11.705548  0.000910 59.001715     44.86    -29.40     -2.31
    95106.024317 11.705083  0.000865 63.595507     43.89    -20.59      0.80
    95115.336717 11.705634  0.000878 59.304367     40.66    -14.48     -3.97
    95124.649118 11.705937  0.000911 63.054365     42.44    -31.07     -0.48
    95133.961518 11.705532  0.000846 60.135389     36.82    -54.22      1.34
    95143.273919 11.705236  0.000733 61.966731     40.50    -91.74      0.49
    95152.586319 11.705803  0.000825 61.537424     33.72   -135.88      0.61
    95161.898720 11.706218  0.000853 60.448906     37.71    165.18     -3.34
    95171.211120 11.705779  0.000738 62.985669     31.61     95.14     -1.51
    95180.523521 11.706440  0.000845 59.255387     33.92      8.05      0.18
    95189.835921 11.706269  0.000771 63.700094     30.22    -87.95      2.18
    95199.148321 11.707588  0.000923 58.981614     29.61    166.38      0.72
    95208.460722 11.707257  0.000895 63.569636     28.98     48.31     -0.87
    95217.773122 11.706596  0.000728 59.415115     25.42    -82.39      0.18
    95227.085523 11.707802  0.000904 62.912330     27.48    134.71     -1.47
    95236.397923 11.707467  0.000840 60.319374     21.66    -17.84     -1.43
    95245.710324 11.708530  0.000931 61.774369     25.44    172.13     -0.96
    95255.022724 11.708036  0.000874 61.723156     18.67     -6.23      2.07
    95264.335125 11.708237  0.000853 60.269113     22.52    165.29     -3.43
    95273.647525 11.708756  0.000889 63.135873     16.69    -33.88     -3.76
    95282.959925 11.708733  0.000899 59.116195     18.61    105.23      0.69
    95292.272326 11.708687  0.000838 63.781143     15.40   -123.72      4.26
    95301.584726 11.709239  0.000889 58.953267     14.21     -0.28      2.88
    95310.897127 11.709000  0.000865 63.487655     14.21    110.04      1.34
    95320.209527 11.709744  0.000896 59.596550     10.04   -152.70      3.76
    95329.521928 11.709617  0.000890 62.629520     12.62    -63.46     -1.49
    95338.834328 11.709826  0.000891 60.652376      6.47     13.68     -2.02
    95348.146729 11.709178  0.000744 61.433647     10.36     67.98      3.06
    95357.459129 11.710174  0.000902 62.039486      3.71    124.41      0.11
    95366.771529 11.710291  0.000866 59.994000      7.23    164.01     -4.25
    95376.083930 11.710789  0.000904 63.368334      1.90   -174.13      3.11
    95385.396330 11.710427  0.000858 58.957354      3.12   -156.82     -1.29
    95394.708731 11.711240  0.000917 63.863901      0.74   -157.64      2.78
    95404.021131 11.710908  0.000854 59.011072     -1.36   -166.94      3.68
    95413.333532 11.710971  0.000861 63.314652     -0.46    175.58     -1.58
    95422.645932 11.711365  0.000858 59.923657     -5.41    148.57     -5.26
    95431.958333 11.711483  0.000884 62.208729     -2.22     97.60     -1.69
    95441.270733 11.711915  0.000910 61.131116     -8.72     40.94      0.89
    95450.583133 11.712241  0.000906 60.927328     -4.79    -26.95     -2.68
    95459.895534 11.711984  0.000888 62.465764    -11.14   -106.06     -1.24
    95469.207934 11.712241  0.000858 59.623353     -8.26    161.89     -4.35
    95478.520335 11.711833  0.000785 63.589131    -12.70     53.21      2.21
    95487.832735 11.712365  0.000860 58.840440    -12.54    -63.80      1.85
    95497.145136 11.713219  0.000916 63.835164    -13.77    172.55     -2.63
    95506.457536 11.712592  0.000822 59.190894    -17.04     29.28      2.08
    95515.769936 11.713223  0.000899 62.990560    -15.04   -124.69      1.85
    95525.082337 11.712500  0.000735 60.421624    -20.88     73.39      2.90
    95534.394737 11.713364  0.000875 61.621760    -17.12   -100.93     -1.33
    95543.707138 11.713442  0.000842 61.782232    -23.76     69.59      3.46
    95553.019538 11.713241  0.000775 60.328795    -20.13   -133.02      4.12
    95562.331939 11.713720  0.000859 62.961410    -25.78     23.02     -0.76
    95571.644339 11.714323  0.000877 59.277927    -23.96    161.61     -4.47
    95580.956740 11.714045  0.000832 63.747937    -27.11    -72.71     -3.72
    95590.269140 11.714568  0.000893 58.861662    -28.42     37.71     -1.32
    95599.581540 11.714568  0.000838 63.623879    -28.16    142.34     -5.51
    95608.893941 11.714434  0.000815 59.590658    -32.77   -131.54     -0.10
    95618.206341 11.714542  0.000807 62.434884    -29.68    -56.67     -0.42
    95627.518742 11.715615  0.000906 61.103436    -36.22      9.08      2.84
    95636.831142 11.715290  0.000879 60.867840    -32.19     63.78     -1.26
    95646.143543 11.714951  0.000775 62.509980    -38.60    106.63      0.57
    95655.455943 11.715975  0.000893 59.670350    -35.74    138.29     -3.09
    95664.768344 11.715645  0.000856 63.407911    -40.16    154.83      0.17
    95674.080744 11.716384  0.000887 59.046756    -39.95    164.72     -4.27
    95683.393144 11.716504  0.000911 63.705647    -41.33    154.97      0.34
    95692.705545 11.715996  0.000819 59.156639    -44.38    138.99     -0.35
    95702.017945 11.715909  0.000746 63.137575    -42.55    111.77     -3.99
    95711.330346 11.716544  0.000845 60.271253    -48.40     71.31     -1.79
    95720.642746 11.717281  0.000909 61.666509    -44.48     14.31     -1.15
    95729.955147 11.717169  0.000857 61.963157    -51.30    -42.60     -5.42
    95739.267547 11.717190  0.000872 60.034159    -47.61   -126.45     -1.26
    95748.579948 11.717355  0.000840 63.242952    -53.08    150.74     -4.61
    95757.892348 11.717149  0.000793 59.137902    -51.71     41.72      2.90
    95767.204748 11.717683  0.000869 63.652465    -54.29    -68.25      1.21
    95776.517149 11.718523  0.000917 59.105687    -56.13    171.70     -2.35
    95785.829549 11.717859  0.000836 63.330783    -55.45     31.08      1.53
    95795.141950 11.718481  0.000891 59.788361    -60.33   -114.97      1.68
    95804.454350 11.717795  0.000738 62.305942    -57.09     85.13     -0.35
    95813.766751 11.718779  0.000896 61.203800    -63.72    -82.25     -1.15
    95823.079151 11.718384  0.000786 60.693443    -59.68     86.83      3.13
    95832.391552 11.718382  0.000756 62.847690    -65.94   -101.82      0.06
    95841.703952 11.719229  0.000885 59.272511    -63.46     50.15     -1.19
    95851.016352 11.719992  0.000929 63.756878    -67.20   -168.55      0.22
    95860.328753 11.719896  0.000905 58.920922    -68.00    -37.82     -0.95
    95869.641153 11.719746  0.000880 63.534005    -68.22     76.29      1.63
    95878.953554 11.720606  0.000931 59.609333    -72.35   -175.19      0.80
    95888.265954 11.720099  0.000879 62.547391    -69.72    -80.86     -1.66
    95897.578355 11.720396  0.000883 60.820881    -75.94      4.65     -2.40
    95906.890755 11.719728  0.000743 61.197679    -72.04     67.65      2.22
    95916.203156 11.720688  0.000896 62.287367    -78.55    130.63      0.81
    95925.515556 11.721187  0.000905 59.734985    -75.43    178.01     -2.67
    95934.827956 11.720778  0.000829 63.549150    -80.08   -151.56      4.17
    95944.140357 11.721232  0.000893 58.839880    -79.82   -124.55     -0.91
    95953.452757 11.720891  0.000784 63.825548    -81.04   -119.04      4.84
    95962.765158 11.721083  0.000807 59.225993    -84.41   -111.69     -1.51
    95972.077558 11.721886  0.000903 62.877379    -82.25   -128.95      1.00
    95981.389959 11.722075  0.000875 60.593980    -88.27   -153.87      4.78
    95990.702359 11.721851  0.000859 61.361167    -84.39    170.66      1.28
    96000.014759 11.721709  0.000790 62.075960    -90.99    128.52     -1.50
    96009.327160 11.721725  0.000754 60.006018    -87.65     63.19      1.88
    96018.639560 11.722331  0.000856 63.226159    -92.72     -4.34      0.11
    96027.951961 11.721987  0.000740 59.098217    -91.80    -90.89      2.06
    96037.264361 11.723200  0.000905 63.770958    -93.83    175.03      1.98
    96046.576762 11.723202  0.000893 59.036154    -96.38     69.88      0.78
    96055.889162 11.723017  0.000812 63.257628    -94.89    -43.32     -6.12
    96065.201563 11.723397  0.000868 60.178197   -100.57   -179.63      2.61
    96074.513963 11.723889  0.000904 61.715913    -96.72     36.56      0.80
    96083.826363 11.723122  0.000744 61.932929   -103.51   -116.54      3.47
    96093.138764 11.723967  0.000885 60.032882    -99.85     79.49     -1.28
    96102.451164 11.723727  0.000799 63.238855   -105.26   -100.50      3.34
    96111.763565 11.723632  0.000759 59.126270   -104.02     72.61     -0.22
    96121.075965 11.724510  0.000892 63.645060   -106.37   -127.46     -0.86
    96130.388366 11.725220  0.000917 59.142101   -108.55     17.72      1.53
    96139.700766 11.725083  0.000906 63.222103   -107.48    152.89      0.58
    96149.013167 11.724876  0.000858 59.989754   -112.74    -82.96      1.94
    96158.325567 11.725438  0.000876 62.013905   -109.20     23.55      4.47
    96167.637967 11.725518  0.000900 61.581160   -115.93    131.18      0.09
    96176.950368 11.725884  0.000909 60.287178   -112.07   -145.19      1.23
    96186.262768 11.725398  0.000800 63.203999   -117.84    -59.87     -4.72
    96195.575169 11.725655  0.000845 59.018019   -116.21     -1.97      0.14
    96204.887569 11.726103  0.000858 63.831156   -118.85     46.72      4.91
    96214.199970 11.725780  0.000790 59.048959   -120.91     97.05     -3.52
    96223.512370 11.726184  0.000850 63.220418   -119.87    120.18      0.95
    96232.824771 11.726514  0.000831 60.107816   -125.08    146.77     -5.74
    96242.137171 11.726994  0.000908 61.916064   -121.65    144.13      0.09
    96251.449571 11.726575  0.000822 61.547730   -128.24    142.17     -1.22
    96260.761972 11.726886  0.000808 60.430240   -124.50    125.81     -5.37
    96270.074372 11.727320  0.000889 62.976547   -130.25     94.90     -1.36
    96279.386773 11.727624  0.000877 59.178494   -128.50     47.09      3.01
    96288.699173 11.728097  0.000918 63.815747   -131.34     -3.47      1.78
    96298.011574 11.727805  0.000882 58.898067   -133.20    -67.69      1.31
    96307.323974 11.728304  0.000891 63.410889   -132.26   -148.29      3.87
    96316.636375 11.728362  0.000890 59.994779   -137.55    131.99     -2.09
    96325.948775 11.728471  0.000899 61.881253   -133.92     27.66     -1.18
    96335.261175 11.727771  0.000730 61.740431   -140.66    -81.02     -1.05
    96344.573576 11.728793  0.000888 60.204281   -136.92    150.15      1.30
    96353.885976 11.729156  0.000912 63.090749   -142.50     19.24     -0.99
    96363.198377 11.728627  0.000788 59.218478   -141.04   -135.22      5.02
    96372.510777 11.729195  0.000883 63.641744   -143.61     72.49     -0.88
    96381.823178 11.728893  0.000780 59.096701   -145.62   -102.57      3.74
    96391.135578 11.728971  0.000768 63.300569   -144.64     78.91     -1.09
    96400.447979 11.729875  0.000898 59.977212   -149.92   -113.96     -0.28
    96409.760379 11.730118  0.000872 61.962707   -146.30     31.75      5.21
    96419.072779 11.730160  0.000880 61.724695   -153.09   -179.93      2.75
    96428.385180 11.729900  0.000813 60.122808   -149.28    -49.92     -0.04
    96437.697580 11.729733  0.000740 63.320094   -154.83     68.22      3.43
    96447.009981 11.730477  0.000856 58.967776   -153.59    175.58      1.79
    96456.322381 11.730348  0.000799 63.770812   -155.76    -89.39      2.38
    96465.634782 11.731479  0.000918 59.166672   -158.30     -4.01      1.77
    96474.947182 11.731210  0.000898 63.024699   -156.81     68.55     -0.67
    96484.259582 11.730846  0.000785 60.328047   -162.39    134.57     -4.09
    96493.571983 11.731664  0.000887 61.633603   -158.72    174.10      2.24
    96502.884383 11.731747  0.000893 61.857424   -165.33   -143.03     -1.09
    96512.196784 11.731463  0.000790 60.093197   -161.86   -127.52      5.65
    96521.509184 11.731741  0.000837 63.281912   -167.04   -104.44     -1.63
    96530.821585 11.732118  0.000856 58.970720   -166.15   -109.26      3.06
    96540.133985 11.731742  0.000755 63.850654   -167.94   -119.83      4.06
    96549.446386 11.732347  0.000848 59.105053   -170.95   -135.41     -1.26
    96558.758786 11.733204  0.000918 63.008305   -168.93   -171.36     -1.16
    96568.071186 11.733256  0.000903 60.590592   -175.00    148.33     -3.01
    96577.383587 11.733157  0.000891 61.234746   -171.02     84.17      0.68
    96586.695987 11.733769  0.000920 62.350228   -177.60     17.13      2.00
    96596.008388 11.733548  0.000882 59.694396   -174.54    -61.17     -2.48
    96605.320788 11.733687  0.000895 63.433004   -179.04   -153.19     -1.13
    96614.633189 11.733021  0.000733 59.047489   -179.00    103.86     -2.71
    96623.945589 11.733937  0.000881 63.582770   -179.97    -16.21      1.64
    96633.257990 11.734461  0.000909 59.394821    176.38   -141.87      1.01
    96642.570390 11.733621  0.000751 62.728580    178.84     78.09      0.09
    96651.882790 11.734556  0.000897 60.779795    172.54    -70.21      0.45
    96661.195191 11.734126  0.000774 61.022032    176.58    128.05     -3.67
    96670.507591 11.735036  0.000890 62.637180    170.12    -43.46     -2.96
    96679.819992 11.734745  0.000840 59.342622    172.83    123.47      1.50
    96689.132392 11.734448  0.000738 63.774718    168.98    -68.26     -2.79
    96698.444793 11.735049  0.000829 58.881630    168.05     81.79     -2.11
    96707.757193 11.735799  0.000908 63.483124    168.19   -143.02      0.47
    96717.069594 11.736291  0.000921 59.832794    163.53    -11.40     -1.60
    96726.381994 11.735951  0.000892 62.130844    166.70    100.54     -0.57
    96735.694394 11.736451  0.000913 61.397117    160.18   -153.97      0.63
    96745.006795 11.736096  0.000832 60.534300    163.95    -59.18     -4.59
    96754.319195 11.736183  0.000857 62.885169    158.12     19.94     -0.71
    96763.631596 11.735833  0.000738 59.261451    159.94     83.38      2.71
    96772.943996 11.737070  0.000914 63.746585    157.07    145.68     -1.19
    96782.256397 11.736873  0.000868 58.947996    155.14   -168.06     -1.96
    96791.568797 11.737053  0.000835 63.349464    156.24   -142.95      5.39
    96800.881198 11.736982  0.000833 60.098608    150.74   -111.25     -1.60
    96810.193598 11.737345  0.000851 61.688812    154.54   -109.24      3.35
    96819.505998 11.736902  0.000739 62.034892    147.78   -104.75      1.08
    96828.818399 11.737730  0.000877 59.843211    151.30   -118.31     -1.30
    96838.130799 11.738268  0.000901 63.423089    146.26   -145.08      2.79
    96847.443200 11.738452  0.000893 58.999664    146.78    178.06      2.60
    96856.755600 11.738063  0.000852 63.612335    145.43    131.46      0.94
    96866.068001 11.737912  0.000759 59.404038    142.08     69.64      4.28
    96875.380401 11.738665  0.000875 62.735905    144.28     -1.55      2.30
    96884.692802 11.738600  0.000839 60.710476    138.19    -81.80      1.95
    96894.005202 11.739621  0.000929 61.160520    142.08   -178.59      1.15
    96903.317602 11.739065  0.000861 62.459869    135.64     80.77     -1.51
    96912.630003 11.738994  0.000803 59.488505    138.44    -38.11     -3.47
    96921.942403 11.739927  0.000906 63.741665    134.46   -172.63      3.25
    96931.254804 11.739628  0.000868 58.816967    133.63     50.27     -1.47
    96940.567204 11.739374  0.000775 63.583446    133.77   -109.12      3.85
    96949.879605 11.739647  0.000800 59.790479    128.98     95.99     -3.58
    96959.192005 11.740192  0.000875 62.050287    132.34    -88.86      1.75
    96968.504405 11.739656  0.000730 61.616110    125.68     86.85      1.22
    96977.816806 11.740265  0.000833 60.250907    129.44   -113.03     -1.45
    96987.129206 11.740976  0.000904 63.088582    123.86     36.21      0.10
    96996.441607 11.741524  0.000920 59.171174    125.18    171.99      0.03
    97005.754007 11.741151  0.000895 63.639549    122.93    -62.58      0.43
    97015.066408 11.741454  0.000877 59.168323    120.41     48.57      3.41
    97024.378808 11.741827  0.000907 63.069838    121.98    153.87     -1.22
    97033.691209 11.741739  0.000896 60.359222    116.20   -114.11     -0.49
    97043.003609 11.741687  0.000825 61.441764    120.09    -33.32     -5.73
    97052.316009 11.741683  0.000826 62.296658    113.43     28.42      3.01
    97061.628410 11.742056  0.000860 59.575535    116.59     81.17      2.62
    97070.940810 11.742109  0.000813 63.702601    112.19    135.73     -6.16
    97080.253211 11.742546  0.000877 58.838491    111.78    159.39      1.88
    97089.565611 11.742909  0.000893 63.586537    111.53   -176.96     -2.27
    97098.878012 11.743269  0.000904 59.731675    107.08   -171.78      3.56
    97108.190412 11.742743  0.000848 62.173443    110.17   -173.64     -0.14
    97117.502813 11.743512  0.000895 61.422372    103.65    177.39     -2.74
    97126.815213 11.743754  0.000915 60.447243    107.41    147.10     -1.22
    97136.127613 11.743457  0.000872 62.950163    101.67    109.20      1.27
    97145.440014 11.743330  0.000790 59.217799    103.25     54.03      5.38
    97154.752414 11.743892  0.000874 63.700093    100.76     -2.81      2.17
    97164.064815 11.743685  0.000818 59.061704     98.39    -75.16      2.15
    97173.377215 11.744547  0.000885 63.156513     99.92   -162.70      3.98
    97182.689616 11.744507  0.000896 60.357662     94.09    108.66     -0.59
    97192.002016 11.744863  0.000893 61.369227     98.05      0.05     -2.96
    97201.314417 11.744157  0.000760 62.398973     91.38   -121.31      2.74
    97210.626817 11.744918  0.000879 59.491861     94.45    106.33      1.49
    97219.939217 11.745084  0.000841 63.694315     90.22    -27.64     -5.30
    97229.251618 11.745558  0.000894 58.918517     89.60    170.71      2.25
    97238.564018 11.745430  0.000877 63.463600     89.54      8.02     -1.81
    97247.876419 11.746264  0.000927 59.841305     84.97   -170.86      1.87
    97257.188819 11.745673  0.000863 62.087903     88.11     -2.35      1.98
    97266.501220 11.745808  0.000842 61.488463     81.59    164.74     -2.91
    97275.813620 11.746146  0.000842 60.371726     85.28    -47.85     -5.11
    97285.126021 11.746332  0.000887 63.069924     79.72     86.65     -0.90
    97294.438421 11.746915  0.000905 59.092445     80.99   -152.93      1.54
    97303.750821 11.746986  0.000901 63.776101     78.92    -35.42     -2.11
    97313.063222 11.746952  0.000895 59.108529     76.03     65.11     -0.54
    97322.375622 11.747184  0.000866 62.962694     78.07    156.93     -4.56
    97331.688023 11.746746  0.000803 60.692563     71.89   -126.75      0.45
    97341.000423 11.746975  0.000813 60.980258     75.95    -64.47      1.16
    97350.312824 11.748117  0.000924 62.719165     69.51     -4.39     -0.70
    97359.625224 11.747380  0.000833 59.284412     72.03     36.83     -0.75
    97368.937625 11.747740  0.000843 63.709467     68.53     65.27      3.58
    97378.250025 11.747340  0.000744 59.043630     67.11     91.49     -2.02
    97387.562425 11.748256  0.000892 63.230089     67.80     96.15      0.54
    97396.874826 11.747660  0.000739 60.129837     62.65     94.59      1.22
    97406.187226 11.748091  0.000791 61.759215     66.15     80.17     -1.49
    97415.499627 11.748867  0.000897 61.849818     59.57     55.26     -0.02
    97424.812027 11.749477  0.000914 60.003913     62.97     12.27      2.44
    97434.124428 11.749324  0.000907 63.399552     58.04    -32.59      0.25
    97443.436828 11.749043  0.000834 58.904596     58.35    -97.41      2.73
    97452.749228 11.749895  0.000908 63.746126     57.42   -170.47      3.29
    97462.061629 11.749709  0.000894 59.427258     53.40    110.51     -0.27
    97471.374029 11.750212  0.000914 62.438394     56.35     12.23     -0.57
    97480.686430 11.749377  0.000765 61.348700     49.73    -90.02     -2.18
    97489.998830 11.749889  0.000845 60.345273     53.67    144.76      0.72
    97499.311231 11.750811  0.000918 63.166552     47.89     16.13      1.40
    97508.623631 11.749975  0.000794 59.051072     49.28   -126.08      0.22
    97517.936032 11.750609  0.000873 63.675740     47.14     78.74      1.86
    97527.248432 11.750009  0.000721 59.294160     44.34    -81.99     -1.61
    97536.560832 11.751030  0.000886 62.801242     46.24     99.07     -1.29
    97545.873233 11.750817  0.000810 60.684876     40.26    -91.21      3.00
    97555.185633 11.750648  0.000745 61.122594     44.10     66.92      2.14
    97564.498034 11.751342  0.000859 62.502700     37.77   -138.74     -0.92
    97573.810434 11.752159  0.000905 59.433954     40.31     -2.31     -2.97
    97583.122835 11.751867  0.000857 63.743016     36.75    125.43     -3.72
    97592.435235 11.752159  0.000891 58.884277     35.32   -124.27     -0.52
    97601.747636 11.752558  0.000887 63.394796     36.16    -19.57     -4.28
    97611.060036 11.751975  0.000806 60.146556     30.69     70.75     -1.34
    97620.372436 11.752213  0.000816 61.540515     34.53    146.81     -1.85
    97629.684837 11.752746  0.000846 62.253945     27.83   -149.77      5.60
    97638.997237 11.752943  0.000886 59.599689     31.01    -89.64     -1.28
    97648.309638 11.752686  0.000803 63.585183     26.64    -42.12     -2.95
    97657.622038 11.753772  0.000915 58.975951     26.15    -13.16      0.73
    97666.934439 11.753214  0.000856 63.410707     26.01      8.59     -0.69
    97676.246839 11.754136  0.000919 59.850871     21.44     18.18      1.19
    97685.559240 11.753659  0.000849 62.030317     24.64     12.20      2.91
    97694.871640 11.753806  0.000859 61.588938     18.08      6.26     -1.86
    97704.184040 11.754530  0.000896 60.197962     21.67    -19.40     -4.02
    97713.496441 11.754427  0.000893 63.272904     16.43    -56.72     -0.77
    97722.808841 11.754354  0.000847 58.945261     17.12   -110.83      3.67
    97732.121242 11.755076  0.000901 63.779660     15.83   -169.89      3.37
    97741.433642 11.754833  0.000885 59.354942     12.06    122.80      0.87
    97750.746043 11.755295  0.000890 62.518320     14.88     34.79      3.42
    97760.058443 11.755232  0.000862 61.313556      8.28    -48.10     -4.52
    97769.370844 11.755201  0.000860 60.353315     12.23   -160.39     -1.52
    97778.683244 11.754763  0.000735 63.204334      6.47     80.86      2.46
    97787.995644 11.755962  0.000905 59.019201      7.75    -45.70     -1.18
    97797.308045 11.755754  0.000859 63.681164      5.81    174.68     -2.01
    97806.620445 11.756413  0.000888 59.355424      2.76     17.91      4.00
    97815.932846 11.755899  0.000839 62.660425      4.91   -143.32     -0.31
    97825.245246 11.756648  0.000900 60.889241     -1.25     41.95      1.86
    97834.557647 11.756328  0.000823 60.862810      2.61   -150.23      4.68
    97843.870047 11.756463  0.000852 62.720016     -3.50     19.60     -0.63
    97853.182448 11.757220  0.000886 59.270191     -1.46    170.84     -3.71
    97862.494848 11.757178  0.000877 63.753755     -4.32    -50.19     -2.61
    97871.807248 11.757328  0.000889 59.006485     -6.53     73.65      1.00
    97881.119649 11.758021  0.000922 63.122915     -4.97   -172.43      1.18
    97890.432049 11.757669  0.000881 60.539389    -10.94    -62.39     -1.70
    97899.744450 11.758051  0.000905 61.081682     -6.91     25.50     -0.51
    97909.056850 11.757350  0.000756 62.715504    -13.39    113.97     -4.51
    97918.369251 11.757878  0.000845 59.232994    -10.92    175.74      1.07
    97927.681651 11.758262  0.000854 63.767228    -14.20   -128.52      4.34
    97936.994051 11.757987  0.000785 59.069567    -16.02    -72.26     -4.64
    97946.306452 11.758402  0.000854 63.068098    -14.85    -44.38      0.83
    97955.618852 11.759080  0.000882 60.450477    -20.43    -13.59     -3.94
    97964.931253 11.759111  0.000891 61.311376    -16.71    -10.32      2.11
    97974.243653 11.758945  0.000853 62.310321    -23.14     -3.20     -1.82
    97983.556054 11.759839  0.000908 59.592945    -20.37    -15.70     -2.57
    97992.868454 11.759616  0.000901 63.586946    -24.21    -39.71      0.54
    98002.180855 11.759128  0.000788 58.950493    -25.35    -75.12      1.49
    98011.493255 11.759255  0.000765 63.388089    -24.75   -123.28      3.34
    98020.805655 11.759705  0.000839 60.057540    -30.06   -174.93      0.20
    98030.118056 11.759503  0.000747 61.605132    -26.30    115.30     -1.80
    98039.430456 11.760039  0.000810 62.258204    -32.99     33.25      3.71
    98048.742857 11.760272  0.000839 59.506301    -29.85    -59.16      1.60
    98058.055257 11.761205  0.000910 63.741628    -34.02   -161.56      2.68
    98067.367658 11.760601  0.000831 58.890503    -34.96     89.30     -2.68
    98076.680058 11.760626  0.000810 63.353559    -34.49    -39.24     -1.63
    98085.992459 11.761837  0.000922 60.165851    -39.67   -177.30      1.42
    98095.304859 11.761078  0.000838 61.562193    -36.07     32.57     -0.40
    98104.617259 11.761645  0.000870 62.128397    -42.61   -129.23      3.63
    98113.929660 11.761032  0.000752 59.749356    -39.54     57.44      2.68
    98123.242060 11.761859  0.000880 63.470822    -43.83   -120.95     -0.87
    98132.554461 11.762245  0.000865 59.013489    -44.42     38.34      4.28
    98141.866861 11.762191  0.000855 63.426187    -44.37   -167.66      3.30
    98151.179262 11.762074  0.000830 59.883903    -49.25    -19.73     -0.84
    98160.491662 11.761940  0.000745 61.858971    -45.74    110.98     -3.81
    98169.804063 11.762369  0.000818 61.967134    -52.42   -130.23     -0.26
    98179.116463 11.762694  0.000828 59.717394    -49.07    -22.90     -3.20
    98188.428863 11.762376  0.000738 63.667842    -53.60     70.22      1.94
    98197.741264 11.763123  0.000855 58.806236    -54.10    154.68      1.52
    98207.053664 11.763600  0.000871 63.512559    -54.00   -135.64      3.87
    98216.366065 11.763401  0.000820 59.997210    -59.00    -63.44     -4.16
    98225.678465 11.763478  0.000835 61.666122    -55.39    -20.18     -0.53
    98234.990866 11.764485  0.000916 62.124640    -62.04     18.71      2.38
    98244.303266 11.763659  0.000797 59.702928    -58.86     45.10      0.79
    98253.615667 11.764376  0.000883 63.508363    -63.21     61.43      1.58
    98262.928067 11.763773  0.000737 59.039222    -63.81     62.59      4.47
    98272.240467 11.764418  0.000846 63.352156    -63.75     60.34     -1.22
    98281.552868 11.765139  0.000897 59.974030    -68.59     40.41      1.76
    98290.865268 11.765316  0.000895 61.809096    -65.16      6.11      3.41
    98300.177669 11.765017  0.000861 61.943143    -71.76    -30.27      1.13
    98309.490069 11.764617  0.000736 59.789158    -68.48    -86.57      1.41
    98318.802470 11.765241  0.000820 63.601055    -72.94   -151.08      3.56
    98328.114870 11.765367  0.000829 58.829231    -73.52    134.59      1.11
    98337.427271 11.765754  0.000823 63.528237    -73.33     42.02      5.37
    98346.739671 11.766211  0.000898 59.976063    -78.44    -48.39     -0.73
    98356.052071 11.766422  0.000896 61.624036    -74.73   -161.47     -1.45
    98365.364472 11.765626  0.000729 62.255889    -81.42     77.37      1.27
    98374.676872 11.766628  0.000890 59.515445    -78.30    -58.33      0.97
    98383.989273 11.766743  0.000855 63.663360    -82.42    163.37     -4.10
    98393.301673 11.767271  0.000894 58.993418    -83.44      0.48      2.75
    98402.614074 11.766920  0.000864 63.235418    -82.88   -164.52     -1.29
    98411.926474 11.767828  0.000924 60.242741    -88.12     15.90      1.42
    98421.238874 11.767418  0.000869 61.485999    -84.52   -178.60      2.70
    98430.551275 11.767330  0.000839 62.210804    -90.98    -13.60     -1.67
    98439.863675 11.767571  0.000808 59.637598    -88.13    134.90     -5.96
    98449.176076 11.767766  0.000855 63.590076    -92.03    -92.60     -1.73
    98458.488476 11.768462  0.000904 58.963628    -93.20     28.90     -0.04
    98467.800877 11.768502  0.000878 63.325008    -92.47    144.23     -4.05
    98477.113277 11.768384  0.000869 60.204134    -97.97   -115.29     -1.43
    98486.425678 11.768545  0.000834 61.386717    -94.10    -26.00     -4.74
    98495.738078 11.768262  0.000783 62.500391   -100.67     47.61      2.95
    98505.050478 11.768808  0.000855 59.283544    -97.98    112.37      1.90
    98514.362879 11.769640  0.000913 63.826241   -101.43    172.86     -2.29
    98523.675279 11.768926  0.000809 58.976699   -103.27   -146.67      1.35
    98532.987680 11.769549  0.000880 63.041802   -101.88   -117.30      2.11
    98542.300080 11.768855  0.000722 60.658397   -107.76    -91.46     -0.12
    98551.612481 11.769894  0.000891 60.950765   -103.86    -84.70     -0.73
    98560.924881 11.769474  0.000784 62.707754   -110.11    -87.19      2.19
    98570.237282 11.769424  0.000742 59.304128   -108.01    -99.65     -0.62
    98579.549682 11.770319  0.000885 63.625573   -110.82   -123.74     -0.87
    98588.862082 11.771101  0.000919 59.215286   -113.17   -161.84      1.30
    98598.174483 11.770977  0.000907 62.869757   -111.47    150.68     -0.56
    98607.486883 11.770794  0.000866 60.745894   -117.49     91.64      1.59
    98616.799284 11.771461  0.000902 60.877974   -113.60     15.86      3.66
    98626.111684 11.771325  0.000890 62.874357   -119.70    -58.28     -1.35
    98635.424085 11.771662  0.000902 59.078420   -117.92   -154.82     -0.61
    98644.736485 11.770863  0.000748 63.834665   -120.20    103.96     -3.49
    98654.048886 11.771528  0.000851 59.179446   -123.28    -16.56      1.63
    98663.361286 11.772208  0.000897 62.656024   -120.83   -148.02      2.77
    98672.673686 11.771422  0.000759 61.231375   -127.32     79.92     -0.99
    98681.986087 11.772185  0.000872 60.303826   -123.40    -76.70      1.55
    98691.298487 11.771930  0.000777 63.292054   -129.02    130.04     -4.72
    98700.610888 11.772796  0.000897 58.936935   -128.15    -48.08     -1.08
    98709.923288 11.772312  0.000814 63.611334   -129.41    125.22      0.34
    98719.235689 11.772254  0.000745 59.643985   -133.32    -64.76     -4.20
    98728.548089 11.773037  0.000871 62.137027   -130.39     82.19     -1.31
    98737.860490 11.773522  0.000896 61.594083   -136.90   -137.51      2.03
    98747.172890 11.773951  0.000914 60.115223   -133.39     -9.21      0.70
    98756.485290 11.773602  0.000883 63.311148   -138.36    110.92      0.68
    98765.797691 11.774099  0.000887 58.999613   -138.24   -146.29      3.60
    98775.110091 11.774112  0.000883 63.543404   -138.76    -44.86     -2.64
    98784.422492 11.774191  0.000883 59.760234   -143.33     39.14     -1.13
    98793.734892 11.773567  0.000732 61.923454   -139.91    111.39     -3.63
    98803.047293 11.774523  0.000882 62.000804   -146.61    170.14      2.11
    98812.359693 11.774851  0.000898 59.636445   -143.31   -141.76      0.57
    98821.672094 11.773974  0.000722 63.729554   -147.60   -101.70      0.88
    98830.984494 11.775044  0.000890 58.839493   -148.59    -73.71     -0.38
    98840.296894 11.774540  0.000767 63.323204   -147.88    -58.24     -1.78
    98849.609295 11.775337  0.000855 60.348263   -153.40    -48.56     -4.45
    98858.921695 11.775394  0.000868 61.181304   -149.55    -65.01      1.41
    98868.234096 11.774916  0.000735 62.608454   -155.99    -79.30      0.03
    98877.546496 11.775326  0.000793 59.296401   -153.58   -109.74     -1.44
    98886.858897 11.776122  0.000894 63.655641   -156.67   -150.81     -1.07
    98896.171297 11.776533  0.000889 59.206450   -158.86    160.13     -4.07
    98905.483697 11.776292  0.000870 62.821242   -157.21     91.72     -1.46
    98914.796098 11.776808  0.000905 60.805401   -163.19     18.27     -1.13
    98924.108498 11.776216  0.000774 60.822935   -159.40    -68.02     -4.47
    98933.420899 11.776573  0.000844 62.863695   -165.35   -168.04     -0.10
    98942.733299 11.776430  0.000760 59.132821   -163.77     75.98      4.28
    98952.045700 11.777474  0.000893 63.752755   -165.83    -37.48     -2.47
    98961.358100 11.777187  0.000849 59.279974   -169.14   -170.00     -1.45
    98970.670501 11.777563  0.000843 62.532949   -166.49     36.67      5.75
    98979.982901 11.777266  0.000801 61.395053   -173.08   -108.13     -1.25
    98989.295301 11.777776  0.000851 60.113179   -169.26     78.09      2.53
    98998.607702 11.777222  0.000719 63.486583   -174.52    -94.67     -0.01
    99007.920102 11.778092  0.000861 58.821875   -174.29     77.18     -1.99
    99017.232503 11.778481  0.000870 63.569869   -174.75   -129.65      3.41
    99026.544903 11.778622  0.000854 59.911035   -179.44     19.53      4.61
    99035.857304 11.778436  0.000841 61.676045   -175.96    157.23      0.49
    99045.169704 11.778192  0.000739 62.158414    177.45    -73.46     -0.54
    99054.482105 11.778645  0.000801 59.604476   -179.54     35.22      2.47
    99063.794505 11.778909  0.000829 63.561669    176.50    141.62     -0.13
    99073.106905 11.779173  0.000803 59.082710    175.25   -133.15      5.95
    99082.419306 11.779701  0.000894 63.108013    176.11    -48.21     -0.22
    99091.731706 11.780049  0.000904 60.430347    170.57     23.05     -0.84
    99101.044107 11.779133  0.000722 61.182970    174.32     75.65      0.99
    99110.356507 11.780158  0.000886 62.611553    168.05    124.79      0.53
    99119.668908 11.780342  0.000850 59.244212    170.20    162.07     -4.61
    99128.981308 11.780818  0.000905 63.792345    167.50    179.33      2.43
    99138.293709 11.780436  0.000849 59.124814    164.75   -164.52     -1.35
    99147.606109 11.781349  0.000914 62.740348    167.02   -168.97      1.34
    99156.918509 11.780982  0.000870 61.181568    160.56   -178.31      3.05
    99166.230910 11.780853  0.000830 60.280769    164.48    161.09     -2.14
    99175.543310 11.781083  0.000806 63.386558    158.95    133.54     -5.52
    99184.855711 11.781359  0.000862 58.847069    159.54     84.07     -2.06
    99194.168111 11.781991  0.000906 63.604239    158.74     24.98      0.09
    99203.480512 11.782004  0.000873 59.829514    154.29    -36.28     -4.07
    99212.792912 11.781986  0.000882 61.771129    157.65   -121.33     -0.97
    99222.105313 11.782045  0.000836 62.071528    151.06    155.18     -4.85
    99231.417713 11.781809  0.000786 59.662867    154.14     44.13      2.28
    99240.730113 11.782269  0.000848 63.539593    150.10    -66.57      1.30
    99250.042514 11.783242  0.000915 59.075817    148.91    172.90     -2.48
    99259.354914 11.782507  0.000825 63.120868    149.74     32.39      1.34
    99268.667315 11.783061  0.000870 60.440881    144.19   -113.48      2.37
    99277.979715 11.782357  0.000716 61.141607    147.96     89.02     -1.20
    99287.292116 11.783400  0.000887 62.672767    141.71    -78.00     -0.90
    99296.604516 11.782853  0.000751 59.189752    143.74     95.87      1.99
    99305.916917 11.782992  0.000751 63.796509    141.26    -91.49     -1.85
    99315.229317 11.783905  0.000881 59.190944    138.24     64.82     -0.96
    99324.541717 11.784437  0.000894 62.599702    140.74   -156.56      3.14
    99333.854118 11.784494  0.000900 61.369889    134.19    -17.59      1.32
    99343.166518 11.784173  0.000841 60.089690    138.00    100.74      1.97
    99352.478919 11.784622  0.000849 63.505689    132.79   -148.76      5.06
    99361.791319 11.784878  0.000893 58.831178    132.89    -45.31      0.71
    99371.103720 11.785137  0.000895 63.487193    132.63     41.37      1.54
    99380.416120 11.784830  0.000809 60.065164    127.73    127.65     -5.10
    99389.728520 11.784916  0.000839 61.473851    131.32   -174.51     -0.15
    99399.040921 11.785264  0.000832 62.357156    124.82   -122.03      4.78
    99408.353321 11.785301  0.000814 59.447370    127.48    -72.10     -3.90
    99417.665722 11.785457  0.000841 63.611202    124.10    -43.67      0.52
    99426.978122 11.786208  0.000875 59.181130    122.12    -17.52     -4.55
    99436.290523 11.786188  0.000887 62.849413    123.67    -15.78      1.57
    99445.602923 11.786023  0.000839 60.840516    117.68    -11.36     -2.44
    99454.915324 11.786809  0.000888 60.705103    121.48    -25.76     -4.15
    99464.227724 11.786704  0.000894 63.025482    115.68    -51.83      0.04
    99473.540124 11.786226  0.000777 59.007213    116.83    -92.27      2.79
    99482.852525 11.786569  0.000797 63.719884    115.44   -141.11      4.86
    99492.164925 11.786820  0.000837 59.530686    111.38    165.95      0.78
    99501.477326 11.786533  0.000731 62.077579    114.60     93.03      1.06
    99510.789726 11.787385  0.000848 61.950708    107.90     12.76      3.75
    99520.102127 11.787475  0.000853 59.591139    111.22    -81.16      2.17
    99529.414527 11.788377  0.000916 63.753969    107.03    179.61     -0.45
    99538.726928 11.787598  0.000819 58.900501    105.76     66.22     -1.85
    99548.039328 11.787601  0.000789 63.110175    106.85    -64.09      0.41
    99557.351728 11.788771  0.000903 60.686741    101.01    163.67     -1.92
    99566.664129 11.788144  0.000836 60.775801    104.91      9.92     -0.19
    99575.976529 11.789001  0.000906 62.950113     98.87   -149.84      2.01
    99585.288930 11.788432  0.000797 59.104063    100.34     35.45      4.04
    99594.601330 11.788967  0.000879 63.595739     98.55   -142.11     -1.04
    99603.913731 11.789686  0.000908 59.572092     94.96     21.56      2.65
    99613.226131 11.789380  0.000873 62.178840     97.74    174.49      2.33
    99622.538532 11.789100  0.000818 61.650478     91.28    -36.17     -0.87
    99631.850932 11.788792  0.000709 59.959218     94.65     94.11     -1.56
    99641.163332 11.789476  0.000826 63.485660     90.09   -144.86      0.37
    99650.475733 11.789635  0.000804 58.943366     89.41    -32.38     -3.18
    99659.788133 11.789508  0.000747 63.322443     89.94     59.20      2.87
    99669.100534 11.790159  0.000855 60.314645     84.41    150.13      1.41
    99678.412934 11.790633  0.000860 61.120211     88.30   -140.15      4.19
    99687.725335 11.790549  0.000836 62.826414     82.00    -64.36     -3.75
    99697.037735 11.790548  0.000827 59.005859     83.88    -16.27     -0.79
    99706.350136 11.791409  0.000894 63.834775     81.74     21.92      3.60
    99715.662536 11.790772  0.000804 59.356837     78.29     58.76     -0.98
    99724.974936 11.791300  0.000856 62.252309     81.14     71.62      2.76
    99734.287337 11.790737  0.000721 61.762106     74.52     85.72      0.27
    99743.599737 11.791687  0.000877 59.775048     78.01     81.23     -1.17
    99752.912138 11.791676  0.000828 63.584284     73.47     63.34      4.05
    99762.224538 11.791687  0.000795 58.996476     72.64     37.39      4.54
    99771.536939 11.791979  0.000849 63.139260     73.30      4.67     -0.97
    99780.849339 11.792058  0.000794 60.520601     67.79    -36.38     -5.57
    99790.161740 11.792080  0.000791 61.011797     71.51   -102.19     -1.81
    99799.474140 11.792633  0.000862 62.741548     65.43   -170.39     -1.74
    99808.786540 11.792100  0.000722 59.209303     67.13    108.07     -3.69
    99818.098941 11.792864  0.000848 63.636601     65.05      9.99      1.92
    99827.411341 11.792918  0.000815 59.434723     61.66    -94.26      2.70
    99836.723742 11.793805  0.000902 62.299897     64.40    153.71     -2.97
    99846.036142 11.793259  0.000837 61.624449     57.85     27.15     -0.26
    99855.348543 11.793473  0.000808 59.868449     61.32   -118.83      4.52
    99864.660943 11.793492  0.000795 63.625147     56.80    102.27     -3.64
    99873.973343 11.793899  0.000853 58.844996     55.89    -64.35      1.87
    99883.285744 11.793764  0.000769 63.271604     56.73    129.35     -4.93
    99892.598144 11.794552  0.000882 60.536925     50.95    -54.03     -1.72
    99901.910545 11.794217  0.000812 60.813601     54.92    104.59      1.78
    99911.222945 11.793936  0.000716 63.077068     48.81    -97.01      0.88
    99920.535346 11.794618  0.000830 58.922305     50.21     46.80     -1.28
    99929.847746 11.795361  0.000893 63.699766     48.69   -179.98     -2.70
    99939.160147 11.795037  0.000811 59.683156     44.67    -54.54     -5.43
    99948.472547 11.795392  0.000875 61.878108     47.85     47.77     -1.13
    99957.784947 11.795513  0.000833 62.064094     41.30    153.23     -5.35
    99967.097348 11.795181  0.000769 59.612064     44.31   -128.78      1.45
    99976.409748 11.795645  0.000834 63.580772     40.48    -50.89      0.53
    99985.722149 11.796714  0.000911 59.137928     38.87     12.21      2.31
    99995.034549 11.795954  0.000825 62.883505     40.22     67.71     -1.23
   100000.000049 11.796061  0.000833 59.488665     39.41     53.53     -1.32
